cod_ibge,municipio,uf,nome_uf,regiao,lat,lon,capital,populacao,obrigado_decreto,faixa_pop
5200050,Abadia de Goiás,GO,Goiás,Centro-Oeste,-16.7573,-49.4412,0,808,False,até 20 mil
3100104,Abadia dos Dourados,MG,Minas Gerais,Sudeste,-18.4831,-47.3916,0,14221,False,até 20 mil
5200100,Abadiânia,GO,Goiás,Centro-Oeste,-16.197,-48.7057,0,1943,False,até 20 mil
3100203,Abaeté,MG,Minas Gerais,Sudeste,-19.1551,-45.4444,0,79127,False,20–80 mil
1500107,Abaetetuba,PA,Pará,Norte,-1.72183,-48.8788,0,3945,False,até 20 mil
2300101,Abaiara,CE,Ceará,Nordeste,-7.34588,-39.0416,0,35191,False,20–80 mil
2900108,Abaíra,BA,Bahia,Nordeste,-13.2488,-41.6619,0,5394,False,até 20 mil
2900207,Abaré,BA,Bahia,Nordeste,-8.72073,-39.1162,0,3569,False,até 20 mil
4100103,Abatiá,PR,Paraná,Sul,-23.3049,-50.3133,0,11721,False,até 20 mil
4200051,Abdon Batista,SC,Santa Catarina,Sul,-27.6126,-51.0233,0,2207,False,até 20 mil
1500131,Abel Figueiredo,PA,Pará,Norte,-4.95333,-48.3933,0,65187,False,20–80 mil
4200101,Abelardo Luz,SC,Santa Catarina,Sul,-26.5716,-52.3229,0,3562,False,até 20 mil
3100302,Abre Campo,MG,Minas Gerais,Sudeste,-20.2996,-42.4743,0,16112,False,até 20 mil
2600054,Abreu e Lima,PE,Pernambuco,Nordeste,-7.90072,-34.8984,0,9240,False,até 20 mil
1700251,Abreulândia,TO,Tocantins,Norte,-9.62101,-49.1518,0,800,False,até 20 mil
3100401,Acaiaca,MG,Minas Gerais,Sudeste,-20.359,-43.1439,0,6379,False,até 20 mil
2100055,Açailândia,MA,Maranhão,Nordeste,-4.94714,-47.5004,0,48381,False,20–80 mil
2900306,Acajutiba,BA,Bahia,Nordeste,-11.6575,-38.0197,0,5191,False,até 20 mil
1500206,Acará,PA,Pará,Norte,-1.95383,-48.1985,0,6867,False,até 20 mil
2300150,Acarape,CE,Ceará,Nordeste,-4.22083,-38.7055,0,11655,False,até 20 mil
2300200,Acaraú,CE,Ceará,Nordeste,-2.88769,-40.1183,0,13326,False,até 20 mil
2400109,Acari,RN,Rio Grande do Norte,Nordeste,-6.4282,-36.6347,0,3965,False,até 20 mil
2200053,Acauã,PI,Piauí,Nordeste,-8.21954,-41.0831,0,3667,False,até 20 mil
4300034,Aceguá,RS,Rio Grande do Sul,Sul,-31.8665,-54.1615,0,8643,False,até 20 mil
2300309,Acopiara,CE,Ceará,Nordeste,-6.08911,-39.448,0,93828,True,80–500 mil
5100102,Acorizal,MT,Mato Grosso,Centro-Oeste,-15.194,-56.3632,0,120812,True,80–500 mil
1200013,Acrelândia,AC,Acre,Norte,-9.82581,-66.8972,0,34144,False,20–80 mil
5200134,Acreúna,GO,Goiás,Centro-Oeste,-17.396,-50.3749,0,5066,False,até 20 mil
2400208,Açu,RN,Rio Grande do Norte,Nordeste,-5.58362,-36.914,0,16634,False,até 20 mil
3100500,Açucena,MG,Minas Gerais,Sudeste,-19.0671,-42.5419,0,5523,False,até 20 mil
3500105,Adamantina,SP,São Paulo,Sudeste,-21.682,-51.0737,0,32895,False,20–80 mil
5200159,Adelândia,GO,Goiás,Centro-Oeste,-16.4127,-50.1657,0,6857,False,até 20 mil
3500204,Adolfo,SP,São Paulo,Sudeste,-21.2325,-49.6451,0,19967,False,até 20 mil
4100202,Adrianópolis,PR,Paraná,Sul,-24.6606,-48.9922,0,10469,False,até 20 mil
2900355,Adustina,BA,Bahia,Nordeste,-10.5437,-38.1113,0,9444,False,até 20 mil
2600104,Afogados da Ingazeira,PE,Pernambuco,Nordeste,-7.74312,-37.631,0,14097,False,até 20 mil
2400307,Afonso Bezerra,RN,Rio Grande do Norte,Nordeste,-5.49229,-36.5075,0,7254,False,até 20 mil
3200102,Afonso Cláudio,ES,Espírito Santo,Sudeste,-20.0778,-41.1261,0,33558,False,20–80 mil
2100105,Afonso Cunha,MA,Maranhão,Nordeste,-4.13631,-43.3275,0,12550,False,até 20 mil
2600203,Afrânio,PE,Pernambuco,Nordeste,-8.51136,-41.0095,0,54505,False,20–80 mil
1500305,Afuá,PA,Pará,Norte,-0.154874,-50.3861,0,23562,False,20–80 mil
2600302,Agrestina,PE,Pernambuco,Nordeste,-8.45966,-35.9447,0,49068,False,20–80 mil
2200103,Agricolândia,PI,Piauí,Nordeste,-5.79676,-42.6664,0,7559,False,até 20 mil
4200200,Agrolândia,SC,Santa Catarina,Sul,-27.4087,-49.822,0,14813,False,até 20 mil
4200309,Agronômica,SC,Santa Catarina,Sul,-27.2662,-49.708,0,956,False,até 20 mil
1500347,Água Azul do Norte,PA,Pará,Norte,-6.79053,-50.4791,0,16120,False,até 20 mil
3100609,Água Boa,MG,Minas Gerais,Sudeste,-17.9914,-42.3806,0,6144,False,até 20 mil
5100201,Água Boa,MT,Mato Grosso,Centro-Oeste,-14.051,-52.1601,0,28708,False,20–80 mil
2200202,Água Branca,PI,Piauí,Nordeste,-5.88856,-42.637,0,34320,False,20–80 mil
2500106,Água Branca,PB,Paraíba,Nordeste,-7.51144,-37.6357,0,11894,False,até 20 mil
2700102,Água Branca,AL,Alagoas,Nordeste,-9.262,-37.938,0,16295,False,até 20 mil
5000203,Água Clara,MS,Mato Grosso do Sul,Centro-Oeste,-20.4452,-52.879,0,25328,False,20–80 mil
3100708,Água Comprida,MG,Minas Gerais,Sudeste,-20.0576,-48.1069,0,7297,False,até 20 mil
4200408,Água Doce,SC,Santa Catarina,Sul,-26.9985,-51.5528,0,9857,False,até 20 mil
2100154,Água Doce do Maranhão,MA,Maranhão,Nordeste,-2.84048,-42.1189,0,12216,False,até 20 mil
3200169,Água Doce do Norte,ES,Espírito Santo,Sudeste,-18.5482,-40.9854,0,21158,False,20–80 mil
2900405,Água Fria,BA,Bahia,Nordeste,-11.8618,-38.7639,0,37352,False,20–80 mil
5200175,Água Fria de Goiás,GO,Goiás,Centro-Oeste,-14.9778,-47.7823,0,8082,False,até 20 mil
5200209,Água Limpa,GO,Goiás,Centro-Oeste,-18.0771,-48.7603,0,13214,False,até 20 mil
2400406,Água Nova,RN,Rio Grande do Norte,Nordeste,-6.20351,-38.2941,0,7694,False,até 20 mil
2600401,Água Preta,PE,Pernambuco,Nordeste,-8.70609,-35.5263,0,6369,False,até 20 mil
4300059,Água Santa,RS,Rio Grande do Sul,Sul,-28.1672,-52.031,0,5448,False,até 20 mil
3500303,Aguaí,SP,São Paulo,Sudeste,-22.0572,-46.9735,0,29971,False,20–80 mil
3100807,Aguanil,MG,Minas Gerais,Sudeste,-20.9439,-45.3915,0,6368,False,até 20 mil
2600500,Águas Belas,PE,Pernambuco,Nordeste,-9.11125,-37.1226,0,7319,False,até 20 mil
3500402,Águas da Prata,SP,São Paulo,Sudeste,-21.9319,-46.7176,0,29244,False,20–80 mil
4200507,Águas de Chapecó,SC,Santa Catarina,Sul,-27.0754,-52.9808,0,3343,False,até 20 mil
3500501,Águas de Lindóia,SP,São Paulo,Sudeste,-22.4733,-46.6314,0,37030,False,20–80 mil
3500550,Águas de Santa Bárbara,SP,São Paulo,Sudeste,-22.8812,-49.2421,0,2285,False,até 20 mil
3500600,Águas de São Pedro,SP,São Paulo,Sudeste,-22.5977,-47.8734,0,241866,True,80–500 mil
3100906,Águas Formosas,MG,Minas Gerais,Sudeste,-17.0802,-40.9384,0,26436,False,20–80 mil
4200556,Águas Frias,SC,Santa Catarina,Sul,-26.8794,-52.8568,0,11478,False,até 20 mil
5200258,Águas Lindas de Goiás,GO,Goiás,Centro-Oeste,-15.7617,-48.2816,0,8988,False,até 20 mil
4200606,Águas Mornas,SC,Santa Catarina,Sul,-27.6963,-48.8243,0,3138,False,até 20 mil
3101003,Águas Vermelhas,MG,Minas Gerais,Sudeste,-15.7431,-41.4571,0,1434,False,até 20 mil
4300109,Agudo,RS,Rio Grande do Sul,Sul,-29.6447,-53.2515,0,3030,False,até 20 mil
3500709,Agudos,SP,São Paulo,Sudeste,-22.4694,-48.9863,0,25982,False,20–80 mil
4100301,Agudos do Sul,PR,Paraná,Sul,-25.9899,-49.3343,0,24303,False,20–80 mil
3200136,Águia Branca,ES,Espírito Santo,Sudeste,-18.9846,-40.7437,0,13994,False,até 20 mil
2500205,Aguiar,PB,Paraíba,Nordeste,-7.0918,-38.1681,0,3187,False,até 20 mil
1700301,Aguiarnópolis,TO,Tocantins,Norte,-6.55409,-47.4702,0,23053,False,20–80 mil
3101102,Aimorés,MG,Minas Gerais,Sudeste,-19.5007,-41.0746,0,24903,False,20–80 mil
2900603,Aiquara,BA,Bahia,Nordeste,-14.1269,-39.8937,0,3170,False,até 20 mil
2300408,Aiuaba,CE,Ceará,Nordeste,-6.57122,-40.1178,0,6672,False,até 20 mil
3101201,Aiuruoca,MG,Minas Gerais,Sudeste,-21.9736,-44.6042,0,6354,False,até 20 mil
4300208,Ajuricaba,RS,Rio Grande do Sul,Sul,-28.2342,-53.7757,0,16501,False,até 20 mil
3101300,Alagoa,MG,Minas Gerais,Sudeste,-22.171,-44.6413,0,14606,False,até 20 mil
2500304,Alagoa Grande,PB,Paraíba,Nordeste,-7.03943,-35.6206,0,2709,False,até 20 mil
2500403,Alagoa Nova,PB,Paraíba,Nordeste,-7.05377,-35.7591,0,31487,False,20–80 mil
2500502,Alagoinha,PB,Paraíba,Nordeste,-6.94657,-35.5332,0,35383,False,20–80 mil
2600609,Alagoinha,PE,Pernambuco,Nordeste,-8.4665,-36.7788,0,21138,False,20–80 mil
2200251,Alagoinha do Piauí,PI,Piauí,Nordeste,-7.00039,-40.9282,0,7655,False,até 20 mil
2900702,Alagoinhas,BA,Bahia,Nordeste,-12.1335,-38.4208,0,14106,False,até 20 mil
3500758,Alambari,SP,São Paulo,Sudeste,-23.5503,-47.898,0,57864,False,20–80 mil
3101409,Albertina,MG,Minas Gerais,Sudeste,-22.2018,-46.6139,0,2793,False,até 20 mil
2100204,Alcântara,MA,Maranhão,Nordeste,-2.39574,-44.4062,0,10635,False,até 20 mil
2300507,Alcântaras,CE,Ceará,Nordeste,-3.58537,-40.5479,0,1475,False,até 20 mil
2500536,Alcantil,PB,Paraíba,Nordeste,-7.73668,-36.0511,0,2629,False,até 20 mil
5000252,Alcinópolis,MS,Mato Grosso do Sul,Centro-Oeste,-18.3255,-53.7042,0,30644,False,20–80 mil
2900801,Alcobaça,BA,Bahia,Nordeste,-17.5195,-39.2036,0,8007,False,até 20 mil
2100303,Aldeias Altas,MA,Maranhão,Nordeste,-4.62621,-43.4689,0,11775,False,até 20 mil
4300307,Alecrim,RS,Rio Grande do Sul,Sul,-27.6579,-54.7649,0,29691,False,20–80 mil
3200201,Alegre,ES,Espírito Santo,Sudeste,-20.758,-41.5382,0,34900,False,20–80 mil
4300406,Alegrete,RS,Rio Grande do Sul,Sul,-29.7902,-55.7949,0,7203,False,até 20 mil
2200277,Alegrete do Piauí,PI,Piauí,Nordeste,-7.24196,-40.8566,0,27473,False,20–80 mil
4300455,Alegria,RS,Rio Grande do Sul,Sul,-27.8345,-54.0557,0,32098,False,20–80 mil
3101508,Além Paraíba,MG,Minas Gerais,Sudeste,-21.8797,-42.7176,0,41608,False,20–80 mil
1500404,Alenquer,PA,Pará,Norte,-1.94623,-54.7384,0,7338,False,até 20 mil
2400505,Alexandria,RN,Rio Grande do Norte,Nordeste,-6.40533,-38.0142,0,18057,False,até 20 mil
5200308,Alexânia,GO,Goiás,Centro-Oeste,-16.0834,-48.5076,0,40168,False,20–80 mil
3101607,Alfenas,MG,Minas Gerais,Sudeste,-21.4256,-45.9477,0,37978,False,20–80 mil
3200300,Alfredo Chaves,ES,Espírito Santo,Sudeste,-20.6396,-40.7543,0,15180,False,até 20 mil
3500808,Alfredo Marcondes,SP,São Paulo,Sudeste,-21.9527,-51.414,0,6709,False,até 20 mil
3101631,Alfredo Vasconcelos,MG,Minas Gerais,Sudeste,-21.1535,-43.7718,0,27725,False,20–80 mil
4200705,Alfredo Wagner,SC,Santa Catarina,Sul,-27.7001,-49.3273,0,16374,False,até 20 mil
2500577,Algodão de Jandaíra,PB,Paraíba,Nordeste,-6.89292,-36.0129,0,22679,False,20–80 mil
2500601,Alhandra,PB,Paraíba,Nordeste,-7.42977,-34.9057,0,7106,False,até 20 mil
2600708,Aliança,PE,Pernambuco,Nordeste,-7.60398,-35.2227,0,125242,True,80–500 mil
1700350,Aliança do Tocantins,TO,Tocantins,Norte,-11.3056,-48.9361,0,11272,False,até 20 mil
2900900,Almadina,BA,Bahia,Nordeste,-14.7089,-39.6415,0,9511,False,até 20 mil
1700400,Almas,TO,Tocantins,Norte,-11.5706,-47.1792,0,15255,False,até 20 mil
1500503,Almeirim,PA,Pará,Norte,-1.52904,-52.5788,0,7139,False,até 20 mil
3101706,Almenara,MG,Minas Gerais,Sudeste,-16.1785,-40.6942,0,1823,False,até 20 mil
2400604,Almino Afonso,RN,Rio Grande do Norte,Nordeste,-6.1475,-37.7636,0,8010,False,até 20 mil
4100400,Almirante Tamandaré,PR,Paraná,Sul,-25.3188,-49.3037,0,3627,False,até 20 mil
4300471,Almirante Tamandaré do Sul,RS,Rio Grande do Sul,Sul,-28.1149,-52.9142,0,872,False,até 20 mil
5200506,Aloândia,GO,Goiás,Centro-Oeste,-17.7292,-49.4769,0,6021,False,até 20 mil
3101805,Alpercata,MG,Minas Gerais,Sudeste,-18.974,-41.97,0,24019,False,20–80 mil
4300505,Alpestre,RS,Rio Grande do Sul,Sul,-27.2502,-53.0341,0,7164,False,até 20 mil
3101904,Alpinópolis,MG,Minas Gerais,Sudeste,-20.8631,-46.3878,0,15061,False,até 20 mil
5100250,Alta Floresta,MT,Mato Grosso,Centro-Oeste,-9.86674,-56.0867,0,1734,False,até 20 mil
1100015,Alta Floresta D'Oeste,RO,Rondônia,Norte,-11.9283,-61.9953,0,8178,False,até 20 mil
3500907,Altair,SP,São Paulo,Sudeste,-20.5242,-49.0571,0,18198,False,até 20 mil
1500602,Altamira,PA,Pará,Norte,-3.20407,-52.21,0,28531,False,20–80 mil
2100402,Altamira do Maranhão,MA,Maranhão,Nordeste,-4.16598,-45.4706,0,77672,False,20–80 mil
4100459,Altamira do Paraná,PR,Paraná,Sul,-24.7983,-52.7128,0,34285,False,20–80 mil
2300606,Altaneira,CE,Ceará,Nordeste,-6.99837,-39.7356,0,123295,True,80–500 mil
3102001,Alterosa,MG,Minas Gerais,Sudeste,-21.2488,-46.1387,0,1650,False,até 20 mil
2600807,Altinho,PE,Pernambuco,Nordeste,-8.48482,-36.0644,0,2280,False,até 20 mil
3501004,Altinópolis,SP,São Paulo,Sudeste,-21.0214,-47.3712,0,14583,False,até 20 mil
3501103,Alto Alegre,SP,São Paulo,Sudeste,-21.5811,-50.168,0,153871,True,80–500 mil
1400050,Alto Alegre,RR,Roraima,Norte,2.98858,-61.3072,0,35428,False,20–80 mil
4300554,Alto Alegre,RS,Rio Grande do Sul,Sul,-28.7769,-52.9893,0,7286,False,até 20 mil
2100436,Alto Alegre do Maranhão,MA,Maranhão,Nordeste,-4.213,-44.446,0,914,False,até 20 mil
2100477,Alto Alegre do Pindaré,MA,Maranhão,Nordeste,-3.66689,-45.8421,0,1297,False,até 20 mil
1100379,Alto Alegre dos Parecis,RO,Rondônia,Norte,-12.132,-61.835,0,14751,False,até 20 mil
5100300,Alto Araguaia,MT,Mato Grosso,Centro-Oeste,-17.3153,-53.2181,0,16125,False,até 20 mil
4200754,Alto Bela Vista,SC,Santa Catarina,Sul,-27.4333,-51.9044,0,10489,False,até 20 mil
5100359,Alto Boa Vista,MT,Mato Grosso,Centro-Oeste,-11.6732,-51.3883,0,34629,False,20–80 mil
3102050,Alto Caparaó,MG,Minas Gerais,Sudeste,-20.431,-41.8738,0,9394,False,até 20 mil
2400703,Alto do Rodrigues,RN,Rio Grande do Norte,Nordeste,-5.28186,-36.75,0,6895,False,até 20 mil
4300570,Alto Feliz,RS,Rio Grande do Sul,Sul,-29.3919,-51.3123,0,3423,False,até 20 mil
5100409,Alto Garças,MT,Mato Grosso,Centro-Oeste,-16.9462,-53.5272,0,37041,False,20–80 mil
5200555,Alto Horizonte,GO,Goiás,Centro-Oeste,-14.1978,-49.3378,0,4905,False,até 20 mil
3153509,Alto Jequitibá,MG,Minas Gerais,Sudeste,-20.4208,-41.967,0,14408,False,até 20 mil
2200301,Alto Longá,PI,Piauí,Nordeste,-5.25634,-42.2096,0,12133,False,até 20 mil
5100508,Alto Paraguai,MT,Mato Grosso,Centro-Oeste,-14.5137,-56.4776,0,6171,False,até 20 mil
4128625,Alto Paraíso,PR,Paraná,Sul,-26.1146,-52.7469,0,18709,False,até 20 mil
1100403,Alto Paraíso,RO,Rondônia,Norte,-9.71429,-63.3188,0,6668,False,até 20 mil
5200605,Alto Paraíso de Goiás,GO,Goiás,Centro-Oeste,-14.1305,-47.51,0,21447,False,20–80 mil
4100608,Alto Paraná,PR,Paraná,Sul,-23.1312,-52.3189,0,2631,False,até 20 mil
2100501,Alto Parnaíba,MA,Maranhão,Nordeste,-9.10273,-45.9303,0,6452,False,até 20 mil
4100707,Alto Piquiri,PR,Paraná,Sul,-24.0224,-53.44,0,42315,False,20–80 mil
3102100,Alto Rio Doce,MG,Minas Gerais,Sudeste,-21.0281,-43.4067,0,17787,False,até 20 mil
3200359,Alto Rio Novo,ES,Espírito Santo,Sudeste,-19.0618,-41.0209,0,13243,False,até 20 mil
2300705,Alto Santo,CE,Ceará,Nordeste,-5.50894,-38.2743,0,346129,True,80–500 mil
5100607,Alto Taquari,MT,Mato Grosso,Centro-Oeste,-17.8241,-53.2792,0,35534,False,20–80 mil
4100509,Altônia,PR,Paraná,Sul,-23.8759,-53.8958,0,130784,True,80–500 mil
2200400,Altos,PI,Piauí,Nordeste,-5.03888,-42.4612,0,35919,False,20–80 mil
3501152,Alumínio,SP,São Paulo,Sudeste,-23.5306,-47.2546,0,16039,False,até 20 mil
1300029,Alvarães,AM,Amazonas,Norte,-3.22727,-64.8007,0,158165,True,80–500 mil
3102209,Alvarenga,MG,Minas Gerais,Sudeste,-19.4174,-41.7317,0,11726,False,até 20 mil
3501202,Álvares Florence,SP,São Paulo,Sudeste,-20.3203,-49.9141,0,70338,False,20–80 mil
3501301,Álvares Machado,SP,São Paulo,Sudeste,-22.0764,-51.4722,0,14939,False,até 20 mil
3501400,Álvaro de Carvalho,SP,São Paulo,Sudeste,-22.0841,-49.719,0,18570,False,até 20 mil
3501509,Alvinlândia,SP,São Paulo,Sudeste,-22.4435,-49.7623,0,23320,False,20–80 mil
3102308,Alvinópolis,MG,Minas Gerais,Sudeste,-20.1098,-43.0535,0,13292,False,até 20 mil
1700707,Alvorada,TO,Tocantins,Norte,-12.4785,-49.1249,0,10482,False,até 20 mil
4300604,Alvorada,RS,Rio Grande do Sul,Sul,-29.9914,-51.0809,0,104830,True,80–500 mil
1100346,Alvorada D'Oeste,RO,Rondônia,Norte,-11.3463,-62.2847,0,6196,False,até 20 mil
3102407,Alvorada de Minas,MG,Minas Gerais,Sudeste,-18.7334,-43.3638,0,48802,False,20–80 mil
2200459,Alvorada do Gurguéia,PI,Piauí,Nordeste,-8.42418,-43.777,0,5619,False,até 20 mil
5200803,Alvorada do Norte,GO,Goiás,Centro-Oeste,-14.4797,-46.491,0,2339,False,até 20 mil
4100806,Alvorada do Sul,PR,Paraná,Sul,-22.7813,-51.2297,0,33719,False,20–80 mil
1400027,Amajari,RR,Roraima,Norte,3.64571,-61.3692,0,35428,False,20–80 mil
5000609,Amambai,MS,Mato Grosso do Sul,Centro-Oeste,-23.1058,-55.2253,0,9707,False,até 20 mil
1600105,Amapá,AP,Amapá,Norte,2.05267,-50.7957,0,38761,False,20–80 mil
2100550,Amapá do Maranhão,MA,Maranhão,Nordeste,-1.67524,-46.0024,0,11915,False,até 20 mil
4100905,Amaporã,PR,Paraná,Sul,-23.0943,-52.7866,0,53824,False,20–80 mil
2600906,Amaraji,PE,Pernambuco,Nordeste,-8.37691,-35.4501,0,25474,False,20–80 mil
4300638,Amaral Ferrador,RS,Rio Grande do Sul,Sul,-30.8756,-52.2509,0,7080,False,até 20 mil
5200829,Amaralina,GO,Goiás,Centro-Oeste,-13.9236,-49.2962,0,19443,False,até 20 mil
2200509,Amarante,PI,Piauí,Nordeste,-6.24304,-42.8433,0,83127,True,80–500 mil
2100600,Amarante do Maranhão,MA,Maranhão,Nordeste,-5.56913,-46.7473,0,25052,False,20–80 mil
2901007,Amargosa,BA,Bahia,Nordeste,-13.0215,-39.602,0,41096,False,20–80 mil
1300060,Amaturá,AM,Amazonas,Norte,-3.37455,-68.2005,0,9662,False,até 20 mil
2901106,Amélia Rodrigues,BA,Bahia,Nordeste,-12.3914,-38.7563,0,24651,False,20–80 mil
2901155,América Dourada,BA,Bahia,Nordeste,-11.4429,-41.439,0,59384,False,20–80 mil
3501608,Americana,SP,São Paulo,Sudeste,-22.7374,-47.3331,0,125418,True,80–500 mil
5200852,Americano do Brasil,GO,Goiás,Centro-Oeste,-16.2514,-49.9831,0,14177,False,até 20 mil
3501707,Américo Brasiliense,SP,São Paulo,Sudeste,-21.7288,-48.1147,0,3821,False,até 20 mil
3501806,Américo de Campos,SP,São Paulo,Sudeste,-20.2985,-49.7359,0,7186,False,até 20 mil
4300646,Ametista do Sul,RS,Rio Grande do Sul,Sul,-27.3607,-53.183,0,4863,False,até 20 mil
2300754,Amontada,CE,Ceará,Nordeste,-3.36017,-39.8288,0,13420,False,até 20 mil
5200902,Amorinópolis,GO,Goiás,Centro-Oeste,-16.6151,-51.0919,0,10768,False,até 20 mil
2500734,Amparo,PB,Paraíba,Nordeste,-7.55502,-37.0628,0,11364,False,até 20 mil
3501905,Amparo,SP,São Paulo,Sudeste,-22.7088,-46.772,0,3587,False,até 20 mil
2800100,Amparo de São Francisco,SE,Sergipe,Nordeste,-10.1348,-36.935,0,8433,False,até 20 mil
3102506,Amparo do Serra,MG,Minas Gerais,Sudeste,-20.5051,-42.8009,0,37168,False,20–80 mil
4101002,Ampére,PR,Paraná,Sul,-25.9168,-53.4686,0,12304,False,até 20 mil
2700201,Anadia,AL,Alagoas,Nordeste,-9.68489,-36.3078,0,12058,False,até 20 mil
2901205,Anagé,BA,Bahia,Nordeste,-14.6151,-41.1356,0,11507,False,até 20 mil
4101051,Anahy,PR,Paraná,Sul,-24.6449,-53.1332,0,1801,False,até 20 mil
1500701,Anajás,PA,Pará,Norte,-0.996811,-49.9354,0,62930,False,20–80 mil
2100709,Anajatuba,MA,Maranhão,Nordeste,-3.26269,-44.6126,0,19732,False,até 20 mil
3502002,Analândia,SP,São Paulo,Sudeste,-22.1289,-47.6619,0,9237,False,até 20 mil
1300086,Anamã,AM,Amazonas,Norte,-3.56697,-61.3963,0,17675,False,até 20 mil
1701002,Ananás,TO,Tocantins,Norte,-6.36437,-48.0735,0,4752,False,até 20 mil
1500800,Ananindeua,PA,Pará,Norte,-1.36391,-48.3743,0,18251,False,até 20 mil
5201108,Anápolis,GO,Goiás,Centro-Oeste,-16.3281,-48.953,0,72669,False,20–80 mil
1500859,Anapu,PA,Pará,Norte,-3.46985,-51.2003,0,22738,False,20–80 mil
2100808,Anapurus,MA,Maranhão,Nordeste,-3.67577,-43.1014,0,7684,False,até 20 mil
5000708,Anastácio,MS,Mato Grosso do Sul,Centro-Oeste,-20.4823,-55.8104,0,37335,False,20–80 mil
5000807,Anaurilândia,MS,Mato Grosso do Sul,Centro-Oeste,-22.1852,-52.7191,0,45973,False,20–80 mil
4200804,Anchieta,SC,Santa Catarina,Sul,-26.5382,-53.3319,0,47915,False,20–80 mil
3200409,Anchieta,ES,Espírito Santo,Sudeste,-20.7955,-40.6425,0,37222,False,20–80 mil
2901304,Andaraí,BA,Bahia,Nordeste,-12.8049,-41.3297,0,6343,False,até 20 mil
4101101,Andirá,PR,Paraná,Sul,-23.0533,-50.2304,0,1473,False,até 20 mil
2901353,Andorinha,BA,Bahia,Nordeste,-10.3482,-39.8391,0,10662,False,até 20 mil
3102605,Andradas,MG,Minas Gerais,Sudeste,-22.0695,-46.5724,0,800,False,até 20 mil
3502101,Andradina,SP,São Paulo,Sudeste,-20.8948,-51.3786,0,12512,False,até 20 mil
4300661,André da Rocha,RS,Rio Grande do Sul,Sul,-28.6283,-51.5797,0,7835,False,até 20 mil
3102803,Andrelândia,MG,Minas Gerais,Sudeste,-21.7411,-44.3117,0,6805,False,até 20 mil
3502200,Angatuba,SP,São Paulo,Sudeste,-23.4917,-48.4139,0,5173,False,até 20 mil
3102852,Angelândia,MG,Minas Gerais,Sudeste,-17.7279,-42.2641,0,8050,False,até 20 mil
5000856,Angélica,MS,Mato Grosso do Sul,Centro-Oeste,-22.1527,-53.7708,0,64804,False,20–80 mil
2601003,Angelim,PE,Pernambuco,Nordeste,-8.88429,-36.2902,0,4128,False,até 20 mil
4200903,Angelina,SC,Santa Catarina,Sul,-27.5704,-48.9879,0,10344,False,até 20 mil
2901403,Angical,BA,Bahia,Nordeste,-12.0063,-44.7003,0,17808,False,até 20 mil
2200608,Angical do Piauí,PI,Piauí,Nordeste,-6.08786,-42.74,0,3516,False,até 20 mil
1701051,Angico,TO,Tocantins,Norte,-6.39179,-47.8611,0,1762,False,até 20 mil
2400802,Angicos,RN,Rio Grande do Norte,Nordeste,-5.65792,-36.6094,0,15711,False,até 20 mil
3300100,Angra dos Reis,RJ,Rio de Janeiro,Sudeste,-23.0011,-44.3196,0,154299,True,80–500 mil
2901502,Anguera,BA,Bahia,Nordeste,-12.1462,-39.2462,0,16562,False,até 20 mil
4101150,Ângulo,PR,Paraná,Sul,-23.1946,-51.9154,0,14830,False,até 20 mil
5201207,Anhanguera,GO,Goiás,Centro-Oeste,-18.3339,-48.2204,0,6388,False,até 20 mil
3502309,Anhembi,SP,São Paulo,Sudeste,-22.793,-48.1336,0,13624,False,até 20 mil
3502408,Anhumas,SP,São Paulo,Sudeste,-22.2934,-51.3895,0,3331,False,até 20 mil
5201306,Anicuns,GO,Goiás,Centro-Oeste,-16.4642,-49.9617,0,122136,True,80–500 mil
2200707,Anísio de Abreu,PI,Piauí,Nordeste,-9.18564,-43.0494,0,2581,False,até 20 mil
4201000,Anita Garibaldi,SC,Santa Catarina,Sul,-27.6897,-51.1271,0,4408,False,até 20 mil
4201109,Anitápolis,SC,Santa Catarina,Sul,-27.9012,-49.1316,0,7826,False,até 20 mil
1300102,Anori,AM,Amazonas,Norte,-3.74603,-61.6575,0,12893,False,até 20 mil
4300703,Anta Gorda,RS,Rio Grande do Sul,Sul,-28.9698,-52.0102,0,841,False,até 20 mil
2901601,Antas,BA,Bahia,Nordeste,-10.3856,-38.3401,0,4137,False,até 20 mil
4101200,Antonina,PR,Paraná,Sul,-25.4386,-48.7191,0,5841,False,até 20 mil
2300804,Antonina do Norte,CE,Ceará,Nordeste,-6.76919,-39.987,0,2489,False,até 20 mil
2200806,Antônio Almeida,PI,Piauí,Nordeste,-7.21276,-44.1889,0,1584,False,até 20 mil
2901700,Antônio Cardoso,BA,Bahia,Nordeste,-12.4335,-39.1176,0,15066,False,até 20 mil
4201208,Antônio Carlos,SC,Santa Catarina,Sul,-27.5191,-48.766,0,2341,False,até 20 mil
3102902,Antônio Carlos,MG,Minas Gerais,Sudeste,-21.321,-43.7451,0,1404,False,até 20 mil
3103009,Antônio Dias,MG,Minas Gerais,Sudeste,-19.6491,-42.8732,0,10702,False,até 20 mil
2901809,Antônio Gonçalves,BA,Bahia,Nordeste,-10.5767,-40.2785,0,17530,False,até 20 mil
5000906,Antônio João,MS,Mato Grosso do Sul,Centro-Oeste,-22.1927,-55.9517,0,110283,True,80–500 mil
2400901,Antônio Martins,RN,Rio Grande do Norte,Nordeste,-6.21367,-37.8834,0,19529,False,até 20 mil
4101309,Antônio Olinto,PR,Paraná,Sul,-25.9804,-50.1972,0,4096,False,até 20 mil
4300802,Antônio Prado,RS,Rio Grande do Sul,Sul,-28.8565,-51.2883,0,3301,False,até 20 mil
3103108,Antônio Prado de Minas,MG,Minas Gerais,Sudeste,-21.0192,-42.1109,0,38108,False,20–80 mil
2500775,Aparecida,PB,Paraíba,Nordeste,-6.78466,-38.0803,0,12973,False,até 20 mil
3502507,Aparecida,SP,São Paulo,Sudeste,-22.8495,-45.2325,0,9971,False,até 20 mil
3502606,Aparecida d'Oeste,SP,São Paulo,Sudeste,-20.4487,-50.8835,0,114421,True,80–500 mil
5201405,Aparecida de Goiânia,GO,Goiás,Centro-Oeste,-16.8198,-49.2469,0,9883,False,até 20 mil
5201454,Aparecida do Rio Doce,GO,Goiás,Centro-Oeste,-18.2941,-51.1516,0,3108,False,até 20 mil
1701101,Aparecida do Rio Negro,TO,Tocantins,Norte,-9.94139,-47.9638,0,4863,False,até 20 mil
5001003,Aparecida do Taboado,MS,Mato Grosso do Sul,Centro-Oeste,-20.0873,-51.0961,0,6034,False,até 20 mil
3300159,Aperibé,RJ,Rio de Janeiro,Sudeste,-21.6252,-42.1017,0,32695,False,20–80 mil
3200508,Apiacá,ES,Espírito Santo,Sudeste,-21.1523,-41.5693,0,16981,False,até 20 mil
5100805,Apiacás,MT,Mato Grosso,Centro-Oeste,-9.53981,-57.4587,0,27374,False,20–80 mil
3502705,Apiaí,SP,São Paulo,Sudeste,-24.5108,-48.8443,0,47625,False,20–80 mil
2100832,Apicum-Açu,MA,Maranhão,Nordeste,-1.45862,-45.0864,0,35973,False,20–80 mil
4201257,Apiúna,SC,Santa Catarina,Sul,-27.0375,-49.3885,0,16051,False,até 20 mil
2401008,Apodi,RN,Rio Grande do Norte,Nordeste,-5.65349,-37.7946,0,7965,False,até 20 mil
2901908,Aporá,BA,Bahia,Nordeste,-11.6577,-38.0814,0,217480,True,80–500 mil
5201504,Aporé,GO,Goiás,Centro-Oeste,-18.9607,-51.9232,0,13677,False,até 20 mil
2901957,Apuarema,BA,Bahia,Nordeste,-13.8542,-39.7501,0,107492,True,80–500 mil
4101408,Apucarana,PR,Paraná,Sul,-23.55,-51.4635,0,10454,False,até 20 mil
1300144,Apuí,AM,Amazonas,Norte,-7.19409,-59.896,0,23268,False,20–80 mil
2300903,Apuiarés,CE,Ceará,Nordeste,-3.94506,-39.4359,0,14895,False,até 20 mil
2800209,Aquidabã,SE,Sergipe,Nordeste,-10.278,-37.0148,0,12875,False,até 20 mil
5001102,Aquidauana,MS,Mato Grosso do Sul,Centro-Oeste,-20.4666,-55.7868,0,15892,False,até 20 mil
2301000,Aquiraz,CE,Ceará,Nordeste,-3.89929,-38.3896,0,15298,False,até 20 mil
4201273,Arabutã,SC,Santa Catarina,Sul,-27.1587,-52.1423,0,19646,False,até 20 mil
2500809,Araçagi,PB,Paraíba,Nordeste,-6.84374,-35.3737,0,23346,False,20–80 mil
3103207,Araçaí,MG,Minas Gerais,Sudeste,-19.1955,-44.2493,0,2920,False,até 20 mil
2800308,Aracaju,SE,Sergipe,Nordeste,-10.9091,-37.0677,1,666412,True,acima de 500 mil
3502754,Araçariguama,SP,São Paulo,Sudeste,-23.4366,-47.0608,0,37548,False,20–80 mil
2902054,Araças,BA,Bahia,Nordeste,-12.22,-38.2027,0,5335,False,até 20 mil
2301109,Aracati,CE,Ceará,Nordeste,-4.55826,-37.7679,0,17007,False,até 20 mil
2902005,Aracatu,BA,Bahia,Nordeste,-14.428,-41.4648,0,9942,False,até 20 mil
3502804,Araçatuba,SP,São Paulo,Sudeste,-21.2076,-50.4401,0,10139,False,até 20 mil
2902104,Araci,BA,Bahia,Nordeste,-11.3253,-38.9584,0,2727,False,até 20 mil
3103306,Aracitaba,MG,Minas Gerais,Sudeste,-21.3446,-43.3736,0,13969,False,até 20 mil
2601052,Araçoiaba,PE,Pernambuco,Nordeste,-7.78391,-35.0809,0,9335,False,até 20 mil
2301208,Aracoiaba,CE,Ceará,Nordeste,-4.36872,-38.8125,0,6158,False,até 20 mil
3502903,Araçoiaba da Serra,SP,São Paulo,Sudeste,-23.5029,-47.6166,0,5639,False,até 20 mil
3200607,Aracruz,ES,Espírito Santo,Sudeste,-19.82,-40.2764,0,34564,False,20–80 mil
5201603,Araçu,GO,Goiás,Centro-Oeste,-16.3563,-49.6804,0,3877,False,até 20 mil
3103405,Araçuaí,MG,Minas Gerais,Sudeste,-16.8523,-42.0637,0,3523,False,até 20 mil
5201702,Aragarças,GO,Goiás,Centro-Oeste,-15.8955,-52.2372,0,5539,False,até 20 mil
5201801,Aragoiânia,GO,Goiás,Centro-Oeste,-16.9087,-49.4476,0,19600,False,até 20 mil
1701309,Aragominas,TO,Tocantins,Norte,-7.16005,-48.5291,0,1941,False,até 20 mil
1701903,Araguacema,TO,Tocantins,Norte,-8.80755,-49.5569,0,9684,False,até 20 mil
1702000,Araguaçu,TO,Tocantins,Norte,-12.9289,-49.8231,0,13780,False,até 20 mil
5101001,Araguaiana,MT,Mato Grosso,Centro-Oeste,-15.7291,-51.8341,0,146348,True,80–500 mil
1702109,Araguaína,TO,Tocantins,Norte,-7.19238,-48.2044,0,28796,False,20–80 mil
5101209,Araguainha,MT,Mato Grosso,Centro-Oeste,-16.857,-53.0318,0,4323,False,até 20 mil
1702158,Araguanã,TO,Tocantins,Norte,-6.58225,-48.6395,0,8539,False,até 20 mil
2100873,Araguanã,MA,Maranhão,Nordeste,-2.94644,-45.6589,0,36417,False,20–80 mil
5202155,Araguapaz,GO,Goiás,Centro-Oeste,-15.0909,-50.6315,0,23335,False,20–80 mil
3103504,Araguari,MG,Minas Gerais,Sudeste,-18.6456,-48.1934,0,4608,False,até 20 mil
1702208,Araguatins,TO,Tocantins,Norte,-5.64659,-48.1232,0,15686,False,até 20 mil
2100907,Araioses,MA,Maranhão,Nordeste,-2.89091,-41.905,0,14358,False,até 20 mil
5001243,Aral Moreira,MS,Mato Grosso do Sul,Centro-Oeste,-22.9385,-55.6334,0,15846,False,até 20 mil
2902203,Aramari,BA,Bahia,Nordeste,-12.0884,-38.4969,0,7121,False,até 20 mil
4300851,Arambaré,RS,Rio Grande do Sul,Sul,-30.9092,-51.5046,0,22458,False,20–80 mil
2100956,Arame,MA,Maranhão,Nordeste,-4.88347,-46.0032,0,33810,False,20–80 mil
3503000,Aramina,SP,São Paulo,Sudeste,-20.0882,-47.7873,0,8726,False,até 20 mil
3503109,Arandu,SP,São Paulo,Sudeste,-23.1386,-49.0487,0,29133,False,20–80 mil
3103603,Arantina,MG,Minas Gerais,Sudeste,-21.9102,-44.2555,0,49005,False,20–80 mil
3503158,Arapeí,SP,São Paulo,Sudeste,-22.6717,-44.4441,0,79393,False,20–80 mil
2700300,Arapiraca,AL,Alagoas,Nordeste,-9.75487,-36.6615,0,13112,False,até 20 mil
1702307,Arapoema,TO,Tocantins,Norte,-7.65463,-49.0637,0,4091,False,até 20 mil
3103702,Araponga,MG,Minas Gerais,Sudeste,-20.6686,-42.5178,0,5312,False,até 20 mil
4101507,Arapongas,PR,Paraná,Sul,-23.4153,-51.4259,0,22047,False,20–80 mil
3103751,Araporã,MG,Minas Gerais,Sudeste,-18.4357,-49.1847,0,16042,False,até 20 mil
4101606,Arapoti,PR,Paraná,Sul,-24.1548,-49.8285,0,2266,False,até 20 mil
4101655,Arapuã,PR,Paraná,Sul,-24.3132,-51.7856,0,6837,False,até 20 mil
3103801,Arapuá,MG,Minas Gerais,Sudeste,-19.0268,-46.1484,0,1232,False,até 20 mil
5101258,Araputanga,MT,Mato Grosso,Centro-Oeste,-15.4641,-58.3425,0,5646,False,até 20 mil
4201307,Araquari,SC,Santa Catarina,Sul,-26.3754,-48.7188,0,155267,True,80–500 mil
2500908,Arara,PB,Paraíba,Nordeste,-6.82813,-35.7552,0,8565,False,até 20 mil
4201406,Araranguá,SC,Santa Catarina,Sul,-28.9356,-49.4918,0,5181,False,até 20 mil
3503208,Araraquara,SP,São Paulo,Sudeste,-21.7845,-48.178,0,82436,True,80–500 mil
3503307,Araras,SP,São Paulo,Sudeste,-22.3572,-47.3842,0,61135,False,20–80 mil
2301257,Ararendá,CE,Ceará,Nordeste,-4.74567,-40.831,0,39649,False,20–80 mil
2101004,Arari,MA,Maranhão,Nordeste,-3.45214,-44.7665,0,15827,False,até 20 mil
4300877,Araricá,RS,Rio Grande do Sul,Sul,-29.6168,-50.9291,0,3812,False,até 20 mil
2301307,Araripe,CE,Ceará,Nordeste,-7.21319,-40.1359,0,37319,False,20–80 mil
2601102,Araripina,PE,Pernambuco,Nordeste,-7.57073,-40.494,0,12561,False,até 20 mil
3300209,Araruama,RJ,Rio de Janeiro,Sudeste,-22.8697,-42.3326,0,40120,False,20–80 mil
4101705,Araruna,PR,Paraná,Sul,-23.9315,-52.5021,0,58962,False,20–80 mil
2501005,Araruna,PB,Paraíba,Nordeste,-6.54848,-35.7498,0,36886,False,20–80 mil
2902252,Arataca,BA,Bahia,Nordeste,-15.2651,-39.419,0,19299,False,até 20 mil
4300901,Aratiba,RS,Rio Grande do Sul,Sul,-27.3978,-52.2975,0,3060,False,até 20 mil
2301406,Aratuba,CE,Ceará,Nordeste,-4.41229,-39.0471,0,4050,False,até 20 mil
2902302,Aratuípe,BA,Bahia,Nordeste,-13.0716,-39.0038,0,51384,False,20–80 mil
2800407,Arauá,SE,Sergipe,Nordeste,-11.2614,-37.6201,0,34785,False,20–80 mil
4101804,Araucária,PR,Paraná,Sul,-25.5859,-49.4047,0,3432,False,até 20 mil
3103900,Araújos,MG,Minas Gerais,Sudeste,-19.9405,-45.1671,0,74840,False,20–80 mil
3104007,Araxá,MG,Minas Gerais,Sudeste,-19.5902,-46.9438,0,18722,False,até 20 mil
3104106,Arceburgo,MG,Minas Gerais,Sudeste,-21.359,-46.9401,0,7894,False,até 20 mil
3503356,Arco-Íris,SP,São Paulo,Sudeste,-21.7728,-50.466,0,13573,False,até 20 mil
3104205,Arcos,MG,Minas Gerais,Sudeste,-20.2863,-45.5373,0,18172,False,até 20 mil
2601201,Arcoverde,PE,Pernambuco,Nordeste,-8.41519,-37.0577,0,11810,False,até 20 mil
3104304,Areado,MG,Minas Gerais,Sudeste,-21.3572,-46.1421,0,2046,False,até 20 mil
3300225,Areal,RJ,Rio de Janeiro,Sudeste,-22.2283,-43.1118,0,45581,False,20–80 mil
3503406,Arealva,SP,São Paulo,Sudeste,-22.031,-48.9135,0,31388,False,20–80 mil
2501104,Areia,PB,Paraíba,Nordeste,-6.96396,-35.6977,0,10990,False,até 20 mil
2401107,Areia Branca,RN,Rio Grande do Norte,Nordeste,-4.95254,-37.1252,0,10232,False,até 20 mil
2800506,Areia Branca,SE,Sergipe,Nordeste,-10.758,-37.3251,0,31625,False,20–80 mil
2501153,Areia de Baraúnas,PB,Paraíba,Nordeste,-7.11702,-36.9404,0,15537,False,até 20 mil
2501203,Areial,PB,Paraíba,Nordeste,-7.04789,-35.9313,0,3127,False,até 20 mil
3503505,Areias,SP,São Paulo,Sudeste,-22.5786,-44.6992,0,21455,False,20–80 mil
3503604,Areiópolis,SP,São Paulo,Sudeste,-22.6672,-48.6681,0,24486,False,20–80 mil
5101308,Arenápolis,MT,Mato Grosso,Centro-Oeste,-14.4472,-56.8437,0,7045,False,até 20 mil
5202353,Arenópolis,GO,Goiás,Centro-Oeste,-16.3837,-51.5563,0,6388,False,até 20 mil
2401206,Arês,RN,Rio Grande do Norte,Nordeste,-6.18831,-35.1608,0,3963,False,até 20 mil
3104403,Argirita,MG,Minas Gerais,Sudeste,-21.6083,-42.8292,0,35431,False,20–80 mil
3104452,Aricanduva,MG,Minas Gerais,Sudeste,-17.8666,-42.5533,0,6756,False,até 20 mil
3104502,Arinos,MG,Minas Gerais,Sudeste,-15.9187,-46.1043,0,7708,False,até 20 mil
5101407,Aripuanã,MT,Mato Grosso,Centro-Oeste,-10.1723,-59.4568,0,5754,False,até 20 mil
1100023,Ariquemes,RO,Rondônia,Norte,-9.90571,-63.0325,0,39347,False,20–80 mil
3503703,Ariranha,SP,São Paulo,Sudeste,-21.1872,-48.7904,0,287223,True,80–500 mil
4101853,Ariranha do Ivaí,PR,Paraná,Sul,-24.3857,-51.5839,0,29159,False,20–80 mil
3300233,Armação dos Búzios,RJ,Rio de Janeiro,Sudeste,-22.7528,-41.8846,0,9887,False,até 20 mil
4201505,Armazém,SC,Santa Catarina,Sul,-28.2448,-49.0215,0,7648,False,até 20 mil
2301505,Arneiroz,CE,Ceará,Nordeste,-6.3165,-40.1653,0,45226,False,20–80 mil
2200905,Aroazes,PI,Piauí,Nordeste,-6.11022,-41.7822,0,77886,False,20–80 mil
2501302,Aroeiras,PB,Paraíba,Nordeste,-7.54473,-35.7066,0,84030,True,80–500 mil
2200954,Aroeiras do Itaim,PI,Piauí,Nordeste,-7.24502,-41.5325,0,14769,False,até 20 mil
2201002,Arraial,PI,Piauí,Nordeste,-6.65075,-42.5418,0,4152,False,até 20 mil
3300258,Arraial do Cabo,RJ,Rio de Janeiro,Sudeste,-22.9774,-42.0267,0,195822,True,80–500 mil
1702406,Arraias,TO,Tocantins,Norte,-12.9287,-46.9359,0,3352,False,até 20 mil
4301008,Arroio do Meio,RS,Rio Grande do Sul,Sul,-29.4014,-51.9557,0,32155,False,20–80 mil
4301073,Arroio do Padre,RS,Rio Grande do Sul,Sul,-31.4389,-52.4246,0,33261,False,20–80 mil
4301057,Arroio do Sal,RS,Rio Grande do Sul,Sul,-29.5439,-49.8895,0,13447,False,até 20 mil
4301206,Arroio do Tigre,RS,Rio Grande do Sul,Sul,-29.3348,-53.0966,0,4616,False,até 20 mil
4301107,Arroio dos Ratos,RS,Rio Grande do Sul,Sul,-30.0875,-51.7275,0,5851,False,até 20 mil
4301305,Arroio Grande,RS,Rio Grande do Sul,Sul,-32.2327,-53.0862,0,3144,False,até 20 mil
4201604,Arroio Trinta,SC,Santa Catarina,Sul,-26.9257,-51.3407,0,5450,False,até 20 mil
3503802,Artur Nogueira,SP,São Paulo,Sudeste,-22.5727,-47.1727,0,4398,False,até 20 mil
5202502,Aruanã,GO,Goiás,Centro-Oeste,-14.9166,-51.075,0,37523,False,20–80 mil
3503901,Arujá,SP,São Paulo,Sudeste,-23.3965,-46.32,0,23601,False,20–80 mil
4201653,Arvoredo,SC,Santa Catarina,Sul,-27.0748,-52.4543,0,12966,False,até 20 mil
4301404,Arvorezinha,RS,Rio Grande do Sul,Sul,-28.8737,-52.1781,0,2549,False,até 20 mil
4201703,Ascurra,SC,Santa Catarina,Sul,-26.9548,-49.3783,0,15625,False,até 20 mil
3503950,Aspásia,SP,São Paulo,Sudeste,-20.16,-50.728,0,115855,True,80–500 mil
4101903,Assaí,PR,Paraná,Sul,-23.3697,-50.8459,0,6572,False,até 20 mil
2301604,Assaré,CE,Ceará,Nordeste,-6.8669,-39.8689,0,200438,True,80–500 mil
3504008,Assis,SP,São Paulo,Sudeste,-22.66,-50.4183,0,6092,False,até 20 mil
1200054,Assis Brasil,AC,Acre,Norte,-10.9298,-69.5738,0,10081,False,até 20 mil
4102000,Assis Chateaubriand,PR,Paraná,Sul,-24.4168,-53.5213,0,20418,False,20–80 mil
2501351,Assunção,PB,Paraíba,Nordeste,-7.07231,-36.725,0,13111,False,até 20 mil
2201051,Assunção do Piauí,PI,Piauí,Nordeste,-5.865,-41.0389,0,23690,False,20–80 mil
3104601,Astolfo Dutra,MG,Minas Gerais,Sudeste,-21.3184,-42.8572,0,5618,False,até 20 mil
4102109,Astorga,PR,Paraná,Sul,-23.2318,-51.6668,0,37454,False,20–80 mil
4102208,Atalaia,PR,Paraná,Sul,-23.1517,-52.0551,0,25316,False,20–80 mil
2700409,Atalaia,AL,Alagoas,Nordeste,-9.5119,-36.0086,0,34688,False,20–80 mil
1300201,Atalaia do Norte,AM,Amazonas,Norte,-4.37055,-70.1967,0,7858,False,até 20 mil
4201802,Atalanta,SC,Santa Catarina,Sul,-27.4219,-49.7789,0,9682,False,até 20 mil
3104700,Ataléia,MG,Minas Gerais,Sudeste,-18.0438,-41.1149,0,5094,False,até 20 mil
3504107,Atibaia,SP,São Paulo,Sudeste,-23.1171,-46.5563,0,15049,False,até 20 mil
3200706,Atilio Vivacqua,ES,Espírito Santo,Sudeste,-20.913,-41.1986,0,35689,False,20–80 mil
1702554,Augustinópolis,TO,Tocantins,Norte,-5.46863,-47.8863,0,9552,False,até 20 mil
1500909,Augusto Corrêa,PA,Pará,Norte,-1.05109,-46.6147,0,39457,False,20–80 mil
3104809,Augusto de Lima,MG,Minas Gerais,Sudeste,-18.0997,-44.2655,0,20717,False,20–80 mil
4301503,Augusto Pestana,RS,Rio Grande do Sul,Sul,-28.5172,-53.9883,0,2414,False,até 20 mil
2401305,Augusto Severo (Campo Grande),RN,Rio Grande do Norte,Nordeste,-5.86206,-37.3135,0,3633,False,até 20 mil
4301552,Áurea,RS,Rio Grande do Sul,Sul,-27.6936,-52.0505,0,3858,False,até 20 mil
2902401,Aurelino Leal,BA,Bahia,Nordeste,-14.321,-39.329,0,6116,False,até 20 mil
3504206,Auriflama,SP,São Paulo,Sudeste,-20.6836,-50.5572,0,17073,False,até 20 mil
5202601,Aurilândia,GO,Goiás,Centro-Oeste,-16.6773,-50.4641,0,45244,False,20–80 mil
2301703,Aurora,CE,Ceará,Nordeste,-6.93349,-38.9742,0,25323,False,20–80 mil
4201901,Aurora,SC,Santa Catarina,Sul,-27.3098,-49.6295,0,33919,False,20–80 mil
1500958,Aurora do Pará,PA,Pará,Norte,-2.14898,-47.5677,0,7229,False,até 20 mil
1702703,Aurora do Tocantins,TO,Tocantins,Norte,-12.7105,-46.4076,0,3708,False,até 20 mil
1300300,Autazes,AM,Amazonas,Norte,-3.58574,-59.1256,0,71848,False,20–80 mil
3504305,Avaí,SP,São Paulo,Sudeste,-22.1514,-49.3356,0,23898,False,20–80 mil
3504404,Avanhandava,SP,São Paulo,Sudeste,-21.4584,-49.9509,0,5280,False,até 20 mil
3504503,Avaré,SP,São Paulo,Sudeste,-23.1067,-48.9251,0,58805,False,20–80 mil
1501006,Aveiro,PA,Pará,Norte,-3.60841,-55.3199,0,47493,False,20–80 mil
2201101,Avelino Lopes,PI,Piauí,Nordeste,-10.1345,-43.9563,0,12776,False,até 20 mil
5202809,Avelinópolis,GO,Goiás,Centro-Oeste,-16.4672,-49.7579,0,61482,False,20–80 mil
2101103,Axixá,MA,Maranhão,Nordeste,-2.83939,-44.062,0,6323,False,até 20 mil
1702901,Axixá do Tocantins,TO,Tocantins,Norte,-5.61275,-47.7701,0,7628,False,até 20 mil
1703008,Babaçulândia,TO,Tocantins,Norte,-7.20923,-47.7613,0,1765,False,até 20 mil
2101202,Bacabal,MA,Maranhão,Nordeste,-4.22447,-44.7832,0,25265,False,20–80 mil
2101251,Bacabeira,MA,Maranhão,Nordeste,-2.96452,-44.3164,0,13243,False,até 20 mil
2101301,Bacuri,MA,Maranhão,Nordeste,-1.6965,-45.1328,0,11743,False,até 20 mil
2101350,Bacurituba,MA,Maranhão,Nordeste,-2.71,-44.7329,0,59268,False,20–80 mil
3504602,Bady Bassitt,SP,São Paulo,Sudeste,-20.9197,-49.4385,0,63582,False,20–80 mil
3104908,Baependi,MG,Minas Gerais,Sudeste,-21.957,-44.8874,0,12785,False,até 20 mil
4301602,Bagé,RS,Rio Grande do Sul,Sul,-31.3297,-54.0999,0,2440,False,até 20 mil
1501105,Bagre,PA,Pará,Norte,-1.90057,-50.1987,0,51842,False,20–80 mil
2501401,Baía da Traição,PB,Paraíba,Nordeste,-6.69209,-34.9381,0,17132,False,até 20 mil
2401404,Baía Formosa,RN,Rio Grande do Norte,Nordeste,-6.37161,-35.0033,0,21822,False,20–80 mil
2902500,Baianópolis,BA,Bahia,Nordeste,-12.3016,-44.5388,0,6641,False,até 20 mil
1501204,Baião,PA,Pará,Norte,-2.79021,-49.6694,0,324805,True,80–500 mil
2902609,Baixa Grande,BA,Bahia,Nordeste,-11.9519,-40.169,0,1285,False,até 20 mil
2201150,Baixa Grande do Ribeiro,PI,Piauí,Nordeste,-7.84903,-45.219,0,52136,False,20–80 mil
2301802,Baixio,CE,Ceará,Nordeste,-6.71945,-38.7134,0,14462,False,até 20 mil
3200805,Baixo Guandu,ES,Espírito Santo,Sudeste,-19.5213,-41.0109,0,7545,False,até 20 mil
3504701,Balbinos,SP,São Paulo,Sudeste,-21.8963,-49.3619,0,53444,False,20–80 mil
3105004,Baldim,MG,Minas Gerais,Sudeste,-19.2832,-43.9613,0,19761,False,até 20 mil
5203104,Baliza,GO,Goiás,Centro-Oeste,-16.1966,-52.5393,0,22673,False,20–80 mil
4201950,Balneário Arroio do Silva,SC,Santa Catarina,Sul,-28.9806,-49.4237,0,5209,False,até 20 mil
4202057,Balneário Barra do Sul,SC,Santa Catarina,Sul,-26.4597,-48.6123,0,30381,False,20–80 mil
4202008,Balneário Camboriú,SC,Santa Catarina,Sul,-26.9926,-48.6352,0,18567,False,até 20 mil
4202073,Balneário Gaivota,SC,Santa Catarina,Sul,-29.1527,-49.5841,0,10133,False,até 20 mil
4212809,Balneário Piçarras,SC,Santa Catarina,Sul,-26.7639,-48.6717,0,7262,False,até 20 mil
4301636,Balneário Pinhal,RS,Rio Grande do Sul,Sul,-30.2419,-50.2337,0,1363,False,até 20 mil
4220000,Balneário Rincão,SC,Santa Catarina,Sul,-28.8314,-49.2352,0,148171,True,80–500 mil
4102307,Balsa Nova,PR,Paraná,Sul,-25.5804,-49.6291,0,30451,False,20–80 mil
3504800,Bálsamo,SP,São Paulo,Sudeste,-20.7348,-49.5865,0,11728,False,até 20 mil
2101400,Balsas,MA,Maranhão,Nordeste,-7.53214,-46.0372,0,800,False,até 20 mil
3105103,Bambuí,MG,Minas Gerais,Sudeste,-20.0166,-45.9754,0,9556,False,até 20 mil
2301851,Banabuiú,CE,Ceará,Nordeste,-5.30454,-38.9132,0,17928,False,até 20 mil
3504909,Bananal,SP,São Paulo,Sudeste,-22.6819,-44.3281,0,33602,False,20–80 mil
2501500,Bananeiras,PB,Paraíba,Nordeste,-6.74775,-35.6246,0,1333,False,até 20 mil
3105202,Bandeira,MG,Minas Gerais,Sudeste,-15.8783,-40.5622,0,16968,False,até 20 mil
3105301,Bandeira do Sul,MG,Minas Gerais,Sudeste,-21.7308,-46.3833,0,6086,False,até 20 mil
4202081,Bandeirante,SC,Santa Catarina,Sul,-26.7705,-53.6413,0,4180,False,até 20 mil
5001508,Bandeirantes,MS,Mato Grosso do Sul,Centro-Oeste,-19.9275,-54.3585,0,14050,False,até 20 mil
4102406,Bandeirantes,PR,Paraná,Sul,-23.1078,-50.3704,0,3156,False,até 20 mil
1703057,Bandeirantes do Tocantins,TO,Tocantins,Norte,-7.75612,-48.5836,0,2151,False,até 20 mil
1501253,Bannach,PA,Pará,Norte,-7.34779,-50.3959,0,13918,False,até 20 mil
2902658,Banzaê,BA,Bahia,Nordeste,-10.5788,-38.6212,0,11404,False,até 20 mil
4301651,Barão,RS,Rio Grande do Sul,Sul,-29.3725,-51.4949,0,9693,False,até 20 mil
3505005,Barão de Antonina,SP,São Paulo,Sudeste,-23.6284,-49.5634,0,11359,False,até 20 mil
3105400,Barão de Cocais,MG,Minas Gerais,Sudeste,-19.9389,-43.4755,0,112113,True,80–500 mil
4301701,Barão de Cotegipe,RS,Rio Grande do Sul,Sul,-27.6208,-52.3798,0,9857,False,até 20 mil
2101509,Barão de Grajaú,MA,Maranhão,Nordeste,-6.74463,-43.0261,0,2465,False,até 20 mil
5101605,Barão de Melgaço,MT,Mato Grosso,Centro-Oeste,-16.2067,-55.9623,0,3706,False,até 20 mil
3105509,Barão de Monte Alto,MG,Minas Gerais,Sudeste,-21.2444,-42.2372,0,1720,False,até 20 mil
4301750,Barão do Triunfo,RS,Rio Grande do Sul,Sul,-30.3891,-51.7384,0,49450,False,20–80 mil
2401453,Baraúna,RN,Rio Grande do Norte,Nordeste,-5.06977,-37.6129,0,15276,False,até 20 mil
2501534,Baraúna,PB,Paraíba,Nordeste,-6.63484,-36.2601,0,3163,False,até 20 mil
3105608,Barbacena,MG,Minas Gerais,Sudeste,-21.2214,-43.7703,0,38622,False,20–80 mil
2301901,Barbalha,CE,Ceará,Nordeste,-7.2982,-39.3021,0,41237,False,20–80 mil
3505104,Barbosa,SP,São Paulo,Sudeste,-21.2657,-49.9518,0,21191,False,20–80 mil
4102505,Barbosa Ferraz,PR,Paraná,Sul,-24.0334,-52.004,0,38133,False,20–80 mil
1501303,Barcarena,PA,Pará,Norte,-1.51187,-48.6195,0,12718,False,até 20 mil
2401503,Barcelona,RN,Rio Grande do Norte,Nordeste,-5.94284,-35.9247,0,15451,False,até 20 mil
1300409,Barcelos,AM,Amazonas,Norte,-0.983373,-62.9311,0,27979,False,20–80 mil
3505203,Bariri,SP,São Paulo,Sudeste,-22.073,-48.7438,0,326436,True,80–500 mil
2902708,Barra,BA,Bahia,Nordeste,-11.0859,-43.1459,0,4239,False,até 20 mil
4202099,Barra Bonita,SC,Santa Catarina,Sul,-26.654,-53.44,0,14250,False,até 20 mil
3505302,Barra Bonita,SP,São Paulo,Sudeste,-22.4909,-48.5583,0,33943,False,20–80 mil
2201176,Barra D'Alcântara,PI,Piauí,Nordeste,-6.51645,-42.1146,0,1093,False,até 20 mil
2902807,Barra da Estiva,BA,Bahia,Nordeste,-13.6237,-41.3347,0,7618,False,até 20 mil
2601300,Barra de Guabiraba,PE,Pernambuco,Nordeste,-8.42075,-35.6585,0,10426,False,até 20 mil
2501609,Barra de Santa Rosa,PB,Paraíba,Nordeste,-6.71816,-36.0671,0,30518,False,20–80 mil
2501575,Barra de Santana,PB,Paraíba,Nordeste,-7.51809,-35.9913,0,10721,False,até 20 mil
2700508,Barra de Santo Antônio,AL,Alagoas,Nordeste,-9.4023,-35.5101,0,28871,False,20–80 mil
3200904,Barra de São Francisco,ES,Espírito Santo,Sudeste,-18.7548,-40.8965,0,15564,False,até 20 mil
2501708,Barra de São Miguel,PB,Paraíba,Nordeste,-7.74603,-36.3209,0,953,False,até 20 mil
2700607,Barra de São Miguel,AL,Alagoas,Nordeste,-9.83842,-35.9057,0,30413,False,20–80 mil
5101704,Barra do Bugres,MT,Mato Grosso,Centro-Oeste,-15.0702,-57.1878,0,800,False,até 20 mil
3505351,Barra do Chapéu,SP,São Paulo,Sudeste,-24.4722,-49.0238,0,8274,False,até 20 mil
2902906,Barra do Choça,BA,Bahia,Nordeste,-14.8654,-40.5791,0,5198,False,até 20 mil
2101608,Barra do Corda,MA,Maranhão,Nordeste,-5.49682,-45.2485,0,3177,False,até 20 mil
5101803,Barra do Garças,MT,Mato Grosso,Centro-Oeste,-15.8804,-52.264,0,6116,False,até 20 mil
4301859,Barra do Guarita,RS,Rio Grande do Sul,Sul,-27.1927,-53.7109,0,3651,False,até 20 mil
4102703,Barra do Jacaré,PR,Paraná,Sul,-23.116,-50.1842,0,4385,False,até 20 mil
2903003,Barra do Mendes,BA,Bahia,Nordeste,-11.81,-42.059,0,12295,False,até 20 mil
1703073,Barra do Ouro,TO,Tocantins,Norte,-7.69593,-47.6776,0,11412,False,até 20 mil
3300308,Barra do Piraí,RJ,Rio de Janeiro,Sudeste,-22.4715,-43.8269,0,281469,True,80–500 mil
4301875,Barra do Quaraí,RS,Rio Grande do Sul,Sul,-30.2029,-57.5497,0,10547,False,até 20 mil
4301909,Barra do Ribeiro,RS,Rio Grande do Sul,Sul,-30.2939,-51.3014,0,10741,False,até 20 mil
4301925,Barra do Rio Azul,RS,Rio Grande do Sul,Sul,-27.4069,-52.4084,0,5760,False,até 20 mil
2903102,Barra do Rocha,BA,Bahia,Nordeste,-14.2,-39.5991,0,1973,False,até 20 mil
3505401,Barra do Turvo,SP,São Paulo,Sudeste,-24.759,-48.5013,0,37255,False,20–80 mil
2800605,Barra dos Coqueiros,SE,Sergipe,Nordeste,-10.8996,-37.0323,0,12266,False,até 20 mil
4301958,Barra Funda,RS,Rio Grande do Sul,Sul,-27.9205,-53.0391,0,17268,False,até 20 mil
3105707,Barra Longa,MG,Minas Gerais,Sudeste,-20.2869,-43.0402,0,43445,False,20–80 mil
3300407,Barra Mansa,RJ,Rio de Janeiro,Sudeste,-22.5481,-44.1752,0,35086,False,20–80 mil
4202107,Barra Velha,SC,Santa Catarina,Sul,-26.637,-48.6933,0,4499,False,até 20 mil
4301800,Barracão,RS,Rio Grande do Sul,Sul,-27.6739,-51.4585,0,17865,False,até 20 mil
4102604,Barracão,PR,Paraná,Sul,-26.2502,-53.6324,0,14903,False,até 20 mil
2201200,Barras,PI,Piauí,Nordeste,-4.24468,-42.2922,0,4478,False,até 20 mil
2301950,Barreira,CE,Ceará,Nordeste,-4.28921,-38.6429,0,3123,False,até 20 mil
2903201,Barreiras,BA,Bahia,Nordeste,-12.1439,-44.9968,0,2716,False,até 20 mil
2201309,Barreiras do Piauí,PI,Piauí,Nordeste,-9.9296,-45.4702,0,3605,False,até 20 mil
1300508,Barreirinha,AM,Amazonas,Norte,-2.79886,-57.0679,0,7085,False,até 20 mil
2101707,Barreirinhas,MA,Maranhão,Nordeste,-2.75863,-42.8232,0,7864,False,até 20 mil
2601409,Barreiros,PE,Pernambuco,Nordeste,-8.81605,-35.1832,0,18905,False,até 20 mil
3505500,Barretos,SP,São Paulo,Sudeste,-20.5531,-48.5698,0,6906,False,até 20 mil
3505609,Barrinha,SP,São Paulo,Sudeste,-21.1864,-48.1636,0,8170,False,até 20 mil
2302008,Barro,CE,Ceará,Nordeste,-7.17188,-38.7741,0,25113,False,20–80 mil
2903235,Barro Alto,BA,Bahia,Nordeste,-11.7605,-41.9054,0,141891,True,80–500 mil
5203203,Barro Alto,GO,Goiás,Centro-Oeste,-14.9658,-48.9086,0,56746,False,20–80 mil
2201408,Barro Duro,PI,Piauí,Nordeste,-5.81673,-42.5147,0,800,False,até 20 mil
2903300,Barro Preto,BA,Bahia,Nordeste,-14.7948,-39.476,0,3309,False,até 20 mil
2903276,Barrocas,BA,Bahia,Nordeste,-11.5272,-39.0776,0,4081,False,até 20 mil
1703107,Barrolândia,TO,Tocantins,Norte,-9.83404,-48.7252,0,15046,False,até 20 mil
2302057,Barroquinha,CE,Ceará,Nordeste,-3.02051,-41.1358,0,13640,False,até 20 mil
4302006,Barros Cassal,RS,Rio Grande do Sul,Sul,-29.0947,-52.5836,0,10916,False,até 20 mil
3105905,Barroso,MG,Minas Gerais,Sudeste,-21.1907,-43.972,0,3779,False,até 20 mil
3505708,Barueri,SP,São Paulo,Sudeste,-23.5057,-46.879,0,9720,False,até 20 mil
3505807,Bastos,SP,São Paulo,Sudeste,-21.921,-50.7357,0,18740,False,até 20 mil
5001904,Bataguassu,MS,Mato Grosso do Sul,Centro-Oeste,-21.7159,-52.4221,0,7662,False,até 20 mil
2201507,Batalha,PI,Piauí,Nordeste,-4.0223,-42.0787,0,19249,False,até 20 mil
2700706,Batalha,AL,Alagoas,Nordeste,-9.6742,-37.133,0,31024,False,20–80 mil
3505906,Batatais,SP,São Paulo,Sudeste,-20.8929,-47.5921,0,85634,True,80–500 mil
5002001,Batayporã,MS,Mato Grosso do Sul,Centro-Oeste,-22.2944,-53.2705,0,3054,False,até 20 mil
2302107,Baturité,CE,Ceará,Nordeste,-4.32598,-38.8812,0,159998,True,80–500 mil
3506003,Bauru,SP,São Paulo,Sudeste,-22.3246,-49.0871,0,57723,False,20–80 mil
2501807,Bayeux,PB,Paraíba,Nordeste,-7.1238,-34.9293,0,24502,False,20–80 mil
3506102,Bebedouro,SP,São Paulo,Sudeste,-20.9491,-48.4791,0,54310,False,20–80 mil
2302206,Beberibe,CE,Ceará,Nordeste,-4.17741,-38.1271,0,17304,False,até 20 mil
2302305,Bela Cruz,CE,Ceará,Nordeste,-3.04996,-40.1671,0,131266,True,80–500 mil
5002100,Bela Vista,MS,Mato Grosso do Sul,Centro-Oeste,-22.1073,-56.5263,0,17330,False,até 20 mil
4102752,Bela Vista da Caroba,PR,Paraná,Sul,-25.8842,-53.6725,0,14881,False,até 20 mil
5203302,Bela Vista de Goiás,GO,Goiás,Centro-Oeste,-16.9693,-48.9513,0,1600,False,até 20 mil
3106002,Bela Vista de Minas,MG,Minas Gerais,Sudeste,-19.8302,-43.0922,0,112056,True,80–500 mil
2101772,Bela Vista do Maranhão,MA,Maranhão,Nordeste,-3.72618,-45.3075,0,8862,False,até 20 mil
4102802,Bela Vista do Paraíso,PR,Paraná,Sul,-22.9937,-51.1927,0,19100,False,até 20 mil
2201556,Bela Vista do Piauí,PI,Piauí,Nordeste,-7.98809,-41.8675,0,4453,False,até 20 mil
4202131,Bela Vista do Toldo,SC,Santa Catarina,Sul,-26.2746,-50.4664,0,73201,False,20–80 mil
2101731,Belágua,MA,Maranhão,Nordeste,-3.15485,-43.5122,0,2234,False,até 20 mil
1501402,Belém,PA,Pará,Norte,-1.4554,-48.4898,1,2241403,True,acima de 500 mil
2501906,Belém,PB,Paraíba,Nordeste,-6.74261,-35.5166,0,4299,False,até 20 mil
2700805,Belém,AL,Alagoas,Nordeste,-9.57047,-36.4904,0,125107,True,80–500 mil
2601508,Belém de Maria,PE,Pernambuco,Nordeste,-8.62504,-35.8335,0,10410,False,até 20 mil
2502003,Belém do Brejo do Cruz,PB,Paraíba,Nordeste,-6.18515,-37.5348,0,36933,False,20–80 mil
2201572,Belém do Piauí,PI,Piauí,Nordeste,-7.36652,-40.9688,0,13527,False,até 20 mil
2601607,Belém do São Francisco,PE,Pernambuco,Nordeste,-8.75046,-38.9623,0,3754,False,até 20 mil
3300456,Belford Roxo,RJ,Rio de Janeiro,Sudeste,-22.764,-43.3992,0,111307,True,80–500 mil
3106101,Belmiro Braga,MG,Minas Gerais,Sudeste,-21.944,-43.4084,0,28842,False,20–80 mil
4202156,Belmonte,SC,Santa Catarina,Sul,-26.843,-53.5758,0,27236,False,20–80 mil
2903409,Belmonte,BA,Bahia,Nordeste,-15.8608,-38.8758,0,102873,True,80–500 mil
2903508,Belo Campo,BA,Bahia,Nordeste,-15.0334,-41.2652,0,333106,True,80–500 mil
3106200,Belo Horizonte,MG,Minas Gerais,Sudeste,-19.9102,-43.9266,1,6818023,True,acima de 500 mil
2601706,Belo Jardim,PE,Pernambuco,Nordeste,-8.3313,-36.4258,0,44228,False,20–80 mil
2700904,Belo Monte,AL,Alagoas,Nordeste,-9.82272,-37.277,0,12352,False,até 20 mil
3106309,Belo Oriente,MG,Minas Gerais,Sudeste,-19.2199,-42.4828,0,9950,False,até 20 mil
3106408,Belo Vale,MG,Minas Gerais,Sudeste,-20.4077,-44.0275,0,7598,False,até 20 mil
1501451,Belterra,PA,Pará,Norte,-2.63609,-54.9374,0,51828,False,20–80 mil
2201606,Beneditinos,PI,Piauí,Nordeste,-5.45676,-42.3638,0,80388,True,80–500 mil
2101806,Benedito Leite,MA,Maranhão,Nordeste,-7.21037,-44.5577,0,3968,False,até 20 mil
4202206,Benedito Novo,SC,Santa Catarina,Sul,-26.781,-49.3593,0,4869,False,até 20 mil
1501501,Benevides,PA,Pará,Norte,-1.36183,-48.2434,0,11685,False,até 20 mil
1300607,Benjamin Constant,AM,Amazonas,Norte,-4.37768,-70.0342,0,11690,False,até 20 mil
4302055,Benjamin Constant do Sul,RS,Rio Grande do Sul,Sul,-27.5086,-52.5995,0,5748,False,até 20 mil
3506201,Bento de Abreu,SP,São Paulo,Sudeste,-21.2686,-50.814,0,9121,False,até 20 mil
2401602,Bento Fernandes,RN,Rio Grande do Norte,Nordeste,-5.69906,-35.813,0,12754,False,até 20 mil
4302105,Bento Gonçalves,RS,Rio Grande do Sul,Sul,-29.1662,-51.5165,0,5139,False,até 20 mil
2101905,Bequimão,MA,Maranhão,Nordeste,-2.44162,-44.7842,0,4549,False,até 20 mil
3106507,Berilo,MG,Minas Gerais,Sudeste,-16.9567,-42.4606,0,7663,False,até 20 mil
3106655,Berizal,MG,Minas Gerais,Sudeste,-15.61,-41.7432,0,14826,False,até 20 mil
2502052,Bernardino Batista,PB,Paraíba,Nordeste,-6.44572,-38.5521,0,7100,False,até 20 mil
3506300,Bernardino de Campos,SP,São Paulo,Sudeste,-23.0164,-49.4679,0,16844,False,até 20 mil
2101939,Bernardo do Mearim,MA,Maranhão,Nordeste,-4.62666,-44.7608,0,175035,True,80–500 mil
1703206,Bernardo Sayão,TO,Tocantins,Norte,-7.87481,-48.8893,0,1918,False,até 20 mil
3506359,Bertioga,SP,São Paulo,Sudeste,-23.8486,-46.1396,0,41207,False,20–80 mil
2201705,Bertolínia,PI,Piauí,Nordeste,-7.63338,-43.9498,0,4066,False,até 20 mil
3106606,Bertópolis,MG,Minas Gerais,Sudeste,-17.059,-40.58,0,45065,False,20–80 mil
1300631,Beruri,AM,Amazonas,Norte,-3.89874,-61.3616,0,50438,False,20–80 mil
2601805,Betânia,PE,Pernambuco,Nordeste,-8.26787,-38.0345,0,42934,False,20–80 mil
2201739,Betânia do Piauí,PI,Piauí,Nordeste,-8.14376,-40.7989,0,3773,False,até 20 mil
3106705,Betim,MG,Minas Gerais,Sudeste,-19.9668,-44.2008,0,11778,False,até 20 mil
2601904,Bezerros,PE,Pernambuco,Nordeste,-8.2328,-35.796,0,47418,False,20–80 mil
3106804,Bias Fortes,MG,Minas Gerais,Sudeste,-21.602,-43.7574,0,3540,False,até 20 mil
3106903,Bicas,MG,Minas Gerais,Sudeste,-21.7232,-43.056,0,23895,False,20–80 mil
4202305,Biguaçu,SC,Santa Catarina,Sul,-27.496,-48.6598,0,18045,False,até 20 mil
3506409,Bilac,SP,São Paulo,Sudeste,-21.404,-50.4746,0,15306,False,até 20 mil
3107000,Biquinhas,MG,Minas Gerais,Sudeste,-18.7754,-45.4974,0,26577,False,20–80 mil
3506508,Birigui,SP,São Paulo,Sudeste,-21.291,-50.3432,0,22493,False,20–80 mil
3506607,Biritiba-Mirim,SP,São Paulo,Sudeste,-23.5698,-46.0407,0,49646,False,20–80 mil
2903607,Biritinga,BA,Bahia,Nordeste,-11.6072,-38.8051,0,3759,False,até 20 mil
4102901,Bituruna,PR,Paraná,Sul,-26.1607,-51.5518,0,16227,False,até 20 mil
4202404,Blumenau,SC,Santa Catarina,Sul,-26.9155,-49.0709,0,13633,False,até 20 mil
4103008,Boa Esperança,PR,Paraná,Sul,-24.2467,-52.7876,0,4428,False,até 20 mil
3107109,Boa Esperança,MG,Minas Gerais,Sudeste,-21.0927,-45.5612,0,19825,False,até 20 mil
3201001,Boa Esperança,ES,Espírito Santo,Sudeste,-18.5395,-40.3025,0,128492,True,80–500 mil
4103024,Boa Esperança do Iguaçu,PR,Paraná,Sul,-25.6324,-53.2108,0,2538,False,até 20 mil
3506706,Boa Esperança do Sul,SP,São Paulo,Sudeste,-21.9918,-48.3906,0,20817,False,20–80 mil
2201770,Boa Hora,PI,Piauí,Nordeste,-4.41404,-42.1357,0,6832,False,até 20 mil
2903706,Boa Nova,BA,Bahia,Nordeste,-14.3598,-40.2064,0,9096,False,até 20 mil
2502102,Boa Ventura,PB,Paraíba,Nordeste,-7.40982,-38.2113,0,9795,False,até 20 mil
4103040,Boa Ventura de São Roque,PR,Paraná,Sul,-24.8688,-51.6276,0,29243,False,20–80 mil
2302404,Boa Viagem,CE,Ceará,Nordeste,-5.11258,-39.7337,0,6224,False,até 20 mil
1400100,Boa Vista,RR,Roraima,Norte,2.82384,-60.6753,1,140720,True,80–500 mil
2502151,Boa Vista,PB,Paraíba,Nordeste,-7.26365,-36.2357,0,28603,False,20–80 mil
4103057,Boa Vista da Aparecida,PR,Paraná,Sul,-25.4308,-53.4117,0,13742,False,até 20 mil
4302154,Boa Vista das Missões,RS,Rio Grande do Sul,Sul,-27.6671,-53.3102,0,1691,False,até 20 mil
4302204,Boa Vista do Buricá,RS,Rio Grande do Sul,Sul,-27.6693,-54.1082,0,3138,False,até 20 mil
4302220,Boa Vista do Cadeado,RS,Rio Grande do Sul,Sul,-28.5791,-53.8108,0,3842,False,até 20 mil
2101970,Boa Vista do Gurupi,MA,Maranhão,Nordeste,-1.77614,-46.3002,0,85092,True,80–500 mil
4302238,Boa Vista do Incra,RS,Rio Grande do Sul,Sul,-28.8185,-53.391,0,2212,False,até 20 mil
1300680,Boa Vista do Ramos,AM,Amazonas,Norte,-2.97409,-57.5873,0,89822,True,80–500 mil
4302253,Boa Vista do Sul,RS,Rio Grande do Sul,Sul,-29.3544,-51.6687,0,12354,False,até 20 mil
2903805,Boa Vista do Tupim,BA,Bahia,Nordeste,-12.6498,-40.6064,0,19858,False,até 20 mil
2701001,Boca da Mata,AL,Alagoas,Nordeste,-9.64308,-36.2125,0,10994,False,até 20 mil
1300706,Boca do Acre,AM,Amazonas,Norte,-8.74232,-67.3919,0,158165,True,80–500 mil
2201804,Bocaina,PI,Piauí,Nordeste,-6.94124,-41.3168,0,17763,False,até 20 mil
3506805,Bocaina,SP,São Paulo,Sudeste,-22.1365,-48.523,0,39177,False,20–80 mil
3107208,Bocaina de Minas,MG,Minas Gerais,Sudeste,-22.1697,-44.3972,0,21908,False,20–80 mil
4202438,Bocaina do Sul,SC,Santa Catarina,Sul,-27.7455,-49.9423,0,5817,False,até 20 mil
3107307,Bocaiúva,MG,Minas Gerais,Sudeste,-17.1135,-43.8104,0,7162,False,até 20 mil
4103107,Bocaiúva do Sul,PR,Paraná,Sul,-25.2066,-49.1141,0,39661,False,20–80 mil
2401651,Bodó,RN,Rio Grande do Norte,Nordeste,-5.98027,-36.4167,0,9852,False,até 20 mil
2602001,Bodocó,PE,Pernambuco,Nordeste,-7.77759,-39.9338,0,3444,False,até 20 mil
5002159,Bodoquena,MS,Mato Grosso do Sul,Centro-Oeste,-20.537,-56.7127,0,6722,False,até 20 mil
3506904,Bofete,SP,São Paulo,Sudeste,-23.1055,-48.2582,0,176165,True,80–500 mil
3507001,Boituva,SP,São Paulo,Sudeste,-23.2855,-47.6786,0,25289,False,20–80 mil
2602100,Bom Conselho,PE,Pernambuco,Nordeste,-9.16919,-36.6857,0,26058,False,20–80 mil
3107406,Bom Despacho,MG,Minas Gerais,Sudeste,-19.7386,-45.2622,0,3473,False,até 20 mil
3300506,Bom Jardim,RJ,Rio de Janeiro,Sudeste,-22.1545,-42.4251,0,56666,False,20–80 mil
2602209,Bom Jardim,PE,Pernambuco,Nordeste,-7.79695,-35.5784,0,39452,False,20–80 mil
2102002,Bom Jardim,MA,Maranhão,Nordeste,-3.54129,-45.606,0,7455,False,até 20 mil
4202503,Bom Jardim da Serra,SC,Santa Catarina,Sul,-28.3377,-49.6373,0,23642,False,20–80 mil
5203401,Bom Jardim de Goiás,GO,Goiás,Centro-Oeste,-16.2063,-52.1728,0,8927,False,até 20 mil
3107505,Bom Jardim de Minas,MG,Minas Gerais,Sudeste,-21.9479,-44.1885,0,3713,False,até 20 mil
4202537,Bom Jesus,SC,Santa Catarina,Sul,-26.7326,-52.3919,0,15757,False,até 20 mil
4302303,Bom Jesus,RS,Rio Grande do Sul,Sul,-28.6697,-50.4295,0,28400,False,20–80 mil
2201903,Bom Jesus,PI,Piauí,Nordeste,-9.07124,-44.359,0,3215,False,até 20 mil
2401701,Bom Jesus,RN,Rio Grande do Norte,Nordeste,-5.98648,-35.5792,0,20144,False,20–80 mil
2502201,Bom Jesus,PB,Paraíba,Nordeste,-6.81601,-38.6453,0,2914,False,até 20 mil
2903904,Bom Jesus da Lapa,BA,Bahia,Nordeste,-13.2506,-43.4108,0,91328,True,80–500 mil
3107604,Bom Jesus da Penha,MG,Minas Gerais,Sudeste,-21.0148,-46.5174,0,1596,False,até 20 mil
2903953,Bom Jesus da Serra,BA,Bahia,Nordeste,-14.3663,-40.5126,0,4606,False,até 20 mil
2102036,Bom Jesus das Selvas,MA,Maranhão,Nordeste,-4.47638,-46.8641,0,7861,False,até 20 mil
5203500,Bom Jesus de Goiás,GO,Goiás,Centro-Oeste,-18.2173,-49.74,0,4880,False,até 20 mil
3107703,Bom Jesus do Amparo,MG,Minas Gerais,Sudeste,-19.7054,-43.4782,0,12521,False,até 20 mil
5101852,Bom Jesus do Araguaia,MT,Mato Grosso,Centro-Oeste,-12.1706,-51.5032,0,14811,False,até 20 mil
3107802,Bom Jesus do Galho,MG,Minas Gerais,Sudeste,-19.836,-42.3165,0,8802,False,até 20 mil
3300605,Bom Jesus do Itabapoana,RJ,Rio de Janeiro,Sudeste,-21.1449,-41.6822,0,108894,True,80–500 mil
3201100,Bom Jesus do Norte,ES,Espírito Santo,Sudeste,-21.1173,-41.6731,0,7360,False,até 20 mil
4202578,Bom Jesus do Oeste,SC,Santa Catarina,Sul,-26.6927,-53.0967,0,13018,False,até 20 mil
4103156,Bom Jesus do Sul,PR,Paraná,Sul,-26.1958,-53.5955,0,10664,False,até 20 mil
1501576,Bom Jesus do Tocantins,PA,Pará,Norte,-5.0424,-48.6047,0,13510,False,até 20 mil
1703305,Bom Jesus do Tocantins,TO,Tocantins,Norte,-8.96306,-48.165,0,11863,False,até 20 mil
3507100,Bom Jesus dos Perdões,SP,São Paulo,Sudeste,-23.1356,-46.4675,0,111798,True,80–500 mil
2102077,Bom Lugar,MA,Maranhão,Nordeste,-4.37311,-45.0326,0,3312,False,até 20 mil
4302352,Bom Princípio,RS,Rio Grande do Sul,Sul,-29.4856,-51.3548,0,2804,False,até 20 mil
2201919,Bom Princípio do Piauí,PI,Piauí,Nordeste,-3.19631,-41.6403,0,2995,False,até 20 mil
4302378,Bom Progresso,RS,Rio Grande do Sul,Sul,-27.5399,-53.8716,0,10401,False,até 20 mil
3107901,Bom Repouso,MG,Minas Gerais,Sudeste,-22.4675,-46.144,0,5947,False,até 20 mil
4202602,Bom Retiro,SC,Santa Catarina,Sul,-27.799,-49.487,0,9805,False,até 20 mil
4302402,Bom Retiro do Sul,RS,Rio Grande do Sul,Sul,-29.6071,-51.9456,0,2441,False,até 20 mil
3108008,Bom Sucesso,MG,Minas Gerais,Sudeste,-21.0329,-44.7537,0,800,False,até 20 mil
4103206,Bom Sucesso,PR,Paraná,Sul,-23.7063,-51.7671,0,2388,False,até 20 mil
2502300,Bom Sucesso,PB,Paraíba,Nordeste,-6.44176,-37.9234,0,2624,False,até 20 mil
3507159,Bom Sucesso de Itararé,SP,São Paulo,Sudeste,-24.3155,-49.1451,0,56527,False,20–80 mil
4103222,Bom Sucesso do Sul,PR,Paraná,Sul,-26.0731,-52.8353,0,32420,False,20–80 mil
4202453,Bombinhas,SC,Santa Catarina,Sul,-27.1382,-48.5146,0,16497,False,até 20 mil
1400159,Bonfim,RR,Roraima,Norte,3.36161,-59.8333,0,35428,False,20–80 mil
3108107,Bonfim,MG,Minas Gerais,Sudeste,-20.3302,-44.2366,0,2447,False,até 20 mil
2201929,Bonfim do Piauí,PI,Piauí,Nordeste,-9.1605,-42.8865,0,19183,False,até 20 mil
5203559,Bonfinópolis,GO,Goiás,Centro-Oeste,-16.6173,-48.9616,0,14439,False,até 20 mil
3108206,Bonfinópolis de Minas,MG,Minas Gerais,Sudeste,-16.568,-45.9839,0,33106,False,20–80 mil
2904001,Boninal,BA,Bahia,Nordeste,-12.7069,-41.8286,0,10413,False,até 20 mil
2602308,Bonito,PE,Pernambuco,Nordeste,-8.47163,-35.7292,0,6033,False,até 20 mil
2904050,Bonito,BA,Bahia,Nordeste,-11.9668,-41.2647,0,32071,False,20–80 mil
1501600,Bonito,PA,Pará,Norte,-1.36745,-47.3066,0,38174,False,20–80 mil
5002209,Bonito,MS,Mato Grosso do Sul,Centro-Oeste,-21.1261,-56.4836,0,17203,False,até 20 mil
3108255,Bonito de Minas,MG,Minas Gerais,Sudeste,-15.3231,-44.7543,0,4645,False,até 20 mil
2502409,Bonito de Santa Fé,PB,Paraíba,Nordeste,-7.31341,-38.5133,0,6300,False,até 20 mil
5203575,Bonópolis,GO,Goiás,Centro-Oeste,-13.6329,-49.8106,0,6755,False,até 20 mil
2502508,Boqueirão,PB,Paraíba,Nordeste,-7.487,-36.1309,0,19425,False,até 20 mil
4302451,Boqueirão do Leão,RS,Rio Grande do Sul,Sul,-29.3046,-52.4284,0,5445,False,até 20 mil
2201945,Boqueirão do Piauí,PI,Piauí,Nordeste,-4.48181,-42.1212,0,9094,False,até 20 mil
2800670,Boquim,SE,Sergipe,Nordeste,-11.1397,-37.6195,0,9599,False,até 20 mil
2904100,Boquira,BA,Bahia,Nordeste,-12.8205,-42.7324,0,22002,False,20–80 mil
3507209,Borá,SP,São Paulo,Sudeste,-22.2696,-50.5409,0,6083,False,até 20 mil
3507308,Boracéia,SP,São Paulo,Sudeste,-22.1926,-48.7808,0,9089,False,até 20 mil
1300805,Borba,AM,Amazonas,Norte,-4.39154,-59.5874,0,158165,True,80–500 mil
2502706,Borborema,PB,Paraíba,Nordeste,-6.80199,-35.6187,0,1809,False,até 20 mil
3507407,Borborema,SP,São Paulo,Sudeste,-21.6214,-49.0741,0,12213,False,até 20 mil
3108305,Borda da Mata,MG,Minas Gerais,Sudeste,-22.2707,-46.1653,0,14346,False,até 20 mil
3507456,Borebi,SP,São Paulo,Sudeste,-22.5728,-48.9707,0,11931,False,até 20 mil
4103305,Borrazópolis,PR,Paraná,Sul,-23.9366,-51.5875,0,7453,False,até 20 mil
4302501,Bossoroca,RS,Rio Grande do Sul,Sul,-28.7291,-54.9035,0,3563,False,até 20 mil
3108404,Botelhos,MG,Minas Gerais,Sudeste,-21.6412,-46.391,0,2090,False,até 20 mil
3507506,Botucatu,SP,São Paulo,Sudeste,-22.8837,-48.4437,0,27663,False,20–80 mil
3108503,Botumirim,MG,Minas Gerais,Sudeste,-16.8657,-43.0086,0,46964,False,20–80 mil
2904209,Botuporã,BA,Bahia,Nordeste,-13.3772,-42.5163,0,9017,False,até 20 mil
4202701,Botuverá,SC,Santa Catarina,Sul,-27.2007,-49.0689,0,13215,False,até 20 mil
4302584,Bozano,RS,Rio Grande do Sul,Sul,-28.3659,-53.772,0,14764,False,até 20 mil
4202800,Braço do Norte,SC,Santa Catarina,Sul,-28.2681,-49.1701,0,10958,False,até 20 mil
4202859,Braço do Trombudo,SC,Santa Catarina,Sul,-27.3586,-49.8821,0,5073,False,até 20 mil
4302600,Braga,RS,Rio Grande do Sul,Sul,-27.6173,-53.7405,0,3609,False,até 20 mil
1501709,Bragança,PA,Pará,Norte,-1.06126,-46.7826,0,8470,False,até 20 mil
3507605,Bragança Paulista,SP,São Paulo,Sudeste,-22.9527,-46.5419,0,60071,False,20–80 mil
4103354,Braganey,PR,Paraná,Sul,-24.8173,-53.1218,0,16318,False,até 20 mil
2701100,Branquinha,AL,Alagoas,Nordeste,-9.23342,-36.0162,0,7891,False,até 20 mil
3108701,Brás Pires,MG,Minas Gerais,Sudeste,-20.8419,-43.2406,0,8235,False,até 20 mil
1501725,Brasil Novo,PA,Pará,Norte,-3.29792,-52.534,0,13401,False,até 20 mil
5002308,Brasilândia,MS,Mato Grosso do Sul,Centro-Oeste,-21.2544,-52.0365,0,6534,False,até 20 mil
3108552,Brasilândia de Minas,MG,Minas Gerais,Sudeste,-16.9999,-46.0081,0,13274,False,até 20 mil
4103370,Brasilândia do Sul,PR,Paraná,Sul,-24.1978,-53.5275,0,5495,False,até 20 mil
1703602,Brasilândia do Tocantins,TO,Tocantins,Norte,-8.38918,-48.4822,0,3157,False,até 20 mil
1200104,Brasiléia,AC,Acre,Norte,-10.995,-68.7497,0,34144,False,20–80 mil
2201960,Brasileira,PI,Piauí,Nordeste,-4.1337,-41.7859,0,800,False,até 20 mil
5300108,Brasília,DF,Distrito Federal,Centro-Oeste,-15.7795,-47.9297,1,2817381,True,acima de 500 mil
3108602,Brasília de Minas,MG,Minas Gerais,Sudeste,-16.2104,-44.4299,0,124606,True,80–500 mil
5101902,Brasnorte,MT,Mato Grosso,Centro-Oeste,-12.1474,-57.9833,0,5735,False,até 20 mil
3507704,Braúna,SP,São Paulo,Sudeste,-21.499,-50.3175,0,121522,True,80–500 mil
3108800,Braúnas,MG,Minas Gerais,Sudeste,-19.0562,-42.7099,0,51156,False,20–80 mil
5203609,Brazabrantes,GO,Goiás,Centro-Oeste,-16.4281,-49.3863,0,10549,False,até 20 mil
3108909,Brazópolis,MG,Minas Gerais,Sudeste,-22.4743,-45.6166,0,6887,False,até 20 mil
2602407,Brejão,PE,Pernambuco,Nordeste,-9.02915,-36.566,0,18946,False,até 20 mil
3201159,Brejetuba,ES,Espírito Santo,Sudeste,-20.1395,-41.2954,0,2575,False,até 20 mil
2401800,Brejinho,RN,Rio Grande do Norte,Nordeste,-6.18566,-35.3591,0,26193,False,20–80 mil
2602506,Brejinho,PE,Pernambuco,Nordeste,-7.34694,-37.2865,0,16504,False,até 20 mil
1703701,Brejinho de Nazaré,TO,Tocantins,Norte,-11.0058,-48.5683,0,5777,False,até 20 mil
2102101,Brejo,MA,Maranhão,Nordeste,-3.67796,-42.7527,0,1437,False,até 20 mil
3507753,Brejo Alegre,SP,São Paulo,Sudeste,-21.1651,-50.1861,0,42880,False,20–80 mil
2602605,Brejo da Madre de Deus,PE,Pernambuco,Nordeste,-8.14933,-36.3741,0,142290,True,80–500 mil
2102150,Brejo de Areia,MA,Maranhão,Nordeste,-4.334,-45.581,0,10311,False,até 20 mil
2502805,Brejo do Cruz,PB,Paraíba,Nordeste,-6.34185,-37.4943,0,1248,False,até 20 mil
2201988,Brejo do Piauí,PI,Piauí,Nordeste,-8.20314,-42.8229,0,1558,False,até 20 mil
2502904,Brejo dos Santos,PB,Paraíba,Nordeste,-6.37065,-37.8253,0,19351,False,até 20 mil
2800704,Brejo Grande,SE,Sergipe,Nordeste,-10.4297,-36.4611,0,11430,False,até 20 mil
1501758,Brejo Grande do Araguaia,PA,Pará,Norte,-5.69822,-48.4103,0,23231,False,20–80 mil
2302503,Brejo Santo,CE,Ceará,Nordeste,-7.48469,-38.9799,0,39986,False,20–80 mil
2904308,Brejões,BA,Bahia,Nordeste,-13.1039,-39.7988,0,11771,False,até 20 mil
2904407,Brejolândia,BA,Bahia,Nordeste,-12.4815,-43.9679,0,3006,False,até 20 mil
1501782,Breu Branco,PA,Pará,Norte,-3.77191,-49.5735,0,62957,False,20–80 mil
1501808,Breves,PA,Pará,Norte,-1.68036,-50.4791,0,10825,False,até 20 mil
5203807,Britânia,GO,Goiás,Centro-Oeste,-15.2428,-51.1602,0,100404,True,80–500 mil
4302659,Brochier,RS,Rio Grande do Sul,Sul,-29.5501,-51.5945,0,23171,False,20–80 mil
3507803,Brodowski,SP,São Paulo,Sudeste,-20.9845,-47.6572,0,18712,False,até 20 mil
3507902,Brotas,SP,São Paulo,Sudeste,-22.2795,-48.1251,0,3092,False,até 20 mil
2904506,Brotas de Macaúbas,BA,Bahia,Nordeste,-11.9915,-42.6326,0,10495,False,até 20 mil
3109006,Brumadinho,MG,Minas Gerais,Sudeste,-20.151,-44.2007,0,5024,False,até 20 mil
2904605,Brumado,BA,Bahia,Nordeste,-14.2021,-41.6696,0,10174,False,até 20 mil
4202875,Brunópolis,SC,Santa Catarina,Sul,-27.3058,-50.8684,0,66166,False,20–80 mil
4202909,Brusque,SC,Santa Catarina,Sul,-27.0977,-48.9107,0,3234,False,até 20 mil
3109105,Bueno Brandão,MG,Minas Gerais,Sudeste,-22.4383,-46.3491,0,6744,False,até 20 mil
3109204,Buenópolis,MG,Minas Gerais,Sudeste,-17.8744,-44.1775,0,16906,False,até 20 mil
2602704,Buenos Aires,PE,Pernambuco,Nordeste,-7.72449,-35.3182,0,155781,True,80–500 mil
2904704,Buerarema,BA,Bahia,Nordeste,-14.9595,-39.3028,0,17607,False,até 20 mil
3109253,Bugre,MG,Minas Gerais,Sudeste,-19.4231,-42.2552,0,8594,False,até 20 mil
2602803,Buíque,PE,Pernambuco,Nordeste,-8.61954,-37.1606,0,3006,False,até 20 mil
1200138,Bujari,AC,Acre,Norte,-9.81528,-67.955,0,34144,False,20–80 mil
1501907,Bujaru,PA,Pará,Norte,-1.51762,-48.0381,0,2774,False,até 20 mil
3508009,Buri,SP,São Paulo,Sudeste,-23.7977,-48.5958,0,33018,False,20–80 mil
3508108,Buritama,SP,São Paulo,Sudeste,-21.0661,-50.1475,0,31430,False,20–80 mil
2102200,Buriti,MA,Maranhão,Nordeste,-3.94169,-42.9179,0,3913,False,até 20 mil
5203906,Buriti Alegre,GO,Goiás,Centro-Oeste,-18.1378,-49.0404,0,10508,False,até 20 mil
2102309,Buriti Bravo,MA,Maranhão,Nordeste,-5.83239,-43.8353,0,10681,False,até 20 mil
5203939,Buriti de Goiás,GO,Goiás,Centro-Oeste,-16.1792,-50.4302,0,19965,False,até 20 mil
1703800,Buriti do Tocantins,TO,Tocantins,Norte,-5.31448,-48.2271,0,26961,False,20–80 mil
2202000,Buriti dos Lopes,PI,Piauí,Nordeste,-3.18259,-41.8695,0,31264,False,20–80 mil
2202026,Buriti dos Montes,PI,Piauí,Nordeste,-5.30584,-41.0933,0,9330,False,até 20 mil
2102325,Buriticupu,MA,Maranhão,Nordeste,-4.32375,-46.4409,0,2017,False,até 20 mil
5203962,Buritinópolis,GO,Goiás,Centro-Oeste,-14.4772,-46.4076,0,9809,False,até 20 mil
2904753,Buritirama,BA,Bahia,Nordeste,-10.7171,-43.6302,0,7404,False,até 20 mil
2102358,Buritirana,MA,Maranhão,Nordeste,-5.59823,-47.0131,0,5072,False,até 20 mil
1100452,Buritis,RO,Rondônia,Norte,-10.1943,-63.8324,0,7352,False,até 20 mil
3109303,Buritis,MG,Minas Gerais,Sudeste,-15.6218,-46.4221,0,6247,False,até 20 mil
3508207,Buritizal,SP,São Paulo,Sudeste,-20.1911,-47.7096,0,37361,False,20–80 mil
3109402,Buritizeiro,MG,Minas Gerais,Sudeste,-17.3656,-44.9606,0,48458,False,20–80 mil
4302709,Butiá,RS,Rio Grande do Sul,Sul,-30.1179,-51.9601,0,5811,False,até 20 mil
1300839,Caapiranga,AM,Amazonas,Norte,-3.31537,-61.2206,0,56359,False,20–80 mil
2503001,Caaporã,PB,Paraíba,Nordeste,-7.51351,-34.9055,0,4028,False,até 20 mil
5002407,Caarapó,MS,Mato Grosso do Sul,Centro-Oeste,-22.6368,-54.8209,0,4669,False,até 20 mil
2904803,Caatiba,BA,Bahia,Nordeste,-14.9699,-40.4092,0,22910,False,20–80 mil
2503100,Cabaceiras,PB,Paraíba,Nordeste,-7.48899,-36.287,0,5079,False,até 20 mil
2904852,Cabaceiras do Paraguaçu,BA,Bahia,Nordeste,-12.5317,-39.1902,0,41549,False,20–80 mil
3109451,Cabeceira Grande,MG,Minas Gerais,Sudeste,-16.0335,-47.0862,0,8509,False,até 20 mil
5204003,Cabeceiras,GO,Goiás,Centro-Oeste,-15.7995,-46.9265,0,13765,False,até 20 mil
2202059,Cabeceiras do Piauí,PI,Piauí,Nordeste,-4.4773,-42.3069,0,2593,False,até 20 mil
2503209,Cabedelo,PB,Paraíba,Nordeste,-6.98731,-34.8284,0,1014,False,até 20 mil
1100031,Cabixi,RO,Rondônia,Norte,-13.4945,-60.552,0,35945,False,20–80 mil
2602902,Cabo de Santo Agostinho,PE,Pernambuco,Nordeste,-8.28218,-35.0253,0,291437,True,80–500 mil
3300704,Cabo Frio,RJ,Rio de Janeiro,Sudeste,-22.8894,-42.0286,0,38051,False,20–80 mil
3109501,Cabo Verde,MG,Minas Gerais,Sudeste,-21.4699,-46.3919,0,121067,True,80–500 mil
3508306,Cabrália Paulista,SP,São Paulo,Sudeste,-22.4576,-49.3393,0,309910,True,80–500 mil
3508405,Cabreúva,SP,São Paulo,Sudeste,-23.3053,-47.1362,0,119591,True,80–500 mil
2603009,Cabrobó,PE,Pernambuco,Nordeste,-8.50548,-39.3094,0,6853,False,até 20 mil
4203006,Caçador,SC,Santa Catarina,Sul,-26.7757,-51.012,0,16435,False,até 20 mil
3508504,Caçapava,SP,São Paulo,Sudeste,-23.0992,-45.7076,0,72456,False,20–80 mil
4302808,Caçapava do Sul,RS,Rio Grande do Sul,Sul,-30.5144,-53.4827,0,3727,False,até 20 mil
1100601,Cacaulândia,RO,Rondônia,Norte,-10.349,-62.9043,0,6040,False,até 20 mil
4302907,Cacequi,RS,Rio Grande do Sul,Sul,-29.8883,-54.822,0,1918,False,até 20 mil
5102504,Cáceres,MT,Mato Grosso,Centro-Oeste,-16.0764,-57.6818,0,82929,True,80–500 mil
2904902,Cachoeira,BA,Bahia,Nordeste,-12.5994,-38.9587,0,16181,False,até 20 mil
5204102,Cachoeira Alta,GO,Goiás,Centro-Oeste,-18.7618,-50.9432,0,12749,False,até 20 mil
3109600,Cachoeira da Prata,MG,Minas Gerais,Sudeste,-19.521,-44.4544,0,10661,False,até 20 mil
5204201,Cachoeira de Goiás,GO,Goiás,Centro-Oeste,-16.6635,-50.646,0,20738,False,20–80 mil
3109709,Cachoeira de Minas,MG,Minas Gerais,Sudeste,-22.3511,-45.7809,0,68762,False,20–80 mil
3102704,Cachoeira de Pajeú,MG,Minas Gerais,Sudeste,-15.9688,-41.4948,0,14294,False,até 20 mil
1502004,Cachoeira do Arari,PA,Pará,Norte,-1.01226,-48.9503,0,2557,False,até 20 mil
1501956,Cachoeira do Piriá,PA,Pará,Norte,-1.75974,-46.5459,0,5268,False,até 20 mil
4303004,Cachoeira do Sul,RS,Rio Grande do Sul,Sul,-30.033,-52.8928,0,10060,False,até 20 mil
2503308,Cachoeira dos Índios,PB,Paraíba,Nordeste,-6.91353,-38.676,0,3705,False,até 20 mil
5204250,Cachoeira Dourada,GO,Goiás,Centro-Oeste,-18.4859,-49.4766,0,45634,False,20–80 mil
3109808,Cachoeira Dourada,MG,Minas Gerais,Sudeste,-18.5161,-49.5039,0,27828,False,20–80 mil
2102374,Cachoeira Grande,MA,Maranhão,Nordeste,-2.93074,-44.0528,0,13809,False,até 20 mil
3508603,Cachoeira Paulista,SP,São Paulo,Sudeste,-22.6665,-45.0154,0,10603,False,até 20 mil
3300803,Cachoeiras de Macacu,RJ,Rio de Janeiro,Sudeste,-22.4658,-42.6523,0,28717,False,20–80 mil
1703826,Cachoeirinha,TO,Tocantins,Norte,-6.1156,-47.9234,0,13790,False,até 20 mil
2603108,Cachoeirinha,PE,Pernambuco,Nordeste,-8.48668,-36.2402,0,55160,False,20–80 mil
4303103,Cachoeirinha,RS,Rio Grande do Sul,Sul,-29.9472,-51.1016,0,20386,False,20–80 mil
3201209,Cachoeiro de Itapemirim,ES,Espírito Santo,Sudeste,-20.8462,-41.1198,0,3409,False,até 20 mil
2503407,Cacimba de Areia,PB,Paraíba,Nordeste,-7.12128,-37.1563,0,7755,False,até 20 mil
2503506,Cacimba de Dentro,PB,Paraíba,Nordeste,-6.6386,-35.7778,0,21760,False,20–80 mil
2503555,Cacimbas,PB,Paraíba,Nordeste,-7.20721,-37.0604,0,3348,False,até 20 mil
2701209,Cacimbinhas,AL,Alagoas,Nordeste,-9.40121,-36.9911,0,38032,False,20–80 mil
4303202,Cacique Doble,RS,Rio Grande do Sul,Sul,-27.767,-51.6597,0,10286,False,até 20 mil
1100049,Cacoal,RO,Rondônia,Norte,-11.4343,-61.4562,0,35041,False,20–80 mil
3508702,Caconde,SP,São Paulo,Sudeste,-21.528,-46.6437,0,17377,False,até 20 mil
5204300,Caçu,GO,Goiás,Centro-Oeste,-18.5594,-51.1328,0,77551,False,20–80 mil
2905008,Caculé,BA,Bahia,Nordeste,-14.5003,-42.2229,0,20082,False,20–80 mil
2905107,Caém,BA,Bahia,Nordeste,-11.0677,-40.432,0,14460,False,até 20 mil
3109907,Caetanópolis,MG,Minas Gerais,Sudeste,-19.2971,-44.4189,0,4348,False,até 20 mil
2905156,Caetanos,BA,Bahia,Nordeste,-14.3347,-40.9175,0,13640,False,até 20 mil
3110004,Caeté,MG,Minas Gerais,Sudeste,-19.8826,-43.6704,0,3772,False,até 20 mil
2603207,Caetés,PE,Pernambuco,Nordeste,-8.7803,-36.6268,0,54546,False,20–80 mil
2905206,Caetité,BA,Bahia,Nordeste,-14.0684,-42.4861,0,6167,False,até 20 mil
2905305,Cafarnaum,BA,Bahia,Nordeste,-11.6914,-41.4688,0,19318,False,até 20 mil
4103404,Cafeara,PR,Paraná,Sul,-22.789,-51.7142,0,68359,False,20–80 mil
3508801,Cafelândia,SP,São Paulo,Sudeste,-21.8031,-49.6092,0,27525,False,20–80 mil
4103453,Cafelândia,PR,Paraná,Sul,-24.6189,-53.3207,0,4271,False,até 20 mil
4103479,Cafezal do Sul,PR,Paraná,Sul,-23.9005,-53.5124,0,7728,False,até 20 mil
3508900,Caiabu,SP,São Paulo,Sudeste,-22.0127,-51.2394,0,13020,False,até 20 mil
3110103,Caiana,MG,Minas Gerais,Sudeste,-20.6956,-41.9292,0,15998,False,até 20 mil
5204409,Caiapônia,GO,Goiás,Centro-Oeste,-16.9539,-51.8091,0,17803,False,até 20 mil
4303301,Caibaté,RS,Rio Grande do Sul,Sul,-28.2905,-54.6454,0,89372,True,80–500 mil
4203105,Caibi,SC,Santa Catarina,Sul,-27.0741,-53.2458,0,7219,False,até 20 mil
4303400,Caiçara,RS,Rio Grande do Sul,Sul,-27.2791,-53.4257,0,36703,False,20–80 mil
2503605,Caiçara,PB,Paraíba,Nordeste,-6.62115,-35.4581,0,48413,False,20–80 mil
2401859,Caiçara do Norte,RN,Rio Grande do Norte,Nordeste,-5.07091,-36.0717,0,25514,False,20–80 mil
2401909,Caiçara do Rio do Vento,RN,Rio Grande do Norte,Nordeste,-5.76541,-35.9938,0,8381,False,até 20 mil
2402006,Caicó,RN,Rio Grande do Norte,Nordeste,-6.45441,-37.1067,0,43059,False,20–80 mil
3509007,Caieiras,SP,São Paulo,Sudeste,-23.3607,-46.7397,0,52981,False,20–80 mil
2905404,Cairu,BA,Bahia,Nordeste,-13.4904,-39.0465,0,12254,False,até 20 mil
3509106,Caiuá,SP,São Paulo,Sudeste,-21.8322,-51.9969,0,45242,False,20–80 mil
3509205,Cajamar,SP,São Paulo,Sudeste,-23.355,-46.8781,0,9228,False,até 20 mil
2102408,Cajapió,MA,Maranhão,Nordeste,-2.87326,-44.6741,0,17543,False,até 20 mil
2102507,Cajari,MA,Maranhão,Nordeste,-3.32742,-45.0145,0,18561,False,até 20 mil
3509254,Cajati,SP,São Paulo,Sudeste,-24.7324,-48.1223,0,113968,True,80–500 mil
2503704,Cajazeiras,PB,Paraíba,Nordeste,-6.88004,-38.5577,0,3683,False,até 20 mil
2202075,Cajazeiras do Piauí,PI,Piauí,Nordeste,-6.79667,-42.3903,0,4971,False,até 20 mil
2503753,Cajazeirinhas,PB,Paraíba,Nordeste,-6.96016,-37.8009,0,3689,False,até 20 mil
3509304,Cajobi,SP,São Paulo,Sudeste,-20.8773,-48.8063,0,34191,False,20–80 mil
2701308,Cajueiro,AL,Alagoas,Nordeste,-9.3994,-36.1559,0,66868,False,20–80 mil
2202083,Cajueiro da Praia,PI,Piauí,Nordeste,-2.93111,-41.3408,0,6084,False,até 20 mil
3110202,Cajuri,MG,Minas Gerais,Sudeste,-20.7903,-42.7925,0,28623,False,20–80 mil
3509403,Cajuru,SP,São Paulo,Sudeste,-21.2749,-47.303,0,4561,False,até 20 mil
2603306,Calçado,PE,Pernambuco,Nordeste,-8.73108,-36.3366,0,6273,False,até 20 mil
1600204,Calçoene,AP,Amapá,Norte,2.50475,-50.9512,0,38761,False,20–80 mil
3110301,Caldas,MG,Minas Gerais,Sudeste,-21.9183,-46.3843,0,10085,False,até 20 mil
2503803,Caldas Brandão,PB,Paraíba,Nordeste,-7.1025,-35.3272,0,42425,False,20–80 mil
5204508,Caldas Novas,GO,Goiás,Centro-Oeste,-17.7441,-48.6246,0,24223,False,20–80 mil
5204557,Caldazinha,GO,Goiás,Centro-Oeste,-16.7117,-49.0013,0,3571,False,até 20 mil
2905503,Caldeirão Grande,BA,Bahia,Nordeste,-11.0208,-40.2956,0,136370,True,80–500 mil
2202091,Caldeirão Grande do Piauí,PI,Piauí,Nordeste,-7.3314,-40.6366,0,13469,False,até 20 mil
4103503,Califórnia,PR,Paraná,Sul,-23.6566,-51.3574,0,12607,False,até 20 mil
4203154,Calmon,SC,Santa Catarina,Sul,-26.5942,-51.095,0,71132,False,20–80 mil
2603405,Calumbi,PE,Pernambuco,Nordeste,-7.93551,-38.1482,0,32269,False,20–80 mil
2905602,Camacan,BA,Bahia,Nordeste,-15.4142,-39.4919,0,76982,False,20–80 mil
2905701,Camaçari,BA,Bahia,Nordeste,-12.6996,-38.3263,0,20849,False,20–80 mil
3110400,Camacho,MG,Minas Gerais,Sudeste,-20.6294,-45.1593,0,2344,False,até 20 mil
2503902,Camalaú,PB,Paraíba,Nordeste,-7.88503,-36.8242,0,9868,False,até 20 mil
2905800,Camamu,BA,Bahia,Nordeste,-13.9398,-39.1071,0,5892,False,até 20 mil
3110509,Camanducaia,MG,Minas Gerais,Sudeste,-22.7515,-46.1494,0,2161,False,até 20 mil
5002605,Camapuã,MS,Mato Grosso do Sul,Centro-Oeste,-19.5347,-54.0431,0,20252,False,20–80 mil
4303509,Camaquã,RS,Rio Grande do Sul,Sul,-30.8489,-51.8043,0,5429,False,até 20 mil
2603454,Camaragibe,PE,Pernambuco,Nordeste,-8.02351,-34.9782,0,16663,False,até 20 mil
4303558,Camargo,RS,Rio Grande do Sul,Sul,-28.588,-52.2003,0,5367,False,até 20 mil
4103602,Cambará,PR,Paraná,Sul,-23.0423,-50.0753,0,3369,False,até 20 mil
4303608,Cambará do Sul,RS,Rio Grande do Sul,Sul,-29.0474,-50.1465,0,12766,False,até 20 mil
4103701,Cambé,PR,Paraná,Sul,-23.2766,-51.2798,0,16113,False,até 20 mil
4103800,Cambira,PR,Paraná,Sul,-23.589,-51.5792,0,65966,False,20–80 mil
4203204,Camboriú,SC,Santa Catarina,Sul,-27.0241,-48.6503,0,3801,False,até 20 mil
3300902,Cambuci,RJ,Rio de Janeiro,Sudeste,-21.5691,-41.9187,0,241424,True,80–500 mil
3110608,Cambuí,MG,Minas Gerais,Sudeste,-22.6115,-46.0572,0,2008,False,até 20 mil
3110707,Cambuquira,MG,Minas Gerais,Sudeste,-21.854,-45.2896,0,1380,False,até 20 mil
1502103,Cametá,PA,Pará,Norte,-2.24295,-49.4979,0,4965,False,até 20 mil
2302602,Camocim,CE,Ceará,Nordeste,-2.9005,-40.8544,0,29782,False,20–80 mil
2603504,Camocim de São Félix,PE,Pernambuco,Nordeste,-8.35865,-35.7653,0,34511,False,20–80 mil
3110806,Campanário,MG,Minas Gerais,Sudeste,-18.2427,-41.7355,0,10883,False,até 20 mil
3110905,Campanha,MG,Minas Gerais,Sudeste,-21.836,-45.4004,0,33260,False,20–80 mil
3111002,Campestre,MG,Minas Gerais,Sudeste,-21.7079,-46.2381,0,9507,False,até 20 mil
2701357,Campestre,AL,Alagoas,Nordeste,-8.84723,-35.5685,0,17039,False,até 20 mil
4303673,Campestre da Serra,RS,Rio Grande do Sul,Sul,-28.7926,-51.0941,0,3029,False,até 20 mil
5204607,Campestre de Goiás,GO,Goiás,Centro-Oeste,-16.7624,-49.695,0,11498,False,até 20 mil
2102556,Campestre do Maranhão,MA,Maranhão,Nordeste,-6.17075,-47.3625,0,2744,False,até 20 mil
4103909,Campina da Lagoa,PR,Paraná,Sul,-24.5893,-52.7976,0,6531,False,até 20 mil
4303707,Campina das Missões,RS,Rio Grande do Sul,Sul,-27.9888,-54.8416,0,27468,False,20–80 mil
3509452,Campina do Monte Alegre,SP,São Paulo,Sudeste,-23.5895,-48.4758,0,28874,False,20–80 mil
4103958,Campina do Simão,PR,Paraná,Sul,-25.0802,-51.8237,0,17300,False,até 20 mil
2504009,Campina Grande,PB,Paraíba,Nordeste,-7.22196,-35.8731,0,4261,False,até 20 mil
4104006,Campina Grande do Sul,PR,Paraná,Sul,-25.3044,-49.0551,0,800,False,até 20 mil
3111101,Campina Verde,MG,Minas Gerais,Sudeste,-19.5382,-49.4862,0,803,False,até 20 mil
5204656,Campinaçu,GO,Goiás,Centro-Oeste,-13.787,-48.5704,0,35628,False,20–80 mil
5102603,Campinápolis,MT,Mato Grosso,Centro-Oeste,-14.5162,-52.893,0,10012,False,até 20 mil
3509502,Campinas,SP,São Paulo,Sudeste,-22.9053,-47.0659,0,41627,False,20–80 mil
2202109,Campinas do Piauí,PI,Piauí,Nordeste,-7.6593,-41.8775,0,1346,False,até 20 mil
4303806,Campinas do Sul,RS,Rio Grande do Sul,Sul,-27.7174,-52.6248,0,11335,False,até 20 mil
5204706,Campinorte,GO,Goiás,Centro-Oeste,-14.3137,-49.1511,0,32831,False,20–80 mil
4203303,Campo Alegre,SC,Santa Catarina,Sul,-26.195,-49.2676,0,4573,False,até 20 mil
2701407,Campo Alegre,AL,Alagoas,Nordeste,-9.78451,-36.3525,0,7665,False,até 20 mil
5204805,Campo Alegre de Goiás,GO,Goiás,Centro-Oeste,-17.6363,-47.7768,0,15984,False,até 20 mil
2905909,Campo Alegre de Lourdes,BA,Bahia,Nordeste,-9.52221,-43.0126,0,4012,False,até 20 mil
2202117,Campo Alegre do Fidalgo,PI,Piauí,Nordeste,-8.38236,-41.8344,0,2378,False,até 20 mil
3111150,Campo Azul,MG,Minas Gerais,Sudeste,-16.5028,-44.8096,0,7822,False,até 20 mil
3111200,Campo Belo,MG,Minas Gerais,Sudeste,-20.8932,-45.2699,0,8066,False,até 20 mil
4203402,Campo Belo do Sul,SC,Santa Catarina,Sul,-27.8975,-50.7595,0,3533,False,até 20 mil
4303905,Campo Bom,RS,Rio Grande do Sul,Sul,-29.6747,-51.0606,0,10097,False,até 20 mil
4104055,Campo Bonito,PR,Paraná,Sul,-25.0294,-52.9939,0,10732,False,até 20 mil
2801009,Campo do Brito,SE,Sergipe,Nordeste,-10.7392,-37.4954,0,11520,False,até 20 mil
3111309,Campo do Meio,MG,Minas Gerais,Sudeste,-21.1127,-45.8273,0,96776,True,80–500 mil
4104105,Campo do Tenente,PR,Paraná,Sul,-25.98,-49.6844,0,7938,False,até 20 mil
4203501,Campo Erê,SC,Santa Catarina,Sul,-26.3931,-53.0856,0,14656,False,até 20 mil
3111408,Campo Florido,MG,Minas Gerais,Sudeste,-19.7631,-48.5716,0,1942,False,até 20 mil
2906006,Campo Formoso,BA,Bahia,Nordeste,-10.5105,-40.32,0,50559,False,20–80 mil
2701506,Campo Grande,AL,Alagoas,Nordeste,-9.95542,-36.7926,0,7798,False,até 20 mil
5002704,Campo Grande,MS,Mato Grosso do Sul,Centro-Oeste,-20.4486,-54.6295,1,892300,True,acima de 500 mil
2202133,Campo Grande do Piauí,PI,Piauí,Nordeste,-7.12827,-41.0315,0,8096,False,até 20 mil
4104204,Campo Largo,PR,Paraná,Sul,-25.4525,-49.529,0,4553,False,até 20 mil
2202174,Campo Largo do Piauí,PI,Piauí,Nordeste,-3.80441,-42.64,0,5373,False,até 20 mil
5204854,Campo Limpo de Goiás,GO,Goiás,Centro-Oeste,-16.2971,-49.0895,0,33577,False,20–80 mil
3509601,Campo Limpo Paulista,SP,São Paulo,Sudeste,-23.2078,-46.7889,0,89076,True,80–500 mil
4104253,Campo Magro,PR,Paraná,Sul,-25.3687,-49.4501,0,36805,False,20–80 mil
2202208,Campo Maior,PI,Piauí,Nordeste,-4.8217,-42.1641,0,11248,False,até 20 mil
4104303,Campo Mourão,PR,Paraná,Sul,-24.0463,-52.378,0,7824,False,até 20 mil
4304002,Campo Novo,RS,Rio Grande do Sul,Sul,-27.6792,-53.8052,0,16212,False,até 20 mil
1100700,Campo Novo de Rondônia,RO,Rondônia,Norte,-10.5712,-63.6266,0,14775,False,até 20 mil
5102637,Campo Novo do Parecis,MT,Mato Grosso,Centro-Oeste,-13.6587,-57.8907,0,40821,False,20–80 mil
2402105,Campo Redondo,RN,Rio Grande do Norte,Nordeste,-6.23829,-36.1888,0,12039,False,até 20 mil
5102678,Campo Verde,MT,Mato Grosso,Centro-Oeste,-15.545,-55.1626,0,13153,False,até 20 mil
3111507,Campos Altos,MG,Minas Gerais,Sudeste,-19.6914,-46.1725,0,6278,False,até 20 mil
5204904,Campos Belos,GO,Goiás,Centro-Oeste,-13.035,-46.7681,0,21729,False,20–80 mil
4304101,Campos Borges,RS,Rio Grande do Sul,Sul,-28.8871,-53.0008,0,50663,False,20–80 mil
5102686,Campos de Júlio,MT,Mato Grosso,Centro-Oeste,-13.7242,-59.2858,0,24486,False,20–80 mil
3509700,Campos do Jordão,SP,São Paulo,Sudeste,-22.7296,-45.5833,0,21077,False,20–80 mil
3301009,Campos dos Goytacazes,RJ,Rio de Janeiro,Sudeste,-21.7622,-41.3181,0,70740,False,20–80 mil
3111606,Campos Gerais,MG,Minas Gerais,Sudeste,-21.237,-45.7569,0,63006,False,20–80 mil
1703842,Campos Lindos,TO,Tocantins,Norte,-7.98956,-46.8645,0,13615,False,até 20 mil
4203600,Campos Novos,SC,Santa Catarina,Sul,-27.4002,-51.2276,0,2267,False,até 20 mil
3509809,Campos Novos Paulista,SP,São Paulo,Sudeste,-22.602,-49.9987,0,75956,False,20–80 mil
2302701,Campos Sales,CE,Ceará,Nordeste,-7.06761,-40.3687,0,8057,False,até 20 mil
5204953,Campos Verdes,GO,Goiás,Centro-Oeste,-14.2442,-49.6528,0,47425,False,20–80 mil
2603603,Camutanga,PE,Pernambuco,Nordeste,-7.40545,-35.2664,0,24173,False,20–80 mil
3111903,Cana Verde,MG,Minas Gerais,Sudeste,-21.0232,-45.1801,0,15828,False,até 20 mil
3111705,Canaã,MG,Minas Gerais,Sudeste,-20.6869,-42.6167,0,17929,False,até 20 mil
1502152,Canaã dos Carajás,PA,Pará,Norte,-6.49659,-49.8776,0,17758,False,até 20 mil
5102694,Canabrava do Norte,MT,Mato Grosso,Centro-Oeste,-11.0556,-51.8209,0,13413,False,até 20 mil
3509908,Cananéia,SP,São Paulo,Sudeste,-25.0144,-47.9341,0,37535,False,20–80 mil
2701605,Canapi,AL,Alagoas,Nordeste,-9.11932,-37.5967,0,39508,False,20–80 mil
2906105,Canápolis,BA,Bahia,Nordeste,-13.0725,-44.201,0,18209,False,até 20 mil
3111804,Canápolis,MG,Minas Gerais,Sudeste,-18.7212,-49.2035,0,10945,False,até 20 mil
2906204,Canarana,BA,Bahia,Nordeste,-11.6858,-41.7677,0,23128,False,20–80 mil
5102702,Canarana,MT,Mato Grosso,Centro-Oeste,-13.5515,-52.2705,0,44466,False,20–80 mil
3509957,Canas,SP,São Paulo,Sudeste,-22.7003,-45.0521,0,7191,False,até 20 mil
2202251,Canavieira,PI,Piauí,Nordeste,-7.68821,-43.7233,0,1551,False,até 20 mil
2906303,Canavieiras,BA,Bahia,Nordeste,-15.6722,-38.9536,0,2001,False,até 20 mil
2906402,Candeal,BA,Bahia,Nordeste,-11.8049,-39.1203,0,37829,False,20–80 mil
2906501,Candeias,BA,Bahia,Nordeste,-12.6716,-38.5472,0,22483,False,20–80 mil
3112000,Candeias,MG,Minas Gerais,Sudeste,-20.7692,-45.2765,0,13870,False,até 20 mil
1100809,Candeias do Jamari,RO,Rondônia,Norte,-8.7907,-63.7005,0,63584,False,20–80 mil
4304200,Candelária,RS,Rio Grande do Sul,Sul,-29.6684,-52.7895,0,9190,False,até 20 mil
2906600,Candiba,BA,Bahia,Nordeste,-14.4097,-42.8667,0,4021,False,até 20 mil
4104402,Cândido de Abreu,PR,Paraná,Sul,-24.5649,-51.3372,0,9215,False,até 20 mil
4304309,Cândido Godói,RS,Rio Grande do Sul,Sul,-27.9515,-54.7517,0,6724,False,até 20 mil
2102606,Cândido Mendes,MA,Maranhão,Nordeste,-1.43265,-45.7161,0,30023,False,20–80 mil
3510005,Cândido Mota,SP,São Paulo,Sudeste,-22.7471,-50.3873,0,6441,False,até 20 mil
3510104,Cândido Rodrigues,SP,São Paulo,Sudeste,-21.3275,-48.6327,0,105029,True,80–500 mil
2906709,Cândido Sales,BA,Bahia,Nordeste,-15.4993,-41.2414,0,8119,False,até 20 mil
4304358,Candiota,RS,Rio Grande do Sul,Sul,-31.5516,-53.6773,0,40032,False,20–80 mil
4104428,Candói,PR,Paraná,Sul,-25.5758,-52.0409,0,7397,False,até 20 mil
4304408,Canela,RS,Rio Grande do Sul,Sul,-29.356,-50.8119,0,22074,False,20–80 mil
4203709,Canelinha,SC,Santa Catarina,Sul,-27.2616,-48.7658,0,6066,False,até 20 mil
2402204,Canguaretama,RN,Rio Grande do Norte,Nordeste,-6.37193,-35.1281,0,18774,False,até 20 mil
4304507,Canguçu,RS,Rio Grande do Sul,Sul,-31.396,-52.6783,0,5350,False,até 20 mil
2801108,Canhoba,SE,Sergipe,Nordeste,-10.1365,-36.9806,0,11860,False,até 20 mil
2603702,Canhotinho,PE,Pernambuco,Nordeste,-8.87652,-36.1979,0,69929,False,20–80 mil
2302800,Canindé,CE,Ceará,Nordeste,-4.35162,-39.3155,0,25475,False,20–80 mil
2801207,Canindé de São Francisco,SE,Sergipe,Nordeste,-9.64882,-37.7923,0,10513,False,até 20 mil
3510153,Canitar,SP,São Paulo,Sudeste,-23.004,-49.7839,0,113864,True,80–500 mil
4304606,Canoas,RS,Rio Grande do Sul,Sul,-29.9128,-51.1857,0,7658,False,até 20 mil
4203808,Canoinhas,SC,Santa Catarina,Sul,-26.1766,-50.395,0,962,False,até 20 mil
2906808,Cansanção,BA,Bahia,Nordeste,-10.6647,-39.4944,0,18228,False,até 20 mil
1400175,Cantá,RR,Roraima,Norte,2.60994,-60.6058,0,35428,False,20–80 mil
3301108,Cantagalo,RJ,Rio de Janeiro,Sudeste,-21.9797,-42.3664,0,642233,True,acima de 500 mil
4104451,Cantagalo,PR,Paraná,Sul,-25.3734,-52.1198,0,1360,False,até 20 mil
3112059,Cantagalo,MG,Minas Gerais,Sudeste,-18.5248,-42.6223,0,22696,False,20–80 mil
2102705,Cantanhede,MA,Maranhão,Nordeste,-3.63757,-44.383,0,4863,False,até 20 mil
2202307,Canto do Buriti,PI,Piauí,Nordeste,-8.1111,-42.9517,0,8881,False,até 20 mil
2906824,Canudos,BA,Bahia,Nordeste,-9.90014,-39.1471,0,14449,False,até 20 mil
4304614,Canudos do Vale,RS,Rio Grande do Sul,Sul,-29.3271,-52.2374,0,9441,False,até 20 mil
1300904,Canutama,AM,Amazonas,Norte,-6.52582,-64.3953,0,12030,False,até 20 mil
1502202,Capanema,PA,Pará,Norte,-1.20529,-47.1778,0,5693,False,até 20 mil
4104501,Capanema,PR,Paraná,Sul,-25.6691,-53.8055,0,3225,False,até 20 mil
4203253,Capão Alto,SC,Santa Catarina,Sul,-27.9389,-50.5098,0,13376,False,até 20 mil
3510203,Capão Bonito,SP,São Paulo,Sudeste,-24.0113,-48.3482,0,43581,False,20–80 mil
4304622,Capão Bonito do Sul,RS,Rio Grande do Sul,Sul,-28.1254,-51.3961,0,11337,False,até 20 mil
4304630,Capão da Canoa,RS,Rio Grande do Sul,Sul,-29.7642,-50.0282,0,1712,False,até 20 mil
4304655,Capão do Cipó,RS,Rio Grande do Sul,Sul,-28.9312,-54.5558,0,1396,False,até 20 mil
4304663,Capão do Leão,RS,Rio Grande do Sul,Sul,-31.7565,-52.4889,0,2869,False,até 20 mil
3112109,Caparaó,MG,Minas Gerais,Sudeste,-20.5289,-41.9061,0,3960,False,até 20 mil
2701704,Capela,AL,Alagoas,Nordeste,-9.41504,-36.0826,0,43747,False,20–80 mil
2801306,Capela,SE,Sergipe,Nordeste,-10.5069,-37.0628,0,17066,False,até 20 mil
4304689,Capela de Santana,RS,Rio Grande do Sul,Sul,-29.6961,-51.328,0,2635,False,até 20 mil
3510302,Capela do Alto,SP,São Paulo,Sudeste,-23.4685,-47.7388,0,158332,True,80–500 mil
2906857,Capela do Alto Alegre,BA,Bahia,Nordeste,-11.6658,-39.8349,0,9890,False,até 20 mil
3112208,Capela Nova,MG,Minas Gerais,Sudeste,-20.9179,-43.622,0,25347,False,20–80 mil
3112307,Capelinha,MG,Minas Gerais,Sudeste,-17.6888,-42.5147,0,2131,False,até 20 mil
3112406,Capetinga,MG,Minas Gerais,Sudeste,-20.6163,-47.0571,0,13846,False,até 20 mil
2504033,Capim,PB,Paraíba,Nordeste,-6.91624,-35.1673,0,6593,False,até 20 mil
3112505,Capim Branco,MG,Minas Gerais,Sudeste,-19.5471,-44.1304,0,11745,False,até 20 mil
2906873,Capim Grosso,BA,Bahia,Nordeste,-11.3797,-40.0089,0,12171,False,até 20 mil
3112604,Capinópolis,MG,Minas Gerais,Sudeste,-18.6862,-49.5706,0,4898,False,até 20 mil
4203907,Capinzal,SC,Santa Catarina,Sul,-27.3473,-51.6057,0,5923,False,até 20 mil
2102754,Capinzal do Norte,MA,Maranhão,Nordeste,-4.7236,-44.328,0,23523,False,20–80 mil
2302909,Capistrano,CE,Ceará,Nordeste,-4.45569,-38.9048,0,79545,False,20–80 mil
4304697,Capitão,RS,Rio Grande do Sul,Sul,-29.2674,-51.9853,0,3750,False,até 20 mil
3112653,Capitão Andrade,MG,Minas Gerais,Sudeste,-19.0748,-41.8614,0,9411,False,até 20 mil
2202406,Capitão de Campos,PI,Piauí,Nordeste,-4.457,-41.944,0,19923,False,até 20 mil
3112703,Capitão Enéas,MG,Minas Gerais,Sudeste,-16.3265,-43.7084,0,4865,False,até 20 mil
2202455,Capitão Gervásio Oliveira,PI,Piauí,Nordeste,-8.49655,-41.814,0,10243,False,até 20 mil
4104600,Capitão Leônidas Marques,PR,Paraná,Sul,-25.4816,-53.6112,0,32241,False,20–80 mil
1502301,Capitão Poço,PA,Pará,Norte,-1.74785,-47.0629,0,9717,False,até 20 mil
3112802,Capitólio,MG,Minas Gerais,Sudeste,-20.6164,-46.0493,0,2968,False,até 20 mil
3510401,Capivari,SP,São Paulo,Sudeste,-22.9951,-47.5071,0,97679,True,80–500 mil
4203956,Capivari de Baixo,SC,Santa Catarina,Sul,-28.4498,-48.9631,0,1998,False,até 20 mil
4304671,Capivari do Sul,RS,Rio Grande do Sul,Sul,-30.1383,-50.5152,0,15306,False,até 20 mil
1200179,Capixaba,AC,Acre,Norte,-10.566,-67.686,0,3701,False,até 20 mil
2603801,Capoeiras,PE,Pernambuco,Nordeste,-8.73423,-36.6306,0,20378,False,20–80 mil
3112901,Caputira,MG,Minas Gerais,Sudeste,-20.1703,-42.2683,0,6539,False,até 20 mil
4304713,Caraá,RS,Rio Grande do Sul,Sul,-29.7869,-50.4316,0,6323,False,até 20 mil
1400209,Caracaraí,RR,Roraima,Norte,1.82766,-61.1304,0,35428,False,20–80 mil
2202505,Caracol,PI,Piauí,Nordeste,-9.27933,-43.329,0,6988,False,até 20 mil
5002803,Caracol,MS,Mato Grosso do Sul,Centro-Oeste,-22.011,-57.0277,0,29598,False,20–80 mil
3510500,Caraguatatuba,SP,São Paulo,Sudeste,-23.6125,-45.4125,0,64807,False,20–80 mil
3113008,Caraí,MG,Minas Gerais,Sudeste,-17.1862,-41.7004,0,2865,False,até 20 mil
2906899,Caraíbas,BA,Bahia,Nordeste,-14.7177,-41.2603,0,10337,False,até 20 mil
4104659,Carambeí,PR,Paraná,Sul,-24.9152,-50.0986,0,1100,False,até 20 mil
3113107,Caranaíba,MG,Minas Gerais,Sudeste,-20.8707,-43.7417,0,13762,False,até 20 mil
3113206,Carandaí,MG,Minas Gerais,Sudeste,-20.9566,-43.811,0,2723,False,até 20 mil
3113305,Carangola,MG,Minas Gerais,Sudeste,-20.7343,-42.0313,0,21115,False,20–80 mil
3300936,Carapebus,RJ,Rio de Janeiro,Sudeste,-22.1821,-41.663,0,79855,False,20–80 mil
3510609,Carapicuíba,SP,São Paulo,Sudeste,-23.5235,-46.8407,0,11212,False,até 20 mil
3113404,Caratinga,MG,Minas Gerais,Sudeste,-19.7868,-42.1292,0,2630,False,até 20 mil
1301001,Carauari,AM,Amazonas,Norte,-4.88161,-66.9086,0,3423,False,até 20 mil
2402303,Caraúbas,RN,Rio Grande do Norte,Nordeste,-5.78387,-37.5586,0,12771,False,até 20 mil
2504074,Caraúbas,PB,Paraíba,Nordeste,-7.72049,-36.492,0,34641,False,20–80 mil
2202539,Caraúbas do Piauí,PI,Piauí,Nordeste,-3.47525,-41.8425,0,5396,False,até 20 mil
2906907,Caravelas,BA,Bahia,Nordeste,-17.7268,-39.2597,0,16130,False,até 20 mil
4304705,Carazinho,RS,Rio Grande do Sul,Sul,-28.2958,-52.7933,0,9451,False,até 20 mil
3113503,Carbonita,MG,Minas Gerais,Sudeste,-17.5255,-43.0137,0,5175,False,até 20 mil
2907004,Cardeal da Silva,BA,Bahia,Nordeste,-11.9472,-37.9469,0,68822,False,20–80 mil
3510708,Cardoso,SP,São Paulo,Sudeste,-20.08,-49.9183,0,205201,True,80–500 mil
3301157,Cardoso Moreira,RJ,Rio de Janeiro,Sudeste,-21.4846,-41.6165,0,27401,False,20–80 mil
3113602,Careaçu,MG,Minas Gerais,Sudeste,-22.0424,-45.696,0,4854,False,até 20 mil
1301100,Careiro,AM,Amazonas,Norte,-3.76803,-60.369,0,47960,False,20–80 mil
1301159,Careiro da Várzea,AM,Amazonas,Norte,-3.314,-59.5557,0,14609,False,até 20 mil
3201308,Cariacica,ES,Espírito Santo,Sudeste,-20.2632,-40.4165,0,27285,False,20–80 mil
2303006,Caridade,CE,Ceará,Nordeste,-4.22514,-39.1912,0,14678,False,até 20 mil
2202554,Caridade do Piauí,PI,Piauí,Nordeste,-7.73435,-40.9848,0,2394,False,até 20 mil
2907103,Carinhanha,BA,Bahia,Nordeste,-14.2985,-43.7724,0,810,False,até 20 mil
2801405,Carira,SE,Sergipe,Nordeste,-10.3524,-37.7002,0,29604,False,20–80 mil
2303105,Cariré,CE,Ceará,Nordeste,-3.94858,-40.476,0,3259,False,até 20 mil
1703867,Cariri do Tocantins,TO,Tocantins,Norte,-11.8881,-49.1609,0,46312,False,20–80 mil
2303204,Caririaçu,CE,Ceará,Nordeste,-7.02808,-39.2828,0,20558,False,20–80 mil
2303303,Cariús,CE,Ceará,Nordeste,-6.52428,-39.4916,0,7767,False,até 20 mil
5102793,Carlinda,MT,Mato Grosso,Centro-Oeste,-9.94912,-55.8417,0,10492,False,até 20 mil
4104709,Carlópolis,PR,Paraná,Sul,-23.4269,-49.7235,0,4822,False,até 20 mil
4304804,Carlos Barbosa,RS,Rio Grande do Sul,Sul,-29.2969,-51.5028,0,1981,False,até 20 mil
3113701,Carlos Chagas,MG,Minas Gerais,Sudeste,-17.6973,-40.7723,0,41449,False,20–80 mil
4304853,Carlos Gomes,RS,Rio Grande do Sul,Sul,-27.7167,-51.9121,0,4583,False,até 20 mil
3113800,Carmésia,MG,Minas Gerais,Sudeste,-19.0877,-43.1382,0,13875,False,até 20 mil
3301207,Carmo,RJ,Rio de Janeiro,Sudeste,-21.931,-42.6046,0,292629,True,80–500 mil
3113909,Carmo da Cachoeira,MG,Minas Gerais,Sudeste,-21.4633,-45.2201,0,7644,False,até 20 mil
3114006,Carmo da Mata,MG,Minas Gerais,Sudeste,-20.5575,-44.8735,0,16700,False,até 20 mil
3114105,Carmo de Minas,MG,Minas Gerais,Sudeste,-22.1204,-45.1307,0,950,False,até 20 mil
3114204,Carmo do Cajuru,MG,Minas Gerais,Sudeste,-20.1912,-44.7664,0,9201,False,até 20 mil
3114303,Carmo do Paranaíba,MG,Minas Gerais,Sudeste,-18.991,-46.3167,0,86840,True,80–500 mil
3114402,Carmo do Rio Claro,MG,Minas Gerais,Sudeste,-20.9736,-46.1149,0,11160,False,até 20 mil
5205000,Carmo do Rio Verde,GO,Goiás,Centro-Oeste,-15.3549,-49.708,0,17411,False,até 20 mil
1703883,Carmolândia,TO,Tocantins,Norte,-7.03262,-48.3978,0,2616,False,até 20 mil
2801504,Carmópolis,SE,Sergipe,Nordeste,-10.6449,-36.9887,0,3340,False,até 20 mil
3114501,Carmópolis de Minas,MG,Minas Gerais,Sudeste,-20.5396,-44.6336,0,10397,False,até 20 mil
2603900,Carnaíba,PE,Pernambuco,Nordeste,-7.79342,-37.7946,0,15593,False,até 20 mil
2402402,Carnaúba dos Dantas,RN,Rio Grande do Norte,Nordeste,-6.55015,-36.5868,0,12287,False,até 20 mil
2402501,Carnaubais,RN,Rio Grande do Norte,Nordeste,-5.34181,-36.8335,0,4168,False,até 20 mil
2303402,Carnaubal,CE,Ceará,Nordeste,-4.15985,-40.9413,0,14382,False,até 20 mil
2603926,Carnaubeira da Penha,PE,Pernambuco,Nordeste,-8.31799,-38.7512,0,62626,False,20–80 mil
3114550,Carneirinho,MG,Minas Gerais,Sudeste,-19.6987,-50.6894,0,17632,False,até 20 mil
2701803,Carneiros,AL,Alagoas,Nordeste,-9.48476,-37.3773,0,35104,False,20–80 mil
1400233,Caroebe,RR,Roraima,Norte,0.884203,-59.6959,0,35428,False,20–80 mil
2102804,Carolina,MA,Maranhão,Nordeste,-7.33584,-47.4634,0,11590,False,até 20 mil
2604007,Carpina,PE,Pernambuco,Nordeste,-7.84566,-35.2514,0,35514,False,20–80 mil
3114600,Carrancas,MG,Minas Gerais,Sudeste,-21.4898,-44.6446,0,25841,False,20–80 mil
2504108,Carrapateira,PB,Paraíba,Nordeste,-7.03414,-38.3399,0,39231,False,20–80 mil
1703891,Carrasco Bonito,TO,Tocantins,Norte,-5.31415,-48.0314,0,1918,False,até 20 mil
2604106,Caruaru,PE,Pernambuco,Nordeste,-8.28455,-35.9699,0,41951,False,20–80 mil
2102903,Carutapera,MA,Maranhão,Nordeste,-1.19696,-46.0085,0,2580,False,até 20 mil
3114709,Carvalhópolis,MG,Minas Gerais,Sudeste,-21.7735,-45.8421,0,1072,False,até 20 mil
3114808,Carvalhos,MG,Minas Gerais,Sudeste,-22.0,-44.4632,0,1516,False,até 20 mil
3510807,Casa Branca,SP,São Paulo,Sudeste,-21.7708,-47.0852,0,55111,False,20–80 mil
3114907,Casa Grande,MG,Minas Gerais,Sudeste,-20.7925,-43.9343,0,12160,False,até 20 mil
2907202,Casa Nova,BA,Bahia,Nordeste,-9.16408,-40.974,0,10510,False,até 20 mil
4304903,Casca,RS,Rio Grande do Sul,Sul,-28.5605,-51.9815,0,14528,False,até 20 mil
3115003,Cascalho Rico,MG,Minas Gerais,Sudeste,-18.5772,-47.8716,0,4395,False,até 20 mil
4104808,Cascavel,PR,Paraná,Sul,-24.9573,-53.459,0,7216,False,até 20 mil
2303501,Cascavel,CE,Ceará,Nordeste,-4.12967,-38.2412,0,19160,False,até 20 mil
1703909,Caseara,TO,Tocantins,Norte,-9.27612,-49.9521,0,2564,False,até 20 mil
4304952,Caseiros,RS,Rio Grande do Sul,Sul,-28.2582,-51.6861,0,14651,False,até 20 mil
3301306,Casimiro de Abreu,RJ,Rio de Janeiro,Sudeste,-22.4812,-42.2066,0,151889,True,80–500 mil
2604155,Casinhas,PE,Pernambuco,Nordeste,-7.74084,-35.7206,0,9029,False,até 20 mil
2504157,Casserengue,PB,Paraíba,Nordeste,-6.77954,-35.8179,0,3184,False,até 20 mil
3115102,Cássia,MG,Minas Gerais,Sudeste,-20.5831,-46.9201,0,40855,False,20–80 mil
3510906,Cássia dos Coqueiros,SP,São Paulo,Sudeste,-21.2801,-47.1643,0,19985,False,até 20 mil
5002902,Cassilândia,MS,Mato Grosso do Sul,Centro-Oeste,-19.1179,-51.7313,0,110283,True,80–500 mil
1502400,Castanhal,PA,Pará,Norte,-1.29797,-47.9167,0,8984,False,até 20 mil
5102850,Castanheira,MT,Mato Grosso,Centro-Oeste,-11.1251,-58.6081,0,17027,False,até 20 mil
1100908,Castanheiras,RO,Rondônia,Norte,-11.4253,-61.9482,0,36110,False,20–80 mil
5205059,Castelândia,GO,Goiás,Centro-Oeste,-18.0921,-50.203,0,8564,False,até 20 mil
3201407,Castelo,ES,Espírito Santo,Sudeste,-20.6033,-41.2031,0,27339,False,20–80 mil
2202604,Castelo do Piauí,PI,Piauí,Nordeste,-5.31869,-41.5499,0,5540,False,até 20 mil
3511003,Castilho,SP,São Paulo,Sudeste,-20.8689,-51.4884,0,14648,False,até 20 mil
4104907,Castro,PR,Paraná,Sul,-24.7891,-50.0108,0,76251,False,20–80 mil
2907301,Castro Alves,BA,Bahia,Nordeste,-12.7579,-39.4248,0,16561,False,até 20 mil
3115300,Cataguases,MG,Minas Gerais,Sudeste,-21.3924,-42.6896,0,6822,False,até 20 mil
5205109,Catalão,GO,Goiás,Centro-Oeste,-18.1656,-47.944,0,18324,False,até 20 mil
3511102,Catanduva,SP,São Paulo,Sudeste,-21.1314,-48.977,0,40523,False,20–80 mil
4105003,Catanduvas,PR,Paraná,Sul,-25.2044,-53.1548,0,26089,False,20–80 mil
4204004,Catanduvas,SC,Santa Catarina,Sul,-27.069,-51.6602,0,33893,False,20–80 mil
2303600,Catarina,CE,Ceará,Nordeste,-6.12291,-39.8736,0,3210,False,até 20 mil
3115359,Catas Altas,MG,Minas Gerais,Sudeste,-20.0734,-43.4061,0,1149,False,até 20 mil
3115409,Catas Altas da Noruega,MG,Minas Gerais,Sudeste,-20.6901,-43.4939,0,2392,False,até 20 mil
2604205,Catende,PE,Pernambuco,Nordeste,-8.67509,-35.7024,0,5940,False,até 20 mil
3511201,Catiguá,SP,São Paulo,Sudeste,-21.0519,-49.0616,0,4861,False,até 20 mil
2504207,Catingueira,PB,Paraíba,Nordeste,-7.12008,-37.6064,0,7463,False,até 20 mil
2907400,Catolândia,BA,Bahia,Nordeste,-12.31,-44.8648,0,18887,False,até 20 mil
2504306,Catolé do Rocha,PB,Paraíba,Nordeste,-6.34062,-37.747,0,8635,False,até 20 mil
2907509,Catu,BA,Bahia,Nordeste,-12.3513,-38.3791,0,9059,False,até 20 mil
4305009,Catuípe,RS,Rio Grande do Sul,Sul,-28.2554,-54.0132,0,3432,False,até 20 mil
3115458,Catuji,MG,Minas Gerais,Sudeste,-17.3018,-41.5276,0,800,False,até 20 mil
2303659,Catunda,CE,Ceará,Nordeste,-4.64336,-40.2,0,3544,False,até 20 mil
5205208,Caturaí,GO,Goiás,Centro-Oeste,-16.4447,-49.4936,0,800,False,até 20 mil
2907558,Caturama,BA,Bahia,Nordeste,-13.3239,-42.2904,0,1975,False,até 20 mil
2504355,Caturité,PB,Paraíba,Nordeste,-7.41659,-36.0306,0,2643,False,até 20 mil
3115474,Catuti,MG,Minas Gerais,Sudeste,-15.3616,-42.9627,0,7458,False,até 20 mil
2303709,Caucaia,CE,Ceará,Nordeste,-3.72797,-38.6619,0,35617,False,20–80 mil
5205307,Cavalcante,GO,Goiás,Centro-Oeste,-13.7976,-47.4566,0,19298,False,até 20 mil
3115508,Caxambu,MG,Minas Gerais,Sudeste,-21.9753,-44.9319,0,7843,False,até 20 mil
4204103,Caxambu do Sul,SC,Santa Catarina,Sul,-27.1624,-52.8807,0,2437,False,até 20 mil
2103000,Caxias,MA,Maranhão,Nordeste,-4.86505,-43.3617,0,8281,False,até 20 mil
4305108,Caxias do Sul,RS,Rio Grande do Sul,Sul,-29.1629,-51.1792,0,9097,False,até 20 mil
2202653,Caxingó,PI,Piauí,Nordeste,-3.41904,-41.8955,0,23970,False,20–80 mil
2402600,Ceará-Mirim,RN,Rio Grande do Norte,Nordeste,-5.64323,-35.4247,0,20254,False,20–80 mil
2103109,Cedral,MA,Maranhão,Nordeste,-2.00027,-44.5281,0,17527,False,até 20 mil
3511300,Cedral,SP,São Paulo,Sudeste,-20.9009,-49.2664,0,65961,False,20–80 mil
2303808,Cedro,CE,Ceará,Nordeste,-6.60034,-39.0609,0,11794,False,até 20 mil
2604304,Cedro,PE,Pernambuco,Nordeste,-7.71179,-39.2367,0,10044,False,até 20 mil
2801603,Cedro de São João,SE,Sergipe,Nordeste,-10.2534,-36.8856,0,4070,False,até 20 mil
3115607,Cedro do Abaeté,MG,Minas Gerais,Sudeste,-19.1458,-45.712,0,6049,False,até 20 mil
4204152,Celso Ramos,SC,Santa Catarina,Sul,-27.6327,-51.335,0,24672,False,20–80 mil
4305116,Centenário,RS,Rio Grande do Sul,Sul,-27.7615,-51.9984,0,85526,True,80–500 mil
1704105,Centenário,TO,Tocantins,Norte,-8.96103,-47.3304,0,4288,False,até 20 mil
4105102,Centenário do Sul,PR,Paraná,Sul,-22.8188,-51.5973,0,6069,False,até 20 mil
2907608,Central,BA,Bahia,Nordeste,-11.1376,-42.1116,0,19564,False,até 20 mil
3115706,Central de Minas,MG,Minas Gerais,Sudeste,-18.7612,-41.3143,0,31613,False,20–80 mil
2103125,Central do Maranhão,MA,Maranhão,Nordeste,-2.19831,-44.8254,0,23014,False,20–80 mil
3115805,Centralina,MG,Minas Gerais,Sudeste,-18.5852,-49.2014,0,36059,False,20–80 mil
2103158,Centro do Guilherme,MA,Maranhão,Nordeste,-2.44891,-46.0345,0,10042,False,até 20 mil
2103174,Centro Novo do Maranhão,MA,Maranhão,Nordeste,-2.12696,-46.1228,0,63230,False,20–80 mil
1100056,Cerejeiras,RO,Rondônia,Norte,-13.187,-60.8168,0,63584,False,20–80 mil
5205406,Ceres,GO,Goiás,Centro-Oeste,-15.3061,-49.6,0,800,False,até 20 mil
3511409,Cerqueira César,SP,São Paulo,Sudeste,-23.038,-49.1655,0,10703,False,até 20 mil
3511508,Cerquilho,SP,São Paulo,Sudeste,-23.1665,-47.7459,0,45929,False,20–80 mil
4305124,Cerrito,RS,Rio Grande do Sul,Sul,-31.8419,-52.8004,0,7469,False,até 20 mil
4105201,Cerro Azul,PR,Paraná,Sul,-26.0891,-52.8691,0,47040,False,20–80 mil
4305132,Cerro Branco,RS,Rio Grande do Sul,Sul,-29.657,-52.9406,0,3552,False,até 20 mil
2402709,Cerro Corá,RN,Rio Grande do Norte,Nordeste,-6.03503,-36.3503,0,132113,True,80–500 mil
4305157,Cerro Grande,RS,Rio Grande do Sul,Sul,-27.6106,-53.1672,0,6290,False,até 20 mil
4305173,Cerro Grande do Sul,RS,Rio Grande do Sul,Sul,-30.5905,-51.7418,0,8427,False,até 20 mil
4305207,Cerro Largo,RS,Rio Grande do Sul,Sul,-28.1463,-54.7428,0,6448,False,até 20 mil
4204178,Cerro Negro,SC,Santa Catarina,Sul,-27.7942,-50.8673,0,4749,False,até 20 mil
3511607,Cesário Lange,SP,São Paulo,Sudeste,-23.226,-47.9545,0,17213,False,até 20 mil
4105300,Céu Azul,PR,Paraná,Sul,-25.1489,-53.8415,0,4960,False,até 20 mil
5205455,Cezarina,GO,Goiás,Centro-Oeste,-16.9718,-49.7758,0,1902,False,até 20 mil
2604403,Chã de Alegria,PE,Pernambuco,Nordeste,-8.00679,-35.204,0,9474,False,até 20 mil
2604502,Chã Grande,PE,Pernambuco,Nordeste,-8.23827,-35.4571,0,44537,False,20–80 mil
2701902,Chã Preta,AL,Alagoas,Nordeste,-9.2556,-36.2983,0,9289,False,até 20 mil
3115904,Chácara,MG,Minas Gerais,Sudeste,-21.6733,-43.215,0,7999,False,até 20 mil
3116001,Chalé,MG,Minas Gerais,Sudeste,-20.0453,-41.6897,0,922,False,até 20 mil
4305306,Chapada,RS,Rio Grande do Sul,Sul,-28.0559,-53.0665,0,7357,False,até 20 mil
1705102,Chapada da Natividade,TO,Tocantins,Norte,-11.6175,-47.7486,0,800,False,até 20 mil
1704600,Chapada de Areia,TO,Tocantins,Norte,-10.1419,-49.1403,0,4516,False,até 20 mil
3116100,Chapada do Norte,MG,Minas Gerais,Sudeste,-17.0881,-42.5392,0,19026,False,até 20 mil
5103007,Chapada dos Guimarães,MT,Mato Grosso,Centro-Oeste,-15.4643,-55.7499,0,14762,False,até 20 mil
3116159,Chapada Gaúcha,MG,Minas Gerais,Sudeste,-15.3014,-45.6116,0,17773,False,até 20 mil
5205471,Chapadão do Céu,GO,Goiás,Centro-Oeste,-18.4073,-52.549,0,20817,False,20–80 mil
4204194,Chapadão do Lageado,SC,Santa Catarina,Sul,-27.5905,-49.5539,0,59785,False,20–80 mil
5002951,Chapadão do Sul,MS,Mato Grosso do Sul,Centro-Oeste,-18.788,-52.6263,0,21232,False,20–80 mil
2103208,Chapadinha,MA,Maranhão,Nordeste,-3.73875,-43.3538,0,35520,False,20–80 mil
4204202,Chapecó,SC,Santa Catarina,Sul,-27.1004,-52.6152,0,23419,False,20–80 mil
3511706,Charqueada,SP,São Paulo,Sudeste,-22.5096,-47.7755,0,22841,False,20–80 mil
4305355,Charqueadas,RS,Rio Grande do Sul,Sul,-29.9625,-51.6289,0,1556,False,até 20 mil
4305371,Charrua,RS,Rio Grande do Sul,Sul,-27.9493,-52.015,0,2641,False,até 20 mil
2303907,Chaval,CE,Ceará,Nordeste,-3.03571,-41.2435,0,1248,False,até 20 mil
3557204,Chavantes,SP,São Paulo,Sudeste,-23.0366,-49.7096,0,13287,False,até 20 mil
1502509,Chaves,PA,Pará,Norte,-0.164154,-49.987,0,12966,False,até 20 mil
3116209,Chiador,MG,Minas Gerais,Sudeste,-21.9996,-43.0617,0,13560,False,até 20 mil
4305405,Chiapetta,RS,Rio Grande do Sul,Sul,-27.923,-53.9419,0,6461,False,até 20 mil
4105409,Chopinzinho,PR,Paraná,Sul,-25.8515,-52.5173,0,33989,False,20–80 mil
2303931,Choró,CE,Ceará,Nordeste,-4.83906,-39.1344,0,49694,False,20–80 mil
2303956,Chorozinho,CE,Ceará,Nordeste,-4.28873,-38.4986,0,28280,False,20–80 mil
2907707,Chorrochó,BA,Bahia,Nordeste,-8.9695,-39.0979,0,91192,True,80–500 mil
4305439,Chuí,RS,Rio Grande do Sul,Sul,-33.6866,-53.4594,0,6349,False,até 20 mil
1100924,Chupinguaia,RO,Rondônia,Norte,-12.5611,-60.8877,0,11015,False,até 20 mil
4305447,Chuvisca,RS,Rio Grande do Sul,Sul,-30.7504,-51.9737,0,4085,False,até 20 mil
4105508,Cianorte,PR,Paraná,Sul,-23.6599,-52.6054,0,2512,False,até 20 mil
2907806,Cícero Dantas,BA,Bahia,Nordeste,-10.5897,-38.3794,0,2523,False,até 20 mil
4105607,Cidade Gaúcha,PR,Paraná,Sul,-23.3772,-52.9436,0,36475,False,20–80 mil
5205497,Cidade Ocidental,GO,Goiás,Centro-Oeste,-16.0765,-47.9252,0,21415,False,20–80 mil
2103257,Cidelândia,MA,Maranhão,Nordeste,-5.17465,-47.7781,0,8842,False,até 20 mil
4305454,Cidreira,RS,Rio Grande do Sul,Sul,-30.1604,-50.2337,0,6267,False,até 20 mil
2907905,Cipó,BA,Bahia,Nordeste,-11.1032,-38.5179,0,35272,False,20–80 mil
3116308,Cipotânea,MG,Minas Gerais,Sudeste,-20.9026,-43.3629,0,28401,False,20–80 mil
4305504,Ciríaco,RS,Rio Grande do Sul,Sul,-28.3419,-51.8741,0,8143,False,até 20 mil
3116407,Claraval,MG,Minas Gerais,Sudeste,-20.397,-47.2768,0,2679,False,até 20 mil
3116506,Claro dos Poções,MG,Minas Gerais,Sudeste,-17.082,-44.2061,0,87920,True,80–500 mil
5103056,Cláudia,MT,Mato Grosso,Centro-Oeste,-11.5075,-54.8835,0,7185,False,até 20 mil
3116605,Cláudio,MG,Minas Gerais,Sudeste,-20.4437,-44.7673,0,3358,False,até 20 mil
3511904,Clementina,SP,São Paulo,Sudeste,-21.5604,-50.4525,0,25587,False,20–80 mil
4105706,Clevelândia,PR,Paraná,Sul,-26.4043,-52.3508,0,7166,False,até 20 mil
2908002,Coaraci,BA,Bahia,Nordeste,-14.637,-39.5556,0,9502,False,até 20 mil
1301209,Coari,AM,Amazonas,Norte,-4.09412,-63.1441,0,22624,False,20–80 mil
2202703,Cocal,PI,Piauí,Nordeste,-3.47279,-41.5546,0,5260,False,até 20 mil
2202711,Cocal de Telha,PI,Piauí,Nordeste,-4.5571,-41.9587,0,2253,False,até 20 mil
4204251,Cocal do Sul,SC,Santa Catarina,Sul,-28.5986,-49.3335,0,3388,False,até 20 mil
2202729,Cocal dos Alves,PI,Piauí,Nordeste,-3.62047,-41.4402,0,3489,False,até 20 mil
5103106,Cocalinho,MT,Mato Grosso,Centro-Oeste,-14.3903,-51.0001,0,15403,False,até 20 mil
5205513,Cocalzinho de Goiás,GO,Goiás,Centro-Oeste,-15.7914,-48.7747,0,3526,False,até 20 mil
2908101,Cocos,BA,Bahia,Nordeste,-14.1814,-44.5352,0,12749,False,até 20 mil
1301308,Codajás,AM,Amazonas,Norte,-3.83053,-62.0658,0,18221,False,até 20 mil
2103307,Codó,MA,Maranhão,Nordeste,-4.45562,-43.8924,0,26761,False,20–80 mil
2103406,Coelho Neto,MA,Maranhão,Nordeste,-4.25245,-43.0108,0,98395,True,80–500 mil
3116704,Coimbra,MG,Minas Gerais,Sudeste,-20.8535,-42.8008,0,21998,False,20–80 mil
2702009,Coité do Nóia,AL,Alagoas,Nordeste,-9.63348,-36.5845,0,24934,False,20–80 mil
2202737,Coivaras,PI,Piauí,Nordeste,-5.09224,-42.208,0,7479,False,até 20 mil
1502608,Colares,PA,Pará,Norte,-0.936423,-48.2803,0,90168,True,80–500 mil
3201506,Colatina,ES,Espírito Santo,Sudeste,-19.5493,-40.6269,0,23218,False,20–80 mil
5103205,Colíder,MT,Mato Grosso,Centro-Oeste,-10.8135,-55.461,0,115225,True,80–500 mil
3512001,Colina,SP,São Paulo,Sudeste,-20.7114,-48.5387,0,244139,True,80–500 mil
4305587,Colinas,RS,Rio Grande do Sul,Sul,-29.3948,-51.8556,0,20256,False,20–80 mil
2103505,Colinas,MA,Maranhão,Nordeste,-6.03199,-44.2543,0,101327,True,80–500 mil
5205521,Colinas do Sul,GO,Goiás,Centro-Oeste,-14.1528,-48.076,0,5786,False,até 20 mil
1705508,Colinas do Tocantins,TO,Tocantins,Norte,-8.05764,-48.4757,0,3117,False,até 20 mil
1716703,Colméia,TO,Tocantins,Norte,-8.72463,-48.7638,0,13435,False,até 20 mil
5103254,Colniza,MT,Mato Grosso,Centro-Oeste,-9.46121,-59.2252,0,7327,False,até 20 mil
3512100,Colômbia,SP,São Paulo,Sudeste,-20.1768,-48.6865,0,140188,True,80–500 mil
4105805,Colombo,PR,Paraná,Sul,-25.2925,-49.2262,0,3614,False,até 20 mil
2202752,Colônia do Gurguéia,PI,Piauí,Nordeste,-8.1837,-43.794,0,3976,False,até 20 mil
2202778,Colônia do Piauí,PI,Piauí,Nordeste,-7.22651,-42.1756,0,10226,False,até 20 mil
2702108,Colônia Leopoldina,AL,Alagoas,Nordeste,-8.91806,-35.7214,0,21960,False,20–80 mil
4305603,Colorado,RS,Rio Grande do Sul,Sul,-28.5258,-52.9928,0,6828,False,até 20 mil
4105904,Colorado,PR,Paraná,Sul,-22.8374,-51.9743,0,8821,False,até 20 mil
1100064,Colorado do Oeste,RO,Rondônia,Norte,-13.1174,-60.5454,0,26903,False,20–80 mil
3116803,Coluna,MG,Minas Gerais,Sudeste,-18.2311,-42.8352,0,1508,False,até 20 mil
1705557,Combinado,TO,Tocantins,Norte,-12.7917,-46.5388,0,8360,False,até 20 mil
3116902,Comendador Gomes,MG,Minas Gerais,Sudeste,-19.6973,-49.0789,0,3468,False,até 20 mil
3300951,Comendador Levy Gasparian,RJ,Rio de Janeiro,Sudeste,-22.0404,-43.214,0,168820,True,80–500 mil
3117009,Comercinho,MG,Minas Gerais,Sudeste,-16.2963,-41.7945,0,51152,False,20–80 mil
5103304,Comodoro,MT,Mato Grosso,Centro-Oeste,-13.6614,-59.7848,0,15650,False,até 20 mil
2504405,Conceição,PB,Paraíba,Nordeste,-7.55106,-38.5014,0,7355,False,até 20 mil
3117108,Conceição da Aparecida,MG,Minas Gerais,Sudeste,-21.096,-46.2049,0,7241,False,até 20 mil
3201605,Conceição da Barra,ES,Espírito Santo,Sudeste,-18.5883,-39.7362,0,100476,True,80–500 mil
3115201,Conceição da Barra de Minas,MG,Minas Gerais,Sudeste,-21.1316,-44.4729,0,24306,False,20–80 mil
2908200,Conceição da Feira,BA,Bahia,Nordeste,-12.5078,-38.9978,0,4283,False,até 20 mil
3117306,Conceição das Alagoas,MG,Minas Gerais,Sudeste,-19.9172,-48.3839,0,12522,False,até 20 mil
3117207,Conceição das Pedras,MG,Minas Gerais,Sudeste,-22.1576,-45.4562,0,8596,False,até 20 mil
3117405,Conceição de Ipanema,MG,Minas Gerais,Sudeste,-19.9326,-41.6908,0,43252,False,20–80 mil
3301405,Conceição de Macabu,RJ,Rio de Janeiro,Sudeste,-22.0834,-41.8719,0,281162,True,80–500 mil
2908309,Conceição do Almeida,BA,Bahia,Nordeste,-12.7836,-39.1715,0,9440,False,até 20 mil
1502707,Conceição do Araguaia,PA,Pará,Norte,-8.26136,-49.2689,0,43600,False,20–80 mil
2202802,Conceição do Canindé,PI,Piauí,Nordeste,-7.87638,-41.5942,0,10657,False,até 20 mil
3201704,Conceição do Castelo,ES,Espírito Santo,Sudeste,-20.3639,-41.2417,0,1397,False,até 20 mil
2908408,Conceição do Coité,BA,Bahia,Nordeste,-11.56,-39.2808,0,56993,False,20–80 mil
2908507,Conceição do Jacuípe,BA,Bahia,Nordeste,-12.3268,-38.7684,0,25889,False,20–80 mil
2103554,Conceição do Lago-Açu,MA,Maranhão,Nordeste,-3.85142,-44.8895,0,3037,False,até 20 mil
3117504,Conceição do Mato Dentro,MG,Minas Gerais,Sudeste,-19.0344,-43.4221,0,7437,False,até 20 mil
3117603,Conceição do Pará,MG,Minas Gerais,Sudeste,-19.7456,-44.8945,0,1361,False,até 20 mil
3117702,Conceição do Rio Verde,MG,Minas Gerais,Sudeste,-21.8778,-45.087,0,3988,False,até 20 mil
1705607,Conceição do Tocantins,TO,Tocantins,Norte,-12.2209,-47.2951,0,2930,False,até 20 mil
3117801,Conceição dos Ouros,MG,Minas Gerais,Sudeste,-22.4078,-45.7996,0,17692,False,até 20 mil
3512209,Conchal,SP,São Paulo,Sudeste,-22.3375,-47.1729,0,45121,False,20–80 mil
3512308,Conchas,SP,São Paulo,Sudeste,-23.0154,-48.0134,0,29713,False,20–80 mil
4204301,Concórdia,SC,Santa Catarina,Sul,-27.2335,-52.026,0,3744,False,até 20 mil
1502756,Concórdia do Pará,PA,Pará,Norte,-1.99238,-47.9422,0,21427,False,20–80 mil
2504504,Condado,PB,Paraíba,Nordeste,-6.89831,-37.606,0,7866,False,até 20 mil
2604601,Condado,PE,Pernambuco,Nordeste,-7.58787,-35.0999,0,54877,False,20–80 mil
2504603,Conde,PB,Paraíba,Nordeste,-7.25746,-34.8999,0,27409,False,20–80 mil
2908606,Conde,BA,Bahia,Nordeste,-11.8179,-37.6131,0,91691,True,80–500 mil
2908705,Condeúba,BA,Bahia,Nordeste,-14.9022,-41.9718,0,49801,False,20–80 mil
4305702,Condor,RS,Rio Grande do Sul,Sul,-28.2075,-53.4905,0,11812,False,até 20 mil
3117836,Cônego Marinho,MG,Minas Gerais,Sudeste,-15.2892,-44.4181,0,14907,False,até 20 mil
3117876,Confins,MG,Minas Gerais,Sudeste,-19.6282,-43.9931,0,1721,False,até 20 mil
5103353,Confresa,MT,Mato Grosso,Centro-Oeste,-10.6437,-51.5699,0,39355,False,20–80 mil
2504702,Congo,PB,Paraíba,Nordeste,-7.79078,-36.6581,0,29512,False,20–80 mil
3117900,Congonhal,MG,Minas Gerais,Sudeste,-22.1488,-46.043,0,4349,False,até 20 mil
3118007,Congonhas,MG,Minas Gerais,Sudeste,-20.4958,-43.851,0,5088,False,até 20 mil
3118106,Congonhas do Norte,MG,Minas Gerais,Sudeste,-18.8021,-43.6767,0,6455,False,até 20 mil
4106001,Congonhinhas,PR,Paraná,Sul,-23.5493,-50.5569,0,15197,False,até 20 mil
3118205,Conquista,MG,Minas Gerais,Sudeste,-19.9312,-47.5492,0,2124,False,até 20 mil
5103361,Conquista D'Oeste,MT,Mato Grosso,Centro-Oeste,-14.5381,-59.5444,0,34582,False,20–80 mil
3118304,Conselheiro Lafaiete,MG,Minas Gerais,Sudeste,-20.6634,-43.7846,0,4834,False,até 20 mil
4106100,Conselheiro Mairinck,PR,Paraná,Sul,-23.623,-50.1707,0,6500,False,até 20 mil
3118403,Conselheiro Pena,MG,Minas Gerais,Sudeste,-19.1789,-41.4736,0,4329,False,até 20 mil
3118502,Consolação,MG,Minas Gerais,Sudeste,-22.5493,-45.9255,0,22544,False,20–80 mil
4305801,Constantina,RS,Rio Grande do Sul,Sul,-27.732,-52.9938,0,4197,False,até 20 mil
3118601,Contagem,MG,Minas Gerais,Sudeste,-19.9321,-44.0539,0,23496,False,20–80 mil
4106209,Contenda,PR,Paraná,Sul,-25.6788,-49.535,0,20602,False,20–80 mil
2908804,Contendas do Sincorá,BA,Bahia,Nordeste,-13.7537,-41.048,0,22107,False,20–80 mil
3118700,Coqueiral,MG,Minas Gerais,Sudeste,-21.1858,-45.4366,0,8219,False,até 20 mil
4305835,Coqueiro Baixo,RS,Rio Grande do Sul,Sul,-29.1802,-52.0942,0,14288,False,até 20 mil
2702207,Coqueiro Seco,AL,Alagoas,Nordeste,-9.63715,-35.7994,0,24567,False,20–80 mil
4305850,Coqueiros do Sul,RS,Rio Grande do Sul,Sul,-28.1194,-52.7842,0,11512,False,até 20 mil
3118809,Coração de Jesus,MG,Minas Gerais,Sudeste,-16.6841,-44.3635,0,6269,False,até 20 mil
2908903,Coração de Maria,BA,Bahia,Nordeste,-12.2333,-38.7487,0,92871,True,80–500 mil
4106308,Corbélia,PR,Paraná,Sul,-24.7971,-53.3006,0,5899,False,até 20 mil
3301504,Cordeiro,RJ,Rio de Janeiro,Sudeste,-22.0267,-42.3648,0,37010,False,20–80 mil
3512407,Cordeirópolis,SP,São Paulo,Sudeste,-22.4778,-47.4519,0,77327,False,20–80 mil
2909000,Cordeiros,BA,Bahia,Nordeste,-15.0356,-41.9308,0,22104,False,20–80 mil
4204350,Cordilheira Alta,SC,Santa Catarina,Sul,-26.9844,-52.6056,0,19988,False,até 20 mil
3118908,Cordisburgo,MG,Minas Gerais,Sudeste,-19.1224,-44.3224,0,11254,False,até 20 mil
3119005,Cordislândia,MG,Minas Gerais,Sudeste,-21.7891,-45.6999,0,3930,False,até 20 mil
2304004,Coreaú,CE,Ceará,Nordeste,-3.5415,-40.6587,0,9557,False,até 20 mil
2504801,Coremas,PB,Paraíba,Nordeste,-7.00712,-37.9346,0,5444,False,até 20 mil
5003108,Corguinho,MS,Mato Grosso do Sul,Centro-Oeste,-19.8243,-54.8281,0,26685,False,20–80 mil
2909109,Coribe,BA,Bahia,Nordeste,-13.8232,-44.4586,0,33909,False,20–80 mil
3119104,Corinto,MG,Minas Gerais,Sudeste,-18.369,-44.4542,0,2733,False,até 20 mil
4106407,Cornélio Procópio,PR,Paraná,Sul,-23.1829,-50.6498,0,22164,False,20–80 mil
3119203,Coroaci,MG,Minas Gerais,Sudeste,-18.6156,-42.2791,0,3430,False,até 20 mil
3512506,Coroados,SP,São Paulo,Sudeste,-21.3521,-50.2859,0,105888,True,80–500 mil
2103604,Coroatá,MA,Maranhão,Nordeste,-4.13442,-44.1244,0,4232,False,até 20 mil
3119302,Coromandel,MG,Minas Gerais,Sudeste,-18.4734,-47.1933,0,4799,False,até 20 mil
4305871,Coronel Barros,RS,Rio Grande do Sul,Sul,-28.3921,-54.0686,0,19737,False,até 20 mil
4305900,Coronel Bicaco,RS,Rio Grande do Sul,Sul,-27.7197,-53.7022,0,16691,False,até 20 mil
4106456,Coronel Domingos Soares,PR,Paraná,Sul,-26.2277,-52.0356,0,18219,False,até 20 mil
2402808,Coronel Ezequiel,RN,Rio Grande do Norte,Nordeste,-6.3748,-36.2223,0,6200,False,até 20 mil
3119401,Coronel Fabriciano,MG,Minas Gerais,Sudeste,-19.5179,-42.6276,0,2683,False,até 20 mil
4204400,Coronel Freitas,SC,Santa Catarina,Sul,-26.9057,-52.7011,0,7694,False,até 20 mil
2402907,Coronel João Pessoa,RN,Rio Grande do Norte,Nordeste,-6.24974,-38.4441,0,10125,False,até 20 mil
2909208,Coronel João Sá,BA,Bahia,Nordeste,-10.2847,-37.9198,0,9842,False,até 20 mil
2202851,Coronel José Dias,PI,Piauí,Nordeste,-8.81397,-42.5232,0,15943,False,até 20 mil
3512605,Coronel Macedo,SP,São Paulo,Sudeste,-23.6261,-49.31,0,12263,False,até 20 mil
4204459,Coronel Martins,SC,Santa Catarina,Sul,-26.511,-52.6694,0,8523,False,até 20 mil
3119500,Coronel Murta,MG,Minas Gerais,Sudeste,-16.6148,-42.184,0,11531,False,até 20 mil
3119609,Coronel Pacheco,MG,Minas Gerais,Sudeste,-21.5898,-43.256,0,21531,False,20–80 mil
4305934,Coronel Pilar,RS,Rio Grande do Sul,Sul,-29.2695,-51.6847,0,14552,False,até 20 mil
5003157,Coronel Sapucaia,MS,Mato Grosso do Sul,Centro-Oeste,-23.2724,-55.5278,0,4784,False,até 20 mil
4106506,Coronel Vivida,PR,Paraná,Sul,-25.9767,-52.5641,0,10475,False,até 20 mil
3119708,Coronel Xavier Chaves,MG,Minas Gerais,Sudeste,-21.0277,-44.2206,0,1684,False,até 20 mil
3119807,Córrego Danta,MG,Minas Gerais,Sudeste,-19.8198,-45.9032,0,9919,False,até 20 mil
3119906,Córrego do Bom Jesus,MG,Minas Gerais,Sudeste,-22.6269,-46.0241,0,7575,False,até 20 mil
5205703,Córrego do Ouro,GO,Goiás,Centro-Oeste,-16.2918,-50.5503,0,57191,False,20–80 mil
3119955,Córrego Fundo,MG,Minas Gerais,Sudeste,-20.4474,-45.5617,0,14048,False,até 20 mil
3120003,Córrego Novo,MG,Minas Gerais,Sudeste,-19.8361,-42.3988,0,9512,False,até 20 mil
4204558,Correia Pinto,SC,Santa Catarina,Sul,-27.5877,-50.3614,0,41616,False,20–80 mil
2202901,Corrente,PI,Piauí,Nordeste,-10.4333,-45.1633,0,28704,False,20–80 mil
2604700,Correntes,PE,Pernambuco,Nordeste,-9.12117,-36.3244,0,15813,False,até 20 mil
2909307,Correntina,BA,Bahia,Nordeste,-13.3477,-44.6333,0,14674,False,até 20 mil
2604809,Cortês,PE,Pernambuco,Nordeste,-8.47443,-35.5468,0,90515,True,80–500 mil
5003207,Corumbá,MS,Mato Grosso do Sul,Centro-Oeste,-19.0077,-57.651,0,3800,False,até 20 mil
5205802,Corumbá de Goiás,GO,Goiás,Centro-Oeste,-15.9245,-48.8117,0,7436,False,até 20 mil
5205901,Corumbaíba,GO,Goiás,Centro-Oeste,-18.1415,-48.5626,0,149309,True,80–500 mil
3512704,Corumbataí,SP,São Paulo,Sudeste,-22.2213,-47.6215,0,28057,False,20–80 mil
4106555,Corumbataí do Sul,PR,Paraná,Sul,-24.101,-52.1177,0,6893,False,até 20 mil
1100072,Corumbiara,RO,Rondônia,Norte,-12.9551,-60.8947,0,8596,False,até 20 mil
4204509,Corupá,SC,Santa Catarina,Sul,-26.4246,-49.246,0,4506,False,até 20 mil
2702306,Coruripe,AL,Alagoas,Nordeste,-10.1276,-36.1717,0,50371,False,20–80 mil
3512803,Cosmópolis,SP,São Paulo,Sudeste,-22.6419,-47.1926,0,4118,False,até 20 mil
3512902,Cosmorama,SP,São Paulo,Sudeste,-20.4755,-49.7827,0,105091,True,80–500 mil
1100080,Costa Marques,RO,Rondônia,Norte,-12.4367,-64.228,0,16047,False,até 20 mil
5003256,Costa Rica,MS,Mato Grosso do Sul,Centro-Oeste,-18.5432,-53.1287,0,89266,True,80–500 mil
2909406,Cotegipe,BA,Bahia,Nordeste,-12.0228,-44.2566,0,6333,False,até 20 mil
3513009,Cotia,SP,São Paulo,Sudeste,-23.6022,-46.919,0,296174,True,80–500 mil
4305959,Cotiporã,RS,Rio Grande do Sul,Sul,-28.9891,-51.6971,0,6833,False,até 20 mil
5103379,Cotriguaçu,MT,Mato Grosso,Centro-Oeste,-9.85656,-58.4192,0,9994,False,até 20 mil
3120102,Couto de Magalhães de Minas,MG,Minas Gerais,Sudeste,-18.0727,-43.4648,0,1950,False,até 20 mil
1706001,Couto Magalhães,TO,Tocantins,Norte,-8.28411,-49.2473,0,10856,False,até 20 mil
4305975,Coxilha,RS,Rio Grande do Sul,Sul,-28.128,-52.3023,0,9969,False,até 20 mil
5003306,Coxim,MS,Mato Grosso do Sul,Centro-Oeste,-18.5013,-54.751,0,5667,False,até 20 mil
2504850,Coxixola,PB,Paraíba,Nordeste,-7.62365,-36.6064,0,6180,False,até 20 mil
2702355,Craíbas,AL,Alagoas,Nordeste,-9.6178,-36.7697,0,24700,False,20–80 mil
2304103,Crateús,CE,Ceará,Nordeste,-5.16768,-40.6536,0,4924,False,até 20 mil
2304202,Crato,CE,Ceará,Nordeste,-7.2153,-39.4103,0,52559,False,20–80 mil
3513108,Cravinhos,SP,São Paulo,Sudeste,-21.338,-47.7324,0,33365,False,20–80 mil
2909505,Cravolândia,BA,Bahia,Nordeste,-13.3531,-39.8031,0,40505,False,20–80 mil
4204608,Criciúma,SC,Santa Catarina,Sul,-28.6723,-49.3729,0,11353,False,até 20 mil
3120151,Crisólita,MG,Minas Gerais,Sudeste,-17.2381,-40.9184,0,2406,False,até 20 mil
2909604,Crisópolis,BA,Bahia,Nordeste,-11.5059,-38.1515,0,3731,False,até 20 mil
4306007,Crissiumal,RS,Rio Grande do Sul,Sul,-27.4999,-54.0994,0,24531,False,20–80 mil
3120201,Cristais,MG,Minas Gerais,Sudeste,-20.8733,-45.5167,0,9966,False,até 20 mil
3513207,Cristais Paulista,SP,São Paulo,Sudeste,-20.4036,-47.4209,0,2950,False,até 20 mil
4306056,Cristal,RS,Rio Grande do Sul,Sul,-31.0046,-52.0436,0,3717,False,até 20 mil
4306072,Cristal do Sul,RS,Rio Grande do Sul,Sul,-27.452,-53.2422,0,3815,False,até 20 mil
1706100,Cristalândia,TO,Tocantins,Norte,-10.5985,-49.1942,0,12570,False,até 20 mil
2203008,Cristalândia do Piauí,PI,Piauí,Nordeste,-10.6443,-45.1893,0,17932,False,até 20 mil
3120300,Cristália,MG,Minas Gerais,Sudeste,-16.716,-42.8571,0,29918,False,20–80 mil
5206206,Cristalina,GO,Goiás,Centro-Oeste,-16.7676,-47.6131,0,12638,False,até 20 mil
3120409,Cristiano Otoni,MG,Minas Gerais,Sudeste,-20.8324,-43.8166,0,845,False,até 20 mil
5206305,Cristianópolis,GO,Goiás,Centro-Oeste,-17.1987,-48.7034,0,19839,False,até 20 mil
3120508,Cristina,MG,Minas Gerais,Sudeste,-22.208,-45.2673,0,14113,False,até 20 mil
2801702,Cristinápolis,SE,Sergipe,Nordeste,-11.4668,-37.7585,0,1889,False,até 20 mil
2203107,Cristino Castro,PI,Piauí,Nordeste,-8.82273,-44.223,0,2146,False,até 20 mil
2909703,Cristópolis,BA,Bahia,Nordeste,-12.2249,-44.4214,0,32249,False,20–80 mil
5206404,Crixás,GO,Goiás,Centro-Oeste,-14.5412,-49.974,0,74991,False,20–80 mil
1706258,Crixás do Tocantins,TO,Tocantins,Norte,-11.0994,-48.9152,0,2436,False,até 20 mil
2304236,Croatá,CE,Ceará,Nordeste,-4.40481,-40.9022,0,30779,False,20–80 mil
5206503,Cromínia,GO,Goiás,Centro-Oeste,-17.2883,-49.3798,0,14628,False,até 20 mil
3120607,Crucilândia,MG,Minas Gerais,Sudeste,-20.3923,-44.3334,0,35708,False,20–80 mil
2304251,Cruz,CE,Ceará,Nordeste,-2.91813,-40.176,0,288131,True,80–500 mil
4306106,Cruz Alta,RS,Rio Grande do Sul,Sul,-28.645,-53.6048,0,9297,False,até 20 mil
2909802,Cruz das Almas,BA,Bahia,Nordeste,-12.6675,-39.1008,0,11058,False,até 20 mil
2504900,Cruz do Espírito Santo,PB,Paraíba,Nordeste,-7.13902,-35.0857,0,16238,False,até 20 mil
4106803,Cruz Machado,PR,Paraná,Sul,-26.0166,-51.343,0,13233,False,até 20 mil
3513306,Cruzália,SP,São Paulo,Sudeste,-22.7373,-50.7909,0,59692,False,20–80 mil
4306130,Cruzaltense,RS,Rio Grande do Sul,Sul,-27.6672,-52.6522,0,12024,False,até 20 mil
3513405,Cruzeiro,SP,São Paulo,Sudeste,-22.5728,-44.969,0,11301,False,até 20 mil
3120706,Cruzeiro da Fortaleza,MG,Minas Gerais,Sudeste,-18.944,-46.6669,0,8154,False,até 20 mil
4106571,Cruzeiro do Iguaçu,PR,Paraná,Sul,-25.6192,-53.1285,0,20518,False,20–80 mil
4106605,Cruzeiro do Oeste,PR,Paraná,Sul,-23.7799,-53.0774,0,108204,True,80–500 mil
4106704,Cruzeiro do Sul,PR,Paraná,Sul,-22.9624,-52.1622,0,31482,False,20–80 mil
4306205,Cruzeiro do Sul,RS,Rio Grande do Sul,Sul,-29.5148,-51.9928,0,3076,False,até 20 mil
1200203,Cruzeiro do Sul,AC,Acre,Norte,-7.62762,-72.6756,0,7555,False,até 20 mil
2403004,Cruzeta,RN,Rio Grande do Norte,Nordeste,-6.40894,-36.7782,0,5732,False,até 20 mil
3120805,Cruzília,MG,Minas Gerais,Sudeste,-21.84,-44.8067,0,17673,False,até 20 mil
4106852,Cruzmaltina,PR,Paraná,Sul,-24.0132,-51.4563,0,32774,False,20–80 mil
3513504,Cubatão,SP,São Paulo,Sudeste,-23.8911,-46.424,0,14728,False,até 20 mil
2505006,Cubati,PB,Paraíba,Nordeste,-6.86686,-36.3619,0,4108,False,até 20 mil
5103403,Cuiabá,MT,Mato Grosso,Centro-Oeste,-15.601,-56.0974,1,720637,True,acima de 500 mil
2505105,Cuité,PB,Paraíba,Nordeste,-6.47647,-36.1515,0,14942,False,até 20 mil
2505238,Cuité de Mamanguape,PB,Paraíba,Nordeste,-6.91292,-35.2502,0,7099,False,até 20 mil
2505204,Cuitegi,PB,Paraíba,Nordeste,-6.89058,-35.5215,0,2692,False,até 20 mil
1100940,Cujubim,RO,Rondônia,Norte,-9.36065,-62.5846,0,18957,False,até 20 mil
5206602,Cumari,GO,Goiás,Centro-Oeste,-18.2644,-48.1511,0,4205,False,até 20 mil
2604908,Cumaru,PE,Pernambuco,Nordeste,-8.00827,-35.6957,0,84506,True,80–500 mil
1502764,Cumaru do Norte,PA,Pará,Norte,-7.81097,-50.7698,0,12677,False,até 20 mil
2801900,Cumbe,SE,Sergipe,Nordeste,-10.352,-37.1846,0,33529,False,20–80 mil
3513603,Cunha,SP,São Paulo,Sudeste,-23.0731,-44.9576,0,60865,False,20–80 mil
4204707,Cunha Porã,SC,Santa Catarina,Sul,-26.895,-53.1662,0,29345,False,20–80 mil
4204756,Cunhataí,SC,Santa Catarina,Sul,-26.9709,-53.0895,0,25005,False,20–80 mil
3120839,Cuparaque,MG,Minas Gerais,Sudeste,-18.9648,-41.0986,0,4452,False,até 20 mil
2605004,Cupira,PE,Pernambuco,Nordeste,-8.62432,-35.9518,0,24514,False,20–80 mil
2909901,Curaçá,BA,Bahia,Nordeste,-8.98458,-39.8997,0,49465,False,20–80 mil
2203206,Curimatá,PI,Piauí,Nordeste,-10.0326,-44.3002,0,2219,False,até 20 mil
1502772,Curionópolis,PA,Pará,Norte,-6.09965,-49.6068,0,13071,False,até 20 mil
4106902,Curitiba,PR,Paraná,Sul,-25.4195,-49.2646,1,3437778,True,acima de 500 mil
4204806,Curitibanos,SC,Santa Catarina,Sul,-27.2824,-50.5816,0,8615,False,até 20 mil
4107009,Curiúva,PR,Paraná,Sul,-24.0362,-50.4576,0,19759,False,até 20 mil
2203230,Currais,PI,Piauí,Nordeste,-9.01175,-44.4062,0,5517,False,até 20 mil
2403103,Currais Novos,RN,Rio Grande do Norte,Nordeste,-6.25484,-36.5146,0,5474,False,até 20 mil
2505279,Curral de Cima,PB,Paraíba,Nordeste,-6.72325,-35.2639,0,2730,False,até 20 mil
3120870,Curral de Dentro,MG,Minas Gerais,Sudeste,-15.9327,-41.8557,0,8461,False,até 20 mil
2203271,Curral Novo do Piauí,PI,Piauí,Nordeste,-7.8313,-40.8957,0,3650,False,até 20 mil
2505303,Curral Velho,PB,Paraíba,Nordeste,-7.53075,-38.1962,0,38414,False,20–80 mil
1502806,Curralinho,PA,Pará,Norte,-1.81179,-49.7952,0,30188,False,20–80 mil
2203255,Curralinhos,PI,Piauí,Nordeste,-5.60825,-42.8376,0,1714,False,até 20 mil
1502855,Curuá,PA,Pará,Norte,-1.88775,-55.1168,0,40025,False,20–80 mil
1502905,Curuçá,PA,Pará,Norte,-0.733214,-47.8515,0,7757,False,até 20 mil
2103703,Cururupu,MA,Maranhão,Nordeste,-1.81475,-44.8644,0,60053,False,20–80 mil
5103437,Curvelândia,MT,Mato Grosso,Centro-Oeste,-15.6084,-57.9133,0,17417,False,até 20 mil
3120904,Curvelo,MG,Minas Gerais,Sudeste,-18.7527,-44.4303,0,1622,False,até 20 mil
2605103,Custódia,PE,Pernambuco,Nordeste,-8.08546,-37.6443,0,7594,False,até 20 mil
1600212,Cutias,AP,Amapá,Norte,0.970761,-50.8005,0,38761,False,20–80 mil
5206701,Damianópolis,GO,Goiás,Centro-Oeste,-14.5604,-46.178,0,11225,False,até 20 mil
2505352,Damião,PB,Paraíba,Nordeste,-6.63161,-35.9101,0,6584,False,até 20 mil
5206800,Damolândia,GO,Goiás,Centro-Oeste,-16.2544,-49.3631,0,12178,False,até 20 mil
1706506,Darcinópolis,TO,Tocantins,Norte,-6.71591,-47.7597,0,3298,False,até 20 mil
2910008,Dário Meira,BA,Bahia,Nordeste,-14.4229,-39.9031,0,31151,False,20–80 mil
3121001,Datas,MG,Minas Gerais,Sudeste,-18.4478,-43.6591,0,800,False,até 20 mil
4306304,David Canabarro,RS,Rio Grande do Sul,Sul,-28.3849,-51.8482,0,7014,False,até 20 mil
2103752,Davinópolis,MA,Maranhão,Nordeste,-5.54637,-47.4217,0,3661,False,até 20 mil
5206909,Davinópolis,GO,Goiás,Centro-Oeste,-18.1501,-47.5568,0,2822,False,até 20 mil
3121100,Delfim Moreira,MG,Minas Gerais,Sudeste,-22.5036,-45.2792,0,27217,False,20–80 mil
3121209,Delfinópolis,MG,Minas Gerais,Sudeste,-20.3468,-46.8456,0,3265,False,até 20 mil
2702405,Delmiro Gouveia,AL,Alagoas,Nordeste,-9.38534,-37.9987,0,40758,False,20–80 mil
3121258,Delta,MG,Minas Gerais,Sudeste,-19.9721,-47.7841,0,5846,False,até 20 mil
2203305,Demerval Lobão,PI,Piauí,Nordeste,-5.35875,-42.6776,0,3689,False,até 20 mil
5103452,Denise,MT,Mato Grosso,Centro-Oeste,-14.7324,-57.0583,0,859,False,até 20 mil
5003454,Deodápolis,MS,Mato Grosso do Sul,Centro-Oeste,-22.2763,-54.1682,0,4964,False,até 20 mil
2304269,Deputado Irapuan Pinheiro,CE,Ceará,Nordeste,-5.91485,-39.257,0,33273,False,20–80 mil
4306320,Derrubadas,RS,Rio Grande do Sul,Sul,-27.2642,-53.8645,0,6867,False,até 20 mil
3513702,Descalvado,SP,São Paulo,Sudeste,-21.9002,-47.6181,0,40424,False,20–80 mil
4204905,Descanso,SC,Santa Catarina,Sul,-26.827,-53.5034,0,7473,False,até 20 mil
3121308,Descoberto,MG,Minas Gerais,Sudeste,-21.46,-42.9618,0,2100,False,até 20 mil
2505402,Desterro,PB,Paraíba,Nordeste,-7.287,-37.0925,0,47514,False,20–80 mil
3121407,Desterro de Entre Rios,MG,Minas Gerais,Sudeste,-20.665,-44.3334,0,2046,False,até 20 mil
3121506,Desterro do Melo,MG,Minas Gerais,Sudeste,-21.143,-43.5178,0,7969,False,até 20 mil
4306353,Dezesseis de Novembro,RS,Rio Grande do Sul,Sul,-28.219,-55.0617,0,800,False,até 20 mil
3513801,Diadema,SP,São Paulo,Sudeste,-23.6813,-46.6205,0,17859,False,até 20 mil
2505600,Diamante,PB,Paraíba,Nordeste,-7.41738,-38.2615,0,4444,False,até 20 mil
4107157,Diamante D'Oeste,PR,Paraná,Sul,-24.9419,-54.1052,0,19090,False,até 20 mil
4107108,Diamante do Norte,PR,Paraná,Sul,-22.655,-52.8617,0,24300,False,20–80 mil
4107124,Diamante do Sul,PR,Paraná,Sul,-25.035,-52.6768,0,3692,False,até 20 mil
3121605,Diamantina,MG,Minas Gerais,Sudeste,-18.2413,-43.6031,0,4324,False,até 20 mil
5103502,Diamantino,MT,Mato Grosso,Centro-Oeste,-14.4037,-56.4366,0,49699,False,20–80 mil
1707009,Dianópolis,TO,Tocantins,Norte,-11.624,-46.8198,0,800,False,até 20 mil
2910057,Dias d'Ávila,BA,Bahia,Nordeste,-12.6187,-38.2926,0,101048,True,80–500 mil
4306379,Dilermando de Aguiar,RS,Rio Grande do Sul,Sul,-29.7054,-54.2122,0,5981,False,até 20 mil
3121704,Diogo de Vasconcelos,MG,Minas Gerais,Sudeste,-20.4879,-43.1953,0,14623,False,até 20 mil
3121803,Dionísio,MG,Minas Gerais,Sudeste,-19.8433,-42.7701,0,15873,False,até 20 mil
4205001,Dionísio Cerqueira,SC,Santa Catarina,Sul,-26.2648,-53.6351,0,1516,False,até 20 mil
5207105,Diorama,GO,Goiás,Centro-Oeste,-16.2329,-51.2543,0,9558,False,até 20 mil
3513850,Dirce Reis,SP,São Paulo,Sudeste,-20.4642,-50.6073,0,14952,False,até 20 mil
2203354,Dirceu Arcoverde,PI,Piauí,Nordeste,-9.33939,-42.4348,0,3558,False,até 20 mil
2802007,Divina Pastora,SE,Sergipe,Nordeste,-10.6782,-37.1506,0,17026,False,até 20 mil
3121902,Divinésia,MG,Minas Gerais,Sudeste,-20.9917,-43.0003,0,13732,False,até 20 mil
3122009,Divino,MG,Minas Gerais,Sudeste,-20.6134,-42.1438,0,12544,False,até 20 mil
3122108,Divino das Laranjeiras,MG,Minas Gerais,Sudeste,-18.7755,-41.4781,0,54726,False,20–80 mil
3201803,Divino de São Lourenço,ES,Espírito Santo,Sudeste,-20.6229,-41.6937,0,40847,False,20–80 mil
3513900,Divinolândia,SP,São Paulo,Sudeste,-21.6637,-46.7361,0,35087,False,20–80 mil
3122207,Divinolândia de Minas,MG,Minas Gerais,Sudeste,-18.8004,-42.6103,0,2982,False,até 20 mil
3122306,Divinópolis,MG,Minas Gerais,Sudeste,-20.1446,-44.8912,0,9083,False,até 20 mil
5208301,Divinópolis de Goiás,GO,Goiás,Centro-Oeste,-13.2853,-46.3999,0,5598,False,até 20 mil
1707108,Divinópolis do Tocantins,TO,Tocantins,Norte,-9.80018,-49.2169,0,1709,False,até 20 mil
3122355,Divisa Alegre,MG,Minas Gerais,Sudeste,-15.7221,-41.3463,0,33541,False,20–80 mil
3122405,Divisa Nova,MG,Minas Gerais,Sudeste,-21.5092,-46.1904,0,38776,False,20–80 mil
3122454,Divisópolis,MG,Minas Gerais,Sudeste,-15.7254,-40.9997,0,2020,False,até 20 mil
3514007,Dobrada,SP,São Paulo,Sudeste,-21.5155,-48.3935,0,19473,False,até 20 mil
3514106,Dois Córregos,SP,São Paulo,Sudeste,-22.3673,-48.3819,0,9018,False,até 20 mil
4306403,Dois Irmãos,RS,Rio Grande do Sul,Sul,-29.5836,-51.0898,0,6405,False,até 20 mil
4306429,Dois Irmãos das Missões,RS,Rio Grande do Sul,Sul,-27.6621,-53.5304,0,6384,False,até 20 mil
5003488,Dois Irmãos do Buriti,MS,Mato Grosso do Sul,Centro-Oeste,-20.6848,-55.2915,0,14992,False,até 20 mil
1707207,Dois Irmãos do Tocantins,TO,Tocantins,Norte,-9.25534,-49.0638,0,2507,False,até 20 mil
4306452,Dois Lajeados,RS,Rio Grande do Sul,Sul,-28.983,-51.8396,0,36147,False,20–80 mil
2702504,Dois Riachos,AL,Alagoas,Nordeste,-9.38465,-37.0965,0,20805,False,20–80 mil
4107207,Dois Vizinhos,PR,Paraná,Sul,-25.7407,-53.057,0,6874,False,até 20 mil
3514205,Dolcinópolis,SP,São Paulo,Sudeste,-20.124,-50.5149,0,21191,False,20–80 mil
5103601,Dom Aquino,MT,Mato Grosso,Centro-Oeste,-15.8099,-54.9223,0,11887,False,até 20 mil
2910107,Dom Basílio,BA,Bahia,Nordeste,-13.7565,-41.7677,0,30470,False,20–80 mil
3122470,Dom Bosco,MG,Minas Gerais,Sudeste,-16.652,-46.2597,0,6843,False,até 20 mil
3122504,Dom Cavati,MG,Minas Gerais,Sudeste,-19.3735,-42.1121,0,42980,False,20–80 mil
1502939,Dom Eliseu,PA,Pará,Norte,-4.19944,-47.8245,0,21912,False,20–80 mil
2203404,Dom Expedito Lopes,PI,Piauí,Nordeste,-6.95332,-41.6396,0,2864,False,até 20 mil
4306502,Dom Feliciano,RS,Rio Grande do Sul,Sul,-30.7004,-52.1026,0,1999,False,até 20 mil
2203453,Dom Inocêncio,PI,Piauí,Nordeste,-9.00516,-41.9697,0,4237,False,até 20 mil
3122603,Dom Joaquim,MG,Minas Gerais,Sudeste,-18.961,-43.2544,0,16873,False,até 20 mil
2910206,Dom Macedo Costa,BA,Bahia,Nordeste,-12.9016,-39.1923,0,2420,False,até 20 mil
4306601,Dom Pedrito,RS,Rio Grande do Sul,Sul,-30.9756,-54.6694,0,3074,False,até 20 mil
2103802,Dom Pedro,MA,Maranhão,Nordeste,-5.03518,-44.4409,0,2737,False,até 20 mil
4306551,Dom Pedro de Alcântara,RS,Rio Grande do Sul,Sul,-29.3639,-49.853,0,800,False,até 20 mil
3122702,Dom Silvério,MG,Minas Gerais,Sudeste,-20.1627,-42.9627,0,11960,False,até 20 mil
3122801,Dom Viçoso,MG,Minas Gerais,Sudeste,-22.2511,-45.1643,0,7594,False,até 20 mil
3201902,Domingos Martins,ES,Espírito Santo,Sudeste,-20.3603,-40.6594,0,147215,True,80–500 mil
2203420,Domingos Mourão,PI,Piauí,Nordeste,-4.2495,-41.2683,0,21920,False,20–80 mil
4205100,Dona Emma,SC,Santa Catarina,Sul,-26.981,-49.7261,0,3213,False,até 20 mil
3122900,Dona Eusébia,MG,Minas Gerais,Sudeste,-21.319,-42.807,0,6326,False,até 20 mil
4306700,Dona Francisca,RS,Rio Grande do Sul,Sul,-29.6195,-53.3617,0,4487,False,até 20 mil
2505709,Dona Inês,PB,Paraíba,Nordeste,-6.61566,-35.6205,0,10772,False,até 20 mil
3123007,Dores de Campos,MG,Minas Gerais,Sudeste,-21.1139,-44.0207,0,13248,False,até 20 mil
3123106,Dores de Guanhães,MG,Minas Gerais,Sudeste,-19.0516,-42.9254,0,7310,False,até 20 mil
3123205,Dores do Indaiá,MG,Minas Gerais,Sudeste,-19.4628,-45.5927,0,9207,False,até 20 mil
3202009,Dores do Rio Preto,ES,Espírito Santo,Sudeste,-20.6931,-41.8405,0,7643,False,até 20 mil
3123304,Dores do Turvo,MG,Minas Gerais,Sudeste,-20.9785,-43.1834,0,10520,False,até 20 mil
3123403,Doresópolis,MG,Minas Gerais,Sudeste,-20.2868,-45.9007,0,4576,False,até 20 mil
2605152,Dormentes,PE,Pernambuco,Nordeste,-8.44116,-40.7662,0,106104,True,80–500 mil
5003504,Douradina,MS,Mato Grosso do Sul,Centro-Oeste,-22.0405,-54.6158,0,14172,False,até 20 mil
4107256,Douradina,PR,Paraná,Sul,-23.3807,-53.2918,0,6419,False,até 20 mil
3514304,Dourado,SP,São Paulo,Sudeste,-22.1044,-48.3178,0,44388,False,20–80 mil
3123502,Douradoquara,MG,Minas Gerais,Sudeste,-18.4338,-47.5993,0,17325,False,até 20 mil
5003702,Dourados,MS,Mato Grosso do Sul,Centro-Oeste,-22.2231,-54.812,0,5799,False,até 20 mil
4107306,Doutor Camargo,PR,Paraná,Sul,-23.5582,-52.2178,0,22838,False,20–80 mil
4306734,Doutor Maurício Cardoso,RS,Rio Grande do Sul,Sul,-27.5103,-54.3577,0,4928,False,até 20 mil
4205159,Doutor Pedrinho,SC,Santa Catarina,Sul,-26.7174,-49.4795,0,14574,False,até 20 mil
4306759,Doutor Ricardo,RS,Rio Grande do Sul,Sul,-29.084,-51.9972,0,4345,False,até 20 mil
2403202,Doutor Severiano,RN,Rio Grande do Norte,Nordeste,-6.08082,-38.3794,0,51201,False,20–80 mil
4128633,Doutor Ulysses,PR,Paraná,Sul,-24.5665,-49.4219,0,9248,False,até 20 mil
5207253,Doverlândia,GO,Goiás,Centro-Oeste,-16.7188,-52.3189,0,35009,False,20–80 mil
3514403,Dracena,SP,São Paulo,Sudeste,-21.4843,-51.535,0,25116,False,20–80 mil
3514502,Duartina,SP,São Paulo,Sudeste,-22.4146,-49.4084,0,6453,False,até 20 mil
3301603,Duas Barras,RJ,Rio de Janeiro,Sudeste,-22.0536,-42.5232,0,65976,False,20–80 mil
2505808,Duas Estradas,PB,Paraíba,Nordeste,-6.68499,-35.418,0,108700,True,80–500 mil
1707306,Dueré,TO,Tocantins,Norte,-11.3416,-49.2716,0,6155,False,até 20 mil
3514601,Dumont,SP,São Paulo,Sudeste,-21.2324,-47.9756,0,90685,True,80–500 mil
2103901,Duque Bacelar,MA,Maranhão,Nordeste,-4.15002,-42.9477,0,6869,False,até 20 mil
3301702,Duque de Caxias,RJ,Rio de Janeiro,Sudeste,-22.7858,-43.3049,0,62845,False,20–80 mil
3123528,Durandé,MG,Minas Gerais,Sudeste,-20.2058,-41.7977,0,238047,True,80–500 mil
3514700,Echaporã,SP,São Paulo,Sudeste,-22.4326,-50.2038,0,1502,False,até 20 mil
3202108,Ecoporanga,ES,Espírito Santo,Sudeste,-18.3702,-40.836,0,17401,False,até 20 mil
5207352,Edealina,GO,Goiás,Centro-Oeste,-17.4239,-49.6644,0,13156,False,até 20 mil
5207402,Edéia,GO,Goiás,Centro-Oeste,-17.3406,-49.9295,0,9279,False,até 20 mil
1301407,Eirunepé,AM,Amazonas,Norte,-6.65677,-69.8662,0,30600,False,20–80 mil
5003751,Eldorado,MS,Mato Grosso do Sul,Centro-Oeste,-23.7868,-54.2838,0,11190,False,até 20 mil
3514809,Eldorado,SP,São Paulo,Sudeste,-24.5281,-48.1141,0,18698,False,até 20 mil
1502954,Eldorado do Carajás,PA,Pará,Norte,-6.10389,-49.3553,0,2253,False,até 20 mil
4306767,Eldorado do Sul,RS,Rio Grande do Sul,Sul,-30.0847,-51.6187,0,25753,False,20–80 mil
2203503,Elesbão Veloso,PI,Piauí,Nordeste,-6.19947,-42.1355,0,7465,False,até 20 mil
3514908,Elias Fausto,SP,São Paulo,Sudeste,-23.0428,-47.3682,0,15444,False,até 20 mil
2203602,Eliseu Martins,PI,Piauí,Nordeste,-8.09629,-43.6705,0,90932,True,80–500 mil
3514924,Elisiário,SP,São Paulo,Sudeste,-21.1678,-49.1146,0,35960,False,20–80 mil
2910305,Elísio Medrado,BA,Bahia,Nordeste,-12.9417,-39.5191,0,12670,False,até 20 mil
3123601,Elói Mendes,MG,Minas Gerais,Sudeste,-21.6088,-45.5691,0,1366,False,até 20 mil
2505907,Emas,PB,Paraíba,Nordeste,-7.09964,-37.7163,0,2444,False,até 20 mil
3514957,Embaúba,SP,São Paulo,Sudeste,-20.9796,-48.8325,0,56670,False,20–80 mil
3515004,Embu das Artes,SP,São Paulo,Sudeste,-23.6437,-46.8579,0,105516,True,80–500 mil
3515103,Embu-Guaçu,SP,São Paulo,Sudeste,-23.8297,-46.8136,0,13954,False,até 20 mil
3515129,Emilianópolis,SP,São Paulo,Sudeste,-21.8314,-51.4832,0,58245,False,20–80 mil
4306809,Encantado,RS,Rio Grande do Sul,Sul,-29.2351,-51.8703,0,19624,False,até 20 mil
2403301,Encanto,RN,Rio Grande do Norte,Nordeste,-6.10691,-38.3033,0,4467,False,até 20 mil
2910404,Encruzilhada,BA,Bahia,Nordeste,-15.5302,-40.9124,0,3757,False,até 20 mil
4306908,Encruzilhada do Sul,RS,Rio Grande do Sul,Sul,-30.543,-52.5204,0,8296,False,até 20 mil
4107405,Enéas Marques,PR,Paraná,Sul,-25.9445,-53.1659,0,13041,False,até 20 mil
4107504,Engenheiro Beltrão,PR,Paraná,Sul,-23.797,-52.2659,0,37049,False,20–80 mil
3123700,Engenheiro Caldas,MG,Minas Gerais,Sudeste,-19.2065,-42.0503,0,13780,False,até 20 mil
3515152,Engenheiro Coelho,SP,São Paulo,Sudeste,-22.4836,-47.211,0,37895,False,20–80 mil
3123809,Engenheiro Navarro,MG,Minas Gerais,Sudeste,-17.2831,-43.947,0,4181,False,até 20 mil
3301801,Engenheiro Paulo de Frontin,RJ,Rio de Janeiro,Sudeste,-22.5498,-43.6827,0,18347,False,até 20 mil
4306924,Engenho Velho,RS,Rio Grande do Sul,Sul,-27.706,-52.9145,0,5065,False,até 20 mil
3123858,Entre Folhas,MG,Minas Gerais,Sudeste,-19.6218,-42.2306,0,18209,False,até 20 mil
2910503,Entre Rios,BA,Bahia,Nordeste,-11.9392,-38.0871,0,7712,False,até 20 mil
4205175,Entre Rios,SC,Santa Catarina,Sul,-26.7225,-52.5585,0,8823,False,até 20 mil
3123908,Entre Rios de Minas,MG,Minas Gerais,Sudeste,-20.6706,-44.0654,0,10155,False,até 20 mil
4107538,Entre Rios do Oeste,PR,Paraná,Sul,-24.7042,-54.2385,0,28948,False,20–80 mil
4306957,Entre Rios do Sul,RS,Rio Grande do Sul,Sul,-27.5298,-52.7347,0,23545,False,20–80 mil
4306932,Entre-Ijuís,RS,Rio Grande do Sul,Sul,-28.3686,-54.2686,0,7451,False,até 20 mil
1301506,Envira,AM,Amazonas,Norte,-7.43789,-70.0281,0,115407,True,80–500 mil
1200252,Epitaciolândia,AC,Acre,Norte,-11.0188,-68.7341,0,34144,False,20–80 mil
2403400,Equador,RN,Rio Grande do Norte,Nordeste,-6.93835,-36.717,0,5559,False,até 20 mil
4306973,Erebango,RS,Rio Grande do Sul,Sul,-27.8544,-52.3005,0,3096,False,até 20 mil
4307005,Erechim,RS,Rio Grande do Sul,Sul,-27.6364,-52.2697,0,1153,False,até 20 mil
2304277,Ererê,CE,Ceará,Nordeste,-6.02751,-38.3461,0,32105,False,20–80 mil
2900504,Érico Cardoso,BA,Bahia,Nordeste,-13.4215,-42.1352,0,71897,False,20–80 mil
4205191,Ermo,SC,Santa Catarina,Sul,-28.9869,-49.643,0,11150,False,até 20 mil
4307054,Ernestina,RS,Rio Grande do Sul,Sul,-28.4977,-52.5836,0,4686,False,até 20 mil
4307203,Erval Grande,RS,Rio Grande do Sul,Sul,-27.3926,-52.574,0,17465,False,até 20 mil
4307302,Erval Seco,RS,Rio Grande do Sul,Sul,-27.5443,-53.5005,0,93157,True,80–500 mil
4205209,Erval Velho,SC,Santa Catarina,Sul,-27.2743,-51.443,0,32208,False,20–80 mil
3124005,Ervália,MG,Minas Gerais,Sudeste,-20.8403,-42.6544,0,22306,False,20–80 mil
2605202,Escada,PE,Pernambuco,Nordeste,-8.35672,-35.2241,0,17538,False,até 20 mil
4307401,Esmeralda,RS,Rio Grande do Sul,Sul,-28.0518,-51.1933,0,8149,False,até 20 mil
3124104,Esmeraldas,MG,Minas Gerais,Sudeste,-19.764,-44.3065,0,35158,False,20–80 mil
3124203,Espera Feliz,MG,Minas Gerais,Sudeste,-20.6508,-41.9119,0,11923,False,até 20 mil
2506004,Esperança,PB,Paraíba,Nordeste,-7.02278,-35.8597,0,970,False,até 20 mil
4307450,Esperança do Sul,RS,Rio Grande do Sul,Sul,-27.3603,-53.9891,0,3281,False,até 20 mil
4107520,Esperança Nova,PR,Paraná,Sul,-23.7238,-53.811,0,9376,False,até 20 mil
1707405,Esperantina,TO,Tocantins,Norte,-5.36593,-48.5378,0,2005,False,até 20 mil
2203701,Esperantina,PI,Piauí,Nordeste,-3.88863,-42.2324,0,7233,False,até 20 mil
2104008,Esperantinópolis,MA,Maranhão,Nordeste,-4.87938,-44.6926,0,18617,False,até 20 mil
4107546,Espigão Alto do Iguaçu,PR,Paraná,Sul,-25.4216,-52.8348,0,5360,False,até 20 mil
1100098,Espigão D'Oeste,RO,Rondônia,Norte,-11.5266,-61.0252,0,11382,False,até 20 mil
3124302,Espinosa,MG,Minas Gerais,Sudeste,-14.9249,-42.809,0,33517,False,20–80 mil
2403509,Espírito Santo,RN,Rio Grande do Norte,Nordeste,-6.33563,-35.3052,0,1633,False,até 20 mil
3124401,Espírito Santo do Dourado,MG,Minas Gerais,Sudeste,-22.0454,-45.9548,0,800,False,até 20 mil
3515186,Espírito Santo do Pinhal,SP,São Paulo,Sudeste,-22.1909,-46.7477,0,4649,False,até 20 mil
3515194,Espírito Santo do Turvo,SP,São Paulo,Sudeste,-22.6925,-49.4341,0,247154,True,80–500 mil
2910602,Esplanada,BA,Bahia,Nordeste,-11.7942,-37.9432,0,27500,False,20–80 mil
4307500,Espumoso,RS,Rio Grande do Sul,Sul,-28.7286,-52.8461,0,2068,False,até 20 mil
4307559,Estação,RS,Rio Grande do Sul,Sul,-27.9135,-52.2635,0,13975,False,até 20 mil
2802106,Estância,SE,Sergipe,Nordeste,-11.2659,-37.4484,0,22537,False,20–80 mil
4307609,Estância Velha,RS,Rio Grande do Sul,Sul,-29.6535,-51.1843,0,1093,False,até 20 mil
4307708,Esteio,RS,Rio Grande do Sul,Sul,-29.852,-51.1841,0,13950,False,até 20 mil
3124500,Estiva,MG,Minas Gerais,Sudeste,-22.4577,-46.0191,0,55495,False,20–80 mil
3557303,Estiva Gerbi,SP,São Paulo,Sudeste,-22.2713,-46.9481,0,6276,False,até 20 mil
2104057,Estreito,MA,Maranhão,Nordeste,-6.56077,-47.4431,0,10477,False,até 20 mil
4307807,Estrela,RS,Rio Grande do Sul,Sul,-29.5002,-51.9495,0,18720,False,até 20 mil
3515202,Estrela d'Oeste,SP,São Paulo,Sudeste,-20.2875,-50.4049,0,48466,False,20–80 mil
3124609,Estrela Dalva,MG,Minas Gerais,Sudeste,-21.7412,-42.4574,0,14576,False,até 20 mil
2702553,Estrela de Alagoas,AL,Alagoas,Nordeste,-9.39089,-36.7644,0,26546,False,20–80 mil
3124708,Estrela do Indaiá,MG,Minas Gerais,Sudeste,-19.5169,-45.7859,0,31577,False,20–80 mil
5207501,Estrela do Norte,GO,Goiás,Centro-Oeste,-13.8665,-49.0716,0,11268,False,até 20 mil
3515301,Estrela do Norte,SP,São Paulo,Sudeste,-22.4859,-51.6632,0,46917,False,20–80 mil
3124807,Estrela do Sul,MG,Minas Gerais,Sudeste,-18.7399,-47.6956,0,2522,False,até 20 mil
4307815,Estrela Velha,RS,Rio Grande do Sul,Sul,-29.1713,-53.1639,0,12305,False,até 20 mil
2910701,Euclides da Cunha,BA,Bahia,Nordeste,-10.5078,-39.0153,0,6322,False,até 20 mil
3515350,Euclides da Cunha Paulista,SP,São Paulo,Sudeste,-22.5545,-52.5928,0,41373,False,20–80 mil
4307831,Eugênio de Castro,RS,Rio Grande do Sul,Sul,-28.5315,-54.1506,0,5980,False,até 20 mil
3124906,Eugenópolis,MG,Minas Gerais,Sudeste,-21.1002,-42.1878,0,3869,False,até 20 mil
2910727,Eunápolis,BA,Bahia,Nordeste,-16.3715,-39.5821,0,4472,False,até 20 mil
2304285,Eusébio,CE,Ceará,Nordeste,-3.8925,-38.4559,0,17443,False,até 20 mil
3125002,Ewbank da Câmara,MG,Minas Gerais,Sudeste,-21.5498,-43.5068,0,11329,False,até 20 mil
3125101,Extrema,MG,Minas Gerais,Sudeste,-22.854,-46.3178,0,9469,False,até 20 mil
2403608,Extremoz,RN,Rio Grande do Norte,Nordeste,-5.70143,-35.3048,0,4069,False,até 20 mil
2605301,Exu,PE,Pernambuco,Nordeste,-7.50364,-39.7238,0,21548,False,20–80 mil
2506103,Fagundes,PB,Paraíba,Nordeste,-7.34454,-35.7931,0,32198,False,20–80 mil
4307864,Fagundes Varela,RS,Rio Grande do Sul,Sul,-28.8794,-51.7014,0,14176,False,até 20 mil
5207535,Faina,GO,Goiás,Centro-Oeste,-15.4473,-50.3622,0,16188,False,até 20 mil
3125200,Fama,MG,Minas Gerais,Sudeste,-21.4089,-45.8286,0,13173,False,até 20 mil
3125309,Faria Lemos,MG,Minas Gerais,Sudeste,-20.8097,-42.0213,0,31810,False,20–80 mil
2304301,Farias Brito,CE,Ceará,Nordeste,-6.92146,-39.5651,0,51470,False,20–80 mil
1503002,Faro,PA,Pará,Norte,-2.16805,-56.7405,0,26571,False,20–80 mil
4107553,Farol,PR,Paraná,Sul,-24.0958,-52.6217,0,39050,False,20–80 mil
4307906,Farroupilha,RS,Rio Grande do Sul,Sul,-29.2227,-51.3419,0,9190,False,até 20 mil
3515400,Fartura,SP,São Paulo,Sudeste,-23.3916,-49.5124,0,17732,False,até 20 mil
2203750,Fartura do Piauí,PI,Piauí,Nordeste,-9.48342,-42.7912,0,4358,False,até 20 mil
1707553,Fátima,TO,Tocantins,Norte,-10.7603,-48.9076,0,3225,False,até 20 mil
2910750,Fátima,BA,Bahia,Nordeste,-10.616,-38.2239,0,14139,False,até 20 mil
5003801,Fátima do Sul,MS,Mato Grosso do Sul,Centro-Oeste,-22.3789,-54.5131,0,60511,False,20–80 mil
4107603,Faxinal,PR,Paraná,Sul,-24.0077,-51.3227,0,26241,False,20–80 mil
4308003,Faxinal do Soturno,RS,Rio Grande do Sul,Sul,-29.5788,-53.4484,0,3235,False,até 20 mil
4205308,Faxinal dos Guedes,SC,Santa Catarina,Sul,-26.8451,-52.2596,0,2781,False,até 20 mil
4308052,Faxinalzinho,RS,Rio Grande do Sul,Sul,-27.4238,-52.6789,0,58297,False,20–80 mil
5207600,Fazenda Nova,GO,Goiás,Centro-Oeste,-16.1834,-50.7781,0,24961,False,20–80 mil
4107652,Fazenda Rio Grande,PR,Paraná,Sul,-25.6624,-49.3073,0,1914,False,até 20 mil
4308078,Fazenda Vilanova,RS,Rio Grande do Sul,Sul,-29.5885,-51.8217,0,5172,False,até 20 mil
1200302,Feijó,AC,Acre,Norte,-8.17054,-70.351,0,22350,False,20–80 mil
2910776,Feira da Mata,BA,Bahia,Nordeste,-14.2044,-44.2744,0,3578,False,até 20 mil
2910800,Feira de Santana,BA,Bahia,Nordeste,-12.2664,-38.9663,0,6518,False,até 20 mil
2702603,Feira Grande,AL,Alagoas,Nordeste,-9.89859,-36.6815,0,38678,False,20–80 mil
2605400,Feira Nova,PE,Pernambuco,Nordeste,-7.94704,-35.3801,0,12909,False,até 20 mil
2802205,Feira Nova,SE,Sergipe,Nordeste,-10.2616,-37.3147,0,2683,False,até 20 mil
2104073,Feira Nova do Maranhão,MA,Maranhão,Nordeste,-6.96508,-46.6786,0,5733,False,até 20 mil
3125408,Felício dos Santos,MG,Minas Gerais,Sudeste,-18.0755,-43.2422,0,1384,False,até 20 mil
2403707,Felipe Guerra,RN,Rio Grande do Norte,Nordeste,-5.59274,-37.6875,0,1430,False,até 20 mil
3125606,Felisburgo,MG,Minas Gerais,Sudeste,-16.6348,-40.7605,0,28163,False,20–80 mil
3125705,Felixlândia,MG,Minas Gerais,Sudeste,-18.7507,-44.9004,0,9737,False,até 20 mil
4308102,Feliz,RS,Rio Grande do Sul,Sul,-29.4527,-51.3032,0,17875,False,até 20 mil
2702702,Feliz Deserto,AL,Alagoas,Nordeste,-10.2935,-36.3028,0,3888,False,até 20 mil
5103700,Feliz Natal,MT,Mato Grosso,Centro-Oeste,-12.385,-54.9227,0,29628,False,20–80 mil
4107702,Fênix,PR,Paraná,Sul,-23.9135,-51.9805,0,7937,False,até 20 mil
4107736,Fernandes Pinheiro,PR,Paraná,Sul,-25.4107,-50.5456,0,13438,False,até 20 mil
3125804,Fernandes Tourinho,MG,Minas Gerais,Sudeste,-19.1541,-42.0803,0,7711,False,até 20 mil
2605459,Fernando de Noronha,PE,Pernambuco,Nordeste,-3.8396,-32.4107,0,7048,False,até 20 mil
2104081,Fernando Falcão,MA,Maranhão,Nordeste,-6.16207,-44.8979,0,5586,False,até 20 mil
2403756,Fernando Pedroza,RN,Rio Grande do Norte,Nordeste,-5.69096,-36.5282,0,18762,False,até 20 mil
3515608,Fernando Prestes,SP,São Paulo,Sudeste,-21.2661,-48.6874,0,75898,False,20–80 mil
3515509,Fernandópolis,SP,São Paulo,Sudeste,-20.2806,-50.2471,0,5490,False,até 20 mil
3515657,Fernão,SP,São Paulo,Sudeste,-22.3607,-49.5187,0,28418,False,20–80 mil
3515707,Ferraz de Vasconcelos,SP,São Paulo,Sudeste,-23.5411,-46.371,0,16431,False,até 20 mil
1600238,Ferreira Gomes,AP,Amapá,Norte,0.857256,-51.1795,0,38761,False,20–80 mil
2605509,Ferreiros,PE,Pernambuco,Nordeste,-7.44666,-35.2373,0,3728,False,até 20 mil
3125903,Ferros,MG,Minas Gerais,Sudeste,-19.2343,-43.0192,0,1913,False,até 20 mil
3125952,Fervedouro,MG,Minas Gerais,Sudeste,-20.726,-42.279,0,16779,False,até 20 mil
4107751,Figueira,PR,Paraná,Sul,-23.8455,-50.4031,0,26384,False,20–80 mil
5003900,Figueirão,MS,Mato Grosso do Sul,Centro-Oeste,-18.6782,-53.638,0,6449,False,até 20 mil
1707652,Figueirópolis,TO,Tocantins,Norte,-12.1312,-49.1748,0,1474,False,até 20 mil
5103809,Figueirópolis D'Oeste,MT,Mato Grosso,Centro-Oeste,-15.4439,-58.7391,0,3657,False,até 20 mil
1707702,Filadélfia,TO,Tocantins,Norte,-7.33501,-47.4954,0,6848,False,até 20 mil
2910859,Filadélfia,BA,Bahia,Nordeste,-10.7405,-40.1437,0,19223,False,até 20 mil
2910909,Firmino Alves,BA,Bahia,Nordeste,-14.9823,-39.9269,0,48605,False,20–80 mil
5207808,Firminópolis,GO,Goiás,Centro-Oeste,-16.5778,-50.304,0,4217,False,até 20 mil
2702801,Flexeiras,AL,Alagoas,Nordeste,-9.27281,-35.7139,0,13588,False,até 20 mil
4107850,Flor da Serra do Sul,PR,Paraná,Sul,-26.2523,-53.3092,0,30483,False,20–80 mil
4205357,Flor do Sertão,SC,Santa Catarina,Sul,-26.7811,-53.3505,0,7919,False,até 20 mil
3515806,Flora Rica,SP,São Paulo,Sudeste,-21.6727,-51.3821,0,14504,False,até 20 mil
4107801,Floraí,PR,Paraná,Sul,-23.3178,-52.3029,0,15307,False,até 20 mil
2403806,Florânia,RN,Rio Grande do Norte,Nordeste,-6.12264,-36.8226,0,132113,True,80–500 mil
3515905,Floreal,SP,São Paulo,Sudeste,-20.6752,-50.1513,0,48962,False,20–80 mil
2605608,Flores,PE,Pernambuco,Nordeste,-7.85842,-37.9715,0,37625,False,20–80 mil
4308201,Flores da Cunha,RS,Rio Grande do Sul,Sul,-29.0261,-51.1875,0,800,False,até 20 mil
5207907,Flores de Goiás,GO,Goiás,Centro-Oeste,-14.4451,-47.0417,0,4027,False,até 20 mil
2203800,Flores do Piauí,PI,Piauí,Nordeste,-7.78793,-42.918,0,6023,False,até 20 mil
4107900,Floresta,PR,Paraná,Sul,-23.6031,-52.0807,0,21324,False,20–80 mil
2605707,Floresta,PE,Pernambuco,Nordeste,-8.60307,-38.5687,0,7923,False,até 20 mil
2911006,Floresta Azul,BA,Bahia,Nordeste,-14.8629,-39.6579,0,26643,False,20–80 mil
1503044,Floresta do Araguaia,PA,Pará,Norte,-7.55335,-49.7125,0,48681,False,20–80 mil
2203859,Floresta do Piauí,PI,Piauí,Nordeste,-7.46682,-41.7883,0,7951,False,até 20 mil
3126000,Florestal,MG,Minas Gerais,Sudeste,-19.888,-44.4318,0,800,False,até 20 mil
4108007,Florestópolis,PR,Paraná,Sul,-22.8623,-51.3882,0,12020,False,até 20 mil
2203909,Floriano,PI,Piauí,Nordeste,-6.77182,-43.0241,0,9678,False,até 20 mil
4308250,Floriano Peixoto,RS,Rio Grande do Sul,Sul,-27.8614,-52.0838,0,31007,False,20–80 mil
4205407,Florianópolis,SC,Santa Catarina,Sul,-27.5945,-48.5477,1,2254754,True,acima de 500 mil
4108106,Flórida,PR,Paraná,Sul,-23.0847,-51.9546,0,5338,False,até 20 mil
3516002,Flórida Paulista,SP,São Paulo,Sudeste,-21.6127,-51.1724,0,99948,True,80–500 mil
3516101,Florínia,SP,São Paulo,Sudeste,-22.868,-50.6814,0,20944,False,20–80 mil
1301605,Fonte Boa,AM,Amazonas,Norte,-2.52342,-66.0942,0,42463,False,20–80 mil
4308300,Fontoura Xavier,RS,Rio Grande do Sul,Sul,-28.9817,-52.3445,0,38311,False,20–80 mil
3126109,Formiga,MG,Minas Gerais,Sudeste,-20.4618,-45.4268,0,19688,False,até 20 mil
4308409,Formigueiro,RS,Rio Grande do Sul,Sul,-30.0035,-53.4959,0,7869,False,até 20 mil
5208004,Formosa,GO,Goiás,Centro-Oeste,-15.54,-47.337,0,42690,False,20–80 mil
2104099,Formosa da Serra Negra,MA,Maranhão,Nordeste,-6.44017,-46.1916,0,5356,False,até 20 mil
4108205,Formosa do Oeste,PR,Paraná,Sul,-24.2951,-53.3114,0,8404,False,até 20 mil
2911105,Formosa do Rio Preto,BA,Bahia,Nordeste,-11.0328,-45.193,0,1097,False,até 20 mil
4205431,Formosa do Sul,SC,Santa Catarina,Sul,-26.6453,-52.7946,0,4733,False,até 20 mil
5208103,Formoso,GO,Goiás,Centro-Oeste,-13.6499,-48.8775,0,8047,False,até 20 mil
3126208,Formoso,MG,Minas Gerais,Sudeste,-14.9446,-46.2371,0,1869,False,até 20 mil
1708205,Formoso do Araguaia,TO,Tocantins,Norte,-11.7976,-49.5316,0,9061,False,até 20 mil
4308433,Forquetinha,RS,Rio Grande do Sul,Sul,-29.3828,-52.0981,0,14080,False,até 20 mil
2304350,Forquilha,CE,Ceará,Nordeste,-3.79945,-40.2634,0,41685,False,20–80 mil
4205456,Forquilhinha,SC,Santa Catarina,Sul,-28.7454,-49.4785,0,49583,False,20–80 mil
2304400,Fortaleza,CE,Ceará,Nordeste,-3.71664,-38.5423,1,2056740,True,acima de 500 mil
3126307,Fortaleza de Minas,MG,Minas Gerais,Sudeste,-20.8508,-46.712,0,10233,False,até 20 mil
1708254,Fortaleza do Tabocão,TO,Tocantins,Norte,-9.05611,-48.5206,0,8832,False,até 20 mil
2104107,Fortaleza dos Nogueiras,MA,Maranhão,Nordeste,-6.95983,-46.1749,0,4456,False,até 20 mil
4308458,Fortaleza dos Valos,RS,Rio Grande do Sul,Sul,-28.7986,-53.2249,0,14076,False,até 20 mil
2304459,Fortim,CE,Ceará,Nordeste,-4.45126,-37.7981,0,11812,False,até 20 mil
2104206,Fortuna,MA,Maranhão,Nordeste,-5.72792,-44.1565,0,144260,True,80–500 mil
3126406,Fortuna de Minas,MG,Minas Gerais,Sudeste,-19.5578,-44.4472,0,8463,False,até 20 mil
4108304,Foz do Iguaçu,PR,Paraná,Sul,-25.5427,-54.5827,0,11438,False,até 20 mil
4108452,Foz do Jordão,PR,Paraná,Sul,-25.7371,-52.1188,0,10782,False,até 20 mil
4205506,Fraiburgo,SC,Santa Catarina,Sul,-27.0233,-50.92,0,27896,False,20–80 mil
3516200,Franca,SP,São Paulo,Sudeste,-20.5352,-47.4039,0,72108,False,20–80 mil
2204006,Francinópolis,PI,Piauí,Nordeste,-6.39334,-42.2591,0,58880,False,20–80 mil
4108320,Francisco Alves,PR,Paraná,Sul,-24.0667,-53.8461,0,1408,False,até 20 mil
2204105,Francisco Ayres,PI,Piauí,Nordeste,-6.62606,-42.6881,0,2366,False,até 20 mil
3126505,Francisco Badaró,MG,Minas Gerais,Sudeste,-16.9883,-42.3568,0,34928,False,20–80 mil
4108403,Francisco Beltrão,PR,Paraná,Sul,-26.0817,-53.0535,0,7234,False,até 20 mil
2403905,Francisco Dantas,RN,Rio Grande do Norte,Nordeste,-6.07234,-38.1212,0,6256,False,até 20 mil
3126604,Francisco Dumont,MG,Minas Gerais,Sudeste,-17.3107,-44.2317,0,7927,False,até 20 mil
2204154,Francisco Macedo,PI,Piauí,Nordeste,-7.331,-40.788,0,15426,False,até 20 mil
3516309,Francisco Morato,SP,São Paulo,Sudeste,-23.2792,-46.7448,0,32270,False,20–80 mil
3126703,Francisco Sá,MG,Minas Gerais,Sudeste,-16.4827,-43.4896,0,4496,False,até 20 mil
2204204,Francisco Santos,PI,Piauí,Nordeste,-6.99491,-41.1288,0,7536,False,até 20 mil
3126752,Franciscópolis,MG,Minas Gerais,Sudeste,-17.9578,-42.0094,0,5526,False,até 20 mil
3516408,Franco da Rocha,SP,São Paulo,Sudeste,-23.3229,-46.729,0,11443,False,até 20 mil
2304509,Frecheirinha,CE,Ceará,Nordeste,-3.75557,-40.818,0,12983,False,até 20 mil
4308508,Frederico Westphalen,RS,Rio Grande do Sul,Sul,-27.3586,-53.3958,0,3755,False,até 20 mil
3126802,Frei Gaspar,MG,Minas Gerais,Sudeste,-18.0709,-41.4325,0,39133,False,20–80 mil
3126901,Frei Inocêncio,MG,Minas Gerais,Sudeste,-18.5556,-41.9121,0,17404,False,até 20 mil
3126950,Frei Lagonegro,MG,Minas Gerais,Sudeste,-18.1751,-42.7617,0,6313,False,até 20 mil
2506202,Frei Martinho,PB,Paraíba,Nordeste,-6.39759,-36.4526,0,3149,False,até 20 mil
2605806,Frei Miguelinho,PE,Pernambuco,Nordeste,-7.93918,-35.9113,0,362357,True,80–500 mil
2802304,Frei Paulo,SE,Sergipe,Nordeste,-10.5513,-37.5279,0,88426,True,80–500 mil
4205555,Frei Rogério,SC,Santa Catarina,Sul,-27.175,-50.8076,0,14128,False,até 20 mil
3127008,Fronteira,MG,Minas Gerais,Sudeste,-20.2748,-49.1984,0,7439,False,até 20 mil
3127057,Fronteira dos Vales,MG,Minas Gerais,Sudeste,-16.8898,-40.923,0,1721,False,até 20 mil
2204303,Fronteiras,PI,Piauí,Nordeste,-7.08173,-40.6146,0,1065,False,até 20 mil
3127073,Fruta de Leite,MG,Minas Gerais,Sudeste,-16.1225,-42.5288,0,14792,False,até 20 mil
3127107,Frutal,MG,Minas Gerais,Sudeste,-20.0259,-48.9355,0,1392,False,até 20 mil
2404002,Frutuoso Gomes,RN,Rio Grande do Norte,Nordeste,-6.15669,-37.8375,0,1497,False,até 20 mil
3202207,Fundão,ES,Espírito Santo,Sudeste,-19.937,-40.4078,0,11544,False,até 20 mil
3127206,Funilândia,MG,Minas Gerais,Sudeste,-19.3661,-44.061,0,22060,False,20–80 mil
3516507,Gabriel Monteiro,SP,São Paulo,Sudeste,-21.5294,-50.5573,0,23004,False,20–80 mil
2506251,Gado Bravo,PB,Paraíba,Nordeste,-7.58279,-35.7899,0,7644,False,até 20 mil
3516606,Gália,SP,São Paulo,Sudeste,-22.2918,-49.5504,0,21977,False,20–80 mil
3127305,Galiléia,MG,Minas Gerais,Sudeste,-19.0005,-41.5387,0,11115,False,até 20 mil
2404101,Galinhos,RN,Rio Grande do Norte,Nordeste,-5.0909,-36.2754,0,25201,False,20–80 mil
4205605,Galvão,SC,Santa Catarina,Sul,-26.4549,-52.6875,0,73898,False,20–80 mil
2605905,Gameleira,PE,Pernambuco,Nordeste,-8.5798,-35.3846,0,5679,False,até 20 mil
5208152,Gameleira de Goiás,GO,Goiás,Centro-Oeste,-16.4854,-48.6454,0,2665,False,até 20 mil
3127339,Gameleiras,MG,Minas Gerais,Sudeste,-15.0829,-43.125,0,133279,True,80–500 mil
2911204,Gandu,BA,Bahia,Nordeste,-13.7441,-39.4747,0,19062,False,até 20 mil
2606002,Garanhuns,PE,Pernambuco,Nordeste,-8.88243,-36.4966,0,4704,False,até 20 mil
2802403,Gararu,SE,Sergipe,Nordeste,-9.9722,-37.0869,0,6617,False,até 20 mil
3516705,Garça,SP,São Paulo,Sudeste,-22.2125,-49.6546,0,14198,False,até 20 mil
4308607,Garibaldi,RS,Rio Grande do Sul,Sul,-29.259,-51.5352,0,13901,False,até 20 mil
4205704,Garopaba,SC,Santa Catarina,Sul,-28.0275,-48.6192,0,1974,False,até 20 mil
1503077,Garrafão do Norte,PA,Pará,Norte,-1.92986,-47.0505,0,15469,False,até 20 mil
4308656,Garruchos,RS,Rio Grande do Sul,Sul,-28.1944,-55.6383,0,3129,False,até 20 mil
4205803,Garuva,SC,Santa Catarina,Sul,-26.0292,-48.852,0,10181,False,até 20 mil
4205902,Gaspar,SC,Santa Catarina,Sul,-26.9336,-48.9534,0,15364,False,até 20 mil
3516804,Gastão Vidigal,SP,São Paulo,Sudeste,-20.7948,-50.1912,0,48948,False,20–80 mil
5103858,Gaúcha do Norte,MT,Mato Grosso,Centro-Oeste,-13.2443,-53.0809,0,1788,False,até 20 mil
4308706,Gaurama,RS,Rio Grande do Sul,Sul,-27.5856,-52.0915,0,3898,False,até 20 mil
2911253,Gavião,BA,Bahia,Nordeste,-11.4688,-39.7757,0,14763,False,até 20 mil
3516853,Gavião Peixoto,SP,São Paulo,Sudeste,-21.8367,-48.4957,0,39549,False,20–80 mil
2204352,Geminiano,PI,Piauí,Nordeste,-7.15476,-41.3409,0,13998,False,até 20 mil
4308805,General Câmara,RS,Rio Grande do Sul,Sul,-29.9032,-51.7612,0,26304,False,20–80 mil
5103908,General Carneiro,MT,Mato Grosso,Centro-Oeste,-15.7094,-52.7574,0,13143,False,até 20 mil
4108502,General Carneiro,PR,Paraná,Sul,-26.425,-51.3172,0,11916,False,até 20 mil
2802502,General Maynard,SE,Sergipe,Nordeste,-10.6835,-36.9838,0,15555,False,até 20 mil
3516903,General Salgado,SP,São Paulo,Sudeste,-20.6485,-50.364,0,5311,False,até 20 mil
2304608,General Sampaio,CE,Ceará,Nordeste,-4.04351,-39.454,0,12373,False,até 20 mil
4308854,Gentil,RS,Rio Grande do Sul,Sul,-28.4316,-52.0337,0,22247,False,20–80 mil
2911303,Gentio do Ouro,BA,Bahia,Nordeste,-11.4342,-42.5077,0,21502,False,20–80 mil
3517000,Getulina,SP,São Paulo,Sudeste,-21.7961,-49.9312,0,4967,False,até 20 mil
4308904,Getúlio Vargas,RS,Rio Grande do Sul,Sul,-27.8911,-52.2294,0,3501,False,até 20 mil
2204402,Gilbués,PI,Piauí,Nordeste,-9.83001,-45.3423,0,24180,False,20–80 mil
2702900,Girau do Ponciano,AL,Alagoas,Nordeste,-9.88404,-36.8316,0,11513,False,até 20 mil
4309001,Giruá,RS,Rio Grande do Sul,Sul,-28.0297,-54.3517,0,3398,False,até 20 mil
3127354,Glaucilândia,MG,Minas Gerais,Sudeste,-16.8481,-43.692,0,2877,False,até 20 mil
3517109,Glicério,SP,São Paulo,Sudeste,-21.3812,-50.2123,0,48743,False,20–80 mil
2911402,Glória,BA,Bahia,Nordeste,-9.34382,-38.2544,0,80698,True,80–500 mil
5103957,Glória D'Oeste,MT,Mato Grosso,Centro-Oeste,-15.768,-58.3108,0,9508,False,até 20 mil
5004007,Glória de Dourados,MS,Mato Grosso do Sul,Centro-Oeste,-22.4136,-54.2335,0,3379,False,até 20 mil
2606101,Glória do Goitá,PE,Pernambuco,Nordeste,-8.00568,-35.2904,0,32873,False,20–80 mil
4309050,Glorinha,RS,Rio Grande do Sul,Sul,-29.8798,-50.7734,0,3743,False,até 20 mil
2104305,Godofredo Viana,MA,Maranhão,Nordeste,-1.40259,-45.7795,0,16266,False,até 20 mil
4108551,Godoy Moreira,PR,Paraná,Sul,-24.173,-51.9246,0,8220,False,até 20 mil
3127370,Goiabeira,MG,Minas Gerais,Sudeste,-18.9807,-41.2235,0,8618,False,até 20 mil
3127388,Goianá,MG,Minas Gerais,Sudeste,-21.536,-43.1957,0,69750,False,20–80 mil
2606200,Goiana,PE,Pernambuco,Nordeste,-7.5606,-34.9959,0,100862,True,80–500 mil
5208400,Goianápolis,GO,Goiás,Centro-Oeste,-16.5098,-49.0234,0,20635,False,20–80 mil
5208509,Goiandira,GO,Goiás,Centro-Oeste,-18.1352,-48.0875,0,21084,False,20–80 mil
5208608,Goianésia,GO,Goiás,Centro-Oeste,-15.3118,-49.1162,0,2351,False,até 20 mil
1503093,Goianésia do Pará,PA,Pará,Norte,-3.84338,-49.0974,0,155260,True,80–500 mil
5208707,Goiânia,GO,Goiás,Centro-Oeste,-16.6864,-49.2643,1,1615206,True,acima de 500 mil
2404200,Goianinha,RN,Rio Grande do Norte,Nordeste,-6.26486,-35.1943,0,4209,False,até 20 mil
5208806,Goianira,GO,Goiás,Centro-Oeste,-16.4947,-49.427,0,28444,False,20–80 mil
1708304,Goianorte,TO,Tocantins,Norte,-8.77413,-48.9313,0,5751,False,até 20 mil
5208905,Goiás,GO,Goiás,Centro-Oeste,-15.9333,-50.14,0,19118,False,até 20 mil
1709005,Goiatins,TO,Tocantins,Norte,-7.71478,-47.3252,0,1041,False,até 20 mil
5209101,Goiatuba,GO,Goiás,Centro-Oeste,-18.0105,-49.3658,0,25381,False,20–80 mil
4108601,Goioerê,PR,Paraná,Sul,-24.1835,-53.0248,0,8538,False,até 20 mil
4108650,Goioxim,PR,Paraná,Sul,-25.1927,-51.9911,0,19160,False,até 20 mil
3127404,Gonçalves,MG,Minas Gerais,Sudeste,-22.6545,-45.8556,0,35778,False,20–80 mil
2104404,Gonçalves Dias,MA,Maranhão,Nordeste,-5.1475,-44.3013,0,31101,False,20–80 mil
2911501,Gongogi,BA,Bahia,Nordeste,-14.3195,-39.469,0,1410,False,até 20 mil
3127503,Gonzaga,MG,Minas Gerais,Sudeste,-18.8196,-42.4769,0,4486,False,até 20 mil
3127602,Gouveia,MG,Minas Gerais,Sudeste,-18.4519,-43.7423,0,12344,False,até 20 mil
5209150,Gouvelândia,GO,Goiás,Centro-Oeste,-18.6238,-50.0805,0,2702,False,até 20 mil
2104503,Governador Archer,MA,Maranhão,Nordeste,-5.02078,-44.2754,0,6847,False,até 20 mil
4206009,Governador Celso Ramos,SC,Santa Catarina,Sul,-27.3172,-48.5576,0,3755,False,até 20 mil
2404309,Governador Dix-Sept Rosado,RN,Rio Grande do Norte,Nordeste,-5.44887,-37.5183,0,39101,False,20–80 mil
2104552,Governador Edison Lobão,MA,Maranhão,Nordeste,-5.74973,-47.3646,0,9557,False,até 20 mil
2104602,Governador Eugênio Barros,MA,Maranhão,Nordeste,-5.31897,-44.2469,0,5349,False,até 20 mil
1101005,Governador Jorge Teixeira,RO,Rondônia,Norte,-10.61,-62.7371,0,6642,False,até 20 mil
3202256,Governador Lindenberg,ES,Espírito Santo,Sudeste,-19.1864,-40.4473,0,9880,False,até 20 mil
2104628,Governador Luiz Rocha,MA,Maranhão,Nordeste,-5.47835,-44.0774,0,800,False,até 20 mil
2911600,Governador Mangabeira,BA,Bahia,Nordeste,-12.5994,-39.0412,0,7118,False,até 20 mil
2104651,Governador Newton Bello,MA,Maranhão,Nordeste,-3.43245,-45.6619,0,2575,False,até 20 mil
2104677,Governador Nunes Freire,MA,Maranhão,Nordeste,-2.12899,-45.8777,0,1600,False,até 20 mil
3127701,Governador Valadares,MG,Minas Gerais,Sudeste,-18.8545,-41.9555,0,9670,False,até 20 mil
2304657,Graça,CE,Ceará,Nordeste,-4.04422,-40.749,0,50021,False,20–80 mil
2104701,Graça Aranha,MA,Maranhão,Nordeste,-5.40547,-44.3358,0,987,False,até 20 mil
2802601,Gracho Cardoso,SE,Sergipe,Nordeste,-10.2252,-37.2006,0,33089,False,20–80 mil
2104800,Grajaú,MA,Maranhão,Nordeste,-5.81367,-46.1462,0,3148,False,até 20 mil
4309100,Gramado,RS,Rio Grande do Sul,Sul,-29.3734,-50.8762,0,17047,False,até 20 mil
4309126,Gramado dos Loureiros,RS,Rio Grande do Sul,Sul,-27.4429,-52.9149,0,2535,False,até 20 mil
4309159,Gramado Xavier,RS,Rio Grande do Sul,Sul,-29.2706,-52.5795,0,11274,False,até 20 mil
4108700,Grandes Rios,PR,Paraná,Sul,-24.1466,-51.5094,0,3418,False,até 20 mil
2606309,Granito,PE,Pernambuco,Nordeste,-7.70711,-39.615,0,20137,False,20–80 mil
2304707,Granja,CE,Ceará,Nordeste,-3.12788,-40.8372,0,108936,True,80–500 mil
2304806,Granjeiro,CE,Ceará,Nordeste,-6.88134,-39.2144,0,12652,False,até 20 mil
3127800,Grão Mogol,MG,Minas Gerais,Sudeste,-16.5662,-42.8923,0,13157,False,até 20 mil
4206108,Grão Pará,SC,Santa Catarina,Sul,-28.1809,-49.2252,0,14294,False,até 20 mil
2606408,Gravatá,PE,Pernambuco,Nordeste,-8.21118,-35.5675,0,35197,False,20–80 mil
4309209,Gravataí,RS,Rio Grande do Sul,Sul,-29.9413,-50.9869,0,17316,False,até 20 mil
4206207,Gravatal,SC,Santa Catarina,Sul,-28.3208,-49.0427,0,3040,False,até 20 mil
2304905,Groaíras,CE,Ceará,Nordeste,-3.91787,-40.3852,0,13135,False,até 20 mil
2404408,Grossos,RN,Rio Grande do Norte,Nordeste,-4.98068,-37.1621,0,6866,False,até 20 mil
3127909,Grupiara,MG,Minas Gerais,Sudeste,-18.5003,-47.7318,0,4474,False,até 20 mil
4309258,Guabiju,RS,Rio Grande do Sul,Sul,-28.5421,-51.6948,0,6910,False,até 20 mil
4206306,Guabiruba,SC,Santa Catarina,Sul,-27.0808,-48.9804,0,21947,False,20–80 mil
3202306,Guaçuí,ES,Espírito Santo,Sudeste,-20.7668,-41.6734,0,18457,False,até 20 mil
2204501,Guadalupe,PI,Piauí,Nordeste,-6.78285,-43.5594,0,2336,False,até 20 mil
4309308,Guaíba,RS,Rio Grande do Sul,Sul,-30.1086,-51.3233,0,23131,False,20–80 mil
3517208,Guaiçara,SP,São Paulo,Sudeste,-21.6195,-49.8013,0,12461,False,até 20 mil
3517307,Guaimbê,SP,São Paulo,Sudeste,-21.9091,-49.8986,0,42592,False,20–80 mil
3517406,Guaíra,SP,São Paulo,Sudeste,-20.3196,-48.312,0,72128,False,20–80 mil
4108809,Guaíra,PR,Paraná,Sul,-24.085,-54.2573,0,1869,False,até 20 mil
4108908,Guairaçá,PR,Paraná,Sul,-22.932,-52.6906,0,7637,False,até 20 mil
2304954,Guaiúba,CE,Ceará,Nordeste,-4.04057,-38.6404,0,29608,False,20–80 mil
1301654,Guajará,AM,Amazonas,Norte,-7.53797,-72.5907,0,30006,False,20–80 mil
1100106,Guajará-Mirim,RO,Rondônia,Norte,-10.7889,-65.3296,0,5342,False,até 20 mil
2911659,Guajeru,BA,Bahia,Nordeste,-14.5467,-41.9381,0,26125,False,20–80 mil
2404507,Guamaré,RN,Rio Grande do Norte,Nordeste,-5.10619,-36.3222,0,4673,False,até 20 mil
4108957,Guamiranga,PR,Paraná,Sul,-25.1912,-50.8021,0,25960,False,20–80 mil
2911709,Guanambi,BA,Bahia,Nordeste,-14.2231,-42.7799,0,2394,False,até 20 mil
3128006,Guanhães,MG,Minas Gerais,Sudeste,-18.7713,-42.9312,0,8746,False,até 20 mil
3128105,Guapé,MG,Minas Gerais,Sudeste,-20.7631,-45.9152,0,1664,False,até 20 mil
3517505,Guapiaçu,SP,São Paulo,Sudeste,-20.7959,-49.2172,0,7549,False,até 20 mil
3517604,Guapiara,SP,São Paulo,Sudeste,-24.1892,-48.5295,0,6467,False,até 20 mil
3301850,Guapimirim,RJ,Rio de Janeiro,Sudeste,-22.5347,-42.9895,0,56788,False,20–80 mil
4109005,Guapirama,PR,Paraná,Sul,-23.5203,-50.0407,0,71690,False,20–80 mil
5209200,Guapó,GO,Goiás,Centro-Oeste,-16.8297,-49.5345,0,18228,False,até 20 mil
4309407,Guaporé,RS,Rio Grande do Sul,Sul,-28.8399,-51.8895,0,5449,False,até 20 mil
4109104,Guaporema,PR,Paraná,Sul,-23.3402,-52.7786,0,26480,False,20–80 mil
3517703,Guará,SP,São Paulo,Sudeste,-20.4302,-47.8236,0,192731,True,80–500 mil
2506301,Guarabira,PB,Paraíba,Nordeste,-6.85064,-35.485,0,4105,False,até 20 mil
3517802,Guaraçaí,SP,São Paulo,Sudeste,-21.0292,-51.2119,0,44977,False,20–80 mil
3517901,Guaraci,SP,São Paulo,Sudeste,-20.4977,-48.9391,0,19264,False,até 20 mil
4109203,Guaraci,PR,Paraná,Sul,-22.9694,-51.6504,0,2228,False,até 20 mil
3128204,Guaraciaba,MG,Minas Gerais,Sudeste,-20.5716,-43.0094,0,11195,False,até 20 mil
4206405,Guaraciaba,SC,Santa Catarina,Sul,-26.6042,-53.5243,0,32873,False,20–80 mil
2305001,Guaraciaba do Norte,CE,Ceará,Nordeste,-4.15814,-40.7476,0,15994,False,até 20 mil
3128253,Guaraciama,MG,Minas Gerais,Sudeste,-17.0142,-43.6675,0,15829,False,até 20 mil
1709302,Guaraí,TO,Tocantins,Norte,-8.83543,-48.5114,0,2869,False,até 20 mil
5209291,Guaraíta,GO,Goiás,Centro-Oeste,-15.6121,-50.0265,0,9079,False,até 20 mil
2305100,Guaramiranga,CE,Ceará,Nordeste,-4.26248,-38.932,0,59729,False,20–80 mil
4206504,Guaramirim,SC,Santa Catarina,Sul,-26.4688,-49.0026,0,13854,False,até 20 mil
3128303,Guaranésia,MG,Minas Gerais,Sudeste,-21.3009,-46.7964,0,7513,False,até 20 mil
3128402,Guarani,MG,Minas Gerais,Sudeste,-21.3563,-43.0328,0,1633,False,até 20 mil
3518008,Guarani d'Oeste,SP,São Paulo,Sudeste,-20.0746,-50.3411,0,10936,False,até 20 mil
4309506,Guarani das Missões,RS,Rio Grande do Sul,Sul,-28.1491,-54.5629,0,6019,False,até 20 mil
5209408,Guarani de Goiás,GO,Goiás,Centro-Oeste,-13.9421,-46.4868,0,7446,False,até 20 mil
4109302,Guaraniaçu,PR,Paraná,Sul,-25.0968,-52.8755,0,8675,False,até 20 mil
3518107,Guarantã,SP,São Paulo,Sudeste,-21.8942,-49.5914,0,17425,False,até 20 mil
5104104,Guarantã do Norte,MT,Mato Grosso,Centro-Oeste,-9.96218,-54.9121,0,5745,False,até 20 mil
3202405,Guarapari,ES,Espírito Santo,Sudeste,-20.6772,-40.5093,0,127045,True,80–500 mil
4109401,Guarapuava,PR,Paraná,Sul,-25.3902,-51.4623,0,14855,False,até 20 mil
4109500,Guaraqueçaba,PR,Paraná,Sul,-25.3071,-48.3204,0,13618,False,até 20 mil
3128501,Guarará,MG,Minas Gerais,Sudeste,-21.7304,-43.0334,0,28622,False,20–80 mil
3518206,Guararapes,SP,São Paulo,Sudeste,-21.2544,-50.6453,0,8247,False,até 20 mil
3518305,Guararema,SP,São Paulo,Sudeste,-23.4112,-46.0369,0,80735,True,80–500 mil
2911808,Guaratinga,BA,Bahia,Nordeste,-16.5833,-39.7847,0,69161,False,20–80 mil
3518404,Guaratinguetá,SP,São Paulo,Sudeste,-22.8075,-45.1938,0,13001,False,até 20 mil
4109609,Guaratuba,PR,Paraná,Sul,-25.8817,-48.5752,0,20273,False,20–80 mil
3128600,Guarda-Mor,MG,Minas Gerais,Sudeste,-17.7673,-47.0998,0,14408,False,até 20 mil
3518503,Guareí,SP,São Paulo,Sudeste,-23.3714,-48.1837,0,101728,True,80–500 mil
3518602,Guariba,SP,São Paulo,Sudeste,-21.3594,-48.2316,0,19663,False,até 20 mil
2204550,Guaribas,PI,Piauí,Nordeste,-9.38647,-43.6943,0,5938,False,até 20 mil
5209457,Guarinos,GO,Goiás,Centro-Oeste,-14.7292,-49.7006,0,32997,False,20–80 mil
3518701,Guarujá,SP,São Paulo,Sudeste,-23.9888,-46.258,0,9696,False,até 20 mil
4206603,Guarujá do Sul,SC,Santa Catarina,Sul,-26.3858,-53.5296,0,1338,False,até 20 mil
3518800,Guarulhos,SP,São Paulo,Sudeste,-23.4538,-46.5333,0,19115,False,até 20 mil
4206652,Guatambú,SC,Santa Catarina,Sul,-27.1341,-52.7887,0,3545,False,até 20 mil
3518859,Guatapará,SP,São Paulo,Sudeste,-21.4944,-48.0356,0,1704,False,até 20 mil
3128709,Guaxupé,MG,Minas Gerais,Sudeste,-21.305,-46.7081,0,4341,False,até 20 mil
5004106,Guia Lopes da Laguna,MS,Mato Grosso do Sul,Centro-Oeste,-21.4583,-56.1117,0,44140,False,20–80 mil
3128808,Guidoval,MG,Minas Gerais,Sudeste,-21.155,-42.7887,0,7086,False,até 20 mil
2104909,Guimarães,MA,Maranhão,Nordeste,-2.12755,-44.602,0,50364,False,20–80 mil
3128907,Guimarânia,MG,Minas Gerais,Sudeste,-18.8425,-46.7901,0,1852,False,até 20 mil
5104203,Guiratinga,MT,Mato Grosso,Centro-Oeste,-16.346,-53.7575,0,10829,False,até 20 mil
3129004,Guiricema,MG,Minas Gerais,Sudeste,-21.0098,-42.7207,0,3123,False,até 20 mil
3129103,Gurinhatã,MG,Minas Gerais,Sudeste,-19.2143,-49.7876,0,5340,False,até 20 mil
2506400,Gurinhém,PB,Paraíba,Nordeste,-7.1233,-35.4222,0,10503,False,até 20 mil
2506509,Gurjão,PB,Paraíba,Nordeste,-7.24833,-36.4923,0,2749,False,até 20 mil
1503101,Gurupá,PA,Pará,Norte,-1.41412,-51.6338,0,7985,False,até 20 mil
1709500,Gurupi,TO,Tocantins,Norte,-11.7279,-49.068,0,3624,False,até 20 mil
3518909,Guzolândia,SP,São Paulo,Sudeste,-20.6467,-50.6645,0,26751,False,20–80 mil
4309555,Harmonia,RS,Rio Grande do Sul,Sul,-29.5456,-51.4185,0,2599,False,até 20 mil
5209606,Heitoraí,GO,Goiás,Centro-Oeste,-15.719,-49.8268,0,64458,False,20–80 mil
3129202,Heliodora,MG,Minas Gerais,Sudeste,-22.0644,-45.5453,0,37265,False,20–80 mil
2911857,Heliópolis,BA,Bahia,Nordeste,-10.6825,-38.2907,0,20452,False,20–80 mil
3519006,Herculândia,SP,São Paulo,Sudeste,-22.0038,-50.3907,0,25338,False,20–80 mil
4307104,Herval,RS,Rio Grande do Sul,Sul,-32.024,-53.3944,0,23312,False,20–80 mil
4206702,Herval d'Oeste,SC,Santa Catarina,Sul,-27.1903,-51.4917,0,19110,False,até 20 mil
4309571,Herveiras,RS,Rio Grande do Sul,Sul,-29.4552,-52.6553,0,3277,False,até 20 mil
5209705,Hidrolândia,GO,Goiás,Centro-Oeste,-16.9626,-49.2265,0,91160,True,80–500 mil
2305209,Hidrolândia,CE,Ceará,Nordeste,-4.40958,-40.4056,0,1760,False,até 20 mil
5209804,Hidrolina,GO,Goiás,Centro-Oeste,-14.7261,-49.4634,0,53791,False,20–80 mil
3519055,Holambra,SP,São Paulo,Sudeste,-22.6405,-47.0487,0,75689,False,20–80 mil
4109658,Honório Serpa,PR,Paraná,Sul,-26.139,-52.3848,0,4085,False,até 20 mil
2305233,Horizonte,CE,Ceará,Nordeste,-4.1209,-38.4707,0,8442,False,até 20 mil
4309605,Horizontina,RS,Rio Grande do Sul,Sul,-27.6282,-54.3053,0,11188,False,até 20 mil
3519071,Hortolândia,SP,São Paulo,Sudeste,-22.8529,-47.2143,0,3836,False,até 20 mil
2204600,Hugo Napoleão,PI,Piauí,Nordeste,-5.9886,-42.5598,0,899,False,até 20 mil
4309654,Hulha Negra,RS,Rio Grande do Sul,Sul,-31.4067,-53.8667,0,7040,False,até 20 mil
4309704,Humaitá,RS,Rio Grande do Sul,Sul,-27.5691,-53.9695,0,2392,False,até 20 mil
1301704,Humaitá,AM,Amazonas,Norte,-7.51171,-63.0327,0,11435,False,até 20 mil
2105005,Humberto de Campos,MA,Maranhão,Nordeste,-2.59828,-43.4649,0,11167,False,até 20 mil
3519105,Iacanga,SP,São Paulo,Sudeste,-21.8896,-49.031,0,109670,True,80–500 mil
5209903,Iaciara,GO,Goiás,Centro-Oeste,-14.1011,-46.6335,0,11225,False,até 20 mil
3519204,Iacri,SP,São Paulo,Sudeste,-21.8572,-50.6932,0,75345,False,20–80 mil
2911907,Iaçu,BA,Bahia,Nordeste,-12.7666,-40.2056,0,34610,False,20–80 mil
3129301,Iapu,MG,Minas Gerais,Sudeste,-19.4387,-42.2147,0,4775,False,até 20 mil
3519253,Iaras,SP,São Paulo,Sudeste,-22.8682,-49.1634,0,121106,True,80–500 mil
2606507,Iati,PE,Pernambuco,Nordeste,-9.04559,-36.8498,0,2468,False,até 20 mil
4109708,Ibaiti,PR,Paraná,Sul,-23.8478,-50.1932,0,12031,False,até 20 mil
4309753,Ibarama,RS,Rio Grande do Sul,Sul,-29.4203,-53.1295,0,3896,False,até 20 mil
2305266,Ibaretama,CE,Ceará,Nordeste,-4.80376,-38.7501,0,8863,False,até 20 mil
3519303,Ibaté,SP,São Paulo,Sudeste,-21.9584,-47.9882,0,28830,False,20–80 mil
2703007,Ibateguara,AL,Alagoas,Nordeste,-8.97823,-35.9373,0,9565,False,até 20 mil
3202454,Ibatiba,ES,Espírito Santo,Sudeste,-20.2347,-41.5087,0,153420,True,80–500 mil
4109757,Ibema,PR,Paraná,Sul,-25.1193,-53.0072,0,17786,False,até 20 mil
3129400,Ibertioga,MG,Minas Gerais,Sudeste,-21.433,-43.9639,0,19512,False,até 20 mil
3129509,Ibiá,MG,Minas Gerais,Sudeste,-19.4749,-46.5474,0,5337,False,até 20 mil
4309803,Ibiaçá,RS,Rio Grande do Sul,Sul,-28.0566,-51.8599,0,34857,False,20–80 mil
3129608,Ibiaí,MG,Minas Gerais,Sudeste,-16.8591,-44.9046,0,12674,False,até 20 mil
4206751,Ibiam,SC,Santa Catarina,Sul,-27.1847,-51.2352,0,10510,False,até 20 mil
2305308,Ibiapina,CE,Ceará,Nordeste,-3.92403,-40.8911,0,1633,False,até 20 mil
2506608,Ibiara,PB,Paraíba,Nordeste,-7.47957,-38.4059,0,6415,False,até 20 mil
2912004,Ibiassucê,BA,Bahia,Nordeste,-14.2711,-42.257,0,7278,False,até 20 mil
2912103,Ibicaraí,BA,Bahia,Nordeste,-14.8579,-39.5914,0,33382,False,20–80 mil
4206801,Ibicaré,SC,Santa Catarina,Sul,-27.0881,-51.3681,0,800,False,até 20 mil
2912202,Ibicoara,BA,Bahia,Nordeste,-13.4059,-41.284,0,44177,False,20–80 mil
2912301,Ibicuí,BA,Bahia,Nordeste,-14.845,-39.9879,0,17620,False,até 20 mil
2305332,Ibicuitinga,CE,Ceará,Nordeste,-4.96999,-38.6362,0,7261,False,até 20 mil
2606606,Ibimirim,PE,Pernambuco,Nordeste,-8.54026,-37.7032,0,8902,False,até 20 mil
2912400,Ibipeba,BA,Bahia,Nordeste,-11.6438,-42.0195,0,17650,False,até 20 mil
2912509,Ibipitanga,BA,Bahia,Nordeste,-12.8804,-42.4856,0,18362,False,até 20 mil
4109807,Ibiporã,PR,Paraná,Sul,-23.2659,-51.0522,0,27779,False,20–80 mil
2912608,Ibiquera,BA,Bahia,Nordeste,-12.6444,-40.9338,0,5276,False,até 20 mil
3519402,Ibirá,SP,São Paulo,Sudeste,-21.083,-49.2448,0,93196,True,80–500 mil
3129657,Ibiracatu,MG,Minas Gerais,Sudeste,-15.6605,-44.1667,0,8259,False,até 20 mil
3129707,Ibiraci,MG,Minas Gerais,Sudeste,-20.4611,-47.1222,0,25208,False,20–80 mil
3202504,Ibiraçu,ES,Espírito Santo,Sudeste,-19.8366,-40.3732,0,18261,False,até 20 mil
4309902,Ibiraiaras,RS,Rio Grande do Sul,Sul,-28.3741,-51.6377,0,9506,False,até 20 mil
2606705,Ibirajuba,PE,Pernambuco,Nordeste,-8.57633,-36.1812,0,5758,False,até 20 mil
4206900,Ibirama,SC,Santa Catarina,Sul,-27.0547,-49.5193,0,40292,False,20–80 mil
2912707,Ibirapitanga,BA,Bahia,Nordeste,-14.1649,-39.3787,0,11595,False,até 20 mil
2912806,Ibirapuã,BA,Bahia,Nordeste,-17.6832,-40.1129,0,11532,False,até 20 mil
4309951,Ibirapuitã,RS,Rio Grande do Sul,Sul,-28.6247,-52.5158,0,2509,False,até 20 mil
3519501,Ibirarema,SP,São Paulo,Sudeste,-22.8185,-50.0739,0,6056,False,até 20 mil
2912905,Ibirataia,BA,Bahia,Nordeste,-14.0643,-39.6459,0,20793,False,20–80 mil
3129806,Ibirité,MG,Minas Gerais,Sudeste,-20.0252,-44.0569,0,5358,False,até 20 mil
4310009,Ibirubá,RS,Rio Grande do Sul,Sul,-28.6302,-53.0961,0,10654,False,até 20 mil
2913002,Ibitiara,BA,Bahia,Nordeste,-12.6502,-42.2179,0,40964,False,20–80 mil
3519600,Ibitinga,SP,São Paulo,Sudeste,-21.7562,-48.8319,0,66938,False,20–80 mil
3202553,Ibitirama,ES,Espírito Santo,Sudeste,-20.5466,-41.6667,0,153420,True,80–500 mil
2913101,Ibititá,BA,Bahia,Nordeste,-11.5414,-41.9748,0,4257,False,até 20 mil
3129905,Ibitiúra de Minas,MG,Minas Gerais,Sudeste,-22.0604,-46.4368,0,1711,False,até 20 mil
3130002,Ibituruna,MG,Minas Gerais,Sudeste,-21.1541,-44.7479,0,2110,False,até 20 mil
3519709,Ibiúna,SP,São Paulo,Sudeste,-23.6596,-47.223,0,13081,False,até 20 mil
2913200,Ibotirama,BA,Bahia,Nordeste,-12.1779,-43.2167,0,11886,False,até 20 mil
2305357,Icapuí,CE,Ceará,Nordeste,-4.71206,-37.3531,0,7659,False,até 20 mil
4207007,Içara,SC,Santa Catarina,Sul,-28.7132,-49.3087,0,11934,False,até 20 mil
3130051,Icaraí de Minas,MG,Minas Gerais,Sudeste,-16.214,-44.9034,0,5375,False,até 20 mil
4109906,Icaraíma,PR,Paraná,Sul,-23.3944,-53.615,0,4617,False,até 20 mil
2105104,Icatu,MA,Maranhão,Nordeste,-2.77206,-44.0501,0,48494,False,20–80 mil
3519808,Icém,SP,São Paulo,Sudeste,-20.3391,-49.1915,0,4967,False,até 20 mil
2913309,Ichu,BA,Bahia,Nordeste,-11.7431,-39.1905,0,69581,False,20–80 mil
2305407,Icó,CE,Ceará,Nordeste,-6.39627,-38.8554,0,16799,False,até 20 mil
3202603,Iconha,ES,Espírito Santo,Sudeste,-20.7913,-40.8132,0,27480,False,20–80 mil
2404606,Ielmo Marinho,RN,Rio Grande do Norte,Nordeste,-5.82447,-35.55,0,7699,False,até 20 mil
3519907,Iepê,SP,São Paulo,Sudeste,-22.6602,-51.0779,0,8872,False,até 20 mil
2703106,Igaci,AL,Alagoas,Nordeste,-9.53768,-36.6372,0,14271,False,até 20 mil
2913408,Igaporã,BA,Bahia,Nordeste,-13.774,-42.7155,0,6019,False,até 20 mil
3520004,Igaraçu do Tietê,SP,São Paulo,Sudeste,-22.509,-48.5597,0,30738,False,20–80 mil
2502607,Igaracy,PB,Paraíba,Nordeste,-7.17184,-38.1478,0,12826,False,até 20 mil
3520103,Igarapava,SP,São Paulo,Sudeste,-20.0407,-47.7466,0,12338,False,até 20 mil
3130101,Igarapé,MG,Minas Gerais,Sudeste,-20.0707,-44.2994,0,2442,False,até 20 mil
2105153,Igarapé do Meio,MA,Maranhão,Nordeste,-3.65771,-45.2114,0,18429,False,até 20 mil
2105203,Igarapé Grande,MA,Maranhão,Nordeste,-4.6625,-44.8558,0,27733,False,20–80 mil
1503200,Igarapé-Açu,PA,Pará,Norte,-1.12539,-47.626,0,26739,False,20–80 mil
1503309,Igarapé-Miri,PA,Pará,Norte,-1.97533,-48.9575,0,20237,False,20–80 mil
2606804,Igarassu,PE,Pernambuco,Nordeste,-7.82881,-34.9013,0,2333,False,até 20 mil
3520202,Igaratá,SP,São Paulo,Sudeste,-23.2037,-46.157,0,46206,False,20–80 mil
3130200,Igaratinga,MG,Minas Gerais,Sudeste,-19.9476,-44.7063,0,15150,False,até 20 mil
2913457,Igrapiúna,BA,Bahia,Nordeste,-13.8295,-39.1361,0,5520,False,até 20 mil
2703205,Igreja Nova,AL,Alagoas,Nordeste,-10.1235,-36.6597,0,100012,True,80–500 mil
4310108,Igrejinha,RS,Rio Grande do Sul,Sul,-29.5693,-50.7919,0,6484,False,até 20 mil
3301876,Iguaba Grande,RJ,Rio de Janeiro,Sudeste,-22.8495,-42.2299,0,330064,True,80–500 mil
2913507,Iguaí,BA,Bahia,Nordeste,-14.7528,-40.0894,0,17038,False,até 20 mil
3520301,Iguape,SP,São Paulo,Sudeste,-24.699,-47.5537,0,4180,False,até 20 mil
4110003,Iguaraçu,PR,Paraná,Sul,-23.1949,-51.8256,0,7663,False,até 20 mil
2606903,Iguaracy,PE,Pernambuco,Nordeste,-7.83222,-37.5082,0,21331,False,20–80 mil
3130309,Iguatama,MG,Minas Gerais,Sudeste,-20.1776,-45.7111,0,5780,False,até 20 mil
5004304,Iguatemi,MS,Mato Grosso do Sul,Centro-Oeste,-23.6736,-54.5637,0,26898,False,20–80 mil
2305506,Iguatu,CE,Ceará,Nordeste,-6.36281,-39.2892,0,71294,False,20–80 mil
4110052,Iguatu,PR,Paraná,Sul,-24.7153,-53.0827,0,800,False,até 20 mil
3130408,Ijaci,MG,Minas Gerais,Sudeste,-21.1738,-44.9233,0,131481,True,80–500 mil
4310207,Ijuí,RS,Rio Grande do Sul,Sul,-28.388,-53.92,0,340203,True,80–500 mil
3520426,Ilha Comprida,SP,São Paulo,Sudeste,-24.7307,-47.5383,0,2944,False,até 20 mil
2802700,Ilha das Flores,SE,Sergipe,Nordeste,-10.4425,-36.5479,0,4365,False,até 20 mil
2607604,Ilha de Itamaracá,PE,Pernambuco,Nordeste,-7.74766,-34.8303,0,1591,False,até 20 mil
2204659,Ilha Grande,PI,Piauí,Nordeste,-2.85774,-41.8186,0,1501,False,até 20 mil
3520442,Ilha Solteira,SP,São Paulo,Sudeste,-20.4326,-51.3426,0,138247,True,80–500 mil
3520400,Ilhabela,SP,São Paulo,Sudeste,-23.7785,-45.3552,0,82566,True,80–500 mil
2913606,Ilhéus,BA,Bahia,Nordeste,-14.793,-39.046,0,34526,False,20–80 mil
4207106,Ilhota,SC,Santa Catarina,Sul,-26.9023,-48.8251,0,4171,False,até 20 mil
3130507,Ilicínea,MG,Minas Gerais,Sudeste,-20.9402,-45.8308,0,1427,False,até 20 mil
4310306,Ilópolis,RS,Rio Grande do Sul,Sul,-28.9282,-52.1258,0,10420,False,até 20 mil
2506707,Imaculada,PB,Paraíba,Nordeste,-7.3889,-37.5079,0,2579,False,até 20 mil
4207205,Imaruí,SC,Santa Catarina,Sul,-28.3339,-48.817,0,30676,False,20–80 mil
4110078,Imbaú,PR,Paraná,Sul,-24.448,-50.7533,0,5654,False,até 20 mil
4310330,Imbé,RS,Rio Grande do Sul,Sul,-29.9753,-50.1281,0,5010,False,até 20 mil
3130556,Imbé de Minas,MG,Minas Gerais,Sudeste,-19.6017,-41.9695,0,12071,False,até 20 mil
4207304,Imbituba,SC,Santa Catarina,Sul,-28.2284,-48.6659,0,4873,False,até 20 mil
4110102,Imbituva,PR,Paraná,Sul,-25.2285,-50.5989,0,6291,False,até 20 mil
4207403,Imbuia,SC,Santa Catarina,Sul,-27.4908,-49.4218,0,4815,False,até 20 mil
4310363,Imigrante,RS,Rio Grande do Sul,Sul,-29.3508,-51.7748,0,36311,False,20–80 mil
2105302,Imperatriz,MA,Maranhão,Nordeste,-5.51847,-47.4777,0,4353,False,até 20 mil
4110201,Inácio Martins,PR,Paraná,Sul,-25.5704,-51.0769,0,3649,False,até 20 mil
5209937,Inaciolândia,GO,Goiás,Centro-Oeste,-18.4869,-49.9888,0,18668,False,até 20 mil
2607000,Inajá,PE,Pernambuco,Nordeste,-8.90206,-37.8351,0,4380,False,até 20 mil
4110300,Inajá,PR,Paraná,Sul,-22.7509,-52.1995,0,13440,False,até 20 mil
3130606,Inconfidentes,MG,Minas Gerais,Sudeste,-22.3136,-46.3264,0,2790,False,até 20 mil
3130655,Indaiabira,MG,Minas Gerais,Sudeste,-15.4911,-42.2005,0,5607,False,até 20 mil
4207502,Indaial,SC,Santa Catarina,Sul,-26.8992,-49.2354,0,15229,False,até 20 mil
3520509,Indaiatuba,SP,São Paulo,Sudeste,-23.0816,-47.2101,0,9633,False,até 20 mil
4310405,Independência,RS,Rio Grande do Sul,Sul,-27.8354,-54.1886,0,1005,False,até 20 mil
2305605,Independência,CE,Ceará,Nordeste,-5.38789,-40.3085,0,16006,False,até 20 mil
3520608,Indiana,SP,São Paulo,Sudeste,-22.1738,-51.2555,0,30451,False,20–80 mil
4110409,Indianópolis,PR,Paraná,Sul,-23.4762,-52.6989,0,10533,False,até 20 mil
3130705,Indianópolis,MG,Minas Gerais,Sudeste,-19.0341,-47.9155,0,11272,False,até 20 mil
3520707,Indiaporã,SP,São Paulo,Sudeste,-19.979,-50.2909,0,93773,True,80–500 mil
5209952,Indiara,GO,Goiás,Centro-Oeste,-17.1387,-49.9862,0,29439,False,20–80 mil
2802809,Indiaroba,SE,Sergipe,Nordeste,-11.5157,-37.515,0,7088,False,até 20 mil
5104500,Indiavaí,MT,Mato Grosso,Centro-Oeste,-15.4921,-58.5802,0,146348,True,80–500 mil
2506806,Ingá,PB,Paraíba,Nordeste,-7.28144,-35.605,0,3620,False,até 20 mil
3130804,Ingaí,MG,Minas Gerais,Sudeste,-21.4024,-44.9152,0,800,False,até 20 mil
2607109,Ingazeira,PE,Pernambuco,Nordeste,-7.66909,-37.4576,0,10387,False,até 20 mil
4310413,Inhacorá,RS,Rio Grande do Sul,Sul,-27.8752,-54.015,0,8447,False,até 20 mil
2913705,Inhambupe,BA,Bahia,Nordeste,-11.781,-38.355,0,13811,False,até 20 mil
1503408,Inhangapi,PA,Pará,Norte,-1.4349,-47.9114,0,18852,False,até 20 mil
2703304,Inhapi,AL,Alagoas,Nordeste,-9.22594,-37.7509,0,7452,False,até 20 mil
3130903,Inhapim,MG,Minas Gerais,Sudeste,-19.5476,-42.1147,0,12520,False,até 20 mil
3131000,Inhaúma,MG,Minas Gerais,Sudeste,-19.4898,-44.3934,0,78257,False,20–80 mil
2204709,Inhuma,PI,Piauí,Nordeste,-6.665,-41.7041,0,18991,False,até 20 mil
5210000,Inhumas,GO,Goiás,Centro-Oeste,-16.3611,-49.5001,0,14470,False,até 20 mil
3131109,Inimutaba,MG,Minas Gerais,Sudeste,-18.7271,-44.3584,0,5859,False,até 20 mil
5004403,Inocência,MS,Mato Grosso do Sul,Centro-Oeste,-19.7277,-51.9281,0,7908,False,até 20 mil
3520806,Inúbia Paulista,SP,São Paulo,Sudeste,-21.7695,-50.9633,0,48450,False,20–80 mil
4207577,Iomerê,SC,Santa Catarina,Sul,-27.0019,-51.2442,0,72833,False,20–80 mil
3131158,Ipaba,MG,Minas Gerais,Sudeste,-19.4158,-42.4139,0,12840,False,até 20 mil
5210109,Ipameri,GO,Goiás,Centro-Oeste,-17.7215,-48.1581,0,14624,False,até 20 mil
3131208,Ipanema,MG,Minas Gerais,Sudeste,-19.7992,-41.7164,0,29791,False,20–80 mil
2404705,Ipanguaçu,RN,Rio Grande do Norte,Nordeste,-5.48984,-36.8501,0,21551,False,20–80 mil
2305654,Ipaporanga,CE,Ceará,Nordeste,-4.89764,-40.7537,0,6744,False,até 20 mil
3131307,Ipatinga,MG,Minas Gerais,Sudeste,-19.4703,-42.5476,0,8056,False,até 20 mil
2305704,Ipaumirim,CE,Ceará,Nordeste,-6.78265,-38.7179,0,19686,False,até 20 mil
3520905,Ipaussu,SP,São Paulo,Sudeste,-23.0575,-49.6279,0,35962,False,20–80 mil
4310439,Ipê,RS,Rio Grande do Sul,Sul,-28.8171,-51.2859,0,68304,False,20–80 mil
2913804,Ipecaetá,BA,Bahia,Nordeste,-12.3028,-39.3069,0,58835,False,20–80 mil
3521002,Iperó,SP,São Paulo,Sudeste,-23.3513,-47.6927,0,101910,True,80–500 mil
3521101,Ipeúna,SP,São Paulo,Sudeste,-22.4355,-47.7151,0,13676,False,até 20 mil
3131406,Ipiaçu,MG,Minas Gerais,Sudeste,-18.6927,-49.9436,0,5092,False,até 20 mil
2913903,Ipiaú,BA,Bahia,Nordeste,-14.1226,-39.7353,0,35000,False,20–80 mil
3521150,Ipiguá,SP,São Paulo,Sudeste,-20.6557,-49.3842,0,31618,False,20–80 mil
2914000,Ipirá,BA,Bahia,Nordeste,-12.1561,-39.7359,0,34429,False,20–80 mil
4207601,Ipira,SC,Santa Catarina,Sul,-27.4038,-51.7758,0,61251,False,20–80 mil
4110508,Ipiranga,PR,Paraná,Sul,-25.0238,-50.5794,0,933,False,até 20 mil
5210158,Ipiranga de Goiás,GO,Goiás,Centro-Oeste,-15.1689,-49.6695,0,31341,False,20–80 mil
5104526,Ipiranga do Norte,MT,Mato Grosso,Centro-Oeste,-12.2408,-56.1531,0,24706,False,20–80 mil
2204808,Ipiranga do Piauí,PI,Piauí,Nordeste,-6.82421,-41.7381,0,3590,False,até 20 mil
4310462,Ipiranga do Sul,RS,Rio Grande do Sul,Sul,-27.9404,-52.4271,0,6701,False,até 20 mil
1301803,Ipixuna,AM,Amazonas,Norte,-7.04791,-71.6934,0,5662,False,até 20 mil
1503457,Ipixuna do Pará,PA,Pará,Norte,-2.55992,-47.5059,0,18563,False,até 20 mil
2607208,Ipojuca,PE,Pernambuco,Nordeste,-8.39303,-35.0609,0,7516,False,até 20 mil
4110607,Iporã,PR,Paraná,Sul,-24.0083,-53.706,0,14198,False,até 20 mil
5210208,Iporá,GO,Goiás,Centro-Oeste,-16.4398,-51.118,0,11865,False,até 20 mil
4207650,Iporã do Oeste,SC,Santa Catarina,Sul,-26.9854,-53.5355,0,15252,False,até 20 mil
3521200,Iporanga,SP,São Paulo,Sudeste,-24.5847,-48.5971,0,29958,False,20–80 mil
2305803,Ipu,CE,Ceará,Nordeste,-4.31748,-40.7059,0,66463,False,20–80 mil
3521309,Ipuã,SP,São Paulo,Sudeste,-20.4438,-48.0129,0,22632,False,20–80 mil
4207684,Ipuaçu,SC,Santa Catarina,Sul,-26.635,-52.4556,0,17076,False,até 20 mil
2607307,Ipubi,PE,Pernambuco,Nordeste,-7.64505,-40.1476,0,29007,False,20–80 mil
2404804,Ipueira,RN,Rio Grande do Norte,Nordeste,-6.80596,-37.2045,0,7292,False,até 20 mil
1709807,Ipueiras,TO,Tocantins,Norte,-11.2329,-48.46,0,3640,False,até 20 mil
2305902,Ipueiras,CE,Ceará,Nordeste,-4.53802,-40.7118,0,7163,False,até 20 mil
3131505,Ipuiúna,MG,Minas Gerais,Sudeste,-22.1013,-46.1915,0,800,False,até 20 mil
4207700,Ipumirim,SC,Santa Catarina,Sul,-27.0772,-52.1289,0,24525,False,20–80 mil
2914109,Ipupiara,BA,Bahia,Nordeste,-11.8219,-42.6179,0,25089,False,20–80 mil
1400282,Iracema,RR,Roraima,Norte,2.18305,-61.0415,0,35428,False,20–80 mil
2306009,Iracema,CE,Ceará,Nordeste,-5.8124,-38.2919,0,7698,False,até 20 mil
4110656,Iracema do Oeste,PR,Paraná,Sul,-24.4262,-53.3528,0,4035,False,até 20 mil
3521408,Iracemápolis,SP,São Paulo,Sudeste,-22.5832,-47.523,0,19898,False,até 20 mil
4207759,Iraceminha,SC,Santa Catarina,Sul,-26.8215,-53.2767,0,2576,False,até 20 mil
4310504,Iraí,RS,Rio Grande do Sul,Sul,-27.1951,-53.2543,0,1131,False,até 20 mil
3131604,Iraí de Minas,MG,Minas Gerais,Sudeste,-18.9819,-47.461,0,19529,False,até 20 mil
2914208,Irajuba,BA,Bahia,Nordeste,-13.2563,-40.0848,0,176497,True,80–500 mil
2914307,Iramaia,BA,Bahia,Nordeste,-13.2902,-40.9595,0,10883,False,até 20 mil
1301852,Iranduba,AM,Amazonas,Norte,-3.27479,-60.19,0,20925,False,20–80 mil
4207809,Irani,SC,Santa Catarina,Sul,-27.0287,-51.9012,0,20855,False,20–80 mil
3521507,Irapuã,SP,São Paulo,Sudeste,-21.2768,-49.4164,0,33101,False,20–80 mil
3521606,Irapuru,SP,São Paulo,Sudeste,-21.5684,-51.3472,0,31730,False,20–80 mil
2914406,Iraquara,BA,Bahia,Nordeste,-12.2429,-41.6155,0,1505,False,até 20 mil
2914505,Irará,BA,Bahia,Nordeste,-12.0504,-38.7631,0,79644,False,20–80 mil
4110706,Irati,PR,Paraná,Sul,-25.4697,-50.6493,0,19112,False,até 20 mil
4207858,Irati,SC,Santa Catarina,Sul,-26.6539,-52.8955,0,4579,False,até 20 mil
2306108,Irauçuba,CE,Ceará,Nordeste,-3.74737,-39.7843,0,38743,False,20–80 mil
2914604,Irecê,BA,Bahia,Nordeste,-11.3033,-41.8535,0,8243,False,até 20 mil
4110805,Iretama,PR,Paraná,Sul,-24.4253,-52.1012,0,2735,False,até 20 mil
4207908,Irineópolis,SC,Santa Catarina,Sul,-26.242,-50.7957,0,14576,False,até 20 mil
1503507,Irituia,PA,Pará,Norte,-1.76984,-47.446,0,23683,False,20–80 mil
3202652,Irupi,ES,Espírito Santo,Sudeste,-20.3501,-41.6444,0,153420,True,80–500 mil
2204907,Isaías Coelho,PI,Piauí,Nordeste,-7.73597,-41.6735,0,1771,False,até 20 mil
5210307,Israelândia,GO,Goiás,Centro-Oeste,-16.3144,-50.9087,0,5678,False,até 20 mil
4208005,Itá,SC,Santa Catarina,Sul,-27.2907,-52.3212,0,7995,False,até 20 mil
4310538,Itaara,RS,Rio Grande do Sul,Sul,-29.6013,-53.7725,0,4926,False,até 20 mil
2506905,Itabaiana,PB,Paraíba,Nordeste,-7.33167,-35.3317,0,5336,False,até 20 mil
2802908,Itabaiana,SE,Sergipe,Nordeste,-10.6826,-37.4273,0,15744,False,até 20 mil
2803005,Itabaianinha,SE,Sergipe,Nordeste,-11.2693,-37.7875,0,88426,True,80–500 mil
2914653,Itabela,BA,Bahia,Nordeste,-16.5732,-39.5593,0,15357,False,até 20 mil
3521705,Itaberá,SP,São Paulo,Sudeste,-23.8638,-49.14,0,9642,False,até 20 mil
2914703,Itaberaba,BA,Bahia,Nordeste,-12.5242,-40.3059,0,57592,False,20–80 mil
5210406,Itaberaí,GO,Goiás,Centro-Oeste,-16.0206,-49.806,0,8028,False,até 20 mil
2803104,Itabi,SE,Sergipe,Nordeste,-10.1248,-37.1056,0,18004,False,até 20 mil
3131703,Itabira,MG,Minas Gerais,Sudeste,-19.6239,-43.2312,0,8519,False,até 20 mil
3131802,Itabirinha,MG,Minas Gerais,Sudeste,-18.5712,-41.234,0,3167,False,até 20 mil
3131901,Itabirito,MG,Minas Gerais,Sudeste,-20.2501,-43.8038,0,11090,False,até 20 mil
3301900,Itaboraí,RJ,Rio de Janeiro,Sudeste,-22.7565,-42.8639,0,98528,True,80–500 mil
2914802,Itabuna,BA,Bahia,Nordeste,-14.7876,-39.2781,0,2341,False,até 20 mil
1710508,Itacajá,TO,Tocantins,Norte,-8.39293,-47.7726,0,6161,False,até 20 mil
3132008,Itacambira,MG,Minas Gerais,Sudeste,-17.0625,-43.3069,0,5077,False,até 20 mil
3132107,Itacarambi,MG,Minas Gerais,Sudeste,-15.089,-44.095,0,5395,False,até 20 mil
2914901,Itacaré,BA,Bahia,Nordeste,-14.2784,-38.9959,0,3442,False,até 20 mil
1301902,Itacoatiara,AM,Amazonas,Norte,-3.13861,-58.4449,0,33674,False,20–80 mil
2607406,Itacuruba,PE,Pernambuco,Nordeste,-8.82231,-38.6975,0,26249,False,20–80 mil
4310553,Itacurubi,RS,Rio Grande do Sul,Sul,-28.7913,-55.2447,0,37715,False,20–80 mil
2915007,Itaeté,BA,Bahia,Nordeste,-12.9831,-40.9677,0,2343,False,até 20 mil
2915106,Itagi,BA,Bahia,Nordeste,-14.1615,-40.0131,0,5694,False,até 20 mil
2915205,Itagibá,BA,Bahia,Nordeste,-14.2782,-39.8449,0,22120,False,20–80 mil
2915304,Itagimirim,BA,Bahia,Nordeste,-16.0819,-39.6133,0,24276,False,20–80 mil
3202702,Itaguaçu,ES,Espírito Santo,Sudeste,-19.8018,-40.8601,0,23848,False,20–80 mil
2915353,Itaguaçu da Bahia,BA,Bahia,Nordeste,-11.0147,-42.3997,0,18482,False,até 20 mil
3302007,Itaguaí,RJ,Rio de Janeiro,Sudeste,-22.8636,-43.7798,0,17264,False,até 20 mil
4110904,Itaguajé,PR,Paraná,Sul,-22.6183,-51.9674,0,11577,False,até 20 mil
3132206,Itaguara,MG,Minas Gerais,Sudeste,-20.3947,-44.4875,0,18797,False,até 20 mil
5210562,Itaguari,GO,Goiás,Centro-Oeste,-15.918,-49.6071,0,25435,False,20–80 mil
5210604,Itaguaru,GO,Goiás,Centro-Oeste,-15.7565,-49.6354,0,12706,False,até 20 mil
1710706,Itaguatins,TO,Tocantins,Norte,-5.77267,-47.4864,0,27217,False,20–80 mil
3521804,Itaí,SP,São Paulo,Sudeste,-23.4213,-49.092,0,73803,False,20–80 mil
2607505,Itaíba,PE,Pernambuco,Nordeste,-8.94569,-37.4173,0,50133,False,20–80 mil
2306207,Itaiçaba,CE,Ceará,Nordeste,-4.67146,-37.833,0,16426,False,até 20 mil
2205003,Itainópolis,PI,Piauí,Nordeste,-7.44336,-41.4687,0,7718,False,até 20 mil
4208104,Itaiópolis,SC,Santa Catarina,Sul,-26.339,-49.9092,0,17821,False,até 20 mil
2105351,Itaipava do Grajaú,MA,Maranhão,Nordeste,-5.14252,-45.7877,0,20867,False,20–80 mil
3132305,Itaipé,MG,Minas Gerais,Sudeste,-17.4014,-41.6697,0,2214,False,até 20 mil
4110953,Itaipulândia,PR,Paraná,Sul,-25.1366,-54.3001,0,8204,False,até 20 mil
2306256,Itaitinga,CE,Ceará,Nordeste,-3.96577,-38.5298,0,42725,False,20–80 mil
1503606,Itaituba,PA,Pará,Norte,-4.2667,-55.9926,0,53500,False,20–80 mil
2404853,Itajá,RN,Rio Grande do Norte,Nordeste,-5.63894,-36.8712,0,5422,False,até 20 mil
5210802,Itajá,GO,Goiás,Centro-Oeste,-19.0673,-51.5495,0,18413,False,até 20 mil
4208203,Itajaí,SC,Santa Catarina,Sul,-26.9101,-48.6705,0,11692,False,até 20 mil
3521903,Itajobi,SP,São Paulo,Sudeste,-21.3123,-49.0629,0,10437,False,até 20 mil
3522000,Itaju,SP,São Paulo,Sudeste,-21.9857,-48.8116,0,24031,False,20–80 mil
2915403,Itaju do Colônia,BA,Bahia,Nordeste,-15.1366,-39.7283,0,2883,False,até 20 mil
3132404,Itajubá,MG,Minas Gerais,Sudeste,-22.4225,-45.4598,0,30534,False,20–80 mil
2915502,Itajuípe,BA,Bahia,Nordeste,-14.6788,-39.3698,0,1074,False,até 20 mil
3302056,Italva,RJ,Rio de Janeiro,Sudeste,-21.4296,-41.7014,0,13706,False,até 20 mil
2915601,Itamaraju,BA,Bahia,Nordeste,-17.0378,-39.5386,0,14479,False,até 20 mil
3132503,Itamarandiba,MG,Minas Gerais,Sudeste,-17.8552,-42.8561,0,2074,False,até 20 mil
1301951,Itamarati,AM,Amazonas,Norte,-6.43852,-68.2437,0,158165,True,80–500 mil
3132602,Itamarati de Minas,MG,Minas Gerais,Sudeste,-21.4179,-42.813,0,4654,False,até 20 mil
2915700,Itamari,BA,Bahia,Nordeste,-13.7782,-39.683,0,8117,False,até 20 mil
3132701,Itambacuri,MG,Minas Gerais,Sudeste,-18.035,-41.683,0,80001,True,80–500 mil
4111001,Itambaracá,PR,Paraná,Sul,-23.0181,-50.4097,0,15634,False,até 20 mil
4111100,Itambé,PR,Paraná,Sul,-23.6601,-51.9912,0,12848,False,até 20 mil
2607653,Itambé,PE,Pernambuco,Nordeste,-7.41403,-35.0963,0,42911,False,20–80 mil
2915809,Itambé,BA,Bahia,Nordeste,-15.2429,-40.63,0,22606,False,20–80 mil
3132800,Itambé do Mato Dentro,MG,Minas Gerais,Sudeste,-19.4158,-43.3182,0,33344,False,20–80 mil
3132909,Itamogi,MG,Minas Gerais,Sudeste,-21.0758,-47.046,0,10742,False,até 20 mil
3133006,Itamonte,MG,Minas Gerais,Sudeste,-22.2859,-44.868,0,3429,False,até 20 mil
2915908,Itanagra,BA,Bahia,Nordeste,-12.2614,-38.0436,0,29519,False,20–80 mil
3522109,Itanhaém,SP,São Paulo,Sudeste,-24.1736,-46.788,0,22079,False,20–80 mil
3133105,Itanhandu,MG,Minas Gerais,Sudeste,-22.2942,-44.9382,0,5390,False,até 20 mil
5104542,Itanhangá,MT,Mato Grosso,Centro-Oeste,-12.2259,-56.6463,0,31297,False,20–80 mil
2916005,Itanhém,BA,Bahia,Nordeste,-17.1642,-40.3321,0,15878,False,até 20 mil
3133204,Itanhomi,MG,Minas Gerais,Sudeste,-19.1736,-41.863,0,10458,False,até 20 mil
3133303,Itaobim,MG,Minas Gerais,Sudeste,-16.5571,-41.5017,0,10055,False,até 20 mil
3522158,Itaóca,SP,São Paulo,Sudeste,-24.6393,-48.8413,0,45301,False,20–80 mil
3302106,Itaocara,RJ,Rio de Janeiro,Sudeste,-21.6748,-42.0758,0,473676,True,80–500 mil
5210901,Itapaci,GO,Goiás,Centro-Oeste,-14.9522,-49.5511,0,26467,False,20–80 mil
3133402,Itapagipe,MG,Minas Gerais,Sudeste,-19.9062,-49.3781,0,8731,False,até 20 mil
2306306,Itapajé,CE,Ceará,Nordeste,-3.68314,-39.5855,0,20646,False,20–80 mil
2916104,Itaparica,BA,Bahia,Nordeste,-12.8932,-38.68,0,31470,False,20–80 mil
2916203,Itapé,BA,Bahia,Nordeste,-14.8876,-39.4239,0,17549,False,até 20 mil
2916302,Itapebi,BA,Bahia,Nordeste,-15.9551,-39.5329,0,24434,False,20–80 mil
3133501,Itapecerica,MG,Minas Gerais,Sudeste,-20.4704,-45.127,0,9327,False,até 20 mil
3522208,Itapecerica da Serra,SP,São Paulo,Sudeste,-23.7161,-46.8572,0,2970,False,até 20 mil
2105401,Itapecuru Mirim,MA,Maranhão,Nordeste,-3.40202,-44.3508,0,26138,False,20–80 mil
4111209,Itapejara d'Oeste,PR,Paraná,Sul,-25.9619,-52.8152,0,8460,False,até 20 mil
4208302,Itapema,SC,Santa Catarina,Sul,-27.0861,-48.616,0,800,False,até 20 mil
3202801,Itapemirim,ES,Espírito Santo,Sudeste,-21.0095,-40.8307,0,30523,False,20–80 mil
4111258,Itaperuçu,PR,Paraná,Sul,-25.2193,-49.3454,0,2067,False,até 20 mil
3302205,Itaperuna,RJ,Rio de Janeiro,Sudeste,-21.1997,-41.8799,0,68712,False,20–80 mil
2607703,Itapetim,PE,Pernambuco,Nordeste,-7.37178,-37.1863,0,65785,False,20–80 mil
2916401,Itapetinga,BA,Bahia,Nordeste,-15.2475,-40.2482,0,6282,False,até 20 mil
3522307,Itapetininga,SP,São Paulo,Sudeste,-23.5886,-48.0483,0,81404,True,80–500 mil
3522406,Itapeva,SP,São Paulo,Sudeste,-23.9788,-48.8764,0,14508,False,até 20 mil
3133600,Itapeva,MG,Minas Gerais,Sudeste,-22.7665,-46.2241,0,7622,False,até 20 mil
3522505,Itapevi,SP,São Paulo,Sudeste,-23.5488,-46.9327,0,116907,True,80–500 mil
2916500,Itapicuru,BA,Bahia,Nordeste,-11.3088,-38.2262,0,11193,False,até 20 mil
2306405,Itapipoca,CE,Ceará,Nordeste,-3.49933,-39.5836,0,45349,False,20–80 mil
3522604,Itapira,SP,São Paulo,Sudeste,-22.4357,-46.8224,0,18055,False,até 20 mil
1302009,Itapiranga,AM,Amazonas,Norte,-2.74081,-58.0293,0,41231,False,20–80 mil
4208401,Itapiranga,SC,Santa Catarina,Sul,-27.1659,-53.7166,0,12501,False,até 20 mil
5211008,Itapirapuã,GO,Goiás,Centro-Oeste,-15.8205,-50.6094,0,8385,False,até 20 mil
3522653,Itapirapuã Paulista,SP,São Paulo,Sudeste,-24.572,-49.1661,0,28953,False,20–80 mil
1710904,Itapiratins,TO,Tocantins,Norte,-8.37982,-48.1072,0,13861,False,até 20 mil
2607752,Itapissuma,PE,Pernambuco,Nordeste,-7.76798,-34.8971,0,18716,False,até 20 mil
2916609,Itapitanga,BA,Bahia,Nordeste,-14.4139,-39.5657,0,16934,False,até 20 mil
2306504,Itapiúna,CE,Ceará,Nordeste,-4.55516,-38.9281,0,6712,False,até 20 mil
4208450,Itapoá,SC,Santa Catarina,Sul,-26.1158,-48.6182,0,20809,False,20–80 mil
3522703,Itápolis,SP,São Paulo,Sudeste,-21.5942,-48.8149,0,250782,True,80–500 mil
5004502,Itaporã,MS,Mato Grosso do Sul,Centro-Oeste,-22.08,-54.7934,0,2746,False,até 20 mil
1711100,Itaporã do Tocantins,TO,Tocantins,Norte,-8.57172,-48.6895,0,1915,False,até 20 mil
3522802,Itaporanga,SP,São Paulo,Sudeste,-23.7043,-49.4819,0,22519,False,20–80 mil
2507002,Itaporanga,PB,Paraíba,Nordeste,-7.30202,-38.1504,0,1624,False,até 20 mil
2803203,Itaporanga d'Ajuda,SE,Sergipe,Nordeste,-10.99,-37.3078,0,75669,False,20–80 mil
2507101,Itapororoca,PB,Paraíba,Nordeste,-6.82374,-35.2406,0,4913,False,até 20 mil
1101104,Itapuã do Oeste,RO,Rondônia,Norte,-9.19687,-63.1809,0,1929,False,até 20 mil
4310579,Itapuca,RS,Rio Grande do Sul,Sul,-28.7768,-52.1693,0,11516,False,até 20 mil
3522901,Itapuí,SP,São Paulo,Sudeste,-22.2324,-48.7197,0,119361,True,80–500 mil
3523008,Itapura,SP,São Paulo,Sudeste,-20.6419,-51.5063,0,31892,False,20–80 mil
5211206,Itapuranga,GO,Goiás,Centro-Oeste,-15.5606,-49.949,0,29098,False,20–80 mil
3523107,Itaquaquecetuba,SP,São Paulo,Sudeste,-23.4835,-46.3457,0,48249,False,20–80 mil
2916708,Itaquara,BA,Bahia,Nordeste,-13.4459,-39.9378,0,33632,False,20–80 mil
4310603,Itaqui,RS,Rio Grande do Sul,Sul,-29.1311,-56.5515,0,3026,False,até 20 mil
5004601,Itaquiraí,MS,Mato Grosso do Sul,Centro-Oeste,-23.4779,-54.187,0,6899,False,até 20 mil
2607802,Itaquitinga,PE,Pernambuco,Nordeste,-7.66373,-35.1002,0,26188,False,20–80 mil
3202900,Itarana,ES,Espírito Santo,Sudeste,-19.875,-40.8753,0,39501,False,20–80 mil
2916807,Itarantim,BA,Bahia,Nordeste,-15.6528,-40.065,0,8844,False,até 20 mil
3523206,Itararé,SP,São Paulo,Sudeste,-24.1085,-49.3352,0,32996,False,20–80 mil
2306553,Itarema,CE,Ceará,Nordeste,-2.9248,-39.9167,0,20682,False,20–80 mil
3523305,Itariri,SP,São Paulo,Sudeste,-24.2834,-47.1736,0,77638,False,20–80 mil
5211305,Itarumã,GO,Goiás,Centro-Oeste,-18.7646,-51.3485,0,19212,False,até 20 mil
4310652,Itati,RS,Rio Grande do Sul,Sul,-29.4974,-50.1016,0,3583,False,até 20 mil
3302254,Itatiaia,RJ,Rio de Janeiro,Sudeste,-22.4897,-44.5675,0,37230,False,20–80 mil
3133709,Itatiaiuçu,MG,Minas Gerais,Sudeste,-20.1983,-44.4211,0,1975,False,até 20 mil
3523404,Itatiba,SP,São Paulo,Sudeste,-23.0035,-46.8464,0,14373,False,até 20 mil
4310702,Itatiba do Sul,RS,Rio Grande do Sul,Sul,-27.3846,-52.4538,0,4114,False,até 20 mil
2916856,Itatim,BA,Bahia,Nordeste,-12.7099,-39.6952,0,24196,False,20–80 mil
3523503,Itatinga,SP,São Paulo,Sudeste,-23.1047,-48.6157,0,10350,False,até 20 mil
2306603,Itatira,CE,Ceará,Nordeste,-4.52608,-39.6202,0,16623,False,até 20 mil
2507200,Itatuba,PB,Paraíba,Nordeste,-7.38115,-35.638,0,8911,False,até 20 mil
2404903,Itaú,RN,Rio Grande do Norte,Nordeste,-5.8363,-37.9912,0,7524,False,até 20 mil
3133758,Itaú de Minas,MG,Minas Gerais,Sudeste,-20.7375,-46.7525,0,5466,False,até 20 mil
5104559,Itaúba,MT,Mato Grosso,Centro-Oeste,-11.0614,-55.2766,0,24963,False,20–80 mil
1600253,Itaubal,AP,Amapá,Norte,0.602185,-50.6996,0,38761,False,20–80 mil
5211404,Itauçu,GO,Goiás,Centro-Oeste,-16.2029,-49.6109,0,3256,False,até 20 mil
2205102,Itaueira,PI,Piauí,Nordeste,-7.59989,-43.0249,0,3375,False,até 20 mil
3133808,Itaúna,MG,Minas Gerais,Sudeste,-20.0818,-44.5801,0,26387,False,20–80 mil
4111308,Itaúna do Sul,PR,Paraná,Sul,-22.7289,-52.8874,0,2206,False,até 20 mil
3133907,Itaverava,MG,Minas Gerais,Sudeste,-20.6769,-43.6141,0,2142,False,até 20 mil
3134004,Itinga,MG,Minas Gerais,Sudeste,-16.61,-41.7672,0,7833,False,até 20 mil
2105427,Itinga do Maranhão,MA,Maranhão,Nordeste,-4.45293,-47.5235,0,6218,False,até 20 mil
5104609,Itiquira,MT,Mato Grosso,Centro-Oeste,-17.2147,-54.1422,0,50223,False,20–80 mil
3523602,Itirapina,SP,São Paulo,Sudeste,-22.2562,-47.8166,0,15135,False,até 20 mil
3523701,Itirapuã,SP,São Paulo,Sudeste,-20.6416,-47.2194,0,34093,False,20–80 mil
2916906,Itiruçu,BA,Bahia,Nordeste,-13.529,-40.1472,0,10180,False,até 20 mil
2917003,Itiúba,BA,Bahia,Nordeste,-10.6948,-39.8446,0,11984,False,até 20 mil
3523800,Itobi,SP,São Paulo,Sudeste,-21.7309,-46.9743,0,23963,False,20–80 mil
2917102,Itororó,BA,Bahia,Nordeste,-15.11,-40.0684,0,33966,False,20–80 mil
3523909,Itu,SP,São Paulo,Sudeste,-23.2544,-47.2927,0,66734,False,20–80 mil
2917201,Ituaçu,BA,Bahia,Nordeste,-13.8107,-41.3003,0,1523,False,até 20 mil
2917300,Ituberá,BA,Bahia,Nordeste,-13.7249,-39.1481,0,3276,False,até 20 mil
3134103,Itueta,MG,Minas Gerais,Sudeste,-19.3999,-41.1746,0,3916,False,até 20 mil
3134202,Ituiutaba,MG,Minas Gerais,Sudeste,-18.9772,-49.4639,0,10906,False,até 20 mil
5211503,Itumbiara,GO,Goiás,Centro-Oeste,-18.4093,-49.2158,0,61889,False,20–80 mil
3134301,Itumirim,MG,Minas Gerais,Sudeste,-21.3171,-44.8724,0,6292,False,até 20 mil
3524006,Itupeva,SP,São Paulo,Sudeste,-23.1526,-47.0593,0,128332,True,80–500 mil
1503705,Itupiranga,PA,Pará,Norte,-5.13272,-49.3358,0,95816,True,80–500 mil
4208500,Ituporanga,SC,Santa Catarina,Sul,-27.4101,-49.5963,0,16769,False,até 20 mil
3134400,Iturama,MG,Minas Gerais,Sudeste,-19.7276,-50.1966,0,49005,False,20–80 mil
3134509,Itutinga,MG,Minas Gerais,Sudeste,-21.3,-44.6567,0,16845,False,até 20 mil
3524105,Ituverava,SP,São Paulo,Sudeste,-20.3355,-47.7902,0,10444,False,até 20 mil
2917334,Iuiú,BA,Bahia,Nordeste,-14.4054,-43.5595,0,2671,False,até 20 mil
3203007,Iúna,ES,Espírito Santo,Sudeste,-20.3531,-41.5334,0,153420,True,80–500 mil
4111407,Ivaí,PR,Paraná,Sul,-25.0067,-50.857,0,5893,False,até 20 mil
4111506,Ivaiporã,PR,Paraná,Sul,-24.2485,-51.6754,0,11100,False,até 20 mil
4111555,Ivaté,PR,Paraná,Sul,-23.4072,-53.3687,0,5737,False,até 20 mil
4111605,Ivatuba,PR,Paraná,Sul,-23.6187,-52.2203,0,22282,False,20–80 mil
5004700,Ivinhema,MS,Mato Grosso do Sul,Centro-Oeste,-22.3046,-53.8184,0,14737,False,até 20 mil
5211602,Ivolândia,GO,Goiás,Centro-Oeste,-16.5995,-50.7921,0,7301,False,até 20 mil
4310751,Ivorá,RS,Rio Grande do Sul,Sul,-29.5232,-53.5842,0,11329,False,até 20 mil
4310801,Ivoti,RS,Rio Grande do Sul,Sul,-29.5995,-51.1533,0,33185,False,20–80 mil
2607901,Jaboatão dos Guararapes,PE,Pernambuco,Nordeste,-8.11298,-35.015,0,32923,False,20–80 mil
4208609,Jaborá,SC,Santa Catarina,Sul,-27.1782,-51.7279,0,9172,False,até 20 mil
2917359,Jaborandi,BA,Bahia,Nordeste,-13.6071,-44.4255,0,1047,False,até 20 mil
3524204,Jaborandi,SP,São Paulo,Sudeste,-20.6884,-48.4112,0,13627,False,até 20 mil
4111704,Jaboti,PR,Paraná,Sul,-23.7435,-50.0729,0,8239,False,até 20 mil
4310850,Jaboticaba,RS,Rio Grande do Sul,Sul,-27.6347,-53.2762,0,24234,False,20–80 mil
3524303,Jaboticabal,SP,São Paulo,Sudeste,-21.252,-48.3252,0,6294,False,até 20 mil
3134608,Jaboticatubas,MG,Minas Gerais,Sudeste,-19.5119,-43.7373,0,2279,False,até 20 mil
2405009,Jaçanã,RN,Rio Grande do Norte,Nordeste,-6.41856,-36.2031,0,2311,False,até 20 mil
2917409,Jacaraci,BA,Bahia,Nordeste,-14.8541,-42.4329,0,6468,False,até 20 mil
2507309,Jacaraú,PB,Paraíba,Nordeste,-6.61453,-35.289,0,5039,False,até 20 mil
2703403,Jacaré dos Homens,AL,Alagoas,Nordeste,-9.63545,-37.2076,0,56034,False,20–80 mil
1503754,Jacareacanga,PA,Pará,Norte,-6.21469,-57.7544,0,20998,False,20–80 mil
3524402,Jacareí,SP,São Paulo,Sudeste,-23.2983,-45.9658,0,285097,True,80–500 mil
4111803,Jacarezinho,PR,Paraná,Sul,-23.1591,-49.9739,0,3875,False,até 20 mil
3524501,Jaci,SP,São Paulo,Sudeste,-20.8805,-49.5797,0,42715,False,20–80 mil
5104807,Jaciara,MT,Mato Grosso,Centro-Oeste,-15.9548,-54.9733,0,8004,False,até 20 mil
3134707,Jacinto,MG,Minas Gerais,Sudeste,-16.1428,-40.295,0,20189,False,20–80 mil
4208708,Jacinto Machado,SC,Santa Catarina,Sul,-28.9961,-49.7623,0,62515,False,20–80 mil
2917508,Jacobina,BA,Bahia,Nordeste,-11.1812,-40.5117,0,31102,False,20–80 mil
2205151,Jacobina do Piauí,PI,Piauí,Nordeste,-7.93063,-41.2075,0,3572,False,até 20 mil
3134806,Jacuí,MG,Minas Gerais,Sudeste,-21.0137,-46.7359,0,4115,False,até 20 mil
2703502,Jacuípe,AL,Alagoas,Nordeste,-8.83951,-35.4591,0,3033,False,até 20 mil
4310876,Jacuizinho,RS,Rio Grande do Sul,Sul,-29.0401,-53.0657,0,12575,False,até 20 mil
1503804,Jacundá,PA,Pará,Norte,-4.44617,-49.1153,0,51613,False,20–80 mil
3524600,Jacupiranga,SP,São Paulo,Sudeste,-24.6963,-48.0064,0,51790,False,20–80 mil
4310900,Jacutinga,RS,Rio Grande do Sul,Sul,-27.7291,-52.5372,0,1760,False,até 20 mil
3134905,Jacutinga,MG,Minas Gerais,Sudeste,-22.286,-46.6166,0,5115,False,até 20 mil
4111902,Jaguapitã,PR,Paraná,Sul,-23.1104,-51.5342,0,8249,False,até 20 mil
2917607,Jaguaquara,BA,Bahia,Nordeste,-13.5248,-39.964,0,9969,False,até 20 mil
3135001,Jaguaraçu,MG,Minas Gerais,Sudeste,-19.647,-42.7498,0,13626,False,até 20 mil
4311007,Jaguarão,RS,Rio Grande do Sul,Sul,-32.5604,-53.377,0,1767,False,até 20 mil
2917706,Jaguarari,BA,Bahia,Nordeste,-10.2569,-40.1999,0,16953,False,até 20 mil
3203056,Jaguaré,ES,Espírito Santo,Sudeste,-18.907,-40.0759,0,67405,False,20–80 mil
2306702,Jaguaretama,CE,Ceará,Nordeste,-5.6051,-38.7639,0,5502,False,até 20 mil
4311106,Jaguari,RS,Rio Grande do Sul,Sul,-29.4936,-54.703,0,13690,False,até 20 mil
4112009,Jaguariaíva,PR,Paraná,Sul,-24.2439,-49.7066,0,14361,False,até 20 mil
2306801,Jaguaribara,CE,Ceará,Nordeste,-5.67765,-38.5359,0,3754,False,até 20 mil
2306900,Jaguaribe,CE,Ceará,Nordeste,-5.90213,-38.6227,0,44562,False,20–80 mil
2917805,Jaguaripe,BA,Bahia,Nordeste,-13.1109,-38.8939,0,45197,False,20–80 mil
3524709,Jaguariúna,SP,São Paulo,Sudeste,-22.7037,-46.9851,0,6995,False,até 20 mil
2307007,Jaguaruana,CE,Ceará,Nordeste,-4.83151,-37.781,0,14246,False,até 20 mil
4208807,Jaguaruna,SC,Santa Catarina,Sul,-28.6146,-49.0296,0,14462,False,até 20 mil
3135050,Jaíba,MG,Minas Gerais,Sudeste,-15.3432,-43.6688,0,5617,False,até 20 mil
2205201,Jaicós,PI,Piauí,Nordeste,-7.36229,-41.1371,0,13523,False,até 20 mil
3524808,Jales,SP,São Paulo,Sudeste,-20.2672,-50.5494,0,30512,False,20–80 mil
3524907,Jambeiro,SP,São Paulo,Sudeste,-23.2522,-45.6942,0,53495,False,20–80 mil
3135076,Jampruca,MG,Minas Gerais,Sudeste,-18.461,-41.809,0,25763,False,20–80 mil
3135100,Janaúba,MG,Minas Gerais,Sudeste,-15.8022,-43.3132,0,4116,False,até 20 mil
5211701,Jandaia,GO,Goiás,Centro-Oeste,-17.0481,-50.1453,0,2051,False,até 20 mil
4112108,Jandaia do Sul,PR,Paraná,Sul,-23.6011,-51.6448,0,16013,False,até 20 mil
2405108,Jandaíra,RN,Rio Grande do Norte,Nordeste,-5.35211,-36.1278,0,14492,False,até 20 mil
2917904,Jandaíra,BA,Bahia,Nordeste,-11.5616,-37.7853,0,58753,False,20–80 mil
3525003,Jandira,SP,São Paulo,Sudeste,-23.5275,-46.9023,0,23136,False,20–80 mil
2405207,Janduís,RN,Rio Grande do Norte,Nordeste,-6.01474,-37.4048,0,1312,False,até 20 mil
5104906,Jangada,MT,Mato Grosso,Centro-Oeste,-15.235,-56.4917,0,1029,False,até 20 mil
4112207,Janiópolis,PR,Paraná,Sul,-24.1401,-52.7784,0,88434,True,80–500 mil
3135209,Januária,MG,Minas Gerais,Sudeste,-15.4802,-44.3639,0,4884,False,até 20 mil
2405306,Januário Cicco (Boa Saúde),RN,Rio Grande do Norte,Nordeste,-6.16566,-35.6219,0,5745,False,até 20 mil
3135308,Japaraíba,MG,Minas Gerais,Sudeste,-20.1442,-45.5015,0,4687,False,até 20 mil
2703601,Japaratinga,AL,Alagoas,Nordeste,-9.08746,-35.2634,0,13363,False,até 20 mil
2803302,Japaratuba,SE,Sergipe,Nordeste,-10.5849,-36.9418,0,48697,False,20–80 mil
3302270,Japeri,RJ,Rio de Janeiro,Sudeste,-22.6435,-43.6602,0,56142,False,20–80 mil
2405405,Japi,RN,Rio Grande do Norte,Nordeste,-6.46544,-35.9346,0,21589,False,20–80 mil
4112306,Japira,PR,Paraná,Sul,-23.8142,-50.1422,0,5367,False,até 20 mil
2803401,Japoatã,SE,Sergipe,Nordeste,-10.3477,-36.8045,0,19379,False,até 20 mil
3135357,Japonvar,MG,Minas Gerais,Sudeste,-15.9891,-44.2758,0,5179,False,até 20 mil
5004809,Japorã,MS,Mato Grosso do Sul,Centro-Oeste,-23.8903,-54.4059,0,56416,False,20–80 mil
4112405,Japurá,PR,Paraná,Sul,-23.4693,-52.5557,0,10332,False,até 20 mil
1302108,Japurá,AM,Amazonas,Norte,-1.88237,-66.9291,0,105309,True,80–500 mil
2607950,Jaqueira,PE,Pernambuco,Nordeste,-8.72618,-35.7942,0,21918,False,20–80 mil
4311122,Jaquirana,RS,Rio Grande do Sul,Sul,-28.8811,-50.3637,0,1733,False,até 20 mil
5211800,Jaraguá,GO,Goiás,Centro-Oeste,-15.7529,-49.3344,0,4012,False,até 20 mil
4208906,Jaraguá do Sul,SC,Santa Catarina,Sul,-26.4851,-49.0713,0,16618,False,até 20 mil
5004908,Jaraguari,MS,Mato Grosso do Sul,Centro-Oeste,-20.1386,-54.3996,0,5004,False,até 20 mil
2703700,Jaramataia,AL,Alagoas,Nordeste,-9.66224,-37.0046,0,23101,False,20–80 mil
2307106,Jardim,CE,Ceará,Nordeste,-7.57599,-39.2826,0,6808,False,até 20 mil
5005004,Jardim,MS,Mato Grosso do Sul,Centro-Oeste,-21.4799,-56.1489,0,14261,False,até 20 mil
4112504,Jardim Alegre,PR,Paraná,Sul,-24.1809,-51.6902,0,17900,False,até 20 mil
2405504,Jardim de Angicos,RN,Rio Grande do Norte,Nordeste,-5.64999,-35.9713,0,13069,False,até 20 mil
2405603,Jardim de Piranhas,RN,Rio Grande do Norte,Nordeste,-6.37665,-37.3496,0,17926,False,até 20 mil
2205250,Jardim do Mulato,PI,Piauí,Nordeste,-6.099,-42.63,0,1671,False,até 20 mil
2405702,Jardim do Seridó,RN,Rio Grande do Norte,Nordeste,-6.58047,-36.7736,0,8717,False,até 20 mil
4112603,Jardim Olinda,PR,Paraná,Sul,-22.5523,-52.0503,0,10917,False,até 20 mil
3525102,Jardinópolis,SP,São Paulo,Sudeste,-21.0176,-47.7606,0,99753,True,80–500 mil
4208955,Jardinópolis,SC,Santa Catarina,Sul,-26.7191,-52.8625,0,32394,False,20–80 mil
4311130,Jari,RS,Rio Grande do Sul,Sul,-29.2922,-54.2237,0,5942,False,até 20 mil
3525201,Jarinu,SP,São Paulo,Sudeste,-23.1039,-46.728,0,388554,True,80–500 mil
1100114,Jaru,RO,Rondônia,Norte,-10.4318,-62.4788,0,7913,False,até 20 mil
5211909,Jataí,GO,Goiás,Centro-Oeste,-17.8784,-51.7204,0,4119,False,até 20 mil
4112702,Jataizinho,PR,Paraná,Sul,-23.2578,-50.9777,0,6458,False,até 20 mil
2608008,Jataúba,PE,Pernambuco,Nordeste,-7.97668,-36.4943,0,12117,False,até 20 mil
5005103,Jateí,MS,Mato Grosso do Sul,Centro-Oeste,-22.4806,-54.3079,0,32890,False,20–80 mil
2307205,Jati,CE,Ceará,Nordeste,-7.6797,-39.0029,0,18855,False,até 20 mil
2105450,Jatobá,MA,Maranhão,Nordeste,-5.82282,-44.2153,0,21700,False,20–80 mil
2608057,Jatobá,PE,Pernambuco,Nordeste,-9.17476,-38.2607,0,13011,False,até 20 mil
2205276,Jatobá do Piauí,PI,Piauí,Nordeste,-4.77025,-41.817,0,2215,False,até 20 mil
3525300,Jaú,SP,São Paulo,Sudeste,-22.2936,-48.5592,0,10780,False,até 20 mil
1711506,Jaú do Tocantins,TO,Tocantins,Norte,-12.6509,-48.589,0,11965,False,até 20 mil
5212006,Jaupaci,GO,Goiás,Centro-Oeste,-16.1773,-50.9508,0,13413,False,até 20 mil
5105002,Jauru,MT,Mato Grosso,Centro-Oeste,-15.3342,-58.8723,0,8017,False,até 20 mil
3135407,Jeceaba,MG,Minas Gerais,Sudeste,-20.5339,-43.9894,0,32327,False,20–80 mil
3135456,Jenipapo de Minas,MG,Minas Gerais,Sudeste,-17.0831,-42.2589,0,19269,False,até 20 mil
2105476,Jenipapo dos Vieiras,MA,Maranhão,Nordeste,-5.36237,-45.6356,0,21859,False,20–80 mil
3135506,Jequeri,MG,Minas Gerais,Sudeste,-20.4542,-42.6651,0,63291,False,20–80 mil
2703759,Jequiá da Praia,AL,Alagoas,Nordeste,-10.0133,-36.0142,0,36807,False,20–80 mil
2918001,Jequié,BA,Bahia,Nordeste,-13.8509,-40.0877,0,12640,False,até 20 mil
3135605,Jequitaí,MG,Minas Gerais,Sudeste,-17.229,-44.4376,0,116887,True,80–500 mil
3135704,Jequitibá,MG,Minas Gerais,Sudeste,-19.2345,-44.0304,0,3105,False,até 20 mil
3135803,Jequitinhonha,MG,Minas Gerais,Sudeste,-16.4375,-41.0117,0,10426,False,até 20 mil
2918100,Jeremoabo,BA,Bahia,Nordeste,-10.0685,-38.3471,0,60451,False,20–80 mil
2507408,Jericó,PB,Paraíba,Nordeste,-6.54577,-37.8036,0,5802,False,até 20 mil
3525409,Jeriquara,SP,São Paulo,Sudeste,-20.3116,-47.5918,0,9926,False,até 20 mil
3203106,Jerônimo Monteiro,ES,Espírito Santo,Sudeste,-20.7994,-41.3948,0,12138,False,até 20 mil
2205300,Jerumenha,PI,Piauí,Nordeste,-7.09128,-43.5033,0,7104,False,até 20 mil
3135902,Jesuânia,MG,Minas Gerais,Sudeste,-21.9887,-45.2911,0,2646,False,até 20 mil
4112751,Jesuítas,PR,Paraná,Sul,-24.3839,-53.3849,0,2038,False,até 20 mil
5212055,Jesúpolis,GO,Goiás,Centro-Oeste,-15.9484,-49.3739,0,9371,False,até 20 mil
1100122,Ji-Paraná,RO,Rondônia,Norte,-10.8777,-61.9322,0,50437,False,20–80 mil
2307254,Jijoca de Jericoacoara,CE,Ceará,Nordeste,-2.79331,-40.5127,0,72485,False,20–80 mil
2918209,Jiquiriçá,BA,Bahia,Nordeste,-13.2621,-39.5737,0,15093,False,até 20 mil
2918308,Jitaúna,BA,Bahia,Nordeste,-14.0131,-39.8969,0,5429,False,até 20 mil
4209003,Joaçaba,SC,Santa Catarina,Sul,-27.1721,-51.5108,0,15300,False,até 20 mil
3136009,Joaíma,MG,Minas Gerais,Sudeste,-16.6522,-41.0229,0,4102,False,até 20 mil
3136108,Joanésia,MG,Minas Gerais,Sudeste,-19.1729,-42.6775,0,4825,False,até 20 mil
3525508,Joanópolis,SP,São Paulo,Sudeste,-22.927,-46.2741,0,11633,False,até 20 mil
2608107,João Alfredo,PE,Pernambuco,Nordeste,-7.86565,-35.5787,0,7631,False,até 20 mil
2405801,João Câmara,RN,Rio Grande do Norte,Nordeste,-5.54094,-35.8122,0,33906,False,20–80 mil
2205359,João Costa,PI,Piauí,Nordeste,-8.50736,-42.4264,0,17417,False,até 20 mil
2405900,João Dias,RN,Rio Grande do Norte,Nordeste,-6.27215,-37.7885,0,25895,False,20–80 mil
2918357,João Dourado,BA,Bahia,Nordeste,-11.3486,-41.6548,0,7093,False,até 20 mil
2105500,João Lisboa,MA,Maranhão,Nordeste,-5.44363,-47.4064,0,6406,False,até 20 mil
3136207,João Monlevade,MG,Minas Gerais,Sudeste,-19.8126,-43.1735,0,3016,False,até 20 mil
3203130,João Neiva,ES,Espírito Santo,Sudeste,-19.7577,-40.386,0,76724,False,20–80 mil
2507507,João Pessoa,PB,Paraíba,Nordeste,-7.11509,-34.8641,1,848772,True,acima de 500 mil
3136306,João Pinheiro,MG,Minas Gerais,Sudeste,-17.7398,-46.1715,0,3034,False,até 20 mil
3525607,João Ramalho,SP,São Paulo,Sudeste,-22.2473,-50.7694,0,178795,True,80–500 mil
3136405,Joaquim Felício,MG,Minas Gerais,Sudeste,-17.758,-44.1643,0,8232,False,até 20 mil
2703809,Joaquim Gomes,AL,Alagoas,Nordeste,-9.1328,-35.7474,0,42233,False,20–80 mil
2608206,Joaquim Nabuco,PE,Pernambuco,Nordeste,-8.62281,-35.5288,0,29823,False,20–80 mil
2205409,Joaquim Pires,PI,Piauí,Nordeste,-3.50164,-42.1865,0,23408,False,20–80 mil
4112801,Joaquim Távora,PR,Paraná,Sul,-23.4987,-49.909,0,6386,False,até 20 mil
2513653,Joca Claudino,PB,Paraíba,Nordeste,-6.48362,-38.4764,0,3801,False,até 20 mil
2205458,Joca Marques,PI,Piauí,Nordeste,-3.4804,-42.4255,0,2885,False,até 20 mil
4311155,Jóia,RS,Rio Grande do Sul,Sul,-28.6435,-54.1141,0,10640,False,até 20 mil
4209102,Joinville,SC,Santa Catarina,Sul,-26.3045,-48.8487,0,3824,False,até 20 mil
3136504,Jordânia,MG,Minas Gerais,Sudeste,-15.9009,-40.1841,0,2530,False,até 20 mil
1200328,Jordão,AC,Acre,Norte,-9.1908,-71.9503,0,31068,False,20–80 mil
4209151,José Boiteux,SC,Santa Catarina,Sul,-26.9566,-49.6286,0,800,False,até 20 mil
3525706,José Bonifácio,SP,São Paulo,Sudeste,-21.0551,-49.6892,0,96160,True,80–500 mil
2406007,José da Penha,RN,Rio Grande do Norte,Nordeste,-6.31095,-38.2823,0,15297,False,até 20 mil
2205508,José de Freitas,PI,Piauí,Nordeste,-4.75146,-42.5746,0,16814,False,até 20 mil
3136520,José Gonçalves de Minas,MG,Minas Gerais,Sudeste,-16.9053,-42.6014,0,24365,False,20–80 mil
3136553,José Raydan,MG,Minas Gerais,Sudeste,-18.2195,-42.4946,0,3516,False,até 20 mil
2105609,Joselândia,MA,Maranhão,Nordeste,-4.98611,-44.6958,0,3410,False,até 20 mil
3136579,Josenópolis,MG,Minas Gerais,Sudeste,-16.5417,-42.5151,0,212157,True,80–500 mil
5212105,Joviânia,GO,Goiás,Centro-Oeste,-17.802,-49.6197,0,8743,False,até 20 mil
5105101,Juara,MT,Mato Grosso,Centro-Oeste,-11.2639,-57.5244,0,24094,False,20–80 mil
2507606,Juarez Távora,PB,Paraíba,Nordeste,-7.1713,-35.5686,0,16723,False,até 20 mil
1711803,Juarina,TO,Tocantins,Norte,-8.11951,-49.0643,0,11474,False,até 20 mil
3136652,Juatuba,MG,Minas Gerais,Sudeste,-19.9448,-44.3451,0,5872,False,até 20 mil
2507705,Juazeirinho,PB,Paraíba,Nordeste,-7.06092,-36.5793,0,37948,False,20–80 mil
2918407,Juazeiro,BA,Bahia,Nordeste,-9.41622,-40.5033,0,2676,False,até 20 mil
2307304,Juazeiro do Norte,CE,Ceará,Nordeste,-7.19621,-39.3076,0,1705,False,até 20 mil
2205516,Juazeiro do Piauí,PI,Piauí,Nordeste,-5.17459,-41.6976,0,2531,False,até 20 mil
2307403,Jucás,CE,Ceará,Nordeste,-6.51523,-39.5187,0,4040,False,até 20 mil
2608255,Jucati,PE,Pernambuco,Nordeste,-8.70195,-36.4871,0,16913,False,até 20 mil
2918456,Jucuruçu,BA,Bahia,Nordeste,-16.8488,-40.1641,0,5134,False,até 20 mil
2406106,Jucurutu,RN,Rio Grande do Norte,Nordeste,-6.0306,-37.009,0,25976,False,20–80 mil
5105150,Juína,MT,Mato Grosso,Centro-Oeste,-11.3728,-58.7483,0,3395,False,até 20 mil
3136702,Juiz de Fora,MG,Minas Gerais,Sudeste,-21.7595,-43.3398,0,10444,False,até 20 mil
2205524,Júlio Borges,PI,Piauí,Nordeste,-10.3225,-44.2381,0,44699,False,20–80 mil
4311205,Júlio de Castilhos,RS,Rio Grande do Sul,Sul,-29.2299,-53.6772,0,2179,False,até 20 mil
3525805,Júlio Mesquita,SP,São Paulo,Sudeste,-22.0112,-49.7873,0,26320,False,20–80 mil
3525854,Jumirim,SP,São Paulo,Sudeste,-23.0884,-47.7868,0,31805,False,20–80 mil
2105658,Junco do Maranhão,MA,Maranhão,Nordeste,-1.83888,-46.09,0,3188,False,até 20 mil
2507804,Junco do Seridó,PB,Paraíba,Nordeste,-6.99269,-36.7166,0,4692,False,até 20 mil
2406155,Jundiá,RN,Rio Grande do Norte,Nordeste,-6.26866,-35.3495,0,21378,False,20–80 mil
2703908,Jundiá,AL,Alagoas,Nordeste,-8.93297,-35.5669,0,46226,False,20–80 mil
3525904,Jundiaí,SP,São Paulo,Sudeste,-23.1852,-46.8974,0,12444,False,até 20 mil
4112900,Jundiaí do Sul,PR,Paraná,Sul,-23.4357,-50.2496,0,3438,False,até 20 mil
2704005,Junqueiro,AL,Alagoas,Nordeste,-9.90696,-36.4803,0,13161,False,até 20 mil
3526001,Junqueirópolis,SP,São Paulo,Sudeste,-21.5103,-51.4342,0,81325,True,80–500 mil
2608305,Jupi,PE,Pernambuco,Nordeste,-8.70904,-36.4126,0,9043,False,até 20 mil
4209177,Jupiá,SC,Santa Catarina,Sul,-26.395,-52.7298,0,6075,False,até 20 mil
3526100,Juquiá,SP,São Paulo,Sudeste,-24.3101,-47.6426,0,20116,False,20–80 mil
3526209,Juquitiba,SP,São Paulo,Sudeste,-23.9244,-47.0653,0,22950,False,20–80 mil
3136801,Juramento,MG,Minas Gerais,Sudeste,-16.8473,-43.5865,0,2321,False,até 20 mil
4112959,Juranda,PR,Paraná,Sul,-24.4209,-52.8413,0,1677,False,até 20 mil
2608404,Jurema,PE,Pernambuco,Nordeste,-8.70714,-36.1347,0,9052,False,até 20 mil
2205532,Jurema,PI,Piauí,Nordeste,-9.21992,-43.1337,0,1723,False,até 20 mil
2507903,Juripiranga,PB,Paraíba,Nordeste,-7.36176,-35.2321,0,13335,False,até 20 mil
2508000,Juru,PB,Paraíba,Nordeste,-7.52983,-37.815,0,6008,False,até 20 mil
1302207,Juruá,AM,Amazonas,Norte,-3.48438,-66.0718,0,20628,False,20–80 mil
3136900,Juruaia,MG,Minas Gerais,Sudeste,-21.2493,-46.5735,0,63023,False,20–80 mil
5105176,Juruena,MT,Mato Grosso,Centro-Oeste,-10.3178,-58.3592,0,8126,False,até 20 mil
1503903,Juruti,PA,Pará,Norte,-2.16347,-56.0889,0,9728,False,até 20 mil
5105200,Juscimeira,MT,Mato Grosso,Centro-Oeste,-16.0633,-54.8859,0,4609,False,até 20 mil
2918506,Jussara,BA,Bahia,Nordeste,-11.0431,-41.9702,0,9199,False,até 20 mil
5212204,Jussara,GO,Goiás,Centro-Oeste,-15.8659,-50.8668,0,25040,False,20–80 mil
4113007,Jussara,PR,Paraná,Sul,-23.6219,-52.4693,0,4668,False,até 20 mil
2918555,Jussari,BA,Bahia,Nordeste,-15.192,-39.491,0,33011,False,20–80 mil
2918605,Jussiape,BA,Bahia,Nordeste,-13.5155,-41.5882,0,90535,True,80–500 mil
1302306,Jutaí,AM,Amazonas,Norte,-2.75814,-66.7595,0,9703,False,até 20 mil
5005152,Juti,MS,Mato Grosso do Sul,Centro-Oeste,-22.8596,-54.6061,0,1140,False,até 20 mil
3136959,Juvenília,MG,Minas Gerais,Sudeste,-14.2662,-44.1597,0,33058,False,20–80 mil
4113106,Kaloré,PR,Paraná,Sul,-23.8188,-51.6687,0,3540,False,até 20 mil
1302405,Lábrea,AM,Amazonas,Norte,-7.26413,-64.7948,0,12357,False,até 20 mil
4209201,Lacerdópolis,SC,Santa Catarina,Sul,-27.2579,-51.5577,0,23714,False,20–80 mil
3137007,Ladainha,MG,Minas Gerais,Sudeste,-17.6279,-41.7488,0,13375,False,até 20 mil
5005202,Ladário,MS,Mato Grosso do Sul,Centro-Oeste,-19.0089,-57.5973,0,48797,False,20–80 mil
2918704,Lafaiete Coutinho,BA,Bahia,Nordeste,-13.6541,-40.2119,0,2982,False,até 20 mil
3137106,Lagamar,MG,Minas Gerais,Sudeste,-18.1759,-46.8063,0,2193,False,até 20 mil
2803500,Lagarto,SE,Sergipe,Nordeste,-10.9136,-37.6689,0,4355,False,até 20 mil
4209300,Lages,SC,Santa Catarina,Sul,-27.815,-50.3259,0,6963,False,até 20 mil
2105708,Lago da Pedra,MA,Maranhão,Nordeste,-4.56974,-45.1319,0,12897,False,até 20 mil
2105807,Lago do Junco,MA,Maranhão,Nordeste,-4.609,-45.049,0,16803,False,até 20 mil
2105948,Lago dos Rodrigues,MA,Maranhão,Nordeste,-4.61173,-44.9798,0,4904,False,até 20 mil
2105906,Lago Verde,MA,Maranhão,Nordeste,-3.94661,-44.826,0,12074,False,até 20 mil
2508109,Lagoa,PB,Paraíba,Nordeste,-6.58572,-37.9127,0,11689,False,até 20 mil
2205557,Lagoa Alegre,PI,Piauí,Nordeste,-4.51539,-42.6309,0,25854,False,20–80 mil
4311239,Lagoa Bonita do Sul,RS,Rio Grande do Sul,Sul,-29.4939,-53.017,0,2468,False,até 20 mil
2406205,Lagoa d'Anta,RN,Rio Grande do Norte,Nordeste,-6.39493,-35.5949,0,5775,False,até 20 mil
2704104,Lagoa da Canoa,AL,Alagoas,Nordeste,-9.83291,-36.7413,0,11615,False,até 20 mil
1711902,Lagoa da Confusão,TO,Tocantins,Norte,-10.7906,-49.6199,0,2337,False,até 20 mil
3137205,Lagoa da Prata,MG,Minas Gerais,Sudeste,-20.0237,-45.5401,0,12165,False,até 20 mil
2508208,Lagoa de Dentro,PB,Paraíba,Nordeste,-6.67213,-35.3706,0,43772,False,20–80 mil
2608503,Lagoa de Itaenga,PE,Pernambuco,Nordeste,-7.93005,-35.2874,0,4953,False,até 20 mil
2406304,Lagoa de Pedras,RN,Rio Grande do Norte,Nordeste,-6.15082,-35.4299,0,2135,False,até 20 mil
2205573,Lagoa de São Francisco,PI,Piauí,Nordeste,-4.38505,-41.5969,0,2912,False,até 20 mil
2406403,Lagoa de Velhos,RN,Rio Grande do Norte,Nordeste,-6.0119,-35.8729,0,14869,False,até 20 mil
2205565,Lagoa do Barro do Piauí,PI,Piauí,Nordeste,-8.47673,-41.5342,0,54910,False,20–80 mil
2608453,Lagoa do Carro,PE,Pernambuco,Nordeste,-7.84383,-35.3108,0,55049,False,20–80 mil
2105922,Lagoa do Mato,MA,Maranhão,Nordeste,-6.05023,-43.5333,0,21964,False,20–80 mil
2608602,Lagoa do Ouro,PE,Pernambuco,Nordeste,-9.12567,-36.4584,0,20450,False,20–80 mil
2205581,Lagoa do Piauí,PI,Piauí,Nordeste,-5.41864,-42.6437,0,11491,False,até 20 mil
2205599,Lagoa do Sítio,PI,Piauí,Nordeste,-6.50766,-41.5653,0,1961,False,até 20 mil
1711951,Lagoa do Tocantins,TO,Tocantins,Norte,-10.368,-47.538,0,14433,False,até 20 mil
2608701,Lagoa dos Gatos,PE,Pernambuco,Nordeste,-8.6602,-35.904,0,7260,False,até 20 mil
3137304,Lagoa dos Patos,MG,Minas Gerais,Sudeste,-16.978,-44.5754,0,2810,False,até 20 mil
4311270,Lagoa dos Três Cantos,RS,Rio Grande do Sul,Sul,-28.5676,-52.8618,0,6866,False,até 20 mil
3137403,Lagoa Dourada,MG,Minas Gerais,Sudeste,-20.9139,-44.0797,0,48201,False,20–80 mil
3137502,Lagoa Formosa,MG,Minas Gerais,Sudeste,-18.7715,-46.4012,0,23498,False,20–80 mil
3137536,Lagoa Grande,MG,Minas Gerais,Sudeste,-17.8323,-46.5165,0,10716,False,até 20 mil
2608750,Lagoa Grande,PE,Pernambuco,Nordeste,-8.99452,-40.2767,0,45646,False,20–80 mil
2105963,Lagoa Grande do Maranhão,MA,Maranhão,Nordeste,-4.98893,-45.3816,0,23146,False,20–80 mil
2406502,Lagoa Nova,RN,Rio Grande do Norte,Nordeste,-6.09339,-36.4703,0,17074,False,até 20 mil
2918753,Lagoa Real,BA,Bahia,Nordeste,-14.0334,-42.1328,0,21010,False,20–80 mil
2406601,Lagoa Salgada,RN,Rio Grande do Norte,Nordeste,-6.12295,-35.4724,0,31075,False,20–80 mil
5212253,Lagoa Santa,GO,Goiás,Centro-Oeste,-19.1832,-51.3998,0,18406,False,até 20 mil
3137601,Lagoa Santa,MG,Minas Gerais,Sudeste,-19.6397,-43.8932,0,800,False,até 20 mil
2508307,Lagoa Seca,PB,Paraíba,Nordeste,-7.15535,-35.8491,0,13683,False,até 20 mil
4311304,Lagoa Vermelha,RS,Rio Grande do Sul,Sul,-28.2093,-51.5248,0,13251,False,até 20 mil
4311254,Lagoão,RS,Rio Grande do Sul,Sul,-29.2348,-52.7997,0,24478,False,20–80 mil
3526308,Lagoinha,SP,São Paulo,Sudeste,-23.0846,-45.1944,0,59685,False,20–80 mil
2205540,Lagoinha do Piauí,PI,Piauí,Nordeste,-5.83074,-42.6223,0,3376,False,até 20 mil
4209409,Laguna,SC,Santa Catarina,Sul,-28.4843,-48.7772,0,24787,False,20–80 mil
5005251,Laguna Carapã,MS,Mato Grosso do Sul,Centro-Oeste,-22.5448,-55.1502,0,4262,False,até 20 mil
2918803,Laje,BA,Bahia,Nordeste,-13.1673,-39.4213,0,4342,False,até 20 mil
3302304,Laje do Muriaé,RJ,Rio de Janeiro,Sudeste,-21.2091,-42.1271,0,14943,False,até 20 mil
1712009,Lajeado,TO,Tocantins,Norte,-9.74996,-48.3565,0,4756,False,até 20 mil
4311403,Lajeado,RS,Rio Grande do Sul,Sul,-29.4591,-51.9644,0,14848,False,até 20 mil
4311429,Lajeado do Bugre,RS,Rio Grande do Sul,Sul,-27.6913,-53.1818,0,8257,False,até 20 mil
4209458,Lajeado Grande,SC,Santa Catarina,Sul,-26.8576,-52.5648,0,12093,False,até 20 mil
2105989,Lajeado Novo,MA,Maranhão,Nordeste,-6.18539,-47.0293,0,64644,False,20–80 mil
2918902,Lajedão,BA,Bahia,Nordeste,-17.6056,-40.3383,0,22990,False,20–80 mil
2919009,Lajedinho,BA,Bahia,Nordeste,-12.3529,-40.9048,0,11807,False,até 20 mil
2608800,Lajedo,PE,Pernambuco,Nordeste,-8.65791,-36.3293,0,10125,False,até 20 mil
2919058,Lajedo do Tabocal,BA,Bahia,Nordeste,-13.4663,-40.2204,0,1820,False,até 20 mil
2406700,Lajes,RN,Rio Grande do Norte,Nordeste,-5.69322,-36.247,0,3343,False,até 20 mil
2406809,Lajes Pintadas,RN,Rio Grande do Norte,Nordeste,-6.14943,-36.1171,0,3455,False,até 20 mil
3137700,Lajinha,MG,Minas Gerais,Sudeste,-20.1539,-41.6228,0,3271,False,até 20 mil
2919108,Lamarão,BA,Bahia,Nordeste,-11.773,-38.887,0,37864,False,20–80 mil
3137809,Lambari,MG,Minas Gerais,Sudeste,-21.9671,-45.3498,0,20560,False,20–80 mil
5105234,Lambari D'Oeste,MT,Mato Grosso,Centro-Oeste,-15.3188,-58.0046,0,51485,False,20–80 mil
3137908,Lamim,MG,Minas Gerais,Sudeste,-20.79,-43.4706,0,36634,False,20–80 mil
2205607,Landri Sales,PI,Piauí,Nordeste,-7.25922,-43.9364,0,14160,False,até 20 mil
4113205,Lapa,PR,Paraná,Sul,-25.7671,-49.7168,0,21289,False,20–80 mil
2919157,Lapão,BA,Bahia,Nordeste,-11.3851,-41.8286,0,7010,False,até 20 mil
3203163,Laranja da Terra,ES,Espírito Santo,Sudeste,-19.8994,-41.0621,0,17748,False,até 20 mil
3138005,Laranjal,MG,Minas Gerais,Sudeste,-21.3715,-42.4732,0,32684,False,20–80 mil
4113254,Laranjal,PR,Paraná,Sul,-24.8862,-52.47,0,21698,False,20–80 mil
1600279,Laranjal do Jari,AP,Amapá,Norte,-0.804911,-52.453,0,33593,False,20–80 mil
3526407,Laranjal Paulista,SP,São Paulo,Sudeste,-23.0506,-47.8375,0,24844,False,20–80 mil
2803609,Laranjeiras,SE,Sergipe,Nordeste,-10.7981,-37.1731,0,41475,False,20–80 mil
4113304,Laranjeiras do Sul,PR,Paraná,Sul,-25.4077,-52.4109,0,4144,False,até 20 mil
3138104,Lassance,MG,Minas Gerais,Sudeste,-17.887,-44.5735,0,1675,False,até 20 mil
2508406,Lastro,PB,Paraíba,Nordeste,-6.50603,-38.1742,0,1112,False,até 20 mil
4209508,Laurentino,SC,Santa Catarina,Sul,-27.2173,-49.7331,0,42347,False,20–80 mil
2919207,Lauro de Freitas,BA,Bahia,Nordeste,-12.8978,-38.321,0,7581,False,até 20 mil
4209607,Lauro Muller,SC,Santa Catarina,Sul,-28.3859,-49.4035,0,7421,False,até 20 mil
1712157,Lavandeira,TO,Tocantins,Norte,-12.7847,-46.5099,0,1203,False,até 20 mil
3526506,Lavínia,SP,São Paulo,Sudeste,-21.1639,-51.0412,0,23593,False,20–80 mil
3138203,Lavras,MG,Minas Gerais,Sudeste,-21.248,-45.0009,0,13444,False,até 20 mil
2307502,Lavras da Mangabeira,CE,Ceará,Nordeste,-6.7448,-38.9706,0,7594,False,até 20 mil
4311502,Lavras do Sul,RS,Rio Grande do Sul,Sul,-30.8071,-53.8931,0,3351,False,até 20 mil
3526605,Lavrinhas,SP,São Paulo,Sudeste,-22.57,-44.9024,0,30909,False,20–80 mil
3138302,Leandro Ferreira,MG,Minas Gerais,Sudeste,-19.7193,-45.0279,0,29485,False,20–80 mil
4209706,Lebon Régis,SC,Santa Catarina,Sul,-26.928,-50.6921,0,17174,False,até 20 mil
3526704,Leme,SP,São Paulo,Sudeste,-22.1809,-47.3841,0,73282,False,20–80 mil
3138351,Leme do Prado,MG,Minas Gerais,Sudeste,-17.0793,-42.6936,0,1557,False,até 20 mil
2919306,Lençóis,BA,Bahia,Nordeste,-12.5616,-41.3928,0,4205,False,até 20 mil
3526803,Lençóis Paulista,SP,São Paulo,Sudeste,-22.6027,-48.8037,0,186898,True,80–500 mil
4209805,Leoberto Leal,SC,Santa Catarina,Sul,-27.5081,-49.2789,0,17913,False,até 20 mil
3138401,Leopoldina,MG,Minas Gerais,Sudeste,-21.5296,-42.6421,0,9565,False,até 20 mil
5212303,Leopoldo de Bulhões,GO,Goiás,Centro-Oeste,-16.619,-48.7428,0,17930,False,até 20 mil
4113403,Leópolis,PR,Paraná,Sul,-23.0818,-50.7511,0,8413,False,até 20 mil
4311601,Liberato Salzano,RS,Rio Grande do Sul,Sul,-27.601,-53.0753,0,2345,False,até 20 mil
3138500,Liberdade,MG,Minas Gerais,Sudeste,-22.0275,-44.3208,0,13040,False,até 20 mil
2919405,Licínio de Almeida,BA,Bahia,Nordeste,-14.6842,-42.5095,0,6640,False,até 20 mil
4113429,Lidianópolis,PR,Paraná,Sul,-24.11,-51.6506,0,1451,False,até 20 mil
2106003,Lima Campos,MA,Maranhão,Nordeste,-4.51837,-44.4646,0,47775,False,20–80 mil
3138609,Lima Duarte,MG,Minas Gerais,Sudeste,-21.8386,-43.7934,0,6931,False,até 20 mil
3526902,Limeira,SP,São Paulo,Sudeste,-22.566,-47.397,0,58175,False,20–80 mil
3138625,Limeira do Oeste,MG,Minas Gerais,Sudeste,-19.5512,-50.5815,0,1258,False,até 20 mil
2608909,Limoeiro,PE,Pernambuco,Nordeste,-7.8726,-35.4402,0,3992,False,até 20 mil
2704203,Limoeiro de Anadia,AL,Alagoas,Nordeste,-9.74098,-36.5121,0,49631,False,20–80 mil
1504000,Limoeiro do Ajuru,PA,Pará,Norte,-1.8985,-49.3903,0,48885,False,20–80 mil
2307601,Limoeiro do Norte,CE,Ceará,Nordeste,-5.14392,-38.0847,0,104569,True,80–500 mil
4113452,Lindoeste,PR,Paraná,Sul,-25.2596,-53.5733,0,6503,False,até 20 mil
3527009,Lindóia,SP,São Paulo,Sudeste,-22.5226,-46.65,0,73926,False,20–80 mil
4209854,Lindóia do Sul,SC,Santa Catarina,Sul,-27.0545,-52.069,0,53559,False,20–80 mil
4311627,Lindolfo Collor,RS,Rio Grande do Sul,Sul,-29.5859,-51.2141,0,4341,False,até 20 mil
4311643,Linha Nova,RS,Rio Grande do Sul,Sul,-29.4679,-51.2003,0,11953,False,até 20 mil
3203205,Linhares,ES,Espírito Santo,Sudeste,-19.3946,-40.0643,0,15419,False,até 20 mil
3527108,Lins,SP,São Paulo,Sudeste,-21.6718,-49.7526,0,24522,False,20–80 mil
2508505,Livramento,PB,Paraíba,Nordeste,-7.37113,-36.9491,0,12885,False,até 20 mil
2919504,Livramento de Nossa Senhora,BA,Bahia,Nordeste,-13.6369,-41.8432,0,21836,False,20–80 mil
1712405,Lizarda,TO,Tocantins,Norte,-9.59002,-46.6738,0,9360,False,até 20 mil
4113502,Loanda,PR,Paraná,Sul,-22.9232,-53.1362,0,17373,False,até 20 mil
4113601,Lobato,PR,Paraná,Sul,-23.0058,-51.9524,0,27757,False,20–80 mil
2508554,Logradouro,PB,Paraíba,Nordeste,-6.61191,-35.4384,0,30350,False,20–80 mil
4113700,Londrina,PR,Paraná,Sul,-23.304,-51.1691,0,5113,False,até 20 mil
3138658,Lontra,MG,Minas Gerais,Sudeste,-15.9013,-44.306,0,6743,False,até 20 mil
4209904,Lontras,SC,Santa Catarina,Sul,-27.1684,-49.535,0,1571,False,até 20 mil
3527207,Lorena,SP,São Paulo,Sudeste,-22.7334,-45.1197,0,14025,False,até 20 mil
2106102,Loreto,MA,Maranhão,Nordeste,-7.08111,-45.1451,0,3898,False,até 20 mil
3527256,Lourdes,SP,São Paulo,Sudeste,-20.966,-50.2263,0,62728,False,20–80 mil
3527306,Louveira,SP,São Paulo,Sudeste,-23.0856,-46.9484,0,36884,False,20–80 mil
5105259,Lucas do Rio Verde,MT,Mato Grosso,Centro-Oeste,-13.0588,-55.9042,0,22499,False,20–80 mil
3527405,Lucélia,SP,São Paulo,Sudeste,-21.7182,-51.0215,0,6389,False,até 20 mil
2508604,Lucena,PB,Paraíba,Nordeste,-6.90258,-34.8748,0,6128,False,até 20 mil
3527504,Lucianópolis,SP,São Paulo,Sudeste,-22.4294,-49.522,0,21296,False,20–80 mil
5105309,Luciara,MT,Mato Grosso,Centro-Oeste,-11.2219,-50.6676,0,20202,False,20–80 mil
2406908,Lucrécia,RN,Rio Grande do Norte,Nordeste,-6.10525,-37.8134,0,15530,False,até 20 mil
3527603,Luís Antônio,SP,São Paulo,Sudeste,-21.55,-47.7801,0,27889,False,20–80 mil
2205706,Luís Correia,PI,Piauí,Nordeste,-2.88438,-41.6641,0,19087,False,até 20 mil
2106201,Luís Domingues,MA,Maranhão,Nordeste,-1.27492,-45.867,0,74721,False,20–80 mil
2919553,Luís Eduardo Magalhães,BA,Bahia,Nordeste,-12.0956,-45.7866,0,11075,False,até 20 mil
2407005,Luís Gomes,RN,Rio Grande do Norte,Nordeste,-6.40588,-38.3899,0,8659,False,até 20 mil
3138674,Luisburgo,MG,Minas Gerais,Sudeste,-20.4468,-42.0976,0,6731,False,até 20 mil
3138682,Luislândia,MG,Minas Gerais,Sudeste,-16.1095,-44.5886,0,8198,False,até 20 mil
4210001,Luiz Alves,SC,Santa Catarina,Sul,-26.7151,-48.9322,0,6201,False,até 20 mil
4113734,Luiziana,PR,Paraná,Sul,-24.2853,-52.269,0,35626,False,20–80 mil
3527702,Luiziânia,SP,São Paulo,Sudeste,-21.6737,-50.3294,0,17425,False,até 20 mil
3138708,Luminárias,MG,Minas Gerais,Sudeste,-21.5145,-44.9034,0,5191,False,até 20 mil
4113759,Lunardelli,PR,Paraná,Sul,-24.0821,-51.7368,0,2114,False,até 20 mil
3527801,Lupércio,SP,São Paulo,Sudeste,-22.4146,-49.818,0,155918,True,80–500 mil
4113809,Lupionópolis,PR,Paraná,Sul,-22.755,-51.6601,0,2840,False,até 20 mil
3527900,Lutécia,SP,São Paulo,Sudeste,-22.3384,-50.394,0,51792,False,20–80 mil
3138807,Luz,MG,Minas Gerais,Sudeste,-19.7911,-45.6794,0,5927,False,até 20 mil
4210035,Luzerna,SC,Santa Catarina,Sul,-27.1304,-51.4682,0,26112,False,20–80 mil
5212501,Luziânia,GO,Goiás,Centro-Oeste,-16.253,-47.95,0,19878,False,até 20 mil
2205805,Luzilândia,PI,Piauí,Nordeste,-3.4683,-42.3718,0,5547,False,até 20 mil
1712454,Luzinópolis,TO,Tocantins,Norte,-6.17794,-47.8582,0,7202,False,até 20 mil
3302403,Macaé,RJ,Rio de Janeiro,Sudeste,-22.3768,-41.7848,0,363099,True,80–500 mil
2407104,Macaíba,RN,Rio Grande do Norte,Nordeste,-5.85229,-35.3552,0,1176,False,até 20 mil
2919603,Macajuba,BA,Bahia,Nordeste,-12.1326,-40.3571,0,19578,False,até 20 mil
4311718,Maçambará,RS,Rio Grande do Sul,Sul,-29.1445,-56.0674,0,11027,False,até 20 mil
2803708,Macambira,SE,Sergipe,Nordeste,-10.6619,-37.5413,0,2488,False,até 20 mil
1600303,Macapá,AP,Amapá,Norte,0.034934,-51.0694,1,184369,True,80–500 mil
2609006,Macaparana,PE,Pernambuco,Nordeste,-7.55564,-35.4425,0,57676,False,20–80 mil
2919702,Macarani,BA,Bahia,Nordeste,-15.5646,-40.4209,0,20308,False,20–80 mil
3528007,Macatuba,SP,São Paulo,Sudeste,-22.5002,-48.7102,0,138367,True,80–500 mil
2407203,Macau,RN,Rio Grande do Norte,Nordeste,-5.10795,-36.6318,0,14147,False,até 20 mil
3528106,Macaubal,SP,São Paulo,Sudeste,-20.8022,-49.9687,0,40821,False,20–80 mil
2919801,Macaúbas,BA,Bahia,Nordeste,-13.0186,-42.6945,0,58301,False,20–80 mil
3528205,Macedônia,SP,São Paulo,Sudeste,-20.1444,-50.1973,0,33413,False,20–80 mil
2704302,Maceió,AL,Alagoas,Nordeste,-9.66599,-35.735,1,559558,True,acima de 500 mil
3138906,Machacalis,MG,Minas Gerais,Sudeste,-17.0723,-40.7245,0,9236,False,até 20 mil
4311700,Machadinho,RS,Rio Grande do Sul,Sul,-27.5667,-51.6668,0,800,False,até 20 mil
1100130,Machadinho D'Oeste,RO,Rondônia,Norte,-9.44363,-61.9818,0,4359,False,até 20 mil
3139003,Machado,MG,Minas Gerais,Sudeste,-21.6778,-45.9219,0,15697,False,até 20 mil
2609105,Machados,PE,Pernambuco,Nordeste,-7.68827,-35.5114,0,10388,False,até 20 mil
4210050,Macieira,SC,Santa Catarina,Sul,-26.8552,-51.3705,0,56234,False,20–80 mil
3302452,Macuco,RJ,Rio de Janeiro,Sudeste,-21.9813,-42.2533,0,49250,False,20–80 mil
2919900,Macururé,BA,Bahia,Nordeste,-9.16226,-39.0518,0,9354,False,até 20 mil
2307635,Madalena,CE,Ceará,Nordeste,-4.84601,-39.5725,0,28600,False,20–80 mil
2205854,Madeiro,PI,Piauí,Nordeste,-3.48624,-42.4981,0,6298,False,até 20 mil
2919926,Madre de Deus,BA,Bahia,Nordeste,-12.7446,-38.6153,0,2687,False,até 20 mil
3139102,Madre de Deus de Minas,MG,Minas Gerais,Sudeste,-21.483,-44.3287,0,6903,False,até 20 mil
2508703,Mãe d'Água,PB,Paraíba,Nordeste,-7.25201,-37.4322,0,23379,False,20–80 mil
1504059,Mãe do Rio,PA,Pará,Norte,-2.05683,-47.5601,0,9104,False,até 20 mil
2919959,Maetinga,BA,Bahia,Nordeste,-14.6623,-41.4915,0,44116,False,20–80 mil
4210100,Mafra,SC,Santa Catarina,Sul,-26.1159,-49.8086,0,13371,False,até 20 mil
1504109,Magalhães Barata,PA,Pará,Norte,-0.803391,-47.6014,0,69871,False,20–80 mil
2106300,Magalhães de Almeida,MA,Maranhão,Nordeste,-3.39232,-42.2117,0,6539,False,até 20 mil
3528304,Magda,SP,São Paulo,Sudeste,-20.6445,-50.2305,0,10904,False,até 20 mil
3302502,Magé,RJ,Rio de Janeiro,Sudeste,-22.6632,-43.0315,0,341522,True,80–500 mil
2920007,Maiquinique,BA,Bahia,Nordeste,-15.624,-40.2587,0,9471,False,até 20 mil
2920106,Mairi,BA,Bahia,Nordeste,-11.7107,-40.1437,0,46476,False,20–80 mil
3528403,Mairinque,SP,São Paulo,Sudeste,-23.5398,-47.185,0,30955,False,20–80 mil
3528502,Mairiporã,SP,São Paulo,Sudeste,-23.3171,-46.5897,0,30994,False,20–80 mil
5212600,Mairipotaba,GO,Goiás,Centro-Oeste,-17.2975,-49.4898,0,24942,False,20–80 mil
4210209,Major Gercino,SC,Santa Catarina,Sul,-27.4192,-48.9488,0,7441,False,até 20 mil
2704401,Major Isidoro,AL,Alagoas,Nordeste,-9.53009,-36.992,0,4747,False,até 20 mil
2407252,Major Sales,RN,Rio Grande do Norte,Nordeste,-6.39949,-38.324,0,1220,False,até 20 mil
4210308,Major Vieira,SC,Santa Catarina,Sul,-26.3709,-50.3266,0,23614,False,20–80 mil
3139201,Malacacheta,MG,Minas Gerais,Sudeste,-17.8456,-42.0769,0,6148,False,até 20 mil
2920205,Malhada,BA,Bahia,Nordeste,-14.3371,-43.7686,0,20793,False,20–80 mil
2920304,Malhada de Pedras,BA,Bahia,Nordeste,-14.3847,-41.8842,0,11806,False,até 20 mil
2803807,Malhada dos Bois,SE,Sergipe,Nordeste,-10.3418,-36.9252,0,75214,False,20–80 mil
2803906,Malhador,SE,Sergipe,Nordeste,-10.6649,-37.3004,0,16109,False,até 20 mil
4113908,Mallet,PR,Paraná,Sul,-25.8806,-50.8173,0,24451,False,20–80 mil
2508802,Malta,PB,Paraíba,Nordeste,-6.89719,-37.5221,0,3660,False,até 20 mil
2508901,Mamanguape,PB,Paraíba,Nordeste,-6.8337,-35.1213,0,1526,False,até 20 mil
5212709,Mambaí,GO,Goiás,Centro-Oeste,-14.4823,-46.1165,0,1246,False,até 20 mil
4114005,Mamborê,PR,Paraná,Sul,-24.317,-52.5271,0,70406,False,20–80 mil
3139250,Mamonas,MG,Minas Gerais,Sudeste,-15.0479,-42.9469,0,10680,False,até 20 mil
4311734,Mampituba,RS,Rio Grande do Sul,Sul,-29.2136,-49.9311,0,3209,False,até 20 mil
1302504,Manacapuru,AM,Amazonas,Norte,-3.29066,-60.6216,0,16089,False,até 20 mil
2509008,Manaíra,PB,Paraíba,Nordeste,-7.70331,-38.1523,0,9133,False,até 20 mil
1302553,Manaquiri,AM,Amazonas,Norte,-3.44078,-60.4612,0,158165,True,80–500 mil
2609154,Manari,PE,Pernambuco,Nordeste,-8.9649,-37.6313,0,11962,False,até 20 mil
1302603,Manaus,AM,Amazonas,Norte,-3.11866,-60.0212,1,781205,True,acima de 500 mil
1200336,Mâncio Lima,AC,Acre,Norte,-7.61657,-72.8997,0,12383,False,até 20 mil
4114104,Mandaguaçu,PR,Paraná,Sul,-23.3458,-52.0944,0,19275,False,até 20 mil
4114203,Mandaguari,PR,Paraná,Sul,-23.5446,-51.671,0,10715,False,até 20 mil
4114302,Mandirituba,PR,Paraná,Sul,-25.777,-49.3282,0,1001,False,até 20 mil
3528601,Manduri,SP,São Paulo,Sudeste,-23.0056,-49.3202,0,6791,False,até 20 mil
4114351,Manfrinópolis,PR,Paraná,Sul,-26.1441,-53.3113,0,1211,False,até 20 mil
3139300,Manga,MG,Minas Gerais,Sudeste,-14.7529,-43.9391,0,1166,False,até 20 mil
3302601,Mangaratiba,RJ,Rio de Janeiro,Sudeste,-22.9594,-44.0409,0,80326,True,80–500 mil
4114401,Mangueirinha,PR,Paraná,Sul,-25.9421,-52.1743,0,12915,False,até 20 mil
3139409,Manhuaçu,MG,Minas Gerais,Sudeste,-20.2572,-42.028,0,16306,False,até 20 mil
3139508,Manhumirim,MG,Minas Gerais,Sudeste,-20.3591,-41.9589,0,9642,False,até 20 mil
1302702,Manicoré,AM,Amazonas,Norte,-5.80462,-61.2895,0,89857,True,80–500 mil
2205904,Manoel Emídio,PI,Piauí,Nordeste,-8.01234,-43.8755,0,13809,False,até 20 mil
4114500,Manoel Ribas,PR,Paraná,Sul,-24.5144,-51.6658,0,7555,False,até 20 mil
1200344,Manoel Urbano,AC,Acre,Norte,-8.83291,-69.2679,0,34144,False,20–80 mil
4311759,Manoel Viana,RS,Rio Grande do Sul,Sul,-29.5859,-55.4841,0,28647,False,20–80 mil
2920403,Manoel Vitorino,BA,Bahia,Nordeste,-14.1476,-40.2399,0,20016,False,20–80 mil
2920452,Mansidão,BA,Bahia,Nordeste,-10.7227,-44.0428,0,116629,True,80–500 mil
3139607,Mantena,MG,Minas Gerais,Sudeste,-18.7761,-40.9874,0,10079,False,até 20 mil
3203304,Mantenópolis,ES,Espírito Santo,Sudeste,-18.8594,-41.124,0,71792,False,20–80 mil
4311775,Maquiné,RS,Rio Grande do Sul,Sul,-29.6798,-50.2079,0,8308,False,até 20 mil
3139805,Mar de Espanha,MG,Minas Gerais,Sudeste,-21.8707,-43.0062,0,27760,False,20–80 mil
2704906,Mar Vermelho,AL,Alagoas,Nordeste,-9.44739,-36.3881,0,5552,False,até 20 mil
5212808,Mara Rosa,GO,Goiás,Centro-Oeste,-14.0148,-49.1777,0,8482,False,até 20 mil
1302801,Maraã,AM,Amazonas,Norte,-1.85313,-65.573,0,13232,False,até 20 mil
1504208,Marabá,PA,Pará,Norte,-5.38075,-49.1327,0,239518,True,80–500 mil
3528700,Marabá Paulista,SP,São Paulo,Sudeste,-22.1068,-51.9617,0,16877,False,até 20 mil
2106326,Maracaçumé,MA,Maranhão,Nordeste,-2.04918,-45.9587,0,37010,False,20–80 mil
3528809,Maracaí,SP,São Paulo,Sudeste,-22.6149,-50.6713,0,21409,False,20–80 mil
4210407,Maracajá,SC,Santa Catarina,Sul,-28.8463,-49.4605,0,26698,False,20–80 mil
5005400,Maracaju,MS,Mato Grosso do Sul,Centro-Oeste,-21.6105,-55.1678,0,22549,False,20–80 mil
1504307,Maracanã,PA,Pará,Norte,-0.778899,-47.452,0,18405,False,até 20 mil
2307650,Maracanaú,CE,Ceará,Nordeste,-3.86699,-38.6259,0,48745,False,20–80 mil
2920502,Maracás,BA,Bahia,Nordeste,-13.4355,-40.4323,0,133963,True,80–500 mil
2704500,Maragogi,AL,Alagoas,Nordeste,-9.00744,-35.2267,0,7025,False,até 20 mil
2920601,Maragogipe,BA,Bahia,Nordeste,-12.776,-38.9175,0,14720,False,até 20 mil
2609204,Maraial,PE,Pernambuco,Nordeste,-8.79062,-35.8266,0,19625,False,até 20 mil
2106359,Marajá do Sena,MA,Maranhão,Nordeste,-4.62806,-45.4531,0,12637,False,até 20 mil
2307700,Maranguape,CE,Ceará,Nordeste,-3.89143,-38.6829,0,5980,False,até 20 mil
2106375,Maranhãozinho,MA,Maranhão,Nordeste,-2.24078,-45.8507,0,7452,False,até 20 mil
1504406,Marapanim,PA,Pará,Norte,-0.714702,-47.7034,0,1887,False,até 20 mil
3528858,Marapoama,SP,São Paulo,Sudeste,-21.2587,-49.13,0,48146,False,20–80 mil
4311791,Maratá,RS,Rio Grande do Sul,Sul,-29.5457,-51.5573,0,1602,False,até 20 mil
3203320,Marataízes,ES,Espírito Santo,Sudeste,-21.0398,-40.8384,0,27344,False,20–80 mil
4311809,Marau,RS,Rio Grande do Sul,Sul,-28.4498,-52.1986,0,101646,True,80–500 mil
2920700,Maraú,BA,Bahia,Nordeste,-14.1035,-39.0137,0,16266,False,até 20 mil
2704609,Maravilha,AL,Alagoas,Nordeste,-9.23045,-37.3524,0,33372,False,20–80 mil
4210506,Maravilha,SC,Santa Catarina,Sul,-26.7665,-53.1737,0,6913,False,até 20 mil
3139706,Maravilhas,MG,Minas Gerais,Sudeste,-19.5076,-44.6779,0,1126,False,até 20 mil
2509057,Marcação,PB,Paraíba,Nordeste,-6.76535,-35.0087,0,1133,False,até 20 mil
5105580,Marcelândia,MT,Mato Grosso,Centro-Oeste,-11.0463,-54.4377,0,19547,False,até 20 mil
4311908,Marcelino Ramos,RS,Rio Grande do Sul,Sul,-27.4676,-51.9095,0,7376,False,até 20 mil
2407302,Marcelino Vieira,RN,Rio Grande do Norte,Nordeste,-6.2846,-38.1642,0,3310,False,até 20 mil
2920809,Marcionílio Souza,BA,Bahia,Nordeste,-13.0064,-40.5295,0,44556,False,20–80 mil
2307809,Marco,CE,Ceará,Nordeste,-3.1285,-40.1582,0,6117,False,até 20 mil
2205953,Marcolândia,PI,Piauí,Nordeste,-7.44169,-40.6602,0,6932,False,até 20 mil
2206001,Marcos Parente,PI,Piauí,Nordeste,-7.11565,-43.8926,0,1445,False,até 20 mil
4114609,Marechal Cândido Rondon,PR,Paraná,Sul,-24.557,-54.0571,0,3319,False,até 20 mil
2704708,Marechal Deodoro,AL,Alagoas,Nordeste,-9.70971,-35.8967,0,22590,False,20–80 mil
3203346,Marechal Floriano,ES,Espírito Santo,Sudeste,-20.4159,-40.67,0,35900,False,20–80 mil
1200351,Marechal Thaumaturgo,AC,Acre,Norte,-8.93898,-72.7997,0,34144,False,20–80 mil
4210555,Marema,SC,Santa Catarina,Sul,-26.8024,-52.6264,0,14767,False,até 20 mil
2509107,Mari,PB,Paraíba,Nordeste,-7.05942,-35.318,0,6007,False,até 20 mil
3139904,Maria da Fé,MG,Minas Gerais,Sudeste,-22.3044,-45.3773,0,1100,False,até 20 mil
4114708,Maria Helena,PR,Paraná,Sul,-23.6158,-53.2053,0,12039,False,até 20 mil
4114807,Marialva,PR,Paraná,Sul,-23.4843,-51.7928,0,12714,False,até 20 mil
3140001,Mariana,MG,Minas Gerais,Sudeste,-20.3765,-43.414,0,13039,False,até 20 mil
4311981,Mariana Pimentel,RS,Rio Grande do Sul,Sul,-30.353,-51.5803,0,11622,False,até 20 mil
4312005,Mariano Moro,RS,Rio Grande do Sul,Sul,-27.3568,-52.1467,0,11817,False,até 20 mil
1712504,Marianópolis do Tocantins,TO,Tocantins,Norte,-9.79377,-49.6553,0,4416,False,até 20 mil
3528908,Mariápolis,SP,São Paulo,Sudeste,-21.7959,-51.1824,0,50750,False,20–80 mil
2704807,Maribondo,AL,Alagoas,Nordeste,-9.58353,-36.3045,0,41280,False,20–80 mil
3302700,Maricá,RJ,Rio de Janeiro,Sudeste,-22.9354,-42.8246,0,365679,True,80–500 mil
3140100,Marilac,MG,Minas Gerais,Sudeste,-18.5079,-42.0822,0,9573,False,até 20 mil
3203353,Marilândia,ES,Espírito Santo,Sudeste,-19.4114,-40.5456,0,26835,False,20–80 mil
4114906,Marilândia do Sul,PR,Paraná,Sul,-23.7425,-51.3137,0,31655,False,20–80 mil
4115002,Marilena,PR,Paraná,Sul,-22.7336,-53.0402,0,13018,False,até 20 mil
3529005,Marília,SP,São Paulo,Sudeste,-22.2171,-49.9501,0,16119,False,até 20 mil
4115101,Mariluz,PR,Paraná,Sul,-24.0089,-53.1432,0,43262,False,20–80 mil
4115200,Maringá,PR,Paraná,Sul,-23.4205,-51.9333,0,11300,False,até 20 mil
3529104,Marinópolis,SP,São Paulo,Sudeste,-20.4389,-50.8254,0,51171,False,20–80 mil
3140159,Mário Campos,MG,Minas Gerais,Sudeste,-20.0582,-44.1883,0,11635,False,até 20 mil
4115309,Mariópolis,PR,Paraná,Sul,-26.355,-52.5532,0,9867,False,até 20 mil
4115358,Maripá,PR,Paraná,Sul,-24.42,-53.8286,0,36118,False,20–80 mil
3140209,Maripá de Minas,MG,Minas Gerais,Sudeste,-21.6979,-42.9546,0,5803,False,até 20 mil
1504422,Marituba,PA,Pará,Norte,-1.36002,-48.3421,0,11520,False,até 20 mil
2509156,Marizópolis,PB,Paraíba,Nordeste,-6.82748,-38.3528,0,32207,False,20–80 mil
3140308,Marliéria,MG,Minas Gerais,Sudeste,-19.7096,-42.7327,0,20037,False,20–80 mil
4115408,Marmeleiro,PR,Paraná,Sul,-26.1472,-53.0267,0,3818,False,até 20 mil
3140407,Marmelópolis,MG,Minas Gerais,Sudeste,-22.447,-45.1645,0,26915,False,20–80 mil
4312054,Marques de Souza,RS,Rio Grande do Sul,Sul,-29.3311,-52.0973,0,5082,False,até 20 mil
4115457,Marquinho,PR,Paraná,Sul,-25.112,-52.2497,0,247630,True,80–500 mil
3140506,Martinho Campos,MG,Minas Gerais,Sudeste,-19.3306,-45.2434,0,16431,False,até 20 mil
2307908,Martinópole,CE,Ceará,Nordeste,-3.2252,-40.6896,0,34300,False,20–80 mil
3529203,Martinópolis,SP,São Paulo,Sudeste,-22.1462,-51.1709,0,25006,False,20–80 mil
2407401,Martins,RN,Rio Grande do Norte,Nordeste,-6.08279,-37.908,0,41418,False,20–80 mil
3140530,Martins Soares,MG,Minas Gerais,Sudeste,-20.2546,-41.8786,0,7242,False,até 20 mil
2804003,Maruim,SE,Sergipe,Nordeste,-10.7308,-37.0856,0,800,False,até 20 mil
4115507,Marumbi,PR,Paraná,Sul,-23.7058,-51.6404,0,16926,False,até 20 mil
5212907,Marzagão,GO,Goiás,Centro-Oeste,-17.983,-48.6415,0,1151,False,até 20 mil
2920908,Mascote,BA,Bahia,Nordeste,-15.5542,-39.3016,0,5380,False,até 20 mil
2308005,Massapê,CE,Ceará,Nordeste,-3.52364,-40.3423,0,22346,False,20–80 mil
2206050,Massapê do Piauí,PI,Piauí,Nordeste,-7.47469,-41.1103,0,2452,False,até 20 mil
2509206,Massaranduba,PB,Paraíba,Nordeste,-7.18995,-35.7848,0,957,False,até 20 mil
4210605,Massaranduba,SC,Santa Catarina,Sul,-26.6109,-49.0054,0,37623,False,20–80 mil
4312104,Mata,RS,Rio Grande do Sul,Sul,-29.5649,-54.4641,0,3420,False,até 20 mil
2921005,Mata de São João,BA,Bahia,Nordeste,-12.5307,-38.3009,0,19673,False,até 20 mil
2705002,Mata Grande,AL,Alagoas,Nordeste,-9.11824,-37.7323,0,12072,False,até 20 mil
2106409,Mata Roma,MA,Maranhão,Nordeste,-3.62035,-43.1112,0,1605,False,até 20 mil
3140555,Mata Verde,MG,Minas Gerais,Sudeste,-15.6869,-40.7366,0,950,False,até 20 mil
3529302,Matão,SP,São Paulo,Sudeste,-21.6025,-48.364,0,1301,False,até 20 mil
2509305,Mataraca,PB,Paraíba,Nordeste,-6.59673,-35.0531,0,1914,False,até 20 mil
1712702,Mateiros,TO,Tocantins,Norte,-10.5464,-46.4168,0,5444,False,até 20 mil
4115606,Matelândia,PR,Paraná,Sul,-25.2496,-53.9935,0,17030,False,até 20 mil
3140605,Materlândia,MG,Minas Gerais,Sudeste,-18.4699,-43.0579,0,22487,False,20–80 mil
3140704,Mateus Leme,MG,Minas Gerais,Sudeste,-19.9794,-44.4318,0,36992,False,20–80 mil
3171501,Mathias Lobato,MG,Minas Gerais,Sudeste,-18.59,-41.9166,0,19606,False,até 20 mil
3140803,Matias Barbosa,MG,Minas Gerais,Sudeste,-21.869,-43.3135,0,3666,False,até 20 mil
3140852,Matias Cardoso,MG,Minas Gerais,Sudeste,-14.8563,-43.9146,0,20246,False,20–80 mil
2206100,Matias Olímpio,PI,Piauí,Nordeste,-3.71492,-42.5507,0,7766,False,até 20 mil
2921054,Matina,BA,Bahia,Nordeste,-13.9109,-42.8439,0,13256,False,até 20 mil
2106508,Matinha,MA,Maranhão,Nordeste,-3.09849,-45.035,0,9709,False,até 20 mil
2509339,Matinhas,PB,Paraíba,Nordeste,-7.12486,-35.7669,0,2513,False,até 20 mil
4115705,Matinhos,PR,Paraná,Sul,-25.8237,-48.549,0,19958,False,até 20 mil
3140902,Matipó,MG,Minas Gerais,Sudeste,-20.2873,-42.3401,0,24863,False,20–80 mil
4312138,Mato Castelhano,RS,Rio Grande do Sul,Sul,-28.28,-52.1932,0,78566,False,20–80 mil
2509370,Mato Grosso,PB,Paraíba,Nordeste,-6.54018,-37.7279,0,7294,False,até 20 mil
4312153,Mato Leitão,RS,Rio Grande do Sul,Sul,-29.5285,-52.1278,0,22957,False,20–80 mil
4312179,Mato Queimado,RS,Rio Grande do Sul,Sul,-28.252,-54.6159,0,18807,False,até 20 mil
4115739,Mato Rico,PR,Paraná,Sul,-24.6995,-52.1454,0,88313,True,80–500 mil
3141009,Mato Verde,MG,Minas Gerais,Sudeste,-15.3944,-42.86,0,53597,False,20–80 mil
2106607,Matões,MA,Maranhão,Nordeste,-5.51359,-43.2018,0,2110,False,até 20 mil
2106631,Matões do Norte,MA,Maranhão,Nordeste,-3.6244,-44.5468,0,33983,False,20–80 mil
4210704,Matos Costa,SC,Santa Catarina,Sul,-26.4709,-51.1501,0,82149,True,80–500 mil
3141108,Matozinhos,MG,Minas Gerais,Sudeste,-19.5543,-44.0868,0,3681,False,até 20 mil
5212956,Matrinchã,GO,Goiás,Centro-Oeste,-15.4342,-50.7456,0,13177,False,até 20 mil
2705101,Matriz de Camaragibe,AL,Alagoas,Nordeste,-9.15437,-35.5243,0,22994,False,20–80 mil
5105606,Matupá,MT,Mato Grosso,Centro-Oeste,-10.1821,-54.9467,0,9470,False,até 20 mil
2509396,Maturéia,PB,Paraíba,Nordeste,-7.26188,-37.351,0,5230,False,até 20 mil
3141207,Matutina,MG,Minas Gerais,Sudeste,-19.2179,-45.9664,0,7521,False,até 20 mil
3529401,Mauá,SP,São Paulo,Sudeste,-23.6677,-46.4613,0,17926,False,até 20 mil
4115754,Mauá da Serra,PR,Paraná,Sul,-23.8988,-51.2277,0,26784,False,20–80 mil
1302900,Maués,AM,Amazonas,Norte,-3.39289,-57.7067,0,99546,True,80–500 mil
5213004,Maurilândia,GO,Goiás,Centro-Oeste,-17.9719,-50.3388,0,12600,False,até 20 mil
1712801,Maurilândia do Tocantins,TO,Tocantins,Norte,-5.95169,-47.5125,0,2572,False,até 20 mil
2308104,Mauriti,CE,Ceará,Nordeste,-7.38597,-38.7708,0,38327,False,20–80 mil
2407500,Maxaranguape,RN,Rio Grande do Norte,Nordeste,-5.52181,-35.2631,0,69703,False,20–80 mil
4312203,Maximiliano de Almeida,RS,Rio Grande do Sul,Sul,-27.6325,-51.802,0,14354,False,até 20 mil
1600402,Mazagão,AP,Amapá,Norte,-0.11336,-51.2891,0,38761,False,20–80 mil
3141306,Medeiros,MG,Minas Gerais,Sudeste,-19.9865,-46.2181,0,21951,False,20–80 mil
2921104,Medeiros Neto,BA,Bahia,Nordeste,-17.3707,-40.2238,0,19263,False,até 20 mil
4115804,Medianeira,PR,Paraná,Sul,-25.2977,-54.0943,0,1916,False,até 20 mil
1504455,Medicilândia,PA,Pará,Norte,-3.44637,-52.8875,0,81613,True,80–500 mil
3141405,Medina,MG,Minas Gerais,Sudeste,-16.2245,-41.4728,0,10277,False,até 20 mil
4210803,Meleiro,SC,Santa Catarina,Sul,-28.8244,-49.6378,0,23240,False,20–80 mil
1504505,Melgaço,PA,Pará,Norte,-1.8032,-50.7149,0,38679,False,20–80 mil
3302809,Mendes,RJ,Rio de Janeiro,Sudeste,-22.5245,-43.7312,0,100649,True,80–500 mil
3141504,Mendes Pimentel,MG,Minas Gerais,Sudeste,-18.6631,-41.4052,0,2823,False,até 20 mil
3529500,Mendonça,SP,São Paulo,Sudeste,-21.1757,-49.5791,0,100114,True,80–500 mil
4115853,Mercedes,PR,Paraná,Sul,-24.4538,-54.1618,0,52450,False,20–80 mil
3141603,Mercês,MG,Minas Gerais,Sudeste,-21.1976,-43.3337,0,15224,False,até 20 mil
3529609,Meridiano,SP,São Paulo,Sudeste,-20.3579,-50.1811,0,4804,False,até 20 mil
2308203,Meruoca,CE,Ceará,Nordeste,-3.53974,-40.4531,0,17049,False,até 20 mil
3529658,Mesópolis,SP,São Paulo,Sudeste,-19.9684,-50.6326,0,34584,False,20–80 mil
3302858,Mesquita,RJ,Rio de Janeiro,Sudeste,-22.8028,-43.4601,0,193994,True,80–500 mil
3141702,Mesquita,MG,Minas Gerais,Sudeste,-19.224,-42.6079,0,18235,False,até 20 mil
2705200,Messias,AL,Alagoas,Nordeste,-9.39384,-35.8392,0,38436,False,20–80 mil
2407609,Messias Targino,RN,Rio Grande do Norte,Nordeste,-6.07194,-37.5158,0,2459,False,até 20 mil
2206209,Miguel Alves,PI,Piauí,Nordeste,-4.16857,-42.8963,0,22832,False,20–80 mil
2921203,Miguel Calmon,BA,Bahia,Nordeste,-11.4299,-40.6031,0,5453,False,até 20 mil
2206308,Miguel Leão,PI,Piauí,Nordeste,-5.68077,-42.7436,0,35471,False,20–80 mil
3302908,Miguel Pereira,RJ,Rio de Janeiro,Sudeste,-22.4572,-43.4803,0,167381,True,80–500 mil
3529708,Miguelópolis,SP,São Paulo,Sudeste,-20.1796,-48.031,0,174724,True,80–500 mil
2308302,Milagres,CE,Ceará,Nordeste,-7.29749,-38.9378,0,28460,False,20–80 mil
2921302,Milagres,BA,Bahia,Nordeste,-12.8646,-39.8611,0,2373,False,até 20 mil
2106672,Milagres do Maranhão,MA,Maranhão,Nordeste,-3.57443,-42.6131,0,62196,False,20–80 mil
2308351,Milhã,CE,Ceará,Nordeste,-5.67252,-39.1875,0,24940,False,20–80 mil
2206357,Milton Brandão,PI,Piauí,Nordeste,-4.68295,-41.4173,0,14134,False,até 20 mil
5213053,Mimoso de Goiás,GO,Goiás,Centro-Oeste,-15.0515,-48.1611,0,40001,False,20–80 mil
3203403,Mimoso do Sul,ES,Espírito Santo,Sudeste,-21.0628,-41.3615,0,38266,False,20–80 mil
5213087,Minaçu,GO,Goiás,Centro-Oeste,-13.5304,-48.2206,0,46768,False,20–80 mil
2705309,Minador do Negrão,AL,Alagoas,Nordeste,-9.31236,-36.8696,0,13744,False,até 20 mil
4312252,Minas do Leão,RS,Rio Grande do Sul,Sul,-30.1346,-52.0423,0,2526,False,até 20 mil
3141801,Minas Novas,MG,Minas Gerais,Sudeste,-17.2156,-42.5884,0,10629,False,até 20 mil
3141900,Minduri,MG,Minas Gerais,Sudeste,-21.6797,-44.6051,0,12285,False,até 20 mil
5213103,Mineiros,GO,Goiás,Centro-Oeste,-17.5654,-52.5537,0,15829,False,até 20 mil
3529807,Mineiros do Tietê,SP,São Paulo,Sudeste,-22.412,-48.451,0,13233,False,até 20 mil
1101203,Ministro Andreazza,RO,Rondônia,Norte,-11.196,-61.5174,0,5616,False,até 20 mil
3530003,Mira Estrela,SP,São Paulo,Sudeste,-19.9789,-50.139,0,30624,False,20–80 mil
3142007,Mirabela,MG,Minas Gerais,Sudeste,-16.256,-44.1602,0,7259,False,até 20 mil
3529906,Miracatu,SP,São Paulo,Sudeste,-24.2766,-47.4625,0,7279,False,até 20 mil
3303005,Miracema,RJ,Rio de Janeiro,Sudeste,-21.4148,-42.1938,0,150640,True,80–500 mil
1713205,Miracema do Tocantins,TO,Tocantins,Norte,-9.56556,-48.393,0,11099,False,até 20 mil
2106706,Mirador,MA,Maranhão,Nordeste,-6.37454,-44.3683,0,4880,False,até 20 mil
4115903,Mirador,PR,Paraná,Sul,-23.255,-52.7761,0,7699,False,até 20 mil
3142106,Miradouro,MG,Minas Gerais,Sudeste,-20.8899,-42.3458,0,49053,False,20–80 mil
4312302,Miraguaí,RS,Rio Grande do Sul,Sul,-27.497,-53.6891,0,31043,False,20–80 mil
3142205,Miraí,MG,Minas Gerais,Sudeste,-21.2021,-42.6122,0,3582,False,até 20 mil
2308377,Miraíma,CE,Ceará,Nordeste,-3.56867,-39.9663,0,49308,False,20–80 mil
5005608,Miranda,MS,Mato Grosso do Sul,Centro-Oeste,-20.2355,-56.3746,0,20529,False,20–80 mil
2106755,Miranda do Norte,MA,Maranhão,Nordeste,-3.56313,-44.5814,0,16346,False,até 20 mil
2609303,Mirandiba,PE,Pernambuco,Nordeste,-8.12113,-38.7388,0,65914,False,20–80 mil
3530102,Mirandópolis,SP,São Paulo,Sudeste,-21.1313,-51.1035,0,182979,True,80–500 mil
2921401,Mirangaba,BA,Bahia,Nordeste,-10.961,-40.574,0,1395,False,até 20 mil
1713304,Miranorte,TO,Tocantins,Norte,-9.52907,-48.5922,0,5408,False,até 20 mil
2921450,Mirante,BA,Bahia,Nordeste,-14.2385,-40.7718,0,3990,False,até 20 mil
1101302,Mirante da Serra,RO,Rondônia,Norte,-11.029,-62.6696,0,63584,False,20–80 mil
3530201,Mirante do Paranapanema,SP,São Paulo,Sudeste,-22.2904,-51.9084,0,27876,False,20–80 mil
4116000,Miraselva,PR,Paraná,Sul,-22.9657,-51.4846,0,12603,False,até 20 mil
3530300,Mirassol,SP,São Paulo,Sudeste,-20.8169,-49.5206,0,32160,False,20–80 mil
5105622,Mirassol d'Oeste,MT,Mato Grosso,Centro-Oeste,-15.6759,-58.0951,0,12260,False,até 20 mil
3530409,Mirassolândia,SP,São Paulo,Sudeste,-20.6179,-49.4617,0,135524,True,80–500 mil
3142254,Miravânia,MG,Minas Gerais,Sudeste,-14.7348,-44.4092,0,5057,False,até 20 mil
4210852,Mirim Doce,SC,Santa Catarina,Sul,-27.197,-50.0786,0,10779,False,até 20 mil
2106805,Mirinzal,MA,Maranhão,Nordeste,-2.07094,-44.7787,0,5280,False,até 20 mil
4116059,Missal,PR,Paraná,Sul,-25.0919,-54.2477,0,2742,False,até 20 mil
2308401,Missão Velha,CE,Ceará,Nordeste,-7.23522,-39.143,0,50920,False,20–80 mil
1504604,Mocajuba,PA,Pará,Norte,-2.5831,-49.5042,0,27680,False,20–80 mil
3530508,Mococa,SP,São Paulo,Sudeste,-21.4647,-47.0024,0,63247,False,20–80 mil
4210902,Modelo,SC,Santa Catarina,Sul,-26.7729,-53.04,0,9675,False,até 20 mil
3142304,Moeda,MG,Minas Gerais,Sudeste,-20.3399,-44.0509,0,9766,False,até 20 mil
3142403,Moema,MG,Minas Gerais,Sudeste,-19.8387,-45.4127,0,25372,False,20–80 mil
2509404,Mogeiro,PB,Paraíba,Nordeste,-7.28517,-35.4832,0,36441,False,20–80 mil
3530607,Mogi das Cruzes,SP,São Paulo,Sudeste,-23.5208,-46.1854,0,11661,False,até 20 mil
3530706,Mogi Guaçu,SP,São Paulo,Sudeste,-22.3675,-46.9428,0,14990,False,até 20 mil
3530805,Mogi Mirim,SP,São Paulo,Sudeste,-22.4332,-46.9532,0,52659,False,20–80 mil
5213400,Moiporá,GO,Goiás,Centro-Oeste,-16.5434,-50.739,0,7304,False,até 20 mil
2804102,Moita Bonita,SE,Sergipe,Nordeste,-10.5769,-37.3512,0,8889,False,até 20 mil
1504703,Moju,PA,Pará,Norte,-1.88993,-48.7668,0,63845,False,20–80 mil
1504752,Mojuí dos Campos,PA,Pará,Norte,-2.6822,-54.6425,0,35867,False,20–80 mil
2308500,Mombaça,CE,Ceará,Nordeste,-5.73844,-39.63,0,3528,False,até 20 mil
3530904,Mombuca,SP,São Paulo,Sudeste,-22.9285,-47.559,0,15377,False,até 20 mil
2106904,Monção,MA,Maranhão,Nordeste,-3.48125,-45.2496,0,5874,False,até 20 mil
3531001,Monções,SP,São Paulo,Sudeste,-20.8509,-50.0975,0,2976,False,até 20 mil
4211009,Mondaí,SC,Santa Catarina,Sul,-27.1008,-53.4032,0,18957,False,até 20 mil
3531100,Mongaguá,SP,São Paulo,Sudeste,-24.0809,-46.6265,0,28814,False,20–80 mil
3142502,Monjolos,MG,Minas Gerais,Sudeste,-18.3245,-44.118,0,1858,False,até 20 mil
2206407,Monsenhor Gil,PI,Piauí,Nordeste,-5.562,-42.6075,0,8225,False,até 20 mil
2206506,Monsenhor Hipólito,PI,Piauí,Nordeste,-6.99275,-41.026,0,13665,False,até 20 mil
3142601,Monsenhor Paulo,MG,Minas Gerais,Sudeste,-21.7579,-45.5391,0,2283,False,até 20 mil
2308609,Monsenhor Tabosa,CE,Ceará,Nordeste,-4.79102,-40.0646,0,1769,False,até 20 mil
2509503,Montadas,PB,Paraíba,Nordeste,-7.08848,-35.9592,0,22341,False,20–80 mil
3142700,Montalvânia,MG,Minas Gerais,Sudeste,-14.4197,-44.3719,0,1026,False,até 20 mil
3203502,Montanha,ES,Espírito Santo,Sudeste,-18.1303,-40.3668,0,42173,False,20–80 mil
2407708,Montanhas,RN,Rio Grande do Norte,Nordeste,-6.48522,-35.2842,0,6518,False,até 20 mil
4312351,Montauri,RS,Rio Grande do Sul,Sul,-28.6462,-52.0767,0,3012,False,até 20 mil
1504802,Monte Alegre,PA,Pará,Norte,-1.99768,-54.0724,0,80352,True,80–500 mil
2407807,Monte Alegre,RN,Rio Grande do Norte,Nordeste,-6.07063,-35.3253,0,9813,False,até 20 mil
5213509,Monte Alegre de Goiás,GO,Goiás,Centro-Oeste,-13.2552,-46.8928,0,21596,False,20–80 mil
3142809,Monte Alegre de Minas,MG,Minas Gerais,Sudeste,-18.869,-48.881,0,10002,False,até 20 mil
2804201,Monte Alegre de Sergipe,SE,Sergipe,Nordeste,-10.0256,-37.5616,0,26542,False,20–80 mil
2206605,Monte Alegre do Piauí,PI,Piauí,Nordeste,-9.75364,-45.3037,0,2880,False,até 20 mil
3531209,Monte Alegre do Sul,SP,São Paulo,Sudeste,-22.6817,-46.681,0,5997,False,até 20 mil
4312377,Monte Alegre dos Campos,RS,Rio Grande do Sul,Sul,-28.6805,-50.7834,0,10399,False,até 20 mil
3531308,Monte Alto,SP,São Paulo,Sudeste,-21.2655,-48.4971,0,180789,True,80–500 mil
3531407,Monte Aprazível,SP,São Paulo,Sudeste,-20.768,-49.7184,0,37110,False,20–80 mil
3142908,Monte Azul,MG,Minas Gerais,Sudeste,-15.1514,-42.8718,0,2820,False,até 20 mil
3531506,Monte Azul Paulista,SP,São Paulo,Sudeste,-20.9065,-48.6387,0,11288,False,até 20 mil
3143005,Monte Belo,MG,Minas Gerais,Sudeste,-21.3271,-46.3635,0,6320,False,até 20 mil
4312385,Monte Belo do Sul,RS,Rio Grande do Sul,Sul,-29.1607,-51.6333,0,1255,False,até 20 mil
4211058,Monte Carlo,SC,Santa Catarina,Sul,-27.2239,-50.9808,0,9041,False,até 20 mil
3143104,Monte Carmelo,MG,Minas Gerais,Sudeste,-18.7302,-47.4912,0,19972,False,até 20 mil
4211108,Monte Castelo,SC,Santa Catarina,Sul,-26.461,-50.2327,0,12650,False,até 20 mil
3531605,Monte Castelo,SP,São Paulo,Sudeste,-21.2981,-51.5679,0,14167,False,até 20 mil
2407906,Monte das Gameleiras,RN,Rio Grande do Norte,Nordeste,-6.43698,-35.7831,0,66435,False,20–80 mil
1713601,Monte do Carmo,TO,Tocantins,Norte,-10.7611,-48.1114,0,6813,False,até 20 mil
3143153,Monte Formoso,MG,Minas Gerais,Sudeste,-16.8691,-41.2473,0,4764,False,até 20 mil
2509602,Monte Horebe,PB,Paraíba,Nordeste,-7.20402,-38.5838,0,13483,False,até 20 mil
3531803,Monte Mor,SP,São Paulo,Sudeste,-22.945,-47.3122,0,3823,False,até 20 mil
1101401,Monte Negro,RO,Rondônia,Norte,-10.2458,-63.29,0,12558,False,até 20 mil
2921500,Monte Santo,BA,Bahia,Nordeste,-10.4374,-39.3321,0,8235,False,até 20 mil
3143203,Monte Santo de Minas,MG,Minas Gerais,Sudeste,-21.1873,-46.9753,0,12444,False,até 20 mil
1713700,Monte Santo do Tocantins,TO,Tocantins,Norte,-10.0075,-48.9941,0,8403,False,até 20 mil
3143401,Monte Sião,MG,Minas Gerais,Sudeste,-22.4335,-46.573,0,6942,False,até 20 mil
2509701,Monteiro,PB,Paraíba,Nordeste,-7.88363,-37.1184,0,9178,False,até 20 mil
3531704,Monteiro Lobato,SP,São Paulo,Sudeste,-22.9544,-45.8407,0,9116,False,até 20 mil
2705408,Monteirópolis,AL,Alagoas,Nordeste,-9.60357,-37.2505,0,31922,False,20–80 mil
4312401,Montenegro,RS,Rio Grande do Sul,Sul,-29.6824,-51.4679,0,807,False,até 20 mil
2107001,Montes Altos,MA,Maranhão,Nordeste,-5.83067,-47.0673,0,27488,False,20–80 mil
3143302,Montes Claros,MG,Minas Gerais,Sudeste,-16.7282,-43.8578,0,20209,False,20–80 mil
5213707,Montes Claros de Goiás,GO,Goiás,Centro-Oeste,-16.0059,-51.3979,0,7086,False,até 20 mil
3143450,Montezuma,MG,Minas Gerais,Sudeste,-15.1702,-42.4941,0,16272,False,até 20 mil
5213756,Montividiu,GO,Goiás,Centro-Oeste,-17.4439,-51.1728,0,12645,False,até 20 mil
5213772,Montividiu do Norte,GO,Goiás,Centro-Oeste,-13.3485,-48.6853,0,37471,False,20–80 mil
2308708,Morada Nova,CE,Ceará,Nordeste,-5.09736,-38.3702,0,63084,False,20–80 mil
3143500,Morada Nova de Minas,MG,Minas Gerais,Sudeste,-18.5998,-45.3584,0,4507,False,até 20 mil
2308807,Moraújo,CE,Ceará,Nordeste,-3.46311,-40.6776,0,77405,False,20–80 mil
2614303,Moreilândia,PE,Pernambuco,Nordeste,-7.61931,-39.546,0,19174,False,até 20 mil
4116109,Moreira Sales,PR,Paraná,Sul,-24.0509,-53.0102,0,19983,False,até 20 mil
2609402,Moreno,PE,Pernambuco,Nordeste,-8.10871,-35.0835,0,5015,False,até 20 mil
4312427,Mormaço,RS,Rio Grande do Sul,Sul,-28.6968,-52.6999,0,10807,False,até 20 mil
2921609,Morpará,BA,Bahia,Nordeste,-11.5569,-43.2766,0,9879,False,até 20 mil
4116208,Morretes,PR,Paraná,Sul,-25.4744,-48.8345,0,5471,False,até 20 mil
5213806,Morrinhos,GO,Goiás,Centro-Oeste,-17.7334,-49.1059,0,6857,False,até 20 mil
2308906,Morrinhos,CE,Ceará,Nordeste,-3.23426,-40.1233,0,6820,False,até 20 mil
4312443,Morrinhos do Sul,RS,Rio Grande do Sul,Sul,-29.3578,-49.9328,0,3127,False,até 20 mil
3531902,Morro Agudo,SP,São Paulo,Sudeste,-20.7288,-48.0581,0,93445,True,80–500 mil
5213855,Morro Agudo de Goiás,GO,Goiás,Centro-Oeste,-15.3184,-50.0553,0,30724,False,20–80 mil
2206654,Morro Cabeça no Tempo,PI,Piauí,Nordeste,-9.71891,-43.9072,0,5066,False,até 20 mil
4211207,Morro da Fumaça,SC,Santa Catarina,Sul,-28.6511,-49.2169,0,3207,False,até 20 mil
3143609,Morro da Garça,MG,Minas Gerais,Sudeste,-18.5356,-44.601,0,8015,False,até 20 mil
2921708,Morro do Chapéu,BA,Bahia,Nordeste,-11.5488,-41.1565,0,114875,True,80–500 mil
2206670,Morro do Chapéu do Piauí,PI,Piauí,Nordeste,-3.73337,-42.3024,0,2422,False,até 20 mil
3143708,Morro do Pilar,MG,Minas Gerais,Sudeste,-19.2236,-43.3795,0,30414,False,20–80 mil
4211256,Morro Grande,SC,Santa Catarina,Sul,-28.8006,-49.7214,0,42768,False,20–80 mil
4312450,Morro Redondo,RS,Rio Grande do Sul,Sul,-31.5887,-52.6261,0,854,False,até 20 mil
4312476,Morro Reuter,RS,Rio Grande do Sul,Sul,-29.5379,-51.0811,0,13801,False,até 20 mil
2107100,Morros,MA,Maranhão,Nordeste,-2.85379,-44.0357,0,11239,False,até 20 mil
2921807,Mortugaba,BA,Bahia,Nordeste,-15.0225,-42.3727,0,46039,False,20–80 mil
3532009,Morungaba,SP,São Paulo,Sudeste,-22.8811,-46.7896,0,355805,True,80–500 mil
5213905,Mossâmedes,GO,Goiás,Centro-Oeste,-16.124,-50.2136,0,26681,False,20–80 mil
2408003,Mossoró,RN,Rio Grande do Norte,Nordeste,-5.18374,-37.3474,0,5445,False,até 20 mil
4312500,Mostardas,RS,Rio Grande do Sul,Sul,-31.1054,-50.9167,0,78428,False,20–80 mil
3532058,Motuca,SP,São Paulo,Sudeste,-21.5103,-48.1538,0,67928,False,20–80 mil
5214002,Mozarlândia,GO,Goiás,Centro-Oeste,-14.7457,-50.5713,0,4431,False,até 20 mil
1504901,Muaná,PA,Pará,Norte,-1.53936,-49.2224,0,57875,False,20–80 mil
1400308,Mucajaí,RR,Roraima,Norte,2.43998,-60.9096,0,35428,False,20–80 mil
2309003,Mucambo,CE,Ceará,Nordeste,-3.90271,-40.7452,0,2709,False,até 20 mil
2921906,Mucugê,BA,Bahia,Nordeste,-13.0053,-41.3703,0,4733,False,até 20 mil
4312609,Muçum,RS,Rio Grande do Sul,Sul,-29.163,-51.8714,0,35114,False,20–80 mil
2922003,Mucuri,BA,Bahia,Nordeste,-18.0754,-39.5565,0,19993,False,até 20 mil
3203601,Mucurici,ES,Espírito Santo,Sudeste,-18.0965,-40.52,0,3138,False,até 20 mil
4312617,Muitos Capões,RS,Rio Grande do Sul,Sul,-28.3132,-51.1836,0,5738,False,até 20 mil
4312625,Muliterno,RS,Rio Grande do Sul,Sul,-28.3253,-51.7697,0,7689,False,até 20 mil
2509800,Mulungu,PB,Paraíba,Nordeste,-7.02525,-35.46,0,12052,False,até 20 mil
2309102,Mulungu,CE,Ceará,Nordeste,-4.30294,-38.9951,0,23371,False,20–80 mil
2922052,Mulungu do Morro,BA,Bahia,Nordeste,-11.9648,-41.6374,0,8715,False,até 20 mil
2922102,Mundo Novo,BA,Bahia,Nordeste,-11.8541,-40.4714,0,9975,False,até 20 mil
5005681,Mundo Novo,MS,Mato Grosso do Sul,Centro-Oeste,-23.9355,-54.281,0,51602,False,20–80 mil
5214051,Mundo Novo,GO,Goiás,Centro-Oeste,-13.7729,-50.2814,0,36969,False,20–80 mil
3143807,Munhoz,MG,Minas Gerais,Sudeste,-22.6092,-46.362,0,14872,False,até 20 mil
4116307,Munhoz de Melo,PR,Paraná,Sul,-23.1487,-51.7737,0,12506,False,até 20 mil
2922201,Muniz Ferreira,BA,Bahia,Nordeste,-13.0092,-39.1092,0,16722,False,até 20 mil
3203700,Muniz Freire,ES,Espírito Santo,Sudeste,-20.4652,-41.4156,0,55011,False,20–80 mil
2922250,Muquém de São Francisco,BA,Bahia,Nordeste,-12.065,-43.5497,0,26950,False,20–80 mil
3203809,Muqui,ES,Espírito Santo,Sudeste,-20.9509,-41.346,0,8972,False,até 20 mil
3143906,Muriaé,MG,Minas Gerais,Sudeste,-21.13,-42.3693,0,2075,False,até 20 mil
2804300,Muribeca,SE,Sergipe,Nordeste,-10.4271,-36.9588,0,9961,False,até 20 mil
2705507,Murici,AL,Alagoas,Nordeste,-9.30682,-35.9428,0,9325,False,até 20 mil
2206696,Murici dos Portelas,PI,Piauí,Nordeste,-3.319,-42.094,0,1518,False,até 20 mil
1713957,Muricilândia,TO,Tocantins,Norte,-7.14669,-48.6091,0,1593,False,até 20 mil
2922300,Muritiba,BA,Bahia,Nordeste,-12.6329,-38.9921,0,9391,False,até 20 mil
3532108,Murutinga do Sul,SP,São Paulo,Sudeste,-20.9908,-51.2774,0,27610,False,20–80 mil
2922409,Mutuípe,BA,Bahia,Nordeste,-13.2284,-39.5044,0,43953,False,20–80 mil
3144003,Mutum,MG,Minas Gerais,Sudeste,-19.8121,-41.4407,0,19846,False,até 20 mil
5214101,Mutunópolis,GO,Goiás,Centro-Oeste,-13.7303,-49.2745,0,27309,False,20–80 mil
3144102,Muzambinho,MG,Minas Gerais,Sudeste,-21.3692,-46.5213,0,2926,False,até 20 mil
3144201,Nacip Raydan,MG,Minas Gerais,Sudeste,-18.4544,-42.2481,0,45630,False,20–80 mil
3532157,Nantes,SP,São Paulo,Sudeste,-22.6156,-51.24,0,18997,False,até 20 mil
3144300,Nanuque,MG,Minas Gerais,Sudeste,-17.8481,-40.3533,0,29764,False,20–80 mil
4312658,Não-Me-Toque,RS,Rio Grande do Sul,Sul,-28.4548,-52.8182,0,20218,False,20–80 mil
3144359,Naque,MG,Minas Gerais,Sudeste,-19.2291,-42.3312,0,13272,False,até 20 mil
3532207,Narandiba,SP,São Paulo,Sudeste,-22.4057,-51.5274,0,10668,False,até 20 mil
2408102,Natal,RN,Rio Grande do Norte,Nordeste,-5.79357,-35.1986,1,581101,True,acima de 500 mil
3144375,Natalândia,MG,Minas Gerais,Sudeste,-16.5021,-46.4874,0,11470,False,até 20 mil
3144409,Natércia,MG,Minas Gerais,Sudeste,-22.1158,-45.5123,0,7667,False,até 20 mil
1714203,Natividade,TO,Tocantins,Norte,-11.7034,-47.7223,0,2121,False,até 20 mil
3303104,Natividade,RJ,Rio de Janeiro,Sudeste,-21.039,-41.9697,0,111274,True,80–500 mil
3532306,Natividade da Serra,SP,São Paulo,Sudeste,-23.3707,-45.4468,0,294465,True,80–500 mil
2509909,Natuba,PB,Paraíba,Nordeste,-7.63514,-35.5586,0,3030,False,até 20 mil
4211306,Navegantes,SC,Santa Catarina,Sul,-26.8943,-48.6546,0,2929,False,até 20 mil
5005707,Naviraí,MS,Mato Grosso do Sul,Centro-Oeste,-23.0618,-54.1995,0,28689,False,20–80 mil
2922508,Nazaré,BA,Bahia,Nordeste,-13.0235,-39.0108,0,3884,False,até 20 mil
1714302,Nazaré,TO,Tocantins,Norte,-6.37496,-47.6643,0,800,False,até 20 mil
2609501,Nazaré da Mata,PE,Pernambuco,Nordeste,-7.74149,-35.2193,0,34116,False,20–80 mil
2206704,Nazaré do Piauí,PI,Piauí,Nordeste,-6.97023,-42.6773,0,8654,False,até 20 mil
3532405,Nazaré Paulista,SP,São Paulo,Sudeste,-23.1747,-46.3983,0,24824,False,20–80 mil
3144508,Nazareno,MG,Minas Gerais,Sudeste,-21.2168,-44.6138,0,20352,False,20–80 mil
2510006,Nazarezinho,PB,Paraíba,Nordeste,-6.9114,-38.322,0,20077,False,20–80 mil
2206720,Nazária,PI,Piauí,Nordeste,-5.35128,-42.8153,0,7354,False,até 20 mil
5214408,Nazário,GO,Goiás,Centro-Oeste,-16.5808,-49.8817,0,14167,False,até 20 mil
2804409,Neópolis,SE,Sergipe,Nordeste,-10.3215,-36.585,0,28385,False,20–80 mil
3144607,Nepomuceno,MG,Minas Gerais,Sudeste,-21.2324,-45.235,0,6417,False,até 20 mil
5214507,Nerópolis,GO,Goiás,Centro-Oeste,-16.4047,-49.2227,0,5475,False,até 20 mil
3532504,Neves Paulista,SP,São Paulo,Sudeste,-20.843,-49.6358,0,313128,True,80–500 mil
1303007,Nhamundá,AM,Amazonas,Norte,-2.20793,-56.7112,0,54562,False,20–80 mil
3532603,Nhandeara,SP,São Paulo,Sudeste,-20.6945,-50.0436,0,141499,True,80–500 mil
4312674,Nicolau Vergueiro,RS,Rio Grande do Sul,Sul,-28.5298,-52.4676,0,26165,False,20–80 mil
2922607,Nilo Peçanha,BA,Bahia,Nordeste,-13.604,-39.1091,0,13734,False,até 20 mil
3303203,Nilópolis,RJ,Rio de Janeiro,Sudeste,-22.8057,-43.4233,0,58741,False,20–80 mil
2107209,Nina Rodrigues,MA,Maranhão,Nordeste,-3.46788,-43.9134,0,79474,False,20–80 mil
3144656,Ninheira,MG,Minas Gerais,Sudeste,-15.3148,-41.7564,0,12502,False,até 20 mil
5005806,Nioaque,MS,Mato Grosso do Sul,Centro-Oeste,-21.1419,-55.8296,0,1145,False,até 20 mil
3532702,Nipoã,SP,São Paulo,Sudeste,-20.9114,-49.7833,0,4502,False,até 20 mil
5214606,Niquelândia,GO,Goiás,Centro-Oeste,-14.4662,-48.4599,0,4922,False,até 20 mil
2408201,Nísia Floresta,RN,Rio Grande do Norte,Nordeste,-6.09329,-35.1991,0,51443,False,20–80 mil
3303302,Niterói,RJ,Rio de Janeiro,Sudeste,-22.8832,-43.1034,0,624061,True,acima de 500 mil
5105903,Nobres,MT,Mato Grosso,Centro-Oeste,-14.7192,-56.3284,0,2679,False,até 20 mil
4312708,Nonoai,RS,Rio Grande do Sul,Sul,-27.3689,-52.7756,0,5218,False,até 20 mil
2922656,Nordestina,BA,Bahia,Nordeste,-10.8192,-39.4297,0,237538,True,80–500 mil
1400407,Normandia,RR,Roraima,Norte,3.8853,-59.6204,0,35428,False,20–80 mil
5106000,Nortelândia,MT,Mato Grosso,Centro-Oeste,-14.454,-56.7945,0,890,False,até 20 mil
2804458,Nossa Senhora Aparecida,SE,Sergipe,Nordeste,-10.3944,-37.4517,0,5075,False,até 20 mil
2804508,Nossa Senhora da Glória,SE,Sergipe,Nordeste,-10.2158,-37.4211,0,3073,False,até 20 mil
2804607,Nossa Senhora das Dores,SE,Sergipe,Nordeste,-10.4854,-37.1963,0,11951,False,até 20 mil
4116406,Nossa Senhora das Graças,PR,Paraná,Sul,-22.9129,-51.7978,0,8195,False,até 20 mil
2804706,Nossa Senhora de Lourdes,SE,Sergipe,Nordeste,-10.0772,-37.0615,0,13384,False,até 20 mil
2206753,Nossa Senhora de Nazaré,PI,Piauí,Nordeste,-4.63019,-42.173,0,12776,False,até 20 mil
5106109,Nossa Senhora do Livramento,MT,Mato Grosso,Centro-Oeste,-15.772,-56.3432,0,11637,False,até 20 mil
2804805,Nossa Senhora do Socorro,SE,Sergipe,Nordeste,-10.8468,-37.1231,0,8812,False,até 20 mil
2206803,Nossa Senhora dos Remédios,PI,Piauí,Nordeste,-3.97574,-42.6184,0,10934,False,até 20 mil
3532801,Nova Aliança,SP,São Paulo,Sudeste,-21.0156,-49.4986,0,14686,False,até 20 mil
4116505,Nova Aliança do Ivaí,PR,Paraná,Sul,-23.1763,-52.6032,0,93089,True,80–500 mil
4312757,Nova Alvorada,RS,Rio Grande do Sul,Sul,-28.6822,-52.1631,0,7907,False,até 20 mil
5006002,Nova Alvorada do Sul,MS,Mato Grosso do Sul,Centro-Oeste,-21.4657,-54.3825,0,6601,False,até 20 mil
5214705,Nova América,GO,Goiás,Centro-Oeste,-15.0206,-49.8953,0,7010,False,até 20 mil
4116604,Nova América da Colina,PR,Paraná,Sul,-23.3308,-50.7168,0,99140,True,80–500 mil
5006200,Nova Andradina,MS,Mato Grosso do Sul,Centro-Oeste,-22.238,-53.3437,0,18220,False,até 20 mil
4312807,Nova Araçá,RS,Rio Grande do Sul,Sul,-28.6537,-51.7458,0,10599,False,até 20 mil
4116703,Nova Aurora,PR,Paraná,Sul,-24.5289,-53.2575,0,11789,False,até 20 mil
5214804,Nova Aurora,GO,Goiás,Centro-Oeste,-18.0597,-48.2552,0,23004,False,20–80 mil
5106158,Nova Bandeirantes,MT,Mato Grosso,Centro-Oeste,-9.84977,-57.8139,0,14090,False,até 20 mil
4312906,Nova Bassano,RS,Rio Grande do Sul,Sul,-28.7291,-51.7072,0,14004,False,até 20 mil
3144672,Nova Belém,MG,Minas Gerais,Sudeste,-18.4925,-41.1107,0,25177,False,20–80 mil
4312955,Nova Boa Vista,RS,Rio Grande do Sul,Sul,-27.9926,-52.9784,0,6578,False,até 20 mil
5106208,Nova Brasilândia,MT,Mato Grosso,Centro-Oeste,-14.9612,-54.9685,0,37310,False,20–80 mil
1100148,Nova Brasilândia D'Oeste,RO,Rondônia,Norte,-11.7247,-62.3127,0,36004,False,20–80 mil
4313003,Nova Bréscia,RS,Rio Grande do Sul,Sul,-29.2182,-52.0319,0,6673,False,até 20 mil
3532827,Nova Campina,SP,São Paulo,Sudeste,-24.1224,-48.9022,0,14636,False,até 20 mil
2922706,Nova Canaã,BA,Bahia,Nordeste,-14.7912,-40.1458,0,17431,False,até 20 mil
5106216,Nova Canaã do Norte,MT,Mato Grosso,Centro-Oeste,-10.558,-55.953,0,55564,False,20–80 mil
3532843,Nova Canaã Paulista,SP,São Paulo,Sudeste,-20.3836,-50.9483,0,27983,False,20–80 mil
4313011,Nova Candelária,RS,Rio Grande do Sul,Sul,-27.6137,-54.1074,0,34741,False,20–80 mil
4116802,Nova Cantu,PR,Paraná,Sul,-24.6723,-52.5661,0,12018,False,até 20 mil
3532868,Nova Castilho,SP,São Paulo,Sudeste,-20.7615,-50.3477,0,28590,False,20–80 mil
2107258,Nova Colinas,MA,Maranhão,Nordeste,-7.12263,-46.2607,0,6899,False,até 20 mil
5214838,Nova Crixás,GO,Goiás,Centro-Oeste,-14.0957,-50.33,0,4427,False,até 20 mil
2408300,Nova Cruz,RN,Rio Grande do Norte,Nordeste,-6.47511,-35.4286,0,6200,False,até 20 mil
3144706,Nova Era,MG,Minas Gerais,Sudeste,-19.7577,-43.0333,0,5201,False,até 20 mil
4211405,Nova Erechim,SC,Santa Catarina,Sul,-26.8982,-52.9066,0,6383,False,até 20 mil
4116901,Nova Esperança,PR,Paraná,Sul,-23.182,-52.2031,0,7428,False,até 20 mil
1504950,Nova Esperança do Piriá,PA,Pará,Norte,-2.26693,-46.9731,0,112257,True,80–500 mil
4116950,Nova Esperança do Sudoeste,PR,Paraná,Sul,-25.9004,-53.2618,0,37813,False,20–80 mil
4313037,Nova Esperança do Sul,RS,Rio Grande do Sul,Sul,-29.4066,-54.8293,0,28805,False,20–80 mil
3532900,Nova Europa,SP,São Paulo,Sudeste,-21.7765,-48.5705,0,824916,True,acima de 500 mil
4117008,Nova Fátima,PR,Paraná,Sul,-23.4324,-50.5665,0,7801,False,até 20 mil
2922730,Nova Fátima,BA,Bahia,Nordeste,-11.6031,-39.6302,0,65985,False,20–80 mil
2510105,Nova Floresta,PB,Paraíba,Nordeste,-6.45056,-36.2057,0,2301,False,até 20 mil
3303401,Nova Friburgo,RJ,Rio de Janeiro,Sudeste,-22.2932,-42.5377,0,27984,False,20–80 mil
5214861,Nova Glória,GO,Goiás,Centro-Oeste,-15.145,-49.5737,0,20493,False,20–80 mil
3533007,Nova Granada,SP,São Paulo,Sudeste,-20.5321,-49.3123,0,9342,False,até 20 mil
5108808,Nova Guarita,MT,Mato Grosso,Centro-Oeste,-10.312,-55.4061,0,55482,False,20–80 mil
3533106,Nova Guataporanga,SP,São Paulo,Sudeste,-21.332,-51.6447,0,39302,False,20–80 mil
4313060,Nova Hartz,RS,Rio Grande do Sul,Sul,-29.5808,-50.9051,0,12874,False,até 20 mil
2922755,Nova Ibiá,BA,Bahia,Nordeste,-13.812,-39.6182,0,15083,False,até 20 mil
3303500,Nova Iguaçu,RJ,Rio de Janeiro,Sudeste,-22.7556,-43.4603,0,76249,False,20–80 mil
5214879,Nova Iguaçu de Goiás,GO,Goiás,Centro-Oeste,-14.2868,-49.3872,0,3231,False,até 20 mil
3533205,Nova Independência,SP,São Paulo,Sudeste,-21.1026,-51.4905,0,60194,False,20–80 mil
2107308,Nova Iorque,MA,Maranhão,Nordeste,-6.73047,-44.0471,0,35202,False,20–80 mil
1504976,Nova Ipixuna,PA,Pará,Norte,-4.91622,-49.0822,0,31237,False,20–80 mil
4211454,Nova Itaberaba,SC,Santa Catarina,Sul,-26.9428,-52.8141,0,11432,False,até 20 mil
2922805,Nova Itarana,BA,Bahia,Nordeste,-13.0241,-40.0653,0,25835,False,20–80 mil
5106182,Nova Lacerda,MT,Mato Grosso,Centro-Oeste,-14.4727,-59.6001,0,3291,False,até 20 mil
4117057,Nova Laranjeiras,PR,Paraná,Sul,-25.3054,-52.5447,0,7047,False,até 20 mil
3144805,Nova Lima,MG,Minas Gerais,Sudeste,-19.9758,-43.8509,0,4899,False,até 20 mil
4117107,Nova Londrina,PR,Paraná,Sul,-22.7639,-52.9868,0,32868,False,20–80 mil
3533304,Nova Luzitânia,SP,São Paulo,Sudeste,-20.856,-50.2617,0,30499,False,20–80 mil
1100338,Nova Mamoré,RO,Rondônia,Norte,-10.4077,-65.3346,0,51266,False,20–80 mil
5108857,Nova Marilândia,MT,Mato Grosso,Centro-Oeste,-14.3568,-56.9696,0,6696,False,até 20 mil
5108907,Nova Maringá,MT,Mato Grosso,Centro-Oeste,-13.0136,-57.0908,0,16734,False,até 20 mil
3144904,Nova Módica,MG,Minas Gerais,Sudeste,-18.4417,-41.4984,0,2593,False,até 20 mil
5108956,Nova Monte Verde,MT,Mato Grosso,Centro-Oeste,-9.99998,-57.5261,0,146348,True,80–500 mil
5106224,Nova Mutum,MT,Mato Grosso,Centro-Oeste,-13.8374,-56.0743,0,50258,False,20–80 mil
5106174,Nova Nazaré,MT,Mato Grosso,Centro-Oeste,-13.9486,-51.8002,0,33798,False,20–80 mil
3533403,Nova Odessa,SP,São Paulo,Sudeste,-22.7832,-47.2941,0,34488,False,20–80 mil
4117206,Nova Olímpia,PR,Paraná,Sul,-23.4703,-53.0898,0,6196,False,até 20 mil
5106232,Nova Olímpia,MT,Mato Grosso,Centro-Oeste,-14.7889,-57.2886,0,6440,False,até 20 mil
1714880,Nova Olinda,TO,Tocantins,Norte,-7.63171,-48.4252,0,10559,False,até 20 mil
2309201,Nova Olinda,CE,Ceará,Nordeste,-7.08415,-39.6713,0,58351,False,20–80 mil
2510204,Nova Olinda,PB,Paraíba,Nordeste,-7.47232,-38.0382,0,19601,False,até 20 mil
2107357,Nova Olinda do Maranhão,MA,Maranhão,Nordeste,-2.84227,-45.6953,0,13052,False,até 20 mil
1303106,Nova Olinda do Norte,AM,Amazonas,Norte,-3.90037,-59.094,0,30072,False,20–80 mil
4313086,Nova Pádua,RS,Rio Grande do Sul,Sul,-29.0275,-51.3098,0,50456,False,20–80 mil
4313102,Nova Palma,RS,Rio Grande do Sul,Sul,-29.471,-53.4689,0,4978,False,até 20 mil
2510303,Nova Palmeira,PB,Paraíba,Nordeste,-6.67122,-36.422,0,28830,False,20–80 mil
4313201,Nova Petrópolis,RS,Rio Grande do Sul,Sul,-29.3741,-51.1136,0,45393,False,20–80 mil
3145000,Nova Ponte,MG,Minas Gerais,Sudeste,-19.1461,-47.6779,0,2992,False,até 20 mil
3145059,Nova Porteirinha,MG,Minas Gerais,Sudeste,-15.7993,-43.2941,0,1291,False,até 20 mil
4313300,Nova Prata,RS,Rio Grande do Sul,Sul,-28.7799,-51.6113,0,13830,False,até 20 mil
4117255,Nova Prata do Iguaçu,PR,Paraná,Sul,-25.6309,-53.3469,0,10746,False,até 20 mil
4313334,Nova Ramada,RS,Rio Grande do Sul,Sul,-28.0667,-53.6992,0,278167,True,80–500 mil
2922854,Nova Redenção,BA,Bahia,Nordeste,-12.815,-41.0748,0,12813,False,até 20 mil
3145109,Nova Resende,MG,Minas Gerais,Sudeste,-21.1286,-46.4157,0,21534,False,20–80 mil
5214903,Nova Roma,GO,Goiás,Centro-Oeste,-13.7388,-46.8734,0,10118,False,até 20 mil
4313359,Nova Roma do Sul,RS,Rio Grande do Sul,Sul,-28.9882,-51.4095,0,2051,False,até 20 mil
1715002,Nova Rosalândia,TO,Tocantins,Norte,-10.5651,-48.9125,0,1495,False,até 20 mil
2309300,Nova Russas,CE,Ceará,Nordeste,-4.70581,-40.5621,0,151397,True,80–500 mil
4117214,Nova Santa Bárbara,PR,Paraná,Sul,-23.5865,-50.7598,0,1967,False,até 20 mil
5106190,Nova Santa Helena,MT,Mato Grosso,Centro-Oeste,-10.8651,-55.1872,0,3734,False,até 20 mil
4313375,Nova Santa Rita,RS,Rio Grande do Sul,Sul,-29.8525,-51.2837,0,3567,False,até 20 mil
2207959,Nova Santa Rita,PI,Piauí,Nordeste,-8.09707,-42.0471,0,7831,False,até 20 mil
4117222,Nova Santa Rosa,PR,Paraná,Sul,-24.4693,-53.9552,0,24304,False,20–80 mil
3145208,Nova Serrana,MG,Minas Gerais,Sudeste,-19.8713,-44.9847,0,70570,False,20–80 mil
2922904,Nova Soure,BA,Bahia,Nordeste,-11.2329,-38.4871,0,11307,False,até 20 mil
4117271,Nova Tebas,PR,Paraná,Sul,-24.438,-51.9454,0,94727,True,80–500 mil
1505007,Nova Timboteua,PA,Pará,Norte,-1.20874,-47.3921,0,56980,False,20–80 mil
4211504,Nova Trento,SC,Santa Catarina,Sul,-27.278,-48.9298,0,91754,True,80–500 mil
5106240,Nova Ubiratã,MT,Mato Grosso,Centro-Oeste,-12.9834,-55.2556,0,23497,False,20–80 mil
3136603,Nova União,MG,Minas Gerais,Sudeste,-19.6876,-43.583,0,46278,False,20–80 mil
1101435,Nova União,RO,Rondônia,Norte,-10.9068,-62.5564,0,52419,False,20–80 mil
3203908,Nova Venécia,ES,Espírito Santo,Sudeste,-18.715,-40.4053,0,5407,False,até 20 mil
4211603,Nova Veneza,SC,Santa Catarina,Sul,-28.6338,-49.5055,0,6450,False,até 20 mil
5215009,Nova Veneza,GO,Goiás,Centro-Oeste,-16.3695,-49.3168,0,14288,False,até 20 mil
2923001,Nova Viçosa,BA,Bahia,Nordeste,-17.8926,-39.3743,0,5786,False,até 20 mil
5106257,Nova Xavantina,MT,Mato Grosso,Centro-Oeste,-14.6771,-52.3502,0,2940,False,até 20 mil
3533254,Novais,SP,São Paulo,Sudeste,-20.9893,-48.9141,0,9681,False,até 20 mil
1715101,Novo Acordo,TO,Tocantins,Norte,-9.97063,-47.6785,0,6564,False,até 20 mil
1303205,Novo Airão,AM,Amazonas,Norte,-2.63637,-60.9434,0,34160,False,20–80 mil
1715150,Novo Alegre,TO,Tocantins,Norte,-12.9217,-46.5713,0,8532,False,até 20 mil
1303304,Novo Aripuanã,AM,Amazonas,Norte,-5.12593,-60.3732,0,17385,False,até 20 mil
4313490,Novo Barreiro,RS,Rio Grande do Sul,Sul,-27.9077,-53.1103,0,12071,False,até 20 mil
5215207,Novo Brasil,GO,Goiás,Centro-Oeste,-16.0313,-50.7113,0,186504,True,80–500 mil
4313391,Novo Cabrais,RS,Rio Grande do Sul,Sul,-29.7338,-52.9489,0,11788,False,até 20 mil
3145307,Novo Cruzeiro,MG,Minas Gerais,Sudeste,-17.4654,-41.8826,0,1613,False,até 20 mil
5215231,Novo Gama,GO,Goiás,Centro-Oeste,-16.0592,-48.0417,0,2784,False,até 20 mil
4313409,Novo Hamburgo,RS,Rio Grande do Sul,Sul,-29.6875,-51.1328,0,65056,False,20–80 mil
4211652,Novo Horizonte,SC,Santa Catarina,Sul,-26.4442,-52.8281,0,4935,False,até 20 mil
3533502,Novo Horizonte,SP,São Paulo,Sudeste,-21.4651,-49.2234,0,34348,False,20–80 mil
2923035,Novo Horizonte,BA,Bahia,Nordeste,-12.8083,-42.1682,0,21894,False,20–80 mil
5106273,Novo Horizonte do Norte,MT,Mato Grosso,Centro-Oeste,-11.4089,-57.3488,0,7590,False,até 20 mil
1100502,Novo Horizonte do Oeste,RO,Rondônia,Norte,-11.6961,-61.9951,0,4740,False,até 20 mil
5006259,Novo Horizonte do Sul,MS,Mato Grosso do Sul,Centro-Oeste,-22.6693,-53.8601,0,12629,False,até 20 mil
4117297,Novo Itacolomi,PR,Paraná,Sul,-23.7631,-51.5079,0,24764,False,20–80 mil
1715259,Novo Jardim,TO,Tocantins,Norte,-11.826,-46.6325,0,11005,False,até 20 mil
2705606,Novo Lino,AL,Alagoas,Nordeste,-8.94191,-35.664,0,12955,False,até 20 mil
4313425,Novo Machado,RS,Rio Grande do Sul,Sul,-27.5765,-54.5036,0,3651,False,até 20 mil
5106265,Novo Mundo,MT,Mato Grosso,Centro-Oeste,-9.95616,-55.2029,0,8696,False,até 20 mil
2309409,Novo Oriente,CE,Ceará,Nordeste,-5.52552,-40.7713,0,36984,False,20–80 mil
3145356,Novo Oriente de Minas,MG,Minas Gerais,Sudeste,-17.4089,-41.2194,0,21416,False,20–80 mil
2206902,Novo Oriente do Piauí,PI,Piauí,Nordeste,-6.44901,-41.9261,0,11061,False,até 20 mil
5215256,Novo Planalto,GO,Goiás,Centro-Oeste,-13.2424,-49.506,0,63945,False,20–80 mil
1505031,Novo Progresso,PA,Pará,Norte,-7.14347,-55.3786,0,15016,False,até 20 mil
1505064,Novo Repartimento,PA,Pará,Norte,-4.24749,-49.9499,0,10862,False,até 20 mil
2206951,Novo Santo Antônio,PI,Piauí,Nordeste,-5.28749,-41.9325,0,5721,False,até 20 mil
5106315,Novo Santo Antônio,MT,Mato Grosso,Centro-Oeste,-12.2875,-50.9686,0,56898,False,20–80 mil
5106281,Novo São Joaquim,MT,Mato Grosso,Centro-Oeste,-14.9054,-53.0194,0,6679,False,até 20 mil
4313441,Novo Tiradentes,RS,Rio Grande do Sul,Sul,-27.5649,-53.1837,0,20604,False,20–80 mil
2923050,Novo Triunfo,BA,Bahia,Nordeste,-10.3182,-38.4014,0,5345,False,até 20 mil
4313466,Novo Xingu,RS,Rio Grande do Sul,Sul,-27.749,-53.0639,0,27352,False,20–80 mil
3145372,Novorizonte,MG,Minas Gerais,Sudeste,-16.0162,-42.4044,0,46114,False,20–80 mil
3533601,Nuporanga,SP,São Paulo,Sudeste,-20.7296,-47.7429,0,53622,False,20–80 mil
1505106,Óbidos,PA,Pará,Norte,-1.90107,-55.5208,0,137602,True,80–500 mil
2309458,Ocara,CE,Ceará,Nordeste,-4.48523,-38.5933,0,13925,False,até 20 mil
3533700,Ocauçu,SP,São Paulo,Sudeste,-22.438,-49.922,0,43806,False,20–80 mil
2207009,Oeiras,PI,Piauí,Nordeste,-7.01915,-42.1283,0,9443,False,até 20 mil
1505205,Oeiras do Pará,PA,Pará,Norte,-2.00358,-49.8628,0,26702,False,20–80 mil
1600501,Oiapoque,AP,Amapá,Norte,3.84074,-51.8331,0,38761,False,20–80 mil
3145406,Olaria,MG,Minas Gerais,Sudeste,-21.8598,-43.9356,0,5838,False,até 20 mil
3533809,Óleo,SP,São Paulo,Sudeste,-22.9435,-49.3419,0,57205,False,20–80 mil
2510402,Olho d'Água,PB,Paraíba,Nordeste,-7.22118,-37.7406,0,9861,False,até 20 mil
2107407,Olho d'Água das Cunhãs,MA,Maranhão,Nordeste,-4.13417,-45.1163,0,28140,False,20–80 mil
2705705,Olho d'Água das Flores,AL,Alagoas,Nordeste,-9.53686,-37.2971,0,12692,False,até 20 mil
2705804,Olho d'Água do Casado,AL,Alagoas,Nordeste,-9.50357,-37.8301,0,5183,False,até 20 mil
2207108,Olho D'Água do Piauí,PI,Piauí,Nordeste,-5.84125,-42.5594,0,2698,False,até 20 mil
2705903,Olho d'Água Grande,AL,Alagoas,Nordeste,-10.0572,-36.8101,0,33000,False,20–80 mil
2408409,Olho-d'Água do Borges,RN,Rio Grande do Norte,Nordeste,-5.9486,-37.7047,0,20724,False,20–80 mil
3145455,Olhos d'Água,MG,Minas Gerais,Sudeste,-17.3982,-43.5719,0,10788,False,até 20 mil
3533908,Olímpia,SP,São Paulo,Sudeste,-20.7366,-48.9106,0,144501,True,80–500 mil
3145505,Olímpio Noronha,MG,Minas Gerais,Sudeste,-22.0685,-45.2657,0,1060,False,até 20 mil
2609600,Olinda,PE,Pernambuco,Nordeste,-8.01017,-34.8545,0,11001,False,até 20 mil
2107456,Olinda Nova do Maranhão,MA,Maranhão,Nordeste,-2.99295,-44.9897,0,7170,False,até 20 mil
2923100,Olindina,BA,Bahia,Nordeste,-11.3497,-38.3379,0,28361,False,20–80 mil
2510501,Olivedos,PB,Paraíba,Nordeste,-6.98434,-36.241,0,6442,False,até 20 mil
3145604,Oliveira,MG,Minas Gerais,Sudeste,-20.6982,-44.829,0,12939,False,até 20 mil
1715507,Oliveira de Fátima,TO,Tocantins,Norte,-10.707,-48.9086,0,1509,False,até 20 mil
2923209,Oliveira dos Brejinhos,BA,Bahia,Nordeste,-12.3132,-42.8969,0,45002,False,20–80 mil
3145703,Oliveira Fortes,MG,Minas Gerais,Sudeste,-21.3401,-43.4499,0,2995,False,até 20 mil
2706000,Olivença,AL,Alagoas,Nordeste,-9.51954,-37.1954,0,11525,False,até 20 mil
3145802,Onça de Pitangui,MG,Minas Gerais,Sudeste,-19.7276,-44.8058,0,12018,False,até 20 mil
3534005,Onda Verde,SP,São Paulo,Sudeste,-20.6042,-49.2929,0,85634,True,80–500 mil
3145851,Oratórios,MG,Minas Gerais,Sudeste,-20.4298,-42.7977,0,1732,False,até 20 mil
3534104,Oriente,SP,São Paulo,Sudeste,-22.1549,-50.0971,0,33044,False,20–80 mil
3534203,Orindiúva,SP,São Paulo,Sudeste,-20.1861,-49.3464,0,8419,False,até 20 mil
1505304,Oriximiná,PA,Pará,Norte,-1.75989,-55.8579,0,51024,False,20–80 mil
3145877,Orizânia,MG,Minas Gerais,Sudeste,-20.5142,-42.1991,0,17531,False,até 20 mil
5215306,Orizona,GO,Goiás,Centro-Oeste,-17.0334,-48.2964,0,14934,False,até 20 mil
3534302,Orlândia,SP,São Paulo,Sudeste,-20.7169,-47.8852,0,15791,False,até 20 mil
4211702,Orleans,SC,Santa Catarina,Sul,-28.3487,-49.2986,0,5602,False,até 20 mil
2609709,Orobó,PE,Pernambuco,Nordeste,-7.74553,-35.5956,0,149638,True,80–500 mil
2609808,Orocó,PE,Pernambuco,Nordeste,-8.61026,-39.6026,0,18733,False,até 20 mil
2309508,Orós,CE,Ceará,Nordeste,-6.25182,-38.9053,0,7847,False,até 20 mil
4117305,Ortigueira,PR,Paraná,Sul,-24.2058,-50.9185,0,55926,False,20–80 mil
3534401,Osasco,SP,São Paulo,Sudeste,-23.5324,-46.7916,0,23994,False,20–80 mil
3534500,Oscar Bressane,SP,São Paulo,Sudeste,-22.3149,-50.2811,0,40326,False,20–80 mil
4313508,Osório,RS,Rio Grande do Sul,Sul,-29.8881,-50.2667,0,16530,False,até 20 mil
3534609,Osvaldo Cruz,SP,São Paulo,Sudeste,-21.7968,-50.8793,0,18052,False,até 20 mil
4211751,Otacílio Costa,SC,Santa Catarina,Sul,-27.4789,-50.1231,0,63677,False,20–80 mil
1505403,Ourém,PA,Pará,Norte,-1.54168,-47.1126,0,24120,False,20–80 mil
2923308,Ouriçangas,BA,Bahia,Nordeste,-12.0175,-38.6166,0,20411,False,20–80 mil
2609907,Ouricuri,PE,Pernambuco,Nordeste,-7.87918,-40.08,0,1605,False,até 20 mil
1505437,Ourilândia do Norte,PA,Pará,Norte,-6.7529,-51.0858,0,11043,False,até 20 mil
3534708,Ourinhos,SP,São Paulo,Sudeste,-22.9797,-49.8697,0,10915,False,até 20 mil
4117404,Ourizona,PR,Paraná,Sul,-23.4053,-52.1964,0,4416,False,até 20 mil
4211801,Ouro,SC,Santa Catarina,Sul,-27.3379,-51.6194,0,800,False,até 20 mil
3145901,Ouro Branco,MG,Minas Gerais,Sudeste,-20.5263,-43.6962,0,29778,False,20–80 mil
2408508,Ouro Branco,RN,Rio Grande do Norte,Nordeste,-6.6958,-36.9428,0,1844,False,até 20 mil
2706109,Ouro Branco,AL,Alagoas,Nordeste,-9.15884,-37.3556,0,19582,False,até 20 mil
3146008,Ouro Fino,MG,Minas Gerais,Sudeste,-22.2779,-46.3716,0,4077,False,até 20 mil
3146107,Ouro Preto,MG,Minas Gerais,Sudeste,-20.3796,-43.512,0,2763,False,até 20 mil
1100155,Ouro Preto do Oeste,RO,Rondônia,Norte,-10.7167,-62.2565,0,19616,False,até 20 mil
2510600,Ouro Velho,PB,Paraíba,Nordeste,-7.61604,-37.1519,0,12146,False,até 20 mil
4211850,Ouro Verde,SC,Santa Catarina,Sul,-26.692,-52.3108,0,3408,False,até 20 mil
3534807,Ouro Verde,SP,São Paulo,Sudeste,-21.4872,-51.7024,0,8268,False,até 20 mil
5215405,Ouro Verde de Goiás,GO,Goiás,Centro-Oeste,-16.2181,-49.1942,0,19908,False,até 20 mil
3146206,Ouro Verde de Minas,MG,Minas Gerais,Sudeste,-18.0719,-41.2734,0,900,False,até 20 mil
4117453,Ouro Verde do Oeste,PR,Paraná,Sul,-24.7933,-53.9043,0,14527,False,até 20 mil
3534757,Ouroeste,SP,São Paulo,Sudeste,-20.0061,-50.3768,0,4969,False,até 20 mil
2923357,Ourolândia,BA,Bahia,Nordeste,-10.9578,-41.0756,0,9954,False,até 20 mil
5215504,Ouvidor,GO,Goiás,Centro-Oeste,-18.2277,-47.8355,0,14425,False,até 20 mil
3534906,Pacaembu,SP,São Paulo,Sudeste,-21.5627,-51.2654,0,23594,False,20–80 mil
1505486,Pacajá,PA,Pará,Norte,-3.83542,-50.6399,0,21306,False,20–80 mil
2309607,Pacajus,CE,Ceará,Nordeste,-4.17107,-38.465,0,21224,False,20–80 mil
1400456,Pacaraima,RR,Roraima,Norte,4.4799,-61.1477,0,35428,False,20–80 mil
2309706,Pacatuba,CE,Ceará,Nordeste,-3.9784,-38.6183,0,15080,False,até 20 mil
2804904,Pacatuba,SE,Sergipe,Nordeste,-10.4538,-36.6531,0,49869,False,20–80 mil
2107506,Paço do Lumiar,MA,Maranhão,Nordeste,-2.51657,-44.1019,0,11104,False,até 20 mil
2309805,Pacoti,CE,Ceará,Nordeste,-4.22492,-38.922,0,6862,False,até 20 mil
2309904,Pacujá,CE,Ceará,Nordeste,-3.98327,-40.6989,0,199574,True,80–500 mil
5215603,Padre Bernardo,GO,Goiás,Centro-Oeste,-15.1605,-48.2833,0,20656,False,20–80 mil
3146255,Padre Carvalho,MG,Minas Gerais,Sudeste,-16.3646,-42.5088,0,7198,False,até 20 mil
2207207,Padre Marcos,PI,Piauí,Nordeste,-7.35101,-40.8997,0,9005,False,até 20 mil
3146305,Padre Paraíso,MG,Minas Gerais,Sudeste,-17.0758,-41.4821,0,5089,False,até 20 mil
2207306,Paes Landim,PI,Piauí,Nordeste,-7.77375,-42.2474,0,12508,False,até 20 mil
3146552,Pai Pedro,MG,Minas Gerais,Sudeste,-15.5271,-43.07,0,1752,False,até 20 mil
4211876,Paial,SC,Santa Catarina,Sul,-27.2541,-52.4975,0,207151,True,80–500 mil
4117503,Paiçandu,PR,Paraná,Sul,-23.4555,-52.046,0,3969,False,até 20 mil
4313607,Paim Filho,RS,Rio Grande do Sul,Sul,-27.7075,-51.763,0,2646,False,até 20 mil
3146404,Paineiras,MG,Minas Gerais,Sudeste,-18.8993,-45.5321,0,15881,False,até 20 mil
4211892,Painel,SC,Santa Catarina,Sul,-27.9234,-50.0972,0,19668,False,até 20 mil
3146503,Pains,MG,Minas Gerais,Sudeste,-20.3705,-45.6627,0,5882,False,até 20 mil
3146602,Paiva,MG,Minas Gerais,Sudeste,-21.2913,-43.4088,0,2955,False,até 20 mil
2207355,Pajeú do Piauí,PI,Piauí,Nordeste,-7.85508,-42.8248,0,2870,False,até 20 mil
2706208,Palestina,AL,Alagoas,Nordeste,-9.67493,-37.339,0,32775,False,20–80 mil
3535002,Palestina,SP,São Paulo,Sudeste,-20.39,-49.4309,0,6067,False,até 20 mil
5215652,Palestina de Goiás,GO,Goiás,Centro-Oeste,-16.7392,-51.5309,0,10695,False,até 20 mil
1505494,Palestina do Pará,PA,Pará,Norte,-5.74027,-48.3181,0,102158,True,80–500 mil
2310001,Palhano,CE,Ceará,Nordeste,-4.73672,-37.9655,0,149342,True,80–500 mil
4211900,Palhoça,SC,Santa Catarina,Sul,-27.6455,-48.6697,0,3042,False,até 20 mil
3146701,Palma,MG,Minas Gerais,Sudeste,-21.3748,-42.3123,0,5242,False,até 20 mil
4212007,Palma Sola,SC,Santa Catarina,Sul,-26.3471,-53.2771,0,9805,False,até 20 mil
2310100,Palmácia,CE,Ceará,Nordeste,-4.13831,-38.8446,0,73128,False,20–80 mil
2610004,Palmares,PE,Pernambuco,Nordeste,-8.68423,-35.589,0,27788,False,20–80 mil
4313656,Palmares do Sul,RS,Rio Grande do Sul,Sul,-30.2535,-50.5103,0,35824,False,20–80 mil
3535101,Palmares Paulista,SP,São Paulo,Sudeste,-21.0854,-48.8037,0,10164,False,até 20 mil
4117602,Palmas,PR,Paraná,Sul,-26.4839,-51.9888,0,8719,False,até 20 mil
1721000,Palmas,TO,Tocantins,Norte,-10.24,-48.3558,1,310004,True,80–500 mil
2923407,Palmas de Monte Alto,BA,Bahia,Nordeste,-14.2676,-43.1609,0,22472,False,20–80 mil
4117701,Palmeira,PR,Paraná,Sul,-25.4257,-50.007,0,26193,False,20–80 mil
4212056,Palmeira,SC,Santa Catarina,Sul,-27.583,-50.1577,0,11059,False,até 20 mil
3535200,Palmeira d'Oeste,SP,São Paulo,Sudeste,-20.4148,-50.7632,0,19809,False,até 20 mil
4313706,Palmeira das Missões,RS,Rio Grande do Sul,Sul,-27.9007,-53.3134,0,29440,False,20–80 mil
2207405,Palmeira do Piauí,PI,Piauí,Nordeste,-8.73076,-44.2466,0,6348,False,até 20 mil
2706307,Palmeira dos Índios,AL,Alagoas,Nordeste,-9.40568,-36.6328,0,31565,False,20–80 mil
2207504,Palmeirais,PI,Piauí,Nordeste,-5.97086,-43.056,0,3020,False,até 20 mil
2107605,Palmeirândia,MA,Maranhão,Nordeste,-2.64433,-44.8933,0,10327,False,até 20 mil
1715705,Palmeirante,TO,Tocantins,Norte,-7.84786,-47.9242,0,35625,False,20–80 mil
2923506,Palmeiras,BA,Bahia,Nordeste,-12.5059,-41.5809,0,9712,False,até 20 mil
5215702,Palmeiras de Goiás,GO,Goiás,Centro-Oeste,-16.8044,-49.924,0,62694,False,20–80 mil
1713809,Palmeiras do Tocantins,TO,Tocantins,Norte,-6.61658,-47.5464,0,37393,False,20–80 mil
2610103,Palmeirina,PE,Pernambuco,Nordeste,-9.0109,-36.3242,0,159264,True,80–500 mil
1715754,Palmeirópolis,TO,Tocantins,Norte,-13.0447,-48.4026,0,16807,False,até 20 mil
5215801,Palmelo,GO,Goiás,Centro-Oeste,-17.3258,-48.426,0,7665,False,até 20 mil
5215900,Palminópolis,GO,Goiás,Centro-Oeste,-16.7924,-50.1652,0,44003,False,20–80 mil
3535309,Palmital,SP,São Paulo,Sudeste,-22.7858,-50.218,0,7028,False,até 20 mil
4117800,Palmital,PR,Paraná,Sul,-24.8853,-52.2029,0,12529,False,até 20 mil
4313805,Palmitinho,RS,Rio Grande do Sul,Sul,-27.3596,-53.558,0,14726,False,até 20 mil
4212106,Palmitos,SC,Santa Catarina,Sul,-27.0702,-53.1586,0,26044,False,20–80 mil
3146750,Palmópolis,MG,Minas Gerais,Sudeste,-16.7364,-40.4296,0,31351,False,20–80 mil
4117909,Palotina,PR,Paraná,Sul,-24.2868,-53.8404,0,2368,False,até 20 mil
5216007,Panamá,GO,Goiás,Centro-Oeste,-18.1783,-49.355,0,6234,False,até 20 mil
4313904,Panambi,RS,Rio Grande do Sul,Sul,-28.2833,-53.5023,0,9534,False,até 20 mil
3204005,Pancas,ES,Espírito Santo,Sudeste,-19.2229,-40.8534,0,24781,False,20–80 mil
2610202,Panelas,PE,Pernambuco,Nordeste,-8.66121,-36.0125,0,106167,True,80–500 mil
3535408,Panorama,SP,São Paulo,Sudeste,-21.354,-51.8562,0,46393,False,20–80 mil
4313953,Pantano Grande,RS,Rio Grande do Sul,Sul,-30.1902,-52.3729,0,9765,False,até 20 mil
2706406,Pão de Açúcar,AL,Alagoas,Nordeste,-9.74032,-37.4403,0,40156,False,20–80 mil
3146909,Papagaios,MG,Minas Gerais,Sudeste,-19.4419,-44.7468,0,18728,False,até 20 mil
4212205,Papanduva,SC,Santa Catarina,Sul,-26.3777,-50.1419,0,77671,False,20–80 mil
2207553,Paquetá,PI,Piauí,Nordeste,-7.10303,-41.7,0,3360,False,até 20 mil
3147105,Pará de Minas,MG,Minas Gerais,Sudeste,-19.8534,-44.6114,0,8363,False,até 20 mil
3303609,Paracambi,RJ,Rio de Janeiro,Sudeste,-22.6078,-43.7108,0,77142,False,20–80 mil
3147006,Paracatu,MG,Minas Gerais,Sudeste,-17.2252,-46.8711,0,19064,False,até 20 mil
2310209,Paracuru,CE,Ceará,Nordeste,-3.41436,-39.03,0,7611,False,até 20 mil
1505502,Paragominas,PA,Pará,Norte,-3.00212,-47.3527,0,38772,False,20–80 mil
3147204,Paraguaçu,MG,Minas Gerais,Sudeste,-21.5465,-45.7374,0,2691,False,até 20 mil
3535507,Paraguaçu Paulista,SP,São Paulo,Sudeste,-22.4114,-50.5732,0,68969,False,20–80 mil
4314001,Paraí,RS,Rio Grande do Sul,Sul,-28.5964,-51.7896,0,6983,False,até 20 mil
3303708,Paraíba do Sul,RJ,Rio de Janeiro,Sudeste,-22.1585,-43.304,0,118150,True,80–500 mil
2107704,Paraibano,MA,Maranhão,Nordeste,-6.4264,-43.9792,0,4675,False,até 20 mil
3535606,Paraibuna,SP,São Paulo,Sudeste,-23.3872,-45.6639,0,16694,False,até 20 mil
2310258,Paraipaba,CE,Ceará,Nordeste,-3.43799,-39.1479,0,53682,False,20–80 mil
3535705,Paraíso,SP,São Paulo,Sudeste,-21.0159,-48.7761,0,18891,False,até 20 mil
4212239,Paraíso,SC,Santa Catarina,Sul,-26.62,-53.6716,0,15744,False,até 20 mil
5006275,Paraíso das Águas,MS,Mato Grosso do Sul,Centro-Oeste,-19.0216,-53.0116,0,26466,False,20–80 mil
4118006,Paraíso do Norte,PR,Paraná,Sul,-23.2824,-52.6054,0,2637,False,até 20 mil
4314027,Paraíso do Sul,RS,Rio Grande do Sul,Sul,-29.6717,-53.144,0,15409,False,até 20 mil
1716109,Paraíso do Tocantins,TO,Tocantins,Norte,-10.175,-48.8823,0,8223,False,até 20 mil
3147303,Paraisópolis,MG,Minas Gerais,Sudeste,-22.5539,-45.7803,0,9998,False,até 20 mil
2310308,Parambu,CE,Ceará,Nordeste,-6.20768,-40.6905,0,42357,False,20–80 mil
2923605,Paramirim,BA,Bahia,Nordeste,-13.4388,-42.2395,0,38168,False,20–80 mil
2310407,Paramoti,CE,Ceará,Nordeste,-4.08815,-39.2417,0,34102,False,20–80 mil
1716208,Paranã,TO,Tocantins,Norte,-12.6167,-47.8734,0,1878,False,até 20 mil
2408607,Paraná,RN,Rio Grande do Norte,Nordeste,-6.47565,-38.3057,0,7756,False,até 20 mil
4118105,Paranacity,PR,Paraná,Sul,-22.9297,-52.1549,0,2452,False,até 20 mil
4118204,Paranaguá,PR,Paraná,Sul,-25.5161,-48.5225,0,19233,False,até 20 mil
5006309,Paranaíba,MS,Mato Grosso do Sul,Centro-Oeste,-19.6746,-51.1909,0,37293,False,20–80 mil
5216304,Paranaiguara,GO,Goiás,Centro-Oeste,-18.9141,-50.6539,0,11852,False,até 20 mil
5106299,Paranaíta,MT,Mato Grosso,Centro-Oeste,-9.65835,-56.4786,0,800,False,até 20 mil
3535804,Paranapanema,SP,São Paulo,Sudeste,-23.3862,-48.7214,0,55180,False,20–80 mil
4118303,Paranapoema,PR,Paraná,Sul,-22.6412,-52.0905,0,108454,True,80–500 mil
3535903,Paranapuã,SP,São Paulo,Sudeste,-20.1048,-50.5886,0,13930,False,até 20 mil
2610301,Paranatama,PE,Pernambuco,Nordeste,-8.91875,-36.6549,0,140549,True,80–500 mil
5106307,Paranatinga,MT,Mato Grosso,Centro-Oeste,-14.4265,-54.0524,0,17184,False,até 20 mil
4118402,Paranavaí,PR,Paraná,Sul,-23.0816,-52.4617,0,50136,False,20–80 mil
5006358,Paranhos,MS,Mato Grosso do Sul,Centro-Oeste,-23.8911,-55.429,0,30563,False,20–80 mil
3147402,Paraopeba,MG,Minas Gerais,Sudeste,-19.2732,-44.4044,0,11346,False,até 20 mil
3536000,Parapuã,SP,São Paulo,Sudeste,-21.7792,-50.7949,0,12915,False,até 20 mil
2510659,Parari,PB,Paraíba,Nordeste,-7.30975,-36.6522,0,800,False,até 20 mil
2923704,Paratinga,BA,Bahia,Nordeste,-12.687,-43.1798,0,1819,False,até 20 mil
3303807,Paraty,RJ,Rio de Janeiro,Sudeste,-23.2221,-44.7175,0,47316,False,20–80 mil
2408706,Paraú,RN,Rio Grande do Norte,Nordeste,-5.76893,-37.1032,0,1509,False,até 20 mil
1505536,Parauapebas,PA,Pará,Norte,-6.06781,-49.9037,0,3204,False,até 20 mil
5216403,Paraúna,GO,Goiás,Centro-Oeste,-16.9463,-50.4484,0,3895,False,até 20 mil
2408805,Parazinho,RN,Rio Grande do Norte,Nordeste,-5.22276,-35.8398,0,2933,False,até 20 mil
3536109,Pardinho,SP,São Paulo,Sudeste,-23.0841,-48.3679,0,113928,True,80–500 mil
4314035,Pareci Novo,RS,Rio Grande do Sul,Sul,-29.6365,-51.3974,0,7880,False,até 20 mil
1101450,Parecis,RO,Rondônia,Norte,-12.1754,-61.6032,0,4265,False,até 20 mil
2408904,Parelhas,RN,Rio Grande do Norte,Nordeste,-6.68491,-36.6566,0,23570,False,20–80 mil
2706422,Pariconha,AL,Alagoas,Nordeste,-9.25634,-37.9988,0,17331,False,até 20 mil
1303403,Parintins,AM,Amazonas,Norte,-2.63741,-56.729,0,58356,False,20–80 mil
2923803,Paripiranga,BA,Bahia,Nordeste,-10.6859,-37.8626,0,9428,False,até 20 mil
2706448,Paripueira,AL,Alagoas,Nordeste,-9.46313,-35.552,0,12124,False,até 20 mil
3536208,Pariquera-Açu,SP,São Paulo,Sudeste,-24.7147,-47.8742,0,80804,True,80–500 mil
3536257,Parisi,SP,São Paulo,Sudeste,-20.3034,-50.0163,0,59212,False,20–80 mil
2207603,Parnaguá,PI,Piauí,Nordeste,-10.2166,-44.63,0,1740,False,até 20 mil
2207702,Parnaíba,PI,Piauí,Nordeste,-2.90585,-41.7754,0,24130,False,20–80 mil
2403251,Parnamirim,RN,Rio Grande do Norte,Nordeste,-5.91116,-35.271,0,8864,False,até 20 mil
2610400,Parnamirim,PE,Pernambuco,Nordeste,-8.08729,-39.5795,0,6109,False,até 20 mil
2107803,Parnarama,MA,Maranhão,Nordeste,-5.67365,-43.1011,0,24291,False,20–80 mil
4314050,Parobé,RS,Rio Grande do Sul,Sul,-29.6243,-50.8312,0,2994,False,até 20 mil
2409100,Passa e Fica,RN,Rio Grande do Norte,Nordeste,-6.43018,-35.6442,0,6592,False,até 20 mil
3147600,Passa Quatro,MG,Minas Gerais,Sudeste,-22.3871,-44.9709,0,5754,False,até 20 mil
4314068,Passa Sete,RS,Rio Grande do Sul,Sul,-29.4577,-52.9599,0,2403,False,até 20 mil
3147709,Passa Tempo,MG,Minas Gerais,Sudeste,-20.6539,-44.4926,0,15577,False,até 20 mil
3147808,Passa-Vinte,MG,Minas Gerais,Sudeste,-22.2097,-44.2344,0,4089,False,até 20 mil
3147501,Passabém,MG,Minas Gerais,Sudeste,-19.3509,-43.1383,0,16905,False,até 20 mil
2409209,Passagem,RN,Rio Grande do Norte,Nordeste,-6.27268,-35.37,0,4109,False,até 20 mil
2510709,Passagem,PB,Paraíba,Nordeste,-7.13467,-37.0433,0,10904,False,até 20 mil
2107902,Passagem Franca,MA,Maranhão,Nordeste,-6.17745,-43.7755,0,23977,False,20–80 mil
2207751,Passagem Franca do Piauí,PI,Piauí,Nordeste,-5.86036,-42.4436,0,19363,False,até 20 mil
2610509,Passira,PE,Pernambuco,Nordeste,-7.9971,-35.5813,0,51156,False,20–80 mil
2706505,Passo de Camaragibe,AL,Alagoas,Nordeste,-9.24511,-35.4745,0,17693,False,até 20 mil
4212254,Passo de Torres,SC,Santa Catarina,Sul,-29.3099,-49.722,0,5670,False,até 20 mil
4314076,Passo do Sobrado,RS,Rio Grande do Sul,Sul,-29.748,-52.2748,0,3330,False,até 20 mil
4314100,Passo Fundo,RS,Rio Grande do Sul,Sul,-28.2576,-52.4091,0,9722,False,até 20 mil
3147907,Passos,MG,Minas Gerais,Sudeste,-20.7193,-46.609,0,17705,False,até 20 mil
4212270,Passos Maia,SC,Santa Catarina,Sul,-26.7829,-52.0568,0,24406,False,20–80 mil
2108009,Pastos Bons,MA,Maranhão,Nordeste,-6.60296,-44.0745,0,22527,False,20–80 mil
3147956,Patis,MG,Minas Gerais,Sudeste,-16.0773,-44.0787,0,800,False,até 20 mil
4118451,Pato Bragado,PR,Paraná,Sul,-24.6271,-54.2265,0,1392,False,até 20 mil
4118501,Pato Branco,PR,Paraná,Sul,-26.2292,-52.6706,0,53476,False,20–80 mil
2510808,Patos,PB,Paraíba,Nordeste,-7.01743,-37.2747,0,6903,False,até 20 mil
3148004,Patos de Minas,MG,Minas Gerais,Sudeste,-18.5699,-46.5013,0,35735,False,20–80 mil
2207777,Patos do Piauí,PI,Piauí,Nordeste,-7.67231,-41.2408,0,10830,False,até 20 mil
3148103,Patrocínio,MG,Minas Gerais,Sudeste,-18.9379,-46.9934,0,800,False,até 20 mil
3148202,Patrocínio do Muriaé,MG,Minas Gerais,Sudeste,-21.1544,-42.2125,0,4900,False,até 20 mil
3536307,Patrocínio Paulista,SP,São Paulo,Sudeste,-20.6384,-47.2801,0,84574,True,80–500 mil
2409308,Patu,RN,Rio Grande do Norte,Nordeste,-6.10656,-37.6356,0,7346,False,até 20 mil
3303856,Paty do Alferes,RJ,Rio de Janeiro,Sudeste,-22.4309,-43.4285,0,107285,True,80–500 mil
2923902,Pau Brasil,BA,Bahia,Nordeste,-15.4572,-39.6458,0,1527,False,até 20 mil
1505551,Pau d'Arco,PA,Pará,Norte,-1.59772,-46.9268,0,16612,False,até 20 mil
1716307,Pau D'Arco,TO,Tocantins,Norte,-7.53919,-49.367,0,12506,False,até 20 mil
2207793,Pau D'Arco do Piauí,PI,Piauí,Nordeste,-5.26072,-42.3908,0,52485,False,20–80 mil
2409407,Pau dos Ferros,RN,Rio Grande do Norte,Nordeste,-6.10498,-38.2077,0,13041,False,até 20 mil
2610608,Paudalho,PE,Pernambuco,Nordeste,-7.90287,-35.1716,0,8477,False,até 20 mil
1303502,Pauini,AM,Amazonas,Norte,-7.71311,-66.992,0,21659,False,20–80 mil
3148301,Paula Cândido,MG,Minas Gerais,Sudeste,-20.8754,-42.9752,0,29805,False,20–80 mil
4118600,Paula Freitas,PR,Paraná,Sul,-26.2105,-50.931,0,31377,False,20–80 mil
3536406,Paulicéia,SP,São Paulo,Sudeste,-21.3153,-51.8321,0,3471,False,até 20 mil
3536505,Paulínia,SP,São Paulo,Sudeste,-22.7542,-47.1488,0,135455,True,80–500 mil
2108058,Paulino Neves,MA,Maranhão,Nordeste,-2.72094,-42.5258,0,63592,False,20–80 mil
2510907,Paulista,PB,Paraíba,Nordeste,-6.59138,-37.6185,0,7396,False,até 20 mil
2610707,Paulista,PE,Pernambuco,Nordeste,-7.93401,-34.8684,0,24004,False,20–80 mil
2207801,Paulistana,PI,Piauí,Nordeste,-8.13436,-41.1431,0,4869,False,até 20 mil
3536570,Paulistânia,SP,São Paulo,Sudeste,-22.5768,-49.4008,0,47025,False,20–80 mil
3148400,Paulistas,MG,Minas Gerais,Sudeste,-18.4276,-42.8628,0,6806,False,até 20 mil
2924009,Paulo Afonso,BA,Bahia,Nordeste,-9.3983,-38.2216,0,2634,False,até 20 mil
4314134,Paulo Bento,RS,Rio Grande do Sul,Sul,-27.7051,-52.4169,0,7392,False,até 20 mil
3536604,Paulo de Faria,SP,São Paulo,Sudeste,-20.0296,-49.4,0,92877,True,80–500 mil
4118709,Paulo Frontin,PR,Paraná,Sul,-26.0466,-50.8304,0,2047,False,até 20 mil
2706604,Paulo Jacinto,AL,Alagoas,Nordeste,-9.36792,-36.3672,0,3019,False,até 20 mil
4212304,Paulo Lopes,SC,Santa Catarina,Sul,-27.9607,-48.6864,0,4763,False,até 20 mil
2108108,Paulo Ramos,MA,Maranhão,Nordeste,-4.44485,-45.2398,0,57749,False,20–80 mil
3148509,Pavão,MG,Minas Gerais,Sudeste,-17.4267,-41.0035,0,1923,False,até 20 mil
4314159,Paverama,RS,Rio Grande do Sul,Sul,-29.5486,-51.7339,0,9650,False,até 20 mil
2207850,Pavussu,PI,Piauí,Nordeste,-7.96059,-43.2284,0,130848,True,80–500 mil
2924058,Pé de Serra,BA,Bahia,Nordeste,-11.8313,-39.611,0,61138,False,20–80 mil
4118808,Peabiru,PR,Paraná,Sul,-23.914,-52.3431,0,8025,False,até 20 mil
3148608,Peçanha,MG,Minas Gerais,Sudeste,-18.5441,-42.5583,0,2897,False,até 20 mil
3536703,Pederneiras,SP,São Paulo,Sudeste,-22.3511,-48.7781,0,46773,False,20–80 mil
2610806,Pedra,PE,Pernambuco,Nordeste,-8.49641,-36.94,0,4624,False,até 20 mil
3148707,Pedra Azul,MG,Minas Gerais,Sudeste,-16.0086,-41.2909,0,29856,False,20–80 mil
3536802,Pedra Bela,SP,São Paulo,Sudeste,-22.7902,-46.4455,0,32241,False,20–80 mil
3148756,Pedra Bonita,MG,Minas Gerais,Sudeste,-20.5219,-42.3304,0,1165,False,até 20 mil
2511004,Pedra Branca,PB,Paraíba,Nordeste,-7.42169,-38.0689,0,17011,False,até 20 mil
2310506,Pedra Branca,CE,Ceará,Nordeste,-5.45341,-39.7078,0,82863,True,80–500 mil
1600154,Pedra Branca do Amapari,AP,Amapá,Norte,0.777424,-51.9503,0,38761,False,20–80 mil
3148806,Pedra do Anta,MG,Minas Gerais,Sudeste,-20.5968,-42.7123,0,33404,False,20–80 mil
3148905,Pedra do Indaiá,MG,Minas Gerais,Sudeste,-20.2563,-45.2107,0,9081,False,até 20 mil
3149002,Pedra Dourada,MG,Minas Gerais,Sudeste,-20.8266,-42.1515,0,2599,False,até 20 mil
2409506,Pedra Grande,RN,Rio Grande do Norte,Nordeste,-5.14988,-35.876,0,27607,False,20–80 mil
2511103,Pedra Lavrada,PB,Paraíba,Nordeste,-6.74997,-36.4758,0,7202,False,até 20 mil
2805000,Pedra Mole,SE,Sergipe,Nordeste,-10.6134,-37.6922,0,5074,False,até 20 mil
2409605,Pedra Preta,RN,Rio Grande do Norte,Nordeste,-5.57352,-36.1084,0,800,False,até 20 mil
5106372,Pedra Preta,MT,Mato Grosso,Centro-Oeste,-16.6245,-54.4722,0,4573,False,até 20 mil
3149101,Pedralva,MG,Minas Gerais,Sudeste,-22.2386,-45.4654,0,5080,False,até 20 mil
3536901,Pedranópolis,SP,São Paulo,Sudeste,-20.2474,-50.1129,0,22569,False,20–80 mil
2924108,Pedrão,BA,Bahia,Nordeste,-12.1491,-38.6487,0,36510,False,20–80 mil
4314175,Pedras Altas,RS,Rio Grande do Sul,Sul,-31.7365,-53.5814,0,13210,False,até 20 mil
2511202,Pedras de Fogo,PB,Paraíba,Nordeste,-7.39107,-35.1065,0,2231,False,até 20 mil
3149150,Pedras de Maria da Cruz,MG,Minas Gerais,Sudeste,-15.6032,-44.391,0,3151,False,até 20 mil
4212403,Pedras Grandes,SC,Santa Catarina,Sul,-28.4339,-49.1949,0,3295,False,até 20 mil
3537008,Pedregulho,SP,São Paulo,Sudeste,-20.2535,-47.4775,0,45754,False,20–80 mil
3537107,Pedreira,SP,São Paulo,Sudeste,-22.7413,-46.8948,0,21682,False,20–80 mil
2108207,Pedreiras,MA,Maranhão,Nordeste,-4.56482,-44.6006,0,7763,False,até 20 mil
2805109,Pedrinhas,SE,Sergipe,Nordeste,-11.1902,-37.6775,0,18244,False,até 20 mil
3537156,Pedrinhas Paulista,SP,São Paulo,Sudeste,-22.8174,-50.7933,0,79367,False,20–80 mil
3149200,Pedrinópolis,MG,Minas Gerais,Sudeste,-19.2241,-47.4579,0,25019,False,20–80 mil
1716505,Pedro Afonso,TO,Tocantins,Norte,-8.97034,-48.1729,0,4768,False,até 20 mil
2924207,Pedro Alexandre,BA,Bahia,Nordeste,-10.012,-37.8932,0,6181,False,até 20 mil
2409704,Pedro Avelino,RN,Rio Grande do Norte,Nordeste,-5.5161,-36.3867,0,3751,False,até 20 mil
3204054,Pedro Canário,ES,Espírito Santo,Sudeste,-18.3004,-39.9574,0,28982,False,20–80 mil
3537206,Pedro de Toledo,SP,São Paulo,Sudeste,-24.2764,-47.2354,0,5335,False,até 20 mil
2108256,Pedro do Rosário,MA,Maranhão,Nordeste,-2.97272,-45.3493,0,17675,False,até 20 mil
5006408,Pedro Gomes,MS,Mato Grosso do Sul,Centro-Oeste,-18.0996,-54.5507,0,12364,False,até 20 mil
2207900,Pedro II,PI,Piauí,Nordeste,-4.42585,-41.4482,0,4669,False,até 20 mil
2207934,Pedro Laurentino,PI,Piauí,Nordeste,-8.06807,-42.2847,0,7939,False,até 20 mil
3149309,Pedro Leopoldo,MG,Minas Gerais,Sudeste,-19.6308,-44.0383,0,21595,False,20–80 mil
4314209,Pedro Osório,RS,Rio Grande do Sul,Sul,-31.8642,-52.8184,0,3819,False,até 20 mil
2512721,Pedro Régis,PB,Paraíba,Nordeste,-6.63323,-35.2966,0,6693,False,até 20 mil
3149408,Pedro Teixeira,MG,Minas Gerais,Sudeste,-21.7076,-43.743,0,1456,False,até 20 mil
2409803,Pedro Velho,RN,Rio Grande do Norte,Nordeste,-6.4356,-35.2195,0,11155,False,até 20 mil
1716604,Peixe,TO,Tocantins,Norte,-12.0254,-48.5395,0,10510,False,até 20 mil
1505601,Peixe-Boi,PA,Pará,Norte,-1.19382,-47.324,0,149522,True,80–500 mil
5106422,Peixoto de Azevedo,MT,Mato Grosso,Centro-Oeste,-10.2262,-54.9794,0,10339,False,até 20 mil
4314308,Pejuçara,RS,Rio Grande do Sul,Sul,-28.4283,-53.6579,0,38180,False,20–80 mil
4314407,Pelotas,RS,Rio Grande do Sul,Sul,-31.7649,-52.3371,0,5672,False,até 20 mil
2310605,Penaforte,CE,Ceará,Nordeste,-7.82163,-39.0707,0,42160,False,20–80 mil
2108306,Penalva,MA,Maranhão,Nordeste,-3.27674,-45.1768,0,5905,False,até 20 mil
3537305,Penápolis,SP,São Paulo,Sudeste,-21.4148,-50.0769,0,16839,False,até 20 mil
2409902,Pendências,RN,Rio Grande do Norte,Nordeste,-5.2564,-36.7095,0,8399,False,até 20 mil
2706703,Penedo,AL,Alagoas,Nordeste,-10.2874,-36.5819,0,3932,False,até 20 mil
4212502,Penha,SC,Santa Catarina,Sul,-26.7754,-48.6465,0,1482,False,até 20 mil
2310704,Pentecoste,CE,Ceará,Nordeste,-3.79274,-39.2692,0,47303,False,20–80 mil
3149507,Pequeri,MG,Minas Gerais,Sudeste,-21.8341,-43.1145,0,6189,False,até 20 mil
3149606,Pequi,MG,Minas Gerais,Sudeste,-19.6284,-44.6604,0,3733,False,até 20 mil
1716653,Pequizeiro,TO,Tocantins,Norte,-8.5932,-48.9327,0,2828,False,até 20 mil
3149705,Perdigão,MG,Minas Gerais,Sudeste,-19.9411,-45.078,0,40031,False,20–80 mil
3149804,Perdizes,MG,Minas Gerais,Sudeste,-19.3434,-47.2963,0,2185,False,até 20 mil
3149903,Perdões,MG,Minas Gerais,Sudeste,-21.0932,-45.0896,0,56343,False,20–80 mil
3537404,Pereira Barreto,SP,São Paulo,Sudeste,-20.6368,-51.1123,0,289665,True,80–500 mil
3537503,Pereiras,SP,São Paulo,Sudeste,-23.0804,-47.972,0,15344,False,até 20 mil
2310803,Pereiro,CE,Ceará,Nordeste,-6.03576,-38.4624,0,42231,False,20–80 mil
2108405,Peri Mirim,MA,Maranhão,Nordeste,-2.57676,-44.8504,0,12031,False,até 20 mil
3149952,Periquito,MG,Minas Gerais,Sudeste,-19.1573,-42.2333,0,9301,False,até 20 mil
4212601,Peritiba,SC,Santa Catarina,Sul,-27.3754,-51.9018,0,1836,False,até 20 mil
2108454,Peritoró,MA,Maranhão,Nordeste,-4.37459,-44.3369,0,6062,False,até 20 mil
4118857,Perobal,PR,Paraná,Sul,-23.8949,-53.4098,0,37379,False,20–80 mil
4118907,Pérola,PR,Paraná,Sul,-23.8039,-53.6834,0,20522,False,20–80 mil
4119004,Pérola d'Oeste,PR,Paraná,Sul,-25.8278,-53.7433,0,2654,False,até 20 mil
5216452,Perolândia,GO,Goiás,Centro-Oeste,-17.5258,-52.065,0,20891,False,20–80 mil
3537602,Peruíbe,SP,São Paulo,Sudeste,-24.312,-47.0012,0,23497,False,20–80 mil
3150000,Pescador,MG,Minas Gerais,Sudeste,-18.357,-41.6006,0,2688,False,até 20 mil
4212650,Pescaria Brava,SC,Santa Catarina,Sul,-28.3966,-48.8864,0,3830,False,até 20 mil
2610905,Pesqueira,PE,Pernambuco,Nordeste,-8.35797,-36.6978,0,9231,False,até 20 mil
2611002,Petrolândia,PE,Pernambuco,Nordeste,-9.06863,-38.3027,0,8914,False,até 20 mil
4212700,Petrolândia,SC,Santa Catarina,Sul,-27.5346,-49.6937,0,2811,False,até 20 mil
2611101,Petrolina,PE,Pernambuco,Nordeste,-9.38866,-40.5027,0,50396,False,20–80 mil
5216809,Petrolina de Goiás,GO,Goiás,Centro-Oeste,-16.0968,-49.3364,0,62081,False,20–80 mil
3303906,Petrópolis,RJ,Rio de Janeiro,Sudeste,-22.52,-43.1926,0,63026,False,20–80 mil
2706802,Piaçabuçu,AL,Alagoas,Nordeste,-10.406,-36.434,0,4508,False,até 20 mil
3537701,Piacatu,SP,São Paulo,Sudeste,-21.5921,-50.6003,0,11572,False,até 20 mil
2511301,Piancó,PB,Paraíba,Nordeste,-7.19282,-37.9289,0,8423,False,até 20 mil
2924306,Piatã,BA,Bahia,Nordeste,-13.1465,-41.7702,0,2612,False,até 20 mil
3150109,Piau,MG,Minas Gerais,Sudeste,-21.5096,-43.313,0,4580,False,até 20 mil
4314423,Picada Café,RS,Rio Grande do Sul,Sul,-29.4464,-51.1367,0,4727,False,até 20 mil
1505635,Piçarra,PA,Pará,Norte,-6.43778,-48.8716,0,16639,False,até 20 mil
2208007,Picos,PI,Piauí,Nordeste,-7.07721,-41.467,0,3871,False,até 20 mil
2511400,Picuí,PB,Paraíba,Nordeste,-6.50845,-36.3497,0,8874,False,até 20 mil
3537800,Piedade,SP,São Paulo,Sudeste,-23.7139,-47.4256,0,44205,False,20–80 mil
3150158,Piedade de Caratinga,MG,Minas Gerais,Sudeste,-19.7593,-42.0756,0,3995,False,até 20 mil
3150208,Piedade de Ponte Nova,MG,Minas Gerais,Sudeste,-20.2438,-42.7379,0,2374,False,até 20 mil
3150307,Piedade do Rio Grande,MG,Minas Gerais,Sudeste,-21.469,-44.1938,0,10709,False,até 20 mil
3150406,Piedade dos Gerais,MG,Minas Gerais,Sudeste,-20.4715,-44.2243,0,2500,False,até 20 mil
4119103,Piên,PR,Paraná,Sul,-26.0965,-49.4336,0,21930,False,20–80 mil
2924405,Pilão Arcado,BA,Bahia,Nordeste,-10.0051,-42.4936,0,800,False,até 20 mil
2511509,Pilar,PB,Paraíba,Nordeste,-7.26403,-35.2523,0,9344,False,até 20 mil
2706901,Pilar,AL,Alagoas,Nordeste,-9.60135,-35.9543,0,6449,False,até 20 mil
5216908,Pilar de Goiás,GO,Goiás,Centro-Oeste,-14.7608,-49.5784,0,11631,False,até 20 mil
3537909,Pilar do Sul,SP,São Paulo,Sudeste,-23.8077,-47.7222,0,13593,False,até 20 mil
2410009,Pilões,RN,Rio Grande do Norte,Nordeste,-6.26364,-38.0461,0,14594,False,até 20 mil
2511608,Pilões,PB,Paraíba,Nordeste,-6.86827,-35.613,0,24531,False,20–80 mil
2511707,Pilõezinhos,PB,Paraíba,Nordeste,-6.84277,-35.531,0,2368,False,até 20 mil
3150505,Pimenta,MG,Minas Gerais,Sudeste,-20.4827,-45.8049,0,877,False,até 20 mil
1100189,Pimenta Bueno,RO,Rondônia,Norte,-11.672,-61.198,0,63584,False,20–80 mil
2208106,Pimenteiras,PI,Piauí,Nordeste,-6.23839,-41.4113,0,9031,False,até 20 mil
1101468,Pimenteiras do Oeste,RO,Rondônia,Norte,-13.4823,-61.0471,0,4376,False,até 20 mil
2924504,Pindaí,BA,Bahia,Nordeste,-14.4921,-42.686,0,7501,False,até 20 mil
3538006,Pindamonhangaba,SP,São Paulo,Sudeste,-22.9246,-45.4613,0,24909,False,20–80 mil
2108504,Pindaré-Mirim,MA,Maranhão,Nordeste,-3.60985,-45.342,0,69679,False,20–80 mil
2707008,Pindoba,AL,Alagoas,Nordeste,-9.47382,-36.2918,0,29982,False,20–80 mil
2924603,Pindobaçu,BA,Bahia,Nordeste,-10.7433,-40.3675,0,195457,True,80–500 mil
3538105,Pindorama,SP,São Paulo,Sudeste,-21.1853,-48.9086,0,77725,False,20–80 mil
1717008,Pindorama do Tocantins,TO,Tocantins,Norte,-11.1311,-47.5726,0,4690,False,até 20 mil
2310852,Pindoretama,CE,Ceará,Nordeste,-4.01584,-38.3061,0,30491,False,20–80 mil
3150539,Pingo-d'Água,MG,Minas Gerais,Sudeste,-19.7287,-42.4095,0,6354,False,até 20 mil
4119152,Pinhais,PR,Paraná,Sul,-25.4429,-49.1927,0,1067,False,até 20 mil
4314456,Pinhal,RS,Rio Grande do Sul,Sul,-27.508,-53.2082,0,12945,False,até 20 mil
4314464,Pinhal da Serra,RS,Rio Grande do Sul,Sul,-27.8751,-51.1673,0,1010,False,até 20 mil
4119251,Pinhal de São Bento,PR,Paraná,Sul,-26.0324,-53.482,0,8766,False,até 20 mil
4314472,Pinhal Grande,RS,Rio Grande do Sul,Sul,-29.345,-53.3206,0,3192,False,até 20 mil
4119202,Pinhalão,PR,Paraná,Sul,-23.7982,-50.0536,0,39165,False,20–80 mil
3538204,Pinhalzinho,SP,São Paulo,Sudeste,-22.7811,-46.5897,0,14165,False,até 20 mil
4212908,Pinhalzinho,SC,Santa Catarina,Sul,-26.8495,-52.9913,0,14492,False,até 20 mil
2805208,Pinhão,SE,Sergipe,Nordeste,-10.5677,-37.7242,0,13931,False,até 20 mil
4119301,Pinhão,PR,Paraná,Sul,-25.6944,-51.6536,0,11430,False,até 20 mil
3303955,Pinheiral,RJ,Rio de Janeiro,Sudeste,-22.5172,-44.0022,0,13318,False,até 20 mil
4314498,Pinheirinho do Vale,RS,Rio Grande do Sul,Sul,-27.2109,-53.608,0,22405,False,20–80 mil
2108603,Pinheiro,MA,Maranhão,Nordeste,-2.52224,-45.0788,0,17495,False,até 20 mil
4314506,Pinheiro Machado,RS,Rio Grande do Sul,Sul,-31.5794,-53.3798,0,1126,False,até 20 mil
4213005,Pinheiro Preto,SC,Santa Catarina,Sul,-27.0483,-51.2243,0,2745,False,até 20 mil
3204104,Pinheiros,ES,Espírito Santo,Sudeste,-18.4141,-40.2171,0,12323,False,até 20 mil
2924652,Pintadas,BA,Bahia,Nordeste,-11.8117,-39.9009,0,22005,False,20–80 mil
4314548,Pinto Bandeira,RS,Rio Grande do Sul,Sul,-29.0975,-51.4503,0,26035,False,20–80 mil
3150570,Pintópolis,MG,Minas Gerais,Sudeste,-16.0572,-45.1402,0,1328,False,até 20 mil
2208205,Pio IX,PI,Piauí,Nordeste,-6.83002,-40.6083,0,15034,False,até 20 mil
2108702,Pio XII,MA,Maranhão,Nordeste,-3.89315,-45.1759,0,9226,False,até 20 mil
3538303,Piquerobi,SP,São Paulo,Sudeste,-21.8747,-51.7282,0,72740,False,20–80 mil
2310902,Piquet Carneiro,CE,Ceará,Nordeste,-5.80025,-39.417,0,2946,False,até 20 mil
3538501,Piquete,SP,São Paulo,Sudeste,-22.6069,-45.1869,0,75480,False,20–80 mil
3538600,Piracaia,SP,São Paulo,Sudeste,-23.0525,-46.3594,0,97502,True,80–500 mil
5217104,Piracanjuba,GO,Goiás,Centro-Oeste,-17.302,-49.017,0,10198,False,até 20 mil
3150604,Piracema,MG,Minas Gerais,Sudeste,-20.5089,-44.4783,0,4218,False,até 20 mil
3538709,Piracicaba,SP,São Paulo,Sudeste,-22.7338,-47.6476,0,35659,False,20–80 mil
2208304,Piracuruca,PI,Piauí,Nordeste,-3.93335,-41.7088,0,5290,False,até 20 mil
3304003,Piraí,RJ,Rio de Janeiro,Sudeste,-22.6215,-43.9081,0,76691,False,20–80 mil
2924678,Piraí do Norte,BA,Bahia,Nordeste,-13.759,-39.3836,0,7370,False,até 20 mil
4119400,Piraí do Sul,PR,Paraná,Sul,-24.5306,-49.9433,0,6470,False,até 20 mil
3538808,Piraju,SP,São Paulo,Sudeste,-23.1981,-49.3803,0,900000,True,acima de 500 mil
3150703,Pirajuba,MG,Minas Gerais,Sudeste,-19.9092,-48.7027,0,3549,False,até 20 mil
3538907,Pirajuí,SP,São Paulo,Sudeste,-21.999,-49.4608,0,97456,True,80–500 mil
2805307,Pirambu,SE,Sergipe,Nordeste,-10.7215,-36.8544,0,2333,False,até 20 mil
3150802,Piranga,MG,Minas Gerais,Sudeste,-20.6834,-43.2967,0,3700,False,até 20 mil
3539004,Pirangi,SP,São Paulo,Sudeste,-21.0886,-48.6607,0,43675,False,20–80 mil
3150901,Piranguçu,MG,Minas Gerais,Sudeste,-22.5249,-45.4945,0,87170,True,80–500 mil
3151008,Piranguinho,MG,Minas Gerais,Sudeste,-22.395,-45.5324,0,10266,False,até 20 mil
2707107,Piranhas,AL,Alagoas,Nordeste,-9.624,-37.757,0,7134,False,até 20 mil
5217203,Piranhas,GO,Goiás,Centro-Oeste,-16.4258,-51.8235,0,3716,False,até 20 mil
2108801,Pirapemas,MA,Maranhão,Nordeste,-3.72041,-44.2216,0,43589,False,20–80 mil
3151107,Pirapetinga,MG,Minas Gerais,Sudeste,-21.6554,-42.3434,0,12638,False,até 20 mil
4314555,Pirapó,RS,Rio Grande do Sul,Sul,-28.0439,-55.2001,0,40139,False,20–80 mil
3151206,Pirapora,MG,Minas Gerais,Sudeste,-17.3392,-44.934,0,1367,False,até 20 mil
3539103,Pirapora do Bom Jesus,SP,São Paulo,Sudeste,-23.3965,-46.9991,0,11657,False,até 20 mil
3539202,Pirapozinho,SP,São Paulo,Sudeste,-22.2711,-51.4976,0,27458,False,20–80 mil
4119509,Piraquara,PR,Paraná,Sul,-25.4422,-49.0624,0,29794,False,20–80 mil
1717206,Piraquê,TO,Tocantins,Norte,-6.77302,-48.2958,0,6796,False,até 20 mil
3539301,Pirassununga,SP,São Paulo,Sudeste,-21.996,-47.4257,0,146698,True,80–500 mil
4314605,Piratini,RS,Rio Grande do Sul,Sul,-31.4473,-53.0973,0,5072,False,até 20 mil
3539400,Piratininga,SP,São Paulo,Sudeste,-22.4142,-49.1339,0,200318,True,80–500 mil
4213104,Piratuba,SC,Santa Catarina,Sul,-27.4242,-51.7668,0,800,False,até 20 mil
3151305,Piraúba,MG,Minas Gerais,Sudeste,-21.2825,-43.0172,0,4699,False,até 20 mil
5217302,Pirenópolis,GO,Goiás,Centro-Oeste,-15.8507,-48.9584,0,9841,False,até 20 mil
5217401,Pires do Rio,GO,Goiás,Centro-Oeste,-17.3019,-48.2768,0,2196,False,até 20 mil
2310951,Pires Ferreira,CE,Ceará,Nordeste,-4.23922,-40.6442,0,22978,False,20–80 mil
2924702,Piripá,BA,Bahia,Nordeste,-14.9444,-41.7168,0,22748,False,20–80 mil
2208403,Piripiri,PI,Piauí,Nordeste,-4.27157,-41.7716,0,42331,False,20–80 mil
2924801,Piritiba,BA,Bahia,Nordeste,-11.73,-40.5587,0,2449,False,até 20 mil
2511806,Pirpirituba,PB,Paraíba,Nordeste,-6.77922,-35.4906,0,9487,False,até 20 mil
4119608,Pitanga,PR,Paraná,Sul,-24.7588,-51.7596,0,32729,False,20–80 mil
3539509,Pitangueiras,SP,São Paulo,Sudeste,-21.0132,-48.221,0,155335,True,80–500 mil
4119657,Pitangueiras,PR,Paraná,Sul,-23.2281,-51.5873,0,47327,False,20–80 mil
3151404,Pitangui,MG,Minas Gerais,Sudeste,-19.6741,-44.8964,0,12227,False,até 20 mil
2511905,Pitimbu,PB,Paraíba,Nordeste,-7.4664,-34.8151,0,32316,False,20–80 mil
1717503,Pium,TO,Tocantins,Norte,-10.442,-49.1876,0,7438,False,até 20 mil
3204203,Piúma,ES,Espírito Santo,Sudeste,-20.8334,-40.7268,0,65920,False,20–80 mil
3151503,Piumhi,MG,Minas Gerais,Sudeste,-20.4762,-45.9589,0,3126,False,até 20 mil
1505650,Placas,PA,Pará,Norte,-3.86813,-54.2124,0,2905,False,até 20 mil
1200385,Plácido de Castro,AC,Acre,Norte,-10.2806,-67.1371,0,34032,False,20–80 mil
5217609,Planaltina,GO,Goiás,Centro-Oeste,-15.452,-47.6089,0,4640,False,até 20 mil
4119707,Planaltina do Paraná,PR,Paraná,Sul,-23.0101,-52.9162,0,29307,False,20–80 mil
2924900,Planaltino,BA,Bahia,Nordeste,-13.2618,-40.3695,0,9834,False,até 20 mil
2925006,Planalto,BA,Bahia,Nordeste,-14.6654,-40.4718,0,15215,False,até 20 mil
4314704,Planalto,RS,Rio Grande do Sul,Sul,-27.3297,-53.0575,0,10497,False,até 20 mil
3539608,Planalto,SP,São Paulo,Sudeste,-21.0342,-49.933,0,72467,False,20–80 mil
4119806,Planalto,PR,Paraná,Sul,-25.7211,-53.7642,0,36802,False,20–80 mil
4213153,Planalto Alegre,SC,Santa Catarina,Sul,-27.0704,-52.867,0,3257,False,até 20 mil
5106455,Planalto da Serra,MT,Mato Grosso,Centro-Oeste,-14.6518,-54.7819,0,8968,False,até 20 mil
3151602,Planura,MG,Minas Gerais,Sudeste,-20.1376,-48.7,0,26198,False,20–80 mil
3539707,Platina,SP,São Paulo,Sudeste,-22.6371,-50.2104,0,7677,False,até 20 mil
3539806,Poá,SP,São Paulo,Sudeste,-23.5333,-46.3473,0,52211,False,20–80 mil
2611200,Poção,PE,Pernambuco,Nordeste,-8.18726,-36.7111,0,45254,False,20–80 mil
2108900,Poção de Pedras,MA,Maranhão,Nordeste,-4.74626,-44.9432,0,1077,False,até 20 mil
2512002,Pocinhos,PB,Paraíba,Nordeste,-7.06658,-36.0668,0,1160,False,até 20 mil
2410108,Poço Branco,RN,Rio Grande do Norte,Nordeste,-5.62233,-35.6635,0,12568,False,até 20 mil
2512036,Poço Dantas,PB,Paraíba,Nordeste,-6.39876,-38.4909,0,9528,False,até 20 mil
4314753,Poço das Antas,RS,Rio Grande do Sul,Sul,-29.4481,-51.6719,0,26078,False,20–80 mil
2707206,Poço das Trincheiras,AL,Alagoas,Nordeste,-9.30742,-37.2889,0,12742,False,até 20 mil
2512077,Poço de José de Moura,PB,Paraíba,Nordeste,-6.56401,-38.5111,0,4107,False,até 20 mil
3151701,Poço Fundo,MG,Minas Gerais,Sudeste,-21.78,-45.9658,0,2570,False,até 20 mil
2805406,Poço Redondo,SE,Sergipe,Nordeste,-9.80616,-37.6833,0,3030,False,até 20 mil
2805505,Poço Verde,SE,Sergipe,Nordeste,-10.7151,-38.1813,0,13098,False,até 20 mil
2925105,Poções,BA,Bahia,Nordeste,-14.5234,-40.3634,0,12406,False,até 20 mil
5106505,Poconé,MT,Mato Grosso,Centro-Oeste,-16.266,-56.6261,0,7301,False,até 20 mil
3151800,Poços de Caldas,MG,Minas Gerais,Sudeste,-21.78,-46.5692,0,7041,False,até 20 mil
3151909,Pocrane,MG,Minas Gerais,Sudeste,-19.6208,-41.6334,0,5064,False,até 20 mil
2925204,Pojuca,BA,Bahia,Nordeste,-12.4303,-38.3374,0,32550,False,20–80 mil
3539905,Poloni,SP,São Paulo,Sudeste,-20.7829,-49.8258,0,7798,False,até 20 mil
2512101,Pombal,PB,Paraíba,Nordeste,-6.76606,-37.8003,0,5201,False,até 20 mil
2611309,Pombos,PE,Pernambuco,Nordeste,-8.13982,-35.3967,0,25432,False,20–80 mil
4213203,Pomerode,SC,Santa Catarina,Sul,-26.7384,-49.1785,0,6110,False,até 20 mil
3540002,Pompéia,SP,São Paulo,Sudeste,-22.107,-50.176,0,5949,False,até 20 mil
3152006,Pompéu,MG,Minas Gerais,Sudeste,-19.2257,-45.0141,0,11560,False,até 20 mil
3540101,Pongaí,SP,São Paulo,Sudeste,-21.7396,-49.3604,0,39745,False,20–80 mil
1505700,Ponta de Pedras,PA,Pará,Norte,-1.39587,-48.8661,0,168895,True,80–500 mil
4119905,Ponta Grossa,PR,Paraná,Sul,-25.0916,-50.1668,0,25084,False,20–80 mil
5006606,Ponta Porã,MS,Mato Grosso do Sul,Centro-Oeste,-22.5296,-55.7203,0,2053,False,até 20 mil
3540200,Pontal,SP,São Paulo,Sudeste,-21.0216,-48.0423,0,54322,False,20–80 mil
5106653,Pontal do Araguaia,MT,Mato Grosso,Centro-Oeste,-15.9274,-52.3273,0,23534,False,20–80 mil
4119954,Pontal do Paraná,PR,Paraná,Sul,-25.6735,-48.5111,0,15001,False,até 20 mil
5217708,Pontalina,GO,Goiás,Centro-Oeste,-17.5225,-49.4489,0,16253,False,até 20 mil
3540259,Pontalinda,SP,São Paulo,Sudeste,-20.4396,-50.5258,0,82528,True,80–500 mil
4314779,Pontão,RS,Rio Grande do Sul,Sul,-28.0585,-52.6791,0,4557,False,até 20 mil
4213302,Ponte Alta,SC,Santa Catarina,Sul,-27.4835,-50.3764,0,5275,False,até 20 mil
1717800,Ponte Alta do Bom Jesus,TO,Tocantins,Norte,-12.0853,-46.4825,0,9765,False,até 20 mil
4213351,Ponte Alta do Norte,SC,Santa Catarina,Sul,-27.1591,-50.4659,0,54626,False,20–80 mil
1717909,Ponte Alta do Tocantins,TO,Tocantins,Norte,-10.7481,-47.5276,0,3000,False,até 20 mil
5106703,Ponte Branca,MT,Mato Grosso,Centro-Oeste,-16.7584,-52.8369,0,1827,False,até 20 mil
3152105,Ponte Nova,MG,Minas Gerais,Sudeste,-20.4111,-42.8978,0,4770,False,até 20 mil
4314787,Ponte Preta,RS,Rio Grande do Sul,Sul,-27.6587,-52.4848,0,19779,False,até 20 mil
4213401,Ponte Serrada,SC,Santa Catarina,Sul,-26.8733,-52.0112,0,5229,False,até 20 mil
5106752,Pontes e Lacerda,MT,Mato Grosso,Centro-Oeste,-15.2219,-59.3435,0,5586,False,até 20 mil
3540309,Pontes Gestal,SP,São Paulo,Sudeste,-20.1727,-49.7064,0,52787,False,20–80 mil
3204252,Ponto Belo,ES,Espírito Santo,Sudeste,-18.1253,-40.5458,0,6037,False,até 20 mil
3152131,Ponto Chique,MG,Minas Gerais,Sudeste,-16.6282,-45.0588,0,7162,False,até 20 mil
3152170,Ponto dos Volantes,MG,Minas Gerais,Sudeste,-16.7473,-41.5025,0,7441,False,até 20 mil
2925253,Ponto Novo,BA,Bahia,Nordeste,-10.8653,-40.1311,0,19925,False,até 20 mil
3540408,Populina,SP,São Paulo,Sudeste,-19.9453,-50.538,0,54826,False,20–80 mil
2311009,Poranga,CE,Ceará,Nordeste,-4.74672,-40.9205,0,11367,False,até 20 mil
3540507,Porangaba,SP,São Paulo,Sudeste,-23.1761,-48.1195,0,10343,False,até 20 mil
5218003,Porangatu,GO,Goiás,Centro-Oeste,-13.4391,-49.1503,0,54040,False,20–80 mil
3304102,Porciúncula,RJ,Rio de Janeiro,Sudeste,-20.9632,-42.0465,0,22616,False,20–80 mil
4120002,Porecatu,PR,Paraná,Sul,-22.7537,-51.3795,0,12360,False,até 20 mil
2410207,Portalegre,RN,Rio Grande do Norte,Nordeste,-6.02064,-37.9865,0,6696,False,até 20 mil
4314803,Portão,RS,Rio Grande do Sul,Sul,-29.7015,-51.2429,0,3639,False,até 20 mil
5218052,Porteirão,GO,Goiás,Centro-Oeste,-17.8143,-50.1653,0,278367,True,80–500 mil
2311108,Porteiras,CE,Ceará,Nordeste,-7.52265,-39.114,0,5128,False,até 20 mil
3152204,Porteirinha,MG,Minas Gerais,Sudeste,-15.7404,-43.0281,0,4302,False,até 20 mil
1505809,Portel,PA,Pará,Norte,-1.93639,-50.8194,0,44592,False,20–80 mil
5218102,Portelândia,GO,Goiás,Centro-Oeste,-17.3554,-52.6799,0,6643,False,até 20 mil
2208502,Porto,PI,Piauí,Nordeste,-3.88815,-42.6998,0,7800,False,até 20 mil
1200807,Porto Acre,AC,Acre,Norte,-9.58138,-67.5478,0,34144,False,20–80 mil
4314902,Porto Alegre,RS,Rio Grande do Sul,Sul,-30.0318,-51.2065,1,3786529,True,acima de 500 mil
5106778,Porto Alegre do Norte,MT,Mato Grosso,Centro-Oeste,-10.8761,-51.6357,0,20937,False,20–80 mil
2208551,Porto Alegre do Piauí,PI,Piauí,Nordeste,-6.96423,-44.1837,0,8074,False,até 20 mil
1718006,Porto Alegre do Tocantins,TO,Tocantins,Norte,-11.618,-47.0621,0,1295,False,até 20 mil
4120101,Porto Amazonas,PR,Paraná,Sul,-25.54,-49.8946,0,8628,False,até 20 mil
4120150,Porto Barreiro,PR,Paraná,Sul,-25.5477,-52.4067,0,2952,False,até 20 mil
4213500,Porto Belo,SC,Santa Catarina,Sul,-27.1586,-48.5469,0,27060,False,20–80 mil
2707305,Porto Calvo,AL,Alagoas,Nordeste,-9.05195,-35.3987,0,80641,True,80–500 mil
2805604,Porto da Folha,SE,Sergipe,Nordeste,-9.91626,-37.2842,0,88426,True,80–500 mil
1505908,Porto de Moz,PA,Pará,Norte,-1.74691,-52.2361,0,19490,False,até 20 mil
2707404,Porto de Pedras,AL,Alagoas,Nordeste,-9.16006,-35.3049,0,13052,False,até 20 mil
2410256,Porto do Mangue,RN,Rio Grande do Norte,Nordeste,-5.05441,-36.7887,0,5245,False,até 20 mil
5106802,Porto dos Gaúchos,MT,Mato Grosso,Centro-Oeste,-11.533,-57.4132,0,5021,False,até 20 mil
5106828,Porto Esperidião,MT,Mato Grosso,Centro-Oeste,-15.857,-58.4619,0,1681,False,até 20 mil
5106851,Porto Estrela,MT,Mato Grosso,Centro-Oeste,-15.3235,-57.2204,0,20583,False,20–80 mil
3540606,Porto Feliz,SP,São Paulo,Sudeste,-23.2093,-47.5251,0,27220,False,20–80 mil
3540705,Porto Ferreira,SP,São Paulo,Sudeste,-21.8498,-47.487,0,5822,False,até 20 mil
3152303,Porto Firme,MG,Minas Gerais,Sudeste,-20.6642,-43.0834,0,16451,False,até 20 mil
2109007,Porto Franco,MA,Maranhão,Nordeste,-6.34149,-47.3962,0,1279,False,até 20 mil
1600535,Porto Grande,AP,Amapá,Norte,0.71243,-51.4155,0,38761,False,20–80 mil
4315008,Porto Lucena,RS,Rio Grande do Sul,Sul,-27.8569,-55.01,0,3161,False,até 20 mil
4315057,Porto Mauá,RS,Rio Grande do Sul,Sul,-27.5796,-54.6657,0,11101,False,até 20 mil
5006903,Porto Murtinho,MS,Mato Grosso do Sul,Centro-Oeste,-21.6981,-57.8836,0,9483,False,até 20 mil
1718204,Porto Nacional,TO,Tocantins,Norte,-10.7027,-48.408,0,33886,False,20–80 mil
3304110,Porto Real,RJ,Rio de Janeiro,Sudeste,-22.4175,-44.2952,0,11262,False,até 20 mil
2707503,Porto Real do Colégio,AL,Alagoas,Nordeste,-10.1849,-36.8376,0,43472,False,20–80 mil
4120200,Porto Rico,PR,Paraná,Sul,-22.7747,-53.2677,0,3917,False,até 20 mil
2109056,Porto Rico do Maranhão,MA,Maranhão,Nordeste,-1.85925,-44.5842,0,28141,False,20–80 mil
2925303,Porto Seguro,BA,Bahia,Nordeste,-16.4435,-39.0643,0,28447,False,20–80 mil
4213609,Porto União,SC,Santa Catarina,Sul,-26.2451,-51.0759,0,10056,False,até 20 mil
1100205,Porto Velho,RO,Rondônia,Norte,-8.76077,-63.8999,1,410562,True,80–500 mil
4315073,Porto Vera Cruz,RS,Rio Grande do Sul,Sul,-27.7405,-54.8994,0,27217,False,20–80 mil
4120309,Porto Vitória,PR,Paraná,Sul,-26.1674,-51.231,0,8214,False,até 20 mil
1200393,Porto Walter,AC,Acre,Norte,-8.26323,-72.7537,0,34144,False,20–80 mil
4315107,Porto Xavier,RS,Rio Grande do Sul,Sul,-27.9082,-55.1379,0,6219,False,até 20 mil
5218300,Posse,GO,Goiás,Centro-Oeste,-14.0859,-46.3704,0,61414,False,20–80 mil
3152402,Poté,MG,Minas Gerais,Sudeste,-17.8077,-41.786,0,12541,False,até 20 mil
2311207,Potengi,CE,Ceará,Nordeste,-7.09154,-40.0233,0,133293,True,80–500 mil
3540754,Potim,SP,São Paulo,Sudeste,-22.8343,-45.2552,0,3373,False,até 20 mil
2925402,Potiraguá,BA,Bahia,Nordeste,-15.5943,-39.8638,0,6396,False,até 20 mil
3540804,Potirendaba,SP,São Paulo,Sudeste,-21.0428,-49.3815,0,69001,False,20–80 mil
2311231,Potiretama,CE,Ceará,Nordeste,-5.71287,-38.1578,0,140393,True,80–500 mil
3152501,Pouso Alegre,MG,Minas Gerais,Sudeste,-22.2266,-45.9389,0,8752,False,até 20 mil
3152600,Pouso Alto,MG,Minas Gerais,Sudeste,-22.1964,-44.9748,0,6009,False,até 20 mil
4315131,Pouso Novo,RS,Rio Grande do Sul,Sul,-29.1738,-52.2136,0,1881,False,até 20 mil
4213708,Pouso Redondo,SC,Santa Catarina,Sul,-27.2567,-49.9301,0,9801,False,até 20 mil
5107008,Poxoréu,MT,Mato Grosso,Centro-Oeste,-15.8299,-54.4208,0,33936,False,20–80 mil
3540853,Pracinha,SP,São Paulo,Sudeste,-21.8496,-51.0868,0,13343,False,até 20 mil
1600550,Pracuúba,AP,Amapá,Norte,1.74543,-50.7892,0,38761,False,20–80 mil
2925501,Prado,BA,Bahia,Nordeste,-17.3364,-39.2227,0,36616,False,20–80 mil
4120333,Prado Ferreira,PR,Paraná,Sul,-23.0357,-51.4429,0,14609,False,até 20 mil
3540903,Pradópolis,SP,São Paulo,Sudeste,-21.3626,-48.0679,0,79772,False,20–80 mil
3152709,Prados,MG,Minas Gerais,Sudeste,-21.0597,-44.0778,0,23173,False,20–80 mil
3541000,Praia Grande,SP,São Paulo,Sudeste,-24.0084,-46.4121,0,103400,True,80–500 mil
4213807,Praia Grande,SC,Santa Catarina,Sul,-29.1918,-49.9525,0,4096,False,até 20 mil
1718303,Praia Norte,TO,Tocantins,Norte,-5.39281,-47.8111,0,60458,False,20–80 mil
1506005,Prainha,PA,Pará,Norte,-1.798,-53.4779,0,13990,False,até 20 mil
4120358,Pranchita,PR,Paraná,Sul,-26.0209,-53.7397,0,54649,False,20–80 mil
3152808,Prata,MG,Minas Gerais,Sudeste,-19.3086,-48.9276,0,7444,False,até 20 mil
2512200,Prata,PB,Paraíba,Nordeste,-7.68826,-37.0801,0,2890,False,até 20 mil
2208601,Prata do Piauí,PI,Piauí,Nordeste,-5.67265,-42.2046,0,2206,False,até 20 mil
3541059,Pratânia,SP,São Paulo,Sudeste,-22.8112,-48.6636,0,15459,False,até 20 mil
3152907,Pratápolis,MG,Minas Gerais,Sudeste,-20.7411,-46.8624,0,6886,False,até 20 mil
3153004,Pratinha,MG,Minas Gerais,Sudeste,-19.739,-46.3755,0,10826,False,até 20 mil
3541109,Presidente Alves,SP,São Paulo,Sudeste,-22.0999,-49.4381,0,58484,False,20–80 mil
3541208,Presidente Bernardes,SP,São Paulo,Sudeste,-22.0082,-51.5565,0,14763,False,até 20 mil
3153103,Presidente Bernardes,MG,Minas Gerais,Sudeste,-20.7656,-43.1895,0,62367,False,20–80 mil
4213906,Presidente Castello Branco,SC,Santa Catarina,Sul,-27.2218,-51.8089,0,9625,False,até 20 mil
4120408,Presidente Castelo Branco,PR,Paraná,Sul,-23.2782,-52.1536,0,10698,False,até 20 mil
2925600,Presidente Dutra,BA,Bahia,Nordeste,-11.2923,-41.9843,0,81836,True,80–500 mil
2109106,Presidente Dutra,MA,Maranhão,Nordeste,-5.2898,-44.495,0,12533,False,até 20 mil
3541307,Presidente Epitácio,SP,São Paulo,Sudeste,-21.7651,-52.1111,0,4011,False,até 20 mil
1303536,Presidente Figueiredo,AM,Amazonas,Norte,-2.02981,-60.0234,0,9279,False,até 20 mil
4214003,Presidente Getúlio,SC,Santa Catarina,Sul,-27.0474,-49.6246,0,4426,False,até 20 mil
2925709,Presidente Jânio Quadros,BA,Bahia,Nordeste,-14.6885,-41.6798,0,4691,False,até 20 mil
3153202,Presidente Juscelino,MG,Minas Gerais,Sudeste,-18.6401,-44.06,0,2209,False,até 20 mil
2109205,Presidente Juscelino,MA,Maranhão,Nordeste,-2.91872,-44.0715,0,15445,False,até 20 mil
1718402,Presidente Kennedy,TO,Tocantins,Norte,-8.5406,-48.5062,0,9280,False,até 20 mil
3204302,Presidente Kennedy,ES,Espírito Santo,Sudeste,-21.0964,-41.0468,0,16889,False,até 20 mil
3153301,Presidente Kubitschek,MG,Minas Gerais,Sudeste,-18.6193,-43.5628,0,22503,False,20–80 mil
4315149,Presidente Lucena,RS,Rio Grande do Sul,Sul,-29.5175,-51.1798,0,2314,False,até 20 mil
1100254,Presidente Médici,RO,Rondônia,Norte,-11.169,-61.8986,0,8051,False,até 20 mil
2109239,Presidente Médici,MA,Maranhão,Nordeste,-2.38991,-45.82,0,2726,False,até 20 mil
4214102,Presidente Nereu,SC,Santa Catarina,Sul,-27.2768,-49.3889,0,12380,False,até 20 mil
3153400,Presidente Olegário,MG,Minas Gerais,Sudeste,-18.4096,-46.4165,0,1202,False,até 20 mil
3541406,Presidente Prudente,SP,São Paulo,Sudeste,-22.1207,-51.3925,0,34990,False,20–80 mil
2109270,Presidente Sarney,MA,Maranhão,Nordeste,-2.58799,-45.3595,0,11430,False,até 20 mil
2925758,Presidente Tancredo Neves,BA,Bahia,Nordeste,-13.4471,-39.4203,0,5137,False,até 20 mil
2109304,Presidente Vargas,MA,Maranhão,Nordeste,-3.40787,-44.0234,0,106238,True,80–500 mil
3541505,Presidente Venceslau,SP,São Paulo,Sudeste,-21.8732,-51.8447,0,18201,False,até 20 mil
2611408,Primavera,PE,Pernambuco,Nordeste,-8.32999,-35.3544,0,4246,False,até 20 mil
1506104,Primavera,PA,Pará,Norte,-0.945439,-47.1253,0,69235,False,20–80 mil
1101476,Primavera de Rondônia,RO,Rondônia,Norte,-11.8295,-61.3153,0,4875,False,até 20 mil
5107040,Primavera do Leste,MT,Mato Grosso,Centro-Oeste,-15.544,-54.2811,0,9389,False,até 20 mil
2109403,Primeira Cruz,MA,Maranhão,Nordeste,-2.50568,-43.4232,0,29033,False,20–80 mil
4120507,Primeiro de Maio,PR,Paraná,Sul,-22.8517,-51.0293,0,33780,False,20–80 mil
4214151,Princesa,SC,Santa Catarina,Sul,-26.4441,-53.5994,0,7918,False,até 20 mil
2512309,Princesa Isabel,PB,Paraíba,Nordeste,-7.73175,-37.9886,0,6489,False,até 20 mil
5218391,Professor Jamil,GO,Goiás,Centro-Oeste,-17.2497,-49.244,0,16559,False,até 20 mil
4315156,Progresso,RS,Rio Grande do Sul,Sul,-29.2441,-52.3197,0,11753,False,até 20 mil
3541604,Promissão,SP,São Paulo,Sudeste,-21.5356,-49.8599,0,18828,False,até 20 mil
2805703,Propriá,SE,Sergipe,Nordeste,-10.2138,-36.8442,0,24448,False,20–80 mil
4315172,Protásio Alves,RS,Rio Grande do Sul,Sul,-28.7572,-51.4757,0,57894,False,20–80 mil
3153608,Prudente de Morais,MG,Minas Gerais,Sudeste,-19.4742,-44.1591,0,12253,False,até 20 mil
4120606,Prudentópolis,PR,Paraná,Sul,-25.2111,-50.9754,0,36719,False,20–80 mil
1718451,Pugmil,TO,Tocantins,Norte,-10.424,-48.8957,0,1322,False,até 20 mil
2410405,Pureza,RN,Rio Grande do Norte,Nordeste,-5.46393,-35.5554,0,7148,False,até 20 mil
4315206,Putinga,RS,Rio Grande do Sul,Sul,-29.0045,-52.1569,0,11742,False,até 20 mil
2512408,Puxinanã,PB,Paraíba,Nordeste,-7.15479,-35.9543,0,59265,False,20–80 mil
3541653,Quadra,SP,São Paulo,Sudeste,-23.2993,-48.0547,0,268351,True,80–500 mil
4315305,Quaraí,RS,Rio Grande do Sul,Sul,-30.384,-56.4483,0,4975,False,até 20 mil
3153707,Quartel Geral,MG,Minas Gerais,Sudeste,-19.2703,-45.5569,0,54565,False,20–80 mil
4120655,Quarto Centenário,PR,Paraná,Sul,-24.2775,-53.0759,0,8684,False,até 20 mil
3541703,Quatá,SP,São Paulo,Sudeste,-22.2456,-50.6966,0,5703,False,até 20 mil
4120705,Quatiguá,PR,Paraná,Sul,-23.5671,-49.916,0,21546,False,20–80 mil
1506112,Quatipuru,PA,Pará,Norte,-0.899604,-47.0134,0,11597,False,até 20 mil
3304128,Quatis,RJ,Rio de Janeiro,Sudeste,-22.4045,-44.2597,0,88220,True,80–500 mil
4120804,Quatro Barras,PR,Paraná,Sul,-25.3673,-49.0763,0,8569,False,até 20 mil
4315313,Quatro Irmãos,RS,Rio Grande do Sul,Sul,-27.8257,-52.4424,0,17688,False,até 20 mil
4120853,Quatro Pontes,PR,Paraná,Sul,-24.5752,-53.9759,0,47961,False,20–80 mil
2707602,Quebrangulo,AL,Alagoas,Nordeste,-9.32001,-36.4692,0,6916,False,até 20 mil
4120903,Quedas do Iguaçu,PR,Paraná,Sul,-25.4492,-52.9102,0,22544,False,20–80 mil
2208650,Queimada Nova,PI,Piauí,Nordeste,-8.57064,-41.4106,0,9502,False,até 20 mil
2512507,Queimadas,PB,Paraíba,Nordeste,-7.35029,-35.9031,0,1946,False,até 20 mil
2925808,Queimadas,BA,Bahia,Nordeste,-10.9736,-39.6293,0,59279,False,20–80 mil
3304144,Queimados,RJ,Rio de Janeiro,Sudeste,-22.7102,-43.5518,0,129793,True,80–500 mil
3541802,Queiroz,SP,São Paulo,Sudeste,-21.7969,-50.2415,0,46552,False,20–80 mil
3541901,Queluz,SP,São Paulo,Sudeste,-22.5312,-44.7781,0,10228,False,até 20 mil
3153806,Queluzito,MG,Minas Gerais,Sudeste,-20.7416,-43.8851,0,16516,False,até 20 mil
5107065,Querência,MT,Mato Grosso,Centro-Oeste,-12.6093,-52.1821,0,1141,False,até 20 mil
4121000,Querência do Norte,PR,Paraná,Sul,-23.0838,-53.483,0,3024,False,até 20 mil
4315321,Quevedos,RS,Rio Grande do Sul,Sul,-29.3504,-54.0789,0,5851,False,até 20 mil
2925907,Quijingue,BA,Bahia,Nordeste,-10.7505,-39.2137,0,11050,False,até 20 mil
4214201,Quilombo,SC,Santa Catarina,Sul,-26.7264,-52.724,0,3633,False,até 20 mil
4121109,Quinta do Sol,PR,Paraná,Sul,-23.8533,-52.1309,0,13379,False,até 20 mil
3542008,Quintana,SP,São Paulo,Sudeste,-22.0692,-50.307,0,82972,True,80–500 mil
4315354,Quinze de Novembro,RS,Rio Grande do Sul,Sul,-28.7466,-53.1011,0,5023,False,até 20 mil
2611507,Quipapá,PE,Pernambuco,Nordeste,-8.81175,-36.0137,0,13312,False,até 20 mil
5218508,Quirinópolis,GO,Goiás,Centro-Oeste,-18.4472,-50.4547,0,10723,False,até 20 mil
3304151,Quissamã,RJ,Rio de Janeiro,Sudeste,-22.1031,-41.4693,0,135455,True,80–500 mil
4121208,Quitandinha,PR,Paraná,Sul,-25.8734,-49.4973,0,68646,False,20–80 mil
2311264,Quiterianópolis,CE,Ceará,Nordeste,-5.8425,-40.7002,0,93475,True,80–500 mil
2512606,Quixabá,PB,Paraíba,Nordeste,-7.0224,-37.1458,0,2160,False,até 20 mil
2611533,Quixaba,PE,Pernambuco,Nordeste,-7.70734,-37.8446,0,8255,False,até 20 mil
2925931,Quixabeira,BA,Bahia,Nordeste,-11.4031,-40.12,0,63885,False,20–80 mil
2311306,Quixadá,CE,Ceará,Nordeste,-4.9663,-39.0155,0,27751,False,20–80 mil
2311355,Quixelô,CE,Ceará,Nordeste,-6.24637,-39.2011,0,92595,True,80–500 mil
2311405,Quixeramobim,CE,Ceará,Nordeste,-5.19067,-39.2889,0,21238,False,20–80 mil
2311504,Quixeré,CE,Ceará,Nordeste,-5.07148,-37.9802,0,26197,False,20–80 mil
2410504,Rafael Fernandes,RN,Rio Grande do Norte,Nordeste,-6.18987,-38.2211,0,33132,False,20–80 mil
2410603,Rafael Godeiro,RN,Rio Grande do Norte,Nordeste,-6.07244,-37.716,0,4186,False,até 20 mil
2925956,Rafael Jambeiro,BA,Bahia,Nordeste,-12.4053,-39.5007,0,8382,False,até 20 mil
3542107,Rafard,SP,São Paulo,Sudeste,-23.0105,-47.5318,0,42423,False,20–80 mil
4121257,Ramilândia,PR,Paraná,Sul,-25.1195,-54.023,0,9177,False,até 20 mil
3542206,Rancharia,SP,São Paulo,Sudeste,-22.2269,-50.893,0,46372,False,20–80 mil
4121307,Rancho Alegre,PR,Paraná,Sul,-23.0676,-50.9145,0,18330,False,até 20 mil
4121356,Rancho Alegre D'Oeste,PR,Paraná,Sul,-24.3065,-52.9552,0,20420,False,20–80 mil
4214300,Rancho Queimado,SC,Santa Catarina,Sul,-27.6727,-49.0191,0,30573,False,20–80 mil
2109452,Raposa,MA,Maranhão,Nordeste,-2.4254,-44.0973,0,14133,False,até 20 mil
3153905,Raposos,MG,Minas Gerais,Sudeste,-19.9636,-43.8079,0,11640,False,até 20 mil
3154002,Raul Soares,MG,Minas Gerais,Sudeste,-20.1061,-42.4502,0,5209,False,até 20 mil
4121406,Realeza,PR,Paraná,Sul,-25.7711,-53.526,0,3581,False,até 20 mil
4121505,Rebouças,PR,Paraná,Sul,-25.6232,-50.6877,0,19645,False,até 20 mil
2611606,Recife,PE,Pernambuco,Nordeste,-8.04666,-34.8771,1,2472375,True,acima de 500 mil
3154101,Recreio,MG,Minas Gerais,Sudeste,-21.5289,-42.4676,0,9984,False,até 20 mil
1718501,Recursolândia,TO,Tocantins,Norte,-8.7227,-47.2421,0,2424,False,até 20 mil
1506138,Redenção,PA,Pará,Norte,-8.02529,-50.0317,0,74441,False,20–80 mil
2311603,Redenção,CE,Ceará,Nordeste,-4.21587,-38.7277,0,6295,False,até 20 mil
3542305,Redenção da Serra,SP,São Paulo,Sudeste,-23.2638,-45.5422,0,10805,False,até 20 mil
2208700,Redenção do Gurguéia,PI,Piauí,Nordeste,-9.47937,-44.5811,0,5174,False,até 20 mil
4315404,Redentora,RS,Rio Grande do Sul,Sul,-27.664,-53.6407,0,2653,False,até 20 mil
3154150,Reduto,MG,Minas Gerais,Sudeste,-20.2401,-41.9848,0,7312,False,até 20 mil
2208809,Regeneração,PI,Piauí,Nordeste,-6.23115,-42.6842,0,3071,False,até 20 mil
3542404,Regente Feijó,SP,São Paulo,Sudeste,-22.2181,-51.3055,0,13161,False,até 20 mil
3542503,Reginópolis,SP,São Paulo,Sudeste,-21.8914,-49.2268,0,84724,True,80–500 mil
3542602,Registro,SP,São Paulo,Sudeste,-24.4979,-47.8449,0,214283,True,80–500 mil
4315453,Relvado,RS,Rio Grande do Sul,Sul,-29.1164,-52.0778,0,35851,False,20–80 mil
2926004,Remanso,BA,Bahia,Nordeste,-9.61944,-42.0848,0,67588,False,20–80 mil
2512705,Remígio,PB,Paraíba,Nordeste,-6.94992,-35.8011,0,1867,False,até 20 mil
4121604,Renascença,PR,Paraná,Sul,-26.1588,-52.9703,0,2418,False,até 20 mil
2311702,Reriutaba,CE,Ceará,Nordeste,-4.14191,-40.5759,0,32435,False,20–80 mil
3304201,Resende,RJ,Rio de Janeiro,Sudeste,-22.4705,-44.4509,0,141622,True,80–500 mil
3154200,Resende Costa,MG,Minas Gerais,Sudeste,-20.9171,-44.2407,0,4064,False,até 20 mil
4121703,Reserva,PR,Paraná,Sul,-24.6492,-50.8466,0,5629,False,até 20 mil
5107156,Reserva do Cabaçal,MT,Mato Grosso,Centro-Oeste,-15.0743,-58.4585,0,21448,False,20–80 mil
4121752,Reserva do Iguaçu,PR,Paraná,Sul,-25.8319,-52.0272,0,36574,False,20–80 mil
3154309,Resplendor,MG,Minas Gerais,Sudeste,-19.3194,-41.2462,0,7014,False,até 20 mil
3154408,Ressaquinha,MG,Minas Gerais,Sudeste,-21.0642,-43.7598,0,12001,False,até 20 mil
3542701,Restinga,SP,São Paulo,Sudeste,-20.6056,-47.4833,0,51819,False,20–80 mil
4315503,Restinga Sêca,RS,Rio Grande do Sul,Sul,-29.8188,-53.3807,0,800,False,até 20 mil
2926103,Retirolândia,BA,Bahia,Nordeste,-11.4832,-39.4234,0,15761,False,até 20 mil
2512747,Riachão,PB,Paraíba,Nordeste,-6.54269,-35.661,0,52290,False,20–80 mil
2109502,Riachão,MA,Maranhão,Nordeste,-7.35819,-46.6225,0,7235,False,até 20 mil
2926202,Riachão das Neves,BA,Bahia,Nordeste,-11.7508,-44.9143,0,18119,False,até 20 mil
2512754,Riachão do Bacamarte,PB,Paraíba,Nordeste,-7.25347,-35.6693,0,4702,False,até 20 mil
2805802,Riachão do Dantas,SE,Sergipe,Nordeste,-11.0729,-37.731,0,1937,False,até 20 mil
2926301,Riachão do Jacuípe,BA,Bahia,Nordeste,-11.8067,-39.3818,0,76254,False,20–80 mil
2512762,Riachão do Poço,PB,Paraíba,Nordeste,-7.14173,-35.2914,0,7602,False,até 20 mil
1718550,Riachinho,TO,Tocantins,Norte,-6.44005,-48.1371,0,9932,False,até 20 mil
3154457,Riachinho,MG,Minas Gerais,Sudeste,-16.2258,-45.9888,0,4149,False,até 20 mil
2410702,Riacho da Cruz,RN,Rio Grande do Norte,Nordeste,-5.92654,-37.949,0,8739,False,até 20 mil
2611705,Riacho das Almas,PE,Pernambuco,Nordeste,-8.13742,-35.8648,0,68546,False,20–80 mil
2410801,Riacho de Santana,RN,Rio Grande do Norte,Nordeste,-6.25139,-38.3116,0,11456,False,até 20 mil
2926400,Riacho de Santana,BA,Bahia,Nordeste,-13.6059,-42.9397,0,9161,False,até 20 mil
2512788,Riacho de Santo Antônio,PB,Paraíba,Nordeste,-7.68023,-36.157,0,5021,False,até 20 mil
2512804,Riacho dos Cavalos,PB,Paraíba,Nordeste,-6.44067,-37.6483,0,2767,False,até 20 mil
3154507,Riacho dos Machados,MG,Minas Gerais,Sudeste,-16.0091,-43.0488,0,3974,False,até 20 mil
2208858,Riacho Frio,PI,Piauí,Nordeste,-10.1244,-44.9503,0,2552,False,até 20 mil
2410900,Riachuelo,RN,Rio Grande do Norte,Nordeste,-5.82156,-35.8215,0,52105,False,20–80 mil
2805901,Riachuelo,SE,Sergipe,Nordeste,-10.735,-37.1966,0,800,False,até 20 mil
5218607,Rialma,GO,Goiás,Centro-Oeste,-15.3145,-49.5814,0,20382,False,20–80 mil
5218706,Rianápolis,GO,Goiás,Centro-Oeste,-15.4456,-49.5114,0,13557,False,até 20 mil
2109551,Ribamar Fiquene,MA,Maranhão,Nordeste,-5.93067,-47.3888,0,7597,False,até 20 mil
5007109,Ribas do Rio Pardo,MS,Mato Grosso do Sul,Centro-Oeste,-20.4445,-53.7588,0,24742,False,20–80 mil
3542800,Ribeira,SP,São Paulo,Sudeste,-24.6517,-49.0044,0,11385,False,até 20 mil
2926509,Ribeira do Amparo,BA,Bahia,Nordeste,-11.0421,-38.4242,0,4844,False,até 20 mil
2208874,Ribeira do Piauí,PI,Piauí,Nordeste,-7.69028,-42.7128,0,113302,True,80–500 mil
2926608,Ribeira do Pombal,BA,Bahia,Nordeste,-10.8373,-38.5382,0,8327,False,até 20 mil
2611804,Ribeirão,PE,Pernambuco,Nordeste,-8.50957,-35.3698,0,59951,False,20–80 mil
3542909,Ribeirão Bonito,SP,São Paulo,Sudeste,-22.0685,-48.182,0,44356,False,20–80 mil
3543006,Ribeirão Branco,SP,São Paulo,Sudeste,-24.2206,-48.7635,0,441262,True,80–500 mil
5107180,Ribeirão Cascalheira,MT,Mato Grosso,Centro-Oeste,-12.9367,-51.8244,0,1589,False,até 20 mil
4121802,Ribeirão Claro,PR,Paraná,Sul,-23.1941,-49.7597,0,16585,False,até 20 mil
3543105,Ribeirão Corrente,SP,São Paulo,Sudeste,-20.4579,-47.5904,0,34195,False,20–80 mil
3154606,Ribeirão das Neves,MG,Minas Gerais,Sudeste,-19.7621,-44.0844,0,2161,False,até 20 mil
2926657,Ribeirão do Largo,BA,Bahia,Nordeste,-15.4508,-40.7441,0,22431,False,20–80 mil
4121901,Ribeirão do Pinhal,PR,Paraná,Sul,-23.4091,-50.3601,0,8013,False,até 20 mil
3543204,Ribeirão do Sul,SP,São Paulo,Sudeste,-22.789,-49.933,0,152543,True,80–500 mil
3543238,Ribeirão dos Índios,SP,São Paulo,Sudeste,-21.8382,-51.6103,0,13532,False,até 20 mil
3543253,Ribeirão Grande,SP,São Paulo,Sudeste,-24.1011,-48.3679,0,29170,False,20–80 mil
3543303,Ribeirão Pires,SP,São Paulo,Sudeste,-23.7067,-46.4058,0,60397,False,20–80 mil
3543402,Ribeirão Preto,SP,São Paulo,Sudeste,-21.1699,-47.8099,0,47299,False,20–80 mil
3154705,Ribeirão Vermelho,MG,Minas Gerais,Sudeste,-21.1879,-45.0637,0,14829,False,até 20 mil
5107198,Ribeirãozinho,MT,Mato Grosso,Centro-Oeste,-16.4856,-52.6924,0,13856,False,até 20 mil
2208908,Ribeiro Gonçalves,PI,Piauí,Nordeste,-7.55651,-45.2447,0,4488,False,até 20 mil
2806008,Ribeirópolis,SE,Sergipe,Nordeste,-10.5357,-37.438,0,28955,False,20–80 mil
3543600,Rifaina,SP,São Paulo,Sudeste,-20.0803,-47.4291,0,13150,False,até 20 mil
3543709,Rincão,SP,São Paulo,Sudeste,-21.5894,-48.0728,0,12540,False,até 20 mil
3543808,Rinópolis,SP,São Paulo,Sudeste,-21.7284,-50.7239,0,90607,True,80–500 mil
3154804,Rio Acima,MG,Minas Gerais,Sudeste,-20.0876,-43.7878,0,17578,False,até 20 mil
4122008,Rio Azul,PR,Paraná,Sul,-25.7306,-50.7985,0,18305,False,até 20 mil
3204351,Rio Bananal,ES,Espírito Santo,Sudeste,-19.2719,-40.3366,0,13887,False,até 20 mil
4122107,Rio Bom,PR,Paraná,Sul,-23.7606,-51.4122,0,10485,False,até 20 mil
3304300,Rio Bonito,RJ,Rio de Janeiro,Sudeste,-22.7181,-42.6276,0,9056,False,até 20 mil
4122156,Rio Bonito do Iguaçu,PR,Paraná,Sul,-25.4874,-52.5292,0,11357,False,até 20 mil
5107206,Rio Branco,MT,Mato Grosso,Centro-Oeste,-15.2483,-58.1259,0,3717,False,até 20 mil
1200401,Rio Branco,AC,Acre,Norte,-9.97499,-67.8243,1,285642,True,80–500 mil
4122172,Rio Branco do Ivaí,PR,Paraná,Sul,-24.3244,-51.3187,0,23070,False,20–80 mil
4122206,Rio Branco do Sul,PR,Paraná,Sul,-25.1892,-49.3115,0,5033,False,até 20 mil
5007208,Rio Brilhante,MS,Mato Grosso do Sul,Centro-Oeste,-21.8033,-54.5427,0,4716,False,até 20 mil
3154903,Rio Casca,MG,Minas Gerais,Sudeste,-20.2285,-42.6462,0,12449,False,até 20 mil
3304409,Rio Claro,RJ,Rio de Janeiro,Sudeste,-22.72,-44.1419,0,16982,False,até 20 mil
3543907,Rio Claro,SP,São Paulo,Sudeste,-22.3984,-47.5546,0,113310,True,80–500 mil
1100262,Rio Crespo,RO,Rondônia,Norte,-9.69965,-62.9011,0,63584,False,20–80 mil
1718659,Rio da Conceição,TO,Tocantins,Norte,-11.3949,-46.8847,0,24803,False,20–80 mil
4214409,Rio das Antas,SC,Santa Catarina,Sul,-26.8946,-51.0674,0,16421,False,até 20 mil
3304508,Rio das Flores,RJ,Rio de Janeiro,Sudeste,-22.1692,-43.5856,0,642233,True,acima de 500 mil
3304524,Rio das Ostras,RJ,Rio de Janeiro,Sudeste,-22.5174,-41.9475,0,23983,False,20–80 mil
3544004,Rio das Pedras,SP,São Paulo,Sudeste,-22.8417,-47.6047,0,161221,True,80–500 mil
2926707,Rio de Contas,BA,Bahia,Nordeste,-13.5852,-41.8048,0,2436,False,até 20 mil
3304557,Rio de Janeiro,RJ,Rio de Janeiro,Sudeste,-22.9129,-43.2003,1,4650043,True,acima de 500 mil
2926806,Rio do Antônio,BA,Bahia,Nordeste,-14.4071,-42.0721,0,27498,False,20–80 mil
4214508,Rio do Campo,SC,Santa Catarina,Sul,-26.9452,-50.136,0,6272,False,até 20 mil
2408953,Rio do Fogo,RN,Rio Grande do Norte,Nordeste,-5.2765,-35.3794,0,6730,False,até 20 mil
4214607,Rio do Oeste,SC,Santa Catarina,Sul,-27.1952,-49.7989,0,12050,False,até 20 mil
2926905,Rio do Pires,BA,Bahia,Nordeste,-13.1185,-42.2902,0,7540,False,até 20 mil
3155108,Rio do Prado,MG,Minas Gerais,Sudeste,-16.6056,-40.5714,0,27896,False,20–80 mil
4214805,Rio do Sul,SC,Santa Catarina,Sul,-27.2156,-49.643,0,9364,False,até 20 mil
3155009,Rio Doce,MG,Minas Gerais,Sudeste,-20.2412,-42.8995,0,10628,False,até 20 mil
1718709,Rio dos Bois,TO,Tocantins,Norte,-9.34425,-48.5245,0,1494,False,até 20 mil
4214706,Rio dos Cedros,SC,Santa Catarina,Sul,-26.7398,-49.2718,0,3954,False,até 20 mil
4315552,Rio dos Índios,RS,Rio Grande do Sul,Sul,-27.2973,-52.8417,0,18315,False,até 20 mil
3155207,Rio Espera,MG,Minas Gerais,Sudeste,-20.855,-43.4721,0,14850,False,até 20 mil
2611903,Rio Formoso,PE,Pernambuco,Nordeste,-8.6592,-35.1532,0,8172,False,até 20 mil
4214904,Rio Fortuna,SC,Santa Catarina,Sul,-28.1244,-49.1068,0,11096,False,até 20 mil
4315602,Rio Grande,RS,Rio Grande do Sul,Sul,-32.0349,-52.1071,0,4572,False,até 20 mil
3544103,Rio Grande da Serra,SP,São Paulo,Sudeste,-23.7437,-46.3971,0,222237,True,80–500 mil
2209005,Rio Grande do Piauí,PI,Piauí,Nordeste,-7.78029,-43.1369,0,1207,False,até 20 mil
2707701,Rio Largo,AL,Alagoas,Nordeste,-9.47783,-35.8394,0,15408,False,até 20 mil
3155306,Rio Manso,MG,Minas Gerais,Sudeste,-20.2666,-44.3069,0,13477,False,até 20 mil
1506161,Rio Maria,PA,Pará,Norte,-7.31236,-50.0379,0,38219,False,20–80 mil
4215000,Rio Negrinho,SC,Santa Catarina,Sul,-26.2591,-49.5177,0,5186,False,até 20 mil
5007307,Rio Negro,MS,Mato Grosso do Sul,Centro-Oeste,-19.447,-54.9859,0,31340,False,20–80 mil
4122305,Rio Negro,PR,Paraná,Sul,-26.095,-49.7982,0,11710,False,até 20 mil
3155405,Rio Novo,MG,Minas Gerais,Sudeste,-21.4649,-43.1168,0,8724,False,até 20 mil
3204401,Rio Novo do Sul,ES,Espírito Santo,Sudeste,-20.8556,-40.9388,0,25105,False,20–80 mil
3155504,Rio Paranaíba,MG,Minas Gerais,Sudeste,-19.1861,-46.2455,0,5381,False,até 20 mil
4315701,Rio Pardo,RS,Rio Grande do Sul,Sul,-29.988,-52.3711,0,4849,False,até 20 mil
3155603,Rio Pardo de Minas,MG,Minas Gerais,Sudeste,-15.616,-42.5405,0,110208,True,80–500 mil
3155702,Rio Piracicaba,MG,Minas Gerais,Sudeste,-19.9284,-43.1829,0,5869,False,até 20 mil
3155801,Rio Pomba,MG,Minas Gerais,Sudeste,-21.2712,-43.1696,0,4638,False,até 20 mil
3155900,Rio Preto,MG,Minas Gerais,Sudeste,-22.0861,-43.8293,0,15552,False,até 20 mil
1303569,Rio Preto da Eva,AM,Amazonas,Norte,-2.7045,-59.6858,0,8760,False,até 20 mil
5218789,Rio Quente,GO,Goiás,Centro-Oeste,-17.774,-48.7725,0,14300,False,até 20 mil
2927002,Rio Real,BA,Bahia,Nordeste,-11.4814,-37.9332,0,48206,False,20–80 mil
4215059,Rio Rufino,SC,Santa Catarina,Sul,-27.8592,-49.7754,0,3631,False,até 20 mil
1718758,Rio Sono,TO,Tocantins,Norte,-9.35002,-47.888,0,4948,False,até 20 mil
2512903,Rio Tinto,PB,Paraíba,Nordeste,-6.80383,-35.0776,0,6037,False,até 20 mil
5218805,Rio Verde,GO,Goiás,Centro-Oeste,-17.7923,-50.9192,0,8082,False,até 20 mil
5007406,Rio Verde de Mato Grosso,MS,Mato Grosso do Sul,Centro-Oeste,-18.9249,-54.8434,0,42510,False,20–80 mil
3156007,Rio Vermelho,MG,Minas Gerais,Sudeste,-18.2922,-43.0018,0,12728,False,até 20 mil
3544202,Riolândia,SP,São Paulo,Sudeste,-19.9868,-49.6836,0,35428,False,20–80 mil
4315750,Riozinho,RS,Rio Grande do Sul,Sul,-29.639,-50.4488,0,48991,False,20–80 mil
4215075,Riqueza,SC,Santa Catarina,Sul,-27.0653,-53.3265,0,1723,False,até 20 mil
3156106,Ritápolis,MG,Minas Gerais,Sudeste,-21.0276,-44.3204,0,2058,False,até 20 mil
3543501,Riversul,SP,São Paulo,Sudeste,-23.829,-49.429,0,21695,False,20–80 mil
4315800,Roca Sales,RS,Rio Grande do Sul,Sul,-29.2884,-51.8658,0,3471,False,até 20 mil
5007505,Rochedo,MS,Mato Grosso do Sul,Centro-Oeste,-19.9565,-54.8848,0,17994,False,até 20 mil
3156205,Rochedo de Minas,MG,Minas Gerais,Sudeste,-21.6284,-43.0165,0,33173,False,20–80 mil
4215109,Rodeio,SC,Santa Catarina,Sul,-26.9243,-49.3649,0,6921,False,até 20 mil
4315909,Rodeio Bonito,RS,Rio Grande do Sul,Sul,-27.4742,-53.1706,0,3604,False,até 20 mil
3156304,Rodeiro,MG,Minas Gerais,Sudeste,-21.2035,-42.8586,0,8699,False,até 20 mil
2927101,Rodelas,BA,Bahia,Nordeste,-8.85021,-38.78,0,979,False,até 20 mil
2411007,Rodolfo Fernandes,RN,Rio Grande do Norte,Nordeste,-5.78393,-38.0579,0,26885,False,20–80 mil
1200427,Rodrigues Alves,AC,Acre,Norte,-7.73864,-72.661,0,34144,False,20–80 mil
4315958,Rolador,RS,Rio Grande do Sul,Sul,-28.2566,-54.8186,0,6597,False,até 20 mil
4122404,Rolândia,PR,Paraná,Sul,-23.3101,-51.3659,0,7945,False,até 20 mil
4316006,Rolante,RS,Rio Grande do Sul,Sul,-29.6462,-50.5819,0,12005,False,até 20 mil
1100288,Rolim de Moura,RO,Rondônia,Norte,-11.7271,-61.7714,0,63584,False,20–80 mil
3156403,Romaria,MG,Minas Gerais,Sudeste,-18.8838,-47.5782,0,2843,False,até 20 mil
4215208,Romelândia,SC,Santa Catarina,Sul,-26.6809,-53.3172,0,19158,False,até 20 mil
4122503,Roncador,PR,Paraná,Sul,-24.5958,-52.2716,0,1958,False,até 20 mil
4316105,Ronda Alta,RS,Rio Grande do Sul,Sul,-27.7758,-52.8056,0,4684,False,até 20 mil
4316204,Rondinha,RS,Rio Grande do Sul,Sul,-27.8315,-52.9081,0,1348,False,até 20 mil
5107578,Rondolândia,MT,Mato Grosso,Centro-Oeste,-10.8376,-61.4697,0,2755,False,até 20 mil
4122602,Rondon,PR,Paraná,Sul,-23.412,-52.7659,0,4070,False,até 20 mil
1506187,Rondon do Pará,PA,Pará,Norte,-4.77793,-48.067,0,27552,False,20–80 mil
5107602,Rondonópolis,MT,Mato Grosso,Centro-Oeste,-16.4673,-54.6372,0,6068,False,até 20 mil
4316303,Roque Gonzales,RS,Rio Grande do Sul,Sul,-28.1297,-55.0266,0,2938,False,até 20 mil
1400472,Rorainópolis,RR,Roraima,Norte,0.939956,-60.4389,0,35428,False,20–80 mil
3544251,Rosana,SP,São Paulo,Sudeste,-22.5782,-53.0603,0,135032,True,80–500 mil
2109601,Rosário,MA,Maranhão,Nordeste,-2.93444,-44.2531,0,1127,False,até 20 mil
3156452,Rosário da Limeira,MG,Minas Gerais,Sudeste,-20.9812,-42.5112,0,35675,False,20–80 mil
2806107,Rosário do Catete,SE,Sergipe,Nordeste,-10.6904,-37.0357,0,11629,False,até 20 mil
4122651,Rosário do Ivaí,PR,Paraná,Sul,-24.2682,-51.272,0,62870,False,20–80 mil
4316402,Rosário do Sul,RS,Rio Grande do Sul,Sul,-30.2515,-54.9221,0,31173,False,20–80 mil
5107701,Rosário Oeste,MT,Mato Grosso,Centro-Oeste,-14.8259,-56.4236,0,8064,False,até 20 mil
3544301,Roseira,SP,São Paulo,Sudeste,-22.8938,-45.307,0,66940,False,20–80 mil
2707800,Roteiro,AL,Alagoas,Nordeste,-9.83503,-35.9782,0,6793,False,até 20 mil
3156502,Rubelita,MG,Minas Gerais,Sudeste,-16.4053,-42.261,0,19203,False,até 20 mil
3544400,Rubiácea,SP,São Paulo,Sudeste,-21.3006,-50.7296,0,10368,False,até 20 mil
5218904,Rubiataba,GO,Goiás,Centro-Oeste,-15.1617,-49.8048,0,2721,False,até 20 mil
3156601,Rubim,MG,Minas Gerais,Sudeste,-16.3775,-40.5397,0,2401,False,até 20 mil
3544509,Rubinéia,SP,São Paulo,Sudeste,-20.1759,-51.007,0,9800,False,até 20 mil
1506195,Rurópolis,PA,Pará,Norte,-4.10028,-54.9092,0,24705,False,20–80 mil
2311801,Russas,CE,Ceará,Nordeste,-4.92673,-37.9721,0,22398,False,20–80 mil
2411106,Ruy Barbosa,RN,Rio Grande do Norte,Nordeste,-5.88745,-35.933,0,36308,False,20–80 mil
2927200,Ruy Barbosa,BA,Bahia,Nordeste,-12.2816,-40.4931,0,5741,False,até 20 mil
3156700,Sabará,MG,Minas Gerais,Sudeste,-19.884,-43.8263,0,68149,False,20–80 mil
4122701,Sabáudia,PR,Paraná,Sul,-23.3155,-51.555,0,17103,False,até 20 mil
3544608,Sabino,SP,São Paulo,Sudeste,-21.4593,-49.5755,0,52486,False,20–80 mil
3156809,Sabinópolis,MG,Minas Gerais,Sudeste,-18.6653,-43.0752,0,19915,False,até 20 mil
2311900,Saboeiro,CE,Ceará,Nordeste,-6.5346,-39.9017,0,5001,False,até 20 mil
3156908,Sacramento,MG,Minas Gerais,Sudeste,-19.8622,-47.4508,0,9541,False,até 20 mil
4316428,Sagrada Família,RS,Rio Grande do Sul,Sul,-27.7085,-53.1351,0,8268,False,até 20 mil
3544707,Sagres,SP,São Paulo,Sudeste,-21.8823,-50.9594,0,25139,False,20–80 mil
2612000,Sairé,PE,Pernambuco,Nordeste,-8.32864,-35.6967,0,921,False,até 20 mil
4316436,Saldanha Marinho,RS,Rio Grande do Sul,Sul,-28.3941,-53.097,0,12507,False,até 20 mil
3544806,Sales,SP,São Paulo,Sudeste,-21.3427,-49.4897,0,29676,False,20–80 mil
3544905,Sales Oliveira,SP,São Paulo,Sudeste,-20.7696,-47.8369,0,99405,True,80–500 mil
3545001,Salesópolis,SP,São Paulo,Sudeste,-23.5288,-45.8465,0,70412,False,20–80 mil
4215307,Salete,SC,Santa Catarina,Sul,-26.9798,-49.9988,0,4782,False,até 20 mil
2513000,Salgadinho,PB,Paraíba,Nordeste,-7.10098,-36.8458,0,116829,True,80–500 mil
2612109,Salgadinho,PE,Pernambuco,Nordeste,-7.9269,-35.6503,0,2685,False,até 20 mil
2806206,Salgado,SE,Sergipe,Nordeste,-11.0288,-37.4804,0,45366,False,20–80 mil
2513109,Salgado de São Félix,PB,Paraíba,Nordeste,-7.35337,-35.4305,0,36159,False,20–80 mil
4122800,Salgado Filho,PR,Paraná,Sul,-26.1777,-53.3631,0,2612,False,até 20 mil
2612208,Salgueiro,PE,Pernambuco,Nordeste,-8.07373,-39.1247,0,89594,True,80–500 mil
3157005,Salinas,MG,Minas Gerais,Sudeste,-16.1753,-42.2964,0,55481,False,20–80 mil
2927309,Salinas da Margarida,BA,Bahia,Nordeste,-12.873,-38.7562,0,2134,False,até 20 mil
1506203,Salinópolis,PA,Pará,Norte,-0.630815,-47.3465,0,17365,False,até 20 mil
2311959,Salitre,CE,Ceará,Nordeste,-7.28398,-40.45,0,19811,False,até 20 mil
3545100,Salmourão,SP,São Paulo,Sudeste,-21.6267,-50.8614,0,131931,True,80–500 mil
2612307,Saloá,PE,Pernambuco,Nordeste,-8.9723,-36.691,0,12063,False,até 20 mil
4215356,Saltinho,SC,Santa Catarina,Sul,-26.6049,-53.0578,0,164319,True,80–500 mil
3545159,Saltinho,SP,São Paulo,Sudeste,-22.8442,-47.6754,0,3650,False,até 20 mil
3545209,Salto,SP,São Paulo,Sudeste,-23.1996,-47.2931,0,40373,False,20–80 mil
3157104,Salto da Divisa,MG,Minas Gerais,Sudeste,-16.0063,-39.9391,0,11496,False,até 20 mil
3545308,Salto de Pirapora,SP,São Paulo,Sudeste,-23.6474,-47.5743,0,65600,False,20–80 mil
5107750,Salto do Céu,MT,Mato Grosso,Centro-Oeste,-15.1303,-58.1317,0,4857,False,até 20 mil
4122909,Salto do Itararé,PR,Paraná,Sul,-23.6074,-49.6354,0,2058,False,até 20 mil
4316451,Salto do Jacuí,RS,Rio Grande do Sul,Sul,-29.0951,-53.2133,0,5712,False,até 20 mil
4123006,Salto do Lontra,PR,Paraná,Sul,-25.7813,-53.3135,0,9901,False,até 20 mil
3545407,Salto Grande,SP,São Paulo,Sudeste,-22.8894,-49.9831,0,5698,False,até 20 mil
4215406,Salto Veloso,SC,Santa Catarina,Sul,-26.903,-51.4043,0,27202,False,20–80 mil
2927408,Salvador,BA,Bahia,Nordeste,-12.9718,-38.5011,1,4036833,True,acima de 500 mil
4316477,Salvador das Missões,RS,Rio Grande do Sul,Sul,-28.1233,-54.8373,0,3686,False,até 20 mil
4316501,Salvador do Sul,RS,Rio Grande do Sul,Sul,-29.4386,-51.5077,0,48203,False,20–80 mil
1506302,Salvaterra,PA,Pará,Norte,-0.758444,-48.5139,0,66495,False,20–80 mil
2109700,Sambaíba,MA,Maranhão,Nordeste,-7.13447,-45.3515,0,15568,False,até 20 mil
1718808,Sampaio,TO,Tocantins,Norte,-5.35423,-47.8782,0,7038,False,até 20 mil
4316600,Sananduva,RS,Rio Grande do Sul,Sul,-27.947,-51.8079,0,6191,False,até 20 mil
5219001,Sanclerlândia,GO,Goiás,Centro-Oeste,-16.197,-50.3124,0,2318,False,até 20 mil
1718840,Sandolândia,TO,Tocantins,Norte,-12.538,-49.9242,0,14684,False,até 20 mil
3545506,Sandovalina,SP,São Paulo,Sudeste,-22.4551,-51.7648,0,14865,False,até 20 mil
4215455,Sangão,SC,Santa Catarina,Sul,-28.6326,-49.1322,0,43112,False,20–80 mil
2612406,Sanharó,PE,Pernambuco,Nordeste,-8.36097,-36.5696,0,8213,False,até 20 mil
4317103,Sant'Ana do Livramento,RS,Rio Grande do Sul,Sul,-30.8773,-55.5392,0,4676,False,até 20 mil
3545605,Santa Adélia,SP,São Paulo,Sudeste,-21.2427,-48.8063,0,12120,False,até 20 mil
3545704,Santa Albertina,SP,São Paulo,Sudeste,-20.0311,-50.7297,0,31290,False,20–80 mil
4123105,Santa Amélia,PR,Paraná,Sul,-23.2654,-50.4288,0,62386,False,20–80 mil
2927507,Santa Bárbara,BA,Bahia,Nordeste,-11.9515,-38.9681,0,17909,False,até 20 mil
3157203,Santa Bárbara,MG,Minas Gerais,Sudeste,-19.9604,-43.4101,0,9355,False,até 20 mil
3545803,Santa Bárbara d'Oeste,SP,São Paulo,Sudeste,-22.7553,-47.4143,0,183105,True,80–500 mil
5219100,Santa Bárbara de Goiás,GO,Goiás,Centro-Oeste,-16.5714,-49.6954,0,25981,False,20–80 mil
3157252,Santa Bárbara do Leste,MG,Minas Gerais,Sudeste,-19.9753,-42.1457,0,4667,False,até 20 mil
3157278,Santa Bárbara do Monte Verde,MG,Minas Gerais,Sudeste,-21.9592,-43.7027,0,18299,False,até 20 mil
1506351,Santa Bárbara do Pará,PA,Pará,Norte,-1.19219,-48.238,0,8126,False,até 20 mil
4316709,Santa Bárbara do Sul,RS,Rio Grande do Sul,Sul,-28.3653,-53.251,0,25428,False,20–80 mil
3157302,Santa Bárbara do Tugúrio,MG,Minas Gerais,Sudeste,-21.2431,-43.5607,0,16298,False,até 20 mil
3546009,Santa Branca,SP,São Paulo,Sudeste,-23.3933,-45.8875,0,282666,True,80–500 mil
2927606,Santa Brígida,BA,Bahia,Nordeste,-9.73227,-38.1209,0,11198,False,até 20 mil
5107248,Santa Carmem,MT,Mato Grosso,Centro-Oeste,-11.9125,-55.2263,0,18852,False,até 20 mil
4215505,Santa Cecília,SC,Santa Catarina,Sul,-26.9592,-50.4252,0,24626,False,20–80 mil
2513158,Santa Cecília,PB,Paraíba,Nordeste,-7.7389,-35.8764,0,3060,False,até 20 mil
4123204,Santa Cecília do Pavão,PR,Paraná,Sul,-23.5201,-50.7835,0,9121,False,até 20 mil
4316733,Santa Cecília do Sul,RS,Rio Grande do Sul,Sul,-28.1609,-51.9279,0,3440,False,até 20 mil
3546108,Santa Clara d'Oeste,SP,São Paulo,Sudeste,-20.09,-50.9491,0,12475,False,até 20 mil
4316758,Santa Clara do Sul,RS,Rio Grande do Sul,Sul,-29.4747,-52.0843,0,3959,False,até 20 mil
2411205,Santa Cruz,RN,Rio Grande do Norte,Nordeste,-6.22475,-36.0193,0,8730,False,até 20 mil
2513208,Santa Cruz,PB,Paraíba,Nordeste,-6.5237,-38.0617,0,15942,False,até 20 mil
2612455,Santa Cruz,PE,Pernambuco,Nordeste,-8.24153,-40.3434,0,114255,True,80–500 mil
2927705,Santa Cruz Cabrália,BA,Bahia,Nordeste,-16.2825,-39.0295,0,10321,False,até 20 mil
2612471,Santa Cruz da Baixa Verde,PE,Pernambuco,Nordeste,-7.81339,-38.1476,0,75428,False,20–80 mil
3546207,Santa Cruz da Conceição,SP,São Paulo,Sudeste,-22.1405,-47.4512,0,54524,False,20–80 mil
3546256,Santa Cruz da Esperança,SP,São Paulo,Sudeste,-21.2951,-47.4304,0,56492,False,20–80 mil
2927804,Santa Cruz da Vitória,BA,Bahia,Nordeste,-14.964,-39.8115,0,11448,False,até 20 mil
3546306,Santa Cruz das Palmeiras,SP,São Paulo,Sudeste,-21.8235,-47.248,0,46796,False,20–80 mil
5219209,Santa Cruz de Goiás,GO,Goiás,Centro-Oeste,-17.3155,-48.4809,0,9341,False,até 20 mil
3157336,Santa Cruz de Minas,MG,Minas Gerais,Sudeste,-21.1241,-44.2202,0,9806,False,até 20 mil
4123303,Santa Cruz de Monte Castelo,PR,Paraná,Sul,-22.9582,-53.2949,0,47169,False,20–80 mil
3157377,Santa Cruz de Salinas,MG,Minas Gerais,Sudeste,-16.0967,-41.7418,0,4046,False,até 20 mil
1506401,Santa Cruz do Arari,PA,Pará,Norte,-0.661019,-49.1771,0,3535,False,até 20 mil
2612505,Santa Cruz do Capibaribe,PE,Pernambuco,Nordeste,-7.94802,-36.2061,0,19267,False,até 20 mil
3157401,Santa Cruz do Escalvado,MG,Minas Gerais,Sudeste,-20.2372,-42.8169,0,11131,False,até 20 mil
2209104,Santa Cruz do Piauí,PI,Piauí,Nordeste,-7.1785,-41.7609,0,2782,False,até 20 mil
3546405,Santa Cruz do Rio Pardo,SP,São Paulo,Sudeste,-22.8988,-49.6354,0,47385,False,20–80 mil
4316808,Santa Cruz do Sul,RS,Rio Grande do Sul,Sul,-29.722,-52.4343,0,7701,False,até 20 mil
5107743,Santa Cruz do Xingu,MT,Mato Grosso,Centro-Oeste,-10.1532,-52.3953,0,6040,False,até 20 mil
2209153,Santa Cruz dos Milagres,PI,Piauí,Nordeste,-5.80581,-41.9506,0,5666,False,até 20 mil
3157500,Santa Efigênia de Minas,MG,Minas Gerais,Sudeste,-18.8235,-42.4388,0,8935,False,até 20 mil
3546504,Santa Ernestina,SP,São Paulo,Sudeste,-21.4618,-48.3953,0,42672,False,20–80 mil
4123402,Santa Fé,PR,Paraná,Sul,-23.04,-51.808,0,16497,False,até 20 mil
5219258,Santa Fé de Goiás,GO,Goiás,Centro-Oeste,-15.7664,-51.1037,0,6574,False,até 20 mil
3157609,Santa Fé de Minas,MG,Minas Gerais,Sudeste,-16.6859,-45.4102,0,2225,False,até 20 mil
1718865,Santa Fé do Araguaia,TO,Tocantins,Norte,-7.15803,-48.7165,0,3888,False,até 20 mil
3546603,Santa Fé do Sul,SP,São Paulo,Sudeste,-20.2083,-50.932,0,195536,True,80–500 mil
2209203,Santa Filomena,PI,Piauí,Nordeste,-9.11228,-45.9116,0,10940,False,até 20 mil
2612554,Santa Filomena,PE,Pernambuco,Nordeste,-8.16688,-40.6079,0,13582,False,até 20 mil
2109759,Santa Filomena do Maranhão,MA,Maranhão,Nordeste,-5.49671,-44.5638,0,29721,False,20–80 mil
3546702,Santa Gertrudes,SP,São Paulo,Sudeste,-22.4572,-47.5272,0,102733,True,80–500 mil
4123501,Santa Helena,PR,Paraná,Sul,-24.8585,-54.336,0,18811,False,até 20 mil
4215554,Santa Helena,SC,Santa Catarina,Sul,-26.937,-53.6214,0,78821,False,20–80 mil
2109809,Santa Helena,MA,Maranhão,Nordeste,-2.24426,-45.29,0,2072,False,até 20 mil
2513307,Santa Helena,PB,Paraíba,Nordeste,-6.7176,-38.6427,0,3133,False,até 20 mil
5219308,Santa Helena de Goiás,GO,Goiás,Centro-Oeste,-17.8115,-50.5977,0,12784,False,até 20 mil
3157658,Santa Helena de Minas,MG,Minas Gerais,Sudeste,-16.9707,-40.6727,0,1911,False,até 20 mil
2927903,Santa Inês,BA,Bahia,Nordeste,-13.2793,-39.814,0,17058,False,até 20 mil
4123600,Santa Inês,PR,Paraná,Sul,-22.6376,-51.9024,0,2577,False,até 20 mil
2513356,Santa Inês,PB,Paraíba,Nordeste,-7.621,-38.554,0,1108,False,até 20 mil
2109908,Santa Inês,MA,Maranhão,Nordeste,-3.65112,-45.3774,0,5665,False,até 20 mil
3546801,Santa Isabel,SP,São Paulo,Sudeste,-23.3172,-46.2237,0,9519,False,até 20 mil
5219357,Santa Isabel,GO,Goiás,Centro-Oeste,-15.2958,-49.4259,0,30363,False,20–80 mil
4123709,Santa Isabel do Ivaí,PR,Paraná,Sul,-23.0025,-53.1989,0,31416,False,20–80 mil
1303601,Santa Isabel do Rio Negro,AM,Amazonas,Norte,-0.410824,-65.0092,0,43195,False,20–80 mil
4123808,Santa Izabel do Oeste,PR,Paraná,Sul,-25.8217,-53.4801,0,7749,False,até 20 mil
1506500,Santa Izabel do Pará,PA,Pará,Norte,-1.29686,-48.1606,0,41380,False,20–80 mil
3157708,Santa Juliana,MG,Minas Gerais,Sudeste,-19.3108,-47.5322,0,17966,False,até 20 mil
3204500,Santa Leopoldina,ES,Espírito Santo,Sudeste,-20.0999,-40.527,0,35912,False,20–80 mil
3546900,Santa Lúcia,SP,São Paulo,Sudeste,-21.685,-48.0885,0,73311,False,20–80 mil
4123824,Santa Lúcia,PR,Paraná,Sul,-25.4104,-53.5638,0,28946,False,20–80 mil
2209302,Santa Luz,PI,Piauí,Nordeste,-8.9488,-44.1296,0,11039,False,até 20 mil
2110005,Santa Luzia,MA,Maranhão,Nordeste,-4.06873,-45.69,0,3283,False,até 20 mil
2928059,Santa Luzia,BA,Bahia,Nordeste,-15.4342,-39.3287,0,4497,False,até 20 mil
3157807,Santa Luzia,MG,Minas Gerais,Sudeste,-19.7548,-43.8497,0,800,False,até 20 mil
2513406,Santa Luzia,PB,Paraíba,Nordeste,-6.86092,-36.9178,0,24001,False,20–80 mil
1100296,Santa Luzia D'Oeste,RO,Rondônia,Norte,-11.9074,-61.7777,0,14987,False,até 20 mil
2806305,Santa Luzia do Itanhy,SE,Sergipe,Nordeste,-11.3536,-37.4586,0,4907,False,até 20 mil
2707909,Santa Luzia do Norte,AL,Alagoas,Nordeste,-9.6037,-35.8232,0,13302,False,até 20 mil
1506559,Santa Luzia do Pará,PA,Pará,Norte,-1.52147,-46.9008,0,42152,False,20–80 mil
2110039,Santa Luzia do Paruá,MA,Maranhão,Nordeste,-2.51123,-45.7801,0,4055,False,até 20 mil
3157906,Santa Margarida,MG,Minas Gerais,Sudeste,-20.3839,-42.2519,0,12094,False,até 20 mil
4316972,Santa Margarida do Sul,RS,Rio Grande do Sul,Sul,-30.3393,-54.0817,0,7617,False,até 20 mil
4316907,Santa Maria,RS,Rio Grande do Sul,Sul,-29.6868,-53.8149,0,10132,False,até 20 mil
2409332,Santa Maria,RN,Rio Grande do Norte,Nordeste,-5.83802,-35.6914,0,7427,False,até 20 mil
2612604,Santa Maria da Boa Vista,PE,Pernambuco,Nordeste,-8.79766,-39.8241,0,16219,False,até 20 mil
3547007,Santa Maria da Serra,SP,São Paulo,Sudeste,-22.5661,-48.1593,0,81535,True,80–500 mil
2928109,Santa Maria da Vitória,BA,Bahia,Nordeste,-13.3859,-44.2011,0,29678,False,20–80 mil
1506583,Santa Maria das Barreiras,PA,Pará,Norte,-8.85784,-49.7215,0,35701,False,20–80 mil
3158003,Santa Maria de Itabira,MG,Minas Gerais,Sudeste,-19.4431,-43.1064,0,5703,False,até 20 mil
3204559,Santa Maria de Jetibá,ES,Espírito Santo,Sudeste,-20.0253,-40.7439,0,8720,False,até 20 mil
2612703,Santa Maria do Cambucá,PE,Pernambuco,Nordeste,-7.83676,-35.8941,0,24080,False,20–80 mil
4316956,Santa Maria do Herval,RS,Rio Grande do Sul,Sul,-29.4902,-50.9919,0,76015,False,20–80 mil
4123857,Santa Maria do Oeste,PR,Paraná,Sul,-24.9377,-51.8696,0,4574,False,até 20 mil
1506609,Santa Maria do Pará,PA,Pará,Norte,-1.35392,-47.5712,0,32964,False,20–80 mil
3158102,Santa Maria do Salto,MG,Minas Gerais,Sudeste,-16.2479,-40.1512,0,40685,False,20–80 mil
3158201,Santa Maria do Suaçuí,MG,Minas Gerais,Sudeste,-18.1896,-42.4139,0,5607,False,até 20 mil
1718881,Santa Maria do Tocantins,TO,Tocantins,Norte,-8.8046,-47.7887,0,1016,False,até 20 mil
3304607,Santa Maria Madalena,RJ,Rio de Janeiro,Sudeste,-21.9547,-42.0098,0,35646,False,20–80 mil
4123907,Santa Mariana,PR,Paraná,Sul,-23.1465,-50.5167,0,13610,False,até 20 mil
3547106,Santa Mercedes,SP,São Paulo,Sudeste,-21.3495,-51.7564,0,43202,False,20–80 mil
4123956,Santa Mônica,PR,Paraná,Sul,-23.108,-53.1103,0,16498,False,até 20 mil
2312205,Santa Quitéria,CE,Ceará,Nordeste,-4.32608,-40.1523,0,19199,False,até 20 mil
2110104,Santa Quitéria do Maranhão,MA,Maranhão,Nordeste,-3.49308,-42.5688,0,12437,False,até 20 mil
2110203,Santa Rita,MA,Maranhão,Nordeste,-3.14241,-44.3211,0,1184,False,até 20 mil
2513703,Santa Rita,PB,Paraíba,Nordeste,-7.11724,-34.9753,0,28015,False,20–80 mil
3547403,Santa Rita d'Oeste,SP,São Paulo,Sudeste,-20.1414,-50.8358,0,106058,True,80–500 mil
3159209,Santa Rita de Caldas,MG,Minas Gerais,Sudeste,-22.0292,-46.3385,0,19930,False,até 20 mil
2928406,Santa Rita de Cássia,BA,Bahia,Nordeste,-11.0063,-44.5255,0,28270,False,20–80 mil
3159407,Santa Rita de Ibitipoca,MG,Minas Gerais,Sudeste,-21.5658,-43.9163,0,6235,False,até 20 mil
3159308,Santa Rita de Jacutinga,MG,Minas Gerais,Sudeste,-22.1474,-44.0977,0,10934,False,até 20 mil
3159357,Santa Rita de Minas,MG,Minas Gerais,Sudeste,-19.876,-42.1363,0,21700,False,20–80 mil
5219407,Santa Rita do Araguaia,GO,Goiás,Centro-Oeste,-17.3269,-53.2012,0,15444,False,até 20 mil
3159506,Santa Rita do Itueto,MG,Minas Gerais,Sudeste,-19.3576,-41.3821,0,5801,False,até 20 mil
5219456,Santa Rita do Novo Destino,GO,Goiás,Centro-Oeste,-15.1351,-49.1203,0,6154,False,até 20 mil
5007554,Santa Rita do Pardo,MS,Mato Grosso do Sul,Centro-Oeste,-21.3016,-52.8333,0,800,False,até 20 mil
3547502,Santa Rita do Passa Quatro,SP,São Paulo,Sudeste,-21.7083,-47.478,0,37574,False,20–80 mil
3159605,Santa Rita do Sapucaí,MG,Minas Gerais,Sudeste,-22.2461,-45.7034,0,28876,False,20–80 mil
1718899,Santa Rita do Tocantins,TO,Tocantins,Norte,-10.8617,-48.9161,0,11235,False,até 20 mil
5107768,Santa Rita do Trivelato,MT,Mato Grosso,Centro-Oeste,-13.8146,-55.2706,0,28999,False,20–80 mil
4317202,Santa Rosa,RS,Rio Grande do Sul,Sul,-27.8702,-54.4796,0,11023,False,até 20 mil
3159704,Santa Rosa da Serra,MG,Minas Gerais,Sudeste,-19.5186,-45.9611,0,3234,False,até 20 mil
5219506,Santa Rosa de Goiás,GO,Goiás,Centro-Oeste,-16.084,-49.4953,0,48800,False,20–80 mil
4215604,Santa Rosa de Lima,SC,Santa Catarina,Sul,-28.0331,-49.133,0,4320,False,até 20 mil
2806503,Santa Rosa de Lima,SE,Sergipe,Nordeste,-10.6434,-37.1931,0,19003,False,até 20 mil
3547601,Santa Rosa de Viterbo,SP,São Paulo,Sudeste,-21.4776,-47.3622,0,38089,False,20–80 mil
2209377,Santa Rosa do Piauí,PI,Piauí,Nordeste,-6.79581,-42.2814,0,12621,False,até 20 mil
1200435,Santa Rosa do Purus,AC,Acre,Norte,-9.44652,-70.4902,0,11022,False,até 20 mil
4215653,Santa Rosa do Sul,SC,Santa Catarina,Sul,-29.1313,-49.7109,0,800,False,até 20 mil
1718907,Santa Rosa do Tocantins,TO,Tocantins,Norte,-11.4474,-48.1216,0,19551,False,até 20 mil
3547650,Santa Salete,SP,São Paulo,Sudeste,-20.2429,-50.6887,0,34910,False,20–80 mil
3204609,Santa Teresa,ES,Espírito Santo,Sudeste,-19.9363,-40.5979,0,58617,False,20–80 mil
2928505,Santa Teresinha,BA,Bahia,Nordeste,-12.7697,-39.5215,0,20831,False,20–80 mil
2513802,Santa Teresinha,PB,Paraíba,Nordeste,-7.07964,-37.4435,0,24712,False,20–80 mil
4317251,Santa Tereza,RS,Rio Grande do Sul,Sul,-29.1655,-51.7351,0,800,False,até 20 mil
5219605,Santa Tereza de Goiás,GO,Goiás,Centro-Oeste,-13.7138,-49.0144,0,71946,False,20–80 mil
4124020,Santa Tereza do Oeste,PR,Paraná,Sul,-25.0543,-53.6274,0,9456,False,até 20 mil
1719004,Santa Tereza do Tocantins,TO,Tocantins,Norte,-10.2746,-47.8033,0,5180,False,até 20 mil
4215679,Santa Terezinha,SC,Santa Catarina,Sul,-26.7813,-50.009,0,6286,False,até 20 mil
5107776,Santa Terezinha,MT,Mato Grosso,Centro-Oeste,-10.4704,-50.514,0,13442,False,até 20 mil
2612802,Santa Terezinha,PE,Pernambuco,Nordeste,-7.37696,-37.4787,0,109023,True,80–500 mil
5219704,Santa Terezinha de Goiás,GO,Goiás,Centro-Oeste,-14.4326,-49.7091,0,21820,False,20–80 mil
4124053,Santa Terezinha de Itaipu,PR,Paraná,Sul,-25.4391,-54.402,0,17480,False,até 20 mil
4215687,Santa Terezinha do Progresso,SC,Santa Catarina,Sul,-26.624,-53.1997,0,18974,False,até 20 mil
1720002,Santa Terezinha do Tocantins,TO,Tocantins,Norte,-6.44438,-47.6684,0,8860,False,até 20 mil
3159803,Santa Vitória,MG,Minas Gerais,Sudeste,-18.8414,-50.1208,0,13341,False,até 20 mil
4317301,Santa Vitória do Palmar,RS,Rio Grande do Sul,Sul,-33.525,-53.3717,0,10903,False,até 20 mil
2928000,Santaluz,BA,Bahia,Nordeste,-11.2508,-39.375,0,25155,False,20–80 mil
2928208,Santana,BA,Bahia,Nordeste,-12.9792,-44.0506,0,18896,False,até 20 mil
1600600,Santana,AP,Amapá,Norte,-0.045434,-51.1729,0,38761,False,20–80 mil
4317004,Santana da Boa Vista,RS,Rio Grande do Sul,Sul,-30.8697,-53.11,0,7939,False,até 20 mil
3547205,Santana da Ponte Pensa,SP,São Paulo,Sudeste,-20.2523,-50.8014,0,3318,False,até 20 mil
3158300,Santana da Vargem,MG,Minas Gerais,Sudeste,-21.2449,-45.5005,0,26621,False,20–80 mil
3158409,Santana de Cataguases,MG,Minas Gerais,Sudeste,-21.2893,-42.5524,0,19942,False,até 20 mil
2513505,Santana de Mangueira,PB,Paraíba,Nordeste,-7.54705,-38.3236,0,4664,False,até 20 mil
3547304,Santana de Parnaíba,SP,São Paulo,Sudeste,-23.4439,-46.9178,0,27966,False,20–80 mil
3158508,Santana de Pirapama,MG,Minas Gerais,Sudeste,-18.9962,-44.0409,0,79431,False,20–80 mil
2312007,Santana do Acaraú,CE,Ceará,Nordeste,-3.46144,-40.2118,0,151392,True,80–500 mil
1506708,Santana do Araguaia,PA,Pará,Norte,-9.3281,-50.35,0,14796,False,até 20 mil
2312106,Santana do Cariri,CE,Ceará,Nordeste,-7.17613,-39.7302,0,56047,False,20–80 mil
3158607,Santana do Deserto,MG,Minas Gerais,Sudeste,-21.9512,-43.1583,0,4166,False,até 20 mil
3158706,Santana do Garambéu,MG,Minas Gerais,Sudeste,-21.5983,-44.105,0,2116,False,até 20 mil
2708006,Santana do Ipanema,AL,Alagoas,Nordeste,-9.36999,-37.248,0,48676,False,20–80 mil
4124004,Santana do Itararé,PR,Paraná,Sul,-23.7587,-49.6293,0,8356,False,até 20 mil
3158805,Santana do Jacaré,MG,Minas Gerais,Sudeste,-20.9007,-45.1285,0,3232,False,até 20 mil
3158904,Santana do Manhuaçu,MG,Minas Gerais,Sudeste,-20.1031,-41.9278,0,19951,False,até 20 mil
2110237,Santana do Maranhão,MA,Maranhão,Nordeste,-3.109,-42.4064,0,23047,False,20–80 mil
2411403,Santana do Matos,RN,Rio Grande do Norte,Nordeste,-5.94605,-36.6578,0,6520,False,até 20 mil
2708105,Santana do Mundaú,AL,Alagoas,Nordeste,-9.17141,-36.2176,0,2889,False,até 20 mil
3158953,Santana do Paraíso,MG,Minas Gerais,Sudeste,-19.3661,-42.5446,0,16685,False,até 20 mil
2209351,Santana do Piauí,PI,Piauí,Nordeste,-6.94696,-41.5178,0,2950,False,até 20 mil
3159001,Santana do Riacho,MG,Minas Gerais,Sudeste,-19.1662,-43.722,0,10797,False,até 20 mil
2806404,Santana do São Francisco,SE,Sergipe,Nordeste,-10.2922,-36.6105,0,32791,False,20–80 mil
2411429,Santana do Seridó,RN,Rio Grande do Norte,Nordeste,-6.76643,-36.7312,0,7067,False,até 20 mil
2513604,Santana dos Garrotes,PB,Paraíba,Nordeste,-7.38162,-37.9819,0,6509,False,até 20 mil
3159100,Santana dos Montes,MG,Minas Gerais,Sudeste,-20.7868,-43.6949,0,2805,False,até 20 mil
2928307,Santanópolis,BA,Bahia,Nordeste,-12.0311,-38.8694,0,127928,True,80–500 mil
1506807,Santarém,PA,Pará,Norte,-2.43849,-54.6996,0,50057,False,20–80 mil
1506906,Santarém Novo,PA,Pará,Norte,-0.93097,-47.3855,0,20022,False,20–80 mil
4317400,Santiago,RS,Rio Grande do Sul,Sul,-29.1897,-54.8666,0,7988,False,até 20 mil
4215695,Santiago do Sul,SC,Santa Catarina,Sul,-26.6388,-52.6799,0,12130,False,até 20 mil
5107263,Santo Afonso,MT,Mato Grosso,Centro-Oeste,-14.4945,-57.0091,0,4580,False,até 20 mil
2928604,Santo Amaro,BA,Bahia,Nordeste,-12.5472,-38.7137,0,12392,False,até 20 mil
4215703,Santo Amaro da Imperatriz,SC,Santa Catarina,Sul,-27.6852,-48.7813,0,13902,False,até 20 mil
2806602,Santo Amaro das Brotas,SE,Sergipe,Nordeste,-10.7892,-37.0564,0,7902,False,até 20 mil
2110278,Santo Amaro do Maranhão,MA,Maranhão,Nordeste,-2.50068,-43.238,0,26871,False,20–80 mil
3547700,Santo Anastácio,SP,São Paulo,Sudeste,-21.9747,-51.6527,0,14649,False,até 20 mil
3547809,Santo André,SP,São Paulo,Sudeste,-23.6737,-46.5432,0,8284,False,até 20 mil
2513851,Santo André,PB,Paraíba,Nordeste,-7.22016,-36.6213,0,17839,False,até 20 mil
4317509,Santo Ângelo,RS,Rio Grande do Sul,Sul,-28.3001,-54.2668,0,9981,False,até 20 mil
2411502,Santo Antônio,RN,Rio Grande do Norte,Nordeste,-6.31195,-35.4739,0,23964,False,20–80 mil
3547908,Santo Antônio da Alegria,SP,São Paulo,Sudeste,-21.0864,-47.1464,0,147945,True,80–500 mil
5219712,Santo Antônio da Barra,GO,Goiás,Centro-Oeste,-17.5585,-50.6345,0,36960,False,20–80 mil
4317608,Santo Antônio da Patrulha,RS,Rio Grande do Sul,Sul,-29.8268,-50.5175,0,7378,False,até 20 mil
4124103,Santo Antônio da Platina,PR,Paraná,Sul,-23.2959,-50.0815,0,5485,False,até 20 mil
4317707,Santo Antônio das Missões,RS,Rio Grande do Sul,Sul,-28.514,-55.2251,0,7187,False,até 20 mil
5219738,Santo Antônio de Goiás,GO,Goiás,Centro-Oeste,-16.4815,-49.3096,0,49648,False,20–80 mil
2928703,Santo Antônio de Jesus,BA,Bahia,Nordeste,-12.9614,-39.2584,0,9729,False,até 20 mil
2209401,Santo Antônio de Lisboa,PI,Piauí,Nordeste,-6.98676,-41.2252,0,8720,False,até 20 mil
3304706,Santo Antônio de Pádua,RJ,Rio de Janeiro,Sudeste,-21.541,-42.1832,0,82840,True,80–500 mil
3548005,Santo Antônio de Posse,SP,São Paulo,Sudeste,-22.6029,-46.9192,0,53199,False,20–80 mil
3159902,Santo Antônio do Amparo,MG,Minas Gerais,Sudeste,-20.943,-44.9176,0,22429,False,20–80 mil
3548054,Santo Antônio do Aracanguá,SP,São Paulo,Sudeste,-20.9331,-50.498,0,29565,False,20–80 mil
3160009,Santo Antônio do Aventureiro,MG,Minas Gerais,Sudeste,-21.7606,-42.8115,0,2508,False,até 20 mil
4124202,Santo Antônio do Caiuá,PR,Paraná,Sul,-22.7351,-52.344,0,65502,False,20–80 mil
5219753,Santo Antônio do Descoberto,GO,Goiás,Centro-Oeste,-15.9412,-48.2578,0,43900,False,20–80 mil
3160108,Santo Antônio do Grama,MG,Minas Gerais,Sudeste,-20.3185,-42.6047,0,34524,False,20–80 mil
1303700,Santo Antônio do Içá,AM,Amazonas,Norte,-3.09544,-67.9463,0,158165,True,80–500 mil
3160207,Santo Antônio do Itambé,MG,Minas Gerais,Sudeste,-18.4609,-43.3006,0,223627,True,80–500 mil
3160306,Santo Antônio do Jacinto,MG,Minas Gerais,Sudeste,-16.5332,-40.1817,0,14438,False,até 20 mil
3548104,Santo Antônio do Jardim,SP,São Paulo,Sudeste,-22.1121,-46.6845,0,16414,False,até 20 mil
5107792,Santo Antônio do Leste,MT,Mato Grosso,Centro-Oeste,-14.805,-53.6075,0,3806,False,até 20 mil
5107800,Santo Antônio do Leverger,MT,Mato Grosso,Centro-Oeste,-15.8632,-56.0788,0,1611,False,até 20 mil
3160405,Santo Antônio do Monte,MG,Minas Gerais,Sudeste,-20.085,-45.2947,0,18324,False,até 20 mil
4317558,Santo Antônio do Palma,RS,Rio Grande do Sul,Sul,-28.4956,-52.0267,0,14946,False,até 20 mil
4124301,Santo Antônio do Paraíso,PR,Paraná,Sul,-23.4969,-50.6455,0,35513,False,20–80 mil
3548203,Santo Antônio do Pinhal,SP,São Paulo,Sudeste,-22.827,-45.663,0,42318,False,20–80 mil
4317756,Santo Antônio do Planalto,RS,Rio Grande do Sul,Sul,-28.403,-52.6992,0,4195,False,até 20 mil
3160454,Santo Antônio do Retiro,MG,Minas Gerais,Sudeste,-15.3393,-42.6171,0,5611,False,até 20 mil
3160504,Santo Antônio do Rio Abaixo,MG,Minas Gerais,Sudeste,-19.2374,-43.2604,0,1317,False,até 20 mil
4124400,Santo Antônio do Sudoeste,PR,Paraná,Sul,-26.0737,-53.7251,0,4851,False,até 20 mil
1507003,Santo Antônio do Tauá,PA,Pará,Norte,-1.1522,-48.1314,0,12318,False,até 20 mil
2110302,Santo Antônio dos Lopes,MA,Maranhão,Nordeste,-4.86613,-44.3653,0,8896,False,até 20 mil
2209450,Santo Antônio dos Milagres,PI,Piauí,Nordeste,-6.04647,-42.7123,0,2287,False,até 20 mil
4317806,Santo Augusto,RS,Rio Grande do Sul,Sul,-27.8526,-53.7776,0,2685,False,até 20 mil
4317905,Santo Cristo,RS,Rio Grande do Sul,Sul,-27.8263,-54.662,0,211929,True,80–500 mil
2928802,Santo Estêvão,BA,Bahia,Nordeste,-12.428,-39.2505,0,5954,False,até 20 mil
3548302,Santo Expedito,SP,São Paulo,Sudeste,-21.8467,-51.3929,0,90922,True,80–500 mil
4317954,Santo Expedito do Sul,RS,Rio Grande do Sul,Sul,-27.9074,-51.6434,0,3465,False,até 20 mil
3160603,Santo Hipólito,MG,Minas Gerais,Sudeste,-18.2968,-44.2229,0,4972,False,até 20 mil
4124509,Santo Inácio,PR,Paraná,Sul,-22.6957,-51.7969,0,20933,False,20–80 mil
2209500,Santo Inácio do Piauí,PI,Piauí,Nordeste,-7.42072,-41.9063,0,3033,False,até 20 mil
3548401,Santópolis do Aguapeí,SP,São Paulo,Sudeste,-21.6376,-50.5044,0,12302,False,até 20 mil
3548500,Santos,SP,São Paulo,Sudeste,-23.9535,-46.335,0,30390,False,20–80 mil
3160702,Santos Dumont,MG,Minas Gerais,Sudeste,-21.4634,-43.5499,0,2900,False,até 20 mil
2312304,São Benedito,CE,Ceará,Nordeste,-4.04713,-40.8596,0,21224,False,20–80 mil
2110401,São Benedito do Rio Preto,MA,Maranhão,Nordeste,-3.33515,-43.5287,0,800,False,até 20 mil
2612901,São Benedito do Sul,PE,Pernambuco,Nordeste,-8.8166,-35.9453,0,29851,False,20–80 mil
2513927,São Bentinho,PB,Paraíba,Nordeste,-6.88596,-37.7243,0,12029,False,até 20 mil
2513901,São Bento,PB,Paraíba,Nordeste,-6.48529,-37.4488,0,5072,False,até 20 mil
2110500,São Bento,MA,Maranhão,Nordeste,-2.69781,-44.8289,0,3919,False,até 20 mil
3160801,São Bento Abade,MG,Minas Gerais,Sudeste,-21.5839,-45.0699,0,1964,False,até 20 mil
2411601,São Bento do Norte,RN,Rio Grande do Norte,Nordeste,-5.09259,-35.9587,0,12073,False,até 20 mil
3548609,São Bento do Sapucaí,SP,São Paulo,Sudeste,-22.6837,-45.7287,0,79384,False,20–80 mil
4215802,São Bento do Sul,SC,Santa Catarina,Sul,-26.2495,-49.3831,0,43905,False,20–80 mil
1720101,São Bento do Tocantins,TO,Tocantins,Norte,-6.0258,-47.9012,0,3366,False,até 20 mil
2411700,São Bento do Trairí,RN,Rio Grande do Norte,Nordeste,-6.33798,-36.0863,0,12130,False,até 20 mil
2613008,São Bento do Una,PE,Pernambuco,Nordeste,-8.52637,-36.4465,0,41685,False,20–80 mil
4215752,São Bernardino,SC,Santa Catarina,Sul,-26.4739,-52.9687,0,15632,False,até 20 mil
2110609,São Bernardo,MA,Maranhão,Nordeste,-3.37223,-42.4191,0,45514,False,20–80 mil
3548708,São Bernardo do Campo,SP,São Paulo,Sudeste,-23.6914,-46.5646,0,3632,False,até 20 mil
4215901,São Bonifácio,SC,Santa Catarina,Sul,-27.9009,-48.9326,0,24725,False,20–80 mil
4318002,São Borja,RS,Rio Grande do Sul,Sul,-28.6578,-56.0036,0,8502,False,até 20 mil
2708204,São Brás,AL,Alagoas,Nordeste,-10.1141,-36.8522,0,31147,False,20–80 mil
3160900,São Brás do Suaçuí,MG,Minas Gerais,Sudeste,-20.6242,-43.9515,0,64161,False,20–80 mil
2209559,São Braz do Piauí,PI,Piauí,Nordeste,-9.05797,-43.0076,0,2185,False,até 20 mil
2613107,São Caetano,PE,Pernambuco,Nordeste,-8.33763,-36.2869,0,67877,False,20–80 mil
1507102,São Caetano de Odivelas,PA,Pará,Norte,-0.747293,-48.0246,0,14937,False,até 20 mil
3548807,São Caetano do Sul,SP,São Paulo,Sudeste,-23.6229,-46.5548,0,28677,False,20–80 mil
3548906,São Carlos,SP,São Paulo,Sudeste,-22.0174,-47.886,0,19053,False,até 20 mil
4216008,São Carlos,SC,Santa Catarina,Sul,-27.0798,-53.0037,0,3653,False,até 20 mil
4124608,São Carlos do Ivaí,PR,Paraná,Sul,-23.3158,-52.4761,0,4949,False,até 20 mil
2806701,São Cristóvão,SE,Sergipe,Nordeste,-11.0084,-37.2044,0,8090,False,até 20 mil
4216057,São Cristovão do Sul,SC,Santa Catarina,Sul,-27.2666,-50.4388,0,3077,False,até 20 mil
2928901,São Desidério,BA,Bahia,Nordeste,-12.3572,-44.9769,0,4382,False,até 20 mil
2928950,São Domingos,BA,Bahia,Nordeste,-11.4649,-39.5268,0,3469,False,até 20 mil
4216107,São Domingos,SC,Santa Catarina,Sul,-26.5548,-52.5313,0,60616,False,20–80 mil
2513968,São Domingos,PB,Paraíba,Nordeste,-6.80313,-37.9488,0,1317,False,até 20 mil
2806800,São Domingos,SE,Sergipe,Nordeste,-10.7916,-37.5685,0,13292,False,até 20 mil
5219803,São Domingos,GO,Goiás,Centro-Oeste,-13.621,-46.7415,0,24886,False,20–80 mil
3160959,São Domingos das Dores,MG,Minas Gerais,Sudeste,-19.5246,-42.0106,0,13026,False,até 20 mil
1507151,São Domingos do Araguaia,PA,Pará,Norte,-5.53732,-48.7366,0,194343,True,80–500 mil
2110658,São Domingos do Azeitão,MA,Maranhão,Nordeste,-6.81471,-44.6509,0,800,False,até 20 mil
1507201,São Domingos do Capim,PA,Pará,Norte,-1.68768,-47.7665,0,3122,False,até 20 mil
2513943,São Domingos do Cariri,PB,Paraíba,Nordeste,-7.63273,-36.4374,0,8863,False,até 20 mil
2110708,São Domingos do Maranhão,MA,Maranhão,Nordeste,-5.58095,-44.3822,0,8001,False,até 20 mil
3204658,São Domingos do Norte,ES,Espírito Santo,Sudeste,-19.1452,-40.6281,0,28321,False,20–80 mil
3161007,São Domingos do Prata,MG,Minas Gerais,Sudeste,-19.8678,-42.971,0,14650,False,até 20 mil
4318051,São Domingos do Sul,RS,Rio Grande do Sul,Sul,-28.5312,-51.886,0,1469,False,até 20 mil
2929107,São Felipe,BA,Bahia,Nordeste,-12.8394,-39.0893,0,5131,False,até 20 mil
1101484,São Felipe D'Oeste,RO,Rondônia,Norte,-11.9023,-61.5026,0,5918,False,até 20 mil
2929008,São Félix,BA,Bahia,Nordeste,-12.6104,-38.9727,0,12618,False,até 20 mil
2110807,São Félix de Balsas,MA,Maranhão,Nordeste,-7.07535,-44.8092,0,3202,False,até 20 mil
3161056,São Félix de Minas,MG,Minas Gerais,Sudeste,-18.5959,-41.4889,0,6868,False,até 20 mil
5107859,São Félix do Araguaia,MT,Mato Grosso,Centro-Oeste,-11.615,-50.6706,0,13584,False,até 20 mil
2929057,São Félix do Coribe,BA,Bahia,Nordeste,-13.4019,-44.1837,0,19700,False,até 20 mil
2209609,São Félix do Piauí,PI,Piauí,Nordeste,-5.93485,-42.1172,0,1622,False,até 20 mil
1720150,São Félix do Tocantins,TO,Tocantins,Norte,-10.1615,-46.6618,0,2238,False,até 20 mil
1507300,São Félix do Xingu,PA,Pará,Norte,-6.64254,-51.9904,0,36477,False,20–80 mil
2411809,São Fernando,RN,Rio Grande do Norte,Nordeste,-6.37975,-37.1864,0,2716,False,até 20 mil
3304805,São Fidélis,RJ,Rio de Janeiro,Sudeste,-21.6551,-41.756,0,37814,False,20–80 mil
3549003,São Francisco,SP,São Paulo,Sudeste,-20.3623,-50.6952,0,26369,False,20–80 mil
2513984,São Francisco,PB,Paraíba,Nordeste,-6.60773,-38.0968,0,25625,False,20–80 mil
2806909,São Francisco,SE,Sergipe,Nordeste,-10.3442,-36.8869,0,23484,False,20–80 mil
3161106,São Francisco,MG,Minas Gerais,Sudeste,-15.9514,-44.8593,0,7978,False,até 20 mil
4318101,São Francisco de Assis,RS,Rio Grande do Sul,Sul,-29.5547,-55.1253,0,8656,False,até 20 mil
2209658,São Francisco de Assis do Piauí,PI,Piauí,Nordeste,-8.23599,-41.6873,0,19332,False,até 20 mil
5219902,São Francisco de Goiás,GO,Goiás,Centro-Oeste,-15.9256,-49.2605,0,24459,False,20–80 mil
3304755,São Francisco de Itabapoana,RJ,Rio de Janeiro,Sudeste,-21.4702,-41.1091,0,140747,True,80–500 mil
4318200,São Francisco de Paula,RS,Rio Grande do Sul,Sul,-29.4404,-50.5828,0,2728,False,até 20 mil
3161205,São Francisco de Paula,MG,Minas Gerais,Sudeste,-20.7036,-44.9838,0,27877,False,20–80 mil
3161304,São Francisco de Sales,MG,Minas Gerais,Sudeste,-19.8611,-49.7727,0,9311,False,até 20 mil
2110856,São Francisco do Brejão,MA,Maranhão,Nordeste,-5.12584,-47.389,0,28413,False,20–80 mil
2929206,São Francisco do Conde,BA,Bahia,Nordeste,-12.6183,-38.6786,0,14428,False,até 20 mil
3161403,São Francisco do Glória,MG,Minas Gerais,Sudeste,-20.7923,-42.2673,0,17297,False,até 20 mil
1101492,São Francisco do Guaporé,RO,Rondônia,Norte,-12.052,-63.568,0,2159,False,até 20 mil
2110906,São Francisco do Maranhão,MA,Maranhão,Nordeste,-6.25159,-42.8668,0,5580,False,até 20 mil
2411908,São Francisco do Oeste,RN,Rio Grande do Norte,Nordeste,-5.97472,-38.1519,0,3230,False,até 20 mil
1507409,São Francisco do Pará,PA,Pará,Norte,-1.16963,-47.7917,0,3320,False,até 20 mil
2209708,São Francisco do Piauí,PI,Piauí,Nordeste,-7.2463,-42.541,0,12789,False,até 20 mil
4216206,São Francisco do Sul,SC,Santa Catarina,Sul,-26.2579,-48.6344,0,11473,False,até 20 mil
4318309,São Gabriel,RS,Rio Grande do Sul,Sul,-30.3337,-54.3217,0,4680,False,até 20 mil
2929255,São Gabriel,BA,Bahia,Nordeste,-11.2175,-41.8843,0,5876,False,até 20 mil
1303809,São Gabriel da Cachoeira,AM,Amazonas,Norte,-0.11909,-67.084,0,42601,False,20–80 mil
3204708,São Gabriel da Palha,ES,Espírito Santo,Sudeste,-19.0182,-40.5365,0,3298,False,até 20 mil
5007695,São Gabriel do Oeste,MS,Mato Grosso do Sul,Centro-Oeste,-19.3889,-54.5507,0,3837,False,até 20 mil
3161502,São Geraldo,MG,Minas Gerais,Sudeste,-20.9252,-42.8364,0,7777,False,até 20 mil
3161601,São Geraldo da Piedade,MG,Minas Gerais,Sudeste,-18.8411,-42.2867,0,6622,False,até 20 mil
1507458,São Geraldo do Araguaia,PA,Pará,Norte,-6.39471,-48.5592,0,18688,False,até 20 mil
3161650,São Geraldo do Baixio,MG,Minas Gerais,Sudeste,-18.9097,-41.363,0,2053,False,até 20 mil
3304904,São Gonçalo,RJ,Rio de Janeiro,Sudeste,-22.8268,-43.0634,0,88210,True,80–500 mil
3161700,São Gonçalo do Abaeté,MG,Minas Gerais,Sudeste,-18.3315,-45.8265,0,1096,False,até 20 mil
2412005,São Gonçalo do Amarante,RN,Rio Grande do Norte,Nordeste,-5.79068,-35.3257,0,98955,True,80–500 mil
2312403,São Gonçalo do Amarante,CE,Ceará,Nordeste,-3.60515,-38.9726,0,27556,False,20–80 mil
2209757,São Gonçalo do Gurguéia,PI,Piauí,Nordeste,-10.0319,-45.3092,0,17557,False,até 20 mil
3161809,São Gonçalo do Pará,MG,Minas Gerais,Sudeste,-19.9822,-44.8593,0,7236,False,até 20 mil
2209807,São Gonçalo do Piauí,PI,Piauí,Nordeste,-5.99393,-42.7095,0,6261,False,até 20 mil
3161908,São Gonçalo do Rio Abaixo,MG,Minas Gerais,Sudeste,-19.8221,-43.366,0,10267,False,até 20 mil
3125507,São Gonçalo do Rio Preto,MG,Minas Gerais,Sudeste,-18.0025,-43.3854,0,2344,False,até 20 mil
3162005,São Gonçalo do Sapucaí,MG,Minas Gerais,Sudeste,-21.8932,-45.5893,0,9289,False,até 20 mil
2929305,São Gonçalo dos Campos,BA,Bahia,Nordeste,-12.4331,-38.9663,0,36711,False,20–80 mil
3162104,São Gotardo,MG,Minas Gerais,Sudeste,-19.3087,-46.0465,0,10236,False,até 20 mil
4318408,São Jerônimo,RS,Rio Grande do Sul,Sul,-29.9716,-51.7251,0,24039,False,20–80 mil
4124707,São Jerônimo da Serra,PR,Paraná,Sul,-23.7218,-50.7475,0,3043,False,até 20 mil
4124806,São João,PR,Paraná,Sul,-25.8214,-52.7252,0,34926,False,20–80 mil
2613206,São João,PE,Pernambuco,Nordeste,-8.87576,-36.3653,0,5180,False,até 20 mil
2111003,São João Batista,MA,Maranhão,Nordeste,-2.95398,-44.7953,0,18287,False,até 20 mil
4216305,São João Batista,SC,Santa Catarina,Sul,-27.2772,-48.8474,0,5173,False,até 20 mil
3162203,São João Batista do Glória,MG,Minas Gerais,Sudeste,-20.635,-46.508,0,900,False,até 20 mil
5220009,São João d'Aliança,GO,Goiás,Centro-Oeste,-14.7048,-47.5228,0,22431,False,20–80 mil
1400506,São João da Baliza,RR,Roraima,Norte,0.951659,-59.9133,0,35428,False,20–80 mil
3305000,São João da Barra,RJ,Rio de Janeiro,Sudeste,-21.638,-41.0446,0,46347,False,20–80 mil
3549102,São João da Boa Vista,SP,São Paulo,Sudeste,-21.9707,-46.7944,0,17595,False,até 20 mil
2209856,São João da Canabrava,PI,Piauí,Nordeste,-6.81203,-41.3415,0,14092,False,até 20 mil
2209872,São João da Fronteira,PI,Piauí,Nordeste,-3.95497,-41.2569,0,864,False,até 20 mil
3162252,São João da Lagoa,MG,Minas Gerais,Sudeste,-16.8455,-44.3507,0,3526,False,até 20 mil
3162302,São João da Mata,MG,Minas Gerais,Sudeste,-21.928,-45.9297,0,15101,False,até 20 mil
5220058,São João da Paraúna,GO,Goiás,Centro-Oeste,-16.8126,-50.4092,0,3788,False,até 20 mil
1507466,São João da Ponta,PA,Pará,Norte,-0.857885,-47.918,0,13065,False,até 20 mil
3162401,São João da Ponte,MG,Minas Gerais,Sudeste,-15.9271,-44.0096,0,14769,False,até 20 mil
2209906,São João da Serra,PI,Piauí,Nordeste,-5.51081,-41.8923,0,15495,False,até 20 mil
4318424,São João da Urtiga,RS,Rio Grande do Sul,Sul,-27.8195,-51.8257,0,12798,False,até 20 mil
2209955,São João da Varjota,PI,Piauí,Nordeste,-6.94082,-41.8889,0,7286,False,até 20 mil
3549201,São João das Duas Pontes,SP,São Paulo,Sudeste,-20.3879,-50.3792,0,35545,False,20–80 mil
3162450,São João das Missões,MG,Minas Gerais,Sudeste,-14.8859,-44.0922,0,2712,False,até 20 mil
3549250,São João de Iracema,SP,São Paulo,Sudeste,-20.5111,-50.3561,0,253511,True,80–500 mil
3305109,São João de Meriti,RJ,Rio de Janeiro,Sudeste,-22.8058,-43.3729,0,23905,False,20–80 mil
1507474,São João de Pirabas,PA,Pará,Norte,-0.780222,-47.181,0,2124,False,até 20 mil
3162500,São João del Rei,MG,Minas Gerais,Sudeste,-21.1311,-44.2526,0,11486,False,até 20 mil
1507508,São João do Araguaia,PA,Pará,Norte,-5.36334,-48.7926,0,32293,False,20–80 mil
2209971,São João do Arraial,PI,Piauí,Nordeste,-3.8186,-42.4459,0,11953,False,até 20 mil
4124905,São João do Caiuá,PR,Paraná,Sul,-22.8535,-52.3411,0,1719,False,até 20 mil
2514008,São João do Cariri,PB,Paraíba,Nordeste,-7.38168,-36.5345,0,2094,False,até 20 mil
2111029,São João do Carú,MA,Maranhão,Nordeste,-3.5503,-46.2507,0,21842,False,20–80 mil
4216354,São João do Itaperiú,SC,Santa Catarina,Sul,-26.6213,-48.7683,0,5184,False,até 20 mil
4125001,São João do Ivaí,PR,Paraná,Sul,-23.9833,-51.8215,0,31050,False,20–80 mil
2312502,São João do Jaguaribe,CE,Ceará,Nordeste,-5.27516,-38.2694,0,22003,False,20–80 mil
3162559,São João do Manhuaçu,MG,Minas Gerais,Sudeste,-20.3933,-42.1533,0,29709,False,20–80 mil
3162575,São João do Manteninha,MG,Minas Gerais,Sudeste,-18.723,-41.1628,0,22682,False,20–80 mil
4216255,São João do Oeste,SC,Santa Catarina,Sul,-27.0984,-53.5977,0,5028,False,até 20 mil
3162609,São João do Oriente,MG,Minas Gerais,Sudeste,-19.3384,-42.1575,0,8688,False,até 20 mil
3162658,São João do Pacuí,MG,Minas Gerais,Sudeste,-16.5373,-44.5134,0,5766,False,até 20 mil
3162708,São João do Paraíso,MG,Minas Gerais,Sudeste,-15.3168,-42.0213,0,4828,False,até 20 mil
2111052,São João do Paraíso,MA,Maranhão,Nordeste,-6.45634,-47.0594,0,88382,True,80–500 mil
3549300,São João do Pau d'Alho,SP,São Paulo,Sudeste,-21.2662,-51.6672,0,21394,False,20–80 mil
2210003,São João do Piauí,PI,Piauí,Nordeste,-8.35466,-42.2559,0,9108,False,até 20 mil
4318432,São João do Polêsine,RS,Rio Grande do Sul,Sul,-29.6194,-53.4439,0,14230,False,até 20 mil
2500700,São João do Rio do Peixe,PB,Paraíba,Nordeste,-6.72195,-38.4468,0,15788,False,até 20 mil
2412104,São João do Sabugi,RN,Rio Grande do Norte,Nordeste,-6.71387,-37.2027,0,7700,False,até 20 mil
2111078,São João do Soter,MA,Maranhão,Nordeste,-5.10821,-43.8163,0,9380,False,até 20 mil
4216404,São João do Sul,SC,Santa Catarina,Sul,-29.2154,-49.8094,0,4708,False,até 20 mil
2514107,São João do Tigre,PB,Paraíba,Nordeste,-8.07703,-36.8547,0,11261,False,até 20 mil
4125100,São João do Triunfo,PR,Paraná,Sul,-25.683,-50.2949,0,8483,False,até 20 mil
2111102,São João dos Patos,MA,Maranhão,Nordeste,-6.4934,-43.7036,0,17734,False,até 20 mil
3162807,São João Evangelista,MG,Minas Gerais,Sudeste,-18.548,-42.7655,0,16142,False,até 20 mil
3162906,São João Nepomuceno,MG,Minas Gerais,Sudeste,-21.5381,-43.0069,0,11958,False,até 20 mil
4216503,São Joaquim,SC,Santa Catarina,Sul,-28.2887,-49.9457,0,2503,False,até 20 mil
3549409,São Joaquim da Barra,SP,São Paulo,Sudeste,-20.5812,-47.8593,0,42111,False,20–80 mil
3162922,São Joaquim de Bicas,MG,Minas Gerais,Sudeste,-20.048,-44.2749,0,19281,False,até 20 mil
2613305,São Joaquim do Monte,PE,Pernambuco,Nordeste,-8.43196,-35.8035,0,43028,False,20–80 mil
4318440,São Jorge,RS,Rio Grande do Sul,Sul,-28.4984,-51.7064,0,1085,False,até 20 mil
4125209,São Jorge d'Oeste,PR,Paraná,Sul,-25.7085,-52.9204,0,8876,False,até 20 mil
4125308,São Jorge do Ivaí,PR,Paraná,Sul,-23.4336,-52.2929,0,17580,False,até 20 mil
4125357,São Jorge do Patrocínio,PR,Paraná,Sul,-23.7647,-53.8823,0,21229,False,20–80 mil
4216602,São José,SC,Santa Catarina,Sul,-27.6136,-48.6366,0,1971,False,até 20 mil
3162948,São José da Barra,MG,Minas Gerais,Sudeste,-20.7178,-46.313,0,11155,False,até 20 mil
3549508,São José da Bela Vista,SP,São Paulo,Sudeste,-20.5935,-47.6424,0,274140,True,80–500 mil
4125407,São José da Boa Vista,PR,Paraná,Sul,-23.9122,-49.6577,0,4513,False,até 20 mil
2613404,São José da Coroa Grande,PE,Pernambuco,Nordeste,-8.88937,-35.1515,0,13565,False,até 20 mil
2514206,São José da Lagoa Tapada,PB,Paraíba,Nordeste,-6.93646,-38.1622,0,17847,False,até 20 mil
2708303,São José da Laje,AL,Alagoas,Nordeste,-9.01278,-36.0515,0,25087,False,20–80 mil
3162955,São José da Lapa,MG,Minas Gerais,Sudeste,-19.6971,-43.9586,0,23747,False,20–80 mil
3163003,São José da Safira,MG,Minas Gerais,Sudeste,-18.3243,-42.1431,0,10706,False,até 20 mil
2708402,São José da Tapera,AL,Alagoas,Nordeste,-9.55768,-37.3831,0,10047,False,até 20 mil
3163102,São José da Varginha,MG,Minas Gerais,Sudeste,-19.7006,-44.556,0,22873,False,20–80 mil
2929354,São José da Vitória,BA,Bahia,Nordeste,-15.0787,-39.3437,0,30761,False,20–80 mil
4318457,São José das Missões,RS,Rio Grande do Sul,Sul,-27.7789,-53.1226,0,57436,False,20–80 mil
4125456,São José das Palmeiras,PR,Paraná,Sul,-24.8369,-54.0572,0,24669,False,20–80 mil
2514305,São José de Caiana,PB,Paraíba,Nordeste,-7.24636,-38.2989,0,20406,False,20–80 mil
2514404,São José de Espinharas,PB,Paraíba,Nordeste,-6.83974,-37.3214,0,3643,False,até 20 mil
2412203,São José de Mipibu,RN,Rio Grande do Norte,Nordeste,-6.0773,-35.2417,0,3993,False,até 20 mil
2514503,São José de Piranhas,PB,Paraíba,Nordeste,-7.1187,-38.502,0,1320,False,até 20 mil
2514552,São José de Princesa,PB,Paraíba,Nordeste,-7.73633,-38.0894,0,4348,False,até 20 mil
2111201,São José de Ribamar,MA,Maranhão,Nordeste,-2.54704,-44.0597,0,2289,False,até 20 mil
3305133,São José de Ubá,RJ,Rio de Janeiro,Sudeste,-21.3661,-41.9511,0,101883,True,80–500 mil
3163201,São José do Alegre,MG,Minas Gerais,Sudeste,-22.3243,-45.5258,0,25146,False,20–80 mil
3549607,São José do Barreiro,SP,São Paulo,Sudeste,-22.6414,-44.5774,0,16683,False,até 20 mil
2613503,São José do Belmonte,PE,Pernambuco,Nordeste,-7.85723,-38.7577,0,1178,False,até 20 mil
2514602,São José do Bonfim,PB,Paraíba,Nordeste,-7.1607,-37.3036,0,20794,False,20–80 mil
2514651,São José do Brejo do Cruz,PB,Paraíba,Nordeste,-6.21054,-37.3601,0,4308,False,até 20 mil
3204807,São José do Calçado,ES,Espírito Santo,Sudeste,-21.0274,-41.6636,0,3064,False,até 20 mil
2412302,São José do Campestre,RN,Rio Grande do Norte,Nordeste,-6.31087,-35.7067,0,45199,False,20–80 mil
4216701,São José do Cedro,SC,Santa Catarina,Sul,-26.4561,-53.4955,0,8286,False,até 20 mil
4216800,São José do Cerrito,SC,Santa Catarina,Sul,-27.6602,-50.5733,0,5348,False,até 20 mil
2210052,São José do Divino,PI,Piauí,Nordeste,-3.81411,-41.8308,0,2025,False,até 20 mil
3163300,São José do Divino,MG,Minas Gerais,Sudeste,-18.4793,-41.3907,0,3982,False,até 20 mil
2613602,São José do Egito,PE,Pernambuco,Nordeste,-7.46945,-37.274,0,1805,False,até 20 mil
3163409,São José do Goiabal,MG,Minas Gerais,Sudeste,-19.9214,-42.7035,0,1320,False,até 20 mil
4318465,São José do Herval,RS,Rio Grande do Sul,Sul,-29.052,-52.295,0,2052,False,até 20 mil
4318481,São José do Hortêncio,RS,Rio Grande do Sul,Sul,-29.528,-51.245,0,40915,False,20–80 mil
4318499,São José do Inhacorá,RS,Rio Grande do Sul,Sul,-27.7251,-54.1275,0,23425,False,20–80 mil
2929370,São José do Jacuípe,BA,Bahia,Nordeste,-11.4137,-39.8669,0,11442,False,até 20 mil
3163508,São José do Jacuri,MG,Minas Gerais,Sudeste,-18.281,-42.6729,0,52701,False,20–80 mil
3163607,São José do Mantimento,MG,Minas Gerais,Sudeste,-20.0058,-41.7486,0,12796,False,até 20 mil
4318507,São José do Norte,RS,Rio Grande do Sul,Sul,-32.0151,-52.0331,0,14370,False,até 20 mil
4318606,São José do Ouro,RS,Rio Grande do Sul,Sul,-27.7707,-51.5966,0,2973,False,até 20 mil
2210102,São José do Peixe,PI,Piauí,Nordeste,-7.48554,-42.5672,0,1154,False,até 20 mil
2210201,São José do Piauí,PI,Piauí,Nordeste,-6.87194,-41.4731,0,2740,False,até 20 mil
5107297,São José do Povo,MT,Mato Grosso,Centro-Oeste,-16.4549,-54.2487,0,6679,False,até 20 mil
5107305,São José do Rio Claro,MT,Mato Grosso,Centro-Oeste,-13.4398,-56.7218,0,800,False,até 20 mil
3549706,São José do Rio Pardo,SP,São Paulo,Sudeste,-21.5953,-46.8873,0,224879,True,80–500 mil
3549805,São José do Rio Preto,SP,São Paulo,Sudeste,-20.8113,-49.3758,0,30731,False,20–80 mil
2514701,São José do Sabugi,PB,Paraíba,Nordeste,-6.76295,-36.7972,0,3644,False,até 20 mil
2412401,São José do Seridó,RN,Rio Grande do Norte,Nordeste,-6.44002,-36.8746,0,12767,False,até 20 mil
4318614,São José do Sul,RS,Rio Grande do Sul,Sul,-29.5448,-51.4821,0,8997,False,até 20 mil
3305158,São José do Vale do Rio Preto,RJ,Rio de Janeiro,Sudeste,-22.1525,-42.9327,0,19991,False,até 20 mil
5107354,São José do Xingu,MT,Mato Grosso,Centro-Oeste,-10.7982,-52.7486,0,5473,False,até 20 mil
4318622,São José dos Ausentes,RS,Rio Grande do Sul,Sul,-28.7476,-50.0677,0,4536,False,até 20 mil
2111250,São José dos Basílios,MA,Maranhão,Nordeste,-5.05493,-44.5809,0,43435,False,20–80 mil
3549904,São José dos Campos,SP,São Paulo,Sudeste,-23.1896,-45.8841,0,216915,True,80–500 mil
2514800,São José dos Cordeiros,PB,Paraíba,Nordeste,-7.38775,-36.8085,0,1055,False,até 20 mil
4125506,São José dos Pinhais,PR,Paraná,Sul,-25.5313,-49.2031,0,12689,False,até 20 mil
5107107,São José dos Quatro Marcos,MT,Mato Grosso,Centro-Oeste,-15.6276,-58.1772,0,3662,False,até 20 mil
2514453,São José dos Ramos,PB,Paraíba,Nordeste,-7.25238,-35.3725,0,53761,False,20–80 mil
2210300,São Julião,PI,Piauí,Nordeste,-7.08391,-40.8246,0,11162,False,até 20 mil
4318705,São Leopoldo,RS,Rio Grande do Sul,Sul,-29.7545,-51.1498,0,7862,False,até 20 mil
3163706,São Lourenço,MG,Minas Gerais,Sudeste,-22.1166,-45.0506,0,1464,False,até 20 mil
2613701,São Lourenço da Mata,PE,Pernambuco,Nordeste,-8.00684,-35.0124,0,6120,False,até 20 mil
3549953,São Lourenço da Serra,SP,São Paulo,Sudeste,-23.8491,-46.9432,0,69731,False,20–80 mil
4216909,São Lourenço do Oeste,SC,Santa Catarina,Sul,-26.3557,-52.8498,0,34706,False,20–80 mil
2210359,São Lourenço do Piauí,PI,Piauí,Nordeste,-9.16463,-42.5496,0,12810,False,até 20 mil
4318804,São Lourenço do Sul,RS,Rio Grande do Sul,Sul,-31.3564,-51.9715,0,5785,False,até 20 mil
4217006,São Ludgero,SC,Santa Catarina,Sul,-28.3144,-49.1806,0,14174,False,até 20 mil
2111300,São Luís,MA,Maranhão,Nordeste,-2.53874,-44.2825,1,2151569,True,acima de 500 mil
5220108,São Luís de Montes Belos,GO,Goiás,Centro-Oeste,-16.5211,-50.3726,0,27374,False,20–80 mil
2312601,São Luís do Curu,CE,Ceará,Nordeste,-3.66976,-39.2391,0,16766,False,até 20 mil
2210375,São Luis do Piauí,PI,Piauí,Nordeste,-6.81936,-41.3175,0,1332,False,até 20 mil
2708501,São Luís do Quitunde,AL,Alagoas,Nordeste,-9.31816,-35.5606,0,3936,False,até 20 mil
2111409,São Luís Gonzaga do Maranhão,MA,Maranhão,Nordeste,-4.38541,-44.6654,0,6328,False,até 20 mil
1400605,São Luiz,RR,Roraima,Norte,1.01019,-60.0419,0,35428,False,20–80 mil
5220157,São Luiz do Norte,GO,Goiás,Centro-Oeste,-14.8608,-49.3285,0,2850,False,até 20 mil
3550001,São Luiz do Paraitinga,SP,São Paulo,Sudeste,-23.222,-45.3109,0,42830,False,20–80 mil
4318903,São Luiz Gonzaga,RS,Rio Grande do Sul,Sul,-28.412,-54.9559,0,809,False,até 20 mil
2514909,São Mamede,PB,Paraíba,Nordeste,-6.92386,-37.0954,0,19393,False,até 20 mil
4125555,São Manoel do Paraná,PR,Paraná,Sul,-23.3941,-52.6454,0,2813,False,até 20 mil
3550100,São Manuel,SP,São Paulo,Sudeste,-22.7321,-48.5723,0,28424,False,20–80 mil
4319000,São Marcos,RS,Rio Grande do Sul,Sul,-28.9677,-51.0696,0,26155,False,20–80 mil
4217105,São Martinho,SC,Santa Catarina,Sul,-28.1609,-48.9867,0,13748,False,até 20 mil
4319109,São Martinho,RS,Rio Grande do Sul,Sul,-27.7112,-53.9699,0,6965,False,até 20 mil
4319125,São Martinho da Serra,RS,Rio Grande do Sul,Sul,-29.5397,-53.859,0,4467,False,até 20 mil
3204906,São Mateus,ES,Espírito Santo,Sudeste,-18.7214,-39.8579,0,26069,False,20–80 mil
2111508,São Mateus do Maranhão,MA,Maranhão,Nordeste,-4.03736,-44.4707,0,11443,False,até 20 mil
4125605,São Mateus do Sul,PR,Paraná,Sul,-25.8677,-50.384,0,9292,False,até 20 mil
2412500,São Miguel,RN,Rio Grande do Norte,Nordeste,-6.20283,-38.4947,0,17687,False,até 20 mil
3550209,São Miguel Arcanjo,SP,São Paulo,Sudeste,-23.8782,-47.9935,0,15379,False,até 20 mil
2210383,São Miguel da Baixa Grande,PI,Piauí,Nordeste,-5.85646,-42.1934,0,2038,False,até 20 mil
4217154,São Miguel da Boa Vista,SC,Santa Catarina,Sul,-26.687,-53.2511,0,4534,False,até 20 mil
2929404,São Miguel das Matas,BA,Bahia,Nordeste,-13.0434,-39.4578,0,6650,False,até 20 mil
4319158,São Miguel das Missões,RS,Rio Grande do Sul,Sul,-28.556,-54.5559,0,4111,False,até 20 mil
2515005,São Miguel de Taipu,PB,Paraíba,Nordeste,-7.24764,-35.2016,0,18238,False,até 20 mil
2807006,São Miguel do Aleixo,SE,Sergipe,Nordeste,-10.3847,-37.3836,0,12725,False,até 20 mil
3163805,São Miguel do Anta,MG,Minas Gerais,Sudeste,-20.7067,-42.7174,0,4400,False,até 20 mil
5220207,São Miguel do Araguaia,GO,Goiás,Centro-Oeste,-13.2731,-50.1634,0,5284,False,até 20 mil
2210391,São Miguel do Fidalgo,PI,Piauí,Nordeste,-7.59713,-42.3676,0,2706,False,até 20 mil
2412559,São Miguel do Gostoso,RN,Rio Grande do Norte,Nordeste,-5.12302,-35.6354,0,8045,False,até 20 mil
1507607,São Miguel do Guamá,PA,Pará,Norte,-1.61307,-47.4784,0,13858,False,até 20 mil
1100320,São Miguel do Guaporé,RO,Rondônia,Norte,-11.6953,-62.7192,0,19336,False,até 20 mil
4125704,São Miguel do Iguaçu,PR,Paraná,Sul,-25.3492,-54.2405,0,51185,False,20–80 mil
4217204,São Miguel do Oeste,SC,Santa Catarina,Sul,-26.7242,-53.5163,0,8988,False,até 20 mil
5220264,São Miguel do Passa Quatro,GO,Goiás,Centro-Oeste,-17.0582,-48.662,0,53129,False,20–80 mil
2210409,São Miguel do Tapuio,PI,Piauí,Nordeste,-5.49729,-41.3165,0,4047,False,até 20 mil
1720200,São Miguel do Tocantins,TO,Tocantins,Norte,-5.56305,-47.5743,0,17546,False,até 20 mil
2708600,São Miguel dos Campos,AL,Alagoas,Nordeste,-9.78301,-36.0971,0,20909,False,20–80 mil
2708709,São Miguel dos Milagres,AL,Alagoas,Nordeste,-9.26493,-35.3763,0,10788,False,até 20 mil
4319208,São Nicolau,RS,Rio Grande do Sul,Sul,-28.1834,-55.2654,0,11295,False,até 20 mil
5220280,São Patrício,GO,Goiás,Centro-Oeste,-15.35,-49.818,0,31914,False,20–80 mil
3550308,São Paulo,SP,São Paulo,Sudeste,-23.5329,-46.6395,1,9278583,True,acima de 500 mil
4319307,São Paulo das Missões,RS,Rio Grande do Sul,Sul,-28.0195,-54.9404,0,2849,False,até 20 mil
1303908,São Paulo de Olivença,AM,Amazonas,Norte,-3.47292,-68.9646,0,31355,False,20–80 mil
2412609,São Paulo do Potengi,RN,Rio Grande do Norte,Nordeste,-5.8994,-35.7642,0,6595,False,até 20 mil
2412708,São Pedro,RN,Rio Grande do Norte,Nordeste,-5.90559,-35.6317,0,7770,False,até 20 mil
3550407,São Pedro,SP,São Paulo,Sudeste,-22.5483,-47.9096,0,81983,True,80–500 mil
2111532,São Pedro da Água Branca,MA,Maranhão,Nordeste,-5.08472,-48.4291,0,2101,False,até 20 mil
3305208,São Pedro da Aldeia,RJ,Rio de Janeiro,Sudeste,-22.8429,-42.1026,0,121450,True,80–500 mil
5107404,São Pedro da Cipa,MT,Mato Grosso,Centro-Oeste,-16.0109,-54.9176,0,55830,False,20–80 mil
4319356,São Pedro da Serra,RS,Rio Grande do Sul,Sul,-29.4193,-51.5134,0,800,False,até 20 mil
3163904,São Pedro da União,MG,Minas Gerais,Sudeste,-21.131,-46.6123,0,22553,False,20–80 mil
4319364,São Pedro das Missões,RS,Rio Grande do Sul,Sul,-27.7706,-53.2513,0,11917,False,até 20 mil
4217253,São Pedro de Alcântara,SC,Santa Catarina,Sul,-27.5665,-48.8048,0,15274,False,até 20 mil
4319372,São Pedro do Butiá,RS,Rio Grande do Sul,Sul,-28.1243,-54.8926,0,13479,False,até 20 mil
4125753,São Pedro do Iguaçu,PR,Paraná,Sul,-24.9373,-53.8521,0,70831,False,20–80 mil
4125803,São Pedro do Ivaí,PR,Paraná,Sul,-23.8634,-51.8568,0,24659,False,20–80 mil
4125902,São Pedro do Paraná,PR,Paraná,Sul,-22.8239,-53.2241,0,3024,False,até 20 mil
2210508,São Pedro do Piauí,PI,Piauí,Nordeste,-5.92078,-42.7192,0,1340,False,até 20 mil
3164100,São Pedro do Suaçuí,MG,Minas Gerais,Sudeste,-18.3609,-42.5981,0,7093,False,até 20 mil
4319406,São Pedro do Sul,RS,Rio Grande do Sul,Sul,-29.6202,-54.1855,0,6113,False,até 20 mil
3550506,São Pedro do Turvo,SP,São Paulo,Sudeste,-22.7453,-49.7428,0,30114,False,20–80 mil
2111573,São Pedro dos Crentes,MA,Maranhão,Nordeste,-6.82389,-46.5319,0,15081,False,até 20 mil
3164001,São Pedro dos Ferros,MG,Minas Gerais,Sudeste,-20.1732,-42.5251,0,5493,False,até 20 mil
2412807,São Rafael,RN,Rio Grande do Norte,Nordeste,-5.79791,-36.8778,0,2046,False,até 20 mil
2111607,São Raimundo das Mangabeiras,MA,Maranhão,Nordeste,-7.02183,-45.4809,0,33989,False,20–80 mil
2111631,São Raimundo do Doca Bezerra,MA,Maranhão,Nordeste,-5.11053,-45.0696,0,16184,False,até 20 mil
2210607,São Raimundo Nonato,PI,Piauí,Nordeste,-9.01241,-42.6987,0,1255,False,até 20 mil
2111672,São Roberto,MA,Maranhão,Nordeste,-5.0231,-45.001,0,2042,False,até 20 mil
3164209,São Romão,MG,Minas Gerais,Sudeste,-16.3641,-45.0749,0,45050,False,20–80 mil
3550605,São Roque,SP,São Paulo,Sudeste,-23.5226,-47.1357,0,21566,False,20–80 mil
3164308,São Roque de Minas,MG,Minas Gerais,Sudeste,-20.249,-46.3639,0,3049,False,até 20 mil
3204955,São Roque do Canaã,ES,Espírito Santo,Sudeste,-19.7411,-40.6526,0,20723,False,20–80 mil
1720259,São Salvador do Tocantins,TO,Tocantins,Norte,-12.7458,-48.2352,0,8688,False,até 20 mil
3550704,São Sebastião,SP,São Paulo,Sudeste,-23.7951,-45.4143,0,23186,False,20–80 mil
2708808,São Sebastião,AL,Alagoas,Nordeste,-9.93043,-36.559,0,24948,False,20–80 mil
4126009,São Sebastião da Amoreira,PR,Paraná,Sul,-23.4656,-50.7625,0,19215,False,até 20 mil
3164407,São Sebastião da Bela Vista,MG,Minas Gerais,Sudeste,-22.1583,-45.7546,0,4010,False,até 20 mil
1507706,São Sebastião da Boa Vista,PA,Pará,Norte,-1.71597,-49.5249,0,2091,False,até 20 mil
3550803,São Sebastião da Grama,SP,São Paulo,Sudeste,-21.7041,-46.8208,0,91026,True,80–500 mil
3164431,São Sebastião da Vargem Alegre,MG,Minas Gerais,Sudeste,-19.7477,-43.3679,0,12174,False,até 20 mil
2515104,São Sebastião de Lagoa de Roça,PB,Paraíba,Nordeste,-7.11034,-35.8678,0,22672,False,20–80 mil
3305307,São Sebastião do Alto,RJ,Rio de Janeiro,Sudeste,-21.9578,-42.1328,0,642233,True,acima de 500 mil
3164472,São Sebastião do Anta,MG,Minas Gerais,Sudeste,-19.5064,-41.985,0,14825,False,até 20 mil
4319505,São Sebastião do Caí,RS,Rio Grande do Sul,Sul,-29.5885,-51.3749,0,2154,False,até 20 mil
3164506,São Sebastião do Maranhão,MG,Minas Gerais,Sudeste,-18.0873,-42.5659,0,16656,False,até 20 mil
3164605,São Sebastião do Oeste,MG,Minas Gerais,Sudeste,-20.2758,-45.0063,0,26289,False,20–80 mil
3164704,São Sebastião do Paraíso,MG,Minas Gerais,Sudeste,-20.9167,-46.9837,0,12004,False,até 20 mil
2929503,São Sebastião do Passé,BA,Bahia,Nordeste,-12.5123,-38.4905,0,24932,False,20–80 mil
3164803,São Sebastião do Rio Preto,MG,Minas Gerais,Sudeste,-19.2959,-43.1757,0,16529,False,até 20 mil
3164902,São Sebastião do Rio Verde,MG,Minas Gerais,Sudeste,-22.2183,-44.9761,0,7255,False,até 20 mil
1720309,São Sebastião do Tocantins,TO,Tocantins,Norte,-5.26131,-48.2021,0,9729,False,até 20 mil
1303957,São Sebastião do Uatumã,AM,Amazonas,Norte,-2.55915,-57.8731,0,48925,False,20–80 mil
2515203,São Sebastião do Umbuzeiro,PB,Paraíba,Nordeste,-8.15289,-37.0138,0,14747,False,até 20 mil
4319604,São Sepé,RS,Rio Grande do Sul,Sul,-30.1643,-53.5603,0,8397,False,até 20 mil
3550902,São Simão,SP,São Paulo,Sudeste,-21.4732,-47.5518,0,117577,True,80–500 mil
5220405,São Simão,GO,Goiás,Centro-Oeste,-18.996,-50.547,0,65036,False,20–80 mil
3165206,São Thomé das Letras,MG,Minas Gerais,Sudeste,-21.7218,-44.9849,0,10337,False,até 20 mil
3165008,São Tiago,MG,Minas Gerais,Sudeste,-20.9075,-44.5098,0,10860,False,até 20 mil
3165107,São Tomás de Aquino,MG,Minas Gerais,Sudeste,-20.7791,-47.0962,0,12224,False,até 20 mil
4126108,São Tomé,PR,Paraná,Sul,-23.5349,-52.5901,0,28559,False,20–80 mil
2412906,São Tomé,RN,Rio Grande do Norte,Nordeste,-5.96404,-36.0798,0,8501,False,até 20 mil
4319703,São Valentim,RS,Rio Grande do Sul,Sul,-27.5583,-52.5237,0,1521,False,até 20 mil
4319711,São Valentim do Sul,RS,Rio Grande do Sul,Sul,-29.0451,-51.7684,0,2460,False,até 20 mil
1720499,São Valério,TO,Tocantins,Norte,-11.9743,-48.2353,0,29609,False,20–80 mil
4319737,São Valério do Sul,RS,Rio Grande do Sul,Sul,-27.7906,-53.9368,0,3335,False,até 20 mil
4319752,São Vendelino,RS,Rio Grande do Sul,Sul,-29.3729,-51.3675,0,19268,False,até 20 mil
3551009,São Vicente,SP,São Paulo,Sudeste,-23.9574,-46.3883,0,14666,False,até 20 mil
2413003,São Vicente,RN,Rio Grande do Norte,Nordeste,-6.21893,-36.6827,0,12968,False,até 20 mil
3165305,São Vicente de Minas,MG,Minas Gerais,Sudeste,-21.7042,-44.4431,0,22569,False,20–80 mil
2515401,São Vicente do Seridó,PB,Paraíba,Nordeste,-6.85426,-36.4122,0,5977,False,até 20 mil
4319802,São Vicente do Sul,RS,Rio Grande do Sul,Sul,-29.6882,-54.6826,0,5110,False,até 20 mil
2613800,São Vicente Ferrer,PE,Pernambuco,Nordeste,-7.58969,-35.4808,0,33644,False,20–80 mil
2111706,São Vicente Ferrer,MA,Maranhão,Nordeste,-2.89487,-44.8681,0,10233,False,até 20 mil
2515302,Sapé,PB,Paraíba,Nordeste,-7.09359,-35.228,0,6531,False,até 20 mil
2929602,Sapeaçu,BA,Bahia,Nordeste,-12.7208,-39.1824,0,16771,False,até 20 mil
5107875,Sapezal,MT,Mato Grosso,Centro-Oeste,-12.9892,-58.7645,0,1516,False,até 20 mil
4319901,Sapiranga,RS,Rio Grande do Sul,Sul,-29.6349,-51.0064,0,4653,False,até 20 mil
4126207,Sapopema,PR,Paraná,Sul,-23.9078,-50.5801,0,24886,False,20–80 mil
3165404,Sapucaí-Mirim,MG,Minas Gerais,Sudeste,-22.7409,-45.738,0,17769,False,até 20 mil
1507755,Sapucaia,PA,Pará,Norte,-6.94018,-49.6834,0,53008,False,20–80 mil
3305406,Sapucaia,RJ,Rio de Janeiro,Sudeste,-21.9949,-42.9142,0,335110,True,80–500 mil
4320008,Sapucaia do Sul,RS,Rio Grande do Sul,Sul,-29.8276,-51.145,0,65382,False,20–80 mil
3305505,Saquarema,RJ,Rio de Janeiro,Sudeste,-22.9292,-42.5099,0,167244,True,80–500 mil
4126256,Sarandi,PR,Paraná,Sul,-23.4441,-51.876,0,26562,False,20–80 mil
4320107,Sarandi,RS,Rio Grande do Sul,Sul,-27.942,-52.9231,0,11221,False,até 20 mil
3551108,Sarapuí,SP,São Paulo,Sudeste,-23.6397,-47.8249,0,14643,False,até 20 mil
3165503,Sardoá,MG,Minas Gerais,Sudeste,-18.7828,-42.3629,0,10129,False,até 20 mil
3551207,Sarutaiá,SP,São Paulo,Sudeste,-23.2721,-49.4763,0,46373,False,20–80 mil
3165537,Sarzedo,MG,Minas Gerais,Sudeste,-20.0367,-44.1446,0,3962,False,até 20 mil
2929701,Sátiro Dias,BA,Bahia,Nordeste,-11.5929,-38.5938,0,2773,False,até 20 mil
2708907,Satuba,AL,Alagoas,Nordeste,-9.56911,-35.8227,0,19784,False,até 20 mil
2111722,Satubinha,MA,Maranhão,Nordeste,-4.04913,-45.2457,0,26524,False,20–80 mil
2929750,Saubara,BA,Bahia,Nordeste,-12.7387,-38.7625,0,12656,False,até 20 mil
4126272,Saudade do Iguaçu,PR,Paraná,Sul,-25.6917,-52.6184,0,16704,False,até 20 mil
4217303,Saudades,SC,Santa Catarina,Sul,-26.9317,-53.0021,0,22575,False,20–80 mil
2929800,Saúde,BA,Bahia,Nordeste,-10.9428,-40.4155,0,18195,False,até 20 mil
4217402,Schroeder,SC,Santa Catarina,Sul,-26.4116,-49.074,0,9260,False,até 20 mil
2929909,Seabra,BA,Bahia,Nordeste,-12.4169,-41.7722,0,5069,False,até 20 mil
4217501,Seara,SC,Santa Catarina,Sul,-27.1564,-52.299,0,33652,False,20–80 mil
3551306,Sebastianópolis do Sul,SP,São Paulo,Sudeste,-20.6523,-49.925,0,163973,True,80–500 mil
2210623,Sebastião Barros,PI,Piauí,Nordeste,-10.817,-44.8337,0,2428,False,até 20 mil
2930006,Sebastião Laranjeiras,BA,Bahia,Nordeste,-14.571,-42.9434,0,16806,False,até 20 mil
2210631,Sebastião Leal,PI,Piauí,Nordeste,-7.56803,-44.06,0,6593,False,até 20 mil
4320206,Seberi,RS,Rio Grande do Sul,Sul,-27.4829,-53.4026,0,11056,False,até 20 mil
4320230,Sede Nova,RS,Rio Grande do Sul,Sul,-27.6367,-53.9493,0,5070,False,até 20 mil
4320263,Segredo,RS,Rio Grande do Sul,Sul,-29.3523,-52.9767,0,3951,False,até 20 mil
4320305,Selbach,RS,Rio Grande do Sul,Sul,-28.6294,-52.9498,0,800,False,até 20 mil
5007802,Selvíria,MS,Mato Grosso do Sul,Centro-Oeste,-20.3637,-51.4192,0,110283,True,80–500 mil
3165560,Sem-Peixe,MG,Minas Gerais,Sudeste,-20.1008,-42.8483,0,10394,False,até 20 mil
1200500,Sena Madureira,AC,Acre,Norte,-9.06596,-68.6571,0,34144,False,20–80 mil
2111748,Senador Alexandre Costa,MA,Maranhão,Nordeste,-5.25096,-44.0533,0,1486,False,até 20 mil
3165578,Senador Amaral,MG,Minas Gerais,Sudeste,-22.5869,-46.1763,0,9356,False,até 20 mil
5220454,Senador Canedo,GO,Goiás,Centro-Oeste,-16.7084,-49.0914,0,9393,False,até 20 mil
3165602,Senador Cortes,MG,Minas Gerais,Sudeste,-21.7986,-42.9424,0,11933,False,até 20 mil
2413102,Senador Elói de Souza,RN,Rio Grande do Norte,Nordeste,-6.03334,-35.6978,0,71692,False,20–80 mil
3165701,Senador Firmino,MG,Minas Gerais,Sudeste,-20.9158,-43.0904,0,109287,True,80–500 mil
2413201,Senador Georgino Avelino,RN,Rio Grande do Norte,Nordeste,-6.1576,-35.1299,0,10293,False,até 20 mil
1200450,Senador Guiomard,AC,Acre,Norte,-10.1497,-67.7362,0,29957,False,20–80 mil
3165800,Senador José Bento,MG,Minas Gerais,Sudeste,-22.1633,-46.1792,0,5423,False,até 20 mil
1507805,Senador José Porfírio,PA,Pará,Norte,-4.31242,-51.5764,0,102047,True,80–500 mil
2111763,Senador La Rocque,MA,Maranhão,Nordeste,-5.4461,-47.2959,0,3595,False,até 20 mil
3165909,Senador Modestino Gonçalves,MG,Minas Gerais,Sudeste,-17.9465,-43.2172,0,15353,False,até 20 mil
2312700,Senador Pompeu,CE,Ceará,Nordeste,-5.58244,-39.3704,0,6372,False,até 20 mil
2708956,Senador Rui Palmeira,AL,Alagoas,Nordeste,-9.46986,-37.4576,0,112484,True,80–500 mil
2312809,Senador Sá,CE,Ceará,Nordeste,-3.35305,-40.4662,0,17750,False,até 20 mil
4320321,Senador Salgado Filho,RS,Rio Grande do Sul,Sul,-28.025,-54.5507,0,22103,False,20–80 mil
4126306,Sengés,PR,Paraná,Sul,-24.1129,-49.4616,0,10344,False,até 20 mil
2930105,Senhor do Bonfim,BA,Bahia,Nordeste,-10.4594,-40.1865,0,2753,False,até 20 mil
3166006,Senhora de Oliveira,MG,Minas Gerais,Sudeste,-20.7972,-43.3394,0,31253,False,20–80 mil
3166105,Senhora do Porto,MG,Minas Gerais,Sudeste,-18.8909,-43.0799,0,10747,False,até 20 mil
3166204,Senhora dos Remédios,MG,Minas Gerais,Sudeste,-21.0351,-43.5812,0,126271,True,80–500 mil
4320354,Sentinela do Sul,RS,Rio Grande do Sul,Sul,-30.6107,-51.5862,0,12469,False,até 20 mil
2930204,Sento Sé,BA,Bahia,Nordeste,-9.74138,-41.8786,0,59305,False,20–80 mil
4320404,Serafina Corrêa,RS,Rio Grande do Sul,Sul,-28.7126,-51.9352,0,6253,False,até 20 mil
3166303,Sericita,MG,Minas Gerais,Sudeste,-20.4748,-42.4828,0,6366,False,até 20 mil
1101500,Seringueiras,RO,Rondônia,Norte,-11.8055,-63.0182,0,17859,False,até 20 mil
4320453,Sério,RS,Rio Grande do Sul,Sul,-29.3904,-52.2685,0,6548,False,até 20 mil
3166402,Seritinga,MG,Minas Gerais,Sudeste,-21.9134,-44.518,0,13781,False,até 20 mil
3305554,Seropédica,RJ,Rio de Janeiro,Sudeste,-22.7526,-43.7155,0,69069,False,20–80 mil
3205002,Serra,ES,Espírito Santo,Sudeste,-20.121,-40.3074,0,23584,False,20–80 mil
4217550,Serra Alta,SC,Santa Catarina,Sul,-26.7229,-53.0409,0,10359,False,até 20 mil
3551405,Serra Azul,SP,São Paulo,Sudeste,-21.3074,-47.5602,0,107771,True,80–500 mil
3166501,Serra Azul de Minas,MG,Minas Gerais,Sudeste,-18.3602,-43.1675,0,4007,False,até 20 mil
2515500,Serra Branca,PB,Paraíba,Nordeste,-7.48034,-36.666,0,4886,False,até 20 mil
2410306,Serra Caiada,RN,Rio Grande do Norte,Nordeste,-6.10478,-35.7113,0,800,False,até 20 mil
2515609,Serra da Raiz,PB,Paraíba,Nordeste,-6.68527,-35.4379,0,141863,True,80–500 mil
3166600,Serra da Saudade,MG,Minas Gerais,Sudeste,-19.4447,-45.795,0,6554,False,até 20 mil
2413300,Serra de São Bento,RN,Rio Grande do Norte,Nordeste,-6.41762,-35.7033,0,8444,False,até 20 mil
2413359,Serra do Mel,RN,Rio Grande do Norte,Nordeste,-5.17725,-37.0242,0,132113,True,80–500 mil
1600055,Serra do Navio,AP,Amapá,Norte,0.901357,-52.0036,0,38761,False,20–80 mil
2930154,Serra do Ramalho,BA,Bahia,Nordeste,-13.5659,-43.5929,0,53819,False,20–80 mil
3166808,Serra do Salitre,MG,Minas Gerais,Sudeste,-19.1083,-46.6961,0,12688,False,até 20 mil
3166709,Serra dos Aimorés,MG,Minas Gerais,Sudeste,-17.7872,-40.2453,0,24477,False,20–80 mil
2930303,Serra Dourada,BA,Bahia,Nordeste,-12.759,-43.9504,0,10331,False,até 20 mil
2515708,Serra Grande,PB,Paraíba,Nordeste,-7.20957,-38.3647,0,14413,False,até 20 mil
3551603,Serra Negra,SP,São Paulo,Sudeste,-22.6139,-46.7033,0,7709,False,até 20 mil
2413409,Serra Negra do Norte,RN,Rio Grande do Norte,Nordeste,-6.66031,-37.3996,0,24285,False,20–80 mil
5107883,Serra Nova Dourada,MT,Mato Grosso,Centro-Oeste,-12.0896,-51.4025,0,2021,False,até 20 mil
2930402,Serra Preta,BA,Bahia,Nordeste,-12.156,-39.3305,0,20342,False,20–80 mil
2515807,Serra Redonda,PB,Paraíba,Nordeste,-7.18622,-35.6842,0,4695,False,até 20 mil
2613909,Serra Talhada,PE,Pernambuco,Nordeste,-7.98178,-38.289,0,21257,False,20–80 mil
3551504,Serrana,SP,São Paulo,Sudeste,-21.2043,-47.5952,0,22850,False,20–80 mil
3166907,Serrania,MG,Minas Gerais,Sudeste,-21.5441,-46.0417,0,13706,False,até 20 mil
2111789,Serrano do Maranhão,MA,Maranhão,Nordeste,-1.85229,-45.1207,0,30754,False,20–80 mil
5220504,Serranópolis,GO,Goiás,Centro-Oeste,-18.3067,-51.9586,0,3566,False,até 20 mil
3166956,Serranópolis de Minas,MG,Minas Gerais,Sudeste,-15.8176,-42.8732,0,38545,False,20–80 mil
4126355,Serranópolis do Iguaçu,PR,Paraná,Sul,-25.3799,-54.0518,0,5736,False,até 20 mil
3167004,Serranos,MG,Minas Gerais,Sudeste,-21.8857,-44.5125,0,8691,False,até 20 mil
2515906,Serraria,PB,Paraíba,Nordeste,-6.81569,-35.6282,0,13049,False,até 20 mil
2413508,Serrinha,RN,Rio Grande do Norte,Nordeste,-6.28181,-35.5,0,3838,False,até 20 mil
2930501,Serrinha,BA,Bahia,Nordeste,-11.6584,-39.01,0,963,False,até 20 mil
2413557,Serrinha dos Pintos,RN,Rio Grande do Norte,Nordeste,-6.11087,-37.9548,0,17941,False,até 20 mil
2614006,Serrita,PE,Pernambuco,Nordeste,-7.94041,-39.2951,0,22973,False,20–80 mil
3167103,Serro,MG,Minas Gerais,Sudeste,-18.5991,-43.3744,0,6695,False,até 20 mil
2930600,Serrolândia,BA,Bahia,Nordeste,-11.4085,-40.2983,0,3822,False,até 20 mil
4126405,Sertaneja,PR,Paraná,Sul,-23.0361,-50.8317,0,1389,False,até 20 mil
2614105,Sertânia,PE,Pernambuco,Nordeste,-8.06847,-37.2684,0,160379,True,80–500 mil
4126504,Sertanópolis,PR,Paraná,Sul,-23.0571,-51.0399,0,16275,False,até 20 mil
4320503,Sertão,RS,Rio Grande do Sul,Sul,-27.9798,-52.2588,0,17113,False,até 20 mil
4320552,Sertão Santana,RS,Rio Grande do Sul,Sul,-30.4562,-51.6017,0,1377,False,até 20 mil
3551702,Sertãozinho,SP,São Paulo,Sudeste,-21.1316,-47.9875,0,10976,False,até 20 mil
2515930,Sertãozinho,PB,Paraíba,Nordeste,-6.75127,-35.4372,0,2572,False,até 20 mil
3551801,Sete Barras,SP,São Paulo,Sudeste,-24.382,-47.9279,0,22763,False,20–80 mil
4320578,Sete de Setembro,RS,Rio Grande do Sul,Sul,-28.1362,-54.4637,0,3980,False,até 20 mil
3167202,Sete Lagoas,MG,Minas Gerais,Sudeste,-19.4569,-44.2413,0,188893,True,80–500 mil
5007703,Sete Quedas,MS,Mato Grosso do Sul,Centro-Oeste,-23.9705,-55.0398,0,8579,False,até 20 mil
3165552,Setubinha,MG,Minas Gerais,Sudeste,-17.6002,-42.1587,0,14887,False,até 20 mil
4320602,Severiano de Almeida,RS,Rio Grande do Sul,Sul,-27.4362,-52.1217,0,2182,False,até 20 mil
2413607,Severiano Melo,RN,Rio Grande do Norte,Nordeste,-5.77666,-37.957,0,4140,False,até 20 mil
3551900,Severínia,SP,São Paulo,Sudeste,-20.8108,-48.8054,0,178443,True,80–500 mil
4217600,Siderópolis,SC,Santa Catarina,Sul,-28.5955,-49.4314,0,24561,False,20–80 mil
5007901,Sidrolândia,MS,Mato Grosso do Sul,Centro-Oeste,-20.9302,-54.9692,0,1765,False,até 20 mil
2210656,Sigefredo Pacheco,PI,Piauí,Nordeste,-4.91665,-41.7311,0,1636,False,até 20 mil
3305604,Silva Jardim,RJ,Rio de Janeiro,Sudeste,-22.6574,-42.3961,0,8995,False,até 20 mil
5220603,Silvânia,GO,Goiás,Centro-Oeste,-16.66,-48.6083,0,9721,False,até 20 mil
1720655,Silvanópolis,TO,Tocantins,Norte,-11.1471,-48.1694,0,1778,False,até 20 mil
4320651,Silveira Martins,RS,Rio Grande do Sul,Sul,-29.6467,-53.591,0,53450,False,20–80 mil
3167301,Silveirânia,MG,Minas Gerais,Sudeste,-21.1615,-43.2128,0,4373,False,até 20 mil
3552007,Silveiras,SP,São Paulo,Sudeste,-22.6638,-44.8522,0,6389,False,até 20 mil
1304005,Silves,AM,Amazonas,Norte,-2.81748,-58.248,0,150278,True,80–500 mil
3167400,Silvianópolis,MG,Minas Gerais,Sudeste,-22.0274,-45.8385,0,4496,False,até 20 mil
2807105,Simão Dias,SE,Sergipe,Nordeste,-10.7387,-37.8097,0,37742,False,20–80 mil
3167509,Simão Pereira,MG,Minas Gerais,Sudeste,-21.964,-43.3088,0,3421,False,até 20 mil
2210706,Simões,PI,Piauí,Nordeste,-7.59109,-40.8137,0,5279,False,até 20 mil
2930709,Simões Filho,BA,Bahia,Nordeste,-12.7866,-38.4029,0,9872,False,até 20 mil
5220686,Simolândia,GO,Goiás,Centro-Oeste,-14.4644,-46.4847,0,14169,False,até 20 mil
3167608,Simonésia,MG,Minas Gerais,Sudeste,-20.1341,-42.0091,0,27032,False,20–80 mil
2210805,Simplício Mendes,PI,Piauí,Nordeste,-7.85294,-41.9075,0,19212,False,até 20 mil
4320677,Sinimbu,RS,Rio Grande do Sul,Sul,-29.5357,-52.5304,0,19952,False,até 20 mil
5107909,Sinop,MT,Mato Grosso,Centro-Oeste,-11.8604,-55.5091,0,33449,False,20–80 mil
4126603,Siqueira Campos,PR,Paraná,Sul,-23.6875,-49.8304,0,13745,False,até 20 mil
2614204,Sirinhaém,PE,Pernambuco,Nordeste,-8.58778,-35.1126,0,4644,False,até 20 mil
2807204,Siriri,SE,Sergipe,Nordeste,-10.5965,-37.1131,0,7778,False,até 20 mil
5220702,Sítio d'Abadia,GO,Goiás,Centro-Oeste,-14.7992,-46.2506,0,13814,False,até 20 mil
2930758,Sítio do Mato,BA,Bahia,Nordeste,-13.0801,-43.4689,0,4194,False,até 20 mil
2930766,Sítio do Quinto,BA,Bahia,Nordeste,-10.3545,-38.2213,0,29926,False,20–80 mil
2111805,Sítio Novo,MA,Maranhão,Nordeste,-5.87601,-46.7033,0,15783,False,até 20 mil
2413706,Sítio Novo,RN,Rio Grande do Norte,Nordeste,-6.11132,-35.909,0,2112,False,até 20 mil
1720804,Sítio Novo do Tocantins,TO,Tocantins,Norte,-5.6012,-47.6381,0,3091,False,até 20 mil
2930774,Sobradinho,BA,Bahia,Nordeste,-9.45024,-40.8145,0,122721,True,80–500 mil
4320701,Sobradinho,RS,Rio Grande do Sul,Sul,-29.4194,-53.0326,0,800,False,até 20 mil
2515971,Sobrado,PB,Paraíba,Nordeste,-7.14429,-35.2357,0,40919,False,20–80 mil
2312908,Sobral,CE,Ceará,Nordeste,-3.68913,-40.3482,0,9224,False,até 20 mil
3167707,Sobrália,MG,Minas Gerais,Sudeste,-19.2345,-42.0998,0,6462,False,até 20 mil
3552106,Socorro,SP,São Paulo,Sudeste,-22.5903,-46.5251,0,5148,False,até 20 mil
2210904,Socorro do Piauí,PI,Piauí,Nordeste,-7.86773,-42.4922,0,1432,False,até 20 mil
2516003,Solânea,PB,Paraíba,Nordeste,-6.75161,-35.6636,0,3779,False,até 20 mil
2516102,Soledade,PB,Paraíba,Nordeste,-7.05829,-36.3668,0,13570,False,até 20 mil
4320800,Soledade,RS,Rio Grande do Sul,Sul,-28.8306,-52.5131,0,1440,False,até 20 mil
3167806,Soledade de Minas,MG,Minas Gerais,Sudeste,-22.0554,-45.0464,0,11099,False,até 20 mil
2614402,Solidão,PE,Pernambuco,Nordeste,-7.59472,-37.6445,0,18198,False,até 20 mil
2313005,Solonópole,CE,Ceará,Nordeste,-5.71894,-39.0107,0,5297,False,até 20 mil
4217709,Sombrio,SC,Santa Catarina,Sul,-29.108,-49.6328,0,5991,False,até 20 mil
5007935,Sonora,MS,Mato Grosso do Sul,Centro-Oeste,-17.5698,-54.7551,0,60903,False,20–80 mil
3205010,Sooretama,ES,Espírito Santo,Sudeste,-19.1897,-40.0974,0,25624,False,20–80 mil
3552205,Sorocaba,SP,São Paulo,Sudeste,-23.4969,-47.4451,0,12280,False,até 20 mil
5107925,Sorriso,MT,Mato Grosso,Centro-Oeste,-12.5425,-55.7211,0,43882,False,20–80 mil
2516151,Sossêgo,PB,Paraíba,Nordeste,-6.77067,-36.2538,0,25260,False,20–80 mil
1507904,Soure,PA,Pará,Norte,-0.73032,-48.5015,0,108425,True,80–500 mil
2516201,Sousa,PB,Paraíba,Nordeste,-6.75148,-38.2311,0,11940,False,até 20 mil
2930808,Souto Soares,BA,Bahia,Nordeste,-12.088,-41.6427,0,3738,False,até 20 mil
1720853,Sucupira,TO,Tocantins,Norte,-11.993,-48.9685,0,6749,False,até 20 mil
2111904,Sucupira do Norte,MA,Maranhão,Nordeste,-6.47839,-44.1919,0,18449,False,até 20 mil
2111953,Sucupira do Riachão,MA,Maranhão,Nordeste,-6.40858,-43.5455,0,90673,True,80–500 mil
3552304,Sud Mennucci,SP,São Paulo,Sudeste,-20.6872,-50.9238,0,41907,False,20–80 mil
4217758,Sul Brasil,SC,Santa Catarina,Sul,-26.7351,-52.964,0,1398,False,até 20 mil
4126652,Sulina,PR,Paraná,Sul,-25.7066,-52.7299,0,20684,False,20–80 mil
3552403,Sumaré,SP,São Paulo,Sudeste,-22.8204,-47.2728,0,60476,False,20–80 mil
2516300,Sumé,PB,Paraíba,Nordeste,-7.66206,-36.884,0,8676,False,até 20 mil
3305703,Sumidouro,RJ,Rio de Janeiro,Sudeste,-22.0485,-42.6761,0,17721,False,até 20 mil
2614501,Surubim,PE,Pernambuco,Nordeste,-7.84746,-35.7481,0,26216,False,20–80 mil
2210938,Sussuapara,PI,Piauí,Nordeste,-7.03687,-41.3767,0,4778,False,até 20 mil
3552551,Suzanápolis,SP,São Paulo,Sudeste,-20.4981,-51.0268,0,49433,False,20–80 mil
3552502,Suzano,SP,São Paulo,Sudeste,-23.5448,-46.3112,0,111349,True,80–500 mil
4320859,Tabaí,RS,Rio Grande do Sul,Sul,-29.643,-51.6823,0,6583,False,até 20 mil
5107941,Tabaporã,MT,Mato Grosso,Centro-Oeste,-11.3007,-56.8312,0,4347,False,até 20 mil
3552601,Tabapuã,SP,São Paulo,Sudeste,-20.9602,-49.0307,0,4393,False,até 20 mil
3552700,Tabatinga,SP,São Paulo,Sudeste,-21.7239,-48.6896,0,112910,True,80–500 mil
1304062,Tabatinga,AM,Amazonas,Norte,-4.2416,-69.9383,0,45477,False,20–80 mil
2614600,Tabira,PE,Pernambuco,Nordeste,-7.58366,-37.5377,0,8345,False,até 20 mil
3552809,Taboão da Serra,SP,São Paulo,Sudeste,-23.6019,-46.7526,0,21674,False,20–80 mil
2930907,Tabocas do Brejo Velho,BA,Bahia,Nordeste,-12.7026,-44.0075,0,5429,False,até 20 mil
2413805,Taboleiro Grande,RN,Rio Grande do Norte,Nordeste,-5.91948,-38.0367,0,6383,False,até 20 mil
3167905,Tabuleiro,MG,Minas Gerais,Sudeste,-21.3632,-43.2381,0,8997,False,até 20 mil
2313104,Tabuleiro do Norte,CE,Ceará,Nordeste,-5.24353,-38.1282,0,36778,False,20–80 mil
2614709,Tacaimbó,PE,Pernambuco,Nordeste,-8.30867,-36.3,0,19349,False,até 20 mil
2614808,Tacaratu,PE,Pernambuco,Nordeste,-9.09798,-38.1504,0,3227,False,até 20 mil
3552908,Taciba,SP,São Paulo,Sudeste,-22.3866,-51.2882,0,68310,False,20–80 mil
2516409,Tacima,PB,Paraíba,Nordeste,-6.48759,-35.6367,0,7913,False,até 20 mil
5007950,Tacuru,MS,Mato Grosso do Sul,Centro-Oeste,-23.636,-55.0141,0,15882,False,até 20 mil
3553005,Taguaí,SP,São Paulo,Sudeste,-23.4452,-49.4024,0,7125,False,até 20 mil
1720903,Taguatinga,TO,Tocantins,Norte,-12.4026,-46.437,0,3050,False,até 20 mil
3553104,Taiaçu,SP,São Paulo,Sudeste,-21.1431,-48.5112,0,30719,False,20–80 mil
1507953,Tailândia,PA,Pará,Norte,-2.94584,-48.9489,0,31242,False,20–80 mil
4217808,Taió,SC,Santa Catarina,Sul,-27.121,-49.9942,0,13794,False,até 20 mil
3168002,Taiobeiras,MG,Minas Gerais,Sudeste,-15.8106,-42.2259,0,21573,False,20–80 mil
1720937,Taipas do Tocantins,TO,Tocantins,Norte,-12.1873,-46.9797,0,13426,False,até 20 mil
2413904,Taipu,RN,Rio Grande do Norte,Nordeste,-5.63058,-35.5918,0,10356,False,até 20 mil
3553203,Taiúva,SP,São Paulo,Sudeste,-21.1223,-48.4528,0,39619,False,20–80 mil
1720978,Talismã,TO,Tocantins,Norte,-12.7949,-49.0896,0,4616,False,até 20 mil
2614857,Tamandaré,PE,Pernambuco,Nordeste,-8.75665,-35.1033,0,88447,True,80–500 mil
4126678,Tamarana,PR,Paraná,Sul,-23.7204,-51.0991,0,2572,False,até 20 mil
3553302,Tambaú,SP,São Paulo,Sudeste,-21.7029,-47.2703,0,108934,True,80–500 mil
4126702,Tamboara,PR,Paraná,Sul,-23.2036,-52.4743,0,22773,False,20–80 mil
2313203,Tamboril,CE,Ceará,Nordeste,-4.83136,-40.3196,0,32231,False,20–80 mil
2210953,Tamboril do Piauí,PI,Piauí,Nordeste,-8.40937,-42.9211,0,18511,False,até 20 mil
3553401,Tanabi,SP,São Paulo,Sudeste,-20.6228,-49.6563,0,5342,False,até 20 mil
2414001,Tangará,RN,Rio Grande do Norte,Nordeste,-6.19649,-35.7989,0,1194,False,até 20 mil
4217907,Tangará,SC,Santa Catarina,Sul,-27.0996,-51.2473,0,22803,False,20–80 mil
5107958,Tangará da Serra,MT,Mato Grosso,Centro-Oeste,-14.6229,-57.4933,0,4922,False,até 20 mil
3305752,Tanguá,RJ,Rio de Janeiro,Sudeste,-22.7423,-42.7202,0,311171,True,80–500 mil
2931004,Tanhaçu,BA,Bahia,Nordeste,-14.0197,-41.2473,0,17670,False,até 20 mil
2709004,Tanque d'Arca,AL,Alagoas,Nordeste,-9.53379,-36.4366,0,14843,False,até 20 mil
2210979,Tanque do Piauí,PI,Piauí,Nordeste,-6.59787,-42.2795,0,3785,False,até 20 mil
2931053,Tanque Novo,BA,Bahia,Nordeste,-13.5485,-42.4934,0,80247,True,80–500 mil
2931103,Tanquinho,BA,Bahia,Nordeste,-11.968,-39.1033,0,3555,False,até 20 mil
3168051,Taparuba,MG,Minas Gerais,Sudeste,-19.7621,-41.608,0,3801,False,até 20 mil
1304104,Tapauá,AM,Amazonas,Norte,-5.62085,-63.1808,0,22734,False,20–80 mil
4126801,Tapejara,PR,Paraná,Sul,-23.7315,-52.8735,0,107344,True,80–500 mil
4320909,Tapejara,RS,Rio Grande do Sul,Sul,-28.0652,-52.0097,0,4529,False,até 20 mil
4321006,Tapera,RS,Rio Grande do Sul,Sul,-28.6277,-52.8613,0,1774,False,até 20 mil
2931202,Taperoá,BA,Bahia,Nordeste,-13.5321,-39.1009,0,17936,False,até 20 mil
2516508,Taperoá,PB,Paraíba,Nordeste,-7.20629,-36.8245,0,7349,False,até 20 mil
4321105,Tapes,RS,Rio Grande do Sul,Sul,-30.6683,-51.3991,0,64672,False,20–80 mil
4126900,Tapira,PR,Paraná,Sul,-23.3193,-53.0684,0,12211,False,até 20 mil
3168101,Tapira,MG,Minas Gerais,Sudeste,-19.9166,-46.8264,0,2956,False,até 20 mil
3168200,Tapiraí,MG,Minas Gerais,Sudeste,-19.8936,-46.0221,0,12348,False,até 20 mil
3553500,Tapiraí,SP,São Paulo,Sudeste,-23.9612,-47.5062,0,31603,False,20–80 mil
2931301,Tapiramutá,BA,Bahia,Nordeste,-11.8475,-40.7927,0,101121,True,80–500 mil
3553609,Tapiratiba,SP,São Paulo,Sudeste,-21.4713,-46.7448,0,9260,False,até 20 mil
5108006,Tapurah,MT,Mato Grosso,Centro-Oeste,-12.695,-56.5178,0,19432,False,até 20 mil
4321204,Taquara,RS,Rio Grande do Sul,Sul,-29.6505,-50.7753,0,10739,False,até 20 mil
3168309,Taquaraçu de Minas,MG,Minas Gerais,Sudeste,-19.6652,-43.6922,0,18687,False,até 20 mil
3553658,Taquaral,SP,São Paulo,Sudeste,-21.0737,-48.4126,0,53275,False,20–80 mil
5221007,Taquaral de Goiás,GO,Goiás,Centro-Oeste,-16.0521,-49.6039,0,44073,False,20–80 mil
2709103,Taquarana,AL,Alagoas,Nordeste,-9.64529,-36.4928,0,6265,False,até 20 mil
4321303,Taquari,RS,Rio Grande do Sul,Sul,-29.7943,-51.8653,0,12838,False,até 20 mil
3553708,Taquaritinga,SP,São Paulo,Sudeste,-21.4049,-48.5103,0,71834,False,20–80 mil
2615003,Taquaritinga do Norte,PE,Pernambuco,Nordeste,-7.89446,-36.0423,0,8862,False,até 20 mil
3553807,Taquarituba,SP,São Paulo,Sudeste,-23.5307,-49.241,0,125877,True,80–500 mil
3553856,Taquarivaí,SP,São Paulo,Sudeste,-23.9211,-48.6948,0,16960,False,até 20 mil
4321329,Taquaruçu do Sul,RS,Rio Grande do Sul,Sul,-27.4005,-53.4702,0,3557,False,até 20 mil
5007976,Taquarussu,MS,Mato Grosso do Sul,Centro-Oeste,-22.4898,-53.3519,0,52770,False,20–80 mil
3553906,Tarabai,SP,São Paulo,Sudeste,-22.3016,-51.5621,0,84721,True,80–500 mil
1200609,Tarauacá,AC,Acre,Norte,-8.15697,-70.7722,0,25825,False,20–80 mil
2313252,Tarrafas,CE,Ceará,Nordeste,-6.67838,-39.753,0,2936,False,até 20 mil
1600709,Tartarugalzinho,AP,Amapá,Norte,1.50652,-50.9087,0,38761,False,20–80 mil
3553955,Tarumã,SP,São Paulo,Sudeste,-22.7429,-50.5786,0,136512,True,80–500 mil
3168408,Tarumirim,MG,Minas Gerais,Sudeste,-19.2835,-42.0097,0,13910,False,até 20 mil
2112001,Tasso Fragoso,MA,Maranhão,Nordeste,-8.4662,-45.7536,0,19633,False,até 20 mil
3554003,Tatuí,SP,São Paulo,Sudeste,-23.3487,-47.8461,0,5012,False,até 20 mil
2313302,Tauá,CE,Ceará,Nordeste,-5.98585,-40.2968,0,18313,False,até 20 mil
3554102,Taubaté,SP,São Paulo,Sudeste,-23.0104,-45.5593,0,59919,False,20–80 mil
4321352,Tavares,RS,Rio Grande do Sul,Sul,-31.2843,-51.088,0,16854,False,até 20 mil
2516607,Tavares,PB,Paraíba,Nordeste,-7.62697,-37.8712,0,4147,False,até 20 mil
1304203,Tefé,AM,Amazonas,Norte,-3.36822,-64.7193,0,120639,True,80–500 mil
2516706,Teixeira,PB,Paraíba,Nordeste,-7.22104,-37.2525,0,4769,False,até 20 mil
2931350,Teixeira de Freitas,BA,Bahia,Nordeste,-17.5399,-39.74,0,2217,False,até 20 mil
4127007,Teixeira Soares,PR,Paraná,Sul,-25.3701,-50.4571,0,10467,False,até 20 mil
3168507,Teixeiras,MG,Minas Gerais,Sudeste,-20.6561,-42.8564,0,3961,False,até 20 mil
1101559,Teixeirópolis,RO,Rondônia,Norte,-10.9056,-62.242,0,12355,False,até 20 mil
2313351,Tejuçuoca,CE,Ceará,Nordeste,-3.98831,-39.5799,0,62666,False,20–80 mil
3554201,Tejupá,SP,São Paulo,Sudeste,-23.3425,-49.3722,0,87688,True,80–500 mil
4127106,Telêmaco Borba,PR,Paraná,Sul,-24.3245,-50.6176,0,15736,False,até 20 mil
2807303,Telha,SE,Sergipe,Nordeste,-10.2064,-36.8818,0,2999,False,até 20 mil
2414100,Tenente Ananias,RN,Rio Grande do Norte,Nordeste,-6.45823,-38.182,0,2645,False,até 20 mil
2414159,Tenente Laurentino Cruz,RN,Rio Grande do Norte,Nordeste,-6.1378,-36.7135,0,9471,False,até 20 mil
4321402,Tenente Portela,RS,Rio Grande do Sul,Sul,-27.3711,-53.7585,0,5011,False,até 20 mil
2516755,Tenório,PB,Paraíba,Nordeste,-6.93855,-36.6273,0,39813,False,20–80 mil
2931400,Teodoro Sampaio,BA,Bahia,Nordeste,-12.295,-38.6347,0,3332,False,até 20 mil
3554300,Teodoro Sampaio,SP,São Paulo,Sudeste,-22.5299,-52.1682,0,22984,False,20–80 mil
2931509,Teofilândia,BA,Bahia,Nordeste,-11.4827,-38.9913,0,8558,False,até 20 mil
3168606,Teófilo Otoni,MG,Minas Gerais,Sudeste,-17.8595,-41.5087,0,20329,False,20–80 mil
2931608,Teolândia,BA,Bahia,Nordeste,-13.5896,-39.484,0,7692,False,até 20 mil
2709152,Teotônio Vilela,AL,Alagoas,Nordeste,-9.91656,-36.3492,0,23525,False,20–80 mil
5008008,Terenos,MS,Mato Grosso do Sul,Centro-Oeste,-20.4378,-54.8647,0,21225,False,20–80 mil
2211001,Teresina,PI,Piauí,Nordeste,-5.09194,-42.8034,1,615461,True,acima de 500 mil
5221080,Teresina de Goiás,GO,Goiás,Centro-Oeste,-13.7801,-47.2659,0,8511,False,até 20 mil
3305802,Teresópolis,RJ,Rio de Janeiro,Sudeste,-22.4165,-42.9752,0,31834,False,20–80 mil
2615102,Terezinha,PE,Pernambuco,Nordeste,-9.05621,-36.6272,0,175220,True,80–500 mil
5221197,Terezópolis de Goiás,GO,Goiás,Centro-Oeste,-16.3945,-49.0797,0,18654,False,até 20 mil
1507961,Terra Alta,PA,Pará,Norte,-1.02963,-47.9004,0,22144,False,20–80 mil
4127205,Terra Boa,PR,Paraná,Sul,-23.7683,-52.447,0,104754,True,80–500 mil
4321436,Terra de Areia,RS,Rio Grande do Sul,Sul,-29.5782,-50.0644,0,5576,False,até 20 mil
2931707,Terra Nova,BA,Bahia,Nordeste,-12.3888,-38.6238,0,33340,False,20–80 mil
2615201,Terra Nova,PE,Pernambuco,Nordeste,-8.22244,-39.3825,0,18098,False,até 20 mil
5108055,Terra Nova do Norte,MT,Mato Grosso,Centro-Oeste,-10.517,-55.231,0,800,False,até 20 mil
4127304,Terra Rica,PR,Paraná,Sul,-22.7111,-52.6188,0,3633,False,até 20 mil
4127403,Terra Roxa,PR,Paraná,Sul,-24.1575,-54.0988,0,14007,False,até 20 mil
3554409,Terra Roxa,SP,São Paulo,Sudeste,-20.787,-48.3314,0,8065,False,até 20 mil
1507979,Terra Santa,PA,Pará,Norte,-2.10443,-56.4877,0,90731,True,80–500 mil
5108105,Tesouro,MT,Mato Grosso,Centro-Oeste,-16.0809,-53.559,0,1273,False,até 20 mil
4321451,Teutônia,RS,Rio Grande do Sul,Sul,-29.4482,-51.8044,0,14912,False,até 20 mil
1101609,Theobroma,RO,Rondônia,Norte,-10.2483,-62.3538,0,32266,False,20–80 mil
2313401,Tianguá,CE,Ceará,Nordeste,-3.72965,-40.9923,0,67202,False,20–80 mil
4127502,Tibagi,PR,Paraná,Sul,-24.5153,-50.4176,0,4648,False,até 20 mil
2411056,Tibau,RN,Rio Grande do Norte,Nordeste,-4.83729,-37.2554,0,5977,False,até 20 mil
2414209,Tibau do Sul,RN,Rio Grande do Norte,Nordeste,-6.19176,-35.0866,0,14457,False,até 20 mil
3554508,Tietê,SP,São Paulo,Sudeste,-23.1101,-47.7164,0,86200,True,80–500 mil
4217956,Tigrinhos,SC,Santa Catarina,Sul,-26.6876,-53.1545,0,19335,False,até 20 mil
4218004,Tijucas,SC,Santa Catarina,Sul,-27.2354,-48.6322,0,16337,False,até 20 mil
4127601,Tijucas do Sul,PR,Paraná,Sul,-25.9311,-49.195,0,6137,False,até 20 mil
2615300,Timbaúba,PE,Pernambuco,Nordeste,-7.50484,-35.3119,0,58111,False,20–80 mil
2414308,Timbaúba dos Batistas,RN,Rio Grande do Norte,Nordeste,-6.45768,-37.2745,0,2461,False,até 20 mil
4218103,Timbé do Sul,SC,Santa Catarina,Sul,-28.8287,-49.842,0,6998,False,até 20 mil
2112100,Timbiras,MA,Maranhão,Nordeste,-4.25597,-43.932,0,24179,False,20–80 mil
4218202,Timbó,SC,Santa Catarina,Sul,-26.8246,-49.269,0,4227,False,até 20 mil
4218251,Timbó Grande,SC,Santa Catarina,Sul,-26.6127,-50.6607,0,18839,False,até 20 mil
3554607,Timburi,SP,São Paulo,Sudeste,-23.2057,-49.6096,0,8166,False,até 20 mil
2112209,Timon,MA,Maranhão,Nordeste,-5.09769,-42.8329,0,231283,True,80–500 mil
3168705,Timóteo,MG,Minas Gerais,Sudeste,-19.5811,-42.6471,0,4257,False,até 20 mil
4321469,Tio Hugo,RS,Rio Grande do Sul,Sul,-28.5712,-52.5955,0,1269,False,até 20 mil
3168804,Tiradentes,MG,Minas Gerais,Sudeste,-21.1102,-44.1744,0,5436,False,até 20 mil
4321477,Tiradentes do Sul,RS,Rio Grande do Sul,Sul,-27.4022,-54.0814,0,44116,False,20–80 mil
3168903,Tiros,MG,Minas Gerais,Sudeste,-19.0037,-45.9626,0,3416,False,até 20 mil
2807402,Tobias Barreto,SE,Sergipe,Nordeste,-11.1798,-37.9995,0,88426,True,80–500 mil
1721109,Tocantínia,TO,Tocantins,Norte,-9.5632,-48.3741,0,1904,False,até 20 mil
1721208,Tocantinópolis,TO,Tocantins,Norte,-6.32447,-47.4224,0,6099,False,até 20 mil
3169000,Tocantins,MG,Minas Gerais,Sudeste,-21.1774,-43.0127,0,40369,False,20–80 mil
3169059,Tocos do Moji,MG,Minas Gerais,Sudeste,-22.3698,-46.0971,0,19367,False,até 20 mil
3169109,Toledo,MG,Minas Gerais,Sudeste,-22.7421,-46.3728,0,18771,False,até 20 mil
4127700,Toledo,PR,Paraná,Sul,-24.7246,-53.7412,0,10607,False,até 20 mil
2807501,Tomar do Geru,SE,Sergipe,Nordeste,-11.3694,-37.8433,0,6648,False,até 20 mil
4127809,Tomazina,PR,Paraná,Sul,-23.7796,-49.9499,0,49309,False,20–80 mil
3169208,Tombos,MG,Minas Gerais,Sudeste,-20.9086,-42.0228,0,38044,False,20–80 mil
1508001,Tomé-Açu,PA,Pará,Norte,-2.41302,-48.1415,0,133961,True,80–500 mil
1304237,Tonantins,AM,Amazonas,Norte,-2.86582,-67.7919,0,57255,False,20–80 mil
2615409,Toritama,PE,Pernambuco,Nordeste,-8.00955,-36.0637,0,17688,False,até 20 mil
5108204,Torixoréu,MT,Mato Grosso,Centro-Oeste,-16.2006,-52.5571,0,7245,False,até 20 mil
4321493,Toropi,RS,Rio Grande do Sul,Sul,-29.4782,-54.2244,0,9307,False,até 20 mil
3554656,Torre de Pedra,SP,São Paulo,Sudeste,-23.2462,-48.1955,0,25109,False,20–80 mil
4321501,Torres,RS,Rio Grande do Sul,Sul,-29.3334,-49.7333,0,31160,False,20–80 mil
3554706,Torrinha,SP,São Paulo,Sudeste,-22.4237,-48.1731,0,29233,False,20–80 mil
2414407,Touros,RN,Rio Grande do Norte,Nordeste,-5.20182,-35.4621,0,20541,False,20–80 mil
3554755,Trabiju,SP,São Paulo,Sudeste,-22.0388,-48.3342,0,67122,False,20–80 mil
1508035,Tracuateua,PA,Pará,Norte,-1.07653,-46.9031,0,73248,False,20–80 mil
2615508,Tracunhaém,PE,Pernambuco,Nordeste,-7.80228,-35.2314,0,18132,False,até 20 mil
2709202,Traipu,AL,Alagoas,Nordeste,-9.96262,-37.0071,0,24602,False,20–80 mil
1508050,Trairão,PA,Pará,Norte,-4.57347,-55.9429,0,7473,False,até 20 mil
2313500,Trairi,CE,Ceará,Nordeste,-3.26932,-39.2681,0,64778,False,20–80 mil
3305901,Trajano de Moraes,RJ,Rio de Janeiro,Sudeste,-22.0638,-42.0643,0,35166,False,20–80 mil
4321600,Tramandaí,RS,Rio Grande do Sul,Sul,-29.9841,-50.1322,0,2333,False,até 20 mil
4321626,Travesseiro,RS,Rio Grande do Sul,Sul,-29.2977,-52.0532,0,2758,False,até 20 mil
2931806,Tremedal,BA,Bahia,Nordeste,-14.9736,-41.4142,0,17791,False,até 20 mil
3554805,Tremembé,SP,São Paulo,Sudeste,-22.9571,-45.5475,0,15335,False,até 20 mil
4321634,Três Arroios,RS,Rio Grande do Sul,Sul,-27.5003,-52.1448,0,2121,False,até 20 mil
4218301,Três Barras,SC,Santa Catarina,Sul,-26.1056,-50.3197,0,16414,False,até 20 mil
4127858,Três Barras do Paraná,PR,Paraná,Sul,-25.4185,-53.1833,0,81218,True,80–500 mil
4321667,Três Cachoeiras,RS,Rio Grande do Sul,Sul,-29.4487,-49.9275,0,10028,False,até 20 mil
3169307,Três Corações,MG,Minas Gerais,Sudeste,-21.6921,-45.2511,0,212877,True,80–500 mil
4321709,Três Coroas,RS,Rio Grande do Sul,Sul,-29.5137,-50.7739,0,8188,False,até 20 mil
4321808,Três de Maio,RS,Rio Grande do Sul,Sul,-27.78,-54.2357,0,4569,False,até 20 mil
4321832,Três Forquilhas,RS,Rio Grande do Sul,Sul,-29.5384,-50.0708,0,2496,False,até 20 mil
3554904,Três Fronteiras,SP,São Paulo,Sudeste,-20.2344,-50.8905,0,14388,False,até 20 mil
5008305,Três Lagoas,MS,Mato Grosso do Sul,Centro-Oeste,-20.7849,-51.7007,0,25918,False,20–80 mil
3169356,Três Marias,MG,Minas Gerais,Sudeste,-18.2048,-45.2473,0,1472,False,até 20 mil
4321857,Três Palmeiras,RS,Rio Grande do Sul,Sul,-27.6139,-52.8437,0,1890,False,até 20 mil
4321907,Três Passos,RS,Rio Grande do Sul,Sul,-27.4555,-53.9296,0,7219,False,até 20 mil
3169406,Três Pontas,MG,Minas Gerais,Sudeste,-21.3694,-45.5109,0,4283,False,até 20 mil
5221304,Três Ranchos,GO,Goiás,Centro-Oeste,-18.3539,-47.776,0,4269,False,até 20 mil
3306008,Três Rios,RJ,Rio de Janeiro,Sudeste,-22.1165,-43.2185,0,63247,False,20–80 mil
4218350,Treviso,SC,Santa Catarina,Sul,-28.5097,-49.4634,0,5540,False,até 20 mil
4218400,Treze de Maio,SC,Santa Catarina,Sul,-28.5537,-49.1565,0,34792,False,20–80 mil
4218509,Treze Tílias,SC,Santa Catarina,Sul,-27.0026,-51.4084,0,3888,False,até 20 mil
5221403,Trindade,GO,Goiás,Centro-Oeste,-16.6517,-49.4927,0,20783,False,20–80 mil
2615607,Trindade,PE,Pernambuco,Nordeste,-7.759,-40.2647,0,9866,False,até 20 mil
4321956,Trindade do Sul,RS,Rio Grande do Sul,Sul,-27.5239,-52.8956,0,4563,False,até 20 mil
4322004,Triunfo,RS,Rio Grande do Sul,Sul,-29.9291,-51.7075,0,3582,False,até 20 mil
2516805,Triunfo,PB,Paraíba,Nordeste,-6.5713,-38.5986,0,6940,False,até 20 mil
2615706,Triunfo,PE,Pernambuco,Nordeste,-7.83272,-38.0978,0,21382,False,20–80 mil
2414456,Triunfo Potiguar,RN,Rio Grande do Norte,Nordeste,-5.85408,-37.1786,0,2547,False,até 20 mil
2112233,Trizidela do Vale,MA,Maranhão,Nordeste,-4.538,-44.628,0,9269,False,até 20 mil
5221452,Trombas,GO,Goiás,Centro-Oeste,-13.5079,-48.7417,0,12708,False,até 20 mil
4218608,Trombudo Central,SC,Santa Catarina,Sul,-27.3033,-49.793,0,5404,False,até 20 mil
4218707,Tubarão,SC,Santa Catarina,Sul,-28.4713,-49.0144,0,62122,False,20–80 mil
2931905,Tucano,BA,Bahia,Nordeste,-10.9584,-38.7894,0,1936,False,até 20 mil
1508084,Tucumã,PA,Pará,Norte,-6.74687,-51.1626,0,26269,False,20–80 mil
4322103,Tucunduva,RS,Rio Grande do Sul,Sul,-27.6573,-54.4439,0,41758,False,20–80 mil
1508100,Tucuruí,PA,Pará,Norte,-3.7657,-49.6773,0,34137,False,20–80 mil
2112274,Tufilândia,MA,Maranhão,Nordeste,-3.67355,-45.6238,0,4875,False,até 20 mil
3554953,Tuiuti,SP,São Paulo,Sudeste,-22.8193,-46.6937,0,34063,False,20–80 mil
3169505,Tumiritinga,MG,Minas Gerais,Sudeste,-18.9844,-41.6527,0,4899,False,até 20 mil
4218756,Tunápolis,SC,Santa Catarina,Sul,-26.9681,-53.6417,0,26695,False,20–80 mil
4322152,Tunas,RS,Rio Grande do Sul,Sul,-29.1039,-52.9538,0,6956,False,até 20 mil
4127882,Tunas do Paraná,PR,Paraná,Sul,-24.9731,-49.0879,0,18338,False,até 20 mil
4127908,Tuneiras do Oeste,PR,Paraná,Sul,-23.8648,-52.8769,0,7402,False,até 20 mil
2112308,Tuntum,MA,Maranhão,Nordeste,-5.25476,-44.6444,0,18773,False,até 20 mil
3555000,Tupã,SP,São Paulo,Sudeste,-21.9335,-50.5191,0,92430,True,80–500 mil
3169604,Tupaciguara,MG,Minas Gerais,Sudeste,-18.5866,-48.6985,0,3784,False,até 20 mil
2615805,Tupanatinga,PE,Pernambuco,Nordeste,-8.74798,-37.3445,0,26610,False,20–80 mil
4322186,Tupanci do Sul,RS,Rio Grande do Sul,Sul,-27.9241,-51.5383,0,30788,False,20–80 mil
4322202,Tupanciretã,RS,Rio Grande do Sul,Sul,-29.0858,-53.8445,0,4236,False,até 20 mil
4322251,Tupandi,RS,Rio Grande do Sul,Sul,-29.4772,-51.4174,0,9968,False,até 20 mil
4322301,Tuparendi,RS,Rio Grande do Sul,Sul,-27.7598,-54.4814,0,7164,False,até 20 mil
2615904,Tuparetama,PE,Pernambuco,Nordeste,-7.6003,-37.3165,0,7915,False,até 20 mil
4127957,Tupãssi,PR,Paraná,Sul,-24.5879,-53.5105,0,173826,True,80–500 mil
3555109,Tupi Paulista,SP,São Paulo,Sudeste,-21.3825,-51.575,0,378272,True,80–500 mil
1721257,Tupirama,TO,Tocantins,Norte,-8.97168,-48.1883,0,6842,False,até 20 mil
1721307,Tupiratins,TO,Tocantins,Norte,-8.39388,-48.1277,0,15861,False,até 20 mil
2112407,Turiaçu,MA,Maranhão,Nordeste,-1.65893,-45.3798,0,19005,False,até 20 mil
2112456,Turilândia,MA,Maranhão,Nordeste,-2.21638,-45.3044,0,6569,False,até 20 mil
3555208,Turiúba,SP,São Paulo,Sudeste,-20.9428,-50.1135,0,5819,False,até 20 mil
3555307,Turmalina,SP,São Paulo,Sudeste,-20.0486,-50.4792,0,43220,False,20–80 mil
3169703,Turmalina,MG,Minas Gerais,Sudeste,-17.2828,-42.7285,0,2949,False,até 20 mil
4322327,Turuçu,RS,Rio Grande do Sul,Sul,-31.4173,-52.1706,0,1177,False,até 20 mil
2313559,Tururu,CE,Ceará,Nordeste,-3.58413,-39.4297,0,21875,False,20–80 mil
5221502,Turvânia,GO,Goiás,Centro-Oeste,-16.6125,-50.1369,0,5551,False,até 20 mil
5221551,Turvelândia,GO,Goiás,Centro-Oeste,-17.8502,-50.3024,0,9771,False,até 20 mil
4127965,Turvo,PR,Paraná,Sul,-25.0437,-51.5282,0,6999,False,até 20 mil
4218806,Turvo,SC,Santa Catarina,Sul,-28.9272,-49.6831,0,6926,False,até 20 mil
3169802,Turvolândia,MG,Minas Gerais,Sudeste,-21.8733,-45.7859,0,6939,False,até 20 mil
2112506,Tutóia,MA,Maranhão,Nordeste,-2.76141,-42.2755,0,3767,False,até 20 mil
1304260,Uarini,AM,Amazonas,Norte,-2.99609,-65.1133,0,158165,True,80–500 mil
2932002,Uauá,BA,Bahia,Nordeste,-9.83325,-39.4794,0,24043,False,20–80 mil
3169901,Ubá,MG,Minas Gerais,Sudeste,-21.1204,-42.9359,0,2531,False,até 20 mil
3170008,Ubaí,MG,Minas Gerais,Sudeste,-16.2885,-44.7783,0,13948,False,até 20 mil
2932101,Ubaíra,BA,Bahia,Nordeste,-13.2714,-39.666,0,7225,False,até 20 mil
2932200,Ubaitaba,BA,Bahia,Nordeste,-14.303,-39.3222,0,55411,False,20–80 mil
2313609,Ubajara,CE,Ceará,Nordeste,-3.85448,-40.9204,0,8273,False,até 20 mil
3170057,Ubaporanga,MG,Minas Gerais,Sudeste,-19.6351,-42.1059,0,10213,False,até 20 mil
3555356,Ubarana,SP,São Paulo,Sudeste,-21.165,-49.7198,0,9246,False,até 20 mil
2932309,Ubatã,BA,Bahia,Nordeste,-14.2063,-39.5207,0,6838,False,até 20 mil
3555406,Ubatuba,SP,São Paulo,Sudeste,-23.4332,-45.0834,0,93701,True,80–500 mil
3170107,Uberaba,MG,Minas Gerais,Sudeste,-19.7472,-47.9381,0,16378,False,até 20 mil
3170206,Uberlândia,MG,Minas Gerais,Sudeste,-18.9141,-48.2749,0,16866,False,até 20 mil
3555505,Ubirajara,SP,São Paulo,Sudeste,-22.5272,-49.6613,0,10881,False,até 20 mil
4128005,Ubiratã,PR,Paraná,Sul,-24.5393,-52.9865,0,5976,False,até 20 mil
4322343,Ubiretama,RS,Rio Grande do Sul,Sul,-28.0404,-54.686,0,36645,False,20–80 mil
3555604,Uchoa,SP,São Paulo,Sudeste,-20.9511,-49.1713,0,14546,False,até 20 mil
2932408,Uibaí,BA,Bahia,Nordeste,-11.3394,-42.1354,0,6771,False,até 20 mil
1400704,Uiramutã,RR,Roraima,Norte,4.60314,-60.1815,0,35428,False,20–80 mil
5221577,Uirapuru,GO,Goiás,Centro-Oeste,-14.2835,-49.9201,0,10342,False,até 20 mil
2516904,Uiraúna,PB,Paraíba,Nordeste,-6.51504,-38.4128,0,3295,False,até 20 mil
1508126,Ulianópolis,PA,Pará,Norte,-3.75007,-47.4892,0,2876,False,até 20 mil
2313708,Umari,CE,Ceará,Nordeste,-6.63893,-38.7008,0,6363,False,até 20 mil
2414506,Umarizal,RN,Rio Grande do Norte,Nordeste,-5.98238,-37.818,0,57047,False,20–80 mil
2807600,Umbaúba,SE,Sergipe,Nordeste,-11.3809,-37.6623,0,6918,False,até 20 mil
2932457,Umburanas,BA,Bahia,Nordeste,-10.7339,-41.3234,0,24733,False,20–80 mil
3170305,Umburatiba,MG,Minas Gerais,Sudeste,-17.2548,-40.5779,0,18730,False,até 20 mil
2517001,Umbuzeiro,PB,Paraíba,Nordeste,-7.69199,-35.6582,0,4431,False,até 20 mil
2313757,Umirim,CE,Ceará,Nordeste,-3.67654,-39.3465,0,30619,False,20–80 mil
4128104,Umuarama,PR,Paraná,Sul,-23.7656,-53.3201,0,1590,False,até 20 mil
2932507,Una,BA,Bahia,Nordeste,-15.2791,-39.0765,0,31567,False,20–80 mil
3170404,Unaí,MG,Minas Gerais,Sudeste,-16.3592,-46.9022,0,6398,False,até 20 mil
2211100,União,PI,Piauí,Nordeste,-4.58571,-42.8583,0,21563,False,20–80 mil
4322350,União da Serra,RS,Rio Grande do Sul,Sul,-28.7833,-52.0238,0,6563,False,até 20 mil
4128203,União da Vitória,PR,Paraná,Sul,-26.2273,-51.0873,0,52026,False,20–80 mil
3170438,União de Minas,MG,Minas Gerais,Sudeste,-19.5299,-50.338,0,99490,True,80–500 mil
4218855,União do Oeste,SC,Santa Catarina,Sul,-26.762,-52.8541,0,14086,False,até 20 mil
5108303,União do Sul,MT,Mato Grosso,Centro-Oeste,-11.5308,-54.3616,0,54268,False,20–80 mil
2709301,União dos Palmares,AL,Alagoas,Nordeste,-9.15921,-36.0223,0,86139,True,80–500 mil
3555703,União Paulista,SP,São Paulo,Sudeste,-20.8862,-49.9025,0,15978,False,até 20 mil
4128302,Uniflor,PR,Paraná,Sul,-23.0868,-52.1573,0,32496,False,20–80 mil
4322376,Unistalda,RS,Rio Grande do Sul,Sul,-29.04,-55.1517,0,17308,False,até 20 mil
2414605,Upanema,RN,Rio Grande do Norte,Nordeste,-5.63761,-37.2635,0,1418,False,até 20 mil
4128401,Uraí,PR,Paraná,Sul,-23.2,-50.7939,0,160073,True,80–500 mil
2932606,Urandi,BA,Bahia,Nordeste,-14.7678,-42.6498,0,22327,False,20–80 mil
3555802,Urânia,SP,São Paulo,Sudeste,-20.2455,-50.6455,0,28095,False,20–80 mil
2112605,Urbano Santos,MA,Maranhão,Nordeste,-3.20642,-43.3878,0,148807,True,80–500 mil
3555901,Uru,SP,São Paulo,Sudeste,-21.7866,-49.2848,0,43595,False,20–80 mil
5221601,Uruaçu,GO,Goiás,Centro-Oeste,-14.5238,-49.1396,0,9409,False,até 20 mil
5221700,Uruana,GO,Goiás,Centro-Oeste,-15.4993,-49.6861,0,88880,True,80–500 mil
3170479,Uruana de Minas,MG,Minas Gerais,Sudeste,-16.0634,-46.2443,0,12487,False,até 20 mil
1508159,Uruará,PA,Pará,Norte,-3.71519,-53.7396,0,35277,False,20–80 mil
4218905,Urubici,SC,Santa Catarina,Sul,-28.0157,-49.5925,0,12174,False,até 20 mil
2313807,Uruburetama,CE,Ceará,Nordeste,-3.62316,-39.5107,0,31809,False,20–80 mil
3170503,Urucânia,MG,Minas Gerais,Sudeste,-20.3521,-42.737,0,1244,False,até 20 mil
1304302,Urucará,AM,Amazonas,Norte,-2.52936,-57.7538,0,43704,False,20–80 mil
2932705,Uruçuca,BA,Bahia,Nordeste,-14.5963,-39.2851,0,2136,False,até 20 mil
2211209,Uruçuí,PI,Piauí,Nordeste,-7.23944,-44.5577,0,4281,False,até 20 mil
3170529,Urucuia,MG,Minas Gerais,Sudeste,-16.1244,-45.7352,0,3203,False,até 20 mil
1304401,Urucurituba,AM,Amazonas,Norte,-3.12841,-58.1496,0,9290,False,até 20 mil
4322400,Uruguaiana,RS,Rio Grande do Sul,Sul,-29.7614,-57.0853,0,3330,False,até 20 mil
2313906,Uruoca,CE,Ceará,Nordeste,-3.30819,-40.5628,0,86368,True,80–500 mil
1101708,Urupá,RO,Rondônia,Norte,-11.1261,-62.3639,0,39063,False,20–80 mil
4218954,Urupema,SC,Santa Catarina,Sul,-27.9557,-49.8729,0,800,False,até 20 mil
3556008,Urupês,SP,São Paulo,Sudeste,-21.2032,-49.2931,0,52013,False,20–80 mil
4219002,Urussanga,SC,Santa Catarina,Sul,-28.518,-49.3238,0,3788,False,até 20 mil
5221809,Urutaí,GO,Goiás,Centro-Oeste,-17.4651,-48.2015,0,11365,False,até 20 mil
2932804,Utinga,BA,Bahia,Nordeste,-12.0783,-41.0954,0,24649,False,20–80 mil
4322509,Vacaria,RS,Rio Grande do Sul,Sul,-28.5079,-50.9418,0,6352,False,até 20 mil
5108352,Vale de São Domingos,MT,Mato Grosso,Centro-Oeste,-15.286,-59.0683,0,6109,False,até 20 mil
1101757,Vale do Anari,RO,Rondônia,Norte,-9.86215,-62.1876,0,36085,False,20–80 mil
1101807,Vale do Paraíso,RO,Rondônia,Norte,-10.4465,-62.1352,0,17863,False,até 20 mil
4322533,Vale do Sol,RS,Rio Grande do Sul,Sul,-29.5967,-52.6839,0,2935,False,até 20 mil
4322541,Vale Real,RS,Rio Grande do Sul,Sul,-29.3919,-51.2559,0,29657,False,20–80 mil
4322525,Vale Verde,RS,Rio Grande do Sul,Sul,-29.7864,-52.1857,0,10726,False,até 20 mil
2932903,Valença,BA,Bahia,Nordeste,-13.3669,-39.073,0,4372,False,até 20 mil
3306107,Valença,RJ,Rio de Janeiro,Sudeste,-22.2445,-43.7129,0,23595,False,20–80 mil
2211308,Valença do Piauí,PI,Piauí,Nordeste,-6.40301,-41.7375,0,20208,False,20–80 mil
2933000,Valente,BA,Bahia,Nordeste,-11.4062,-39.457,0,17667,False,até 20 mil
3556107,Valentim Gentil,SP,São Paulo,Sudeste,-20.4217,-50.0889,0,30358,False,20–80 mil
3556206,Valinhos,SP,São Paulo,Sudeste,-22.9698,-46.9974,0,7075,False,até 20 mil
3556305,Valparaíso,SP,São Paulo,Sudeste,-21.2229,-50.8699,0,68032,False,20–80 mil
5221858,Valparaíso de Goiás,GO,Goiás,Centro-Oeste,-16.0651,-47.9757,0,9684,False,até 20 mil
4322558,Vanini,RS,Rio Grande do Sul,Sul,-28.4758,-51.8447,0,11403,False,até 20 mil
4219101,Vargeão,SC,Santa Catarina,Sul,-26.8621,-52.1549,0,9709,False,até 20 mil
4219150,Vargem,SC,Santa Catarina,Sul,-27.4867,-50.9724,0,6936,False,até 20 mil
3556354,Vargem,SP,São Paulo,Sudeste,-22.887,-46.4124,0,28823,False,20–80 mil
3170578,Vargem Alegre,MG,Minas Gerais,Sudeste,-19.5988,-42.2949,0,1422,False,até 20 mil
3205036,Vargem Alta,ES,Espírito Santo,Sudeste,-20.669,-41.0179,0,33867,False,20–80 mil
3170602,Vargem Bonita,MG,Minas Gerais,Sudeste,-20.3333,-46.3688,0,9834,False,até 20 mil
4219176,Vargem Bonita,SC,Santa Catarina,Sul,-27.0055,-51.7402,0,13475,False,até 20 mil
2112704,Vargem Grande,MA,Maranhão,Nordeste,-3.53639,-43.917,0,16799,False,até 20 mil
3170651,Vargem Grande do Rio Pardo,MG,Minas Gerais,Sudeste,-15.3987,-42.3085,0,8439,False,até 20 mil
3556404,Vargem Grande do Sul,SP,São Paulo,Sudeste,-21.8322,-46.8913,0,109654,True,80–500 mil
3556453,Vargem Grande Paulista,SP,São Paulo,Sudeste,-23.5993,-47.022,0,14026,False,até 20 mil
3170701,Varginha,MG,Minas Gerais,Sudeste,-21.5556,-45.4364,0,5763,False,até 20 mil
5221908,Varjão,GO,Goiás,Centro-Oeste,-17.0471,-49.6312,0,1261,False,até 20 mil
3170750,Varjão de Minas,MG,Minas Gerais,Sudeste,-18.3741,-46.0313,0,88130,True,80–500 mil
2313955,Varjota,CE,Ceará,Nordeste,-4.19387,-40.4741,0,70283,False,20–80 mil
3306156,Varre-Sai,RJ,Rio de Janeiro,Sudeste,-20.9276,-41.8701,0,19684,False,até 20 mil
2414704,Várzea,RN,Rio Grande do Norte,Nordeste,-6.34641,-35.3732,0,2815,False,até 20 mil
2517100,Várzea,PB,Paraíba,Nordeste,-6.76189,-36.9913,0,26234,False,20–80 mil
2314003,Várzea Alegre,CE,Ceará,Nordeste,-6.78264,-39.2942,0,18122,False,até 20 mil
2211357,Várzea Branca,PI,Piauí,Nordeste,-9.238,-42.9692,0,9612,False,até 20 mil
3170800,Várzea da Palma,MG,Minas Gerais,Sudeste,-17.5944,-44.7226,0,17649,False,até 20 mil
2933059,Várzea da Roça,BA,Bahia,Nordeste,-11.6005,-40.1328,0,2848,False,até 20 mil
2933109,Várzea do Poço,BA,Bahia,Nordeste,-11.5273,-40.3149,0,22283,False,20–80 mil
2211407,Várzea Grande,PI,Piauí,Nordeste,-6.54899,-42.248,0,4112,False,até 20 mil
5108402,Várzea Grande,MT,Mato Grosso,Centro-Oeste,-15.6458,-56.1322,0,11024,False,até 20 mil
2933158,Várzea Nova,BA,Bahia,Nordeste,-11.2557,-40.9432,0,5616,False,até 20 mil
3556503,Várzea Paulista,SP,São Paulo,Sudeste,-23.2136,-46.8234,0,5243,False,até 20 mil
2933174,Varzedo,BA,Bahia,Nordeste,-12.9672,-39.3919,0,3327,False,até 20 mil
3170909,Varzelândia,MG,Minas Gerais,Sudeste,-15.6992,-44.0278,0,21445,False,20–80 mil
3306206,Vassouras,RJ,Rio de Janeiro,Sudeste,-22.4059,-43.6686,0,71790,False,20–80 mil
3171006,Vazante,MG,Minas Gerais,Sudeste,-17.9827,-46.9088,0,3465,False,até 20 mil
4322608,Venâncio Aires,RS,Rio Grande do Sul,Sul,-29.6143,-52.1932,0,33923,False,20–80 mil
3205069,Venda Nova do Imigrante,ES,Espírito Santo,Sudeste,-20.327,-41.1355,0,74943,False,20–80 mil
2414753,Venha-Ver,RN,Rio Grande do Norte,Nordeste,-6.32016,-38.4896,0,14820,False,até 20 mil
4128534,Ventania,PR,Paraná,Sul,-24.2458,-50.2376,0,2429,False,até 20 mil
2616001,Venturosa,PE,Pernambuco,Nordeste,-8.57885,-36.8742,0,16346,False,até 20 mil
5108501,Vera,MT,Mato Grosso,Centro-Oeste,-12.3017,-55.3045,0,34337,False,20–80 mil
2414803,Vera Cruz,RN,Rio Grande do Norte,Nordeste,-6.04399,-35.428,0,58413,False,20–80 mil
2933208,Vera Cruz,BA,Bahia,Nordeste,-12.9568,-38.6153,0,29907,False,20–80 mil
4322707,Vera Cruz,RS,Rio Grande do Sul,Sul,-29.7184,-52.5152,0,27169,False,20–80 mil
3556602,Vera Cruz,SP,São Paulo,Sudeste,-22.2183,-49.8207,0,29429,False,20–80 mil
4128559,Vera Cruz do Oeste,PR,Paraná,Sul,-25.0577,-53.8771,0,55703,False,20–80 mil
2211506,Vera Mendes,PI,Piauí,Nordeste,-7.59748,-41.4673,0,10163,False,até 20 mil
4322806,Veranópolis,RS,Rio Grande do Sul,Sul,-28.9312,-51.5516,0,17672,False,até 20 mil
2616100,Verdejante,PE,Pernambuco,Nordeste,-7.92235,-38.9701,0,9587,False,até 20 mil
3171030,Verdelândia,MG,Minas Gerais,Sudeste,-15.5845,-43.6121,0,3215,False,até 20 mil
4128609,Verê,PR,Paraná,Sul,-25.8772,-52.9051,0,12100,False,até 20 mil
2933257,Vereda,BA,Bahia,Nordeste,-17.2183,-40.0974,0,17791,False,até 20 mil
3171071,Veredinha,MG,Minas Gerais,Sudeste,-17.3974,-42.7307,0,10047,False,até 20 mil
3171105,Veríssimo,MG,Minas Gerais,Sudeste,-19.6657,-48.3118,0,11671,False,até 20 mil
3171154,Vermelho Novo,MG,Minas Gerais,Sudeste,-20.0406,-42.2688,0,1252,False,até 20 mil
2616183,Vertente do Lério,PE,Pernambuco,Nordeste,-7.77084,-35.8491,0,235364,True,80–500 mil
2616209,Vertentes,PE,Pernambuco,Nordeste,-7.90158,-35.9681,0,16993,False,até 20 mil
3171204,Vespasiano,MG,Minas Gerais,Sudeste,-19.6883,-43.9239,0,7913,False,até 20 mil
4322855,Vespasiano Corrêa,RS,Rio Grande do Sul,Sul,-29.0655,-51.8625,0,1594,False,até 20 mil
4322905,Viadutos,RS,Rio Grande do Sul,Sul,-27.5716,-52.0211,0,3543,False,até 20 mil
4323002,Viamão,RS,Rio Grande do Sul,Sul,-30.0819,-51.0194,0,2524,False,até 20 mil
3205101,Viana,ES,Espírito Santo,Sudeste,-20.3825,-40.4933,0,7784,False,até 20 mil
2112803,Viana,MA,Maranhão,Nordeste,-3.20451,-44.9912,0,5240,False,até 20 mil
5222005,Vianópolis,GO,Goiás,Centro-Oeste,-16.7405,-48.5159,0,4736,False,até 20 mil
2616308,Vicência,PE,Pernambuco,Nordeste,-7.65655,-35.3139,0,102643,True,80–500 mil
4323101,Vicente Dutra,RS,Rio Grande do Sul,Sul,-27.1607,-53.4022,0,16952,False,até 20 mil
5008404,Vicentina,MS,Mato Grosso do Sul,Centro-Oeste,-22.4098,-54.4415,0,23332,False,20–80 mil
5222054,Vicentinópolis,GO,Goiás,Centro-Oeste,-17.7322,-49.8047,0,9482,False,até 20 mil
2414902,Viçosa,RN,Rio Grande do Norte,Nordeste,-5.98253,-37.9462,0,13242,False,até 20 mil
2709400,Viçosa,AL,Alagoas,Nordeste,-9.36763,-36.2431,0,48399,False,20–80 mil
3171303,Viçosa,MG,Minas Gerais,Sudeste,-20.7559,-42.8742,0,9799,False,até 20 mil
2314102,Viçosa do Ceará,CE,Ceará,Nordeste,-3.5667,-41.0916,0,5333,False,até 20 mil
4323200,Victor Graeff,RS,Rio Grande do Sul,Sul,-28.5632,-52.7495,0,9187,False,até 20 mil
4219200,Vidal Ramos,SC,Santa Catarina,Sul,-27.3886,-49.3593,0,35569,False,20–80 mil
4219309,Videira,SC,Santa Catarina,Sul,-27.0086,-51.1543,0,7209,False,até 20 mil
3171402,Vieiras,MG,Minas Gerais,Sudeste,-20.867,-42.2401,0,7615,False,até 20 mil
2517209,Vieirópolis,PB,Paraíba,Nordeste,-6.50684,-38.2567,0,16442,False,até 20 mil
1508209,Vigia,PA,Pará,Norte,-0.861194,-48.1386,0,256522,True,80–500 mil
5105507,Vila Bela da Santíssima Trindade,MT,Mato Grosso,Centro-Oeste,-15.0068,-59.9504,0,100147,True,80–500 mil
5222203,Vila Boa,GO,Goiás,Centro-Oeste,-15.0387,-47.052,0,5956,False,até 20 mil
2415008,Vila Flor,RN,Rio Grande do Norte,Nordeste,-6.31287,-35.067,0,17392,False,até 20 mil
4323309,Vila Flores,RS,Rio Grande do Sul,Sul,-28.8598,-51.5504,0,1650,False,até 20 mil
4323358,Vila Lângaro,RS,Rio Grande do Sul,Sul,-28.1062,-52.1438,0,6187,False,até 20 mil
4323408,Vila Maria,RS,Rio Grande do Sul,Sul,-28.5359,-52.1486,0,1472,False,até 20 mil
2211605,Vila Nova do Piauí,PI,Piauí,Nordeste,-7.13272,-40.9345,0,8530,False,até 20 mil
4323457,Vila Nova do Sul,RS,Rio Grande do Sul,Sul,-30.3461,-53.876,0,7182,False,até 20 mil
2112852,Vila Nova dos Martírios,MA,Maranhão,Nordeste,-5.18889,-48.1336,0,32116,False,20–80 mil
3205150,Vila Pavão,ES,Espírito Santo,Sudeste,-18.6091,-40.609,0,7280,False,até 20 mil
5222302,Vila Propício,GO,Goiás,Centro-Oeste,-15.4542,-48.8819,0,57898,False,20–80 mil
5108600,Vila Rica,MT,Mato Grosso,Centro-Oeste,-10.0137,-51.1186,0,5231,False,até 20 mil
3205176,Vila Valério,ES,Espírito Santo,Sudeste,-18.9958,-40.3849,0,7938,False,até 20 mil
3205200,Vila Velha,ES,Espírito Santo,Sudeste,-20.3417,-40.2875,0,36311,False,20–80 mil
1100304,Vilhena,RO,Rondônia,Norte,-12.7502,-60.1488,0,7529,False,até 20 mil
3556701,Vinhedo,SP,São Paulo,Sudeste,-23.0302,-46.9833,0,127099,True,80–500 mil
3556800,Viradouro,SP,São Paulo,Sudeste,-20.8734,-48.293,0,36469,False,20–80 mil
3171600,Virgem da Lapa,MG,Minas Gerais,Sudeste,-16.807,-42.3431,0,3944,False,até 20 mil
3171709,Virgínia,MG,Minas Gerais,Sudeste,-22.3264,-45.0965,0,5330,False,até 20 mil
3171808,Virginópolis,MG,Minas Gerais,Sudeste,-18.8154,-42.7015,0,7943,False,até 20 mil
3171907,Virgolândia,MG,Minas Gerais,Sudeste,-18.4738,-42.3067,0,10662,False,até 20 mil
4128658,Virmond,PR,Paraná,Sul,-25.3829,-52.1987,0,27187,False,20–80 mil
3172004,Visconde do Rio Branco,MG,Minas Gerais,Sudeste,-21.0127,-42.8361,0,18766,False,até 20 mil
1508308,Viseu,PA,Pará,Norte,-1.19124,-46.1399,0,42557,False,20–80 mil
4323507,Vista Alegre,RS,Rio Grande do Sul,Sul,-27.3686,-53.4919,0,1233,False,até 20 mil
3556909,Vista Alegre do Alto,SP,São Paulo,Sudeste,-21.1692,-48.6284,0,24527,False,20–80 mil
4323606,Vista Alegre do Prata,RS,Rio Grande do Sul,Sul,-28.8052,-51.7947,0,13624,False,até 20 mil
4323705,Vista Gaúcha,RS,Rio Grande do Sul,Sul,-27.2902,-53.6974,0,11540,False,até 20 mil
2505501,Vista Serrana,PB,Paraíba,Nordeste,-6.7303,-37.5704,0,14483,False,até 20 mil
4219358,Vitor Meireles,SC,Santa Catarina,Sul,-26.8782,-49.8328,0,3208,False,até 20 mil
3205309,Vitória,ES,Espírito Santo,Sudeste,-20.3155,-40.3128,1,998987,True,acima de 500 mil
3556958,Vitória Brasil,SP,São Paulo,Sudeste,-20.1956,-50.4875,0,11729,False,até 20 mil
2933307,Vitória da Conquista,BA,Bahia,Nordeste,-14.8615,-40.8442,0,6941,False,até 20 mil
4323754,Vitória das Missões,RS,Rio Grande do Sul,Sul,-28.3516,-54.504,0,62106,False,20–80 mil
2616407,Vitória de Santo Antão,PE,Pernambuco,Nordeste,-8.12819,-35.2976,0,15125,False,até 20 mil
1600808,Vitória do Jari,AP,Amapá,Norte,-0.938,-52.424,0,11904,False,até 20 mil
2112902,Vitória do Mearim,MA,Maranhão,Nordeste,-3.45125,-44.8643,0,10400,False,até 20 mil
1508357,Vitória do Xingu,PA,Pará,Norte,-2.87922,-52.0088,0,106450,True,80–500 mil
4128708,Vitorino,PR,Paraná,Sul,-26.2683,-52.7843,0,1828,False,até 20 mil
2113009,Vitorino Freire,MA,Maranhão,Nordeste,-4.28184,-45.2505,0,8879,False,até 20 mil
3172103,Volta Grande,MG,Minas Gerais,Sudeste,-21.7671,-42.5375,0,31682,False,20–80 mil
3306305,Volta Redonda,RJ,Rio de Janeiro,Sudeste,-22.5202,-44.0996,0,28463,False,20–80 mil
3557006,Votorantim,SP,São Paulo,Sudeste,-23.5446,-47.4388,0,211233,True,80–500 mil
3557105,Votuporanga,SP,São Paulo,Sudeste,-20.4237,-49.9781,0,9844,False,até 20 mil
2933406,Wagner,BA,Bahia,Nordeste,-12.2819,-41.1715,0,67302,False,20–80 mil
2211704,Wall Ferraz,PI,Piauí,Nordeste,-7.23151,-41.905,0,18432,False,até 20 mil
1722081,Wanderlândia,TO,Tocantins,Norte,-6.85274,-47.9601,0,8742,False,até 20 mil
2933455,Wanderley,BA,Bahia,Nordeste,-12.1144,-43.8958,0,8399,False,até 20 mil
3172202,Wenceslau Braz,MG,Minas Gerais,Sudeste,-22.5368,-45.3626,0,6980,False,até 20 mil
4128500,Wenceslau Braz,PR,Paraná,Sul,-23.8742,-49.8032,0,56313,False,20–80 mil
2933505,Wenceslau Guimarães,BA,Bahia,Nordeste,-13.6908,-39.4762,0,14129,False,até 20 mil
4323770,Westfália,RS,Rio Grande do Sul,Sul,-29.4263,-51.7645,0,19351,False,até 20 mil
4219408,Witmarsum,SC,Santa Catarina,Sul,-26.9275,-49.7947,0,14678,False,até 20 mil
1722107,Xambioá,TO,Tocantins,Norte,-6.4141,-48.532,0,9422,False,até 20 mil
4128807,Xambrê,PR,Paraná,Sul,-23.7364,-53.4884,0,26608,False,20–80 mil
4323804,Xangri-lá,RS,Rio Grande do Sul,Sul,-29.8065,-50.0519,0,4782,False,até 20 mil
4219507,Xanxerê,SC,Santa Catarina,Sul,-26.8747,-52.4036,0,7169,False,até 20 mil
1200708,Xapuri,AC,Acre,Norte,-10.6516,-68.4969,0,14964,False,até 20 mil
4219606,Xavantina,SC,Santa Catarina,Sul,-27.0667,-52.343,0,8648,False,até 20 mil
4219705,Xaxim,SC,Santa Catarina,Sul,-26.9596,-52.5374,0,7449,False,até 20 mil
2616506,Xexéu,PE,Pernambuco,Nordeste,-8.8046,-35.6212,0,24946,False,20–80 mil
1508407,Xinguara,PA,Pará,Norte,-7.0983,-49.9437,0,25742,False,20–80 mil
2933604,Xique-Xique,BA,Bahia,Nordeste,-10.823,-42.7245,0,18333,False,até 20 mil
2517407,Zabelê,PB,Paraíba,Nordeste,-8.07901,-37.1057,0,5891,False,até 20 mil
3557154,Zacarias,SP,São Paulo,Sudeste,-21.0506,-50.0552,0,13756,False,até 20 mil
2114007,Zé Doca,MA,Maranhão,Nordeste,-3.27014,-45.6553,0,21765,False,20–80 mil
4219853,Zortéa,SC,Santa Catarina,Sul,-27.4521,-51.552,0,120911,True,80–500 mil
5101837,Boa Esperança do Norte,MT,Mato Grosso,Centro-Oeste,-13.5067,-55.1486,0,9685,False,até 20 mil
