Cód. IBGE;Município;UF;População residente
1200013;Acrelândia;AC;34144
1200054;Assis Brasil;AC;10081
1200104;Brasiléia;AC;34144
1200138;Bujari;AC;34144
1200179;Capixaba;AC;3701
1200203;Cruzeiro do Sul;AC;7555
1200252;Epitaciolândia;AC;34144
1200302;Feijó;AC;22350
1200328;Jordão;AC;31068
1200336;Mâncio Lima;AC;12383
1200344;Manoel Urbano;AC;34144
1200351;Marechal Thaumaturgo;AC;34144
1200385;Plácido de Castro;AC;34032
1200807;Porto Acre;AC;34144
1200393;Porto Walter;AC;34144
1200401;Rio Branco;AC;285642
1200427;Rodrigues Alves;AC;34144
1200435;Santa Rosa do Purus;AC;11022
1200500;Sena Madureira;AC;34144
1200450;Senador Guiomard;AC;29957
1200609;Tarauacá;AC;25825
1200708;Xapuri;AC;14964
2700102;Água Branca;AL;16295
2700201;Anadia;AL;12058
2700300;Arapiraca;AL;13112
2700409;Atalaia;AL;34688
2700508;Barra de Santo Antônio;AL;28871
2700607;Barra de São Miguel;AL;30413
2700706;Batalha;AL;31024
2700805;Belém;AL;125107
2700904;Belo Monte;AL;12352
2701001;Boca da Mata;AL;10994
2701100;Branquinha;AL;7891
2701209;Cacimbinhas;AL;38032
2701308;Cajueiro;AL;66868
2701357;Campestre;AL;17039
2701407;Campo Alegre;AL;7665
2701506;Campo Grande;AL;7798
2701605;Canapi;AL;39508
2701704;Capela;AL;43747
2701803;Carneiros;AL;35104
2701902;Chã Preta;AL;9289
2702009;Coité do Nóia;AL;24934
2702108;Colônia Leopoldina;AL;21960
2702207;Coqueiro Seco;AL;24567
2702306;Coruripe;AL;50371
2702355;Craíbas;AL;24700
2702405;Delmiro Gouveia;AL;40758
2702504;Dois Riachos;AL;20805
2702553;Estrela de Alagoas;AL;26546
2702603;Feira Grande;AL;38678
2702702;Feliz Deserto;AL;3888
2702801;Flexeiras;AL;13588
2702900;Girau do Ponciano;AL;11513
2703007;Ibateguara;AL;9565
2703106;Igaci;AL;14271
2703205;Igreja Nova;AL;100012
2703304;Inhapi;AL;7452
2703403;Jacaré dos Homens;AL;56034
2703502;Jacuípe;AL;3033
2703601;Japaratinga;AL;13363
2703700;Jaramataia;AL;23101
2703759;Jequiá da Praia;AL;36807
2703809;Joaquim Gomes;AL;42233
2703908;Jundiá;AL;46226
2704005;Junqueiro;AL;13161
2704104;Lagoa da Canoa;AL;11615
2704203;Limoeiro de Anadia;AL;49631
2704302;Maceió;AL;559558
2704401;Major Isidoro;AL;4747
2704906;Mar Vermelho;AL;5552
2704500;Maragogi;AL;7025
2704609;Maravilha;AL;33372
2704708;Marechal Deodoro;AL;22590
2704807;Maribondo;AL;41280
2705002;Mata Grande;AL;12072
2705101;Matriz de Camaragibe;AL;22994
2705200;Messias;AL;38436
2705309;Minador do Negrão;AL;13744
2705408;Monteirópolis;AL;31922
2705507;Murici;AL;9325
2705606;Novo Lino;AL;12955
2705705;Olho d'Água das Flores;AL;12692
2705804;Olho d'Água do Casado;AL;5183
2705903;Olho d'Água Grande;AL;33000
2706000;Olivença;AL;11525
2706109;Ouro Branco;AL;19582
2706208;Palestina;AL;32775
2706307;Palmeira dos Índios;AL;31565
2706406;Pão de Açúcar;AL;40156
2706422;Pariconha;AL;17331
2706448;Paripueira;AL;12124
2706505;Passo de Camaragibe;AL;17693
2706604;Paulo Jacinto;AL;3019
2706703;Penedo;AL;3932
2706802;Piaçabuçu;AL;4508
2706901;Pilar;AL;6449
2707008;Pindoba;AL;29982
2707107;Piranhas;AL;7134
2707206;Poço das Trincheiras;AL;12742
2707305;Porto Calvo;AL;80641
2707404;Porto de Pedras;AL;13052
2707503;Porto Real do Colégio;AL;43472
2707602;Quebrangulo;AL;6916
2707701;Rio Largo;AL;15408
2707800;Roteiro;AL;6793
2707909;Santa Luzia do Norte;AL;13302
2708006;Santana do Ipanema;AL;48676
2708105;Santana do Mundaú;AL;2889
2708204;São Brás;AL;31147
2708303;São José da Laje;AL;25087
2708402;São José da Tapera;AL;10047
2708501;São Luís do Quitunde;AL;3936
2708600;São Miguel dos Campos;AL;20909
2708709;São Miguel dos Milagres;AL;10788
2708808;São Sebastião;AL;24948
2708907;Satuba;AL;19784
2708956;Senador Rui Palmeira;AL;112484
2709004;Tanque d'Arca;AL;14843
2709103;Taquarana;AL;6265
2709152;Teotônio Vilela;AL;23525
2709202;Traipu;AL;24602
2709301;União dos Palmares;AL;86139
2709400;Viçosa;AL;48399
1300029;Alvarães;AM;158165
1300060;Amaturá;AM;9662
1300086;Anamã;AM;17675
1300102;Anori;AM;12893
1300144;Apuí;AM;23268
1300201;Atalaia do Norte;AM;7858
1300300;Autazes;AM;71848
1300409;Barcelos;AM;27979
1300508;Barreirinha;AM;7085
1300607;Benjamin Constant;AM;11690
1300631;Beruri;AM;50438
1300680;Boa Vista do Ramos;AM;89822
1300706;Boca do Acre;AM;158165
1300805;Borba;AM;158165
1300839;Caapiranga;AM;56359
1300904;Canutama;AM;12030
1301001;Carauari;AM;3423
1301100;Careiro;AM;47960
1301159;Careiro da Várzea;AM;14609
1301209;Coari;AM;22624
1301308;Codajás;AM;18221
1301407;Eirunepé;AM;30600
1301506;Envira;AM;115407
1301605;Fonte Boa;AM;42463
1301654;Guajará;AM;30006
1301704;Humaitá;AM;11435
1301803;Ipixuna;AM;5662
1301852;Iranduba;AM;20925
1301902;Itacoatiara;AM;33674
1301951;Itamarati;AM;158165
1302009;Itapiranga;AM;41231
1302108;Japurá;AM;105309
1302207;Juruá;AM;20628
1302306;Jutaí;AM;9703
1302405;Lábrea;AM;12357
1302504;Manacapuru;AM;16089
1302553;Manaquiri;AM;158165
1302603;Manaus;AM;781205
1302702;Manicoré;AM;89857
1302801;Maraã;AM;13232
1302900;Maués;AM;99546
1303007;Nhamundá;AM;54562
1303106;Nova Olinda do Norte;AM;30072
1303205;Novo Airão;AM;34160
1303304;Novo Aripuanã;AM;17385
1303403;Parintins;AM;58356
1303502;Pauini;AM;21659
1303536;Presidente Figueiredo;AM;9279
1303569;Rio Preto da Eva;AM;8760
1303601;Santa Isabel do Rio Negro;AM;43195
1303700;Santo Antônio do Içá;AM;158165
1303809;São Gabriel da Cachoeira;AM;42601
1303908;São Paulo de Olivença;AM;31355
1303957;São Sebastião do Uatumã;AM;48925
1304005;Silves;AM;150278
1304062;Tabatinga;AM;45477
1304104;Tapauá;AM;22734
1304203;Tefé;AM;120639
1304237;Tonantins;AM;57255
1304260;Uarini;AM;158165
1304302;Urucará;AM;43704
1304401;Urucurituba;AM;9290
1600105;Amapá;AP;38761
1600204;Calçoene;AP;38761
1600212;Cutias;AP;38761
1600238;Ferreira Gomes;AP;38761
1600253;Itaubal;AP;38761
1600279;Laranjal do Jari;AP;33593
1600303;Macapá;AP;184369
1600402;Mazagão;AP;38761
1600501;Oiapoque;AP;38761
1600154;Pedra Branca do Amapari;AP;38761
1600535;Porto Grande;AP;38761
1600550;Pracuúba;AP;38761
1600600;Santana;AP;38761
1600055;Serra do Navio;AP;38761
1600709;Tartarugalzinho;AP;38761
1600808;Vitória do Jari;AP;11904
2900108;Abaíra;BA;5394
2900207;Abaré;BA;3569
2900306;Acajutiba;BA;5191
2900355;Adustina;BA;9444
2900405;Água Fria;BA;37352
2900603;Aiquara;BA;3170
2900702;Alagoinhas;BA;14106
2900801;Alcobaça;BA;8007
2900900;Almadina;BA;9511
2901007;Amargosa;BA;41096
2901106;Amélia Rodrigues;BA;24651
2901155;América Dourada;BA;59384
2901205;Anagé;BA;11507
2901304;Andaraí;BA;6343
2901353;Andorinha;BA;10662
2901403;Angical;BA;17808
2901502;Anguera;BA;16562
2901601;Antas;BA;4137
2901700;Antônio Cardoso;BA;15066
2901809;Antônio Gonçalves;BA;17530
2901908;Aporá;BA;217480
2901957;Apuarema;BA;107492
2902054;Araças;BA;5335
2902005;Aracatu;BA;9942
2902104;Araci;BA;2727
2902203;Aramari;BA;7121
2902252;Arataca;BA;19299
2902302;Aratuípe;BA;51384
2902401;Aurelino Leal;BA;6116
2902500;Baianópolis;BA;6641
2902609;Baixa Grande;BA;1285
2902658;Banzaê;BA;11404
2902708;Barra;BA;4239
2902807;Barra da Estiva;BA;7618
2902906;Barra do Choça;BA;5198
2903003;Barra do Mendes;BA;12295
2903102;Barra do Rocha;BA;1973
2903201;Barreiras;BA;2716
2903235;Barro Alto;BA;141891
2903300;Barro Preto;BA;3309
2903276;Barrocas;BA;4081
2903409;Belmonte;BA;102873
2903508;Belo Campo;BA;333106
2903607;Biritinga;BA;3759
2903706;Boa Nova;BA;9096
2903805;Boa Vista do Tupim;BA;19858
2903904;Bom Jesus da Lapa;BA;91328
2903953;Bom Jesus da Serra;BA;4606
2904001;Boninal;BA;10413
2904050;Bonito;BA;32071
2904100;Boquira;BA;22002
2904209;Botuporã;BA;9017
2904308;Brejões;BA;11771
2904407;Brejolândia;BA;3006
2904506;Brotas de Macaúbas;BA;10495
2904605;Brumado;BA;10174
2904704;Buerarema;BA;17607
2904753;Buritirama;BA;7404
2904803;Caatiba;BA;22910
2904852;Cabaceiras do Paraguaçu;BA;41549
2904902;Cachoeira;BA;16181
2905008;Caculé;BA;20082
2905107;Caém;BA;14460
2905156;Caetanos;BA;13640
2905206;Caetité;BA;6167
2905305;Cafarnaum;BA;19318
2905404;Cairu;BA;12254
2905503;Caldeirão Grande;BA;136370
2905602;Camacan;BA;76982
2905701;Camaçari;BA;20849
2905800;Camamu;BA;5892
2905909;Campo Alegre de Lourdes;BA;4012
2906006;Campo Formoso;BA;50559
2906105;Canápolis;BA;18209
2906204;Canarana;BA;23128
2906303;Canavieiras;BA;2001
2906402;Candeal;BA;37829
2906501;Candeias;BA;22483
2906600;Candiba;BA;4021
2906709;Cândido Sales;BA;8119
2906808;Cansanção;BA;18228
2906824;Canudos;BA;14449
2906857;Capela do Alto Alegre;BA;9890
2906873;Capim Grosso;BA;12171
2906899;Caraíbas;BA;10337
2906907;Caravelas;BA;16130
2907004;Cardeal da Silva;BA;68822
2907103;Carinhanha;BA;810
2907202;Casa Nova;BA;10510
2907301;Castro Alves;BA;16561
2907400;Catolândia;BA;18887
2907509;Catu;BA;9059
2907558;Caturama;BA;1975
2907608;Central;BA;19564
2907707;Chorrochó;BA;91192
2907806;Cícero Dantas;BA;2523
2907905;Cipó;BA;35272
2908002;Coaraci;BA;9502
2908101;Cocos;BA;12749
2908200;Conceição da Feira;BA;4283
2908309;Conceição do Almeida;BA;9440
2908408;Conceição do Coité;BA;56993
2908507;Conceição do Jacuípe;BA;25889
2908606;Conde;BA;91691
2908705;Condeúba;BA;49801
2908804;Contendas do Sincorá;BA;22107
2908903;Coração de Maria;BA;92871
2909000;Cordeiros;BA;22104
2909109;Coribe;BA;33909
2909208;Coronel João Sá;BA;9842
2909307;Correntina;BA;14674
2909406;Cotegipe;BA;6333
2909505;Cravolândia;BA;40505
2909604;Crisópolis;BA;3731
2909703;Cristópolis;BA;32249
2909802;Cruz das Almas;BA;11058
2909901;Curaçá;BA;49465
2910008;Dário Meira;BA;31151
2910057;Dias d'Ávila;BA;101048
2910107;Dom Basílio;BA;30470
2910206;Dom Macedo Costa;BA;2420
2910305;Elísio Medrado;BA;12670
2910404;Encruzilhada;BA;3757
2910503;Entre Rios;BA;7712
2900504;Érico Cardoso;BA;71897
2910602;Esplanada;BA;27500
2910701;Euclides da Cunha;BA;6322
2910727;Eunápolis;BA;4472
2910750;Fátima;BA;14139
2910776;Feira da Mata;BA;3578
2910800;Feira de Santana;BA;6518
2910859;Filadélfia;BA;19223
2910909;Firmino Alves;BA;48605
2911006;Floresta Azul;BA;26643
2911105;Formosa do Rio Preto;BA;1097
2911204;Gandu;BA;19062
2911253;Gavião;BA;14763
2911303;Gentio do Ouro;BA;21502
2911402;Glória;BA;80698
2911501;Gongogi;BA;1410
2911600;Governador Mangabeira;BA;7118
2911659;Guajeru;BA;26125
2911709;Guanambi;BA;2394
2911808;Guaratinga;BA;69161
2911857;Heliópolis;BA;20452
2911907;Iaçu;BA;34610
2912004;Ibiassucê;BA;7278
2912103;Ibicaraí;BA;33382
2912202;Ibicoara;BA;44177
2912301;Ibicuí;BA;17620
2912400;Ibipeba;BA;17650
2912509;Ibipitanga;BA;18362
2912608;Ibiquera;BA;5276
2912707;Ibirapitanga;BA;11595
2912806;Ibirapuã;BA;11532
2912905;Ibirataia;BA;20793
2913002;Ibitiara;BA;40964
2913101;Ibititá;BA;4257
2913200;Ibotirama;BA;11886
2913309;Ichu;BA;69581
2913408;Igaporã;BA;6019
2913457;Igrapiúna;BA;5520
2913507;Iguaí;BA;17038
2913606;Ilhéus;BA;34526
2913705;Inhambupe;BA;13811
2913804;Ipecaetá;BA;58835
2913903;Ipiaú;BA;35000
2914000;Ipirá;BA;34429
2914109;Ipupiara;BA;25089
2914208;Irajuba;BA;176497
2914307;Iramaia;BA;10883
2914406;Iraquara;BA;1505
2914505;Irará;BA;79644
2914604;Irecê;BA;8243
2914653;Itabela;BA;15357
2914703;Itaberaba;BA;57592
2914802;Itabuna;BA;2341
2914901;Itacaré;BA;3442
2915007;Itaeté;BA;2343
2915106;Itagi;BA;5694
2915205;Itagibá;BA;22120
2915304;Itagimirim;BA;24276
2915353;Itaguaçu da Bahia;BA;18482
2915403;Itaju do Colônia;BA;2883
2915502;Itajuípe;BA;1074
2915601;Itamaraju;BA;14479
2915700;Itamari;BA;8117
2915809;Itambé;BA;22606
2915908;Itanagra;BA;29519
2916005;Itanhém;BA;15878
2916104;Itaparica;BA;31470
2916203;Itapé;BA;17549
2916302;Itapebi;BA;24434
2916401;Itapetinga;BA;6282
2916500;Itapicuru;BA;11193
2916609;Itapitanga;BA;16934
2916708;Itaquara;BA;33632
2916807;Itarantim;BA;8844
2916856;Itatim;BA;24196
2916906;Itiruçu;BA;10180
2917003;Itiúba;BA;11984
2917102;Itororó;BA;33966
2917201;Ituaçu;BA;1523
2917300;Ituberá;BA;3276
2917334;Iuiú;BA;2671
2917359;Jaborandi;BA;1047
2917409;Jacaraci;BA;6468
2917508;Jacobina;BA;31102
2917607;Jaguaquara;BA;9969
2917706;Jaguarari;BA;16953
2917805;Jaguaripe;BA;45197
2917904;Jandaíra;BA;58753
2918001;Jequié;BA;12640
2918100;Jeremoabo;BA;60451
2918209;Jiquiriçá;BA;15093
2918308;Jitaúna;BA;5429
2918357;João Dourado;BA;7093
2918407;Juazeiro;BA;2676
2918456;Jucuruçu;BA;5134
2918506;Jussara;BA;9199
2918555;Jussari;BA;33011
2918605;Jussiape;BA;90535
2918704;Lafaiete Coutinho;BA;2982
2918753;Lagoa Real;BA;21010
2918803;Laje;BA;4342
2918902;Lajedão;BA;22990
2919009;Lajedinho;BA;11807
2919058;Lajedo do Tabocal;BA;1820
2919108;Lamarão;BA;37864
2919157;Lapão;BA;7010
2919207;Lauro de Freitas;BA;7581
2919306;Lençóis;BA;4205
2919405;Licínio de Almeida;BA;6640
2919504;Livramento de Nossa Senhora;BA;21836
2919553;Luís Eduardo Magalhães;BA;11075
2919603;Macajuba;BA;19578
2919702;Macarani;BA;20308
2919801;Macaúbas;BA;58301
2919900;Macururé;BA;9354
2919926;Madre de Deus;BA;2687
2919959;Maetinga;BA;44116
2920007;Maiquinique;BA;9471
2920106;Mairi;BA;46476
2920205;Malhada;BA;20793
2920304;Malhada de Pedras;BA;11806
2920403;Manoel Vitorino;BA;20016
2920452;Mansidão;BA;116629
2920502;Maracás;BA;133963
2920601;Maragogipe;BA;14720
2920700;Maraú;BA;16266
2920809;Marcionílio Souza;BA;44556
2920908;Mascote;BA;5380
2921005;Mata de São João;BA;19673
2921054;Matina;BA;13256
2921104;Medeiros Neto;BA;19263
2921203;Miguel Calmon;BA;5453
2921302;Milagres;BA;2373
2921401;Mirangaba;BA;1395
2921450;Mirante;BA;3990
2921500;Monte Santo;BA;8235
2921609;Morpará;BA;9879
2921708;Morro do Chapéu;BA;114875
2921807;Mortugaba;BA;46039
2921906;Mucugê;BA;4733
2922003;Mucuri;BA;19993
2922052;Mulungu do Morro;BA;8715
2922102;Mundo Novo;BA;9975
2922201;Muniz Ferreira;BA;16722
2922250;Muquém de São Francisco;BA;26950
2922300;Muritiba;BA;9391
2922409;Mutuípe;BA;43953
2922508;Nazaré;BA;3884
2922607;Nilo Peçanha;BA;13734
2922656;Nordestina;BA;237538
2922706;Nova Canaã;BA;17431
2922730;Nova Fátima;BA;65985
2922755;Nova Ibiá;BA;15083
2922805;Nova Itarana;BA;25835
2922854;Nova Redenção;BA;12813
2922904;Nova Soure;BA;11307
2923001;Nova Viçosa;BA;5786
2923035;Novo Horizonte;BA;21894
2923050;Novo Triunfo;BA;5345
2923100;Olindina;BA;28361
2923209;Oliveira dos Brejinhos;BA;45002
2923308;Ouriçangas;BA;20411
2923357;Ourolândia;BA;9954
2923407;Palmas de Monte Alto;BA;22472
2923506;Palmeiras;BA;9712
2923605;Paramirim;BA;38168
2923704;Paratinga;BA;1819
2923803;Paripiranga;BA;9428
2923902;Pau Brasil;BA;1527
2924009;Paulo Afonso;BA;2634
2924058;Pé de Serra;BA;61138
2924108;Pedrão;BA;36510
2924207;Pedro Alexandre;BA;6181
2924306;Piatã;BA;2612
2924405;Pilão Arcado;BA;800
2924504;Pindaí;BA;7501
2924603;Pindobaçu;BA;195457
2924652;Pintadas;BA;22005
2924678;Piraí do Norte;BA;7370
2924702;Piripá;BA;22748
2924801;Piritiba;BA;2449
2924900;Planaltino;BA;9834
2925006;Planalto;BA;15215
2925105;Poções;BA;12406
2925204;Pojuca;BA;32550
2925253;Ponto Novo;BA;19925
2925303;Porto Seguro;BA;28447
2925402;Potiraguá;BA;6396
2925501;Prado;BA;36616
2925600;Presidente Dutra;BA;81836
2925709;Presidente Jânio Quadros;BA;4691
2925758;Presidente Tancredo Neves;BA;5137
2925808;Queimadas;BA;59279
2925907;Quijingue;BA;11050
2925931;Quixabeira;BA;63885
2925956;Rafael Jambeiro;BA;8382
2926004;Remanso;BA;67588
2926103;Retirolândia;BA;15761
2926202;Riachão das Neves;BA;18119
2926301;Riachão do Jacuípe;BA;76254
2926400;Riacho de Santana;BA;9161
2926509;Ribeira do Amparo;BA;4844
2926608;Ribeira do Pombal;BA;8327
2926657;Ribeirão do Largo;BA;22431
2926707;Rio de Contas;BA;2436
2926806;Rio do Antônio;BA;27498
2926905;Rio do Pires;BA;7540
2927002;Rio Real;BA;48206
2927101;Rodelas;BA;979
2927200;Ruy Barbosa;BA;5741
2927309;Salinas da Margarida;BA;2134
2927408;Salvador;BA;4036833
2927507;Santa Bárbara;BA;17909
2927606;Santa Brígida;BA;11198
2927705;Santa Cruz Cabrália;BA;10321
2927804;Santa Cruz da Vitória;BA;11448
2927903;Santa Inês;BA;17058
2928059;Santa Luzia;BA;4497
2928109;Santa Maria da Vitória;BA;29678
2928406;Santa Rita de Cássia;BA;28270
2928505;Santa Teresinha;BA;20831
2928000;Santaluz;BA;25155
2928208;Santana;BA;18896
2928307;Santanópolis;BA;127928
2928604;Santo Amaro;BA;12392
2928703;Santo Antônio de Jesus;BA;9729
2928802;Santo Estêvão;BA;5954
2928901;São Desidério;BA;4382
2928950;São Domingos;BA;3469
2929107;São Felipe;BA;5131
2929008;São Félix;BA;12618
2929057;São Félix do Coribe;BA;19700
2929206;São Francisco do Conde;BA;14428
2929255;São Gabriel;BA;5876
2929305;São Gonçalo dos Campos;BA;36711
2929354;São José da Vitória;BA;30761
2929370;São José do Jacuípe;BA;11442
2929404;São Miguel das Matas;BA;6650
2929503;São Sebastião do Passé;BA;24932
2929602;Sapeaçu;BA;16771
2929701;Sátiro Dias;BA;2773
2929750;Saubara;BA;12656
2929800;Saúde;BA;18195
2929909;Seabra;BA;5069
2930006;Sebastião Laranjeiras;BA;16806
2930105;Senhor do Bonfim;BA;2753
2930204;Sento Sé;BA;59305
2930154;Serra do Ramalho;BA;53819
2930303;Serra Dourada;BA;10331
2930402;Serra Preta;BA;20342
2930501;Serrinha;BA;963
2930600;Serrolândia;BA;3822
2930709;Simões Filho;BA;9872
2930758;Sítio do Mato;BA;4194
2930766;Sítio do Quinto;BA;29926
2930774;Sobradinho;BA;122721
2930808;Souto Soares;BA;3738
2930907;Tabocas do Brejo Velho;BA;5429
2931004;Tanhaçu;BA;17670
2931053;Tanque Novo;BA;80247
2931103;Tanquinho;BA;3555
2931202;Taperoá;BA;17936
2931301;Tapiramutá;BA;101121
2931350;Teixeira de Freitas;BA;2217
2931400;Teodoro Sampaio;BA;3332
2931509;Teofilândia;BA;8558
2931608;Teolândia;BA;7692
2931707;Terra Nova;BA;33340
2931806;Tremedal;BA;17791
2931905;Tucano;BA;1936
2932002;Uauá;BA;24043
2932101;Ubaíra;BA;7225
2932200;Ubaitaba;BA;55411
2932309;Ubatã;BA;6838
2932408;Uibaí;BA;6771
2932457;Umburanas;BA;24733
2932507;Una;BA;31567
2932606;Urandi;BA;22327
2932705;Uruçuca;BA;2136
2932804;Utinga;BA;24649
2932903;Valença;BA;4372
2933000;Valente;BA;17667
2933059;Várzea da Roça;BA;2848
2933109;Várzea do Poço;BA;22283
2933158;Várzea Nova;BA;5616
2933174;Varzedo;BA;3327
2933208;Vera Cruz;BA;29907
2933257;Vereda;BA;17791
2933307;Vitória da Conquista;BA;6941
2933406;Wagner;BA;67302
2933455;Wanderley;BA;8399
2933505;Wenceslau Guimarães;BA;14129
2933604;Xique-Xique;BA;18333
2300101;Abaiara;CE;35191
2300150;Acarape;CE;11655
2300200;Acaraú;CE;13326
2300309;Acopiara;CE;93828
2300408;Aiuaba;CE;6672
2300507;Alcântaras;CE;1475
2300606;Altaneira;CE;123295
2300705;Alto Santo;CE;346129
2300754;Amontada;CE;13420
2300804;Antonina do Norte;CE;2489
2300903;Apuiarés;CE;14895
2301000;Aquiraz;CE;15298
2301109;Aracati;CE;17007
2301208;Aracoiaba;CE;6158
2301257;Ararendá;CE;39649
2301307;Araripe;CE;37319
2301406;Aratuba;CE;4050
2301505;Arneiroz;CE;45226
2301604;Assaré;CE;200438
2301703;Aurora;CE;25323
2301802;Baixio;CE;14462
2301851;Banabuiú;CE;17928
2301901;Barbalha;CE;41237
2301950;Barreira;CE;3123
2302008;Barro;CE;25113
2302057;Barroquinha;CE;13640
2302107;Baturité;CE;159998
2302206;Beberibe;CE;17304
2302305;Bela Cruz;CE;131266
2302404;Boa Viagem;CE;6224
2302503;Brejo Santo;CE;39986
2302602;Camocim;CE;29782
2302701;Campos Sales;CE;8057
2302800;Canindé;CE;25475
2302909;Capistrano;CE;79545
2303006;Caridade;CE;14678
2303105;Cariré;CE;3259
2303204;Caririaçu;CE;20558
2303303;Cariús;CE;7767
2303402;Carnaubal;CE;14382
2303501;Cascavel;CE;19160
2303600;Catarina;CE;3210
2303659;Catunda;CE;3544
2303709;Caucaia;CE;35617
2303808;Cedro;CE;11794
2303907;Chaval;CE;1248
2303931;Choró;CE;49694
2303956;Chorozinho;CE;28280
2304004;Coreaú;CE;9557
2304103;Crateús;CE;4924
2304202;Crato;CE;52559
2304236;Croatá;CE;30779
2304251;Cruz;CE;288131
2304269;Deputado Irapuan Pinheiro;CE;33273
2304277;Ererê;CE;32105
2304285;Eusébio;CE;17443
2304301;Farias Brito;CE;51470
2304350;Forquilha;CE;41685
2304400;Fortaleza;CE;2056740
2304459;Fortim;CE;11812
2304509;Frecheirinha;CE;12983
2304608;General Sampaio;CE;12373
2304657;Graça;CE;50021
2304707;Granja;CE;108936
2304806;Granjeiro;CE;12652
2304905;Groaíras;CE;13135
2304954;Guaiúba;CE;29608
2305001;Guaraciaba do Norte;CE;15994
2305100;Guaramiranga;CE;59729
2305209;Hidrolândia;CE;1760
2305233;Horizonte;CE;8442
2305266;Ibaretama;CE;8863
2305308;Ibiapina;CE;1633
2305332;Ibicuitinga;CE;7261
2305357;Icapuí;CE;7659
2305407;Icó;CE;16799
2305506;Iguatu;CE;71294
2305605;Independência;CE;16006
2305654;Ipaporanga;CE;6744
2305704;Ipaumirim;CE;19686
2305803;Ipu;CE;66463
2305902;Ipueiras;CE;7163
2306009;Iracema;CE;7698
2306108;Irauçuba;CE;38743
2306207;Itaiçaba;CE;16426
2306256;Itaitinga;CE;42725
2306306;Itapajé;CE;20646
2306405;Itapipoca;CE;45349
2306504;Itapiúna;CE;6712
2306553;Itarema;CE;20682
2306603;Itatira;CE;16623
2306702;Jaguaretama;CE;5502
2306801;Jaguaribara;CE;3754
2306900;Jaguaribe;CE;44562
2307007;Jaguaruana;CE;14246
2307106;Jardim;CE;6808
2307205;Jati;CE;18855
2307254;Jijoca de Jericoacoara;CE;72485
2307304;Juazeiro do Norte;CE;1705
2307403;Jucás;CE;4040
2307502;Lavras da Mangabeira;CE;7594
2307601;Limoeiro do Norte;CE;104569
2307635;Madalena;CE;28600
2307650;Maracanaú;CE;48745
2307700;Maranguape;CE;5980
2307809;Marco;CE;6117
2307908;Martinópole;CE;34300
2308005;Massapê;CE;22346
2308104;Mauriti;CE;38327
2308203;Meruoca;CE;17049
2308302;Milagres;CE;28460
2308351;Milhã;CE;24940
2308377;Miraíma;CE;49308
2308401;Missão Velha;CE;50920
2308500;Mombaça;CE;3528
2308609;Monsenhor Tabosa;CE;1769
2308708;Morada Nova;CE;63084
2308807;Moraújo;CE;77405
2308906;Morrinhos;CE;6820
2309003;Mucambo;CE;2709
2309102;Mulungu;CE;23371
2309201;Nova Olinda;CE;58351
2309300;Nova Russas;CE;151397
2309409;Novo Oriente;CE;36984
2309458;Ocara;CE;13925
2309508;Orós;CE;7847
2309607;Pacajus;CE;21224
2309706;Pacatuba;CE;15080
2309805;Pacoti;CE;6862
2309904;Pacujá;CE;199574
2310001;Palhano;CE;149342
2310100;Palmácia;CE;73128
2310209;Paracuru;CE;7611
2310258;Paraipaba;CE;53682
2310308;Parambu;CE;42357
2310407;Paramoti;CE;34102
2310506;Pedra Branca;CE;82863
2310605;Penaforte;CE;42160
2310704;Pentecoste;CE;47303
2310803;Pereiro;CE;42231
2310852;Pindoretama;CE;30491
2310902;Piquet Carneiro;CE;2946
2310951;Pires Ferreira;CE;22978
2311009;Poranga;CE;11367
2311108;Porteiras;CE;5128
2311207;Potengi;CE;133293
2311231;Potiretama;CE;140393
2311264;Quiterianópolis;CE;93475
2311306;Quixadá;CE;27751
2311355;Quixelô;CE;92595
2311405;Quixeramobim;CE;21238
2311504;Quixeré;CE;26197
2311603;Redenção;CE;6295
2311702;Reriutaba;CE;32435
2311801;Russas;CE;22398
2311900;Saboeiro;CE;5001
2311959;Salitre;CE;19811
2312205;Santa Quitéria;CE;19199
2312007;Santana do Acaraú;CE;151392
2312106;Santana do Cariri;CE;56047
2312304;São Benedito;CE;21224
2312403;São Gonçalo do Amarante;CE;27556
2312502;São João do Jaguaribe;CE;22003
2312601;São Luís do Curu;CE;16766
2312700;Senador Pompeu;CE;6372
2312809;Senador Sá;CE;17750
2312908;Sobral;CE;9224
2313005;Solonópole;CE;5297
2313104;Tabuleiro do Norte;CE;36778
2313203;Tamboril;CE;32231
2313252;Tarrafas;CE;2936
2313302;Tauá;CE;18313
2313351;Tejuçuoca;CE;62666
2313401;Tianguá;CE;67202
2313500;Trairi;CE;64778
2313559;Tururu;CE;21875
2313609;Ubajara;CE;8273
2313708;Umari;CE;6363
2313757;Umirim;CE;30619
2313807;Uruburetama;CE;31809
2313906;Uruoca;CE;86368
2313955;Varjota;CE;70283
2314003;Várzea Alegre;CE;18122
2314102;Viçosa do Ceará;CE;5333
5300108;Brasília;DF;2817381
3200102;Afonso Cláudio;ES;33558
3200169;Água Doce do Norte;ES;21158
3200136;Águia Branca;ES;13994
3200201;Alegre;ES;34900
3200300;Alfredo Chaves;ES;15180
3200359;Alto Rio Novo;ES;13243
3200409;Anchieta;ES;37222
3200508;Apiacá;ES;16981
3200607;Aracruz;ES;34564
3200706;Atilio Vivacqua;ES;35689
3200805;Baixo Guandu;ES;7545
3200904;Barra de São Francisco;ES;15564
3201001;Boa Esperança;ES;128492
3201100;Bom Jesus do Norte;ES;7360
3201159;Brejetuba;ES;2575
3201209;Cachoeiro de Itapemirim;ES;3409
3201308;Cariacica;ES;27285
3201407;Castelo;ES;27339
3201506;Colatina;ES;23218
3201605;Conceição da Barra;ES;100476
3201704;Conceição do Castelo;ES;1397
3201803;Divino de São Lourenço;ES;40847
3201902;Domingos Martins;ES;147215
3202009;Dores do Rio Preto;ES;7643
3202108;Ecoporanga;ES;17401
3202207;Fundão;ES;11544
3202256;Governador Lindenberg;ES;9880
3202306;Guaçuí;ES;18457
3202405;Guarapari;ES;127045
3202454;Ibatiba;ES;153420
3202504;Ibiraçu;ES;18261
3202553;Ibitirama;ES;153420
3202603;Iconha;ES;27480
3202652;Irupi;ES;153420
3202702;Itaguaçu;ES;23848
3202801;Itapemirim;ES;30523
3202900;Itarana;ES;39501
3203007;Iúna;ES;153420
3203056;Jaguaré;ES;67405
3203106;Jerônimo Monteiro;ES;12138
3203130;João Neiva;ES;76724
3203163;Laranja da Terra;ES;17748
3203205;Linhares;ES;15419
3203304;Mantenópolis;ES;71792
3203320;Marataízes;ES;27344
3203346;Marechal Floriano;ES;35900
3203353;Marilândia;ES;26835
3203403;Mimoso do Sul;ES;38266
3203502;Montanha;ES;42173
3203601;Mucurici;ES;3138
3203700;Muniz Freire;ES;55011
3203809;Muqui;ES;8972
3203908;Nova Venécia;ES;5407
3204005;Pancas;ES;24781
3204054;Pedro Canário;ES;28982
3204104;Pinheiros;ES;12323
3204203;Piúma;ES;65920
3204252;Ponto Belo;ES;6037
3204302;Presidente Kennedy;ES;16889
3204351;Rio Bananal;ES;13887
3204401;Rio Novo do Sul;ES;25105
3204500;Santa Leopoldina;ES;35912
3204559;Santa Maria de Jetibá;ES;8720
3204609;Santa Teresa;ES;58617
3204658;São Domingos do Norte;ES;28321
3204708;São Gabriel da Palha;ES;3298
3204807;São José do Calçado;ES;3064
3204906;São Mateus;ES;26069
3204955;São Roque do Canaã;ES;20723
3205002;Serra;ES;23584
3205010;Sooretama;ES;25624
3205036;Vargem Alta;ES;33867
3205069;Venda Nova do Imigrante;ES;74943
3205101;Viana;ES;7784
3205150;Vila Pavão;ES;7280
3205176;Vila Valério;ES;7938
3205200;Vila Velha;ES;36311
3205309;Vitória;ES;998987
5200050;Abadia de Goiás;GO;808
5200100;Abadiânia;GO;1943
5200134;Acreúna;GO;5066
5200159;Adelândia;GO;6857
5200175;Água Fria de Goiás;GO;8082
5200209;Água Limpa;GO;13214
5200258;Águas Lindas de Goiás;GO;8988
5200308;Alexânia;GO;40168
5200506;Aloândia;GO;6021
5200555;Alto Horizonte;GO;4905
5200605;Alto Paraíso de Goiás;GO;21447
5200803;Alvorada do Norte;GO;2339
5200829;Amaralina;GO;19443
5200852;Americano do Brasil;GO;14177
5200902;Amorinópolis;GO;10768
5201108;Anápolis;GO;72669
5201207;Anhanguera;GO;6388
5201306;Anicuns;GO;122136
5201405;Aparecida de Goiânia;GO;9883
5201454;Aparecida do Rio Doce;GO;3108
5201504;Aporé;GO;13677
5201603;Araçu;GO;3877
5201702;Aragarças;GO;5539
5201801;Aragoiânia;GO;19600
5202155;Araguapaz;GO;23335
5202353;Arenópolis;GO;6388
5202502;Aruanã;GO;37523
5202601;Aurilândia;GO;45244
5202809;Avelinópolis;GO;61482
5203104;Baliza;GO;22673
5203203;Barro Alto;GO;56746
5203302;Bela Vista de Goiás;GO;1600
5203401;Bom Jardim de Goiás;GO;8927
5203500;Bom Jesus de Goiás;GO;4880
5203559;Bonfinópolis;GO;14439
5203575;Bonópolis;GO;6755
5203609;Brazabrantes;GO;10549
5203807;Britânia;GO;100404
5203906;Buriti Alegre;GO;10508
5203939;Buriti de Goiás;GO;19965
5203962;Buritinópolis;GO;9809
5204003;Cabeceiras;GO;13765
5204102;Cachoeira Alta;GO;12749
5204201;Cachoeira de Goiás;GO;20738
5204250;Cachoeira Dourada;GO;45634
5204300;Caçu;GO;77551
5204409;Caiapônia;GO;17803
5204508;Caldas Novas;GO;24223
5204557;Caldazinha;GO;3571
5204607;Campestre de Goiás;GO;11498
5204656;Campinaçu;GO;35628
5204706;Campinorte;GO;32831
5204805;Campo Alegre de Goiás;GO;15984
5204854;Campo Limpo de Goiás;GO;33577
5204904;Campos Belos;GO;21729
5204953;Campos Verdes;GO;47425
5205000;Carmo do Rio Verde;GO;17411
5205059;Castelândia;GO;8564
5205109;Catalão;GO;18324
5205208;Caturaí;GO;800
5205307;Cavalcante;GO;19298
5205406;Ceres;GO;800
5205455;Cezarina;GO;1902
5205471;Chapadão do Céu;GO;20817
5205497;Cidade Ocidental;GO;21415
5205513;Cocalzinho de Goiás;GO;3526
5205521;Colinas do Sul;GO;5786
5205703;Córrego do Ouro;GO;57191
5205802;Corumbá de Goiás;GO;7436
5205901;Corumbaíba;GO;149309
5206206;Cristalina;GO;12638
5206305;Cristianópolis;GO;19839
5206404;Crixás;GO;74991
5206503;Cromínia;GO;14628
5206602;Cumari;GO;4205
5206701;Damianópolis;GO;11225
5206800;Damolândia;GO;12178
5206909;Davinópolis;GO;2822
5207105;Diorama;GO;9558
5208301;Divinópolis de Goiás;GO;5598
5207253;Doverlândia;GO;35009
5207352;Edealina;GO;13156
5207402;Edéia;GO;9279
5207501;Estrela do Norte;GO;11268
5207535;Faina;GO;16188
5207600;Fazenda Nova;GO;24961
5207808;Firminópolis;GO;4217
5207907;Flores de Goiás;GO;4027
5208004;Formosa;GO;42690
5208103;Formoso;GO;8047
5208152;Gameleira de Goiás;GO;2665
5208400;Goianápolis;GO;20635
5208509;Goiandira;GO;21084
5208608;Goianésia;GO;2351
5208707;Goiânia;GO;1615206
5208806;Goianira;GO;28444
5208905;Goiás;GO;19118
5209101;Goiatuba;GO;25381
5209150;Gouvelândia;GO;2702
5209200;Guapó;GO;18228
5209291;Guaraíta;GO;9079
5209408;Guarani de Goiás;GO;7446
5209457;Guarinos;GO;32997
5209606;Heitoraí;GO;64458
5209705;Hidrolândia;GO;91160
5209804;Hidrolina;GO;53791
5209903;Iaciara;GO;11225
5209937;Inaciolândia;GO;18668
5209952;Indiara;GO;29439
5210000;Inhumas;GO;14470
5210109;Ipameri;GO;14624
5210158;Ipiranga de Goiás;GO;31341
5210208;Iporá;GO;11865
5210307;Israelândia;GO;5678
5210406;Itaberaí;GO;8028
5210562;Itaguari;GO;25435
5210604;Itaguaru;GO;12706
5210802;Itajá;GO;18413
5210901;Itapaci;GO;26467
5211008;Itapirapuã;GO;8385
5211206;Itapuranga;GO;29098
5211305;Itarumã;GO;19212
5211404;Itauçu;GO;3256
5211503;Itumbiara;GO;61889
5211602;Ivolândia;GO;7301
5211701;Jandaia;GO;2051
5211800;Jaraguá;GO;4012
5211909;Jataí;GO;4119
5212006;Jaupaci;GO;13413
5212055;Jesúpolis;GO;9371
5212105;Joviânia;GO;8743
5212204;Jussara;GO;25040
5212253;Lagoa Santa;GO;18406
5212303;Leopoldo de Bulhões;GO;17930
5212501;Luziânia;GO;19878
5212600;Mairipotaba;GO;24942
5212709;Mambaí;GO;1246
5212808;Mara Rosa;GO;8482
5212907;Marzagão;GO;1151
5212956;Matrinchã;GO;13177
5213004;Maurilândia;GO;12600
5213053;Mimoso de Goiás;GO;40001
5213087;Minaçu;GO;46768
5213103;Mineiros;GO;15829
5213400;Moiporá;GO;7304
5213509;Monte Alegre de Goiás;GO;21596
5213707;Montes Claros de Goiás;GO;7086
5213756;Montividiu;GO;12645
5213772;Montividiu do Norte;GO;37471
5213806;Morrinhos;GO;6857
5213855;Morro Agudo de Goiás;GO;30724
5213905;Mossâmedes;GO;26681
5214002;Mozarlândia;GO;4431
5214051;Mundo Novo;GO;36969
5214101;Mutunópolis;GO;27309
5214408;Nazário;GO;14167
5214507;Nerópolis;GO;5475
5214606;Niquelândia;GO;4922
5214705;Nova América;GO;7010
5214804;Nova Aurora;GO;23004
5214838;Nova Crixás;GO;4427
5214861;Nova Glória;GO;20493
5214879;Nova Iguaçu de Goiás;GO;3231
5214903;Nova Roma;GO;10118
5215009;Nova Veneza;GO;14288
5215207;Novo Brasil;GO;186504
5215231;Novo Gama;GO;2784
5215256;Novo Planalto;GO;63945
5215306;Orizona;GO;14934
5215405;Ouro Verde de Goiás;GO;19908
5215504;Ouvidor;GO;14425
5215603;Padre Bernardo;GO;20656
5215652;Palestina de Goiás;GO;10695
5215702;Palmeiras de Goiás;GO;62694
5215801;Palmelo;GO;7665
5215900;Palminópolis;GO;44003
5216007;Panamá;GO;6234
5216304;Paranaiguara;GO;11852
5216403;Paraúna;GO;3895
5216452;Perolândia;GO;20891
5216809;Petrolina de Goiás;GO;62081
5216908;Pilar de Goiás;GO;11631
5217104;Piracanjuba;GO;10198
5217203;Piranhas;GO;3716
5217302;Pirenópolis;GO;9841
5217401;Pires do Rio;GO;2196
5217609;Planaltina;GO;4640
5217708;Pontalina;GO;16253
5218003;Porangatu;GO;54040
5218052;Porteirão;GO;278367
5218102;Portelândia;GO;6643
5218300;Posse;GO;61414
5218391;Professor Jamil;GO;16559
5218508;Quirinópolis;GO;10723
5218607;Rialma;GO;20382
5218706;Rianápolis;GO;13557
5218789;Rio Quente;GO;14300
5218805;Rio Verde;GO;8082
5218904;Rubiataba;GO;2721
5219001;Sanclerlândia;GO;2318
5219100;Santa Bárbara de Goiás;GO;25981
5219209;Santa Cruz de Goiás;GO;9341
5219258;Santa Fé de Goiás;GO;6574
5219308;Santa Helena de Goiás;GO;12784
5219357;Santa Isabel;GO;30363
5219407;Santa Rita do Araguaia;GO;15444
5219456;Santa Rita do Novo Destino;GO;6154
5219506;Santa Rosa de Goiás;GO;48800
5219605;Santa Tereza de Goiás;GO;71946
5219704;Santa Terezinha de Goiás;GO;21820
5219712;Santo Antônio da Barra;GO;36960
5219738;Santo Antônio de Goiás;GO;49648
5219753;Santo Antônio do Descoberto;GO;43900
5219803;São Domingos;GO;24886
5219902;São Francisco de Goiás;GO;24459
5220009;São João d'Aliança;GO;22431
5220058;São João da Paraúna;GO;3788
5220108;São Luís de Montes Belos;GO;27374
5220157;São Luiz do Norte;GO;2850
5220207;São Miguel do Araguaia;GO;5284
5220264;São Miguel do Passa Quatro;GO;53129
5220280;São Patrício;GO;31914
5220405;São Simão;GO;65036
5220454;Senador Canedo;GO;9393
5220504;Serranópolis;GO;3566
5220603;Silvânia;GO;9721
5220686;Simolândia;GO;14169
5220702;Sítio d'Abadia;GO;13814
5221007;Taquaral de Goiás;GO;44073
5221080;Teresina de Goiás;GO;8511
5221197;Terezópolis de Goiás;GO;18654
5221304;Três Ranchos;GO;4269
5221403;Trindade;GO;20783
5221452;Trombas;GO;12708
5221502;Turvânia;GO;5551
5221551;Turvelândia;GO;9771
5221577;Uirapuru;GO;10342
5221601;Uruaçu;GO;9409
5221700;Uruana;GO;88880
5221809;Urutaí;GO;11365
5221858;Valparaíso de Goiás;GO;9684
5221908;Varjão;GO;1261
5222005;Vianópolis;GO;4736
5222054;Vicentinópolis;GO;9482
5222203;Vila Boa;GO;5956
5222302;Vila Propício;GO;57898
2100055;Açailândia;MA;48381
2100105;Afonso Cunha;MA;12550
2100154;Água Doce do Maranhão;MA;12216
2100204;Alcântara;MA;10635
2100303;Aldeias Altas;MA;11775
2100402;Altamira do Maranhão;MA;77672
2100436;Alto Alegre do Maranhão;MA;914
2100477;Alto Alegre do Pindaré;MA;1297
2100501;Alto Parnaíba;MA;6452
2100550;Amapá do Maranhão;MA;11915
2100600;Amarante do Maranhão;MA;25052
2100709;Anajatuba;MA;19732
2100808;Anapurus;MA;7684
2100832;Apicum-Açu;MA;35973
2100873;Araguanã;MA;36417
2100907;Araioses;MA;14358
2100956;Arame;MA;33810
2101004;Arari;MA;15827
2101103;Axixá;MA;6323
2101202;Bacabal;MA;25265
2101251;Bacabeira;MA;13243
2101301;Bacuri;MA;11743
2101350;Bacurituba;MA;59268
2101400;Balsas;MA;800
2101509;Barão de Grajaú;MA;2465
2101608;Barra do Corda;MA;3177
2101707;Barreirinhas;MA;7864
2101772;Bela Vista do Maranhão;MA;8862
2101731;Belágua;MA;2234
2101806;Benedito Leite;MA;3968
2101905;Bequimão;MA;4549
2101939;Bernardo do Mearim;MA;175035
2101970;Boa Vista do Gurupi;MA;85092
2102002;Bom Jardim;MA;7455
2102036;Bom Jesus das Selvas;MA;7861
2102077;Bom Lugar;MA;3312
2102101;Brejo;MA;1437
2102150;Brejo de Areia;MA;10311
2102200;Buriti;MA;3913
2102309;Buriti Bravo;MA;10681
2102325;Buriticupu;MA;2017
2102358;Buritirana;MA;5072
2102374;Cachoeira Grande;MA;13809
2102408;Cajapió;MA;17543
2102507;Cajari;MA;18561
2102556;Campestre do Maranhão;MA;2744
2102606;Cândido Mendes;MA;30023
2102705;Cantanhede;MA;4863
2102754;Capinzal do Norte;MA;23523
2102804;Carolina;MA;11590
2102903;Carutapera;MA;2580
2103000;Caxias;MA;8281
2103109;Cedral;MA;17527
2103125;Central do Maranhão;MA;23014
2103158;Centro do Guilherme;MA;10042
2103174;Centro Novo do Maranhão;MA;63230
2103208;Chapadinha;MA;35520
2103257;Cidelândia;MA;8842
2103307;Codó;MA;26761
2103406;Coelho Neto;MA;98395
2103505;Colinas;MA;101327
2103554;Conceição do Lago-Açu;MA;3037
2103604;Coroatá;MA;4232
2103703;Cururupu;MA;60053
2103752;Davinópolis;MA;3661
2103802;Dom Pedro;MA;2737
2103901;Duque Bacelar;MA;6869
2104008;Esperantinópolis;MA;18617
2104057;Estreito;MA;10477
2104073;Feira Nova do Maranhão;MA;5733
2104081;Fernando Falcão;MA;5586
2104099;Formosa da Serra Negra;MA;5356
2104107;Fortaleza dos Nogueiras;MA;4456
2104206;Fortuna;MA;144260
2104305;Godofredo Viana;MA;16266
2104404;Gonçalves Dias;MA;31101
2104503;Governador Archer;MA;6847
2104552;Governador Edison Lobão;MA;9557
2104602;Governador Eugênio Barros;MA;5349
2104628;Governador Luiz Rocha;MA;800
2104651;Governador Newton Bello;MA;2575
2104677;Governador Nunes Freire;MA;1600
2104701;Graça Aranha;MA;987
2104800;Grajaú;MA;3148
2104909;Guimarães;MA;50364
2105005;Humberto de Campos;MA;11167
2105104;Icatu;MA;48494
2105153;Igarapé do Meio;MA;18429
2105203;Igarapé Grande;MA;27733
2105302;Imperatriz;MA;4353
2105351;Itaipava do Grajaú;MA;20867
2105401;Itapecuru Mirim;MA;26138
2105427;Itinga do Maranhão;MA;6218
2105450;Jatobá;MA;21700
2105476;Jenipapo dos Vieiras;MA;21859
2105500;João Lisboa;MA;6406
2105609;Joselândia;MA;3410
2105658;Junco do Maranhão;MA;3188
2105708;Lago da Pedra;MA;12897
2105807;Lago do Junco;MA;16803
2105948;Lago dos Rodrigues;MA;4904
2105906;Lago Verde;MA;12074
2105922;Lagoa do Mato;MA;21964
2105963;Lagoa Grande do Maranhão;MA;23146
2105989;Lajeado Novo;MA;64644
2106003;Lima Campos;MA;47775
2106102;Loreto;MA;3898
2106201;Luís Domingues;MA;74721
2106300;Magalhães de Almeida;MA;6539
2106326;Maracaçumé;MA;37010
2106359;Marajá do Sena;MA;12637
2106375;Maranhãozinho;MA;7452
2106409;Mata Roma;MA;1605
2106508;Matinha;MA;9709
2106607;Matões;MA;2110
2106631;Matões do Norte;MA;33983
2106672;Milagres do Maranhão;MA;62196
2106706;Mirador;MA;4880
2106755;Miranda do Norte;MA;16346
2106805;Mirinzal;MA;5280
2106904;Monção;MA;5874
2107001;Montes Altos;MA;27488
2107100;Morros;MA;11239
2107209;Nina Rodrigues;MA;79474
2107258;Nova Colinas;MA;6899
2107308;Nova Iorque;MA;35202
2107357;Nova Olinda do Maranhão;MA;13052
2107407;Olho d'Água das Cunhãs;MA;28140
2107456;Olinda Nova do Maranhão;MA;7170
2107506;Paço do Lumiar;MA;11104
2107605;Palmeirândia;MA;10327
2107704;Paraibano;MA;4675
2107803;Parnarama;MA;24291
2107902;Passagem Franca;MA;23977
2108009;Pastos Bons;MA;22527
2108058;Paulino Neves;MA;63592
2108108;Paulo Ramos;MA;57749
2108207;Pedreiras;MA;7763
2108256;Pedro do Rosário;MA;17675
2108306;Penalva;MA;5905
2108405;Peri Mirim;MA;12031
2108454;Peritoró;MA;6062
2108504;Pindaré-Mirim;MA;69679
2108603;Pinheiro;MA;17495
2108702;Pio XII;MA;9226
2108801;Pirapemas;MA;43589
2108900;Poção de Pedras;MA;1077
2109007;Porto Franco;MA;1279
2109056;Porto Rico do Maranhão;MA;28141
2109106;Presidente Dutra;MA;12533
2109205;Presidente Juscelino;MA;15445
2109239;Presidente Médici;MA;2726
2109270;Presidente Sarney;MA;11430
2109304;Presidente Vargas;MA;106238
2109403;Primeira Cruz;MA;29033
2109452;Raposa;MA;14133
2109502;Riachão;MA;7235
2109551;Ribamar Fiquene;MA;7597
2109601;Rosário;MA;1127
2109700;Sambaíba;MA;15568
2109759;Santa Filomena do Maranhão;MA;29721
2109809;Santa Helena;MA;2072
2109908;Santa Inês;MA;5665
2110005;Santa Luzia;MA;3283
2110039;Santa Luzia do Paruá;MA;4055
2110104;Santa Quitéria do Maranhão;MA;12437
2110203;Santa Rita;MA;1184
2110237;Santana do Maranhão;MA;23047
2110278;Santo Amaro do Maranhão;MA;26871
2110302;Santo Antônio dos Lopes;MA;8896
2110401;São Benedito do Rio Preto;MA;800
2110500;São Bento;MA;3919
2110609;São Bernardo;MA;45514
2110658;São Domingos do Azeitão;MA;800
2110708;São Domingos do Maranhão;MA;8001
2110807;São Félix de Balsas;MA;3202
2110856;São Francisco do Brejão;MA;28413
2110906;São Francisco do Maranhão;MA;5580
2111003;São João Batista;MA;18287
2111029;São João do Carú;MA;21842
2111052;São João do Paraíso;MA;88382
2111078;São João do Soter;MA;9380
2111102;São João dos Patos;MA;17734
2111201;São José de Ribamar;MA;2289
2111250;São José dos Basílios;MA;43435
2111300;São Luís;MA;2151569
2111409;São Luís Gonzaga do Maranhão;MA;6328
2111508;São Mateus do Maranhão;MA;11443
2111532;São Pedro da Água Branca;MA;2101
2111573;São Pedro dos Crentes;MA;15081
2111607;São Raimundo das Mangabeiras;MA;33989
2111631;São Raimundo do Doca Bezerra;MA;16184
2111672;São Roberto;MA;2042
2111706;São Vicente Ferrer;MA;10233
2111722;Satubinha;MA;26524
2111748;Senador Alexandre Costa;MA;1486
2111763;Senador La Rocque;MA;3595
2111789;Serrano do Maranhão;MA;30754
2111805;Sítio Novo;MA;15783
2111904;Sucupira do Norte;MA;18449
2111953;Sucupira do Riachão;MA;90673
2112001;Tasso Fragoso;MA;19633
2112100;Timbiras;MA;24179
2112209;Timon;MA;231283
2112233;Trizidela do Vale;MA;9269
2112274;Tufilândia;MA;4875
2112308;Tuntum;MA;18773
2112407;Turiaçu;MA;19005
2112456;Turilândia;MA;6569
2112506;Tutóia;MA;3767
2112605;Urbano Santos;MA;148807
2112704;Vargem Grande;MA;16799
2112803;Viana;MA;5240
2112852;Vila Nova dos Martírios;MA;32116
2112902;Vitória do Mearim;MA;10400
2113009;Vitorino Freire;MA;8879
2114007;Zé Doca;MA;21765
3100104;Abadia dos Dourados;MG;14221
3100203;Abaeté;MG;79127
3100302;Abre Campo;MG;16112
3100401;Acaiaca;MG;6379
3100500;Açucena;MG;5523
3100609;Água Boa;MG;6144
3100708;Água Comprida;MG;7297
3100807;Aguanil;MG;6368
3100906;Águas Formosas;MG;26436
3101003;Águas Vermelhas;MG;1434
3101102;Aimorés;MG;24903
3101201;Aiuruoca;MG;6354
3101300;Alagoa;MG;14606
3101409;Albertina;MG;2793
3101508;Além Paraíba;MG;41608
3101607;Alfenas;MG;37978
3101631;Alfredo Vasconcelos;MG;27725
3101706;Almenara;MG;1823
3101805;Alpercata;MG;24019
3101904;Alpinópolis;MG;15061
3102001;Alterosa;MG;1650
3102050;Alto Caparaó;MG;9394
3153509;Alto Jequitibá;MG;14408
3102100;Alto Rio Doce;MG;17787
3102209;Alvarenga;MG;11726
3102308;Alvinópolis;MG;13292
3102407;Alvorada de Minas;MG;48802
3102506;Amparo do Serra;MG;37168
3102605;Andradas;MG;800
3102803;Andrelândia;MG;6805
3102852;Angelândia;MG;8050
3102902;Antônio Carlos;MG;1404
3103009;Antônio Dias;MG;10702
3103108;Antônio Prado de Minas;MG;38108
3103207;Araçaí;MG;2920
3103306;Aracitaba;MG;13969
3103405;Araçuaí;MG;3523
3103504;Araguari;MG;4608
3103603;Arantina;MG;49005
3103702;Araponga;MG;5312
3103751;Araporã;MG;16042
3103801;Arapuá;MG;1232
3103900;Araújos;MG;74840
3104007;Araxá;MG;18722
3104106;Arceburgo;MG;7894
3104205;Arcos;MG;18172
3104304;Areado;MG;2046
3104403;Argirita;MG;35431
3104452;Aricanduva;MG;6756
3104502;Arinos;MG;7708
3104601;Astolfo Dutra;MG;5618
3104700;Ataléia;MG;5094
3104809;Augusto de Lima;MG;20717
3104908;Baependi;MG;12785
3105004;Baldim;MG;19761
3105103;Bambuí;MG;9556
3105202;Bandeira;MG;16968
3105301;Bandeira do Sul;MG;6086
3105400;Barão de Cocais;MG;112113
3105509;Barão de Monte Alto;MG;1720
3105608;Barbacena;MG;38622
3105707;Barra Longa;MG;43445
3105905;Barroso;MG;3779
3106002;Bela Vista de Minas;MG;112056
3106101;Belmiro Braga;MG;28842
3106200;Belo Horizonte;MG;6818023
3106309;Belo Oriente;MG;9950
3106408;Belo Vale;MG;7598
3106507;Berilo;MG;7663
3106655;Berizal;MG;14826
3106606;Bertópolis;MG;45065
3106705;Betim;MG;11778
3106804;Bias Fortes;MG;3540
3106903;Bicas;MG;23895
3107000;Biquinhas;MG;26577
3107109;Boa Esperança;MG;19825
3107208;Bocaina de Minas;MG;21908
3107307;Bocaiúva;MG;7162
3107406;Bom Despacho;MG;3473
3107505;Bom Jardim de Minas;MG;3713
3107604;Bom Jesus da Penha;MG;1596
3107703;Bom Jesus do Amparo;MG;12521
3107802;Bom Jesus do Galho;MG;8802
3107901;Bom Repouso;MG;5947
3108008;Bom Sucesso;MG;800
3108107;Bonfim;MG;2447
3108206;Bonfinópolis de Minas;MG;33106
3108255;Bonito de Minas;MG;4645
3108305;Borda da Mata;MG;14346
3108404;Botelhos;MG;2090
3108503;Botumirim;MG;46964
3108701;Brás Pires;MG;8235
3108552;Brasilândia de Minas;MG;13274
3108602;Brasília de Minas;MG;124606
3108800;Braúnas;MG;51156
3108909;Brazópolis;MG;6887
3109006;Brumadinho;MG;5024
3109105;Bueno Brandão;MG;6744
3109204;Buenópolis;MG;16906
3109253;Bugre;MG;8594
3109303;Buritis;MG;6247
3109402;Buritizeiro;MG;48458
3109451;Cabeceira Grande;MG;8509
3109501;Cabo Verde;MG;121067
3109600;Cachoeira da Prata;MG;10661
3109709;Cachoeira de Minas;MG;68762
3102704;Cachoeira de Pajeú;MG;14294
3109808;Cachoeira Dourada;MG;27828
3109907;Caetanópolis;MG;4348
3110004;Caeté;MG;3772
3110103;Caiana;MG;15998
3110202;Cajuri;MG;28623
3110301;Caldas;MG;10085
3110400;Camacho;MG;2344
3110509;Camanducaia;MG;2161
3110608;Cambuí;MG;2008
3110707;Cambuquira;MG;1380
3110806;Campanário;MG;10883
3110905;Campanha;MG;33260
3111002;Campestre;MG;9507
3111101;Campina Verde;MG;803
3111150;Campo Azul;MG;7822
3111200;Campo Belo;MG;8066
3111309;Campo do Meio;MG;96776
3111408;Campo Florido;MG;1942
3111507;Campos Altos;MG;6278
3111606;Campos Gerais;MG;63006
3111903;Cana Verde;MG;15828
3111705;Canaã;MG;17929
3111804;Canápolis;MG;10945
3112000;Candeias;MG;13870
3112059;Cantagalo;MG;22696
3112109;Caparaó;MG;3960
3112208;Capela Nova;MG;25347
3112307;Capelinha;MG;2131
3112406;Capetinga;MG;13846
3112505;Capim Branco;MG;11745
3112604;Capinópolis;MG;4898
3112653;Capitão Andrade;MG;9411
3112703;Capitão Enéas;MG;4865
3112802;Capitólio;MG;2968
3112901;Caputira;MG;6539
3113008;Caraí;MG;2865
3113107;Caranaíba;MG;13762
3113206;Carandaí;MG;2723
3113305;Carangola;MG;21115
3113404;Caratinga;MG;2630
3113503;Carbonita;MG;5175
3113602;Careaçu;MG;4854
3113701;Carlos Chagas;MG;41449
3113800;Carmésia;MG;13875
3113909;Carmo da Cachoeira;MG;7644
3114006;Carmo da Mata;MG;16700
3114105;Carmo de Minas;MG;950
3114204;Carmo do Cajuru;MG;9201
3114303;Carmo do Paranaíba;MG;86840
3114402;Carmo do Rio Claro;MG;11160
3114501;Carmópolis de Minas;MG;10397
3114550;Carneirinho;MG;17632
3114600;Carrancas;MG;25841
3114709;Carvalhópolis;MG;1072
3114808;Carvalhos;MG;1516
3114907;Casa Grande;MG;12160
3115003;Cascalho Rico;MG;4395
3115102;Cássia;MG;40855
3115300;Cataguases;MG;6822
3115359;Catas Altas;MG;1149
3115409;Catas Altas da Noruega;MG;2392
3115458;Catuji;MG;800
3115474;Catuti;MG;7458
3115508;Caxambu;MG;7843
3115607;Cedro do Abaeté;MG;6049
3115706;Central de Minas;MG;31613
3115805;Centralina;MG;36059
3115904;Chácara;MG;7999
3116001;Chalé;MG;922
3116100;Chapada do Norte;MG;19026
3116159;Chapada Gaúcha;MG;17773
3116209;Chiador;MG;13560
3116308;Cipotânea;MG;28401
3116407;Claraval;MG;2679
3116506;Claro dos Poções;MG;87920
3116605;Cláudio;MG;3358
3116704;Coimbra;MG;21998
3116803;Coluna;MG;1508
3116902;Comendador Gomes;MG;3468
3117009;Comercinho;MG;51152
3117108;Conceição da Aparecida;MG;7241
3115201;Conceição da Barra de Minas;MG;24306
3117306;Conceição das Alagoas;MG;12522
3117207;Conceição das Pedras;MG;8596
3117405;Conceição de Ipanema;MG;43252
3117504;Conceição do Mato Dentro;MG;7437
3117603;Conceição do Pará;MG;1361
3117702;Conceição do Rio Verde;MG;3988
3117801;Conceição dos Ouros;MG;17692
3117836;Cônego Marinho;MG;14907
3117876;Confins;MG;1721
3117900;Congonhal;MG;4349
3118007;Congonhas;MG;5088
3118106;Congonhas do Norte;MG;6455
3118205;Conquista;MG;2124
3118304;Conselheiro Lafaiete;MG;4834
3118403;Conselheiro Pena;MG;4329
3118502;Consolação;MG;22544
3118601;Contagem;MG;23496
3118700;Coqueiral;MG;8219
3118809;Coração de Jesus;MG;6269
3118908;Cordisburgo;MG;11254
3119005;Cordislândia;MG;3930
3119104;Corinto;MG;2733
3119203;Coroaci;MG;3430
3119302;Coromandel;MG;4799
3119401;Coronel Fabriciano;MG;2683
3119500;Coronel Murta;MG;11531
3119609;Coronel Pacheco;MG;21531
3119708;Coronel Xavier Chaves;MG;1684
3119807;Córrego Danta;MG;9919
3119906;Córrego do Bom Jesus;MG;7575
3119955;Córrego Fundo;MG;14048
3120003;Córrego Novo;MG;9512
3120102;Couto de Magalhães de Minas;MG;1950
3120151;Crisólita;MG;2406
3120201;Cristais;MG;9966
3120300;Cristália;MG;29918
3120409;Cristiano Otoni;MG;845
3120508;Cristina;MG;14113
3120607;Crucilândia;MG;35708
3120706;Cruzeiro da Fortaleza;MG;8154
3120805;Cruzília;MG;17673
3120839;Cuparaque;MG;4452
3120870;Curral de Dentro;MG;8461
3120904;Curvelo;MG;1622
3121001;Datas;MG;800
3121100;Delfim Moreira;MG;27217
3121209;Delfinópolis;MG;3265
3121258;Delta;MG;5846
3121308;Descoberto;MG;2100
3121407;Desterro de Entre Rios;MG;2046
3121506;Desterro do Melo;MG;7969
3121605;Diamantina;MG;4324
3121704;Diogo de Vasconcelos;MG;14623
3121803;Dionísio;MG;15873
3121902;Divinésia;MG;13732
3122009;Divino;MG;12544
3122108;Divino das Laranjeiras;MG;54726
3122207;Divinolândia de Minas;MG;2982
3122306;Divinópolis;MG;9083
3122355;Divisa Alegre;MG;33541
3122405;Divisa Nova;MG;38776
3122454;Divisópolis;MG;2020
3122470;Dom Bosco;MG;6843
3122504;Dom Cavati;MG;42980
3122603;Dom Joaquim;MG;16873
3122702;Dom Silvério;MG;11960
3122801;Dom Viçoso;MG;7594
3122900;Dona Eusébia;MG;6326
3123007;Dores de Campos;MG;13248
3123106;Dores de Guanhães;MG;7310
3123205;Dores do Indaiá;MG;9207
3123304;Dores do Turvo;MG;10520
3123403;Doresópolis;MG;4576
3123502;Douradoquara;MG;17325
3123528;Durandé;MG;238047
3123601;Elói Mendes;MG;1366
3123700;Engenheiro Caldas;MG;13780
3123809;Engenheiro Navarro;MG;4181
3123858;Entre Folhas;MG;18209
3123908;Entre Rios de Minas;MG;10155
3124005;Ervália;MG;22306
3124104;Esmeraldas;MG;35158
3124203;Espera Feliz;MG;11923
3124302;Espinosa;MG;33517
3124401;Espírito Santo do Dourado;MG;800
3124500;Estiva;MG;55495
3124609;Estrela Dalva;MG;14576
3124708;Estrela do Indaiá;MG;31577
3124807;Estrela do Sul;MG;2522
3124906;Eugenópolis;MG;3869
3125002;Ewbank da Câmara;MG;11329
3125101;Extrema;MG;9469
3125200;Fama;MG;13173
3125309;Faria Lemos;MG;31810
3125408;Felício dos Santos;MG;1384
3125606;Felisburgo;MG;28163
3125705;Felixlândia;MG;9737
3125804;Fernandes Tourinho;MG;7711
3125903;Ferros;MG;1913
3125952;Fervedouro;MG;16779
3126000;Florestal;MG;800
3126109;Formiga;MG;19688
3126208;Formoso;MG;1869
3126307;Fortaleza de Minas;MG;10233
3126406;Fortuna de Minas;MG;8463
3126505;Francisco Badaró;MG;34928
3126604;Francisco Dumont;MG;7927
3126703;Francisco Sá;MG;4496
3126752;Franciscópolis;MG;5526
3126802;Frei Gaspar;MG;39133
3126901;Frei Inocêncio;MG;17404
3126950;Frei Lagonegro;MG;6313
3127008;Fronteira;MG;7439
3127057;Fronteira dos Vales;MG;1721
3127073;Fruta de Leite;MG;14792
3127107;Frutal;MG;1392
3127206;Funilândia;MG;22060
3127305;Galiléia;MG;11115
3127339;Gameleiras;MG;133279
3127354;Glaucilândia;MG;2877
3127370;Goiabeira;MG;8618
3127388;Goianá;MG;69750
3127404;Gonçalves;MG;35778
3127503;Gonzaga;MG;4486
3127602;Gouveia;MG;12344
3127701;Governador Valadares;MG;9670
3127800;Grão Mogol;MG;13157
3127909;Grupiara;MG;4474
3128006;Guanhães;MG;8746
3128105;Guapé;MG;1664
3128204;Guaraciaba;MG;11195
3128253;Guaraciama;MG;15829
3128303;Guaranésia;MG;7513
3128402;Guarani;MG;1633
3128501;Guarará;MG;28622
3128600;Guarda-Mor;MG;14408
3128709;Guaxupé;MG;4341
3128808;Guidoval;MG;7086
3128907;Guimarânia;MG;1852
3129004;Guiricema;MG;3123
3129103;Gurinhatã;MG;5340
3129202;Heliodora;MG;37265
3129301;Iapu;MG;4775
3129400;Ibertioga;MG;19512
3129509;Ibiá;MG;5337
3129608;Ibiaí;MG;12674
3129657;Ibiracatu;MG;8259
3129707;Ibiraci;MG;25208
3129806;Ibirité;MG;5358
3129905;Ibitiúra de Minas;MG;1711
3130002;Ibituruna;MG;2110
3130051;Icaraí de Minas;MG;5375
3130101;Igarapé;MG;2442
3130200;Igaratinga;MG;15150
3130309;Iguatama;MG;5780
3130408;Ijaci;MG;131481
3130507;Ilicínea;MG;1427
3130556;Imbé de Minas;MG;12071
3130606;Inconfidentes;MG;2790
3130655;Indaiabira;MG;5607
3130705;Indianópolis;MG;11272
3130804;Ingaí;MG;800
3130903;Inhapim;MG;12520
3131000;Inhaúma;MG;78257
3131109;Inimutaba;MG;5859
3131158;Ipaba;MG;12840
3131208;Ipanema;MG;29791
3131307;Ipatinga;MG;8056
3131406;Ipiaçu;MG;5092
3131505;Ipuiúna;MG;800
3131604;Iraí de Minas;MG;19529
3131703;Itabira;MG;8519
3131802;Itabirinha;MG;3167
3131901;Itabirito;MG;11090
3132008;Itacambira;MG;5077
3132107;Itacarambi;MG;5395
3132206;Itaguara;MG;18797
3132305;Itaipé;MG;2214
3132404;Itajubá;MG;30534
3132503;Itamarandiba;MG;2074
3132602;Itamarati de Minas;MG;4654
3132701;Itambacuri;MG;80001
3132800;Itambé do Mato Dentro;MG;33344
3132909;Itamogi;MG;10742
3133006;Itamonte;MG;3429
3133105;Itanhandu;MG;5390
3133204;Itanhomi;MG;10458
3133303;Itaobim;MG;10055
3133402;Itapagipe;MG;8731
3133501;Itapecerica;MG;9327
3133600;Itapeva;MG;7622
3133709;Itatiaiuçu;MG;1975
3133758;Itaú de Minas;MG;5466
3133808;Itaúna;MG;26387
3133907;Itaverava;MG;2142
3134004;Itinga;MG;7833
3134103;Itueta;MG;3916
3134202;Ituiutaba;MG;10906
3134301;Itumirim;MG;6292
3134400;Iturama;MG;49005
3134509;Itutinga;MG;16845
3134608;Jaboticatubas;MG;2279
3134707;Jacinto;MG;20189
3134806;Jacuí;MG;4115
3134905;Jacutinga;MG;5115
3135001;Jaguaraçu;MG;13626
3135050;Jaíba;MG;5617
3135076;Jampruca;MG;25763
3135100;Janaúba;MG;4116
3135209;Januária;MG;4884
3135308;Japaraíba;MG;4687
3135357;Japonvar;MG;5179
3135407;Jeceaba;MG;32327
3135456;Jenipapo de Minas;MG;19269
3135506;Jequeri;MG;63291
3135605;Jequitaí;MG;116887
3135704;Jequitibá;MG;3105
3135803;Jequitinhonha;MG;10426
3135902;Jesuânia;MG;2646
3136009;Joaíma;MG;4102
3136108;Joanésia;MG;4825
3136207;João Monlevade;MG;3016
3136306;João Pinheiro;MG;3034
3136405;Joaquim Felício;MG;8232
3136504;Jordânia;MG;2530
3136520;José Gonçalves de Minas;MG;24365
3136553;José Raydan;MG;3516
3136579;Josenópolis;MG;212157
3136652;Juatuba;MG;5872
3136702;Juiz de Fora;MG;10444
3136801;Juramento;MG;2321
3136900;Juruaia;MG;63023
3136959;Juvenília;MG;33058
3137007;Ladainha;MG;13375
3137106;Lagamar;MG;2193
3137205;Lagoa da Prata;MG;12165
3137304;Lagoa dos Patos;MG;2810
3137403;Lagoa Dourada;MG;48201
3137502;Lagoa Formosa;MG;23498
3137536;Lagoa Grande;MG;10716
3137601;Lagoa Santa;MG;800
3137700;Lajinha;MG;3271
3137809;Lambari;MG;20560
3137908;Lamim;MG;36634
3138005;Laranjal;MG;32684
3138104;Lassance;MG;1675
3138203;Lavras;MG;13444
3138302;Leandro Ferreira;MG;29485
3138351;Leme do Prado;MG;1557
3138401;Leopoldina;MG;9565
3138500;Liberdade;MG;13040
3138609;Lima Duarte;MG;6931
3138625;Limeira do Oeste;MG;1258
3138658;Lontra;MG;6743
3138674;Luisburgo;MG;6731
3138682;Luislândia;MG;8198
3138708;Luminárias;MG;5191
3138807;Luz;MG;5927
3138906;Machacalis;MG;9236
3139003;Machado;MG;15697
3139102;Madre de Deus de Minas;MG;6903
3139201;Malacacheta;MG;6148
3139250;Mamonas;MG;10680
3139300;Manga;MG;1166
3139409;Manhuaçu;MG;16306
3139508;Manhumirim;MG;9642
3139607;Mantena;MG;10079
3139805;Mar de Espanha;MG;27760
3139706;Maravilhas;MG;1126
3139904;Maria da Fé;MG;1100
3140001;Mariana;MG;13039
3140100;Marilac;MG;9573
3140159;Mário Campos;MG;11635
3140209;Maripá de Minas;MG;5803
3140308;Marliéria;MG;20037
3140407;Marmelópolis;MG;26915
3140506;Martinho Campos;MG;16431
3140530;Martins Soares;MG;7242
3140555;Mata Verde;MG;950
3140605;Materlândia;MG;22487
3140704;Mateus Leme;MG;36992
3171501;Mathias Lobato;MG;19606
3140803;Matias Barbosa;MG;3666
3140852;Matias Cardoso;MG;20246
3140902;Matipó;MG;24863
3141009;Mato Verde;MG;53597
3141108;Matozinhos;MG;3681
3141207;Matutina;MG;7521
3141306;Medeiros;MG;21951
3141405;Medina;MG;10277
3141504;Mendes Pimentel;MG;2823
3141603;Mercês;MG;15224
3141702;Mesquita;MG;18235
3141801;Minas Novas;MG;10629
3141900;Minduri;MG;12285
3142007;Mirabela;MG;7259
3142106;Miradouro;MG;49053
3142205;Miraí;MG;3582
3142254;Miravânia;MG;5057
3142304;Moeda;MG;9766
3142403;Moema;MG;25372
3142502;Monjolos;MG;1858
3142601;Monsenhor Paulo;MG;2283
3142700;Montalvânia;MG;1026
3142809;Monte Alegre de Minas;MG;10002
3142908;Monte Azul;MG;2820
3143005;Monte Belo;MG;6320
3143104;Monte Carmelo;MG;19972
3143153;Monte Formoso;MG;4764
3143203;Monte Santo de Minas;MG;12444
3143401;Monte Sião;MG;6942
3143302;Montes Claros;MG;20209
3143450;Montezuma;MG;16272
3143500;Morada Nova de Minas;MG;4507
3143609;Morro da Garça;MG;8015
3143708;Morro do Pilar;MG;30414
3143807;Munhoz;MG;14872
3143906;Muriaé;MG;2075
3144003;Mutum;MG;19846
3144102;Muzambinho;MG;2926
3144201;Nacip Raydan;MG;45630
3144300;Nanuque;MG;29764
3144359;Naque;MG;13272
3144375;Natalândia;MG;11470
3144409;Natércia;MG;7667
3144508;Nazareno;MG;20352
3144607;Nepomuceno;MG;6417
3144656;Ninheira;MG;12502
3144672;Nova Belém;MG;25177
3144706;Nova Era;MG;5201
3144805;Nova Lima;MG;4899
3144904;Nova Módica;MG;2593
3145000;Nova Ponte;MG;2992
3145059;Nova Porteirinha;MG;1291
3145109;Nova Resende;MG;21534
3145208;Nova Serrana;MG;70570
3136603;Nova União;MG;46278
3145307;Novo Cruzeiro;MG;1613
3145356;Novo Oriente de Minas;MG;21416
3145372;Novorizonte;MG;46114
3145406;Olaria;MG;5838
3145455;Olhos d'Água;MG;10788
3145505;Olímpio Noronha;MG;1060
3145604;Oliveira;MG;12939
3145703;Oliveira Fortes;MG;2995
3145802;Onça de Pitangui;MG;12018
3145851;Oratórios;MG;1732
3145877;Orizânia;MG;17531
3145901;Ouro Branco;MG;29778
3146008;Ouro Fino;MG;4077
3146107;Ouro Preto;MG;2763
3146206;Ouro Verde de Minas;MG;900
3146255;Padre Carvalho;MG;7198
3146305;Padre Paraíso;MG;5089
3146552;Pai Pedro;MG;1752
3146404;Paineiras;MG;15881
3146503;Pains;MG;5882
3146602;Paiva;MG;2955
3146701;Palma;MG;5242
3146750;Palmópolis;MG;31351
3146909;Papagaios;MG;18728
3147105;Pará de Minas;MG;8363
3147006;Paracatu;MG;19064
3147204;Paraguaçu;MG;2691
3147303;Paraisópolis;MG;9998
3147402;Paraopeba;MG;11346
3147600;Passa Quatro;MG;5754
3147709;Passa Tempo;MG;15577
3147808;Passa-Vinte;MG;4089
3147501;Passabém;MG;16905
3147907;Passos;MG;17705
3147956;Patis;MG;800
3148004;Patos de Minas;MG;35735
3148103;Patrocínio;MG;800
3148202;Patrocínio do Muriaé;MG;4900
3148301;Paula Cândido;MG;29805
3148400;Paulistas;MG;6806
3148509;Pavão;MG;1923
3148608;Peçanha;MG;2897
3148707;Pedra Azul;MG;29856
3148756;Pedra Bonita;MG;1165
3148806;Pedra do Anta;MG;33404
3148905;Pedra do Indaiá;MG;9081
3149002;Pedra Dourada;MG;2599
3149101;Pedralva;MG;5080
3149150;Pedras de Maria da Cruz;MG;3151
3149200;Pedrinópolis;MG;25019
3149309;Pedro Leopoldo;MG;21595
3149408;Pedro Teixeira;MG;1456
3149507;Pequeri;MG;6189
3149606;Pequi;MG;3733
3149705;Perdigão;MG;40031
3149804;Perdizes;MG;2185
3149903;Perdões;MG;56343
3149952;Periquito;MG;9301
3150000;Pescador;MG;2688
3150109;Piau;MG;4580
3150158;Piedade de Caratinga;MG;3995
3150208;Piedade de Ponte Nova;MG;2374
3150307;Piedade do Rio Grande;MG;10709
3150406;Piedade dos Gerais;MG;2500
3150505;Pimenta;MG;877
3150539;Pingo-d'Água;MG;6354
3150570;Pintópolis;MG;1328
3150604;Piracema;MG;4218
3150703;Pirajuba;MG;3549
3150802;Piranga;MG;3700
3150901;Piranguçu;MG;87170
3151008;Piranguinho;MG;10266
3151107;Pirapetinga;MG;12638
3151206;Pirapora;MG;1367
3151305;Piraúba;MG;4699
3151404;Pitangui;MG;12227
3151503;Piumhi;MG;3126
3151602;Planura;MG;26198
3151701;Poço Fundo;MG;2570
3151800;Poços de Caldas;MG;7041
3151909;Pocrane;MG;5064
3152006;Pompéu;MG;11560
3152105;Ponte Nova;MG;4770
3152131;Ponto Chique;MG;7162
3152170;Ponto dos Volantes;MG;7441
3152204;Porteirinha;MG;4302
3152303;Porto Firme;MG;16451
3152402;Poté;MG;12541
3152501;Pouso Alegre;MG;8752
3152600;Pouso Alto;MG;6009
3152709;Prados;MG;23173
3152808;Prata;MG;7444
3152907;Pratápolis;MG;6886
3153004;Pratinha;MG;10826
3153103;Presidente Bernardes;MG;62367
3153202;Presidente Juscelino;MG;2209
3153301;Presidente Kubitschek;MG;22503
3153400;Presidente Olegário;MG;1202
3153608;Prudente de Morais;MG;12253
3153707;Quartel Geral;MG;54565
3153806;Queluzito;MG;16516
3153905;Raposos;MG;11640
3154002;Raul Soares;MG;5209
3154101;Recreio;MG;9984
3154150;Reduto;MG;7312
3154200;Resende Costa;MG;4064
3154309;Resplendor;MG;7014
3154408;Ressaquinha;MG;12001
3154457;Riachinho;MG;4149
3154507;Riacho dos Machados;MG;3974
3154606;Ribeirão das Neves;MG;2161
3154705;Ribeirão Vermelho;MG;14829
3154804;Rio Acima;MG;17578
3154903;Rio Casca;MG;12449
3155108;Rio do Prado;MG;27896
3155009;Rio Doce;MG;10628
3155207;Rio Espera;MG;14850
3155306;Rio Manso;MG;13477
3155405;Rio Novo;MG;8724
3155504;Rio Paranaíba;MG;5381
3155603;Rio Pardo de Minas;MG;110208
3155702;Rio Piracicaba;MG;5869
3155801;Rio Pomba;MG;4638
3155900;Rio Preto;MG;15552
3156007;Rio Vermelho;MG;12728
3156106;Ritápolis;MG;2058
3156205;Rochedo de Minas;MG;33173
3156304;Rodeiro;MG;8699
3156403;Romaria;MG;2843
3156452;Rosário da Limeira;MG;35675
3156502;Rubelita;MG;19203
3156601;Rubim;MG;2401
3156700;Sabará;MG;68149
3156809;Sabinópolis;MG;19915
3156908;Sacramento;MG;9541
3157005;Salinas;MG;55481
3157104;Salto da Divisa;MG;11496
3157203;Santa Bárbara;MG;9355
3157252;Santa Bárbara do Leste;MG;4667
3157278;Santa Bárbara do Monte Verde;MG;18299
3157302;Santa Bárbara do Tugúrio;MG;16298
3157336;Santa Cruz de Minas;MG;9806
3157377;Santa Cruz de Salinas;MG;4046
3157401;Santa Cruz do Escalvado;MG;11131
3157500;Santa Efigênia de Minas;MG;8935
3157609;Santa Fé de Minas;MG;2225
3157658;Santa Helena de Minas;MG;1911
3157708;Santa Juliana;MG;17966
3157807;Santa Luzia;MG;800
3157906;Santa Margarida;MG;12094
3158003;Santa Maria de Itabira;MG;5703
3158102;Santa Maria do Salto;MG;40685
3158201;Santa Maria do Suaçuí;MG;5607
3159209;Santa Rita de Caldas;MG;19930
3159407;Santa Rita de Ibitipoca;MG;6235
3159308;Santa Rita de Jacutinga;MG;10934
3159357;Santa Rita de Minas;MG;21700
3159506;Santa Rita do Itueto;MG;5801
3159605;Santa Rita do Sapucaí;MG;28876
3159704;Santa Rosa da Serra;MG;3234
3159803;Santa Vitória;MG;13341
3158300;Santana da Vargem;MG;26621
3158409;Santana de Cataguases;MG;19942
3158508;Santana de Pirapama;MG;79431
3158607;Santana do Deserto;MG;4166
3158706;Santana do Garambéu;MG;2116
3158805;Santana do Jacaré;MG;3232
3158904;Santana do Manhuaçu;MG;19951
3158953;Santana do Paraíso;MG;16685
3159001;Santana do Riacho;MG;10797
3159100;Santana dos Montes;MG;2805
3159902;Santo Antônio do Amparo;MG;22429
3160009;Santo Antônio do Aventureiro;MG;2508
3160108;Santo Antônio do Grama;MG;34524
3160207;Santo Antônio do Itambé;MG;223627
3160306;Santo Antônio do Jacinto;MG;14438
3160405;Santo Antônio do Monte;MG;18324
3160454;Santo Antônio do Retiro;MG;5611
3160504;Santo Antônio do Rio Abaixo;MG;1317
3160603;Santo Hipólito;MG;4972
3160702;Santos Dumont;MG;2900
3160801;São Bento Abade;MG;1964
3160900;São Brás do Suaçuí;MG;64161
3160959;São Domingos das Dores;MG;13026
3161007;São Domingos do Prata;MG;14650
3161056;São Félix de Minas;MG;6868
3161106;São Francisco;MG;7978
3161205;São Francisco de Paula;MG;27877
3161304;São Francisco de Sales;MG;9311
3161403;São Francisco do Glória;MG;17297
3161502;São Geraldo;MG;7777
3161601;São Geraldo da Piedade;MG;6622
3161650;São Geraldo do Baixio;MG;2053
3161700;São Gonçalo do Abaeté;MG;1096
3161809;São Gonçalo do Pará;MG;7236
3161908;São Gonçalo do Rio Abaixo;MG;10267
3125507;São Gonçalo do Rio Preto;MG;2344
3162005;São Gonçalo do Sapucaí;MG;9289
3162104;São Gotardo;MG;10236
3162203;São João Batista do Glória;MG;900
3162252;São João da Lagoa;MG;3526
3162302;São João da Mata;MG;15101
3162401;São João da Ponte;MG;14769
3162450;São João das Missões;MG;2712
3162500;São João del Rei;MG;11486
3162559;São João do Manhuaçu;MG;29709
3162575;São João do Manteninha;MG;22682
3162609;São João do Oriente;MG;8688
3162658;São João do Pacuí;MG;5766
3162708;São João do Paraíso;MG;4828
3162807;São João Evangelista;MG;16142
3162906;São João Nepomuceno;MG;11958
3162922;São Joaquim de Bicas;MG;19281
3162948;São José da Barra;MG;11155
3162955;São José da Lapa;MG;23747
3163003;São José da Safira;MG;10706
3163102;São José da Varginha;MG;22873
3163201;São José do Alegre;MG;25146
3163300;São José do Divino;MG;3982
3163409;São José do Goiabal;MG;1320
3163508;São José do Jacuri;MG;52701
3163607;São José do Mantimento;MG;12796
3163706;São Lourenço;MG;1464
3163805;São Miguel do Anta;MG;4400
3163904;São Pedro da União;MG;22553
3164100;São Pedro do Suaçuí;MG;7093
3164001;São Pedro dos Ferros;MG;5493
3164209;São Romão;MG;45050
3164308;São Roque de Minas;MG;3049
3164407;São Sebastião da Bela Vista;MG;4010
3164431;São Sebastião da Vargem Alegre;MG;12174
3164472;São Sebastião do Anta;MG;14825
3164506;São Sebastião do Maranhão;MG;16656
3164605;São Sebastião do Oeste;MG;26289
3164704;São Sebastião do Paraíso;MG;12004
3164803;São Sebastião do Rio Preto;MG;16529
3164902;São Sebastião do Rio Verde;MG;7255
3165206;São Thomé das Letras;MG;10337
3165008;São Tiago;MG;10860
3165107;São Tomás de Aquino;MG;12224
3165305;São Vicente de Minas;MG;22569
3165404;Sapucaí-Mirim;MG;17769
3165503;Sardoá;MG;10129
3165537;Sarzedo;MG;3962
3165560;Sem-Peixe;MG;10394
3165578;Senador Amaral;MG;9356
3165602;Senador Cortes;MG;11933
3165701;Senador Firmino;MG;109287
3165800;Senador José Bento;MG;5423
3165909;Senador Modestino Gonçalves;MG;15353
3166006;Senhora de Oliveira;MG;31253
3166105;Senhora do Porto;MG;10747
3166204;Senhora dos Remédios;MG;126271
3166303;Sericita;MG;6366
3166402;Seritinga;MG;13781
3166501;Serra Azul de Minas;MG;4007
3166600;Serra da Saudade;MG;6554
3166808;Serra do Salitre;MG;12688
3166709;Serra dos Aimorés;MG;24477
3166907;Serrania;MG;13706
3166956;Serranópolis de Minas;MG;38545
3167004;Serranos;MG;8691
3167103;Serro;MG;6695
3167202;Sete Lagoas;MG;188893
3165552;Setubinha;MG;14887
3167301;Silveirânia;MG;4373
3167400;Silvianópolis;MG;4496
3167509;Simão Pereira;MG;3421
3167608;Simonésia;MG;27032
3167707;Sobrália;MG;6462
3167806;Soledade de Minas;MG;11099
3167905;Tabuleiro;MG;8997
3168002;Taiobeiras;MG;21573
3168051;Taparuba;MG;3801
3168101;Tapira;MG;2956
3168200;Tapiraí;MG;12348
3168309;Taquaraçu de Minas;MG;18687
3168408;Tarumirim;MG;13910
3168507;Teixeiras;MG;3961
3168606;Teófilo Otoni;MG;20329
3168705;Timóteo;MG;4257
3168804;Tiradentes;MG;5436
3168903;Tiros;MG;3416
3169000;Tocantins;MG;40369
3169059;Tocos do Moji;MG;19367
3169109;Toledo;MG;18771
3169208;Tombos;MG;38044
3169307;Três Corações;MG;212877
3169356;Três Marias;MG;1472
3169406;Três Pontas;MG;4283
3169505;Tumiritinga;MG;4899
3169604;Tupaciguara;MG;3784
3169703;Turmalina;MG;2949
3169802;Turvolândia;MG;6939
3169901;Ubá;MG;2531
3170008;Ubaí;MG;13948
3170057;Ubaporanga;MG;10213
3170107;Uberaba;MG;16378
3170206;Uberlândia;MG;16866
3170305;Umburatiba;MG;18730
3170404;Unaí;MG;6398
3170438;União de Minas;MG;99490
3170479;Uruana de Minas;MG;12487
3170503;Urucânia;MG;1244
3170529;Urucuia;MG;3203
3170578;Vargem Alegre;MG;1422
3170602;Vargem Bonita;MG;9834
3170651;Vargem Grande do Rio Pardo;MG;8439
3170701;Varginha;MG;5763
3170750;Varjão de Minas;MG;88130
3170800;Várzea da Palma;MG;17649
3170909;Varzelândia;MG;21445
3171006;Vazante;MG;3465
3171030;Verdelândia;MG;3215
3171071;Veredinha;MG;10047
3171105;Veríssimo;MG;11671
3171154;Vermelho Novo;MG;1252
3171204;Vespasiano;MG;7913
3171303;Viçosa;MG;9799
3171402;Vieiras;MG;7615
3171600;Virgem da Lapa;MG;3944
3171709;Virgínia;MG;5330
3171808;Virginópolis;MG;7943
3171907;Virgolândia;MG;10662
3172004;Visconde do Rio Branco;MG;18766
3172103;Volta Grande;MG;31682
3172202;Wenceslau Braz;MG;6980
5000203;Água Clara;MS;25328
5000252;Alcinópolis;MS;30644
5000609;Amambai;MS;9707
5000708;Anastácio;MS;37335
5000807;Anaurilândia;MS;45973
5000856;Angélica;MS;64804
5000906;Antônio João;MS;110283
5001003;Aparecida do Taboado;MS;6034
5001102;Aquidauana;MS;15892
5001243;Aral Moreira;MS;15846
5001508;Bandeirantes;MS;14050
5001904;Bataguassu;MS;7662
5002001;Batayporã;MS;3054
5002100;Bela Vista;MS;17330
5002159;Bodoquena;MS;6722
5002209;Bonito;MS;17203
5002308;Brasilândia;MS;6534
5002407;Caarapó;MS;4669
5002605;Camapuã;MS;20252
5002704;Campo Grande;MS;892300
5002803;Caracol;MS;29598
5002902;Cassilândia;MS;110283
5002951;Chapadão do Sul;MS;21232
5003108;Corguinho;MS;26685
5003157;Coronel Sapucaia;MS;4784
5003207;Corumbá;MS;3800
5003256;Costa Rica;MS;89266
5003306;Coxim;MS;5667
5003454;Deodápolis;MS;4964
5003488;Dois Irmãos do Buriti;MS;14992
5003504;Douradina;MS;14172
5003702;Dourados;MS;5799
5003751;Eldorado;MS;11190
5003801;Fátima do Sul;MS;60511
5003900;Figueirão;MS;6449
5004007;Glória de Dourados;MS;3379
5004106;Guia Lopes da Laguna;MS;44140
5004304;Iguatemi;MS;26898
5004403;Inocência;MS;7908
5004502;Itaporã;MS;2746
5004601;Itaquiraí;MS;6899
5004700;Ivinhema;MS;14737
5004809;Japorã;MS;56416
5004908;Jaraguari;MS;5004
5005004;Jardim;MS;14261
5005103;Jateí;MS;32890
5005152;Juti;MS;1140
5005202;Ladário;MS;48797
5005251;Laguna Carapã;MS;4262
5005400;Maracaju;MS;22549
5005608;Miranda;MS;20529
5005681;Mundo Novo;MS;51602
5005707;Naviraí;MS;28689
5005806;Nioaque;MS;1145
5006002;Nova Alvorada do Sul;MS;6601
5006200;Nova Andradina;MS;18220
5006259;Novo Horizonte do Sul;MS;12629
5006275;Paraíso das Águas;MS;26466
5006309;Paranaíba;MS;37293
5006358;Paranhos;MS;30563
5006408;Pedro Gomes;MS;12364
5006606;Ponta Porã;MS;2053
5006903;Porto Murtinho;MS;9483
5007109;Ribas do Rio Pardo;MS;24742
5007208;Rio Brilhante;MS;4716
5007307;Rio Negro;MS;31340
5007406;Rio Verde de Mato Grosso;MS;42510
5007505;Rochedo;MS;17994
5007554;Santa Rita do Pardo;MS;800
5007695;São Gabriel do Oeste;MS;3837
5007802;Selvíria;MS;110283
5007703;Sete Quedas;MS;8579
5007901;Sidrolândia;MS;1765
5007935;Sonora;MS;60903
5007950;Tacuru;MS;15882
5007976;Taquarussu;MS;52770
5008008;Terenos;MS;21225
5008305;Três Lagoas;MS;25918
5008404;Vicentina;MS;23332
5100102;Acorizal;MT;120812
5100201;Água Boa;MT;28708
5100250;Alta Floresta;MT;1734
5100300;Alto Araguaia;MT;16125
5100359;Alto Boa Vista;MT;34629
5100409;Alto Garças;MT;37041
5100508;Alto Paraguai;MT;6171
5100607;Alto Taquari;MT;35534
5100805;Apiacás;MT;27374
5101001;Araguaiana;MT;146348
5101209;Araguainha;MT;4323
5101258;Araputanga;MT;5646
5101308;Arenápolis;MT;7045
5101407;Aripuanã;MT;5754
5101605;Barão de Melgaço;MT;3706
5101704;Barra do Bugres;MT;800
5101803;Barra do Garças;MT;6116
5101852;Bom Jesus do Araguaia;MT;14811
5101902;Brasnorte;MT;5735
5102504;Cáceres;MT;82929
5102603;Campinápolis;MT;10012
5102637;Campo Novo do Parecis;MT;40821
5102678;Campo Verde;MT;13153
5102686;Campos de Júlio;MT;24486
5102694;Canabrava do Norte;MT;13413
5102702;Canarana;MT;44466
5102793;Carlinda;MT;10492
5102850;Castanheira;MT;17027
5103007;Chapada dos Guimarães;MT;14762
5103056;Cláudia;MT;7185
5103106;Cocalinho;MT;15403
5103205;Colíder;MT;115225
5103254;Colniza;MT;7327
5103304;Comodoro;MT;15650
5103353;Confresa;MT;39355
5103361;Conquista D'Oeste;MT;34582
5103379;Cotriguaçu;MT;9994
5103403;Cuiabá;MT;720637
5103437;Curvelândia;MT;17417
5103452;Denise;MT;859
5103502;Diamantino;MT;49699
5103601;Dom Aquino;MT;11887
5103700;Feliz Natal;MT;29628
5103809;Figueirópolis D'Oeste;MT;3657
5103858;Gaúcha do Norte;MT;1788
5103908;General Carneiro;MT;13143
5103957;Glória D'Oeste;MT;9508
5104104;Guarantã do Norte;MT;5745
5104203;Guiratinga;MT;10829
5104500;Indiavaí;MT;146348
5104526;Ipiranga do Norte;MT;24706
5104542;Itanhangá;MT;31297
5104559;Itaúba;MT;24963
5104609;Itiquira;MT;50223
5104807;Jaciara;MT;8004
5104906;Jangada;MT;1029
5105002;Jauru;MT;8017
5105101;Juara;MT;24094
5105150;Juína;MT;3395
5105176;Juruena;MT;8126
5105200;Juscimeira;MT;4609
5105234;Lambari D'Oeste;MT;51485
5105259;Lucas do Rio Verde;MT;22499
5105309;Luciara;MT;20202
5105580;Marcelândia;MT;19547
5105606;Matupá;MT;9470
5105622;Mirassol d'Oeste;MT;12260
5105903;Nobres;MT;2679
5106000;Nortelândia;MT;890
5106109;Nossa Senhora do Livramento;MT;11637
5106158;Nova Bandeirantes;MT;14090
5106208;Nova Brasilândia;MT;37310
5106216;Nova Canaã do Norte;MT;55564
5108808;Nova Guarita;MT;55482
5106182;Nova Lacerda;MT;3291
5108857;Nova Marilândia;MT;6696
5108907;Nova Maringá;MT;16734
5108956;Nova Monte Verde;MT;146348
5106224;Nova Mutum;MT;50258
5106174;Nova Nazaré;MT;33798
5106232;Nova Olímpia;MT;6440
5106190;Nova Santa Helena;MT;3734
5106240;Nova Ubiratã;MT;23497
5106257;Nova Xavantina;MT;2940
5106273;Novo Horizonte do Norte;MT;7590
5106265;Novo Mundo;MT;8696
5106315;Novo Santo Antônio;MT;56898
5106281;Novo São Joaquim;MT;6679
5106299;Paranaíta;MT;800
5106307;Paranatinga;MT;17184
5106372;Pedra Preta;MT;4573
5106422;Peixoto de Azevedo;MT;10339
5106455;Planalto da Serra;MT;8968
5106505;Poconé;MT;7301
5106653;Pontal do Araguaia;MT;23534
5106703;Ponte Branca;MT;1827
5106752;Pontes e Lacerda;MT;5586
5106778;Porto Alegre do Norte;MT;20937
5106802;Porto dos Gaúchos;MT;5021
5106828;Porto Esperidião;MT;1681
5106851;Porto Estrela;MT;20583
5107008;Poxoréu;MT;33936
5107040;Primavera do Leste;MT;9389
5107065;Querência;MT;1141
5107156;Reserva do Cabaçal;MT;21448
5107180;Ribeirão Cascalheira;MT;1589
5107198;Ribeirãozinho;MT;13856
5107206;Rio Branco;MT;3717
5107578;Rondolândia;MT;2755
5107602;Rondonópolis;MT;6068
5107701;Rosário Oeste;MT;8064
5107750;Salto do Céu;MT;4857
5107248;Santa Carmem;MT;18852
5107743;Santa Cruz do Xingu;MT;6040
5107768;Santa Rita do Trivelato;MT;28999
5107776;Santa Terezinha;MT;13442
5107263;Santo Afonso;MT;4580
5107792;Santo Antônio do Leste;MT;3806
5107800;Santo Antônio do Leverger;MT;1611
5107859;São Félix do Araguaia;MT;13584
5107297;São José do Povo;MT;6679
5107305;São José do Rio Claro;MT;800
5107354;São José do Xingu;MT;5473
5107107;São José dos Quatro Marcos;MT;3662
5107404;São Pedro da Cipa;MT;55830
5107875;Sapezal;MT;1516
5107883;Serra Nova Dourada;MT;2021
5107909;Sinop;MT;33449
5107925;Sorriso;MT;43882
5107941;Tabaporã;MT;4347
5107958;Tangará da Serra;MT;4922
5108006;Tapurah;MT;19432
5108055;Terra Nova do Norte;MT;800
5108105;Tesouro;MT;1273
5108204;Torixoréu;MT;7245
5108303;União do Sul;MT;54268
5108352;Vale de São Domingos;MT;6109
5108402;Várzea Grande;MT;11024
5108501;Vera;MT;34337
5105507;Vila Bela da Santíssima Trindade;MT;100147
5108600;Vila Rica;MT;5231
5101837;Boa Esperança do Norte;MT;9685
1500107;Abaetetuba;PA;3945
1500131;Abel Figueiredo;PA;65187
1500206;Acará;PA;6867
1500305;Afuá;PA;23562
1500347;Água Azul do Norte;PA;16120
1500404;Alenquer;PA;7338
1500503;Almeirim;PA;7139
1500602;Altamira;PA;28531
1500701;Anajás;PA;62930
1500800;Ananindeua;PA;18251
1500859;Anapu;PA;22738
1500909;Augusto Corrêa;PA;39457
1500958;Aurora do Pará;PA;7229
1501006;Aveiro;PA;47493
1501105;Bagre;PA;51842
1501204;Baião;PA;324805
1501253;Bannach;PA;13918
1501303;Barcarena;PA;12718
1501402;Belém;PA;2241403
1501451;Belterra;PA;51828
1501501;Benevides;PA;11685
1501576;Bom Jesus do Tocantins;PA;13510
1501600;Bonito;PA;38174
1501709;Bragança;PA;8470
1501725;Brasil Novo;PA;13401
1501758;Brejo Grande do Araguaia;PA;23231
1501782;Breu Branco;PA;62957
1501808;Breves;PA;10825
1501907;Bujaru;PA;2774
1502004;Cachoeira do Arari;PA;2557
1501956;Cachoeira do Piriá;PA;5268
1502103;Cametá;PA;4965
1502152;Canaã dos Carajás;PA;17758
1502202;Capanema;PA;5693
1502301;Capitão Poço;PA;9717
1502400;Castanhal;PA;8984
1502509;Chaves;PA;12966
1502608;Colares;PA;90168
1502707;Conceição do Araguaia;PA;43600
1502756;Concórdia do Pará;PA;21427
1502764;Cumaru do Norte;PA;12677
1502772;Curionópolis;PA;13071
1502806;Curralinho;PA;30188
1502855;Curuá;PA;40025
1502905;Curuçá;PA;7757
1502939;Dom Eliseu;PA;21912
1502954;Eldorado do Carajás;PA;2253
1503002;Faro;PA;26571
1503044;Floresta do Araguaia;PA;48681
1503077;Garrafão do Norte;PA;15469
1503093;Goianésia do Pará;PA;155260
1503101;Gurupá;PA;7985
1503200;Igarapé-Açu;PA;26739
1503309;Igarapé-Miri;PA;20237
1503408;Inhangapi;PA;18852
1503457;Ipixuna do Pará;PA;18563
1503507;Irituia;PA;23683
1503606;Itaituba;PA;53500
1503705;Itupiranga;PA;95816
1503754;Jacareacanga;PA;20998
1503804;Jacundá;PA;51613
1503903;Juruti;PA;9728
1504000;Limoeiro do Ajuru;PA;48885
1504059;Mãe do Rio;PA;9104
1504109;Magalhães Barata;PA;69871
1504208;Marabá;PA;239518
1504307;Maracanã;PA;18405
1504406;Marapanim;PA;1887
1504422;Marituba;PA;11520
1504455;Medicilândia;PA;81613
1504505;Melgaço;PA;38679
1504604;Mocajuba;PA;27680
1504703;Moju;PA;63845
1504752;Mojuí dos Campos;PA;35867
1504802;Monte Alegre;PA;80352
1504901;Muaná;PA;57875
1504950;Nova Esperança do Piriá;PA;112257
1504976;Nova Ipixuna;PA;31237
1505007;Nova Timboteua;PA;56980
1505031;Novo Progresso;PA;15016
1505064;Novo Repartimento;PA;10862
1505106;Óbidos;PA;137602
1505205;Oeiras do Pará;PA;26702
1505304;Oriximiná;PA;51024
1505403;Ourém;PA;24120
1505437;Ourilândia do Norte;PA;11043
1505486;Pacajá;PA;21306
1505494;Palestina do Pará;PA;102158
1505502;Paragominas;PA;38772
1505536;Parauapebas;PA;3204
1505551;Pau d'Arco;PA;16612
1505601;Peixe-Boi;PA;149522
1505635;Piçarra;PA;16639
1505650;Placas;PA;2905
1505700;Ponta de Pedras;PA;168895
1505809;Portel;PA;44592
1505908;Porto de Moz;PA;19490
1506005;Prainha;PA;13990
1506104;Primavera;PA;69235
1506112;Quatipuru;PA;11597
1506138;Redenção;PA;74441
1506161;Rio Maria;PA;38219
1506187;Rondon do Pará;PA;27552
1506195;Rurópolis;PA;24705
1506203;Salinópolis;PA;17365
1506302;Salvaterra;PA;66495
1506351;Santa Bárbara do Pará;PA;8126
1506401;Santa Cruz do Arari;PA;3535
1506500;Santa Izabel do Pará;PA;41380
1506559;Santa Luzia do Pará;PA;42152
1506583;Santa Maria das Barreiras;PA;35701
1506609;Santa Maria do Pará;PA;32964
1506708;Santana do Araguaia;PA;14796
1506807;Santarém;PA;50057
1506906;Santarém Novo;PA;20022
1507003;Santo Antônio do Tauá;PA;12318
1507102;São Caetano de Odivelas;PA;14937
1507151;São Domingos do Araguaia;PA;194343
1507201;São Domingos do Capim;PA;3122
1507300;São Félix do Xingu;PA;36477
1507409;São Francisco do Pará;PA;3320
1507458;São Geraldo do Araguaia;PA;18688
1507466;São João da Ponta;PA;13065
1507474;São João de Pirabas;PA;2124
1507508;São João do Araguaia;PA;32293
1507607;São Miguel do Guamá;PA;13858
1507706;São Sebastião da Boa Vista;PA;2091
1507755;Sapucaia;PA;53008
1507805;Senador José Porfírio;PA;102047
1507904;Soure;PA;108425
1507953;Tailândia;PA;31242
1507961;Terra Alta;PA;22144
1507979;Terra Santa;PA;90731
1508001;Tomé-Açu;PA;133961
1508035;Tracuateua;PA;73248
1508050;Trairão;PA;7473
1508084;Tucumã;PA;26269
1508100;Tucuruí;PA;34137
1508126;Ulianópolis;PA;2876
1508159;Uruará;PA;35277
1508209;Vigia;PA;256522
1508308;Viseu;PA;42557
1508357;Vitória do Xingu;PA;106450
1508407;Xinguara;PA;25742
2500106;Água Branca;PB;11894
2500205;Aguiar;PB;3187
2500304;Alagoa Grande;PB;2709
2500403;Alagoa Nova;PB;31487
2500502;Alagoinha;PB;35383
2500536;Alcantil;PB;2629
2500577;Algodão de Jandaíra;PB;22679
2500601;Alhandra;PB;7106
2500734;Amparo;PB;11364
2500775;Aparecida;PB;12973
2500809;Araçagi;PB;23346
2500908;Arara;PB;8565
2501005;Araruna;PB;36886
2501104;Areia;PB;10990
2501153;Areia de Baraúnas;PB;15537
2501203;Areial;PB;3127
2501302;Aroeiras;PB;84030
2501351;Assunção;PB;13111
2501401;Baía da Traição;PB;17132
2501500;Bananeiras;PB;1333
2501534;Baraúna;PB;3163
2501609;Barra de Santa Rosa;PB;30518
2501575;Barra de Santana;PB;10721
2501708;Barra de São Miguel;PB;953
2501807;Bayeux;PB;24502
2501906;Belém;PB;4299
2502003;Belém do Brejo do Cruz;PB;36933
2502052;Bernardino Batista;PB;7100
2502102;Boa Ventura;PB;9795
2502151;Boa Vista;PB;28603
2502201;Bom Jesus;PB;2914
2502300;Bom Sucesso;PB;2624
2502409;Bonito de Santa Fé;PB;6300
2502508;Boqueirão;PB;19425
2502706;Borborema;PB;1809
2502805;Brejo do Cruz;PB;1248
2502904;Brejo dos Santos;PB;19351
2503001;Caaporã;PB;4028
2503100;Cabaceiras;PB;5079
2503209;Cabedelo;PB;1014
2503308;Cachoeira dos Índios;PB;3705
2503407;Cacimba de Areia;PB;7755
2503506;Cacimba de Dentro;PB;21760
2503555;Cacimbas;PB;3348
2503605;Caiçara;PB;48413
2503704;Cajazeiras;PB;3683
2503753;Cajazeirinhas;PB;3689
2503803;Caldas Brandão;PB;42425
2503902;Camalaú;PB;9868
2504009;Campina Grande;PB;4261
2504033;Capim;PB;6593
2504074;Caraúbas;PB;34641
2504108;Carrapateira;PB;39231
2504157;Casserengue;PB;3184
2504207;Catingueira;PB;7463
2504306;Catolé do Rocha;PB;8635
2504355;Caturité;PB;2643
2504405;Conceição;PB;7355
2504504;Condado;PB;7866
2504603;Conde;PB;27409
2504702;Congo;PB;29512
2504801;Coremas;PB;5444
2504850;Coxixola;PB;6180
2504900;Cruz do Espírito Santo;PB;16238
2505006;Cubati;PB;4108
2505105;Cuité;PB;14942
2505238;Cuité de Mamanguape;PB;7099
2505204;Cuitegi;PB;2692
2505279;Curral de Cima;PB;2730
2505303;Curral Velho;PB;38414
2505352;Damião;PB;6584
2505402;Desterro;PB;47514
2505600;Diamante;PB;4444
2505709;Dona Inês;PB;10772
2505808;Duas Estradas;PB;108700
2505907;Emas;PB;2444
2506004;Esperança;PB;970
2506103;Fagundes;PB;32198
2506202;Frei Martinho;PB;3149
2506251;Gado Bravo;PB;7644
2506301;Guarabira;PB;4105
2506400;Gurinhém;PB;10503
2506509;Gurjão;PB;2749
2506608;Ibiara;PB;6415
2502607;Igaracy;PB;12826
2506707;Imaculada;PB;2579
2506806;Ingá;PB;3620
2506905;Itabaiana;PB;5336
2507002;Itaporanga;PB;1624
2507101;Itapororoca;PB;4913
2507200;Itatuba;PB;8911
2507309;Jacaraú;PB;5039
2507408;Jericó;PB;5802
2507507;João Pessoa;PB;848772
2513653;Joca Claudino;PB;3801
2507606;Juarez Távora;PB;16723
2507705;Juazeirinho;PB;37948
2507804;Junco do Seridó;PB;4692
2507903;Juripiranga;PB;13335
2508000;Juru;PB;6008
2508109;Lagoa;PB;11689
2508208;Lagoa de Dentro;PB;43772
2508307;Lagoa Seca;PB;13683
2508406;Lastro;PB;1112
2508505;Livramento;PB;12885
2508554;Logradouro;PB;30350
2508604;Lucena;PB;6128
2508703;Mãe d'Água;PB;23379
2508802;Malta;PB;3660
2508901;Mamanguape;PB;1526
2509008;Manaíra;PB;9133
2509057;Marcação;PB;1133
2509107;Mari;PB;6007
2509156;Marizópolis;PB;32207
2509206;Massaranduba;PB;957
2509305;Mataraca;PB;1914
2509339;Matinhas;PB;2513
2509370;Mato Grosso;PB;7294
2509396;Maturéia;PB;5230
2509404;Mogeiro;PB;36441
2509503;Montadas;PB;22341
2509602;Monte Horebe;PB;13483
2509701;Monteiro;PB;9178
2509800;Mulungu;PB;12052
2509909;Natuba;PB;3030
2510006;Nazarezinho;PB;20077
2510105;Nova Floresta;PB;2301
2510204;Nova Olinda;PB;19601
2510303;Nova Palmeira;PB;28830
2510402;Olho d'Água;PB;9861
2510501;Olivedos;PB;6442
2510600;Ouro Velho;PB;12146
2510659;Parari;PB;800
2510709;Passagem;PB;10904
2510808;Patos;PB;6903
2510907;Paulista;PB;7396
2511004;Pedra Branca;PB;17011
2511103;Pedra Lavrada;PB;7202
2511202;Pedras de Fogo;PB;2231
2512721;Pedro Régis;PB;6693
2511301;Piancó;PB;8423
2511400;Picuí;PB;8874
2511509;Pilar;PB;9344
2511608;Pilões;PB;24531
2511707;Pilõezinhos;PB;2368
2511806;Pirpirituba;PB;9487
2511905;Pitimbu;PB;32316
2512002;Pocinhos;PB;1160
2512036;Poço Dantas;PB;9528
2512077;Poço de José de Moura;PB;4107
2512101;Pombal;PB;5201
2512200;Prata;PB;2890
2512309;Princesa Isabel;PB;6489
2512408;Puxinanã;PB;59265
2512507;Queimadas;PB;1946
2512606;Quixabá;PB;2160
2512705;Remígio;PB;1867
2512747;Riachão;PB;52290
2512754;Riachão do Bacamarte;PB;4702
2512762;Riachão do Poço;PB;7602
2512788;Riacho de Santo Antônio;PB;5021
2512804;Riacho dos Cavalos;PB;2767
2512903;Rio Tinto;PB;6037
2513000;Salgadinho;PB;116829
2513109;Salgado de São Félix;PB;36159
2513158;Santa Cecília;PB;3060
2513208;Santa Cruz;PB;15942
2513307;Santa Helena;PB;3133
2513356;Santa Inês;PB;1108
2513406;Santa Luzia;PB;24001
2513703;Santa Rita;PB;28015
2513802;Santa Teresinha;PB;24712
2513505;Santana de Mangueira;PB;4664
2513604;Santana dos Garrotes;PB;6509
2513851;Santo André;PB;17839
2513927;São Bentinho;PB;12029
2513901;São Bento;PB;5072
2513968;São Domingos;PB;1317
2513943;São Domingos do Cariri;PB;8863
2513984;São Francisco;PB;25625
2514008;São João do Cariri;PB;2094
2500700;São João do Rio do Peixe;PB;15788
2514107;São João do Tigre;PB;11261
2514206;São José da Lagoa Tapada;PB;17847
2514305;São José de Caiana;PB;20406
2514404;São José de Espinharas;PB;3643
2514503;São José de Piranhas;PB;1320
2514552;São José de Princesa;PB;4348
2514602;São José do Bonfim;PB;20794
2514651;São José do Brejo do Cruz;PB;4308
2514701;São José do Sabugi;PB;3644
2514800;São José dos Cordeiros;PB;1055
2514453;São José dos Ramos;PB;53761
2514909;São Mamede;PB;19393
2515005;São Miguel de Taipu;PB;18238
2515104;São Sebastião de Lagoa de Roça;PB;22672
2515203;São Sebastião do Umbuzeiro;PB;14747
2515401;São Vicente do Seridó;PB;5977
2515302;Sapé;PB;6531
2515500;Serra Branca;PB;4886
2515609;Serra da Raiz;PB;141863
2515708;Serra Grande;PB;14413
2515807;Serra Redonda;PB;4695
2515906;Serraria;PB;13049
2515930;Sertãozinho;PB;2572
2515971;Sobrado;PB;40919
2516003;Solânea;PB;3779
2516102;Soledade;PB;13570
2516151;Sossêgo;PB;25260
2516201;Sousa;PB;11940
2516300;Sumé;PB;8676
2516409;Tacima;PB;7913
2516508;Taperoá;PB;7349
2516607;Tavares;PB;4147
2516706;Teixeira;PB;4769
2516755;Tenório;PB;39813
2516805;Triunfo;PB;6940
2516904;Uiraúna;PB;3295
2517001;Umbuzeiro;PB;4431
2517100;Várzea;PB;26234
2517209;Vieirópolis;PB;16442
2505501;Vista Serrana;PB;14483
2517407;Zabelê;PB;5891
2600054;Abreu e Lima;PE;9240
2600104;Afogados da Ingazeira;PE;14097
2600203;Afrânio;PE;54505
2600302;Agrestina;PE;49068
2600401;Água Preta;PE;6369
2600500;Águas Belas;PE;7319
2600609;Alagoinha;PE;21138
2600708;Aliança;PE;125242
2600807;Altinho;PE;2280
2600906;Amaraji;PE;25474
2601003;Angelim;PE;4128
2601052;Araçoiaba;PE;9335
2601102;Araripina;PE;12561
2601201;Arcoverde;PE;11810
2601300;Barra de Guabiraba;PE;10426
2601409;Barreiros;PE;18905
2601508;Belém de Maria;PE;10410
2601607;Belém do São Francisco;PE;3754
2601706;Belo Jardim;PE;44228
2601805;Betânia;PE;42934
2601904;Bezerros;PE;47418
2602001;Bodocó;PE;3444
2602100;Bom Conselho;PE;26058
2602209;Bom Jardim;PE;39452
2602308;Bonito;PE;6033
2602407;Brejão;PE;18946
2602506;Brejinho;PE;16504
2602605;Brejo da Madre de Deus;PE;142290
2602704;Buenos Aires;PE;155781
2602803;Buíque;PE;3006
2602902;Cabo de Santo Agostinho;PE;291437
2603009;Cabrobó;PE;6853
2603108;Cachoeirinha;PE;55160
2603207;Caetés;PE;54546
2603306;Calçado;PE;6273
2603405;Calumbi;PE;32269
2603454;Camaragibe;PE;16663
2603504;Camocim de São Félix;PE;34511
2603603;Camutanga;PE;24173
2603702;Canhotinho;PE;69929
2603801;Capoeiras;PE;20378
2603900;Carnaíba;PE;15593
2603926;Carnaubeira da Penha;PE;62626
2604007;Carpina;PE;35514
2604106;Caruaru;PE;41951
2604155;Casinhas;PE;9029
2604205;Catende;PE;5940
2604304;Cedro;PE;10044
2604403;Chã de Alegria;PE;9474
2604502;Chã Grande;PE;44537
2604601;Condado;PE;54877
2604700;Correntes;PE;15813
2604809;Cortês;PE;90515
2604908;Cumaru;PE;84506
2605004;Cupira;PE;24514
2605103;Custódia;PE;7594
2605152;Dormentes;PE;106104
2605202;Escada;PE;17538
2605301;Exu;PE;21548
2605400;Feira Nova;PE;12909
2605459;Fernando de Noronha;PE;7048
2605509;Ferreiros;PE;3728
2605608;Flores;PE;37625
2605707;Floresta;PE;7923
2605806;Frei Miguelinho;PE;362357
2605905;Gameleira;PE;5679
2606002;Garanhuns;PE;4704
2606101;Glória do Goitá;PE;32873
2606200;Goiana;PE;100862
2606309;Granito;PE;20137
2606408;Gravatá;PE;35197
2606507;Iati;PE;2468
2606606;Ibimirim;PE;8902
2606705;Ibirajuba;PE;5758
2606804;Igarassu;PE;2333
2606903;Iguaracy;PE;21331
2607604;Ilha de Itamaracá;PE;1591
2607000;Inajá;PE;4380
2607109;Ingazeira;PE;10387
2607208;Ipojuca;PE;7516
2607307;Ipubi;PE;29007
2607406;Itacuruba;PE;26249
2607505;Itaíba;PE;50133
2607653;Itambé;PE;42911
2607703;Itapetim;PE;65785
2607752;Itapissuma;PE;18716
2607802;Itaquitinga;PE;26188
2607901;Jaboatão dos Guararapes;PE;32923
2607950;Jaqueira;PE;21918
2608008;Jataúba;PE;12117
2608057;Jatobá;PE;13011
2608107;João Alfredo;PE;7631
2608206;Joaquim Nabuco;PE;29823
2608255;Jucati;PE;16913
2608305;Jupi;PE;9043
2608404;Jurema;PE;9052
2608503;Lagoa de Itaenga;PE;4953
2608453;Lagoa do Carro;PE;55049
2608602;Lagoa do Ouro;PE;20450
2608701;Lagoa dos Gatos;PE;7260
2608750;Lagoa Grande;PE;45646
2608800;Lajedo;PE;10125
2608909;Limoeiro;PE;3992
2609006;Macaparana;PE;57676
2609105;Machados;PE;10388
2609154;Manari;PE;11962
2609204;Maraial;PE;19625
2609303;Mirandiba;PE;65914
2614303;Moreilândia;PE;19174
2609402;Moreno;PE;5015
2609501;Nazaré da Mata;PE;34116
2609600;Olinda;PE;11001
2609709;Orobó;PE;149638
2609808;Orocó;PE;18733
2609907;Ouricuri;PE;1605
2610004;Palmares;PE;27788
2610103;Palmeirina;PE;159264
2610202;Panelas;PE;106167
2610301;Paranatama;PE;140549
2610400;Parnamirim;PE;6109
2610509;Passira;PE;51156
2610608;Paudalho;PE;8477
2610707;Paulista;PE;24004
2610806;Pedra;PE;4624
2610905;Pesqueira;PE;9231
2611002;Petrolândia;PE;8914
2611101;Petrolina;PE;50396
2611200;Poção;PE;45254
2611309;Pombos;PE;25432
2611408;Primavera;PE;4246
2611507;Quipapá;PE;13312
2611533;Quixaba;PE;8255
2611606;Recife;PE;2472375
2611705;Riacho das Almas;PE;68546
2611804;Ribeirão;PE;59951
2611903;Rio Formoso;PE;8172
2612000;Sairé;PE;921
2612109;Salgadinho;PE;2685
2612208;Salgueiro;PE;89594
2612307;Saloá;PE;12063
2612406;Sanharó;PE;8213
2612455;Santa Cruz;PE;114255
2612471;Santa Cruz da Baixa Verde;PE;75428
2612505;Santa Cruz do Capibaribe;PE;19267
2612554;Santa Filomena;PE;13582
2612604;Santa Maria da Boa Vista;PE;16219
2612703;Santa Maria do Cambucá;PE;24080
2612802;Santa Terezinha;PE;109023
2612901;São Benedito do Sul;PE;29851
2613008;São Bento do Una;PE;41685
2613107;São Caetano;PE;67877
2613206;São João;PE;5180
2613305;São Joaquim do Monte;PE;43028
2613404;São José da Coroa Grande;PE;13565
2613503;São José do Belmonte;PE;1178
2613602;São José do Egito;PE;1805
2613701;São Lourenço da Mata;PE;6120
2613800;São Vicente Ferrer;PE;33644
2613909;Serra Talhada;PE;21257
2614006;Serrita;PE;22973
2614105;Sertânia;PE;160379
2614204;Sirinhaém;PE;4644
2614402;Solidão;PE;18198
2614501;Surubim;PE;26216
2614600;Tabira;PE;8345
2614709;Tacaimbó;PE;19349
2614808;Tacaratu;PE;3227
2614857;Tamandaré;PE;88447
2615003;Taquaritinga do Norte;PE;8862
2615102;Terezinha;PE;175220
2615201;Terra Nova;PE;18098
2615300;Timbaúba;PE;58111
2615409;Toritama;PE;17688
2615508;Tracunhaém;PE;18132
2615607;Trindade;PE;9866
2615706;Triunfo;PE;21382
2615805;Tupanatinga;PE;26610
2615904;Tuparetama;PE;7915
2616001;Venturosa;PE;16346
2616100;Verdejante;PE;9587
2616183;Vertente do Lério;PE;235364
2616209;Vertentes;PE;16993
2616308;Vicência;PE;102643
2616407;Vitória de Santo Antão;PE;15125
2616506;Xexéu;PE;24946
2200053;Acauã;PI;3667
2200103;Agricolândia;PI;7559
2200202;Água Branca;PI;34320
2200251;Alagoinha do Piauí;PI;7655
2200277;Alegrete do Piauí;PI;27473
2200301;Alto Longá;PI;12133
2200400;Altos;PI;35919
2200459;Alvorada do Gurguéia;PI;5619
2200509;Amarante;PI;83127
2200608;Angical do Piauí;PI;3516
2200707;Anísio de Abreu;PI;2581
2200806;Antônio Almeida;PI;1584
2200905;Aroazes;PI;77886
2200954;Aroeiras do Itaim;PI;14769
2201002;Arraial;PI;4152
2201051;Assunção do Piauí;PI;23690
2201101;Avelino Lopes;PI;12776
2201150;Baixa Grande do Ribeiro;PI;52136
2201176;Barra D'Alcântara;PI;1093
2201200;Barras;PI;4478
2201309;Barreiras do Piauí;PI;3605
2201408;Barro Duro;PI;800
2201507;Batalha;PI;19249
2201556;Bela Vista do Piauí;PI;4453
2201572;Belém do Piauí;PI;13527
2201606;Beneditinos;PI;80388
2201705;Bertolínia;PI;4066
2201739;Betânia do Piauí;PI;3773
2201770;Boa Hora;PI;6832
2201804;Bocaina;PI;17763
2201903;Bom Jesus;PI;3215
2201919;Bom Princípio do Piauí;PI;2995
2201929;Bonfim do Piauí;PI;19183
2201945;Boqueirão do Piauí;PI;9094
2201960;Brasileira;PI;800
2201988;Brejo do Piauí;PI;1558
2202000;Buriti dos Lopes;PI;31264
2202026;Buriti dos Montes;PI;9330
2202059;Cabeceiras do Piauí;PI;2593
2202075;Cajazeiras do Piauí;PI;4971
2202083;Cajueiro da Praia;PI;6084
2202091;Caldeirão Grande do Piauí;PI;13469
2202109;Campinas do Piauí;PI;1346
2202117;Campo Alegre do Fidalgo;PI;2378
2202133;Campo Grande do Piauí;PI;8096
2202174;Campo Largo do Piauí;PI;5373
2202208;Campo Maior;PI;11248
2202251;Canavieira;PI;1551
2202307;Canto do Buriti;PI;8881
2202406;Capitão de Campos;PI;19923
2202455;Capitão Gervásio Oliveira;PI;10243
2202505;Caracol;PI;6988
2202539;Caraúbas do Piauí;PI;5396
2202554;Caridade do Piauí;PI;2394
2202604;Castelo do Piauí;PI;5540
2202653;Caxingó;PI;23970
2202703;Cocal;PI;5260
2202711;Cocal de Telha;PI;2253
2202729;Cocal dos Alves;PI;3489
2202737;Coivaras;PI;7479
2202752;Colônia do Gurguéia;PI;3976
2202778;Colônia do Piauí;PI;10226
2202802;Conceição do Canindé;PI;10657
2202851;Coronel José Dias;PI;15943
2202901;Corrente;PI;28704
2203008;Cristalândia do Piauí;PI;17932
2203107;Cristino Castro;PI;2146
2203206;Curimatá;PI;2219
2203230;Currais;PI;5517
2203271;Curral Novo do Piauí;PI;3650
2203255;Curralinhos;PI;1714
2203305;Demerval Lobão;PI;3689
2203354;Dirceu Arcoverde;PI;3558
2203404;Dom Expedito Lopes;PI;2864
2203453;Dom Inocêncio;PI;4237
2203420;Domingos Mourão;PI;21920
2203503;Elesbão Veloso;PI;7465
2203602;Eliseu Martins;PI;90932
2203701;Esperantina;PI;7233
2203750;Fartura do Piauí;PI;4358
2203800;Flores do Piauí;PI;6023
2203859;Floresta do Piauí;PI;7951
2203909;Floriano;PI;9678
2204006;Francinópolis;PI;58880
2204105;Francisco Ayres;PI;2366
2204154;Francisco Macedo;PI;15426
2204204;Francisco Santos;PI;7536
2204303;Fronteiras;PI;1065
2204352;Geminiano;PI;13998
2204402;Gilbués;PI;24180
2204501;Guadalupe;PI;2336
2204550;Guaribas;PI;5938
2204600;Hugo Napoleão;PI;899
2204659;Ilha Grande;PI;1501
2204709;Inhuma;PI;18991
2204808;Ipiranga do Piauí;PI;3590
2204907;Isaías Coelho;PI;1771
2205003;Itainópolis;PI;7718
2205102;Itaueira;PI;3375
2205151;Jacobina do Piauí;PI;3572
2205201;Jaicós;PI;13523
2205250;Jardim do Mulato;PI;1671
2205276;Jatobá do Piauí;PI;2215
2205300;Jerumenha;PI;7104
2205359;João Costa;PI;17417
2205409;Joaquim Pires;PI;23408
2205458;Joca Marques;PI;2885
2205508;José de Freitas;PI;16814
2205516;Juazeiro do Piauí;PI;2531
2205524;Júlio Borges;PI;44699
2205532;Jurema;PI;1723
2205557;Lagoa Alegre;PI;25854
2205573;Lagoa de São Francisco;PI;2912
2205565;Lagoa do Barro do Piauí;PI;54910
2205581;Lagoa do Piauí;PI;11491
2205599;Lagoa do Sítio;PI;1961
2205540;Lagoinha do Piauí;PI;3376
2205607;Landri Sales;PI;14160
2205706;Luís Correia;PI;19087
2205805;Luzilândia;PI;5547
2205854;Madeiro;PI;6298
2205904;Manoel Emídio;PI;13809
2205953;Marcolândia;PI;6932
2206001;Marcos Parente;PI;1445
2206050;Massapê do Piauí;PI;2452
2206100;Matias Olímpio;PI;7766
2206209;Miguel Alves;PI;22832
2206308;Miguel Leão;PI;35471
2206357;Milton Brandão;PI;14134
2206407;Monsenhor Gil;PI;8225
2206506;Monsenhor Hipólito;PI;13665
2206605;Monte Alegre do Piauí;PI;2880
2206654;Morro Cabeça no Tempo;PI;5066
2206670;Morro do Chapéu do Piauí;PI;2422
2206696;Murici dos Portelas;PI;1518
2206704;Nazaré do Piauí;PI;8654
2206720;Nazária;PI;7354
2206753;Nossa Senhora de Nazaré;PI;12776
2206803;Nossa Senhora dos Remédios;PI;10934
2207959;Nova Santa Rita;PI;7831
2206902;Novo Oriente do Piauí;PI;11061
2206951;Novo Santo Antônio;PI;5721
2207009;Oeiras;PI;9443
2207108;Olho D'Água do Piauí;PI;2698
2207207;Padre Marcos;PI;9005
2207306;Paes Landim;PI;12508
2207355;Pajeú do Piauí;PI;2870
2207405;Palmeira do Piauí;PI;6348
2207504;Palmeirais;PI;3020
2207553;Paquetá;PI;3360
2207603;Parnaguá;PI;1740
2207702;Parnaíba;PI;24130
2207751;Passagem Franca do Piauí;PI;19363
2207777;Patos do Piauí;PI;10830
2207793;Pau D'Arco do Piauí;PI;52485
2207801;Paulistana;PI;4869
2207850;Pavussu;PI;130848
2207900;Pedro II;PI;4669
2207934;Pedro Laurentino;PI;7939
2208007;Picos;PI;3871
2208106;Pimenteiras;PI;9031
2208205;Pio IX;PI;15034
2208304;Piracuruca;PI;5290
2208403;Piripiri;PI;42331
2208502;Porto;PI;7800
2208551;Porto Alegre do Piauí;PI;8074
2208601;Prata do Piauí;PI;2206
2208650;Queimada Nova;PI;9502
2208700;Redenção do Gurguéia;PI;5174
2208809;Regeneração;PI;3071
2208858;Riacho Frio;PI;2552
2208874;Ribeira do Piauí;PI;113302
2208908;Ribeiro Gonçalves;PI;4488
2209005;Rio Grande do Piauí;PI;1207
2209104;Santa Cruz do Piauí;PI;2782
2209153;Santa Cruz dos Milagres;PI;5666
2209203;Santa Filomena;PI;10940
2209302;Santa Luz;PI;11039
2209377;Santa Rosa do Piauí;PI;12621
2209351;Santana do Piauí;PI;2950
2209401;Santo Antônio de Lisboa;PI;8720
2209450;Santo Antônio dos Milagres;PI;2287
2209500;Santo Inácio do Piauí;PI;3033
2209559;São Braz do Piauí;PI;2185
2209609;São Félix do Piauí;PI;1622
2209658;São Francisco de Assis do Piauí;PI;19332
2209708;São Francisco do Piauí;PI;12789
2209757;São Gonçalo do Gurguéia;PI;17557
2209807;São Gonçalo do Piauí;PI;6261
2209856;São João da Canabrava;PI;14092
2209872;São João da Fronteira;PI;864
2209906;São João da Serra;PI;15495
2209955;São João da Varjota;PI;7286
2209971;São João do Arraial;PI;11953
2210003;São João do Piauí;PI;9108
2210052;São José do Divino;PI;2025
2210102;São José do Peixe;PI;1154
2210201;São José do Piauí;PI;2740
2210300;São Julião;PI;11162
2210359;São Lourenço do Piauí;PI;12810
2210375;São Luis do Piauí;PI;1332
2210383;São Miguel da Baixa Grande;PI;2038
2210391;São Miguel do Fidalgo;PI;2706
2210409;São Miguel do Tapuio;PI;4047
2210508;São Pedro do Piauí;PI;1340
2210607;São Raimundo Nonato;PI;1255
2210623;Sebastião Barros;PI;2428
2210631;Sebastião Leal;PI;6593
2210656;Sigefredo Pacheco;PI;1636
2210706;Simões;PI;5279
2210805;Simplício Mendes;PI;19212
2210904;Socorro do Piauí;PI;1432
2210938;Sussuapara;PI;4778
2210953;Tamboril do Piauí;PI;18511
2210979;Tanque do Piauí;PI;3785
2211001;Teresina;PI;615461
2211100;União;PI;21563
2211209;Uruçuí;PI;4281
2211308;Valença do Piauí;PI;20208
2211357;Várzea Branca;PI;9612
2211407;Várzea Grande;PI;4112
2211506;Vera Mendes;PI;10163
2211605;Vila Nova do Piauí;PI;8530
2211704;Wall Ferraz;PI;18432
4100103;Abatiá;PR;11721
4100202;Adrianópolis;PR;10469
4100301;Agudos do Sul;PR;24303
4100400;Almirante Tamandaré;PR;3627
4100459;Altamira do Paraná;PR;34285
4128625;Alto Paraíso;PR;18709
4100608;Alto Paraná;PR;2631
4100707;Alto Piquiri;PR;42315
4100509;Altônia;PR;130784
4100806;Alvorada do Sul;PR;33719
4100905;Amaporã;PR;53824
4101002;Ampére;PR;12304
4101051;Anahy;PR;1801
4101101;Andirá;PR;1473
4101150;Ângulo;PR;14830
4101200;Antonina;PR;5841
4101309;Antônio Olinto;PR;4096
4101408;Apucarana;PR;10454
4101507;Arapongas;PR;22047
4101606;Arapoti;PR;2266
4101655;Arapuã;PR;6837
4101705;Araruna;PR;58962
4101804;Araucária;PR;3432
4101853;Ariranha do Ivaí;PR;29159
4101903;Assaí;PR;6572
4102000;Assis Chateaubriand;PR;20418
4102109;Astorga;PR;37454
4102208;Atalaia;PR;25316
4102307;Balsa Nova;PR;30451
4102406;Bandeirantes;PR;3156
4102505;Barbosa Ferraz;PR;38133
4102703;Barra do Jacaré;PR;4385
4102604;Barracão;PR;14903
4102752;Bela Vista da Caroba;PR;14881
4102802;Bela Vista do Paraíso;PR;19100
4102901;Bituruna;PR;16227
4103008;Boa Esperança;PR;4428
4103024;Boa Esperança do Iguaçu;PR;2538
4103040;Boa Ventura de São Roque;PR;29243
4103057;Boa Vista da Aparecida;PR;13742
4103107;Bocaiúva do Sul;PR;39661
4103156;Bom Jesus do Sul;PR;10664
4103206;Bom Sucesso;PR;2388
4103222;Bom Sucesso do Sul;PR;32420
4103305;Borrazópolis;PR;7453
4103354;Braganey;PR;16318
4103370;Brasilândia do Sul;PR;5495
4103404;Cafeara;PR;68359
4103453;Cafelândia;PR;4271
4103479;Cafezal do Sul;PR;7728
4103503;Califórnia;PR;12607
4103602;Cambará;PR;3369
4103701;Cambé;PR;16113
4103800;Cambira;PR;65966
4103909;Campina da Lagoa;PR;6531
4103958;Campina do Simão;PR;17300
4104006;Campina Grande do Sul;PR;800
4104055;Campo Bonito;PR;10732
4104105;Campo do Tenente;PR;7938
4104204;Campo Largo;PR;4553
4104253;Campo Magro;PR;36805
4104303;Campo Mourão;PR;7824
4104402;Cândido de Abreu;PR;9215
4104428;Candói;PR;7397
4104451;Cantagalo;PR;1360
4104501;Capanema;PR;3225
4104600;Capitão Leônidas Marques;PR;32241
4104659;Carambeí;PR;1100
4104709;Carlópolis;PR;4822
4104808;Cascavel;PR;7216
4104907;Castro;PR;76251
4105003;Catanduvas;PR;26089
4105102;Centenário do Sul;PR;6069
4105201;Cerro Azul;PR;47040
4105300;Céu Azul;PR;4960
4105409;Chopinzinho;PR;33989
4105508;Cianorte;PR;2512
4105607;Cidade Gaúcha;PR;36475
4105706;Clevelândia;PR;7166
4105805;Colombo;PR;3614
4105904;Colorado;PR;8821
4106001;Congonhinhas;PR;15197
4106100;Conselheiro Mairinck;PR;6500
4106209;Contenda;PR;20602
4106308;Corbélia;PR;5899
4106407;Cornélio Procópio;PR;22164
4106456;Coronel Domingos Soares;PR;18219
4106506;Coronel Vivida;PR;10475
4106555;Corumbataí do Sul;PR;6893
4106803;Cruz Machado;PR;13233
4106571;Cruzeiro do Iguaçu;PR;20518
4106605;Cruzeiro do Oeste;PR;108204
4106704;Cruzeiro do Sul;PR;31482
4106852;Cruzmaltina;PR;32774
4106902;Curitiba;PR;3437778
4107009;Curiúva;PR;19759
4107157;Diamante D'Oeste;PR;19090
4107108;Diamante do Norte;PR;24300
4107124;Diamante do Sul;PR;3692
4107207;Dois Vizinhos;PR;6874
4107256;Douradina;PR;6419
4107306;Doutor Camargo;PR;22838
4128633;Doutor Ulysses;PR;9248
4107405;Enéas Marques;PR;13041
4107504;Engenheiro Beltrão;PR;37049
4107538;Entre Rios do Oeste;PR;28948
4107520;Esperança Nova;PR;9376
4107546;Espigão Alto do Iguaçu;PR;5360
4107553;Farol;PR;39050
4107603;Faxinal;PR;26241
4107652;Fazenda Rio Grande;PR;1914
4107702;Fênix;PR;7937
4107736;Fernandes Pinheiro;PR;13438
4107751;Figueira;PR;26384
4107850;Flor da Serra do Sul;PR;30483
4107801;Floraí;PR;15307
4107900;Floresta;PR;21324
4108007;Florestópolis;PR;12020
4108106;Flórida;PR;5338
4108205;Formosa do Oeste;PR;8404
4108304;Foz do Iguaçu;PR;11438
4108452;Foz do Jordão;PR;10782
4108320;Francisco Alves;PR;1408
4108403;Francisco Beltrão;PR;7234
4108502;General Carneiro;PR;11916
4108551;Godoy Moreira;PR;8220
4108601;Goioerê;PR;8538
4108650;Goioxim;PR;19160
4108700;Grandes Rios;PR;3418
4108809;Guaíra;PR;1869
4108908;Guairaçá;PR;7637
4108957;Guamiranga;PR;25960
4109005;Guapirama;PR;71690
4109104;Guaporema;PR;26480
4109203;Guaraci;PR;2228
4109302;Guaraniaçu;PR;8675
4109401;Guarapuava;PR;14855
4109500;Guaraqueçaba;PR;13618
4109609;Guaratuba;PR;20273
4109658;Honório Serpa;PR;4085
4109708;Ibaiti;PR;12031
4109757;Ibema;PR;17786
4109807;Ibiporã;PR;27779
4109906;Icaraíma;PR;4617
4110003;Iguaraçu;PR;7663
4110052;Iguatu;PR;800
4110078;Imbaú;PR;5654
4110102;Imbituva;PR;6291
4110201;Inácio Martins;PR;3649
4110300;Inajá;PR;13440
4110409;Indianópolis;PR;10533
4110508;Ipiranga;PR;933
4110607;Iporã;PR;14198
4110656;Iracema do Oeste;PR;4035
4110706;Irati;PR;19112
4110805;Iretama;PR;2735
4110904;Itaguajé;PR;11577
4110953;Itaipulândia;PR;8204
4111001;Itambaracá;PR;15634
4111100;Itambé;PR;12848
4111209;Itapejara d'Oeste;PR;8460
4111258;Itaperuçu;PR;2067
4111308;Itaúna do Sul;PR;2206
4111407;Ivaí;PR;5893
4111506;Ivaiporã;PR;11100
4111555;Ivaté;PR;5737
4111605;Ivatuba;PR;22282
4111704;Jaboti;PR;8239
4111803;Jacarezinho;PR;3875
4111902;Jaguapitã;PR;8249
4112009;Jaguariaíva;PR;14361
4112108;Jandaia do Sul;PR;16013
4112207;Janiópolis;PR;88434
4112306;Japira;PR;5367
4112405;Japurá;PR;10332
4112504;Jardim Alegre;PR;17900
4112603;Jardim Olinda;PR;10917
4112702;Jataizinho;PR;6458
4112751;Jesuítas;PR;2038
4112801;Joaquim Távora;PR;6386
4112900;Jundiaí do Sul;PR;3438
4112959;Juranda;PR;1677
4113007;Jussara;PR;4668
4113106;Kaloré;PR;3540
4113205;Lapa;PR;21289
4113254;Laranjal;PR;21698
4113304;Laranjeiras do Sul;PR;4144
4113403;Leópolis;PR;8413
4113429;Lidianópolis;PR;1451
4113452;Lindoeste;PR;6503
4113502;Loanda;PR;17373
4113601;Lobato;PR;27757
4113700;Londrina;PR;5113
4113734;Luiziana;PR;35626
4113759;Lunardelli;PR;2114
4113809;Lupionópolis;PR;2840
4113908;Mallet;PR;24451
4114005;Mamborê;PR;70406
4114104;Mandaguaçu;PR;19275
4114203;Mandaguari;PR;10715
4114302;Mandirituba;PR;1001
4114351;Manfrinópolis;PR;1211
4114401;Mangueirinha;PR;12915
4114500;Manoel Ribas;PR;7555
4114609;Marechal Cândido Rondon;PR;3319
4114708;Maria Helena;PR;12039
4114807;Marialva;PR;12714
4114906;Marilândia do Sul;PR;31655
4115002;Marilena;PR;13018
4115101;Mariluz;PR;43262
4115200;Maringá;PR;11300
4115309;Mariópolis;PR;9867
4115358;Maripá;PR;36118
4115408;Marmeleiro;PR;3818
4115457;Marquinho;PR;247630
4115507;Marumbi;PR;16926
4115606;Matelândia;PR;17030
4115705;Matinhos;PR;19958
4115739;Mato Rico;PR;88313
4115754;Mauá da Serra;PR;26784
4115804;Medianeira;PR;1916
4115853;Mercedes;PR;52450
4115903;Mirador;PR;7699
4116000;Miraselva;PR;12603
4116059;Missal;PR;2742
4116109;Moreira Sales;PR;19983
4116208;Morretes;PR;5471
4116307;Munhoz de Melo;PR;12506
4116406;Nossa Senhora das Graças;PR;8195
4116505;Nova Aliança do Ivaí;PR;93089
4116604;Nova América da Colina;PR;99140
4116703;Nova Aurora;PR;11789
4116802;Nova Cantu;PR;12018
4116901;Nova Esperança;PR;7428
4116950;Nova Esperança do Sudoeste;PR;37813
4117008;Nova Fátima;PR;7801
4117057;Nova Laranjeiras;PR;7047
4117107;Nova Londrina;PR;32868
4117206;Nova Olímpia;PR;6196
4117255;Nova Prata do Iguaçu;PR;10746
4117214;Nova Santa Bárbara;PR;1967
4117222;Nova Santa Rosa;PR;24304
4117271;Nova Tebas;PR;94727
4117297;Novo Itacolomi;PR;24764
4117305;Ortigueira;PR;55926
4117404;Ourizona;PR;4416
4117453;Ouro Verde do Oeste;PR;14527
4117503;Paiçandu;PR;3969
4117602;Palmas;PR;8719
4117701;Palmeira;PR;26193
4117800;Palmital;PR;12529
4117909;Palotina;PR;2368
4118006;Paraíso do Norte;PR;2637
4118105;Paranacity;PR;2452
4118204;Paranaguá;PR;19233
4118303;Paranapoema;PR;108454
4118402;Paranavaí;PR;50136
4118451;Pato Bragado;PR;1392
4118501;Pato Branco;PR;53476
4118600;Paula Freitas;PR;31377
4118709;Paulo Frontin;PR;2047
4118808;Peabiru;PR;8025
4118857;Perobal;PR;37379
4118907;Pérola;PR;20522
4119004;Pérola d'Oeste;PR;2654
4119103;Piên;PR;21930
4119152;Pinhais;PR;1067
4119251;Pinhal de São Bento;PR;8766
4119202;Pinhalão;PR;39165
4119301;Pinhão;PR;11430
4119400;Piraí do Sul;PR;6470
4119509;Piraquara;PR;29794
4119608;Pitanga;PR;32729
4119657;Pitangueiras;PR;47327
4119707;Planaltina do Paraná;PR;29307
4119806;Planalto;PR;36802
4119905;Ponta Grossa;PR;25084
4119954;Pontal do Paraná;PR;15001
4120002;Porecatu;PR;12360
4120101;Porto Amazonas;PR;8628
4120150;Porto Barreiro;PR;2952
4120200;Porto Rico;PR;3917
4120309;Porto Vitória;PR;8214
4120333;Prado Ferreira;PR;14609
4120358;Pranchita;PR;54649
4120408;Presidente Castelo Branco;PR;10698
4120507;Primeiro de Maio;PR;33780
4120606;Prudentópolis;PR;36719
4120655;Quarto Centenário;PR;8684
4120705;Quatiguá;PR;21546
4120804;Quatro Barras;PR;8569
4120853;Quatro Pontes;PR;47961
4120903;Quedas do Iguaçu;PR;22544
4121000;Querência do Norte;PR;3024
4121109;Quinta do Sol;PR;13379
4121208;Quitandinha;PR;68646
4121257;Ramilândia;PR;9177
4121307;Rancho Alegre;PR;18330
4121356;Rancho Alegre D'Oeste;PR;20420
4121406;Realeza;PR;3581
4121505;Rebouças;PR;19645
4121604;Renascença;PR;2418
4121703;Reserva;PR;5629
4121752;Reserva do Iguaçu;PR;36574
4121802;Ribeirão Claro;PR;16585
4121901;Ribeirão do Pinhal;PR;8013
4122008;Rio Azul;PR;18305
4122107;Rio Bom;PR;10485
4122156;Rio Bonito do Iguaçu;PR;11357
4122172;Rio Branco do Ivaí;PR;23070
4122206;Rio Branco do Sul;PR;5033
4122305;Rio Negro;PR;11710
4122404;Rolândia;PR;7945
4122503;Roncador;PR;1958
4122602;Rondon;PR;4070
4122651;Rosário do Ivaí;PR;62870
4122701;Sabáudia;PR;17103
4122800;Salgado Filho;PR;2612
4122909;Salto do Itararé;PR;2058
4123006;Salto do Lontra;PR;9901
4123105;Santa Amélia;PR;62386
4123204;Santa Cecília do Pavão;PR;9121
4123303;Santa Cruz de Monte Castelo;PR;47169
4123402;Santa Fé;PR;16497
4123501;Santa Helena;PR;18811
4123600;Santa Inês;PR;2577
4123709;Santa Isabel do Ivaí;PR;31416
4123808;Santa Izabel do Oeste;PR;7749
4123824;Santa Lúcia;PR;28946
4123857;Santa Maria do Oeste;PR;4574
4123907;Santa Mariana;PR;13610
4123956;Santa Mônica;PR;16498
4124020;Santa Tereza do Oeste;PR;9456
4124053;Santa Terezinha de Itaipu;PR;17480
4124004;Santana do Itararé;PR;8356
4124103;Santo Antônio da Platina;PR;5485
4124202;Santo Antônio do Caiuá;PR;65502
4124301;Santo Antônio do Paraíso;PR;35513
4124400;Santo Antônio do Sudoeste;PR;4851
4124509;Santo Inácio;PR;20933
4124608;São Carlos do Ivaí;PR;4949
4124707;São Jerônimo da Serra;PR;3043
4124806;São João;PR;34926
4124905;São João do Caiuá;PR;1719
4125001;São João do Ivaí;PR;31050
4125100;São João do Triunfo;PR;8483
4125209;São Jorge d'Oeste;PR;8876
4125308;São Jorge do Ivaí;PR;17580
4125357;São Jorge do Patrocínio;PR;21229
4125407;São José da Boa Vista;PR;4513
4125456;São José das Palmeiras;PR;24669
4125506;São José dos Pinhais;PR;12689
4125555;São Manoel do Paraná;PR;2813
4125605;São Mateus do Sul;PR;9292
4125704;São Miguel do Iguaçu;PR;51185
4125753;São Pedro do Iguaçu;PR;70831
4125803;São Pedro do Ivaí;PR;24659
4125902;São Pedro do Paraná;PR;3024
4126009;São Sebastião da Amoreira;PR;19215
4126108;São Tomé;PR;28559
4126207;Sapopema;PR;24886
4126256;Sarandi;PR;26562
4126272;Saudade do Iguaçu;PR;16704
4126306;Sengés;PR;10344
4126355;Serranópolis do Iguaçu;PR;5736
4126405;Sertaneja;PR;1389
4126504;Sertanópolis;PR;16275
4126603;Siqueira Campos;PR;13745
4126652;Sulina;PR;20684
4126678;Tamarana;PR;2572
4126702;Tamboara;PR;22773
4126801;Tapejara;PR;107344
4126900;Tapira;PR;12211
4127007;Teixeira Soares;PR;10467
4127106;Telêmaco Borba;PR;15736
4127205;Terra Boa;PR;104754
4127304;Terra Rica;PR;3633
4127403;Terra Roxa;PR;14007
4127502;Tibagi;PR;4648
4127601;Tijucas do Sul;PR;6137
4127700;Toledo;PR;10607
4127809;Tomazina;PR;49309
4127858;Três Barras do Paraná;PR;81218
4127882;Tunas do Paraná;PR;18338
4127908;Tuneiras do Oeste;PR;7402
4127957;Tupãssi;PR;173826
4127965;Turvo;PR;6999
4128005;Ubiratã;PR;5976
4128104;Umuarama;PR;1590
4128203;União da Vitória;PR;52026
4128302;Uniflor;PR;32496
4128401;Uraí;PR;160073
4128534;Ventania;PR;2429
4128559;Vera Cruz do Oeste;PR;55703
4128609;Verê;PR;12100
4128658;Virmond;PR;27187
4128708;Vitorino;PR;1828
4128500;Wenceslau Braz;PR;56313
4128807;Xambrê;PR;26608
3300100;Angra dos Reis;RJ;154299
3300159;Aperibé;RJ;32695
3300209;Araruama;RJ;40120
3300225;Areal;RJ;45581
3300233;Armação dos Búzios;RJ;9887
3300258;Arraial do Cabo;RJ;195822
3300308;Barra do Piraí;RJ;281469
3300407;Barra Mansa;RJ;35086
3300456;Belford Roxo;RJ;111307
3300506;Bom Jardim;RJ;56666
3300605;Bom Jesus do Itabapoana;RJ;108894
3300704;Cabo Frio;RJ;38051
3300803;Cachoeiras de Macacu;RJ;28717
3300902;Cambuci;RJ;241424
3301009;Campos dos Goytacazes;RJ;70740
3301108;Cantagalo;RJ;642233
3300936;Carapebus;RJ;79855
3301157;Cardoso Moreira;RJ;27401
3301207;Carmo;RJ;292629
3301306;Casimiro de Abreu;RJ;151889
3300951;Comendador Levy Gasparian;RJ;168820
3301405;Conceição de Macabu;RJ;281162
3301504;Cordeiro;RJ;37010
3301603;Duas Barras;RJ;65976
3301702;Duque de Caxias;RJ;62845
3301801;Engenheiro Paulo de Frontin;RJ;18347
3301850;Guapimirim;RJ;56788
3301876;Iguaba Grande;RJ;330064
3301900;Itaboraí;RJ;98528
3302007;Itaguaí;RJ;17264
3302056;Italva;RJ;13706
3302106;Itaocara;RJ;473676
3302205;Itaperuna;RJ;68712
3302254;Itatiaia;RJ;37230
3302270;Japeri;RJ;56142
3302304;Laje do Muriaé;RJ;14943
3302403;Macaé;RJ;363099
3302452;Macuco;RJ;49250
3302502;Magé;RJ;341522
3302601;Mangaratiba;RJ;80326
3302700;Maricá;RJ;365679
3302809;Mendes;RJ;100649
3302858;Mesquita;RJ;193994
3302908;Miguel Pereira;RJ;167381
3303005;Miracema;RJ;150640
3303104;Natividade;RJ;111274
3303203;Nilópolis;RJ;58741
3303302;Niterói;RJ;624061
3303401;Nova Friburgo;RJ;27984
3303500;Nova Iguaçu;RJ;76249
3303609;Paracambi;RJ;77142
3303708;Paraíba do Sul;RJ;118150
3303807;Paraty;RJ;47316
3303856;Paty do Alferes;RJ;107285
3303906;Petrópolis;RJ;63026
3303955;Pinheiral;RJ;13318
3304003;Piraí;RJ;76691
3304102;Porciúncula;RJ;22616
3304110;Porto Real;RJ;11262
3304128;Quatis;RJ;88220
3304144;Queimados;RJ;129793
3304151;Quissamã;RJ;135455
3304201;Resende;RJ;141622
3304300;Rio Bonito;RJ;9056
3304409;Rio Claro;RJ;16982
3304508;Rio das Flores;RJ;642233
3304524;Rio das Ostras;RJ;23983
3304557;Rio de Janeiro;RJ;4650043
3304607;Santa Maria Madalena;RJ;35646
3304706;Santo Antônio de Pádua;RJ;82840
3304805;São Fidélis;RJ;37814
3304755;São Francisco de Itabapoana;RJ;140747
3304904;São Gonçalo;RJ;88210
3305000;São João da Barra;RJ;46347
3305109;São João de Meriti;RJ;23905
3305133;São José de Ubá;RJ;101883
3305158;São José do Vale do Rio Preto;RJ;19991
3305208;São Pedro da Aldeia;RJ;121450
3305307;São Sebastião do Alto;RJ;642233
3305406;Sapucaia;RJ;335110
3305505;Saquarema;RJ;167244
3305554;Seropédica;RJ;69069
3305604;Silva Jardim;RJ;8995
3305703;Sumidouro;RJ;17721
3305752;Tanguá;RJ;311171
3305802;Teresópolis;RJ;31834
3305901;Trajano de Moraes;RJ;35166
3306008;Três Rios;RJ;63247
3306107;Valença;RJ;23595
3306156;Varre-Sai;RJ;19684
3306206;Vassouras;RJ;71790
3306305;Volta Redonda;RJ;28463
2400109;Acari;RN;3965
2400208;Açu;RN;16634
2400307;Afonso Bezerra;RN;7254
2400406;Água Nova;RN;7694
2400505;Alexandria;RN;18057
2400604;Almino Afonso;RN;8010
2400703;Alto do Rodrigues;RN;6895
2400802;Angicos;RN;15711
2400901;Antônio Martins;RN;19529
2401008;Apodi;RN;7965
2401107;Areia Branca;RN;10232
2401206;Arês;RN;3963
2401305;Augusto Severo (Campo Grande);RN;3633
2401404;Baía Formosa;RN;21822
2401453;Baraúna;RN;15276
2401503;Barcelona;RN;15451
2401602;Bento Fernandes;RN;12754
2401651;Bodó;RN;9852
2401701;Bom Jesus;RN;20144
2401800;Brejinho;RN;26193
2401859;Caiçara do Norte;RN;25514
2401909;Caiçara do Rio do Vento;RN;8381
2402006;Caicó;RN;43059
2402105;Campo Redondo;RN;12039
2402204;Canguaretama;RN;18774
2402303;Caraúbas;RN;12771
2402402;Carnaúba dos Dantas;RN;12287
2402501;Carnaubais;RN;4168
2402600;Ceará-Mirim;RN;20254
2402709;Cerro Corá;RN;132113
2402808;Coronel Ezequiel;RN;6200
2402907;Coronel João Pessoa;RN;10125
2403004;Cruzeta;RN;5732
2403103;Currais Novos;RN;5474
2403202;Doutor Severiano;RN;51201
2403301;Encanto;RN;4467
2403400;Equador;RN;5559
2403509;Espírito Santo;RN;1633
2403608;Extremoz;RN;4069
2403707;Felipe Guerra;RN;1430
2403756;Fernando Pedroza;RN;18762
2403806;Florânia;RN;132113
2403905;Francisco Dantas;RN;6256
2404002;Frutuoso Gomes;RN;1497
2404101;Galinhos;RN;25201
2404200;Goianinha;RN;4209
2404309;Governador Dix-Sept Rosado;RN;39101
2404408;Grossos;RN;6866
2404507;Guamaré;RN;4673
2404606;Ielmo Marinho;RN;7699
2404705;Ipanguaçu;RN;21551
2404804;Ipueira;RN;7292
2404853;Itajá;RN;5422
2404903;Itaú;RN;7524
2405009;Jaçanã;RN;2311
2405108;Jandaíra;RN;14492
2405207;Janduís;RN;1312
2405306;Januário Cicco (Boa Saúde);RN;5745
2405405;Japi;RN;21589
2405504;Jardim de Angicos;RN;13069
2405603;Jardim de Piranhas;RN;17926
2405702;Jardim do Seridó;RN;8717
2405801;João Câmara;RN;33906
2405900;João Dias;RN;25895
2406007;José da Penha;RN;15297
2406106;Jucurutu;RN;25976
2406155;Jundiá;RN;21378
2406205;Lagoa d'Anta;RN;5775
2406304;Lagoa de Pedras;RN;2135
2406403;Lagoa de Velhos;RN;14869
2406502;Lagoa Nova;RN;17074
2406601;Lagoa Salgada;RN;31075
2406700;Lajes;RN;3343
2406809;Lajes Pintadas;RN;3455
2406908;Lucrécia;RN;15530
2407005;Luís Gomes;RN;8659
2407104;Macaíba;RN;1176
2407203;Macau;RN;14147
2407252;Major Sales;RN;1220
2407302;Marcelino Vieira;RN;3310
2407401;Martins;RN;41418
2407500;Maxaranguape;RN;69703
2407609;Messias Targino;RN;2459
2407708;Montanhas;RN;6518
2407807;Monte Alegre;RN;9813
2407906;Monte das Gameleiras;RN;66435
2408003;Mossoró;RN;5445
2408102;Natal;RN;581101
2408201;Nísia Floresta;RN;51443
2408300;Nova Cruz;RN;6200
2408409;Olho-d'Água do Borges;RN;20724
2408508;Ouro Branco;RN;1844
2408607;Paraná;RN;7756
2408706;Paraú;RN;1509
2408805;Parazinho;RN;2933
2408904;Parelhas;RN;23570
2403251;Parnamirim;RN;8864
2409100;Passa e Fica;RN;6592
2409209;Passagem;RN;4109
2409308;Patu;RN;7346
2409407;Pau dos Ferros;RN;13041
2409506;Pedra Grande;RN;27607
2409605;Pedra Preta;RN;800
2409704;Pedro Avelino;RN;3751
2409803;Pedro Velho;RN;11155
2409902;Pendências;RN;8399
2410009;Pilões;RN;14594
2410108;Poço Branco;RN;12568
2410207;Portalegre;RN;6696
2410256;Porto do Mangue;RN;5245
2410405;Pureza;RN;7148
2410504;Rafael Fernandes;RN;33132
2410603;Rafael Godeiro;RN;4186
2410702;Riacho da Cruz;RN;8739
2410801;Riacho de Santana;RN;11456
2410900;Riachuelo;RN;52105
2408953;Rio do Fogo;RN;6730
2411007;Rodolfo Fernandes;RN;26885
2411106;Ruy Barbosa;RN;36308
2411205;Santa Cruz;RN;8730
2409332;Santa Maria;RN;7427
2411403;Santana do Matos;RN;6520
2411429;Santana do Seridó;RN;7067
2411502;Santo Antônio;RN;23964
2411601;São Bento do Norte;RN;12073
2411700;São Bento do Trairí;RN;12130
2411809;São Fernando;RN;2716
2411908;São Francisco do Oeste;RN;3230
2412005;São Gonçalo do Amarante;RN;98955
2412104;São João do Sabugi;RN;7700
2412203;São José de Mipibu;RN;3993
2412302;São José do Campestre;RN;45199
2412401;São José do Seridó;RN;12767
2412500;São Miguel;RN;17687
2412559;São Miguel do Gostoso;RN;8045
2412609;São Paulo do Potengi;RN;6595
2412708;São Pedro;RN;7770
2412807;São Rafael;RN;2046
2412906;São Tomé;RN;8501
2413003;São Vicente;RN;12968
2413102;Senador Elói de Souza;RN;71692
2413201;Senador Georgino Avelino;RN;10293
2410306;Serra Caiada;RN;800
2413300;Serra de São Bento;RN;8444
2413359;Serra do Mel;RN;132113
2413409;Serra Negra do Norte;RN;24285
2413508;Serrinha;RN;3838
2413557;Serrinha dos Pintos;RN;17941
2413607;Severiano Melo;RN;4140
2413706;Sítio Novo;RN;2112
2413805;Taboleiro Grande;RN;6383
2413904;Taipu;RN;10356
2414001;Tangará;RN;1194
2414100;Tenente Ananias;RN;2645
2414159;Tenente Laurentino Cruz;RN;9471
2411056;Tibau;RN;5977
2414209;Tibau do Sul;RN;14457
2414308;Timbaúba dos Batistas;RN;2461
2414407;Touros;RN;20541
2414456;Triunfo Potiguar;RN;2547
2414506;Umarizal;RN;57047
2414605;Upanema;RN;1418
2414704;Várzea;RN;2815
2414753;Venha-Ver;RN;14820
2414803;Vera Cruz;RN;58413
2414902;Viçosa;RN;13242
2415008;Vila Flor;RN;17392
1100015;Alta Floresta D'Oeste;RO;8178
1100379;Alto Alegre dos Parecis;RO;14751
1100403;Alto Paraíso;RO;6668
1100346;Alvorada D'Oeste;RO;6196
1100023;Ariquemes;RO;39347
1100452;Buritis;RO;7352
1100031;Cabixi;RO;35945
1100601;Cacaulândia;RO;6040
1100049;Cacoal;RO;35041
1100700;Campo Novo de Rondônia;RO;14775
1100809;Candeias do Jamari;RO;63584
1100908;Castanheiras;RO;36110
1100056;Cerejeiras;RO;63584
1100924;Chupinguaia;RO;11015
1100064;Colorado do Oeste;RO;26903
1100072;Corumbiara;RO;8596
1100080;Costa Marques;RO;16047
1100940;Cujubim;RO;18957
1100098;Espigão D'Oeste;RO;11382
1101005;Governador Jorge Teixeira;RO;6642
1100106;Guajará-Mirim;RO;5342
1101104;Itapuã do Oeste;RO;1929
1100114;Jaru;RO;7913
1100122;Ji-Paraná;RO;50437
1100130;Machadinho D'Oeste;RO;4359
1101203;Ministro Andreazza;RO;5616
1101302;Mirante da Serra;RO;63584
1101401;Monte Negro;RO;12558
1100148;Nova Brasilândia D'Oeste;RO;36004
1100338;Nova Mamoré;RO;51266
1101435;Nova União;RO;52419
1100502;Novo Horizonte do Oeste;RO;4740
1100155;Ouro Preto do Oeste;RO;19616
1101450;Parecis;RO;4265
1100189;Pimenta Bueno;RO;63584
1101468;Pimenteiras do Oeste;RO;4376
1100205;Porto Velho;RO;410562
1100254;Presidente Médici;RO;8051
1101476;Primavera de Rondônia;RO;4875
1100262;Rio Crespo;RO;63584
1100288;Rolim de Moura;RO;63584
1100296;Santa Luzia D'Oeste;RO;14987
1101484;São Felipe D'Oeste;RO;5918
1101492;São Francisco do Guaporé;RO;2159
1100320;São Miguel do Guaporé;RO;19336
1101500;Seringueiras;RO;17859
1101559;Teixeirópolis;RO;12355
1101609;Theobroma;RO;32266
1101708;Urupá;RO;39063
1101757;Vale do Anari;RO;36085
1101807;Vale do Paraíso;RO;17863
1100304;Vilhena;RO;7529
1400050;Alto Alegre;RR;35428
1400027;Amajari;RR;35428
1400100;Boa Vista;RR;140720
1400159;Bonfim;RR;35428
1400175;Cantá;RR;35428
1400209;Caracaraí;RR;35428
1400233;Caroebe;RR;35428
1400282;Iracema;RR;35428
1400308;Mucajaí;RR;35428
1400407;Normandia;RR;35428
1400456;Pacaraima;RR;35428
1400472;Rorainópolis;RR;35428
1400506;São João da Baliza;RR;35428
1400605;São Luiz;RR;35428
1400704;Uiramutã;RR;35428
4300034;Aceguá;RS;8643
4300059;Água Santa;RS;5448
4300109;Agudo;RS;3030
4300208;Ajuricaba;RS;16501
4300307;Alecrim;RS;29691
4300406;Alegrete;RS;7203
4300455;Alegria;RS;32098
4300471;Almirante Tamandaré do Sul;RS;872
4300505;Alpestre;RS;7164
4300554;Alto Alegre;RS;7286
4300570;Alto Feliz;RS;3423
4300604;Alvorada;RS;104830
4300638;Amaral Ferrador;RS;7080
4300646;Ametista do Sul;RS;4863
4300661;André da Rocha;RS;7835
4300703;Anta Gorda;RS;841
4300802;Antônio Prado;RS;3301
4300851;Arambaré;RS;22458
4300877;Araricá;RS;3812
4300901;Aratiba;RS;3060
4301008;Arroio do Meio;RS;32155
4301073;Arroio do Padre;RS;33261
4301057;Arroio do Sal;RS;13447
4301206;Arroio do Tigre;RS;4616
4301107;Arroio dos Ratos;RS;5851
4301305;Arroio Grande;RS;3144
4301404;Arvorezinha;RS;2549
4301503;Augusto Pestana;RS;2414
4301552;Áurea;RS;3858
4301602;Bagé;RS;2440
4301636;Balneário Pinhal;RS;1363
4301651;Barão;RS;9693
4301701;Barão de Cotegipe;RS;9857
4301750;Barão do Triunfo;RS;49450
4301859;Barra do Guarita;RS;3651
4301875;Barra do Quaraí;RS;10547
4301909;Barra do Ribeiro;RS;10741
4301925;Barra do Rio Azul;RS;5760
4301958;Barra Funda;RS;17268
4301800;Barracão;RS;17865
4302006;Barros Cassal;RS;10916
4302055;Benjamin Constant do Sul;RS;5748
4302105;Bento Gonçalves;RS;5139
4302154;Boa Vista das Missões;RS;1691
4302204;Boa Vista do Buricá;RS;3138
4302220;Boa Vista do Cadeado;RS;3842
4302238;Boa Vista do Incra;RS;2212
4302253;Boa Vista do Sul;RS;12354
4302303;Bom Jesus;RS;28400
4302352;Bom Princípio;RS;2804
4302378;Bom Progresso;RS;10401
4302402;Bom Retiro do Sul;RS;2441
4302451;Boqueirão do Leão;RS;5445
4302501;Bossoroca;RS;3563
4302584;Bozano;RS;14764
4302600;Braga;RS;3609
4302659;Brochier;RS;23171
4302709;Butiá;RS;5811
4302808;Caçapava do Sul;RS;3727
4302907;Cacequi;RS;1918
4303004;Cachoeira do Sul;RS;10060
4303103;Cachoeirinha;RS;20386
4303202;Cacique Doble;RS;10286
4303301;Caibaté;RS;89372
4303400;Caiçara;RS;36703
4303509;Camaquã;RS;5429
4303558;Camargo;RS;5367
4303608;Cambará do Sul;RS;12766
4303673;Campestre da Serra;RS;3029
4303707;Campina das Missões;RS;27468
4303806;Campinas do Sul;RS;11335
4303905;Campo Bom;RS;10097
4304002;Campo Novo;RS;16212
4304101;Campos Borges;RS;50663
4304200;Candelária;RS;9190
4304309;Cândido Godói;RS;6724
4304358;Candiota;RS;40032
4304408;Canela;RS;22074
4304507;Canguçu;RS;5350
4304606;Canoas;RS;7658
4304614;Canudos do Vale;RS;9441
4304622;Capão Bonito do Sul;RS;11337
4304630;Capão da Canoa;RS;1712
4304655;Capão do Cipó;RS;1396
4304663;Capão do Leão;RS;2869
4304689;Capela de Santana;RS;2635
4304697;Capitão;RS;3750
4304671;Capivari do Sul;RS;15306
4304713;Caraá;RS;6323
4304705;Carazinho;RS;9451
4304804;Carlos Barbosa;RS;1981
4304853;Carlos Gomes;RS;4583
4304903;Casca;RS;14528
4304952;Caseiros;RS;14651
4305009;Catuípe;RS;3432
4305108;Caxias do Sul;RS;9097
4305116;Centenário;RS;85526
4305124;Cerrito;RS;7469
4305132;Cerro Branco;RS;3552
4305157;Cerro Grande;RS;6290
4305173;Cerro Grande do Sul;RS;8427
4305207;Cerro Largo;RS;6448
4305306;Chapada;RS;7357
4305355;Charqueadas;RS;1556
4305371;Charrua;RS;2641
4305405;Chiapetta;RS;6461
4305439;Chuí;RS;6349
4305447;Chuvisca;RS;4085
4305454;Cidreira;RS;6267
4305504;Ciríaco;RS;8143
4305587;Colinas;RS;20256
4305603;Colorado;RS;6828
4305702;Condor;RS;11812
4305801;Constantina;RS;4197
4305835;Coqueiro Baixo;RS;14288
4305850;Coqueiros do Sul;RS;11512
4305871;Coronel Barros;RS;19737
4305900;Coronel Bicaco;RS;16691
4305934;Coronel Pilar;RS;14552
4305959;Cotiporã;RS;6833
4305975;Coxilha;RS;9969
4306007;Crissiumal;RS;24531
4306056;Cristal;RS;3717
4306072;Cristal do Sul;RS;3815
4306106;Cruz Alta;RS;9297
4306130;Cruzaltense;RS;12024
4306205;Cruzeiro do Sul;RS;3076
4306304;David Canabarro;RS;7014
4306320;Derrubadas;RS;6867
4306353;Dezesseis de Novembro;RS;800
4306379;Dilermando de Aguiar;RS;5981
4306403;Dois Irmãos;RS;6405
4306429;Dois Irmãos das Missões;RS;6384
4306452;Dois Lajeados;RS;36147
4306502;Dom Feliciano;RS;1999
4306601;Dom Pedrito;RS;3074
4306551;Dom Pedro de Alcântara;RS;800
4306700;Dona Francisca;RS;4487
4306734;Doutor Maurício Cardoso;RS;4928
4306759;Doutor Ricardo;RS;4345
4306767;Eldorado do Sul;RS;25753
4306809;Encantado;RS;19624
4306908;Encruzilhada do Sul;RS;8296
4306924;Engenho Velho;RS;5065
4306957;Entre Rios do Sul;RS;23545
4306932;Entre-Ijuís;RS;7451
4306973;Erebango;RS;3096
4307005;Erechim;RS;1153
4307054;Ernestina;RS;4686
4307203;Erval Grande;RS;17465
4307302;Erval Seco;RS;93157
4307401;Esmeralda;RS;8149
4307450;Esperança do Sul;RS;3281
4307500;Espumoso;RS;2068
4307559;Estação;RS;13975
4307609;Estância Velha;RS;1093
4307708;Esteio;RS;13950
4307807;Estrela;RS;18720
4307815;Estrela Velha;RS;12305
4307831;Eugênio de Castro;RS;5980
4307864;Fagundes Varela;RS;14176
4307906;Farroupilha;RS;9190
4308003;Faxinal do Soturno;RS;3235
4308052;Faxinalzinho;RS;58297
4308078;Fazenda Vilanova;RS;5172
4308102;Feliz;RS;17875
4308201;Flores da Cunha;RS;800
4308250;Floriano Peixoto;RS;31007
4308300;Fontoura Xavier;RS;38311
4308409;Formigueiro;RS;7869
4308433;Forquetinha;RS;14080
4308458;Fortaleza dos Valos;RS;14076
4308508;Frederico Westphalen;RS;3755
4308607;Garibaldi;RS;13901
4308656;Garruchos;RS;3129
4308706;Gaurama;RS;3898
4308805;General Câmara;RS;26304
4308854;Gentil;RS;22247
4308904;Getúlio Vargas;RS;3501
4309001;Giruá;RS;3398
4309050;Glorinha;RS;3743
4309100;Gramado;RS;17047
4309126;Gramado dos Loureiros;RS;2535
4309159;Gramado Xavier;RS;11274
4309209;Gravataí;RS;17316
4309258;Guabiju;RS;6910
4309308;Guaíba;RS;23131
4309407;Guaporé;RS;5449
4309506;Guarani das Missões;RS;6019
4309555;Harmonia;RS;2599
4307104;Herval;RS;23312
4309571;Herveiras;RS;3277
4309605;Horizontina;RS;11188
4309654;Hulha Negra;RS;7040
4309704;Humaitá;RS;2392
4309753;Ibarama;RS;3896
4309803;Ibiaçá;RS;34857
4309902;Ibiraiaras;RS;9506
4309951;Ibirapuitã;RS;2509
4310009;Ibirubá;RS;10654
4310108;Igrejinha;RS;6484
4310207;Ijuí;RS;340203
4310306;Ilópolis;RS;10420
4310330;Imbé;RS;5010
4310363;Imigrante;RS;36311
4310405;Independência;RS;1005
4310413;Inhacorá;RS;8447
4310439;Ipê;RS;68304
4310462;Ipiranga do Sul;RS;6701
4310504;Iraí;RS;1131
4310538;Itaara;RS;4926
4310553;Itacurubi;RS;37715
4310579;Itapuca;RS;11516
4310603;Itaqui;RS;3026
4310652;Itati;RS;3583
4310702;Itatiba do Sul;RS;4114
4310751;Ivorá;RS;11329
4310801;Ivoti;RS;33185
4310850;Jaboticaba;RS;24234
4310876;Jacuizinho;RS;12575
4310900;Jacutinga;RS;1760
4311007;Jaguarão;RS;1767
4311106;Jaguari;RS;13690
4311122;Jaquirana;RS;1733
4311130;Jari;RS;5942
4311155;Jóia;RS;10640
4311205;Júlio de Castilhos;RS;2179
4311239;Lagoa Bonita do Sul;RS;2468
4311270;Lagoa dos Três Cantos;RS;6866
4311304;Lagoa Vermelha;RS;13251
4311254;Lagoão;RS;24478
4311403;Lajeado;RS;14848
4311429;Lajeado do Bugre;RS;8257
4311502;Lavras do Sul;RS;3351
4311601;Liberato Salzano;RS;2345
4311627;Lindolfo Collor;RS;4341
4311643;Linha Nova;RS;11953
4311718;Maçambará;RS;11027
4311700;Machadinho;RS;800
4311734;Mampituba;RS;3209
4311759;Manoel Viana;RS;28647
4311775;Maquiné;RS;8308
4311791;Maratá;RS;1602
4311809;Marau;RS;101646
4311908;Marcelino Ramos;RS;7376
4311981;Mariana Pimentel;RS;11622
4312005;Mariano Moro;RS;11817
4312054;Marques de Souza;RS;5082
4312104;Mata;RS;3420
4312138;Mato Castelhano;RS;78566
4312153;Mato Leitão;RS;22957
4312179;Mato Queimado;RS;18807
4312203;Maximiliano de Almeida;RS;14354
4312252;Minas do Leão;RS;2526
4312302;Miraguaí;RS;31043
4312351;Montauri;RS;3012
4312377;Monte Alegre dos Campos;RS;10399
4312385;Monte Belo do Sul;RS;1255
4312401;Montenegro;RS;807
4312427;Mormaço;RS;10807
4312443;Morrinhos do Sul;RS;3127
4312450;Morro Redondo;RS;854
4312476;Morro Reuter;RS;13801
4312500;Mostardas;RS;78428
4312609;Muçum;RS;35114
4312617;Muitos Capões;RS;5738
4312625;Muliterno;RS;7689
4312658;Não-Me-Toque;RS;20218
4312674;Nicolau Vergueiro;RS;26165
4312708;Nonoai;RS;5218
4312757;Nova Alvorada;RS;7907
4312807;Nova Araçá;RS;10599
4312906;Nova Bassano;RS;14004
4312955;Nova Boa Vista;RS;6578
4313003;Nova Bréscia;RS;6673
4313011;Nova Candelária;RS;34741
4313037;Nova Esperança do Sul;RS;28805
4313060;Nova Hartz;RS;12874
4313086;Nova Pádua;RS;50456
4313102;Nova Palma;RS;4978
4313201;Nova Petrópolis;RS;45393
4313300;Nova Prata;RS;13830
4313334;Nova Ramada;RS;278167
4313359;Nova Roma do Sul;RS;2051
4313375;Nova Santa Rita;RS;3567
4313490;Novo Barreiro;RS;12071
4313391;Novo Cabrais;RS;11788
4313409;Novo Hamburgo;RS;65056
4313425;Novo Machado;RS;3651
4313441;Novo Tiradentes;RS;20604
4313466;Novo Xingu;RS;27352
4313508;Osório;RS;16530
4313607;Paim Filho;RS;2646
4313656;Palmares do Sul;RS;35824
4313706;Palmeira das Missões;RS;29440
4313805;Palmitinho;RS;14726
4313904;Panambi;RS;9534
4313953;Pantano Grande;RS;9765
4314001;Paraí;RS;6983
4314027;Paraíso do Sul;RS;15409
4314035;Pareci Novo;RS;7880
4314050;Parobé;RS;2994
4314068;Passa Sete;RS;2403
4314076;Passo do Sobrado;RS;3330
4314100;Passo Fundo;RS;9722
4314134;Paulo Bento;RS;7392
4314159;Paverama;RS;9650
4314175;Pedras Altas;RS;13210
4314209;Pedro Osório;RS;3819
4314308;Pejuçara;RS;38180
4314407;Pelotas;RS;5672
4314423;Picada Café;RS;4727
4314456;Pinhal;RS;12945
4314464;Pinhal da Serra;RS;1010
4314472;Pinhal Grande;RS;3192
4314498;Pinheirinho do Vale;RS;22405
4314506;Pinheiro Machado;RS;1126
4314548;Pinto Bandeira;RS;26035
4314555;Pirapó;RS;40139
4314605;Piratini;RS;5072
4314704;Planalto;RS;10497
4314753;Poço das Antas;RS;26078
4314779;Pontão;RS;4557
4314787;Ponte Preta;RS;19779
4314803;Portão;RS;3639
4314902;Porto Alegre;RS;3786529
4315008;Porto Lucena;RS;3161
4315057;Porto Mauá;RS;11101
4315073;Porto Vera Cruz;RS;27217
4315107;Porto Xavier;RS;6219
4315131;Pouso Novo;RS;1881
4315149;Presidente Lucena;RS;2314
4315156;Progresso;RS;11753
4315172;Protásio Alves;RS;57894
4315206;Putinga;RS;11742
4315305;Quaraí;RS;4975
4315313;Quatro Irmãos;RS;17688
4315321;Quevedos;RS;5851
4315354;Quinze de Novembro;RS;5023
4315404;Redentora;RS;2653
4315453;Relvado;RS;35851
4315503;Restinga Sêca;RS;800
4315552;Rio dos Índios;RS;18315
4315602;Rio Grande;RS;4572
4315701;Rio Pardo;RS;4849
4315750;Riozinho;RS;48991
4315800;Roca Sales;RS;3471
4315909;Rodeio Bonito;RS;3604
4315958;Rolador;RS;6597
4316006;Rolante;RS;12005
4316105;Ronda Alta;RS;4684
4316204;Rondinha;RS;1348
4316303;Roque Gonzales;RS;2938
4316402;Rosário do Sul;RS;31173
4316428;Sagrada Família;RS;8268
4316436;Saldanha Marinho;RS;12507
4316451;Salto do Jacuí;RS;5712
4316477;Salvador das Missões;RS;3686
4316501;Salvador do Sul;RS;48203
4316600;Sananduva;RS;6191
4317103;Sant'Ana do Livramento;RS;4676
4316709;Santa Bárbara do Sul;RS;25428
4316733;Santa Cecília do Sul;RS;3440
4316758;Santa Clara do Sul;RS;3959
4316808;Santa Cruz do Sul;RS;7701
4316972;Santa Margarida do Sul;RS;7617
4316907;Santa Maria;RS;10132
4316956;Santa Maria do Herval;RS;76015
4317202;Santa Rosa;RS;11023
4317251;Santa Tereza;RS;800
4317301;Santa Vitória do Palmar;RS;10903
4317004;Santana da Boa Vista;RS;7939
4317400;Santiago;RS;7988
4317509;Santo Ângelo;RS;9981
4317608;Santo Antônio da Patrulha;RS;7378
4317707;Santo Antônio das Missões;RS;7187
4317558;Santo Antônio do Palma;RS;14946
4317756;Santo Antônio do Planalto;RS;4195
4317806;Santo Augusto;RS;2685
4317905;Santo Cristo;RS;211929
4317954;Santo Expedito do Sul;RS;3465
4318002;São Borja;RS;8502
4318051;São Domingos do Sul;RS;1469
4318101;São Francisco de Assis;RS;8656
4318200;São Francisco de Paula;RS;2728
4318309;São Gabriel;RS;4680
4318408;São Jerônimo;RS;24039
4318424;São João da Urtiga;RS;12798
4318432;São João do Polêsine;RS;14230
4318440;São Jorge;RS;1085
4318457;São José das Missões;RS;57436
4318465;São José do Herval;RS;2052
4318481;São José do Hortêncio;RS;40915
4318499;São José do Inhacorá;RS;23425
4318507;São José do Norte;RS;14370
4318606;São José do Ouro;RS;2973
4318614;São José do Sul;RS;8997
4318622;São José dos Ausentes;RS;4536
4318705;São Leopoldo;RS;7862
4318804;São Lourenço do Sul;RS;5785
4318903;São Luiz Gonzaga;RS;809
4319000;São Marcos;RS;26155
4319109;São Martinho;RS;6965
4319125;São Martinho da Serra;RS;4467
4319158;São Miguel das Missões;RS;4111
4319208;São Nicolau;RS;11295
4319307;São Paulo das Missões;RS;2849
4319356;São Pedro da Serra;RS;800
4319364;São Pedro das Missões;RS;11917
4319372;São Pedro do Butiá;RS;13479
4319406;São Pedro do Sul;RS;6113
4319505;São Sebastião do Caí;RS;2154
4319604;São Sepé;RS;8397
4319703;São Valentim;RS;1521
4319711;São Valentim do Sul;RS;2460
4319737;São Valério do Sul;RS;3335
4319752;São Vendelino;RS;19268
4319802;São Vicente do Sul;RS;5110
4319901;Sapiranga;RS;4653
4320008;Sapucaia do Sul;RS;65382
4320107;Sarandi;RS;11221
4320206;Seberi;RS;11056
4320230;Sede Nova;RS;5070
4320263;Segredo;RS;3951
4320305;Selbach;RS;800
4320321;Senador Salgado Filho;RS;22103
4320354;Sentinela do Sul;RS;12469
4320404;Serafina Corrêa;RS;6253
4320453;Sério;RS;6548
4320503;Sertão;RS;17113
4320552;Sertão Santana;RS;1377
4320578;Sete de Setembro;RS;3980
4320602;Severiano de Almeida;RS;2182
4320651;Silveira Martins;RS;53450
4320677;Sinimbu;RS;19952
4320701;Sobradinho;RS;800
4320800;Soledade;RS;1440
4320859;Tabaí;RS;6583
4320909;Tapejara;RS;4529
4321006;Tapera;RS;1774
4321105;Tapes;RS;64672
4321204;Taquara;RS;10739
4321303;Taquari;RS;12838
4321329;Taquaruçu do Sul;RS;3557
4321352;Tavares;RS;16854
4321402;Tenente Portela;RS;5011
4321436;Terra de Areia;RS;5576
4321451;Teutônia;RS;14912
4321469;Tio Hugo;RS;1269
4321477;Tiradentes do Sul;RS;44116
4321493;Toropi;RS;9307
4321501;Torres;RS;31160
4321600;Tramandaí;RS;2333
4321626;Travesseiro;RS;2758
4321634;Três Arroios;RS;2121
4321667;Três Cachoeiras;RS;10028
4321709;Três Coroas;RS;8188
4321808;Três de Maio;RS;4569
4321832;Três Forquilhas;RS;2496
4321857;Três Palmeiras;RS;1890
4321907;Três Passos;RS;7219
4321956;Trindade do Sul;RS;4563
4322004;Triunfo;RS;3582
4322103;Tucunduva;RS;41758
4322152;Tunas;RS;6956
4322186;Tupanci do Sul;RS;30788
4322202;Tupanciretã;RS;4236
4322251;Tupandi;RS;9968
4322301;Tuparendi;RS;7164
4322327;Turuçu;RS;1177
4322343;Ubiretama;RS;36645
4322350;União da Serra;RS;6563
4322376;Unistalda;RS;17308
4322400;Uruguaiana;RS;3330
4322509;Vacaria;RS;6352
4322533;Vale do Sol;RS;2935
4322541;Vale Real;RS;29657
4322525;Vale Verde;RS;10726
4322558;Vanini;RS;11403
4322608;Venâncio Aires;RS;33923
4322707;Vera Cruz;RS;27169
4322806;Veranópolis;RS;17672
4322855;Vespasiano Corrêa;RS;1594
4322905;Viadutos;RS;3543
4323002;Viamão;RS;2524
4323101;Vicente Dutra;RS;16952
4323200;Victor Graeff;RS;9187
4323309;Vila Flores;RS;1650
4323358;Vila Lângaro;RS;6187
4323408;Vila Maria;RS;1472
4323457;Vila Nova do Sul;RS;7182
4323507;Vista Alegre;RS;1233
4323606;Vista Alegre do Prata;RS;13624
4323705;Vista Gaúcha;RS;11540
4323754;Vitória das Missões;RS;62106
4323770;Westfália;RS;19351
4323804;Xangri-lá;RS;4782
4200051;Abdon Batista;SC;2207
4200101;Abelardo Luz;SC;3562
4200200;Agrolândia;SC;14813
4200309;Agronômica;SC;956
4200408;Água Doce;SC;9857
4200507;Águas de Chapecó;SC;3343
4200556;Águas Frias;SC;11478
4200606;Águas Mornas;SC;3138
4200705;Alfredo Wagner;SC;16374
4200754;Alto Bela Vista;SC;10489
4200804;Anchieta;SC;47915
4200903;Angelina;SC;10344
4201000;Anita Garibaldi;SC;4408
4201109;Anitápolis;SC;7826
4201208;Antônio Carlos;SC;2341
4201257;Apiúna;SC;16051
4201273;Arabutã;SC;19646
4201307;Araquari;SC;155267
4201406;Araranguá;SC;5181
4201505;Armazém;SC;7648
4201604;Arroio Trinta;SC;5450
4201653;Arvoredo;SC;12966
4201703;Ascurra;SC;15625
4201802;Atalanta;SC;9682
4201901;Aurora;SC;33919
4201950;Balneário Arroio do Silva;SC;5209
4202057;Balneário Barra do Sul;SC;30381
4202008;Balneário Camboriú;SC;18567
4202073;Balneário Gaivota;SC;10133
4212809;Balneário Piçarras;SC;7262
4220000;Balneário Rincão;SC;148171
4202081;Bandeirante;SC;4180
4202099;Barra Bonita;SC;14250
4202107;Barra Velha;SC;4499
4202131;Bela Vista do Toldo;SC;73201
4202156;Belmonte;SC;27236
4202206;Benedito Novo;SC;4869
4202305;Biguaçu;SC;18045
4202404;Blumenau;SC;13633
4202438;Bocaina do Sul;SC;5817
4202503;Bom Jardim da Serra;SC;23642
4202537;Bom Jesus;SC;15757
4202578;Bom Jesus do Oeste;SC;13018
4202602;Bom Retiro;SC;9805
4202453;Bombinhas;SC;16497
4202701;Botuverá;SC;13215
4202800;Braço do Norte;SC;10958
4202859;Braço do Trombudo;SC;5073
4202875;Brunópolis;SC;66166
4202909;Brusque;SC;3234
4203006;Caçador;SC;16435
4203105;Caibi;SC;7219
4203154;Calmon;SC;71132
4203204;Camboriú;SC;3801
4203303;Campo Alegre;SC;4573
4203402;Campo Belo do Sul;SC;3533
4203501;Campo Erê;SC;14656
4203600;Campos Novos;SC;2267
4203709;Canelinha;SC;6066
4203808;Canoinhas;SC;962
4203253;Capão Alto;SC;13376
4203907;Capinzal;SC;5923
4203956;Capivari de Baixo;SC;1998
4204004;Catanduvas;SC;33893
4204103;Caxambu do Sul;SC;2437
4204152;Celso Ramos;SC;24672
4204178;Cerro Negro;SC;4749
4204194;Chapadão do Lageado;SC;59785
4204202;Chapecó;SC;23419
4204251;Cocal do Sul;SC;3388
4204301;Concórdia;SC;3744
4204350;Cordilheira Alta;SC;19988
4204400;Coronel Freitas;SC;7694
4204459;Coronel Martins;SC;8523
4204558;Correia Pinto;SC;41616
4204509;Corupá;SC;4506
4204608;Criciúma;SC;11353
4204707;Cunha Porã;SC;29345
4204756;Cunhataí;SC;25005
4204806;Curitibanos;SC;8615
4204905;Descanso;SC;7473
4205001;Dionísio Cerqueira;SC;1516
4205100;Dona Emma;SC;3213
4205159;Doutor Pedrinho;SC;14574
4205175;Entre Rios;SC;8823
4205191;Ermo;SC;11150
4205209;Erval Velho;SC;32208
4205308;Faxinal dos Guedes;SC;2781
4205357;Flor do Sertão;SC;7919
4205407;Florianópolis;SC;2254754
4205431;Formosa do Sul;SC;4733
4205456;Forquilhinha;SC;49583
4205506;Fraiburgo;SC;27896
4205555;Frei Rogério;SC;14128
4205605;Galvão;SC;73898
4205704;Garopaba;SC;1974
4205803;Garuva;SC;10181
4205902;Gaspar;SC;15364
4206009;Governador Celso Ramos;SC;3755
4206108;Grão Pará;SC;14294
4206207;Gravatal;SC;3040
4206306;Guabiruba;SC;21947
4206405;Guaraciaba;SC;32873
4206504;Guaramirim;SC;13854
4206603;Guarujá do Sul;SC;1338
4206652;Guatambú;SC;3545
4206702;Herval d'Oeste;SC;19110
4206751;Ibiam;SC;10510
4206801;Ibicaré;SC;800
4206900;Ibirama;SC;40292
4207007;Içara;SC;11934
4207106;Ilhota;SC;4171
4207205;Imaruí;SC;30676
4207304;Imbituba;SC;4873
4207403;Imbuia;SC;4815
4207502;Indaial;SC;15229
4207577;Iomerê;SC;72833
4207601;Ipira;SC;61251
4207650;Iporã do Oeste;SC;15252
4207684;Ipuaçu;SC;17076
4207700;Ipumirim;SC;24525
4207759;Iraceminha;SC;2576
4207809;Irani;SC;20855
4207858;Irati;SC;4579
4207908;Irineópolis;SC;14576
4208005;Itá;SC;7995
4208104;Itaiópolis;SC;17821
4208203;Itajaí;SC;11692
4208302;Itapema;SC;800
4208401;Itapiranga;SC;12501
4208450;Itapoá;SC;20809
4208500;Ituporanga;SC;16769
4208609;Jaborá;SC;9172
4208708;Jacinto Machado;SC;62515
4208807;Jaguaruna;SC;14462
4208906;Jaraguá do Sul;SC;16618
4208955;Jardinópolis;SC;32394
4209003;Joaçaba;SC;15300
4209102;Joinville;SC;3824
4209151;José Boiteux;SC;800
4209177;Jupiá;SC;6075
4209201;Lacerdópolis;SC;23714
4209300;Lages;SC;6963
4209409;Laguna;SC;24787
4209458;Lajeado Grande;SC;12093
4209508;Laurentino;SC;42347
4209607;Lauro Muller;SC;7421
4209706;Lebon Régis;SC;17174
4209805;Leoberto Leal;SC;17913
4209854;Lindóia do Sul;SC;53559
4209904;Lontras;SC;1571
4210001;Luiz Alves;SC;6201
4210035;Luzerna;SC;26112
4210050;Macieira;SC;56234
4210100;Mafra;SC;13371
4210209;Major Gercino;SC;7441
4210308;Major Vieira;SC;23614
4210407;Maracajá;SC;26698
4210506;Maravilha;SC;6913
4210555;Marema;SC;14767
4210605;Massaranduba;SC;37623
4210704;Matos Costa;SC;82149
4210803;Meleiro;SC;23240
4210852;Mirim Doce;SC;10779
4210902;Modelo;SC;9675
4211009;Mondaí;SC;18957
4211058;Monte Carlo;SC;9041
4211108;Monte Castelo;SC;12650
4211207;Morro da Fumaça;SC;3207
4211256;Morro Grande;SC;42768
4211306;Navegantes;SC;2929
4211405;Nova Erechim;SC;6383
4211454;Nova Itaberaba;SC;11432
4211504;Nova Trento;SC;91754
4211603;Nova Veneza;SC;6450
4211652;Novo Horizonte;SC;4935
4211702;Orleans;SC;5602
4211751;Otacílio Costa;SC;63677
4211801;Ouro;SC;800
4211850;Ouro Verde;SC;3408
4211876;Paial;SC;207151
4211892;Painel;SC;19668
4211900;Palhoça;SC;3042
4212007;Palma Sola;SC;9805
4212056;Palmeira;SC;11059
4212106;Palmitos;SC;26044
4212205;Papanduva;SC;77671
4212239;Paraíso;SC;15744
4212254;Passo de Torres;SC;5670
4212270;Passos Maia;SC;24406
4212304;Paulo Lopes;SC;4763
4212403;Pedras Grandes;SC;3295
4212502;Penha;SC;1482
4212601;Peritiba;SC;1836
4212650;Pescaria Brava;SC;3830
4212700;Petrolândia;SC;2811
4212908;Pinhalzinho;SC;14492
4213005;Pinheiro Preto;SC;2745
4213104;Piratuba;SC;800
4213153;Planalto Alegre;SC;3257
4213203;Pomerode;SC;6110
4213302;Ponte Alta;SC;5275
4213351;Ponte Alta do Norte;SC;54626
4213401;Ponte Serrada;SC;5229
4213500;Porto Belo;SC;27060
4213609;Porto União;SC;10056
4213708;Pouso Redondo;SC;9801
4213807;Praia Grande;SC;4096
4213906;Presidente Castello Branco;SC;9625
4214003;Presidente Getúlio;SC;4426
4214102;Presidente Nereu;SC;12380
4214151;Princesa;SC;7918
4214201;Quilombo;SC;3633
4214300;Rancho Queimado;SC;30573
4214409;Rio das Antas;SC;16421
4214508;Rio do Campo;SC;6272
4214607;Rio do Oeste;SC;12050
4214805;Rio do Sul;SC;9364
4214706;Rio dos Cedros;SC;3954
4214904;Rio Fortuna;SC;11096
4215000;Rio Negrinho;SC;5186
4215059;Rio Rufino;SC;3631
4215075;Riqueza;SC;1723
4215109;Rodeio;SC;6921
4215208;Romelândia;SC;19158
4215307;Salete;SC;4782
4215356;Saltinho;SC;164319
4215406;Salto Veloso;SC;27202
4215455;Sangão;SC;43112
4215505;Santa Cecília;SC;24626
4215554;Santa Helena;SC;78821
4215604;Santa Rosa de Lima;SC;4320
4215653;Santa Rosa do Sul;SC;800
4215679;Santa Terezinha;SC;6286
4215687;Santa Terezinha do Progresso;SC;18974
4215695;Santiago do Sul;SC;12130
4215703;Santo Amaro da Imperatriz;SC;13902
4215802;São Bento do Sul;SC;43905
4215752;São Bernardino;SC;15632
4215901;São Bonifácio;SC;24725
4216008;São Carlos;SC;3653
4216057;São Cristovão do Sul;SC;3077
4216107;São Domingos;SC;60616
4216206;São Francisco do Sul;SC;11473
4216305;São João Batista;SC;5173
4216354;São João do Itaperiú;SC;5184
4216255;São João do Oeste;SC;5028
4216404;São João do Sul;SC;4708
4216503;São Joaquim;SC;2503
4216602;São José;SC;1971
4216701;São José do Cedro;SC;8286
4216800;São José do Cerrito;SC;5348
4216909;São Lourenço do Oeste;SC;34706
4217006;São Ludgero;SC;14174
4217105;São Martinho;SC;13748
4217154;São Miguel da Boa Vista;SC;4534
4217204;São Miguel do Oeste;SC;8988
4217253;São Pedro de Alcântara;SC;15274
4217303;Saudades;SC;22575
4217402;Schroeder;SC;9260
4217501;Seara;SC;33652
4217550;Serra Alta;SC;10359
4217600;Siderópolis;SC;24561
4217709;Sombrio;SC;5991
4217758;Sul Brasil;SC;1398
4217808;Taió;SC;13794
4217907;Tangará;SC;22803
4217956;Tigrinhos;SC;19335
4218004;Tijucas;SC;16337
4218103;Timbé do Sul;SC;6998
4218202;Timbó;SC;4227
4218251;Timbó Grande;SC;18839
4218301;Três Barras;SC;16414
4218350;Treviso;SC;5540
4218400;Treze de Maio;SC;34792
4218509;Treze Tílias;SC;3888
4218608;Trombudo Central;SC;5404
4218707;Tubarão;SC;62122
4218756;Tunápolis;SC;26695
4218806;Turvo;SC;6926
4218855;União do Oeste;SC;14086
4218905;Urubici;SC;12174
4218954;Urupema;SC;800
4219002;Urussanga;SC;3788
4219101;Vargeão;SC;9709
4219150;Vargem;SC;6936
4219176;Vargem Bonita;SC;13475
4219200;Vidal Ramos;SC;35569
4219309;Videira;SC;7209
4219358;Vitor Meireles;SC;3208
4219408;Witmarsum;SC;14678
4219507;Xanxerê;SC;7169
4219606;Xavantina;SC;8648
4219705;Xaxim;SC;7449
4219853;Zortéa;SC;120911
2800100;Amparo de São Francisco;SE;8433
2800209;Aquidabã;SE;12875
2800308;Aracaju;SE;666412
2800407;Arauá;SE;34785
2800506;Areia Branca;SE;31625
2800605;Barra dos Coqueiros;SE;12266
2800670;Boquim;SE;9599
2800704;Brejo Grande;SE;11430
2801009;Campo do Brito;SE;11520
2801108;Canhoba;SE;11860
2801207;Canindé de São Francisco;SE;10513
2801306;Capela;SE;17066
2801405;Carira;SE;29604
2801504;Carmópolis;SE;3340
2801603;Cedro de São João;SE;4070
2801702;Cristinápolis;SE;1889
2801900;Cumbe;SE;33529
2802007;Divina Pastora;SE;17026
2802106;Estância;SE;22537
2802205;Feira Nova;SE;2683
2802304;Frei Paulo;SE;88426
2802403;Gararu;SE;6617
2802502;General Maynard;SE;15555
2802601;Gracho Cardoso;SE;33089
2802700;Ilha das Flores;SE;4365
2802809;Indiaroba;SE;7088
2802908;Itabaiana;SE;15744
2803005;Itabaianinha;SE;88426
2803104;Itabi;SE;18004
2803203;Itaporanga d'Ajuda;SE;75669
2803302;Japaratuba;SE;48697
2803401;Japoatã;SE;19379
2803500;Lagarto;SE;4355
2803609;Laranjeiras;SE;41475
2803708;Macambira;SE;2488
2803807;Malhada dos Bois;SE;75214
2803906;Malhador;SE;16109
2804003;Maruim;SE;800
2804102;Moita Bonita;SE;8889
2804201;Monte Alegre de Sergipe;SE;26542
2804300;Muribeca;SE;9961
2804409;Neópolis;SE;28385
2804458;Nossa Senhora Aparecida;SE;5075
2804508;Nossa Senhora da Glória;SE;3073
2804607;Nossa Senhora das Dores;SE;11951
2804706;Nossa Senhora de Lourdes;SE;13384
2804805;Nossa Senhora do Socorro;SE;8812
2804904;Pacatuba;SE;49869
2805000;Pedra Mole;SE;5074
2805109;Pedrinhas;SE;18244
2805208;Pinhão;SE;13931
2805307;Pirambu;SE;2333
2805406;Poço Redondo;SE;3030
2805505;Poço Verde;SE;13098
2805604;Porto da Folha;SE;88426
2805703;Propriá;SE;24448
2805802;Riachão do Dantas;SE;1937
2805901;Riachuelo;SE;800
2806008;Ribeirópolis;SE;28955
2806107;Rosário do Catete;SE;11629
2806206;Salgado;SE;45366
2806305;Santa Luzia do Itanhy;SE;4907
2806503;Santa Rosa de Lima;SE;19003
2806404;Santana do São Francisco;SE;32791
2806602;Santo Amaro das Brotas;SE;7902
2806701;São Cristóvão;SE;8090
2806800;São Domingos;SE;13292
2806909;São Francisco;SE;23484
2807006;São Miguel do Aleixo;SE;12725
2807105;Simão Dias;SE;37742
2807204;Siriri;SE;7778
2807303;Telha;SE;2999
2807402;Tobias Barreto;SE;88426
2807501;Tomar do Geru;SE;6648
2807600;Umbaúba;SE;6918
3500105;Adamantina;SP;32895
3500204;Adolfo;SP;19967
3500303;Aguaí;SP;29971
3500402;Águas da Prata;SP;29244
3500501;Águas de Lindóia;SP;37030
3500550;Águas de Santa Bárbara;SP;2285
3500600;Águas de São Pedro;SP;241866
3500709;Agudos;SP;25982
3500758;Alambari;SP;57864
3500808;Alfredo Marcondes;SP;6709
3500907;Altair;SP;18198
3501004;Altinópolis;SP;14583
3501103;Alto Alegre;SP;153871
3501152;Alumínio;SP;16039
3501202;Álvares Florence;SP;70338
3501301;Álvares Machado;SP;14939
3501400;Álvaro de Carvalho;SP;18570
3501509;Alvinlândia;SP;23320
3501608;Americana;SP;125418
3501707;Américo Brasiliense;SP;3821
3501806;Américo de Campos;SP;7186
3501905;Amparo;SP;3587
3502002;Analândia;SP;9237
3502101;Andradina;SP;12512
3502200;Angatuba;SP;5173
3502309;Anhembi;SP;13624
3502408;Anhumas;SP;3331
3502507;Aparecida;SP;9971
3502606;Aparecida d'Oeste;SP;114421
3502705;Apiaí;SP;47625
3502754;Araçariguama;SP;37548
3502804;Araçatuba;SP;10139
3502903;Araçoiaba da Serra;SP;5639
3503000;Aramina;SP;8726
3503109;Arandu;SP;29133
3503158;Arapeí;SP;79393
3503208;Araraquara;SP;82436
3503307;Araras;SP;61135
3503356;Arco-Íris;SP;13573
3503406;Arealva;SP;31388
3503505;Areias;SP;21455
3503604;Areiópolis;SP;24486
3503703;Ariranha;SP;287223
3503802;Artur Nogueira;SP;4398
3503901;Arujá;SP;23601
3503950;Aspásia;SP;115855
3504008;Assis;SP;6092
3504107;Atibaia;SP;15049
3504206;Auriflama;SP;17073
3504305;Avaí;SP;23898
3504404;Avanhandava;SP;5280
3504503;Avaré;SP;58805
3504602;Bady Bassitt;SP;63582
3504701;Balbinos;SP;53444
3504800;Bálsamo;SP;11728
3504909;Bananal;SP;33602
3505005;Barão de Antonina;SP;11359
3505104;Barbosa;SP;21191
3505203;Bariri;SP;326436
3505302;Barra Bonita;SP;33943
3505351;Barra do Chapéu;SP;8274
3505401;Barra do Turvo;SP;37255
3505500;Barretos;SP;6906
3505609;Barrinha;SP;8170
3505708;Barueri;SP;9720
3505807;Bastos;SP;18740
3505906;Batatais;SP;85634
3506003;Bauru;SP;57723
3506102;Bebedouro;SP;54310
3506201;Bento de Abreu;SP;9121
3506300;Bernardino de Campos;SP;16844
3506359;Bertioga;SP;41207
3506409;Bilac;SP;15306
3506508;Birigui;SP;22493
3506607;Biritiba-Mirim;SP;49646
3506706;Boa Esperança do Sul;SP;20817
3506805;Bocaina;SP;39177
3506904;Bofete;SP;176165
3507001;Boituva;SP;25289
3507100;Bom Jesus dos Perdões;SP;111798
3507159;Bom Sucesso de Itararé;SP;56527
3507209;Borá;SP;6083
3507308;Boracéia;SP;9089
3507407;Borborema;SP;12213
3507456;Borebi;SP;11931
3507506;Botucatu;SP;27663
3507605;Bragança Paulista;SP;60071
3507704;Braúna;SP;121522
3507753;Brejo Alegre;SP;42880
3507803;Brodowski;SP;18712
3507902;Brotas;SP;3092
3508009;Buri;SP;33018
3508108;Buritama;SP;31430
3508207;Buritizal;SP;37361
3508306;Cabrália Paulista;SP;309910
3508405;Cabreúva;SP;119591
3508504;Caçapava;SP;72456
3508603;Cachoeira Paulista;SP;10603
3508702;Caconde;SP;17377
3508801;Cafelândia;SP;27525
3508900;Caiabu;SP;13020
3509007;Caieiras;SP;52981
3509106;Caiuá;SP;45242
3509205;Cajamar;SP;9228
3509254;Cajati;SP;113968
3509304;Cajobi;SP;34191
3509403;Cajuru;SP;4561
3509452;Campina do Monte Alegre;SP;28874
3509502;Campinas;SP;41627
3509601;Campo Limpo Paulista;SP;89076
3509700;Campos do Jordão;SP;21077
3509809;Campos Novos Paulista;SP;75956
3509908;Cananéia;SP;37535
3509957;Canas;SP;7191
3510005;Cândido Mota;SP;6441
3510104;Cândido Rodrigues;SP;105029
3510153;Canitar;SP;113864
3510203;Capão Bonito;SP;43581
3510302;Capela do Alto;SP;158332
3510401;Capivari;SP;97679
3510500;Caraguatatuba;SP;64807
3510609;Carapicuíba;SP;11212
3510708;Cardoso;SP;205201
3510807;Casa Branca;SP;55111
3510906;Cássia dos Coqueiros;SP;19985
3511003;Castilho;SP;14648
3511102;Catanduva;SP;40523
3511201;Catiguá;SP;4861
3511300;Cedral;SP;65961
3511409;Cerqueira César;SP;10703
3511508;Cerquilho;SP;45929
3511607;Cesário Lange;SP;17213
3511706;Charqueada;SP;22841
3557204;Chavantes;SP;13287
3511904;Clementina;SP;25587
3512001;Colina;SP;244139
3512100;Colômbia;SP;140188
3512209;Conchal;SP;45121
3512308;Conchas;SP;29713
3512407;Cordeirópolis;SP;77327
3512506;Coroados;SP;105888
3512605;Coronel Macedo;SP;12263
3512704;Corumbataí;SP;28057
3512803;Cosmópolis;SP;4118
3512902;Cosmorama;SP;105091
3513009;Cotia;SP;296174
3513108;Cravinhos;SP;33365
3513207;Cristais Paulista;SP;2950
3513306;Cruzália;SP;59692
3513405;Cruzeiro;SP;11301
3513504;Cubatão;SP;14728
3513603;Cunha;SP;60865
3513702;Descalvado;SP;40424
3513801;Diadema;SP;17859
3513850;Dirce Reis;SP;14952
3513900;Divinolândia;SP;35087
3514007;Dobrada;SP;19473
3514106;Dois Córregos;SP;9018
3514205;Dolcinópolis;SP;21191
3514304;Dourado;SP;44388
3514403;Dracena;SP;25116
3514502;Duartina;SP;6453
3514601;Dumont;SP;90685
3514700;Echaporã;SP;1502
3514809;Eldorado;SP;18698
3514908;Elias Fausto;SP;15444
3514924;Elisiário;SP;35960
3514957;Embaúba;SP;56670
3515004;Embu das Artes;SP;105516
3515103;Embu-Guaçu;SP;13954
3515129;Emilianópolis;SP;58245
3515152;Engenheiro Coelho;SP;37895
3515186;Espírito Santo do Pinhal;SP;4649
3515194;Espírito Santo do Turvo;SP;247154
3557303;Estiva Gerbi;SP;6276
3515202;Estrela d'Oeste;SP;48466
3515301;Estrela do Norte;SP;46917
3515350;Euclides da Cunha Paulista;SP;41373
3515400;Fartura;SP;17732
3515608;Fernando Prestes;SP;75898
3515509;Fernandópolis;SP;5490
3515657;Fernão;SP;28418
3515707;Ferraz de Vasconcelos;SP;16431
3515806;Flora Rica;SP;14504
3515905;Floreal;SP;48962
3516002;Flórida Paulista;SP;99948
3516101;Florínia;SP;20944
3516200;Franca;SP;72108
3516309;Francisco Morato;SP;32270
3516408;Franco da Rocha;SP;11443
3516507;Gabriel Monteiro;SP;23004
3516606;Gália;SP;21977
3516705;Garça;SP;14198
3516804;Gastão Vidigal;SP;48948
3516853;Gavião Peixoto;SP;39549
3516903;General Salgado;SP;5311
3517000;Getulina;SP;4967
3517109;Glicério;SP;48743
3517208;Guaiçara;SP;12461
3517307;Guaimbê;SP;42592
3517406;Guaíra;SP;72128
3517505;Guapiaçu;SP;7549
3517604;Guapiara;SP;6467
3517703;Guará;SP;192731
3517802;Guaraçaí;SP;44977
3517901;Guaraci;SP;19264
3518008;Guarani d'Oeste;SP;10936
3518107;Guarantã;SP;17425
3518206;Guararapes;SP;8247
3518305;Guararema;SP;80735
3518404;Guaratinguetá;SP;13001
3518503;Guareí;SP;101728
3518602;Guariba;SP;19663
3518701;Guarujá;SP;9696
3518800;Guarulhos;SP;19115
3518859;Guatapará;SP;1704
3518909;Guzolândia;SP;26751
3519006;Herculândia;SP;25338
3519055;Holambra;SP;75689
3519071;Hortolândia;SP;3836
3519105;Iacanga;SP;109670
3519204;Iacri;SP;75345
3519253;Iaras;SP;121106
3519303;Ibaté;SP;28830
3519402;Ibirá;SP;93196
3519501;Ibirarema;SP;6056
3519600;Ibitinga;SP;66938
3519709;Ibiúna;SP;13081
3519808;Icém;SP;4967
3519907;Iepê;SP;8872
3520004;Igaraçu do Tietê;SP;30738
3520103;Igarapava;SP;12338
3520202;Igaratá;SP;46206
3520301;Iguape;SP;4180
3520426;Ilha Comprida;SP;2944
3520442;Ilha Solteira;SP;138247
3520400;Ilhabela;SP;82566
3520509;Indaiatuba;SP;9633
3520608;Indiana;SP;30451
3520707;Indiaporã;SP;93773
3520806;Inúbia Paulista;SP;48450
3520905;Ipaussu;SP;35962
3521002;Iperó;SP;101910
3521101;Ipeúna;SP;13676
3521150;Ipiguá;SP;31618
3521200;Iporanga;SP;29958
3521309;Ipuã;SP;22632
3521408;Iracemápolis;SP;19898
3521507;Irapuã;SP;33101
3521606;Irapuru;SP;31730
3521705;Itaberá;SP;9642
3521804;Itaí;SP;73803
3521903;Itajobi;SP;10437
3522000;Itaju;SP;24031
3522109;Itanhaém;SP;22079
3522158;Itaóca;SP;45301
3522208;Itapecerica da Serra;SP;2970
3522307;Itapetininga;SP;81404
3522406;Itapeva;SP;14508
3522505;Itapevi;SP;116907
3522604;Itapira;SP;18055
3522653;Itapirapuã Paulista;SP;28953
3522703;Itápolis;SP;250782
3522802;Itaporanga;SP;22519
3522901;Itapuí;SP;119361
3523008;Itapura;SP;31892
3523107;Itaquaquecetuba;SP;48249
3523206;Itararé;SP;32996
3523305;Itariri;SP;77638
3523404;Itatiba;SP;14373
3523503;Itatinga;SP;10350
3523602;Itirapina;SP;15135
3523701;Itirapuã;SP;34093
3523800;Itobi;SP;23963
3523909;Itu;SP;66734
3524006;Itupeva;SP;128332
3524105;Ituverava;SP;10444
3524204;Jaborandi;SP;13627
3524303;Jaboticabal;SP;6294
3524402;Jacareí;SP;285097
3524501;Jaci;SP;42715
3524600;Jacupiranga;SP;51790
3524709;Jaguariúna;SP;6995
3524808;Jales;SP;30512
3524907;Jambeiro;SP;53495
3525003;Jandira;SP;23136
3525102;Jardinópolis;SP;99753
3525201;Jarinu;SP;388554
3525300;Jaú;SP;10780
3525409;Jeriquara;SP;9926
3525508;Joanópolis;SP;11633
3525607;João Ramalho;SP;178795
3525706;José Bonifácio;SP;96160
3525805;Júlio Mesquita;SP;26320
3525854;Jumirim;SP;31805
3525904;Jundiaí;SP;12444
3526001;Junqueirópolis;SP;81325
3526100;Juquiá;SP;20116
3526209;Juquitiba;SP;22950
3526308;Lagoinha;SP;59685
3526407;Laranjal Paulista;SP;24844
3526506;Lavínia;SP;23593
3526605;Lavrinhas;SP;30909
3526704;Leme;SP;73282
3526803;Lençóis Paulista;SP;186898
3526902;Limeira;SP;58175
3527009;Lindóia;SP;73926
3527108;Lins;SP;24522
3527207;Lorena;SP;14025
3527256;Lourdes;SP;62728
3527306;Louveira;SP;36884
3527405;Lucélia;SP;6389
3527504;Lucianópolis;SP;21296
3527603;Luís Antônio;SP;27889
3527702;Luiziânia;SP;17425
3527801;Lupércio;SP;155918
3527900;Lutécia;SP;51792
3528007;Macatuba;SP;138367
3528106;Macaubal;SP;40821
3528205;Macedônia;SP;33413
3528304;Magda;SP;10904
3528403;Mairinque;SP;30955
3528502;Mairiporã;SP;30994
3528601;Manduri;SP;6791
3528700;Marabá Paulista;SP;16877
3528809;Maracaí;SP;21409
3528858;Marapoama;SP;48146
3528908;Mariápolis;SP;50750
3529005;Marília;SP;16119
3529104;Marinópolis;SP;51171
3529203;Martinópolis;SP;25006
3529302;Matão;SP;1301
3529401;Mauá;SP;17926
3529500;Mendonça;SP;100114
3529609;Meridiano;SP;4804
3529658;Mesópolis;SP;34584
3529708;Miguelópolis;SP;174724
3529807;Mineiros do Tietê;SP;13233
3530003;Mira Estrela;SP;30624
3529906;Miracatu;SP;7279
3530102;Mirandópolis;SP;182979
3530201;Mirante do Paranapanema;SP;27876
3530300;Mirassol;SP;32160
3530409;Mirassolândia;SP;135524
3530508;Mococa;SP;63247
3530607;Mogi das Cruzes;SP;11661
3530706;Mogi Guaçu;SP;14990
3530805;Mogi Mirim;SP;52659
3530904;Mombuca;SP;15377
3531001;Monções;SP;2976
3531100;Mongaguá;SP;28814
3531209;Monte Alegre do Sul;SP;5997
3531308;Monte Alto;SP;180789
3531407;Monte Aprazível;SP;37110
3531506;Monte Azul Paulista;SP;11288
3531605;Monte Castelo;SP;14167
3531803;Monte Mor;SP;3823
3531704;Monteiro Lobato;SP;9116
3531902;Morro Agudo;SP;93445
3532009;Morungaba;SP;355805
3532058;Motuca;SP;67928
3532108;Murutinga do Sul;SP;27610
3532157;Nantes;SP;18997
3532207;Narandiba;SP;10668
3532306;Natividade da Serra;SP;294465
3532405;Nazaré Paulista;SP;24824
3532504;Neves Paulista;SP;313128
3532603;Nhandeara;SP;141499
3532702;Nipoã;SP;4502
3532801;Nova Aliança;SP;14686
3532827;Nova Campina;SP;14636
3532843;Nova Canaã Paulista;SP;27983
3532868;Nova Castilho;SP;28590
3532900;Nova Europa;SP;824916
3533007;Nova Granada;SP;9342
3533106;Nova Guataporanga;SP;39302
3533205;Nova Independência;SP;60194
3533304;Nova Luzitânia;SP;30499
3533403;Nova Odessa;SP;34488
3533254;Novais;SP;9681
3533502;Novo Horizonte;SP;34348
3533601;Nuporanga;SP;53622
3533700;Ocauçu;SP;43806
3533809;Óleo;SP;57205
3533908;Olímpia;SP;144501
3534005;Onda Verde;SP;85634
3534104;Oriente;SP;33044
3534203;Orindiúva;SP;8419
3534302;Orlândia;SP;15791
3534401;Osasco;SP;23994
3534500;Oscar Bressane;SP;40326
3534609;Osvaldo Cruz;SP;18052
3534708;Ourinhos;SP;10915
3534807;Ouro Verde;SP;8268
3534757;Ouroeste;SP;4969
3534906;Pacaembu;SP;23594
3535002;Palestina;SP;6067
3535101;Palmares Paulista;SP;10164
3535200;Palmeira d'Oeste;SP;19809
3535309;Palmital;SP;7028
3535408;Panorama;SP;46393
3535507;Paraguaçu Paulista;SP;68969
3535606;Paraibuna;SP;16694
3535705;Paraíso;SP;18891
3535804;Paranapanema;SP;55180
3535903;Paranapuã;SP;13930
3536000;Parapuã;SP;12915
3536109;Pardinho;SP;113928
3536208;Pariquera-Açu;SP;80804
3536257;Parisi;SP;59212
3536307;Patrocínio Paulista;SP;84574
3536406;Paulicéia;SP;3471
3536505;Paulínia;SP;135455
3536570;Paulistânia;SP;47025
3536604;Paulo de Faria;SP;92877
3536703;Pederneiras;SP;46773
3536802;Pedra Bela;SP;32241
3536901;Pedranópolis;SP;22569
3537008;Pedregulho;SP;45754
3537107;Pedreira;SP;21682
3537156;Pedrinhas Paulista;SP;79367
3537206;Pedro de Toledo;SP;5335
3537305;Penápolis;SP;16839
3537404;Pereira Barreto;SP;289665
3537503;Pereiras;SP;15344
3537602;Peruíbe;SP;23497
3537701;Piacatu;SP;11572
3537800;Piedade;SP;44205
3537909;Pilar do Sul;SP;13593
3538006;Pindamonhangaba;SP;24909
3538105;Pindorama;SP;77725
3538204;Pinhalzinho;SP;14165
3538303;Piquerobi;SP;72740
3538501;Piquete;SP;75480
3538600;Piracaia;SP;97502
3538709;Piracicaba;SP;35659
3538808;Piraju;SP;900000
3538907;Pirajuí;SP;97456
3539004;Pirangi;SP;43675
3539103;Pirapora do Bom Jesus;SP;11657
3539202;Pirapozinho;SP;27458
3539301;Pirassununga;SP;146698
3539400;Piratininga;SP;200318
3539509;Pitangueiras;SP;155335
3539608;Planalto;SP;72467
3539707;Platina;SP;7677
3539806;Poá;SP;52211
3539905;Poloni;SP;7798
3540002;Pompéia;SP;5949
3540101;Pongaí;SP;39745
3540200;Pontal;SP;54322
3540259;Pontalinda;SP;82528
3540309;Pontes Gestal;SP;52787
3540408;Populina;SP;54826
3540507;Porangaba;SP;10343
3540606;Porto Feliz;SP;27220
3540705;Porto Ferreira;SP;5822
3540754;Potim;SP;3373
3540804;Potirendaba;SP;69001
3540853;Pracinha;SP;13343
3540903;Pradópolis;SP;79772
3541000;Praia Grande;SP;103400
3541059;Pratânia;SP;15459
3541109;Presidente Alves;SP;58484
3541208;Presidente Bernardes;SP;14763
3541307;Presidente Epitácio;SP;4011
3541406;Presidente Prudente;SP;34990
3541505;Presidente Venceslau;SP;18201
3541604;Promissão;SP;18828
3541653;Quadra;SP;268351
3541703;Quatá;SP;5703
3541802;Queiroz;SP;46552
3541901;Queluz;SP;10228
3542008;Quintana;SP;82972
3542107;Rafard;SP;42423
3542206;Rancharia;SP;46372
3542305;Redenção da Serra;SP;10805
3542404;Regente Feijó;SP;13161
3542503;Reginópolis;SP;84724
3542602;Registro;SP;214283
3542701;Restinga;SP;51819
3542800;Ribeira;SP;11385
3542909;Ribeirão Bonito;SP;44356
3543006;Ribeirão Branco;SP;441262
3543105;Ribeirão Corrente;SP;34195
3543204;Ribeirão do Sul;SP;152543
3543238;Ribeirão dos Índios;SP;13532
3543253;Ribeirão Grande;SP;29170
3543303;Ribeirão Pires;SP;60397
3543402;Ribeirão Preto;SP;47299
3543600;Rifaina;SP;13150
3543709;Rincão;SP;12540
3543808;Rinópolis;SP;90607
3543907;Rio Claro;SP;113310
3544004;Rio das Pedras;SP;161221
3544103;Rio Grande da Serra;SP;222237
3544202;Riolândia;SP;35428
3543501;Riversul;SP;21695
3544251;Rosana;SP;135032
3544301;Roseira;SP;66940
3544400;Rubiácea;SP;10368
3544509;Rubinéia;SP;9800
3544608;Sabino;SP;52486
3544707;Sagres;SP;25139
3544806;Sales;SP;29676
3544905;Sales Oliveira;SP;99405
3545001;Salesópolis;SP;70412
3545100;Salmourão;SP;131931
3545159;Saltinho;SP;3650
3545209;Salto;SP;40373
3545308;Salto de Pirapora;SP;65600
3545407;Salto Grande;SP;5698
3545506;Sandovalina;SP;14865
3545605;Santa Adélia;SP;12120
3545704;Santa Albertina;SP;31290
3545803;Santa Bárbara d'Oeste;SP;183105
3546009;Santa Branca;SP;282666
3546108;Santa Clara d'Oeste;SP;12475
3546207;Santa Cruz da Conceição;SP;54524
3546256;Santa Cruz da Esperança;SP;56492
3546306;Santa Cruz das Palmeiras;SP;46796
3546405;Santa Cruz do Rio Pardo;SP;47385
3546504;Santa Ernestina;SP;42672
3546603;Santa Fé do Sul;SP;195536
3546702;Santa Gertrudes;SP;102733
3546801;Santa Isabel;SP;9519
3546900;Santa Lúcia;SP;73311
3547007;Santa Maria da Serra;SP;81535
3547106;Santa Mercedes;SP;43202
3547403;Santa Rita d'Oeste;SP;106058
3547502;Santa Rita do Passa Quatro;SP;37574
3547601;Santa Rosa de Viterbo;SP;38089
3547650;Santa Salete;SP;34910
3547205;Santana da Ponte Pensa;SP;3318
3547304;Santana de Parnaíba;SP;27966
3547700;Santo Anastácio;SP;14649
3547809;Santo André;SP;8284
3547908;Santo Antônio da Alegria;SP;147945
3548005;Santo Antônio de Posse;SP;53199
3548054;Santo Antônio do Aracanguá;SP;29565
3548104;Santo Antônio do Jardim;SP;16414
3548203;Santo Antônio do Pinhal;SP;42318
3548302;Santo Expedito;SP;90922
3548401;Santópolis do Aguapeí;SP;12302
3548500;Santos;SP;30390
3548609;São Bento do Sapucaí;SP;79384
3548708;São Bernardo do Campo;SP;3632
3548807;São Caetano do Sul;SP;28677
3548906;São Carlos;SP;19053
3549003;São Francisco;SP;26369
3549102;São João da Boa Vista;SP;17595
3549201;São João das Duas Pontes;SP;35545
3549250;São João de Iracema;SP;253511
3549300;São João do Pau d'Alho;SP;21394
3549409;São Joaquim da Barra;SP;42111
3549508;São José da Bela Vista;SP;274140
3549607;São José do Barreiro;SP;16683
3549706;São José do Rio Pardo;SP;224879
3549805;São José do Rio Preto;SP;30731
3549904;São José dos Campos;SP;216915
3549953;São Lourenço da Serra;SP;69731
3550001;São Luiz do Paraitinga;SP;42830
3550100;São Manuel;SP;28424
3550209;São Miguel Arcanjo;SP;15379
3550308;São Paulo;SP;9278583
3550407;São Pedro;SP;81983
3550506;São Pedro do Turvo;SP;30114
3550605;São Roque;SP;21566
3550704;São Sebastião;SP;23186
3550803;São Sebastião da Grama;SP;91026
3550902;São Simão;SP;117577
3551009;São Vicente;SP;14666
3551108;Sarapuí;SP;14643
3551207;Sarutaiá;SP;46373
3551306;Sebastianópolis do Sul;SP;163973
3551405;Serra Azul;SP;107771
3551603;Serra Negra;SP;7709
3551504;Serrana;SP;22850
3551702;Sertãozinho;SP;10976
3551801;Sete Barras;SP;22763
3551900;Severínia;SP;178443
3552007;Silveiras;SP;6389
3552106;Socorro;SP;5148
3552205;Sorocaba;SP;12280
3552304;Sud Mennucci;SP;41907
3552403;Sumaré;SP;60476
3552551;Suzanápolis;SP;49433
3552502;Suzano;SP;111349
3552601;Tabapuã;SP;4393
3552700;Tabatinga;SP;112910
3552809;Taboão da Serra;SP;21674
3552908;Taciba;SP;68310
3553005;Taguaí;SP;7125
3553104;Taiaçu;SP;30719
3553203;Taiúva;SP;39619
3553302;Tambaú;SP;108934
3553401;Tanabi;SP;5342
3553500;Tapiraí;SP;31603
3553609;Tapiratiba;SP;9260
3553658;Taquaral;SP;53275
3553708;Taquaritinga;SP;71834
3553807;Taquarituba;SP;125877
3553856;Taquarivaí;SP;16960
3553906;Tarabai;SP;84721
3553955;Tarumã;SP;136512
3554003;Tatuí;SP;5012
3554102;Taubaté;SP;59919
3554201;Tejupá;SP;87688
3554300;Teodoro Sampaio;SP;22984
3554409;Terra Roxa;SP;8065
3554508;Tietê;SP;86200
3554607;Timburi;SP;8166
3554656;Torre de Pedra;SP;25109
3554706;Torrinha;SP;29233
3554755;Trabiju;SP;67122
3554805;Tremembé;SP;15335
3554904;Três Fronteiras;SP;14388
3554953;Tuiuti;SP;34063
3555000;Tupã;SP;92430
3555109;Tupi Paulista;SP;378272
3555208;Turiúba;SP;5819
3555307;Turmalina;SP;43220
3555356;Ubarana;SP;9246
3555406;Ubatuba;SP;93701
3555505;Ubirajara;SP;10881
3555604;Uchoa;SP;14546
3555703;União Paulista;SP;15978
3555802;Urânia;SP;28095
3555901;Uru;SP;43595
3556008;Urupês;SP;52013
3556107;Valentim Gentil;SP;30358
3556206;Valinhos;SP;7075
3556305;Valparaíso;SP;68032
3556354;Vargem;SP;28823
3556404;Vargem Grande do Sul;SP;109654
3556453;Vargem Grande Paulista;SP;14026
3556503;Várzea Paulista;SP;5243
3556602;Vera Cruz;SP;29429
3556701;Vinhedo;SP;127099
3556800;Viradouro;SP;36469
3556909;Vista Alegre do Alto;SP;24527
3556958;Vitória Brasil;SP;11729
3557006;Votorantim;SP;211233
3557105;Votuporanga;SP;9844
3557154;Zacarias;SP;13756
1700251;Abreulândia;TO;800
1700301;Aguiarnópolis;TO;23053
1700350;Aliança do Tocantins;TO;11272
1700400;Almas;TO;15255
1700707;Alvorada;TO;10482
1701002;Ananás;TO;4752
1701051;Angico;TO;1762
1701101;Aparecida do Rio Negro;TO;4863
1701309;Aragominas;TO;1941
1701903;Araguacema;TO;9684
1702000;Araguaçu;TO;13780
1702109;Araguaína;TO;28796
1702158;Araguanã;TO;8539
1702208;Araguatins;TO;15686
1702307;Arapoema;TO;4091
1702406;Arraias;TO;3352
1702554;Augustinópolis;TO;9552
1702703;Aurora do Tocantins;TO;3708
1702901;Axixá do Tocantins;TO;7628
1703008;Babaçulândia;TO;1765
1703057;Bandeirantes do Tocantins;TO;2151
1703073;Barra do Ouro;TO;11412
1703107;Barrolândia;TO;15046
1703206;Bernardo Sayão;TO;1918
1703305;Bom Jesus do Tocantins;TO;11863
1703602;Brasilândia do Tocantins;TO;3157
1703701;Brejinho de Nazaré;TO;5777
1703800;Buriti do Tocantins;TO;26961
1703826;Cachoeirinha;TO;13790
1703842;Campos Lindos;TO;13615
1703867;Cariri do Tocantins;TO;46312
1703883;Carmolândia;TO;2616
1703891;Carrasco Bonito;TO;1918
1703909;Caseara;TO;2564
1704105;Centenário;TO;4288
1705102;Chapada da Natividade;TO;800
1704600;Chapada de Areia;TO;4516
1705508;Colinas do Tocantins;TO;3117
1716703;Colméia;TO;13435
1705557;Combinado;TO;8360
1705607;Conceição do Tocantins;TO;2930
1706001;Couto Magalhães;TO;10856
1706100;Cristalândia;TO;12570
1706258;Crixás do Tocantins;TO;2436
1706506;Darcinópolis;TO;3298
1707009;Dianópolis;TO;800
1707108;Divinópolis do Tocantins;TO;1709
1707207;Dois Irmãos do Tocantins;TO;2507
1707306;Dueré;TO;6155
1707405;Esperantina;TO;2005
1707553;Fátima;TO;3225
1707652;Figueirópolis;TO;1474
1707702;Filadélfia;TO;6848
1708205;Formoso do Araguaia;TO;9061
1708254;Fortaleza do Tabocão;TO;8832
1708304;Goianorte;TO;5751
1709005;Goiatins;TO;1041
1709302;Guaraí;TO;2869
1709500;Gurupi;TO;3624
1709807;Ipueiras;TO;3640
1710508;Itacajá;TO;6161
1710706;Itaguatins;TO;27217
1710904;Itapiratins;TO;13861
1711100;Itaporã do Tocantins;TO;1915
1711506;Jaú do Tocantins;TO;11965
1711803;Juarina;TO;11474
1711902;Lagoa da Confusão;TO;2337
1711951;Lagoa do Tocantins;TO;14433
1712009;Lajeado;TO;4756
1712157;Lavandeira;TO;1203
1712405;Lizarda;TO;9360
1712454;Luzinópolis;TO;7202
1712504;Marianópolis do Tocantins;TO;4416
1712702;Mateiros;TO;5444
1712801;Maurilândia do Tocantins;TO;2572
1713205;Miracema do Tocantins;TO;11099
1713304;Miranorte;TO;5408
1713601;Monte do Carmo;TO;6813
1713700;Monte Santo do Tocantins;TO;8403
1713957;Muricilândia;TO;1593
1714203;Natividade;TO;2121
1714302;Nazaré;TO;800
1714880;Nova Olinda;TO;10559
1715002;Nova Rosalândia;TO;1495
1715101;Novo Acordo;TO;6564
1715150;Novo Alegre;TO;8532
1715259;Novo Jardim;TO;11005
1715507;Oliveira de Fátima;TO;1509
1721000;Palmas;TO;310004
1715705;Palmeirante;TO;35625
1713809;Palmeiras do Tocantins;TO;37393
1715754;Palmeirópolis;TO;16807
1716109;Paraíso do Tocantins;TO;8223
1716208;Paranã;TO;1878
1716307;Pau D'Arco;TO;12506
1716505;Pedro Afonso;TO;4768
1716604;Peixe;TO;10510
1716653;Pequizeiro;TO;2828
1717008;Pindorama do Tocantins;TO;4690
1717206;Piraquê;TO;6796
1717503;Pium;TO;7438
1717800;Ponte Alta do Bom Jesus;TO;9765
1717909;Ponte Alta do Tocantins;TO;3000
1718006;Porto Alegre do Tocantins;TO;1295
1718204;Porto Nacional;TO;33886
1718303;Praia Norte;TO;60458
1718402;Presidente Kennedy;TO;9280
1718451;Pugmil;TO;1322
1718501;Recursolândia;TO;2424
1718550;Riachinho;TO;9932
1718659;Rio da Conceição;TO;24803
1718709;Rio dos Bois;TO;1494
1718758;Rio Sono;TO;4948
1718808;Sampaio;TO;7038
1718840;Sandolândia;TO;14684
1718865;Santa Fé do Araguaia;TO;3888
1718881;Santa Maria do Tocantins;TO;1016
1718899;Santa Rita do Tocantins;TO;11235
1718907;Santa Rosa do Tocantins;TO;19551
1719004;Santa Tereza do Tocantins;TO;5180
1720002;Santa Terezinha do Tocantins;TO;8860
1720101;São Bento do Tocantins;TO;3366
1720150;São Félix do Tocantins;TO;2238
1720200;São Miguel do Tocantins;TO;17546
1720259;São Salvador do Tocantins;TO;8688
1720309;São Sebastião do Tocantins;TO;9729
1720499;São Valério;TO;29609
1720655;Silvanópolis;TO;1778
1720804;Sítio Novo do Tocantins;TO;3091
1720853;Sucupira;TO;6749
1720903;Taguatinga;TO;3050
1720937;Taipas do Tocantins;TO;13426
1720978;Talismã;TO;4616
1721109;Tocantínia;TO;1904
1721208;Tocantinópolis;TO;6099
1721257;Tupirama;TO;6842
1721307;Tupiratins;TO;15861
1722081;Wanderlândia;TO;8742
1722107;Xambioá;TO;9422
