Ano;UF;Município;Cód. IBGE;Peso recebido (t)
2024;RO;Ariquemes;1100023;0,226
2024;RO;Costa Marques;1100080;1,176
2024;RO;Espigão D'Oeste;1100098;0,666
2024;RO;Jaru;1100114;0,931
2024;RO;Machadinho D'Oeste;1100130;0,715
2024;RO;Porto Velho;1100205;3,957
2024;RO;Vilhena;1100304;0,489
2024;RO;Alto Alegre dos Parecis;1100379;0,412
2024;RO;Cacaulândia;1100601;0,644
2024;RO;Campo Novo de Rondônia;1100700;0,357
2024;RO;Castanheiras;1100908;0,987
2024;RO;Chupinguaia;1100924;0,456
2024;RO;Parecis;1101450;0,717
2024;RO;São Felipe D'Oeste;1101484;0,781
2024;RO;São Francisco do Guaporé;1101492;0,583
2024;RO;Teixeirópolis;1101559;0,418
2024;RO;Theobroma;1101609;0,525
2024;RO;Urupá;1101708;0,465
2024;RO;Vale do Paraíso;1101807;0,426
2024;AC;Acrelândia;1200013;0,376
2024;AC;Assis Brasil;1200054;0,840
2024;AC;Brasiléia;1200104;1,324
2024;AC;Capixaba;1200179;0,634
2024;AC;Cruzeiro do Sul;1200203;0,697
2024;AC;Feijó;1200302;0,550
2024;AC;Jordão;1200328;0,527
2024;AC;Mâncio Lima;1200336;0,386
2024;AC;Marechal Thaumaturgo;1200351;0,931
2024;AC;Porto Walter;1200393;0,653
2024;AC;Rio Branco;1200401;5,158
2024;AC;Rodrigues Alves;1200427;0,547
2024;AC;Senador Guiomard;1200450;0,276
2024;AC;Sena Madureira;1200500;0,417
2024;AC;Tarauacá;1200609;0,724
2024;AC;Porto Acre;1200807;0,678
2024;AM;Alvarães;1300029;5,527
2024;AM;Anamã;1300086;0,796
2024;AM;Anori;1300102;0,360
2024;AM;Apuí;1300144;1,805
2024;AM;Atalaia do Norte;1300201;1,359
2024;AM;Barreirinha;1300508;1,955
2024;AM;Boa Vista do Ramos;1300680;1,578
2024;AM;Boca do Acre;1300706;8,656
2024;AM;Borba;1300805;3,616
2024;AM;Canutama;1300904;0,572
2024;AM;Carauari;1301001;0,788
2024;AM;Coari;1301209;1,104
2024;AM;Eirunepé;1301407;0,202
2024;AM;Envira;1301506;0,244
2024;AM;Ipixuna;1301803;0,305
2024;AM;Itamarati;1301951;3,462
2024;AM;Itapiranga;1302009;0,742
2024;AM;Japurá;1302108;1,153
2024;AM;Jutaí;1302306;0,348
2024;AM;Lábrea;1302405;1,141
2024;AM;Manaquiri;1302553;1,473
2024;AM;Manaus;1302603;10,815
2024;AM;Manicoré;1302702;0,537
2024;AM;Maraã;1302801;0,329
2024;AM;Maués;1302900;0,997
2024;AM;Nhamundá;1303007;0,403
2024;AM;Nova Olinda do Norte;1303106;0,314
2024;AM;Novo Airão;1303205;2,012
2024;AM;Novo Aripuanã;1303304;0,781
2024;AM;Parintins;1303403;1,096
2024;AM;Pauini;1303502;1,202
2024;AM;Santo Antônio do Içá;1303700;3,095
2024;AM;São Sebastião do Uatumã;1303957;0,348
2024;AM;Silves;1304005;1,875
2024;AM;Tabatinga;1304062;0,396
2024;AM;Tapauá;1304104;1,273
2024;AM;Tefé;1304203;1,424
2024;AM;Uarini;1304260;3,630
2024;AM;Urucurituba;1304401;0,884
2024;RR;Amajari;1400027;0,812
2024;RR;Boa Vista;1400100;2,462
2024;RR;Bonfim;1400159;0,853
2024;RR;Cantá;1400175;0,355
2024;RR;Mucajaí;1400308;1,831
2024;RR;São João da Baliza;1400506;0,211
2024;RR;São Luiz;1400605;0,392
2024;RR;Uiramutã;1400704;0,434
2024;PA;Abaetetuba;1500107;0,971
2024;PA;Afuá;1500305;0,535
2024;PA;Água Azul do Norte;1500347;0,961
2024;PA;Alenquer;1500404;0,711
2024;PA;Altamira;1500602;0,511
2024;PA;Anajás;1500701;0,976
2024;PA;Anapu;1500859;0,476
2024;PA;Augusto Corrêa;1500909;0,582
2024;PA;Aveiro;1501006;0,422
2024;PA;Baião;1501204;3,520
2024;PA;Bannach;1501253;0,526
2024;PA;Barcarena;1501303;0,667
2024;PA;Belém;1501402;52,243
2024;PA;Bonito;1501600;1,015
2024;PA;Brasil Novo;1501725;0,562
2024;PA;Breu Branco;1501782;0,435
2024;PA;Breves;1501808;0,275
2024;PA;Bujaru;1501907;0,418
2024;PA;Cachoeira do Arari;1502004;0,443
2024;PA;Cametá;1502103;0,930
2024;PA;Canaã dos Carajás;1502152;0,530
2024;PA;Chaves;1502509;0,549
2024;PA;Colares;1502608;0,999
2024;PA;Conceição do Araguaia;1502707;0,833
2024;PA;Cumaru do Norte;1502764;0,795
2024;PA;Curralinho;1502806;1,025
2024;PA;Curuá;1502855;0,345
2024;PA;Dom Eliseu;1502939;0,233
2024;PA;Garrafão do Norte;1503077;0,619
2024;PA;Goianésia do Pará;1503093;2,368
2024;PA;Igarapé-Açu;1503200;1,001
2024;PA;Irituia;1503507;0,562
2024;PA;Itupiranga;1503705;1,548
2024;PA;Limoeiro do Ajuru;1504000;1,104
2024;PA;Mãe do Rio;1504059;0,852
2024;PA;Marabá;1504208;6,133
2024;PA;Marapanim;1504406;0,383
2024;PA;Melgaço;1504505;0,410
2024;PA;Muaná;1504901;0,354
2024;PA;Nova Esperança do Piriá;1504950;1,553
2024;PA;Óbidos;1505106;1,427
2024;PA;Oeiras do Pará;1505205;0,341
2024;PA;Ourém;1505403;0,463
2024;PA;Palestina do Pará;1505494;0,235
2024;PA;Parauapebas;1505536;0,541
2024;PA;Peixe-Boi;1505601;1,439
2024;PA;Piçarra;1505635;0,468
2024;PA;Placas;1505650;0,253
2024;PA;Ponta de Pedras;1505700;7,098
2024;PA;Porto de Moz;1505908;0,988
2024;PA;Primavera;1506104;0,379
2024;PA;Redenção;1506138;0,570
2024;PA;Rurópolis;1506195;1,198
2024;PA;Salinópolis;1506203;1,221
2024;PA;Santa Bárbara do Pará;1506351;0,502
2024;PA;Santa Cruz do Arari;1506401;0,392
2024;PA;Santa Izabel do Pará;1506500;1,459
2024;PA;Santana do Araguaia;1506708;0,350
2024;PA;Santarém;1506807;0,843
2024;PA;Santarém Novo;1506906;1,015
2024;PA;Santo Antônio do Tauá;1507003;0,500
2024;PA;São Caetano de Odivelas;1507102;0,437
2024;PA;São Domingos do Araguaia;1507151;4,921
2024;PA;São João do Araguaia;1507508;0,599
2024;PA;Sapucaia;1507755;0,319
2024;PA;Senador José Porfírio;1507805;0,589
2024;PA;Soure;1507904;0,431
2024;PA;Tailândia;1507953;0,565
2024;PA;Terra Santa;1507979;1,501
2024;PA;Tomé-Açu;1508001;1,913
2024;PA;Tracuateua;1508035;0,523
2024;PA;Tucumã;1508084;0,435
2024;PA;Tucuruí;1508100;0,721
2024;PA;Ulianópolis;1508126;0,573
2024;PA;Vigia;1508209;8,618
2024;PA;Vitória do Xingu;1508357;1,246
2024;PA;Xinguara;1508407;1,380
2024;AP;Pedra Branca do Amapari;1600154;0,721
2024;AP;Itaubal;1600253;0,625
2024;AP;Macapá;1600303;1,945
2024;AP;Mazagão;1600402;2,582
2024;AP;Oiapoque;1600501;1,077
2024;AP;Santana;1600600;1,115
2024;AP;Vitória do Jari;1600808;1,195
2024;TO;Aguiarnópolis;1700301;0,838
2024;TO;Aliança do Tocantins;1700350;0,573
2024;TO;Ananás;1701002;0,815
2024;TO;Angico;1701051;0,589
2024;TO;Araguaçu;1702000;0,568
2024;TO;Arraias;1702406;0,511
2024;TO;Augustinópolis;1702554;0,670
2024;TO;Axixá do Tocantins;1702901;0,913
2024;TO;Bandeirantes do Tocantins;1703057;0,924
2024;TO;Barra do Ouro;1703073;0,460
2024;TO;Barrolândia;1703107;1,174
2024;TO;Bernardo Sayão;1703206;0,374
2024;TO;Bom Jesus do Tocantins;1703305;0,996
2024;TO;Brejinho de Nazaré;1703701;0,449
2024;TO;Cariri do Tocantins;1703867;0,337
2024;TO;Carmolândia;1703883;0,530
2024;TO;Carrasco Bonito;1703891;1,304
2024;TO;Centenário;1704105;0,588
2024;TO;Chapada de Areia;1704600;1,849
2024;TO;Chapada da Natividade;1705102;0,608
2024;TO;Colinas do Tocantins;1705508;0,524
2024;TO;Conceição do Tocantins;1705607;1,044
2024;TO;Cristalândia;1706100;1,238
2024;TO;Divinópolis do Tocantins;1707108;0,362
2024;TO;Dueré;1707306;1,068
2024;TO;Figueirópolis;1707652;0,672
2024;TO;Filadélfia;1707702;0,355
2024;TO;Formoso do Araguaia;1708205;0,515
2024;TO;Goiatins;1709005;0,584
2024;TO;Gurupi;1709500;0,833
2024;TO;Itacajá;1710508;0,744
2024;TO;Itaguatins;1710706;0,519
2024;TO;Itaporã do Tocantins;1711100;0,835
2024;TO;Lagoa da Confusão;1711902;0,465
2024;TO;Lagoa do Tocantins;1711951;0,505
2024;TO;Lavandeira;1712157;1,429
2024;TO;Luzinópolis;1712454;0,297
2024;TO;Monte do Carmo;1713601;0,877
2024;TO;Monte Santo do Tocantins;1713700;0,370
2024;TO;Palmeiras do Tocantins;1713809;0,724
2024;TO;Nazaré;1714302;0,635
2024;TO;Novo Alegre;1715150;0,456
2024;TO;Paraíso do Tocantins;1716109;0,587
2024;TO;Paranã;1716208;0,396
2024;TO;Pau D'Arco;1716307;0,768
2024;TO;Peixe;1716604;0,842
2024;TO;Colméia;1716703;1,054
2024;TO;Pindorama do Tocantins;1717008;2,587
2024;TO;Piraquê;1717206;0,528
2024;TO;Pium;1717503;0,463
2024;TO;Ponte Alta do Tocantins;1717909;0,471
2024;TO;Porto Alegre do Tocantins;1718006;1,099
2024;TO;Pugmil;1718451;0,496
2024;TO;Riachinho;1718550;0,766
2024;TO;Rio da Conceição;1718659;0,341
2024;TO;Rio Sono;1718758;0,588
2024;TO;Sampaio;1718808;0,693
2024;TO;Sandolândia;1718840;0,548
2024;TO;Santa Fé do Araguaia;1718865;0,493
2024;TO;Santa Tereza do Tocantins;1719004;0,301
2024;TO;São Bento do Tocantins;1720101;1,341
2024;TO;São Miguel do Tocantins;1720200;0,677
2024;TO;São Sebastião do Tocantins;1720309;2,889
2024;TO;São Valério;1720499;0,802
2024;TO;Sítio Novo do Tocantins;1720804;0,958
2024;TO;Taipas do Tocantins;1720937;0,536
2024;TO;Talismã;1720978;0,632
2024;TO;Palmas;1721000;8,363
2024;TO;Tocantínia;1721109;0,636
2024;TO;Tocantinópolis;1721208;1,352
2024;MA;Açailândia;2100055;0,567
2024;MA;Afonso Cunha;2100105;0,642
2024;MA;Aldeias Altas;2100303;0,471
2024;MA;Alto Alegre do Maranhão;2100436;0,693
2024;MA;Amarante do Maranhão;2100600;0,458
2024;MA;Anajatuba;2100709;0,528
2024;MA;Anapurus;2100808;2,634
2024;MA;Araioses;2100907;0,577
2024;MA;Bacabeira;2101251;0,390
2024;MA;Bacuri;2101301;1,177
2024;MA;Bacurituba;2101350;0,581
2024;MA;Belágua;2101731;0,978
2024;MA;Bernardo do Mearim;2101939;6,913
2024;MA;Boa Vista do Gurupi;2101970;0,736
2024;MA;Bom Jardim;2102002;0,734
2024;MA;Bom Lugar;2102077;0,465
2024;MA;Brejo de Areia;2102150;0,630
2024;MA;Buriticupu;2102325;1,103
2024;MA;Buritirana;2102358;0,549
2024;MA;Cachoeira Grande;2102374;0,832
2024;MA;Cajapió;2102408;0,293
2024;MA;Capinzal do Norte;2102754;0,655
2024;MA;Carutapera;2102903;0,444
2024;MA;Caxias;2103000;2,289
2024;MA;Centro do Guilherme;2103158;0,742
2024;MA;Cidelândia;2103257;0,667
2024;MA;Codó;2103307;1,318
2024;MA;Coelho Neto;2103406;1,795
2024;MA;Colinas;2103505;0,666
2024;MA;Conceição do Lago-Açu;2103554;0,366
2024;MA;Davinópolis;2103752;0,823
2024;MA;Dom Pedro;2103802;0,561
2024;MA;Duque Bacelar;2103901;0,695
2024;MA;Esperantinópolis;2104008;0,374
2024;MA;Estreito;2104057;0,347
2024;MA;Feira Nova do Maranhão;2104073;0,454
2024;MA;Fernando Falcão;2104081;0,599
2024;MA;Formosa da Serra Negra;2104099;1,137
2024;MA;Fortuna;2104206;0,579
2024;MA;Governador Luiz Rocha;2104628;2,892
2024;MA;Governador Nunes Freire;2104677;0,380
2024;MA;Igarapé do Meio;2105153;0,794
2024;MA;Imperatriz;2105302;0,875
2024;MA;Itapecuru Mirim;2105401;0,466
2024;MA;Joselândia;2105609;0,714
2024;MA;Junco do Maranhão;2105658;0,469
2024;MA;Lago da Pedra;2105708;1,112
2024;MA;Lago Verde;2105906;0,334
2024;MA;Lagoa do Mato;2105922;0,495
2024;MA;Lagoa Grande do Maranhão;2105963;1,037
2024;MA;Loreto;2106102;1,152
2024;MA;Luís Domingues;2106201;0,474
2024;MA;Magalhães de Almeida;2106300;0,949
2024;MA;Maracaçumé;2106326;0,724
2024;MA;Matinha;2106508;0,826
2024;MA;Matões;2106607;0,641
2024;MA;Matões do Norte;2106631;0,523
2024;MA;Milagres do Maranhão;2106672;0,459
2024;MA;Mirador;2106706;0,771
2024;MA;Montes Altos;2107001;0,557
2024;MA;Morros;2107100;0,775
2024;MA;Nina Rodrigues;2107209;0,576
2024;MA;Nova Colinas;2107258;0,904
2024;MA;Olinda Nova do Maranhão;2107456;1,596
2024;MA;Paço do Lumiar;2107506;0,439
2024;MA;Palmeirândia;2107605;0,538
2024;MA;Parnarama;2107803;0,275
2024;MA;Paulino Neves;2108058;1,405
2024;MA;Pedreiras;2108207;0,380
2024;MA;Peri Mirim;2108405;1,443
2024;MA;Peritoró;2108454;0,373
2024;MA;Pirapemas;2108801;0,462
2024;MA;Poção de Pedras;2108900;0,339
2024;MA;Presidente Dutra;2109106;2,136
2024;MA;Presidente Juscelino;2109205;0,733
2024;MA;Presidente Vargas;2109304;1,482
2024;MA;Sambaíba;2109700;0,298
2024;MA;Santa Rita;2110203;0,532
2024;MA;Santo Amaro do Maranhão;2110278;0,771
2024;MA;São Bernardo;2110609;0,891
2024;MA;São Domingos do Azeitão;2110658;0,492
2024;MA;São Félix de Balsas;2110807;0,456
2024;MA;São Francisco do Brejão;2110856;0,401
2024;MA;São João Batista;2111003;0,914
2024;MA;São João do Paraíso;2111052;0,259
2024;MA;São João dos Patos;2111102;0,641
2024;MA;São José de Ribamar;2111201;0,197
2024;MA;São Luís;2111300;92,468
2024;MA;São Luís Gonzaga do Maranhão;2111409;0,416
2024;MA;São Raimundo das Mangabeiras;2111607;0,972
2024;MA;São Vicente Ferrer;2111706;0,367
2024;MA;Senador Alexandre Costa;2111748;0,673
2024;MA;Serrano do Maranhão;2111789;0,748
2024;MA;Sucupira do Riachão;2111953;0,500
2024;MA;Tasso Fragoso;2112001;0,279
2024;MA;Timon;2112209;2,069
2024;MA;Tufilândia;2112274;0,415
2024;MA;Tutóia;2112506;0,834
2024;MA;Urbano Santos;2112605;1,618
2024;MA;Vargem Grande;2112704;0,854
2024;MA;Viana;2112803;1,229
2024;MA;Vila Nova dos Martírios;2112852;0,239
2024;MA;Vitória do Mearim;2112902;0,657
2024;MA;Vitorino Freire;2113009;0,500
2024;PI;Agricolândia;2200103;0,792
2024;PI;Água Branca;2200202;0,522
2024;PI;Alegrete do Piauí;2200277;0,618
2024;PI;Altos;2200400;0,342
2024;PI;Alvorada do Gurguéia;2200459;0,399
2024;PI;Angical do Piauí;2200608;0,632
2024;PI;Anísio de Abreu;2200707;0,305
2024;PI;Antônio Almeida;2200806;0,357
2024;PI;Aroazes;2200905;0,648
2024;PI;Arraial;2201002;0,612
2024;PI;Barras;2201200;0,473
2024;PI;Barreiras do Piauí;2201309;0,541
2024;PI;Belém do Piauí;2201572;0,479
2024;PI;Boa Hora;2201770;0,510
2024;PI;Bonfim do Piauí;2201929;0,425
2024;PI;Buriti dos Lopes;2202000;0,301
2024;PI;Cabeceiras do Piauí;2202059;0,891
2024;PI;Cajazeiras do Piauí;2202075;0,766
2024;PI;Campinas do Piauí;2202109;0,289
2024;PI;Campo Grande do Piauí;2202133;0,346
2024;PI;Canavieira;2202251;1,341
2024;PI;Capitão Gervásio Oliveira;2202455;0,754
2024;PI;Caracol;2202505;1,022
2024;PI;Castelo do Piauí;2202604;0,389
2024;PI;Caxingó;2202653;0,853
2024;PI;Cocal;2202703;0,880
2024;PI;Cocal dos Alves;2202729;0,365
2024;PI;Colônia do Gurguéia;2202752;0,654
2024;PI;Colônia do Piauí;2202778;0,360
2024;PI;Coronel José Dias;2202851;0,497
2024;PI;Cristalândia do Piauí;2203008;0,469
2024;PI;Currais;2203230;0,210
2024;PI;Curralinhos;2203255;0,267
2024;PI;Curral Novo do Piauí;2203271;1,289
2024;PI;Demerval Lobão;2203305;0,443
2024;PI;Domingos Mourão;2203420;0,839
2024;PI;Eliseu Martins;2203602;1,287
2024;PI;Esperantina;2203701;0,560
2024;PI;Fartura do Piauí;2203750;1,232
2024;PI;Flores do Piauí;2203800;0,745
2024;PI;Francisco Ayres;2204105;0,648
2024;PI;Francisco Macedo;2204154;0,778
2024;PI;Francisco Santos;2204204;0,714
2024;PI;Guadalupe;2204501;0,574
2024;PI;Guaribas;2204550;1,326
2024;PI;Hugo Napoleão;2204600;0,455
2024;PI;Ilha Grande;2204659;0,839
2024;PI;Inhuma;2204709;0,520
2024;PI;Itainópolis;2205003;0,760
2024;PI;Itaueira;2205102;0,489
2024;PI;Jaicós;2205201;0,225
2024;PI;Jardim do Mulato;2205250;0,689
2024;PI;João Costa;2205359;1,539
2024;PI;Joca Marques;2205458;0,400
2024;PI;Juazeiro do Piauí;2205516;1,116
2024;PI;Jurema;2205532;0,672
2024;PI;Lagoa Alegre;2205557;0,706
2024;PI;Lagoa do Barro do Piauí;2205565;0,868
2024;PI;Luís Correia;2205706;0,494
2024;PI;Marcolândia;2205953;0,459
2024;PI;Nazaré do Piauí;2206704;0,378
2024;PI;Nazária;2206720;0,730
2024;PI;Nossa Senhora de Nazaré;2206753;0,860
2024;PI;Novo Oriente do Piauí;2206902;0,693
2024;PI;Novo Santo Antônio;2206951;0,636
2024;PI;Oeiras;2207009;0,554
2024;PI;Olho D'Água do Piauí;2207108;1,021
2024;PI;Padre Marcos;2207207;1,241
2024;PI;Paes Landim;2207306;0,559
2024;PI;Palmeirais;2207504;0,407
2024;PI;Parnaíba;2207702;0,345
2024;PI;Passagem Franca do Piauí;2207751;0,858
2024;PI;Patos do Piauí;2207777;0,360
2024;PI;Pau D'Arco do Piauí;2207793;0,482
2024;PI;Paulistana;2207801;0,444
2024;PI;Pavussu;2207850;6,110
2024;PI;Nova Santa Rita;2207959;0,875
2024;PI;Pimenteiras;2208106;1,125
2024;PI;Pio IX;2208205;0,511
2024;PI;Piripiri;2208403;0,951
2024;PI;Porto;2208502;0,869
2024;PI;Porto Alegre do Piauí;2208551;0,717
2024;PI;Prata do Piauí;2208601;0,452
2024;PI;Ribeira do Piauí;2208874;1,204
2024;PI;Santa Cruz do Piauí;2209104;0,737
2024;PI;Santa Cruz dos Milagres;2209153;0,554
2024;PI;Santa Luz;2209302;0,906
2024;PI;Santana do Piauí;2209351;1,322
2024;PI;Santa Rosa do Piauí;2209377;0,731
2024;PI;Santo Inácio do Piauí;2209500;0,582
2024;PI;São Félix do Piauí;2209609;0,845
2024;PI;São Francisco de Assis do Piauí;2209658;0,990
2024;PI;São João da Canabrava;2209856;0,393
2024;PI;São João do Piauí;2210003;0,251
2024;PI;São José do Divino;2210052;0,694
2024;PI;São Luis do Piauí;2210375;0,920
2024;PI;São Miguel da Baixa Grande;2210383;1,032
2024;PI;São Miguel do Fidalgo;2210391;0,769
2024;PI;São Miguel do Tapuio;2210409;0,354
2024;PI;São Pedro do Piauí;2210508;0,704
2024;PI;São Raimundo Nonato;2210607;0,798
2024;PI;Sebastião Barros;2210623;0,525
2024;PI;Sebastião Leal;2210631;0,833
2024;PI;Simões;2210706;0,333
2024;PI;Simplício Mendes;2210805;1,212
2024;PI;Socorro do Piauí;2210904;0,457
2024;PI;Sussuapara;2210938;0,296
2024;PI;Tanque do Piauí;2210979;0,426
2024;PI;Teresina;2211001;21,640
2024;PI;União;2211100;0,846
2024;PI;Uruçuí;2211209;0,638
2024;PI;Valença do Piauí;2211308;0,241
2024;PI;Vila Nova do Piauí;2211605;0,762
2024;PI;Wall Ferraz;2211704;0,508
2024;CE;Acopiara;2300309;0,518
2024;CE;Aiuaba;2300408;0,354
2024;CE;Altaneira;2300606;2,748
2024;CE;Alto Santo;2300705;13,889
2024;CE;Amontada;2300754;0,614
2024;CE;Aracati;2301109;1,150
2024;CE;Aracoiaba;2301208;0,581
2024;CE;Araripe;2301307;1,149
2024;CE;Aratuba;2301406;2,593
2024;CE;Assaré;2301604;6,394
2024;CE;Barreira;2301950;0,638
2024;CE;Baturité;2302107;7,393
2024;CE;Beberibe;2302206;0,987
2024;CE;Bela Cruz;2302305;2,636
2024;CE;Boa Viagem;2302404;0,523
2024;CE;Canindé;2302800;1,468
2024;CE;Cariré;2303105;0,343
2024;CE;Cariús;2303303;0,741
2024;CE;Carnaubal;2303402;0,610
2024;CE;Catarina;2303600;0,370
2024;CE;Cedro;2303808;0,503
2024;CE;Chaval;2303907;0,753
2024;CE;Choró;2303931;0,549
2024;CE;Chorozinho;2303956;0,687
2024;CE;Coreaú;2304004;0,827
2024;CE;Croatá;2304236;1,205
2024;CE;Cruz;2304251;6,123
2024;CE;Ererê;2304277;0,568
2024;CE;Fortaleza;2304400;65,408
2024;CE;Fortim;2304459;1,414
2024;CE;General Sampaio;2304608;1,943
2024;CE;Graça;2304657;0,405
2024;CE;Granja;2304707;0,624
2024;CE;Guaramiranga;2305100;1,070
2024;CE;Hidrolândia;2305209;0,658
2024;CE;Horizonte;2305233;1,149
2024;CE;Ibaretama;2305266;1,193
2024;CE;Ibicuitinga;2305332;0,492
2024;CE;Icapuí;2305357;1,173
2024;CE;Icó;2305407;0,847
2024;CE;Iguatu;2305506;0,420
2024;CE;Ipaporanga;2305654;0,636
2024;CE;Ipaumirim;2305704;0,555
2024;CE;Ipueiras;2305902;0,492
2024;CE;Iracema;2306009;1,644
2024;CE;Itaiçaba;2306207;0,584
2024;CE;Itapajé;2306306;0,422
2024;CE;Itapipoca;2306405;0,921
2024;CE;Itatira;2306603;1,017
2024;CE;Jaguaribara;2306801;0,935
2024;CE;Jaguaribe;2306900;0,470
2024;CE;Jaguaruana;2307007;0,729
2024;CE;Jardim;2307106;0,645
2024;CE;Jati;2307205;0,633
2024;CE;Juazeiro do Norte;2307304;0,769
2024;CE;Jucás;2307403;0,807
2024;CE;Limoeiro do Norte;2307601;3,679
2024;CE;Madalena;2307635;0,762
2024;CE;Maracanaú;2307650;0,721
2024;CE;Martinópole;2307908;0,733
2024;CE;Massapê;2308005;1,293
2024;CE;Milagres;2308302;0,330
2024;CE;Milhã;2308351;0,990
2024;CE;Missão Velha;2308401;0,783
2024;CE;Mombaça;2308500;0,623
2024;CE;Monsenhor Tabosa;2308609;0,715
2024;CE;Nova Russas;2309300;4,631
2024;CE;Ocara;2309458;0,772
2024;CE;Orós;2309508;0,789
2024;CE;Pacajus;2309607;0,606
2024;CE;Pacoti;2309805;0,907
2024;CE;Pacujá;2309904;6,444
2024;CE;Palhano;2310001;0,498
2024;CE;Parambu;2310308;0,710
2024;CE;Pentecoste;2310704;1,917
2024;CE;Pereiro;2310803;1,303
2024;CE;Piquet Carneiro;2310902;1,019
2024;CE;Poranga;2311009;0,629
2024;CE;Potengi;2311207;5,305
2024;CE;Potiretama;2311231;1,414
2024;CE;Quiterianópolis;2311264;0,289
2024;CE;Quixelô;2311355;1,178
2024;CE;Quixeramobim;2311405;0,318
2024;CE;Quixeré;2311504;0,606
2024;CE;Saboeiro;2311900;1,737
2024;CE;Santana do Acaraú;2312007;2,299
2024;CE;Santa Quitéria;2312205;0,920
2024;CE;São João do Jaguaribe;2312502;0,329
2024;CE;São Luís do Curu;2312601;1,359
2024;CE;Senador Pompeu;2312700;0,298
2024;CE;Tabuleiro do Norte;2313104;0,670
2024;CE;Tianguá;2313401;0,832
2024;CE;Tururu;2313559;0,565
2024;CE;Umari;2313708;0,581
2024;CE;Umirim;2313757;0,604
2024;CE;Uruburetama;2313807;0,232
2024;CE;Uruoca;2313906;0,990
2024;CE;Várzea Alegre;2314003;0,599
2024;CE;Viçosa do Ceará;2314102;0,717
2024;RN;Açu;2400208;0,183
2024;RN;Almino Afonso;2400604;0,959
2024;RN;Areia Branca;2401107;0,375
2024;RN;Arês;2401206;0,771
2024;RN;Baía Formosa;2401404;0,622
2024;RN;Baraúna;2401453;0,927
2024;RN;Barcelona;2401503;1,212
2024;RN;Bento Fernandes;2401602;0,625
2024;RN;Bodó;2401651;0,680
2024;RN;Caicó;2402006;0,211
2024;RN;Campo Redondo;2402105;0,852
2024;RN;Cerro Corá;2402709;0,780
2024;RN;Coronel Ezequiel;2402808;0,584
2024;RN;Cruzeta;2403004;0,585
2024;RN;Currais Novos;2403103;0,573
2024;RN;Doutor Severiano;2403202;0,693
2024;RN;Equador;2403400;1,591
2024;RN;Espírito Santo;2403509;0,861
2024;RN;Extremoz;2403608;0,802
2024;RN;Florânia;2403806;1,225
2024;RN;Galinhos;2404101;0,617
2024;RN;Goianinha;2404200;0,737
2024;RN;Ielmo Marinho;2404606;0,609
2024;RN;Itaú;2404903;1,330
2024;RN;Januário Cicco (Boa Saúde);2405306;0,418
2024;RN;Jardim de Angicos;2405504;0,831
2024;RN;Jardim de Piranhas;2405603;0,439
2024;RN;João Câmara;2405801;0,728
2024;RN;João Dias;2405900;0,765
2024;RN;Jucurutu;2406106;0,730
2024;RN;Jundiá;2406155;0,553
2024;RN;Lagoa d'Anta;2406205;0,349
2024;RN;Lagoa Salgada;2406601;0,515
2024;RN;Lajes Pintadas;2406809;0,745
2024;RN;Lucrécia;2406908;0,226
2024;RN;Luís Gomes;2407005;0,711
2024;RN;Macau;2407203;0,536
2024;RN;Marcelino Vieira;2407302;0,342
2024;RN;Montanhas;2407708;0,647
2024;RN;Monte das Gameleiras;2407906;1,219
2024;RN;Mossoró;2408003;1,008
2024;RN;Natal;2408102;11,091
2024;RN;Nova Cruz;2408300;1,585
2024;RN;Paraná;2408607;0,782
2024;RN;Parazinho;2408805;0,873
2024;RN;Pau dos Ferros;2409407;0,624
2024;RN;Pedra Grande;2409506;0,524
2024;RN;Pedro Avelino;2409704;0,291
2024;RN;Pedro Velho;2409803;1,225
2024;RN;Pilões;2410009;0,719
2024;RN;Portalegre;2410207;0,550
2024;RN;Porto do Mangue;2410256;1,010
2024;RN;Pureza;2410405;0,672
2024;RN;Rafael Godeiro;2410603;0,343
2024;RN;Riacho de Santana;2410801;0,603
2024;RN;Rodolfo Fernandes;2411007;0,485
2024;RN;Tibau;2411056;0,496
2024;RN;Ruy Barbosa;2411106;1,203
2024;RN;São Bento do Trairí;2411700;0,766
2024;RN;São Francisco do Oeste;2411908;0,856
2024;RN;São Gonçalo do Amarante;2412005;3,140
2024;RN;São João do Sabugi;2412104;0,834
2024;RN;São José de Mipibu;2412203;0,831
2024;RN;São José do Campestre;2412302;0,801
2024;RN;São José do Seridó;2412401;0,651
2024;RN;São Miguel;2412500;0,655
2024;RN;São Paulo do Potengi;2412609;0,439
2024;RN;São Pedro;2412708;0,524
2024;RN;Senador Elói de Souza;2413102;0,709
2024;RN;Serra do Mel;2413359;2,021
2024;RN;Serrinha;2413508;0,450
2024;RN;Serrinha dos Pintos;2413557;0,565
2024;RN;Severiano Melo;2413607;0,519
2024;RN;Sítio Novo;2413706;1,043
2024;RN;Taipu;2413904;0,591
2024;RN;Tangará;2414001;0,993
2024;RN;Tibau do Sul;2414209;0,374
2024;RN;Touros;2414407;0,363
2024;RN;Triunfo Potiguar;2414456;0,312
2024;RN;Várzea;2414704;0,776
2024;RN;Venha-Ver;2414753;0,361
2024;RN;Vera Cruz;2414803;0,756
2024;PB;Aguiar;2500205;0,224
2024;PB;Alagoa Grande;2500304;0,450
2024;PB;Alcantil;2500536;0,279
2024;PB;Alhandra;2500601;0,292
2024;PB;São João do Rio do Peixe;2500700;0,834
2024;PB;Amparo;2500734;0,598
2024;PB;Aparecida;2500775;0,465
2024;PB;Areia;2501104;0,905
2024;PB;Areia de Baraúnas;2501153;0,524
2024;PB;Areial;2501203;0,338
2024;PB;Assunção;2501351;0,843
2024;PB;Baía da Traição;2501401;0,816
2024;PB;Bananeiras;2501500;0,407
2024;PB;Belém;2501906;0,460
2024;PB;Belém do Brejo do Cruz;2502003;0,475
2024;PB;Boa Ventura;2502102;1,240
2024;PB;Boa Vista;2502151;0,471
2024;PB;Bom Jesus;2502201;0,500
2024;PB;Bom Sucesso;2502300;0,424
2024;PB;Bonito de Santa Fé;2502409;0,415
2024;PB;Igaracy;2502607;0,739
2024;PB;Brejo do Cruz;2502805;1,100
2024;PB;Caaporã;2503001;0,409
2024;PB;Cacimba de Dentro;2503506;0,197
2024;PB;Caiçara;2503605;0,623
2024;PB;Cajazeiras;2503704;0,180
2024;PB;Cajazeirinhas;2503753;0,526
2024;PB;Camalaú;2503902;0,590
2024;PB;Campina Grande;2504009;0,308
2024;PB;Caraúbas;2504074;0,645
2024;PB;Casserengue;2504157;0,551
2024;PB;Catingueira;2504207;0,262
2024;PB;Catolé do Rocha;2504306;0,395
2024;PB;Caturité;2504355;0,579
2024;PB;Conceição;2504405;0,893
2024;PB;Condado;2504504;0,451
2024;PB;Conde;2504603;0,500
2024;PB;Congo;2504702;0,371
2024;PB;Coremas;2504801;0,646
2024;PB;Cubati;2505006;0,557
2024;PB;Cuitegi;2505204;0,739
2024;PB;Cuité de Mamanguape;2505238;0,878
2024;PB;Damião;2505352;0,395
2024;PB;Dona Inês;2505709;0,498
2024;PB;Duas Estradas;2505808;1,629
2024;PB;Emas;2505907;0,673
2024;PB;Esperança;2506004;0,754
2024;PB;Fagundes;2506103;0,705
2024;PB;Frei Martinho;2506202;0,491
2024;PB;Guarabira;2506301;0,935
2024;PB;Gurjão;2506509;1,308
2024;PB;Ibiara;2506608;1,183
2024;PB;Ingá;2506806;0,777
2024;PB;Itaporanga;2507002;0,247
2024;PB;Itapororoca;2507101;0,304
2024;PB;Itatuba;2507200;1,184
2024;PB;Jacaraú;2507309;0,778
2024;PB;João Pessoa;2507507;9,795
2024;PB;Junco do Seridó;2507804;1,519
2024;PB;Juru;2508000;0,223
2024;PB;Lagoa;2508109;0,394
2024;PB;Lastro;2508406;0,666
2024;PB;Livramento;2508505;1,052
2024;PB;Mamanguape;2508901;0,916
2024;PB;Marcação;2509057;1,480
2024;PB;Mari;2509107;0,863
2024;PB;Massaranduba;2509206;0,490
2024;PB;Montadas;2509503;1,273
2024;PB;Monteiro;2509701;0,587
2024;PB;Mulungu;2509800;0,444
2024;PB;Nova Palmeira;2510303;0,264
2024;PB;Olho d'Água;2510402;0,609
2024;PB;Parari;2510659;0,288
2024;PB;Pedra Branca;2511004;0,841
2024;PB;Pedra Lavrada;2511103;0,313
2024;PB;Pilar;2511509;0,508
2024;PB;Pilões;2511608;0,505
2024;PB;Pilõezinhos;2511707;0,350
2024;PB;Poço Dantas;2512036;0,532
2024;PB;Princesa Isabel;2512309;0,754
2024;PB;Puxinanã;2512408;0,560
2024;PB;Queimadas;2512507;1,781
2024;PB;Quixabá;2512606;0,478
2024;PB;Remígio;2512705;0,557
2024;PB;Pedro Régis;2512721;0,997
2024;PB;Rio Tinto;2512903;0,394
2024;PB;Salgadinho;2513000;3,186
2024;PB;Santa Cecília;2513158;0,370
2024;PB;Santa Cruz;2513208;0,438
2024;PB;Santa Inês;2513356;0,676
2024;PB;Santa Luzia;2513406;0,418
2024;PB;Santana dos Garrotes;2513604;0,479
2024;PB;Joca Claudino;2513653;0,241
2024;PB;Santa Teresinha;2513802;1,247
2024;PB;Santo André;2513851;0,814
2024;PB;São Bento;2513901;0,702
2024;PB;São Domingos;2513968;0,452
2024;PB;São Francisco;2513984;0,256
2024;PB;São João do Cariri;2514008;0,708
2024;PB;São João do Tigre;2514107;0,701
2024;PB;São José da Lagoa Tapada;2514206;0,250
2024;PB;São José de Espinharas;2514404;0,306
2024;PB;São José do Brejo do Cruz;2514651;0,577
2024;PB;São José do Sabugi;2514701;0,681
2024;PB;São Sebastião de Lagoa de Roça;2515104;0,556
2024;PB;Serra da Raiz;2515609;0,692
2024;PB;Serra Grande;2515708;0,637
2024;PB;Serra Redonda;2515807;0,556
2024;PB;Serraria;2515906;0,310
2024;PB;Sertãozinho;2515930;0,596
2024;PB;Sobrado;2515971;0,442
2024;PB;Sossêgo;2516151;0,227
2024;PB;Tacima;2516409;0,601
2024;PB;Taperoá;2516508;0,903
2024;PB;Tenório;2516755;1,008
2024;PB;Várzea;2517100;0,856
2024;PB;Vieirópolis;2517209;0,517
2024;PE;Afrânio;2600203;0,435
2024;PE;Alagoinha;2600609;0,343
2024;PE;Aliança;2600708;0,650
2024;PE;Amaraji;2600906;0,621
2024;PE;Angelim;2601003;0,630
2024;PE;Araçoiaba;2601052;0,485
2024;PE;Araripina;2601102;1,019
2024;PE;Arcoverde;2601201;0,947
2024;PE;Belém de Maria;2601508;1,521
2024;PE;Belém do São Francisco;2601607;0,427
2024;PE;Belo Jardim;2601706;1,331
2024;PE;Bodocó;2602001;1,096
2024;PE;Bonito;2602308;0,318
2024;PE;Brejão;2602407;0,664
2024;PE;Brejinho;2602506;0,772
2024;PE;Brejo da Madre de Deus;2602605;1,099
2024;PE;Buenos Aires;2602704;3,369
2024;PE;Buíque;2602803;1,014
2024;PE;Cabo de Santo Agostinho;2602902;4,293
2024;PE;Caetés;2603207;0,517
2024;PE;Calumbi;2603405;0,766
2024;PE;Camutanga;2603603;1,262
2024;PE;Carnaubeira da Penha;2603926;0,769
2024;PE;Carpina;2604007;0,465
2024;PE;Caruaru;2604106;0,492
2024;PE;Casinhas;2604155;0,696
2024;PE;Catende;2604205;0,620
2024;PE;Cedro;2604304;0,596
2024;PE;Chã Grande;2604502;0,335
2024;PE;Condado;2604601;0,659
2024;PE;Cortês;2604809;1,506
2024;PE;Cumaru;2604908;0,458
2024;PE;Cupira;2605004;0,760
2024;PE;Dormentes;2605152;4,672
2024;PE;Escada;2605202;0,845
2024;PE;Feira Nova;2605400;1,105
2024;PE;Fernando de Noronha;2605459;0,360
2024;PE;Ferreiros;2605509;0,764
2024;PE;Floresta;2605707;1,252
2024;PE;Frei Miguelinho;2605806;10,053
2024;PE;Goiana;2606200;0,447
2024;PE;Gravatá;2606408;0,480
2024;PE;Iati;2606507;0,662
2024;PE;Iguaracy;2606903;0,219
2024;PE;Inajá;2607000;0,701
2024;PE;Itacuruba;2607406;0,278
2024;PE;Itaíba;2607505;0,496
2024;PE;Itambé;2607653;0,448
2024;PE;Itaquitinga;2607802;0,457
2024;PE;Jataúba;2608008;0,516
2024;PE;Jatobá;2608057;0,234
2024;PE;João Alfredo;2608107;0,737
2024;PE;Joaquim Nabuco;2608206;0,660
2024;PE;Jupi;2608305;0,719
2024;PE;Jurema;2608404;0,987
2024;PE;Lagoa do Ouro;2608602;0,936
2024;PE;Lagoa dos Gatos;2608701;1,192
2024;PE;Macaparana;2609006;0,707
2024;PE;Manari;2609154;0,959
2024;PE;Maraial;2609204;0,370
2024;PE;Moreno;2609402;0,712
2024;PE;Olinda;2609600;0,367
2024;PE;Orobó;2609709;0,687
2024;PE;Ouricuri;2609907;0,441
2024;PE;Palmares;2610004;0,580
2024;PE;Palmeirina;2610103;5,047
2024;PE;Panelas;2610202;1,585
2024;PE;Paranatama;2610301;7,535
2024;PE;Passira;2610509;0,648
2024;PE;Paudalho;2610608;0,522
2024;PE;Paulista;2610707;0,491
2024;PE;Pedra;2610806;0,486
2024;PE;Pesqueira;2610905;0,363
2024;PE;Petrolândia;2611002;0,357
2024;PE;Petrolina;2611101;0,519
2024;PE;Poção;2611200;0,531
2024;PE;Pombos;2611309;0,805
2024;PE;Recife;2611606;162,166
2024;PE;Riacho das Almas;2611705;0,703
2024;PE;Rio Formoso;2611903;0,371
2024;PE;Sairé;2612000;0,493
2024;PE;Salgadinho;2612109;1,417
2024;PE;Salgueiro;2612208;1,537
2024;PE;Saloá;2612307;0,629
2024;PE;Santa Cruz;2612455;2,527
2024;PE;Santa Cruz da Baixa Verde;2612471;0,976
2024;PE;Santa Cruz do Capibaribe;2612505;0,727
2024;PE;Santa Maria da Boa Vista;2612604;0,677
2024;PE;Santa Terezinha;2612802;0,998
2024;PE;São Benedito do Sul;2612901;0,955
2024;PE;São José do Belmonte;2613503;0,348
2024;PE;São José do Egito;2613602;0,421
2024;PE;São Lourenço da Mata;2613701;0,638
2024;PE;Serra Talhada;2613909;0,512
2024;PE;Serrita;2614006;0,348
2024;PE;Sertânia;2614105;1,107
2024;PE;Moreilândia;2614303;0,951
2024;PE;Surubim;2614501;0,422
2024;PE;Tacaimbó;2614709;0,895
2024;PE;Tacaratu;2614808;0,951
2024;PE;Tamandaré;2614857;0,556
2024;PE;Terezinha;2615102;7,210
2024;PE;Toritama;2615409;0,489
2024;PE;Triunfo;2615706;1,431
2024;PE;Tupanatinga;2615805;0,744
2024;PE;Venturosa;2616001;0,908
2024;PE;Verdejante;2616100;0,646
2024;PE;Vertente do Lério;2616183;11,037
2024;PE;Vertentes;2616209;1,062
2024;PE;Vicência;2616308;0,658
2024;AL;Atalaia;2700409;0,784
2024;AL;Barra de São Miguel;2700607;0,650
2024;AL;Belém;2700805;1,360
2024;AL;Cajueiro;2701308;0,569
2024;AL;Campestre;2701357;0,417
2024;AL;Campo Grande;2701506;0,897
2024;AL;Carneiros;2701803;0,434
2024;AL;Chã Preta;2701902;0,925
2024;AL;Coité do Nóia;2702009;0,475
2024;AL;Coqueiro Seco;2702207;0,387
2024;AL;Dois Riachos;2702504;0,377
2024;AL;Feliz Deserto;2702702;1,168
2024;AL;Girau do Ponciano;2702900;1,373
2024;AL;Igaci;2703106;0,529
2024;AL;Igreja Nova;2703205;3,209
2024;AL;Inhapi;2703304;1,494
2024;AL;Jacaré dos Homens;2703403;0,451
2024;AL;Japaratinga;2703601;1,108
2024;AL;Jequiá da Praia;2703759;0,547
2024;AL;Junqueiro;2704005;0,659
2024;AL;Maceió;2704302;6,015
2024;AL;Major Isidoro;2704401;0,716
2024;AL;Maragogi;2704500;0,837
2024;AL;Maribondo;2704807;0,848
2024;AL;Mar Vermelho;2704906;0,414
2024;AL;Matriz de Camaragibe;2705101;1,182
2024;AL;Messias;2705200;1,569
2024;AL;Monteirópolis;2705408;0,838
2024;AL;Murici;2705507;1,006
2024;AL;Novo Lino;2705606;0,303
2024;AL;Olho d'Água das Flores;2705705;0,423
2024;AL;Ouro Branco;2706109;1,215
2024;AL;Palestina;2706208;1,064
2024;AL;Palmeira dos Índios;2706307;0,678
2024;AL;Pariconha;2706422;0,511
2024;AL;Passo de Camaragibe;2706505;0,636
2024;AL;Pindoba;2707008;0,772
2024;AL;Poço das Trincheiras;2707206;0,990
2024;AL;Porto Calvo;2707305;0,559
2024;AL;Quebrangulo;2707602;0,304
2024;AL;Rio Largo;2707701;0,698
2024;AL;Santana do Ipanema;2708006;0,325
2024;AL;São Brás;2708204;1,263
2024;AL;São José da Laje;2708303;0,840
2024;AL;São Luís do Quitunde;2708501;1,137
2024;AL;São Miguel dos Campos;2708600;0,915
2024;AL;São Miguel dos Milagres;2708709;0,816
2024;AL;Senador Rui Palmeira;2708956;0,386
2024;AL;Tanque d'Arca;2709004;0,490
2024;AL;Taquarana;2709103;0,430
2024;AL;Traipu;2709202;0,501
2024;AL;União dos Palmares;2709301;0,607
2024;AL;Viçosa;2709400;0,434
2024;SE;Amparo de São Francisco;2800100;0,352
2024;SE;Aracaju;2800308;7,601
2024;SE;Arauá;2800407;0,372
2024;SE;Barra dos Coqueiros;2800605;0,758
2024;SE;Canhoba;2801108;0,619
2024;SE;Canindé de São Francisco;2801207;0,778
2024;SE;Cumbe;2801900;0,524
2024;SE;Divina Pastora;2802007;0,513
2024;SE;Feira Nova;2802205;0,734
2024;SE;Gararu;2802403;0,673
2024;SE;Gracho Cardoso;2802601;0,683
2024;SE;Itabaianinha;2803005;0,581
2024;SE;Lagarto;2803500;0,725
2024;SE;Laranjeiras;2803609;0,320
2024;SE;Macambira;2803708;0,694
2024;SE;Malhada dos Bois;2803807;0,471
2024;SE;Moita Bonita;2804102;0,638
2024;SE;Monte Alegre de Sergipe;2804201;0,433
2024;SE;Muribeca;2804300;0,299
2024;SE;Neópolis;2804409;0,379
2024;SE;Nossa Senhora Aparecida;2804458;1,622
2024;SE;Nossa Senhora da Glória;2804508;0,511
2024;SE;Pacatuba;2804904;0,604
2024;SE;Pedra Mole;2805000;1,328
2024;SE;Pedrinhas;2805109;0,365
2024;SE;Riachuelo;2805901;0,265
2024;SE;Santa Luzia do Itanhy;2806305;1,186
2024;SE;Santana do São Francisco;2806404;0,491
2024;SE;São Domingos;2806800;0,772
2024;SE;São Francisco;2806909;0,514
2024;SE;São Miguel do Aleixo;2807006;0,164
2024;SE;Simão Dias;2807105;1,695
2024;SE;Telha;2807303;0,802
2024;SE;Tobias Barreto;2807402;0,853
2024;SE;Umbaúba;2807600;0,570
2024;BA;Abaré;2900207;0,442
2024;BA;Alcobaça;2900801;1,145
2024;BA;Almadina;2900900;0,770
2024;BA;Amélia Rodrigues;2901106;0,587
2024;BA;Anagé;2901205;1,470
2024;BA;Andaraí;2901304;0,332
2024;BA;Angical;2901403;0,322
2024;BA;Antônio Cardoso;2901700;0,909
2024;BA;Aporá;2901908;3,082
2024;BA;Apuarema;2901957;1,148
2024;BA;Aracatu;2902005;1,302
2024;BA;Araci;2902104;1,174
2024;BA;Aramari;2902203;0,682
2024;BA;Arataca;2902252;0,453
2024;BA;Aratuípe;2902302;0,608
2024;BA;Aurelino Leal;2902401;0,420
2024;BA;Baianópolis;2902500;0,621
2024;BA;Baixa Grande;2902609;0,689
2024;BA;Banzaê;2902658;1,126
2024;BA;Barra;2902708;0,550
2024;BA;Barra da Estiva;2902807;0,640
2024;BA;Barra do Mendes;2903003;0,619
2024;BA;Barra do Rocha;2903102;0,902
2024;BA;Barro Alto;2903235;1,323
2024;BA;Barrocas;2903276;1,092
2024;BA;Barro Preto;2903300;0,783
2024;BA;Belmonte;2903409;1,181
2024;BA;Belo Campo;2903508;2,325
2024;BA;Biritinga;2903607;0,333
2024;BA;Bom Jesus da Lapa;2903904;1,652
2024;BA;Bom Jesus da Serra;2903953;0,966
2024;BA;Boninal;2904001;0,709
2024;BA;Bonito;2904050;0,943
2024;BA;Boquira;2904100;0,832
2024;BA;Brejões;2904308;0,325
2024;BA;Brumado;2904605;0,345
2024;BA;Buerarema;2904704;0,660
2024;BA;Cabaceiras do Paraguaçu;2904852;0,304
2024;BA;Cachoeira;2904902;0,377
2024;BA;Caculé;2905008;1,144
2024;BA;Caém;2905107;0,850
2024;BA;Caetité;2905206;0,169
2024;BA;Cafarnaum;2905305;0,355
2024;BA;Caldeirão Grande;2905503;3,393
2024;BA;Camacan;2905602;0,328
2024;BA;Camaçari;2905701;0,842
2024;BA;Campo Alegre de Lourdes;2905909;0,281
2024;BA;Campo Formoso;2906006;1,191
2024;BA;Cândido Sales;2906709;0,563
2024;BA;Cansanção;2906808;1,139
2024;BA;Capim Grosso;2906873;0,400
2024;BA;Cardeal da Silva;2907004;0,269
2024;BA;Chorrochó;2907707;1,162
2024;BA;Coaraci;2908002;0,353
2024;BA;Cocos;2908101;0,802
2024;BA;Conceição da Feira;2908200;0,392
2024;BA;Conceição do Almeida;2908309;0,780
2024;BA;Conceição do Coité;2908408;0,666
2024;BA;Conceição do Jacuípe;2908507;0,665
2024;BA;Conde;2908606;0,216
2024;BA;Coração de Maria;2908903;0,895
2024;BA;Cordeiros;2909000;0,648
2024;BA;Coribe;2909109;0,790
2024;BA;Coronel João Sá;2909208;0,467
2024;BA;Cotegipe;2909406;0,501
2024;BA;Cravolândia;2909505;0,475
2024;BA;Crisópolis;2909604;0,544
2024;BA;Cristópolis;2909703;0,371
2024;BA;Curaçá;2909901;0,959
2024;BA;Dário Meira;2910008;0,620
2024;BA;Dias d'Ávila;2910057;0,817
2024;BA;Dom Basílio;2910107;0,619
2024;BA;Elísio Medrado;2910305;2,230
2024;BA;Encruzilhada;2910404;0,591
2024;BA;Eunápolis;2910727;0,976
2024;BA;Feira de Santana;2910800;1,713
2024;BA;Firmino Alves;2910909;1,173
2024;BA;Formosa do Rio Preto;2911105;1,127
2024;BA;Glória;2911402;0,760
2024;BA;Governador Mangabeira;2911600;0,447
2024;BA;Guajeru;2911659;0,966
2024;BA;Ibiassucê;2912004;0,438
2024;BA;Ibicaraí;2912103;1,731
2024;BA;Ibicoara;2912202;0,845
2024;BA;Ibipeba;2912400;0,270
2024;BA;Ibiquera;2912608;0,623
2024;BA;Ibitiara;2913002;0,787
2024;BA;Ichu;2913309;0,431
2024;BA;Igrapiúna;2913457;0,743
2024;BA;Iguaí;2913507;0,431
2024;BA;Inhambupe;2913705;0,785
2024;BA;Ipecaetá;2913804;0,374
2024;BA;Ipiaú;2913903;0,837
2024;BA;Ipirá;2914000;0,561
2024;BA;Irajuba;2914208;1,461
2024;BA;Irecê;2914604;0,270
2024;BA;Itaberaba;2914703;0,590
2024;BA;Itacaré;2914901;0,815
2024;BA;Itagimirim;2915304;0,439
2024;BA;Itamari;2915700;0,326
2024;BA;Itapé;2916203;0,656
2024;BA;Itapicuru;2916500;1,385
2024;BA;Itapitanga;2916609;0,748
2024;BA;Itaquara;2916708;0,420
2024;BA;Itarantim;2916807;0,537
2024;BA;Itatim;2916856;0,529
2024;BA;Itiruçu;2916906;0,775
2024;BA;Ituberá;2917300;0,452
2024;BA;Iuiú;2917334;0,358
2024;BA;Jaborandi;2917359;0,601
2024;BA;Jacaraci;2917409;0,367
2024;BA;Jacobina;2917508;0,407
2024;BA;Jaguaripe;2917805;1,144
2024;BA;Jandaíra;2917904;0,366
2024;BA;Jiquiriçá;2918209;0,563
2024;BA;Jitaúna;2918308;0,613
2024;BA;Juazeiro;2918407;0,453
2024;BA;Jussara;2918506;0,718
2024;BA;Jussari;2918555;0,837
2024;BA;Jussiape;2918605;1,762
2024;BA;Lafaiete Coutinho;2918704;0,484
2024;BA;Lajedão;2918902;1,045
2024;BA;Lajedinho;2919009;0,911
2024;BA;Lapão;2919157;0,448
2024;BA;Lauro de Freitas;2919207;0,662
2024;BA;Lençóis;2919306;0,436
2024;BA;Licínio de Almeida;2919405;0,415
2024;BA;Livramento de Nossa Senhora;2919504;0,812
2024;BA;Macarani;2919702;0,830
2024;BA;Macaúbas;2919801;0,409
2024;BA;Macururé;2919900;0,785
2024;BA;Madre de Deus;2919926;0,316
2024;BA;Malhada de Pedras;2920304;0,891
2024;BA;Mansidão;2920452;1,649
2024;BA;Maracás;2920502;3,041
2024;BA;Maraú;2920700;0,536
2024;BA;Marcionílio Souza;2920809;0,612
2024;BA;Mata de São João;2921005;0,479
2024;BA;Miguel Calmon;2921203;1,051
2024;BA;Milagres;2921302;1,113
2024;BA;Mirangaba;2921401;1,210
2024;BA;Monte Santo;2921500;0,738
2024;BA;Morpará;2921609;0,603
2024;BA;Morro do Chapéu;2921708;3,407
2024;BA;Mucugê;2921906;0,530
2024;BA;Mundo Novo;2922102;0,362
2024;BA;Muritiba;2922300;1,640
2024;BA;Mutuípe;2922409;1,699
2024;BA;Nordestina;2922656;9,495
2024;BA;Nova Ibiá;2922755;1,247
2024;BA;Nova Itarana;2922805;0,931
2024;BA;Nova Soure;2922904;0,198
2024;BA;Novo Horizonte;2923035;0,483
2024;BA;Oliveira dos Brejinhos;2923209;0,363
2024;BA;Paramirim;2923605;0,687
2024;BA;Paratinga;2923704;0,408
2024;BA;Paulo Afonso;2924009;0,814
2024;BA;Pé de Serra;2924058;1,105
2024;BA;Pedro Alexandre;2924207;0,249
2024;BA;Piatã;2924306;0,363
2024;BA;Pilão Arcado;2924405;0,336
2024;BA;Pindaí;2924504;0,184
2024;BA;Pindobaçu;2924603;3,274
2024;BA;Pintadas;2924652;0,357
2024;BA;Piraí do Norte;2924678;0,695
2024;BA;Planalto;2925006;0,344
2024;BA;Porto Seguro;2925303;0,390
2024;BA;Prado;2925501;0,539
2024;BA;Presidente Dutra;2925600;0,568
2024;BA;Presidente Jânio Quadros;2925709;0,526
2024;BA;Presidente Tancredo Neves;2925758;0,606
2024;BA;Rafael Jambeiro;2925956;0,832
2024;BA;Riachão das Neves;2926202;0,759
2024;BA;Riachão do Jacuípe;2926301;0,552
2024;BA;Ribeira do Amparo;2926509;0,538
2024;BA;Rio de Contas;2926707;0,627
2024;BA;Rodelas;2927101;0,609
2024;BA;Salinas da Margarida;2927309;0,445
2024;BA;Salvador;2927408;153,509
2024;BA;Santa Brígida;2927606;0,634
2024;BA;Santa Cruz da Vitória;2927804;0,622
2024;BA;Santa Maria da Vitória;2928109;0,349
2024;BA;Santana;2928208;0,734
2024;BA;Santanópolis;2928307;1,016
2024;BA;Santa Teresinha;2928505;0,614
2024;BA;Santo Amaro;2928604;0,643
2024;BA;São Desidério;2928901;0,457
2024;BA;São Felipe;2929107;0,391
2024;BA;São Gabriel;2929255;0,586
2024;BA;São José da Vitória;2929354;0,986
2024;BA;Seabra;2929909;0,484
2024;BA;Sebastião Laranjeiras;2930006;0,638
2024;BA;Senhor do Bonfim;2930105;0,559
2024;BA;Serra do Ramalho;2930154;0,899
2024;BA;Serrinha;2930501;0,529
2024;BA;Serrolândia;2930600;1,114
2024;BA;Sítio do Quinto;2930766;0,509
2024;BA;Sobradinho;2930774;2,239
2024;BA;Tanhaçu;2931004;0,580
2024;BA;Tanque Novo;2931053;1,517
2024;BA;Tanquinho;2931103;0,350
2024;BA;Tapiramutá;2931301;2,830
2024;BA;Teixeira de Freitas;2931350;0,773
2024;BA;Teofilândia;2931509;0,903
2024;BA;Tremedal;2931806;0,360
2024;BA;Uauá;2932002;1,661
2024;BA;Ubaíra;2932101;0,915
2024;BA;Ubatã;2932309;0,866
2024;BA;Uibaí;2932408;1,036
2024;BA;Uruçuca;2932705;1,146
2024;BA;Valença;2932903;0,460
2024;BA;Valente;2933000;0,838
2024;BA;Várzea da Roça;2933059;0,424
2024;BA;Várzea Nova;2933158;0,457
2024;BA;Vera Cruz;2933208;0,608
2024;BA;Vereda;2933257;0,347
2024;BA;Vitória da Conquista;2933307;2,797
2024;BA;Wagner;2933406;0,538
2024;BA;Wenceslau Guimarães;2933505;0,533
2024;MG;Abaeté;3100203;0,814
2024;MG;Água Comprida;3100708;0,519
2024;MG;Aguanil;3100807;0,507
2024;MG;Águas Formosas;3100906;0,474
2024;MG;Águas Vermelhas;3101003;0,791
2024;MG;Albertina;3101409;0,398
2024;MG;Alfredo Vasconcelos;3101631;0,868
2024;MG;Almenara;3101706;0,511
2024;MG;Alto Rio Doce;3102100;0,578
2024;MG;Alvarenga;3102209;0,612
2024;MG;Alvinópolis;3102308;0,441
2024;MG;Alvorada de Minas;3102407;0,457
2024;MG;Amparo do Serra;3102506;0,841
2024;MG;Antônio Dias;3103009;0,740
2024;MG;Antônio Prado de Minas;3103108;0,859
2024;MG;Araporã;3103751;0,539
2024;MG;Araújos;3103900;0,770
2024;MG;Areado;3104304;0,428
2024;MG;Argirita;3104403;0,561
2024;MG;Arinos;3104502;0,882
2024;MG;Astolfo Dutra;3104601;0,621
2024;MG;Bambuí;3105103;0,914
2024;MG;Barão de Cocais;3105400;0,530
2024;MG;Barbacena;3105608;1,141
2024;MG;Barra Longa;3105707;0,981
2024;MG;Bela Vista de Minas;3106002;0,951
2024;MG;Belo Horizonte;3106200;302,703
2024;MG;Belo Oriente;3106309;0,679
2024;MG;Belo Vale;3106408;0,640
2024;MG;Bertópolis;3106606;0,550
2024;MG;Bias Fortes;3106804;0,427
2024;MG;Biquinhas;3107000;0,864
2024;MG;Bocaiúva;3107307;0,697
2024;MG;Bom Jesus da Penha;3107604;0,458
2024;MG;Bom Jesus do Amparo;3107703;0,724
2024;MG;Borda da Mata;3108305;0,476
2024;MG;Botelhos;3108404;0,478
2024;MG;Brasília de Minas;3108602;4,016
2024;MG;Brás Pires;3108701;0,463
2024;MG;Brazópolis;3108909;0,165
2024;MG;Bueno Brandão;3109105;0,449
2024;MG;Buenópolis;3109204;0,569
2024;MG;Bugre;3109253;0,815
2024;MG;Buritizeiro;3109402;0,494
2024;MG;Cabeceira Grande;3109451;0,338
2024;MG;Cabo Verde;3109501;3,752
2024;MG;Cachoeira de Minas;3109709;1,054
2024;MG;Caetanópolis;3109907;0,718
2024;MG;Caiana;3110103;0,379
2024;MG;Cajuri;3110202;0,969
2024;MG;Camacho;3110400;0,581
2024;MG;Camanducaia;3110509;0,423
2024;MG;Cambuí;3110608;0,783
2024;MG;Cambuquira;3110707;0,438
2024;MG;Campanário;3110806;0,926
2024;MG;Campanha;3110905;1,021
2024;MG;Campestre;3111002;1,077
2024;MG;Campina Verde;3111101;1,190
2024;MG;Campo Azul;3111150;1,181
2024;MG;Campo do Meio;3111309;0,488
2024;MG;Cana Verde;3111903;0,700
2024;MG;Caparaó;3112109;0,493
2024;MG;Capelinha;3112307;0,820
2024;MG;Capitão Enéas;3112703;1,331
2024;MG;Caranaíba;3113107;0,824
2024;MG;Carangola;3113305;1,180
2024;MG;Careaçu;3113602;0,413
2024;MG;Carlos Chagas;3113701;0,509
2024;MG;Carmésia;3113800;0,899
2024;MG;Carmo da Mata;3114006;0,720
2024;MG;Carmo do Paranaíba;3114303;0,286
2024;MG;Carmópolis de Minas;3114501;1,254
2024;MG;Carneirinho;3114550;0,534
2024;MG;Carrancas;3114600;0,788
2024;MG;Casa Grande;3114907;0,432
2024;MG;Cascalho Rico;3115003;0,638
2024;MG;Conceição da Barra de Minas;3115201;0,512
2024;MG;Cataguases;3115300;0,954
2024;MG;Catuti;3115474;0,831
2024;MG;Cedro do Abaeté;3115607;0,507
2024;MG;Chalé;3116001;0,945
2024;MG;Chapada do Norte;3116100;1,646
2024;MG;Claraval;3116407;0,647
2024;MG;Claro dos Poções;3116506;1,109
2024;MG;Coluna;3116803;0,818
2024;MG;Comendador Gomes;3116902;0,913
2024;MG;Comercinho;3117009;0,381
2024;MG;Conceição das Pedras;3117207;0,529
2024;MG;Conceição das Alagoas;3117306;0,793
2024;MG;Conceição de Ipanema;3117405;0,334
2024;MG;Conceição do Pará;3117603;0,499
2024;MG;Conceição do Rio Verde;3117702;0,575
2024;MG;Conceição dos Ouros;3117801;0,421
2024;MG;Congonhas do Norte;3118106;0,322
2024;MG;Conselheiro Lafaiete;3118304;0,939
2024;MG;Conselheiro Pena;3118403;0,648
2024;MG;Consolação;3118502;1,607
2024;MG;Contagem;3118601;0,782
2024;MG;Coração de Jesus;3118809;0,702
2024;MG;Cordisburgo;3118908;0,567
2024;MG;Cordislândia;3119005;0,490
2024;MG;Corinto;3119104;1,190
2024;MG;Coromandel;3119302;0,793
2024;MG;Coronel Murta;3119500;0,635
2024;MG;Córrego Danta;3119807;0,791
2024;MG;Córrego do Bom Jesus;3119906;0,742
2024;MG;Córrego Novo;3120003;0,555
2024;MG;Couto de Magalhães de Minas;3120102;0,546
2024;MG;Crisólita;3120151;0,438
2024;MG;Cristais;3120201;0,685
2024;MG;Cristiano Otoni;3120409;0,634
2024;MG;Crucilândia;3120607;0,175
2024;MG;Curral de Dentro;3120870;0,426
2024;MG;Datas;3121001;1,192
2024;MG;Delfim Moreira;3121100;0,416
2024;MG;Delfinópolis;3121209;0,944
2024;MG;Descoberto;3121308;0,433
2024;MG;Desterro de Entre Rios;3121407;2,069
2024;MG;Desterro do Melo;3121506;0,587
2024;MG;Dionísio;3121803;0,667
2024;MG;Divinésia;3121902;2,046
2024;MG;Divino das Laranjeiras;3122108;0,429
2024;MG;Divisa Alegre;3122355;0,938
2024;MG;Divisa Nova;3122405;0,547
2024;MG;Divisópolis;3122454;2,045
2024;MG;Dom Joaquim;3122603;0,339
2024;MG;Dom Silvério;3122702;0,843
2024;MG;Dom Viçoso;3122801;0,544
2024;MG;Dores do Indaiá;3123205;0,520
2024;MG;Dores do Turvo;3123304;0,774
2024;MG;Durandé;3123528;2,954
2024;MG;Elói Mendes;3123601;0,554
2024;MG;Engenheiro Navarro;3123809;1,061
2024;MG;Entre Folhas;3123858;1,290
2024;MG;Ervália;3124005;0,573
2024;MG;Esmeraldas;3124104;2,393
2024;MG;Espera Feliz;3124203;1,034
2024;MG;Espinosa;3124302;0,824
2024;MG;Estrela Dalva;3124609;0,692
2024;MG;Estrela do Sul;3124807;1,160
2024;MG;Eugenópolis;3124906;0,861
2024;MG;Ewbank da Câmara;3125002;0,692
2024;MG;Extrema;3125101;0,304
2024;MG;Fama;3125200;0,600
2024;MG;São Gonçalo do Rio Preto;3125507;1,358
2024;MG;Felisburgo;3125606;1,314
2024;MG;Fernandes Tourinho;3125804;0,492
2024;MG;Fervedouro;3125952;0,657
2024;MG;Florestal;3126000;0,634
2024;MG;Formiga;3126109;0,832
2024;MG;Francisco Badaró;3126505;0,378
2024;MG;Franciscópolis;3126752;0,582
2024;MG;Frei Inocêncio;3126901;1,776
2024;MG;Funilândia;3127206;0,517
2024;MG;Gameleiras;3127339;3,231
2024;MG;Glaucilândia;3127354;1,019
2024;MG;Goianá;3127388;1,039
2024;MG;Gonçalves;3127404;0,482
2024;MG;Gonzaga;3127503;0,371
2024;MG;Gouveia;3127602;0,545
2024;MG;Grão Mogol;3127800;0,450
2024;MG;Grupiara;3127909;0,307
2024;MG;Guanhães;3128006;0,949
2024;MG;Guapé;3128105;0,323
2024;MG;Guaranésia;3128303;0,627
2024;MG;Guaxupé;3128709;0,644
2024;MG;Guimarânia;3128907;0,372
2024;MG;Guiricema;3129004;0,591
2024;MG;Iapu;3129301;0,883
2024;MG;Ibiá;3129509;0,662
2024;MG;Ibiaí;3129608;0,425
2024;MG;Ibiracatu;3129657;0,930
2024;MG;Ibiraci;3129707;0,555
2024;MG;Ibirité;3129806;0,823
2024;MG;Ibitiúra de Minas;3129905;0,716
2024;MG;Icaraí de Minas;3130051;0,675
2024;MG;Igarapé;3130101;0,527
2024;MG;Igaratinga;3130200;0,497
2024;MG;Ijaci;3130408;3,137
2024;MG;Inconfidentes;3130606;0,459
2024;MG;Ingaí;3130804;1,508
2024;MG;Inhapim;3130903;0,636
2024;MG;Inhaúma;3131000;0,442
2024;MG;Ipaba;3131158;0,762
2024;MG;Ipatinga;3131307;1,110
2024;MG;Ipuiúna;3131505;0,443
2024;MG;Iraí de Minas;3131604;0,813
2024;MG;Itabirinha;3131802;0,637
2024;MG;Itacambira;3132008;0,249
2024;MG;Itacarambi;3132107;0,343
2024;MG;Itaguara;3132206;0,448
2024;MG;Itajubá;3132404;0,460
2024;MG;Itambacuri;3132701;0,399
2024;MG;Itambé do Mato Dentro;3132800;0,551
2024;MG;Itanhomi;3133204;0,902
2024;MG;Itaobim;3133303;0,418
2024;MG;Itapecerica;3133501;0,987
2024;MG;Itapeva;3133600;0,981
2024;MG;Itinga;3134004;0,555
2024;MG;Itueta;3134103;0,583
2024;MG;Ituiutaba;3134202;0,885
2024;MG;Itumirim;3134301;0,406
2024;MG;Iturama;3134400;0,303
2024;MG;Itutinga;3134509;0,271
2024;MG;Jaboticatubas;3134608;0,616
2024;MG;Jacutinga;3134905;0,391
2024;MG;Jaguaraçu;3135001;0,171
2024;MG;Jaíba;3135050;1,202
2024;MG;Jampruca;3135076;1,625
2024;MG;Janaúba;3135100;0,475
2024;MG;Januária;3135209;1,978
2024;MG;Japaraíba;3135308;0,628
2024;MG;Japonvar;3135357;0,925
2024;MG;Jequeri;3135506;0,761
2024;MG;Jequitaí;3135605;1,735
2024;MG;Jequitibá;3135704;0,383
2024;MG;Joaíma;3136009;1,279
2024;MG;João Pinheiro;3136306;0,308
2024;MG;Joaquim Felício;3136405;0,263
2024;MG;Jordânia;3136504;0,379
2024;MG;Josenópolis;3136579;3,695
2024;MG;Juruaia;3136900;0,588
2024;MG;Juvenília;3136959;0,396
2024;MG;Lagoa da Prata;3137205;0,775
2024;MG;Lambari;3137809;1,606
2024;MG;Lamim;3137908;0,374
2024;MG;Leme do Prado;3138351;0,448
2024;MG;Leopoldina;3138401;0,618
2024;MG;Liberdade;3138500;0,571
2024;MG;Lima Duarte;3138609;0,350
2024;MG;Limeira do Oeste;3138625;0,666
2024;MG;Luisburgo;3138674;0,555
2024;MG;Machado;3139003;0,599
2024;MG;Madre de Deus de Minas;3139102;0,263
2024;MG;Malacacheta;3139201;0,840
2024;MG;Mamonas;3139250;0,656
2024;MG;Manga;3139300;0,981
2024;MG;Manhuaçu;3139409;0,801
2024;MG;Manhumirim;3139508;1,011
2024;MG;Mantena;3139607;0,590
2024;MG;Maria da Fé;3139904;0,324
2024;MG;Mariana;3140001;0,896
2024;MG;Mário Campos;3140159;0,522
2024;MG;Maripá de Minas;3140209;0,738
2024;MG;Marliéria;3140308;0,418
2024;MG;Materlândia;3140605;0,714
2024;MG;Matias Cardoso;3140852;0,324
2024;MG;Matozinhos;3141108;0,946
2024;MG;Mendes Pimentel;3141504;0,617
2024;MG;Mesquita;3141702;1,626
2024;MG;Minas Novas;3141801;0,392
2024;MG;Minduri;3141900;0,578
2024;MG;Mirabela;3142007;0,769
2024;MG;Miradouro;3142106;0,746
2024;MG;Miraí;3142205;0,682
2024;MG;Miravânia;3142254;0,447
2024;MG;Moeda;3142304;0,581
2024;MG;Moema;3142403;1,045
2024;MG;Monjolos;3142502;0,301
2024;MG;Monsenhor Paulo;3142601;0,443
2024;MG;Monte Alegre de Minas;3142809;0,510
2024;MG;Monte Azul;3142908;0,468
2024;MG;Monte Carmelo;3143104;0,582
2024;MG;Morro do Pilar;3143708;0,694
2024;MG;Muriaé;3143906;0,594
2024;MG;Nacip Raydan;3144201;0,497
2024;MG;Natércia;3144409;0,878
2024;MG;Nepomuceno;3144607;0,362
2024;MG;Ninheira;3144656;0,425
2024;MG;Nova Belém;3144672;0,373
2024;MG;Nova Era;3144706;1,494
2024;MG;Nova Ponte;3145000;0,742
2024;MG;Nova Serrana;3145208;0,719
2024;MG;Novo Cruzeiro;3145307;1,308
2024;MG;Novo Oriente de Minas;3145356;0,434
2024;MG;Novorizonte;3145372;0,611
2024;MG;Olhos d'Água;3145455;0,759
2024;MG;Oliveira;3145604;0,520
2024;MG;Onça de Pitangui;3145802;0,780
2024;MG;Orizânia;3145877;0,884
2024;MG;Ouro Branco;3145901;0,834
2024;MG;Ouro Fino;3146008;1,228
2024;MG;Ouro Preto;3146107;1,259
2024;MG;Ouro Verde de Minas;3146206;0,758
2024;MG;Padre Carvalho;3146255;0,441
2024;MG;Paineiras;3146404;2,592
2024;MG;Pains;3146503;0,361
2024;MG;Pai Pedro;3146552;0,574
2024;MG;Paiva;3146602;0,884
2024;MG;Paracatu;3147006;0,684
2024;MG;Paraguaçu;3147204;0,668
2024;MG;Passabém;3147501;0,728
2024;MG;Passa Quatro;3147600;0,858
2024;MG;Passa Tempo;3147709;0,366
2024;MG;Passos;3147907;0,869
2024;MG;Patos de Minas;3148004;0,649
2024;MG;Paula Cândido;3148301;1,698
2024;MG;Paulistas;3148400;0,613
2024;MG;Pavão;3148509;0,374
2024;MG;Pedra do Indaiá;3148905;0,792
2024;MG;Pedra Dourada;3149002;0,329
2024;MG;Pedro Leopoldo;3149309;0,758
2024;MG;Pequi;3149606;1,860
2024;MG;Perdizes;3149804;0,458
2024;MG;Piau;3150109;0,397
2024;MG;Piedade de Caratinga;3150158;1,299
2024;MG;Piedade dos Gerais;3150406;0,516
2024;MG;Pimenta;3150505;0,683
2024;MG;Pingo-d'Água;3150539;0,449
2024;MG;Pirajuba;3150703;0,364
2024;MG;Piranguçu;3150901;0,325
2024;MG;Pirapetinga;3151107;0,356
2024;MG;Pirapora;3151206;0,642
2024;MG;Pitangui;3151404;0,912
2024;MG;Piumhi;3151503;0,774
2024;MG;Poço Fundo;3151701;0,805
2024;MG;Ponto Chique;3152131;0,823
2024;MG;Porteirinha;3152204;0,445
2024;MG;Porto Firme;3152303;0,248
2024;MG;Prados;3152709;0,554
2024;MG;Prata;3152808;0,289
2024;MG;Pratápolis;3152907;0,650
2024;MG;Pratinha;3153004;0,564
2024;MG;Presidente Bernardes;3153103;1,467
2024;MG;Presidente Kubitschek;3153301;1,038
2024;MG;Presidente Olegário;3153400;0,745
2024;MG;Alto Jequitibá;3153509;0,460
2024;MG;Prudente de Morais;3153608;0,310
2024;MG;Quartel Geral;3153707;1,503
2024;MG;Recreio;3154101;0,565
2024;MG;Reduto;3154150;0,707
2024;MG;Ressaquinha;3154408;0,420
2024;MG;Riacho dos Machados;3154507;1,276
2024;MG;Ribeirão Vermelho;3154705;0,395
2024;MG;Rio do Prado;3155108;0,498
2024;MG;Rio Espera;3155207;0,710
2024;MG;Rio Paranaíba;3155504;0,936
2024;MG;Rio Pardo de Minas;3155603;1,536
2024;MG;Rio Preto;3155900;1,233
2024;MG;Rodeiro;3156304;0,446
2024;MG;Rubelita;3156502;0,576
2024;MG;Sabará;3156700;0,754
2024;MG;Sacramento;3156908;1,174
2024;MG;Santa Bárbara do Leste;3157252;0,632
2024;MG;Santa Bárbara do Monte Verde;3157278;0,352
2024;MG;Santa Bárbara do Tugúrio;3157302;1,280
2024;MG;Santa Cruz de Salinas;3157377;1,653
2024;MG;Santa Efigênia de Minas;3157500;0,728
2024;MG;Santa Helena de Minas;3157658;1,364
2024;MG;Santa Margarida;3157906;1,217
2024;MG;Santa Maria do Salto;3158102;0,376
2024;MG;Santa Maria do Suaçuí;3158201;0,555
2024;MG;Santana de Cataguases;3158409;0,320
2024;MG;Santana do Deserto;3158607;0,586
2024;MG;Santana do Garambéu;3158706;0,677
2024;MG;Santana do Manhuaçu;3158904;0,273
2024;MG;Santana do Paraíso;3158953;0,569
2024;MG;Santana do Riacho;3159001;0,484
2024;MG;Santa Rita de Caldas;3159209;1,968
2024;MG;Santa Rita do Itueto;3159506;1,275
2024;MG;Santo Antônio do Aventureiro;3160009;1,005
2024;MG;Santo Antônio do Grama;3160108;1,079
2024;MG;Santo Antônio do Itambé;3160207;9,575
2024;MG;Santos Dumont;3160702;0,500
2024;MG;São Brás do Suaçuí;3160900;0,409
2024;MG;São Domingos do Prata;3161007;0,417
2024;MG;São Félix de Minas;3161056;0,985
2024;MG;São Francisco;3161106;1,319
2024;MG;São Francisco de Paula;3161205;0,571
2024;MG;São Gonçalo do Pará;3161809;0,814
2024;MG;São Gonçalo do Rio Abaixo;3161908;0,457
2024;MG;São Gonçalo do Sapucaí;3162005;0,888
2024;MG;São João das Missões;3162450;0,293
2024;MG;São João do Manhuaçu;3162559;1,017
2024;MG;São João do Manteninha;3162575;1,045
2024;MG;São João do Pacuí;3162658;0,452
2024;MG;São João Nepomuceno;3162906;1,124
2024;MG;São Joaquim de Bicas;3162922;0,154
2024;MG;São José da Lapa;3162955;0,521
2024;MG;São José da Varginha;3163102;0,911
2024;MG;São José do Alegre;3163201;0,572
2024;MG;São José do Divino;3163300;0,277
2024;MG;São Miguel do Anta;3163805;0,652
2024;MG;São Pedro da União;3163904;0,417
2024;MG;São Pedro dos Ferros;3164001;1,096
2024;MG;São Pedro do Suaçuí;3164100;0,274
2024;MG;São Roque de Minas;3164308;0,595
2024;MG;São Sebastião da Bela Vista;3164407;0,303
2024;MG;São Sebastião do Oeste;3164605;0,626
2024;MG;São Sebastião do Paraíso;3164704;0,364
2024;MG;São Sebastião do Rio Preto;3164803;0,560
2024;MG;São Tiago;3165008;0,466
2024;MG;São Thomé das Letras;3165206;0,468
2024;MG;São Vicente de Minas;3165305;0,635
2024;MG;Sem-Peixe;3165560;0,836
2024;MG;Senador Amaral;3165578;0,635
2024;MG;Senador Firmino;3165701;1,127
2024;MG;Senador José Bento;3165800;1,030
2024;MG;Senador Modestino Gonçalves;3165909;0,412
2024;MG;Senhora do Porto;3166105;0,773
2024;MG;Senhora dos Remédios;3166204;1,041
2024;MG;Sericita;3166303;1,620
2024;MG;Seritinga;3166402;0,416
2024;MG;Serra dos Aimorés;3166709;0,378
2024;MG;Serra do Salitre;3166808;0,570
2024;MG;Serranópolis de Minas;3166956;0,542
2024;MG;Serro;3167103;0,650
2024;MG;Sete Lagoas;3167202;3,018
2024;MG;Silveirânia;3167301;0,575
2024;MG;Silvianópolis;3167400;1,099
2024;MG;Simão Pereira;3167509;1,097
2024;MG;Simonésia;3167608;0,609
2024;MG;Sobrália;3167707;0,573
2024;MG;Tabuleiro;3167905;0,636
2024;MG;Taparuba;3168051;0,737
2024;MG;Tapira;3168101;0,284
2024;MG;Tapiraí;3168200;1,114
2024;MG;Taquaraçu de Minas;3168309;0,902
2024;MG;Teixeiras;3168507;0,519
2024;MG;Timóteo;3168705;0,433
2024;MG;Tiros;3168903;0,342
2024;MG;Tocos do Moji;3169059;0,768
2024;MG;Três Corações;3169307;11,122
2024;MG;Três Marias;3169356;0,190
2024;MG;Três Pontas;3169406;0,583
2024;MG;Tumiritinga;3169505;0,275
2024;MG;Ubá;3169901;0,485
2024;MG;Uberlândia;3170206;0,492
2024;MG;Umburatiba;3170305;1,118
2024;MG;União de Minas;3170438;0,648
2024;MG;Urucânia;3170503;0,850
2024;MG;Vargem Alegre;3170578;0,472
2024;MG;Vargem Bonita;3170602;0,673
2024;MG;Várzea da Palma;3170800;0,651
2024;MG;Veredinha;3171071;1,460
2024;MG;Vermelho Novo;3171154;0,565
2024;MG;Vespasiano;3171204;0,665
2024;MG;Mathias Lobato;3171501;2,012
2024;MG;Virgínia;3171709;0,438
2024;MG;Virginópolis;3171808;0,301
2024;MG;Visconde do Rio Branco;3172004;0,499
2024;ES;Águia Branca;3200136;1,597
2024;ES;Alto Rio Novo;3200359;0,515
2024;ES;Aracruz;3200607;0,641
2024;ES;Barra de São Francisco;3200904;0,469
2024;ES;Boa Esperança;3201001;1,676
2024;ES;Bom Jesus do Norte;3201100;0,343
2024;ES;Brejetuba;3201159;0,821
2024;ES;Cariacica;3201308;0,812
2024;ES;Castelo;3201407;1,217
2024;ES;Conceição da Barra;3201605;1,479
2024;ES;Domingos Martins;3201902;5,886
2024;ES;Fundão;3202207;0,494
2024;ES;Guaçuí;3202306;0,240
2024;ES;Guarapari;3202405;2,989
2024;ES;Ibatiba;3202454;7,001
2024;ES;Ibiraçu;3202504;0,485
2024;ES;Ibitirama;3202553;1,110
2024;ES;Irupi;3202652;0,524
2024;ES;Itarana;3202900;0,319
2024;ES;Iúna;3203007;1,213
2024;ES;Jaguaré;3203056;0,831
2024;ES;Jerônimo Monteiro;3203106;0,682
2024;ES;João Neiva;3203130;0,642
2024;ES;Mantenópolis;3203304;0,486
2024;ES;Marataízes;3203320;0,587
2024;ES;Marilândia;3203353;0,819
2024;ES;Mimoso do Sul;3203403;0,770
2024;ES;Nova Venécia;3203908;0,682
2024;ES;Pancas;3204005;0,940
2024;ES;Presidente Kennedy;3204302;0,344
2024;ES;Rio Bananal;3204351;0,365
2024;ES;Santa Leopoldina;3204500;0,862
2024;ES;Serra;3205002;0,474
2024;ES;Sooretama;3205010;0,523
2024;ES;Vargem Alta;3205036;0,424
2024;ES;Viana;3205101;0,461
2024;ES;Vila Pavão;3205150;0,442
2024;ES;Vila Valério;3205176;1,208
2024;ES;Vitória;3205309;17,455
2024;RJ;Angra dos Reis;3300100;5,567
2024;RJ;Aperibé;3300159;0,301
2024;RJ;Areal;3300225;0,412
2024;RJ;Armação dos Búzios;3300233;0,414
2024;RJ;Arraial do Cabo;3300258;3,596
2024;RJ;Barra do Piraí;3300308;5,049
2024;RJ;Barra Mansa;3300407;0,740
2024;RJ;Belford Roxo;3300456;0,279
2024;RJ;Bom Jardim;3300506;0,372
2024;RJ;Bom Jesus do Itabapoana;3300605;0,890
2024;RJ;Cabo Frio;3300704;0,580
2024;RJ;Cachoeiras de Macacu;3300803;0,365
2024;RJ;Cambuci;3300902;3,761
2024;RJ;Carapebus;3300936;0,304
2024;RJ;Comendador Levy Gasparian;3300951;1,442
2024;RJ;Campos dos Goytacazes;3301009;0,425
2024;RJ;Cantagalo;3301108;37,037
2024;RJ;Cardoso Moreira;3301157;0,302
2024;RJ;Carmo;3301207;2,627
2024;RJ;Casimiro de Abreu;3301306;3,547
2024;RJ;Conceição de Macabu;3301405;7,564
2024;RJ;Cordeiro;3301504;0,406
2024;RJ;Duque de Caxias;3301702;0,739
2024;RJ;Iguaba Grande;3301876;7,719
2024;RJ;Itaboraí;3301900;2,887
2024;RJ;Itaguaí;3302007;0,486
2024;RJ;Italva;3302056;0,681
2024;RJ;Itaocara;3302106;5,774
2024;RJ;Itaperuna;3302205;1,190
2024;RJ;Itatiaia;3302254;0,362
2024;RJ;Japeri;3302270;0,952
2024;RJ;Laje do Muriaé;3302304;0,362
2024;RJ;Macaé;3302403;8,653
2024;RJ;Magé;3302502;10,517
2024;RJ;Mangaratiba;3302601;0,879
2024;RJ;Maricá;3302700;6,296
2024;RJ;Mendes;3302809;1,196
2024;RJ;Mesquita;3302858;3,854
2024;RJ;Miguel Pereira;3302908;4,575
2024;RJ;Miracema;3303005;1,398
2024;RJ;Natividade;3303104;2,109
2024;RJ;Niterói;3303302;12,393
2024;RJ;Paracambi;3303609;0,530
2024;RJ;Paraíba do Sul;3303708;0,699
2024;RJ;Paty do Alferes;3303856;1,883
2024;RJ;Pinheiral;3303955;1,442
2024;RJ;Quatis;3304128;1,226
2024;RJ;Queimados;3304144;1,919
2024;RJ;Quissamã;3304151;1,674
2024;RJ;Resende;3304201;5,497
2024;RJ;Rio Claro;3304409;0,729
2024;RJ;Rio das Flores;3304508;13,392
2024;RJ;Rio das Ostras;3304524;0,750
2024;RJ;Rio de Janeiro;3304557;283,532
2024;RJ;São Francisco de Itabapoana;3304755;3,158
2024;RJ;São Fidélis;3304805;1,054
2024;RJ;São Gonçalo;3304904;0,543
2024;RJ;São João de Meriti;3305109;0,719
2024;RJ;São José de Ubá;3305133;0,237
2024;RJ;São José do Vale do Rio Preto;3305158;1,509
2024;RJ;São Pedro da Aldeia;3305208;1,043
2024;RJ;São Sebastião do Alto;3305307;6,294
2024;RJ;Sapucaia;3305406;4,119
2024;RJ;Saquarema;3305505;2,753
2024;RJ;Tanguá;3305752;17,580
2024;RJ;Teresópolis;3305802;0,609
2024;RJ;Trajano de Moraes;3305901;0,688
2024;RJ;Três Rios;3306008;0,834
2024;RJ;Varre-Sai;3306156;0,459
2024;RJ;Volta Redonda;3306305;0,576
2024;SP;Adamantina;3500105;0,679
2024;SP;Aguaí;3500303;0,768
2024;SP;Águas de Santa Bárbara;3500550;0,356
2024;SP;Águas de São Pedro;3500600;2,982
2024;SP;Alambari;3500758;0,166
2024;SP;Alfredo Marcondes;3500808;0,454
2024;SP;Altair;3500907;0,650
2024;SP;Altinópolis;3501004;0,944
2024;SP;Alto Alegre;3501103;5,640
2024;SP;Alumínio;3501152;0,417
2024;SP;Álvares Machado;3501301;0,496
2024;SP;Americana;3501608;4,400
2024;SP;Analândia;3502002;0,510
2024;SP;Angatuba;3502200;0,536
2024;SP;Anhumas;3502408;1,079
2024;SP;Aparecida d'Oeste;3502606;3,407
2024;SP;Araçoiaba da Serra;3502903;0,386
2024;SP;Aramina;3503000;0,463
2024;SP;Arapeí;3503158;1,287
2024;SP;Araraquara;3503208;0,704
2024;SP;Arealva;3503406;1,054
2024;SP;Areiópolis;3503604;0,359
2024;SP;Ariranha;3503703;7,438
2024;SP;Artur Nogueira;3503802;0,801
2024;SP;Arujá;3503901;1,041
2024;SP;Aspásia;3503950;2,129
2024;SP;Assis;3504008;0,500
2024;SP;Atibaia;3504107;0,691
2024;SP;Avaí;3504305;0,543
2024;SP;Avaré;3504503;0,807
2024;SP;Bady Bassitt;3504602;0,308
2024;SP;Balbinos;3504701;0,250
2024;SP;Bálsamo;3504800;0,682
2024;SP;Bariri;3505203;6,570
2024;SP;Barra Bonita;3505302;0,678
2024;SP;Barra do Chapéu;3505351;0,519
2024;SP;Barra do Turvo;3505401;0,977
2024;SP;Barretos;3505500;0,756
2024;SP;Barueri;3505708;0,485
2024;SP;Batatais;3505906;0,562
2024;SP;Bauru;3506003;0,264
2024;SP;Bento de Abreu;3506201;1,678
2024;SP;Bernardino de Campos;3506300;0,533
2024;SP;Bilac;3506409;0,790
2024;SP;Boa Esperança do Sul;3506706;0,677
2024;SP;Bofete;3506904;4,739
2024;SP;Bom Jesus dos Perdões;3507100;2,622
2024;SP;Borá;3507209;0,223
2024;SP;Boracéia;3507308;0,807
2024;SP;Borborema;3507407;0,478
2024;SP;Botucatu;3507506;0,829
2024;SP;Bragança Paulista;3507605;0,794
2024;SP;Braúna;3507704;0,575
2024;SP;Brejo Alegre;3507753;1,031
2024;SP;Brodowski;3507803;1,406
2024;SP;Buritama;3508108;0,414
2024;SP;Buritizal;3508207;0,471
2024;SP;Cabrália Paulista;3508306;2,898
2024;SP;Cabreúva;3508405;2,313
2024;SP;Caçapava;3508504;0,690
2024;SP;Caiabu;3508900;0,407
2024;SP;Cajati;3509254;0,541
2024;SP;Cajobi;3509304;1,498
2024;SP;Cajuru;3509403;0,695
2024;SP;Campina do Monte Alegre;3509452;0,572
2024;SP;Campo Limpo Paulista;3509601;0,713
2024;SP;Campos Novos Paulista;3509809;0,702
2024;SP;Cananéia;3509908;0,235
2024;SP;Canas;3509957;1,112
2024;SP;Cândido Mota;3510005;0,492
2024;SP;Cândido Rodrigues;3510104;2,123
2024;SP;Canitar;3510153;0,522
2024;SP;Capela do Alto;3510302;5,132
2024;SP;Capivari;3510401;0,888
2024;SP;Cardoso;3510708;5,593
2024;SP;Castilho;3511003;0,428
2024;SP;Cedral;3511300;0,645
2024;SP;Cerqueira César;3511409;1,432
2024;SP;Cerquilho;3511508;0,303
2024;SP;Charqueada;3511706;0,784
2024;SP;Colina;3512001;7,001
2024;SP;Colômbia;3512100;2,836
2024;SP;Coroados;3512506;2,046
2024;SP;Coronel Macedo;3512605;1,104
2024;SP;Cosmópolis;3512803;1,287
2024;SP;Cosmorama;3512902;0,590
2024;SP;Cotia;3513009;12,112
2024;SP;Cruzália;3513306;0,358
2024;SP;Cruzeiro;3513405;0,808
2024;SP;Cubatão;3513504;0,289
2024;SP;Cunha;3513603;0,303
2024;SP;Descalvado;3513702;1,694
2024;SP;Dobrada;3514007;0,896
2024;SP;Dois Córregos;3514106;0,225
2024;SP;Dolcinópolis;3514205;0,741
2024;SP;Dracena;3514403;0,802
2024;SP;Duartina;3514502;0,495
2024;SP;Dumont;3514601;0,400
2024;SP;Echaporã;3514700;0,314
2024;SP;Eldorado;3514809;0,452
2024;SP;Elias Fausto;3514908;0,548
2024;SP;Elisiário;3514924;0,388
2024;SP;Embaúba;3514957;0,900
2024;SP;Embu das Artes;3515004;0,724
2024;SP;Embu-Guaçu;3515103;0,752
2024;SP;Emilianópolis;3515129;1,405
2024;SP;Engenheiro Coelho;3515152;0,473
2024;SP;Espírito Santo do Turvo;3515194;1,805
2024;SP;Estrela do Norte;3515301;0,928
2024;SP;Euclides da Cunha Paulista;3515350;0,412
2024;SP;Fernandópolis;3515509;0,958
2024;SP;Fernando Prestes;3515608;1,198
2024;SP;Fernão;3515657;1,050
2024;SP;Flora Rica;3515806;0,297
2024;SP;Floreal;3515905;0,557
2024;SP;Flórida Paulista;3516002;0,434
2024;SP;Francisco Morato;3516309;1,238
2024;SP;Gabriel Monteiro;3516507;0,650
2024;SP;Gália;3516606;0,940
2024;SP;General Salgado;3516903;0,360
2024;SP;Getulina;3517000;0,790
2024;SP;Guaíra;3517406;0,725
2024;SP;Guará;3517703;4,032
2024;SP;Guaraçaí;3517802;1,255
2024;SP;Guaraci;3517901;0,607
2024;SP;Guarantã;3518107;0,243
2024;SP;Guararema;3518305;0,718
2024;SP;Guareí;3518503;3,001
2024;SP;Guariba;3518602;0,492
2024;SP;Guarulhos;3518800;0,788
2024;SP;Guzolândia;3518909;0,646
2024;SP;Iacanga;3519105;2,329
2024;SP;Iacri;3519204;0,320
2024;SP;Iaras;3519253;2,189
2024;SP;Ibaté;3519303;0,316
2024;SP;Ibirá;3519402;0,377
2024;SP;Ibirarema;3519501;0,626
2024;SP;Ibitinga;3519600;0,462
2024;SP;Iepê;3519907;0,463
2024;SP;Igaratá;3520202;0,618
2024;SP;Iguape;3520301;0,594
2024;SP;Ilhabela;3520400;0,308
2024;SP;Ilha Comprida;3520426;0,535
2024;SP;Ilha Solteira;3520442;3,559
2024;SP;Indiana;3520608;0,672
2024;SP;Indiaporã;3520707;1,509
2024;SP;Ipaussu;3520905;0,751
2024;SP;Iperó;3521002;2,423
2024;SP;Ipeúna;3521101;0,331
2024;SP;Ipuã;3521309;0,574
2024;SP;Irapuã;3521507;0,361
2024;SP;Itaí;3521804;0,419
2024;SP;Itajobi;3521903;2,608
2024;SP;Itaju;3522000;0,538
2024;SP;Itapecerica da Serra;3522208;0,918
2024;SP;Itapetininga;3522307;1,490
2024;SP;Itapeva;3522406;0,808
2024;SP;Itapevi;3522505;1,040
2024;SP;Itapirapuã Paulista;3522653;1,128
2024;SP;Itápolis;3522703;4,552
2024;SP;Itaporanga;3522802;0,780
2024;SP;Itapuí;3522901;1,209
2024;SP;Itariri;3523305;0,357
2024;SP;Itatiba;3523404;0,495
2024;SP;Itatinga;3523503;0,770
2024;SP;Itirapina;3523602;0,335
2024;SP;Itirapuã;3523701;0,270
2024;SP;Itupeva;3524006;1,220
2024;SP;Ituverava;3524105;0,377
2024;SP;Jacareí;3524402;3,934
2024;SP;Jambeiro;3524907;0,500
2024;SP;Jardinópolis;3525102;0,759
2024;SP;Jarinu;3525201;4,794
2024;SP;Jeriquara;3525409;0,448
2024;SP;Joanópolis;3525508;0,500
2024;SP;João Ramalho;3525607;6,193
2024;SP;José Bonifácio;3525706;0,461
2024;SP;Jumirim;3525854;0,585
2024;SP;Juquitiba;3526209;0,361
2024;SP;Laranjal Paulista;3526407;0,739
2024;SP;Lavínia;3526506;0,783
2024;SP;Leme;3526704;1,104
2024;SP;Lençóis Paulista;3526803;3,520
2024;SP;Lins;3527108;0,446
2024;SP;Luiziânia;3527702;0,509
2024;SP;Lupércio;3527801;2,973
2024;SP;Lutécia;3527900;0,502
2024;SP;Macatuba;3528007;4,945
2024;SP;Macaubal;3528106;0,547
2024;SP;Mairinque;3528403;0,353
2024;SP;Marabá Paulista;3528700;1,283
2024;SP;Mariápolis;3528908;0,431
2024;SP;Marinópolis;3529104;0,390
2024;SP;Mendonça;3529500;0,983
2024;SP;Miguelópolis;3529708;6,963
2024;SP;Mineiros do Tietê;3529807;0,887
2024;SP;Mirandópolis;3530102;6,757
2024;SP;Mirante do Paranapanema;3530201;0,709
2024;SP;Mirassol;3530300;0,683
2024;SP;Mirassolândia;3530409;2,016
2024;SP;Mococa;3530508;0,715
2024;SP;Mogi das Cruzes;3530607;0,496
2024;SP;Monte Alegre do Sul;3531209;0,404
2024;SP;Monte Alto;3531308;2,468
2024;SP;Monte Aprazível;3531407;0,369
2024;SP;Monte Azul Paulista;3531506;0,587
2024;SP;Monte Mor;3531803;0,433
2024;SP;Morro Agudo;3531902;0,408
2024;SP;Morungaba;3532009;13,204
2024;SP;Murutinga do Sul;3532108;0,663
2024;SP;Nantes;3532157;1,011
2024;SP;Natividade da Serra;3532306;6,434
2024;SP;Neves Paulista;3532504;6,632
2024;SP;Nhandeara;3532603;2,068
2024;SP;Nova Aliança;3532801;0,668
2024;SP;Nova Campina;3532827;0,349
2024;SP;Nova Canaã Paulista;3532843;0,413
2024;SP;Nova Europa;3532900;18,303
2024;SP;Nova Granada;3533007;0,278
2024;SP;Nova Guataporanga;3533106;0,995
2024;SP;Nova Independência;3533205;0,627
2024;SP;Novais;3533254;0,955
2024;SP;Nova Luzitânia;3533304;0,670
2024;SP;Nuporanga;3533601;0,786
2024;SP;Olímpia;3533908;4,225
2024;SP;Onda Verde;3534005;0,307
2024;SP;Orindiúva;3534203;0,446
2024;SP;Orlândia;3534302;1,008
2024;SP;Oscar Bressane;3534500;0,540
2024;SP;Ourinhos;3534708;0,705
2024;SP;Ouroeste;3534757;0,244
2024;SP;Palmital;3535309;0,722
2024;SP;Paraibuna;3535606;0,575
2024;SP;Paraíso;3535705;1,216
2024;SP;Paranapanema;3535804;0,644
2024;SP;Pardinho;3536109;0,722
2024;SP;Pariquera-Açu;3536208;0,815
2024;SP;Parisi;3536257;1,076
2024;SP;Patrocínio Paulista;3536307;0,517
2024;SP;Paulínia;3536505;4,290
2024;SP;Paulistânia;3536570;0,982
2024;SP;Paulo de Faria;3536604;0,621
2024;SP;Pedra Bela;3536802;0,597
2024;SP;Pedranópolis;3536901;0,557
2024;SP;Pedreira;3537107;0,510
2024;SP;Pedro de Toledo;3537206;0,524
2024;SP;Penápolis;3537305;1,672
2024;SP;Pereira Barreto;3537404;2,837
2024;SP;Pindorama;3538105;0,991
2024;SP;Piracaia;3538600;0,497
2024;SP;Piraju;3538808;10,623
2024;SP;Pirajuí;3538907;0,432
2024;SP;Pirapozinho;3539202;0,569
2024;SP;Pirassununga;3539301;3,293
2024;SP;Piratininga;3539400;2,703
2024;SP;Pitangueiras;3539509;2,080
2024;SP;Planalto;3539608;0,267
2024;SP;Platina;3539707;0,784
2024;SP;Pompéia;3540002;0,541
2024;SP;Pontal;3540200;0,516
2024;SP;Porangaba;3540507;0,646
2024;SP;Porto Ferreira;3540705;0,847
2024;SP;Praia Grande;3541000;1,590
2024;SP;Pratânia;3541059;0,621
2024;SP;Presidente Alves;3541109;1,908
2024;SP;Presidente Prudente;3541406;0,787
2024;SP;Quadra;3541653;3,595
2024;SP;Queluz;3541901;0,465
2024;SP;Rafard;3542107;0,533
2024;SP;Rancharia;3542206;1,346
2024;SP;Redenção da Serra;3542305;0,626
2024;SP;Regente Feijó;3542404;0,359
2024;SP;Reginópolis;3542503;1,810
2024;SP;Registro;3542602;3,646
2024;SP;Ribeira;3542800;1,663
2024;SP;Ribeirão Branco;3543006;4,891
2024;SP;Ribeirão do Sul;3543204;0,983
2024;SP;Ribeirão dos Índios;3543238;0,538
2024;SP;Ribeirão Grande;3543253;0,545
2024;SP;Ribeirão Pires;3543303;0,520
2024;SP;Rinópolis;3543808;1,751
2024;SP;Rio Claro;3543907;1,496
2024;SP;Rio das Pedras;3544004;6,049
2024;SP;Rio Grande da Serra;3544103;2,277
2024;SP;Riolândia;3544202;0,719
2024;SP;Rosana;3544251;1,372
2024;SP;Sales;3544806;0,669
2024;SP;Sales Oliveira;3544905;1,553
2024;SP;Salmourão;3545100;3,609
2024;SP;Saltinho;3545159;0,742
2024;SP;Salto de Pirapora;3545308;0,294
2024;SP;Sandovalina;3545506;0,676
2024;SP;Santa Albertina;3545704;0,487
2024;SP;Santa Bárbara d'Oeste;3545803;3,847
2024;SP;Santa Branca;3546009;8,593
2024;SP;Santa Cruz da Conceição;3546207;0,855
2024;SP;Santa Ernestina;3546504;1,073
2024;SP;Santa Fé do Sul;3546603;1,648
2024;SP;Santa Gertrudes;3546702;1,795
2024;SP;Santana de Parnaíba;3547304;0,563
2024;SP;Santa Rita d'Oeste;3547403;2,660
2024;SP;Santa Rita do Passa Quatro;3547502;1,824
2024;SP;Santa Rosa de Viterbo;3547601;0,818
2024;SP;Santo André;3547809;0,498
2024;SP;Santo Antônio da Alegria;3547908;5,380
2024;SP;Santo Antônio de Posse;3548005;0,719
2024;SP;Santo Antônio do Pinhal;3548203;0,300
2024;SP;Santo Expedito;3548302;0,742
2024;SP;Santópolis do Aguapeí;3548401;0,353
2024;SP;Santos;3548500;0,454
2024;SP;São Francisco;3549003;0,851
2024;SP;São João da Boa Vista;3549102;1,063
2024;SP;São João de Iracema;3549250;3,711
2024;SP;São João do Pau d'Alho;3549300;0,576
2024;SP;São Joaquim da Barra;3549409;0,465
2024;SP;São José da Bela Vista;3549508;7,211
2024;SP;São José do Barreiro;3549607;0,451
2024;SP;São José do Rio Pardo;3549706;6,118
2024;SP;São José dos Campos;3549904;10,323
2024;SP;São Lourenço da Serra;3549953;0,547
2024;SP;São Manuel;3550100;0,498
2024;SP;São Paulo;3550308;208,563
2024;SP;São Pedro do Turvo;3550506;0,506
2024;SP;São Roque;3550605;1,366
2024;SP;São Sebastião da Grama;3550803;0,898
2024;SP;São Simão;3550902;0,362
2024;SP;Sebastianópolis do Sul;3551306;2,974
2024;SP;Serra Azul;3551405;1,319
2024;SP;Serrana;3551504;1,458
2024;SP;Severínia;3551900;4,631
2024;SP;Socorro;3552106;1,293
2024;SP;Suzano;3552502;2,401
2024;SP;Suzanápolis;3552551;0,563
2024;SP;Tabatinga;3552700;0,726
2024;SP;Taboão da Serra;3552809;0,607
2024;SP;Taiaçu;3553104;1,299
2024;SP;Tambaú;3553302;2,251
2024;SP;Tapiraí;3553500;0,535
2024;SP;Taquarituba;3553807;3,513
2024;SP;Taquarivaí;3553856;0,644
2024;SP;Tarumã;3553955;7,220
2024;SP;Taubaté;3554102;0,472
2024;SP;Tejupá;3554201;1,452
2024;SP;Tietê;3554508;0,516
2024;SP;Torre de Pedra;3554656;0,514
2024;SP;Tupã;3555000;0,616
2024;SP;Tupi Paulista;3555109;21,878
2024;SP;Turiúba;3555208;0,895
2024;SP;Turmalina;3555307;0,360
2024;SP;Ubatuba;3555406;0,671
2024;SP;Ubirajara;3555505;0,277
2024;SP;Uchoa;3555604;0,508
2024;SP;União Paulista;3555703;0,957
2024;SP;Uru;3555901;0,481
2024;SP;Valinhos;3556206;0,469
2024;SP;Valparaíso;3556305;1,401
2024;SP;Vargem;3556354;1,468
2024;SP;Vargem Grande do Sul;3556404;1,948
2024;SP;Vargem Grande Paulista;3556453;1,055
2024;SP;Várzea Paulista;3556503;0,582
2024;SP;Vera Cruz;3556602;0,923
2024;SP;Vinhedo;3556701;1,756
2024;SP;Vista Alegre do Alto;3556909;0,569
2024;SP;Votorantim;3557006;5,773
2024;SP;Votuporanga;3557105;1,848
2024;PR;Adrianópolis;4100202;1,130
2024;PR;Agudos do Sul;4100301;0,819
2024;PR;Almirante Tamandaré;4100400;0,402
2024;PR;Altamira do Paraná;4100459;0,721
2024;PR;Altônia;4100509;1,324
2024;PR;Alto Paraná;4100608;0,657
2024;PR;Alto Piquiri;4100707;0,314
2024;PR;Araucária;4101804;0,949
2024;PR;Ariranha do Ivaí;4101853;0,557
2024;PR;Assaí;4101903;0,565
2024;PR;Assis Chateaubriand;4102000;0,663
2024;PR;Balsa Nova;4102307;0,500
2024;PR;Bandeirantes;4102406;0,497
2024;PR;Barracão;4102604;0,560
2024;PR;Barra do Jacaré;4102703;0,380
2024;PR;Boa Esperança;4103008;0,278
2024;PR;Boa Ventura de São Roque;4103040;0,475
2024;PR;Boa Vista da Aparecida;4103057;0,471
2024;PR;Bom Jesus do Sul;4103156;0,265
2024;PR;Bom Sucesso;4103206;0,708
2024;PR;Brasilândia do Sul;4103370;0,530
2024;PR;Cafeara;4103404;0,817
2024;PR;Cafelândia;4103453;0,600
2024;PR;Cambira;4103800;0,522
2024;PR;Campina da Lagoa;4103909;1,219
2024;PR;Campo Bonito;4104055;0,292
2024;PR;Campo Magro;4104253;0,489
2024;PR;Cândido de Abreu;4104402;0,852
2024;PR;Candói;4104428;1,602
2024;PR;Cantagalo;4104451;0,421
2024;PR;Capanema;4104501;0,783
2024;PR;Capitão Leônidas Marques;4104600;0,503
2024;PR;Carambeí;4104659;0,785
2024;PR;Carlópolis;4104709;0,670
2024;PR;Castro;4104907;0,319
2024;PR;Centenário do Sul;4105102;1,230
2024;PR;Céu Azul;4105300;0,655
2024;PR;Cianorte;4105508;0,576
2024;PR;Clevelândia;4105706;0,294
2024;PR;Colombo;4105805;0,592
2024;PR;Colorado;4105904;0,540
2024;PR;Congonhinhas;4106001;0,588
2024;PR;Contenda;4106209;0,788
2024;PR;Corbélia;4106308;0,450
2024;PR;Cruzeiro do Oeste;4106605;0,645
2024;PR;Cruz Machado;4106803;1,258
2024;PR;Curitiba;4106902;34,561
2024;PR;Diamante do Sul;4107124;0,264
2024;PR;Diamante D'Oeste;4107157;0,573
2024;PR;Douradina;4107256;0,543
2024;PR;Espigão Alto do Iguaçu;4107546;0,464
2024;PR;Farol;4107553;0,682
2024;PR;Fazenda Rio Grande;4107652;0,694
2024;PR;Fênix;4107702;0,455
2024;PR;Figueira;4107751;1,047
2024;PR;Floraí;4107801;0,440
2024;PR;Flor da Serra do Sul;4107850;1,340
2024;PR;Floresta;4107900;0,830
2024;PR;Florestópolis;4108007;0,607
2024;PR;Francisco Alves;4108320;0,313
2024;PR;Francisco Beltrão;4108403;0,341
2024;PR;General Carneiro;4108502;0,669
2024;PR;Goioerê;4108601;0,539
2024;PR;Goioxim;4108650;0,431
2024;PR;Grandes Rios;4108700;0,753
2024;PR;Guaíra;4108809;0,591
2024;PR;Guaporema;4109104;0,372
2024;PR;Guaraci;4109203;0,505
2024;PR;Guaraqueçaba;4109500;0,540
2024;PR;Ibema;4109757;0,779
2024;PR;Icaraíma;4109906;0,597
2024;PR;Inajá;4110300;1,216
2024;PR;Iracema do Oeste;4110656;0,986
2024;PR;Irati;4110706;0,283
2024;PR;Iretama;4110805;1,317
2024;PR;Itapejara d'Oeste;4111209;0,307
2024;PR;Itaperuçu;4111258;0,320
2024;PR;Ivaiporã;4111506;0,527
2024;PR;Ivaté;4111555;0,436
2024;PR;Jacarezinho;4111803;1,385
2024;PR;Janiópolis;4112207;1,170
2024;PR;Japira;4112306;0,428
2024;PR;Jataizinho;4112702;0,573
2024;PR;Jundiaí do Sul;4112900;1,213
2024;PR;Juranda;4112959;1,978
2024;PR;Kaloré;4113106;0,658
2024;PR;Lapa;4113205;0,341
2024;PR;Lupionópolis;4113809;0,271
2024;PR;Mamborê;4114005;0,386
2024;PR;Mandaguari;4114203;0,492
2024;PR;Mandirituba;4114302;0,342
2024;PR;Manfrinópolis;4114351;0,251
2024;PR;Mangueirinha;4114401;0,705
2024;PR;Manoel Ribas;4114500;0,339
2024;PR;Marechal Cândido Rondon;4114609;0,931
2024;PR;Marialva;4114807;0,634
2024;PR;Maringá;4115200;0,587
2024;PR;Maripá;4115358;0,806
2024;PR;Marquinho;4115457;3,951
2024;PR;Matinhos;4115705;0,620
2024;PR;Mato Rico;4115739;0,395
2024;PR;Mauá da Serra;4115754;0,936
2024;PR;Medianeira;4115804;1,092
2024;PR;Mercedes;4115853;0,486
2024;PR;Munhoz de Melo;4116307;1,067
2024;PR;Nova Aliança do Ivaí;4116505;0,583
2024;PR;Nova América da Colina;4116604;0,822
2024;PR;Nova Laranjeiras;4117057;0,578
2024;PR;Nova Santa Bárbara;4117214;0,541
2024;PR;Nova Prata do Iguaçu;4117255;0,478
2024;PR;Nova Tebas;4117271;0,768
2024;PR;Novo Itacolomi;4117297;0,346
2024;PR;Paiçandu;4117503;0,658
2024;PR;Palmeira;4117701;0,942
2024;PR;Palotina;4117909;0,376
2024;PR;Paraíso do Norte;4118006;0,850
2024;PR;Paranapoema;4118303;0,998
2024;PR;Pato Branco;4118501;0,408
2024;PR;Paula Freitas;4118600;0,527
2024;PR;Paulo Frontin;4118709;0,429
2024;PR;Peabiru;4118808;0,636
2024;PR;Pérola;4118907;0,362
2024;PR;Pinhais;4119152;0,878
2024;PR;Piraí do Sul;4119400;0,446
2024;PR;Pitanga;4119608;0,366
2024;PR;Pitangueiras;4119657;0,731
2024;PR;Planaltina do Paraná;4119707;0,374
2024;PR;Ponta Grossa;4119905;0,585
2024;PR;Pontal do Paraná;4119954;0,981
2024;PR;Porecatu;4120002;0,880
2024;PR;Porto Amazonas;4120101;0,946
2024;PR;Porto Barreiro;4120150;0,527
2024;PR;Porto Rico;4120200;0,581
2024;PR;Porto Vitória;4120309;0,736
2024;PR;Prado Ferreira;4120333;0,522
2024;PR;Primeiro de Maio;4120507;0,772
2024;PR;Prudentópolis;4120606;0,326
2024;PR;Quatro Pontes;4120853;0,580
2024;PR;Quedas do Iguaçu;4120903;1,011
2024;PR;Quitandinha;4121208;0,512
2024;PR;Ramilândia;4121257;0,605
2024;PR;Rancho Alegre;4121307;1,617
2024;PR;Reserva;4121703;0,451
2024;PR;Reserva do Iguaçu;4121752;0,570
2024;PR;Ribeirão Claro;4121802;0,261
2024;PR;Ribeirão do Pinhal;4121901;0,716
2024;PR;Rio Bom;4122107;1,603
2024;PR;Rio Branco do Sul;4122206;0,780
2024;PR;Rio Negro;4122305;1,288
2024;PR;Roncador;4122503;0,769
2024;PR;Rondon;4122602;1,163
2024;PR;Rosário do Ivaí;4122651;0,838
2024;PR;Sabáudia;4122701;0,484
2024;PR;Salto do Lontra;4123006;1,579
2024;PR;Santa Cruz de Monte Castelo;4123303;2,173
2024;PR;Santa Fé;4123402;1,502
2024;PR;Santa Helena;4123501;1,243
2024;PR;Santa Izabel do Oeste;4123808;0,714
2024;PR;Santa Mariana;4123907;0,406
2024;PR;Santa Mônica;4123956;0,511
2024;PR;Santana do Itararé;4124004;1,681
2024;PR;Santo Antônio da Platina;4124103;0,548
2024;PR;Santo Antônio do Paraíso;4124301;1,038
2024;PR;Santo Antônio do Sudoeste;4124400;0,812
2024;PR;Santo Inácio;4124509;0,729
2024;PR;São Jerônimo da Serra;4124707;0,797
2024;PR;São João;4124806;0,451
2024;PR;São Mateus do Sul;4125605;0,343
2024;PR;São Pedro do Ivaí;4125803;0,447
2024;PR;Sapopema;4126207;0,912
2024;PR;Sarandi;4126256;1,140
2024;PR;Saudade do Iguaçu;4126272;0,452
2024;PR;Sertaneja;4126405;0,427
2024;PR;Sertanópolis;4126504;0,383
2024;PR;Sulina;4126652;1,030
2024;PR;Tamarana;4126678;0,466
2024;PR;Tapejara;4126801;0,612
2024;PR;Tapira;4126900;0,537
2024;PR;Teixeira Soares;4127007;0,433
2024;PR;Terra Boa;4127205;4,469
2024;PR;Terra Rica;4127304;0,864
2024;PR;Terra Roxa;4127403;0,676
2024;PR;Tijucas do Sul;4127601;1,142
2024;PR;Três Barras do Paraná;4127858;1,317
2024;PR;Tunas do Paraná;4127882;0,525
2024;PR;Tuneiras do Oeste;4127908;0,827
2024;PR;Tupãssi;4127957;1,536
2024;PR;Umuarama;4128104;0,306
2024;PR;União da Vitória;4128203;1,096
2024;PR;Uraí;4128401;2,685
2024;PR;Wenceslau Braz;4128500;0,302
2024;PR;Ventania;4128534;0,960
2024;PR;Vera Cruz do Oeste;4128559;0,571
2024;PR;Alto Paraíso;4128625;0,258
2024;PR;Doutor Ulysses;4128633;0,319
2024;PR;Vitorino;4128708;0,343
2024;PR;Xambrê;4128807;0,292
2024;SC;Abelardo Luz;4200101;0,505
2024;SC;Água Doce;4200408;1,754
2024;SC;Águas de Chapecó;4200507;0,645
2024;SC;Alfredo Wagner;4200705;0,261
2024;SC;Anchieta;4200804;0,448
2024;SC;Angelina;4200903;0,715
2024;SC;Anitápolis;4201109;1,088
2024;SC;Apiúna;4201257;0,724
2024;SC;Arabutã;4201273;1,262
2024;SC;Araquari;4201307;1,469
2024;SC;Araranguá;4201406;0,340
2024;SC;Armazém;4201505;1,107
2024;SC;Arvoredo;4201653;0,441
2024;SC;Balneário Gaivota;4202073;0,650
2024;SC;Bandeirante;4202081;0,965
2024;SC;Barra Velha;4202107;0,973
2024;SC;Bela Vista do Toldo;4202131;0,337
2024;SC;Bocaina do Sul;4202438;0,477
2024;SC;Bombinhas;4202453;0,366
2024;SC;Bom Jesus do Oeste;4202578;0,792
2024;SC;Braço do Norte;4202800;0,696
2024;SC;Braço do Trombudo;4202859;1,102
2024;SC;Brusque;4202909;0,470
2024;SC;Caibi;4203105;0,500
2024;SC;Calmon;4203154;0,493
2024;SC;Campo Belo do Sul;4203402;0,743
2024;SC;Campo Erê;4203501;0,717
2024;SC;Canelinha;4203709;0,354
2024;SC;Catanduvas;4204004;0,269
2024;SC;Cerro Negro;4204178;0,542
2024;SC;Chapecó;4204202;0,353
2024;SC;Cocal do Sul;4204251;0,500
2024;SC;Concórdia;4204301;0,711
2024;SC;Cordilheira Alta;4204350;0,342
2024;SC;Coronel Freitas;4204400;0,370
2024;SC;Coronel Martins;4204459;0,556
2024;SC;Corupá;4204509;1,812
2024;SC;Curitibanos;4204806;0,455
2024;SC;Dionísio Cerqueira;4205001;1,547
2024;SC;Dona Emma;4205100;0,317
2024;SC;Entre Rios;4205175;2,278
2024;SC;Faxinal dos Guedes;4205308;0,546
2024;SC;Florianópolis;4205407;53,926
2024;SC;Forquilhinha;4205456;0,437
2024;SC;Fraiburgo;4205506;0,503
2024;SC;Frei Rogério;4205555;1,259
2024;SC;Garopaba;4205704;0,855
2024;SC;Gravatal;4206207;0,505
2024;SC;Guaraciaba;4206405;0,636
2024;SC;Guarujá do Sul;4206603;0,605
2024;SC;Guatambú;4206652;0,544
2024;SC;Ibicaré;4206801;0,567
2024;SC;Ilhota;4207106;0,991
2024;SC;Imbituba;4207304;0,814
2024;SC;Imbuia;4207403;0,483
2024;SC;Indaial;4207502;0,645
2024;SC;Iomerê;4207577;0,847
2024;SC;Ipira;4207601;0,611
2024;SC;Ipuaçu;4207684;0,306
2024;SC;Ipumirim;4207700;1,101
2024;SC;Iraceminha;4207759;0,297
2024;SC;Irineópolis;4207908;1,497
2024;SC;Itá;4208005;0,562
2024;SC;Ituporanga;4208500;2,442
2024;SC;Jaraguá do Sul;4208906;0,471
2024;SC;Joinville;4209102;0,820
2024;SC;José Boiteux;4209151;0,332
2024;SC;Lacerdópolis;4209201;0,655
2024;SC;Laguna;4209409;0,382
2024;SC;Lajeado Grande;4209458;0,700
2024;SC;Laurentino;4209508;1,441
2024;SC;Lebon Régis;4209706;1,746
2024;SC;Leoberto Leal;4209805;1,589
2024;SC;Lindóia do Sul;4209854;0,596
2024;SC;Luzerna;4210035;0,397
2024;SC;Major Vieira;4210308;3,227
2024;SC;Maracajá;4210407;0,280
2024;SC;Matos Costa;4210704;1,122
2024;SC;Mirim Doce;4210852;0,763
2024;SC;Mondaí;4211009;0,507
2024;SC;Monte Castelo;4211108;0,833
2024;SC;Morro da Fumaça;4211207;0,680
2024;SC;Morro Grande;4211256;0,636
2024;SC;Nova Erechim;4211405;0,489
2024;SC;Nova Trento;4211504;0,319
2024;SC;Nova Veneza;4211603;0,377
2024;SC;Novo Horizonte;4211652;0,779
2024;SC;Orleans;4211702;0,498
2024;SC;Ouro;4211801;0,705
2024;SC;Ouro Verde;4211850;0,359
2024;SC;Paial;4211876;3,042
2024;SC;Painel;4211892;0,463
2024;SC;Palhoça;4211900;1,400
2024;SC;Palma Sola;4212007;0,477
2024;SC;Palmeira;4212056;0,381
2024;SC;Palmitos;4212106;1,116
2024;SC;Paraíso;4212239;1,386
2024;SC;Paulo Lopes;4212304;0,300
2024;SC;Pedras Grandes;4212403;0,408
2024;SC;Petrolândia;4212700;1,558
2024;SC;Planalto Alegre;4213153;0,562
2024;SC;Pomerode;4213203;0,781
2024;SC;Ponte Serrada;4213401;0,555
2024;SC;Porto Belo;4213500;0,746
2024;SC;Pouso Redondo;4213708;1,141
2024;SC;Praia Grande;4213807;1,012
2024;SC;Presidente Nereu;4214102;0,412
2024;SC;Princesa;4214151;0,611
2024;SC;Rio das Antas;4214409;0,599
2024;SC;Rio do Campo;4214508;0,884
2024;SC;Rio do Oeste;4214607;0,547
2024;SC;Rio do Sul;4214805;0,404
2024;SC;Rio Fortuna;4214904;0,407
2024;SC;Rio Negrinho;4215000;0,534
2024;SC;Rio Rufino;4215059;0,293
2024;SC;Riqueza;4215075;0,824
2024;SC;Romelândia;4215208;0,762
2024;SC;Salete;4215307;1,456
2024;SC;Saltinho;4215356;0,937
2024;SC;Santa Rosa do Sul;4215653;0,501
2024;SC;Santa Terezinha do Progresso;4215687;0,421
2024;SC;Santo Amaro da Imperatriz;4215703;0,964
2024;SC;São Bernardino;4215752;0,875
2024;SC;São Bento do Sul;4215802;0,653
2024;SC;São Carlos;4216008;0,686
2024;SC;São João do Itaperiú;4216354;1,032
2024;SC;São Lourenço do Oeste;4216909;0,529
2024;SC;São Martinho;4217105;0,790
2024;SC;São Miguel da Boa Vista;4217154;0,766
2024;SC;São Miguel do Oeste;4217204;0,418
2024;SC;São Pedro de Alcântara;4217253;0,408
2024;SC;Schroeder;4217402;0,434
2024;SC;Seara;4217501;1,078
2024;SC;Serra Alta;4217550;0,818
2024;SC;Sul Brasil;4217758;1,086
2024;SC;Tangará;4217907;0,440
2024;SC;Tigrinhos;4217956;1,247
2024;SC;Tijucas;4218004;0,410
2024;SC;Treviso;4218350;0,289
2024;SC;Tubarão;4218707;0,198
2024;SC;União do Oeste;4218855;0,516
2024;SC;Urubici;4218905;0,555
2024;SC;Urussanga;4219002;0,428
2024;SC;Vargeão;4219101;0,463
2024;SC;Vargem;4219150;0,886
2024;SC;Videira;4219309;0,627
2024;SC;Xanxerê;4219507;0,771
2024;SC;Xavantina;4219606;1,111
2024;SC;Zortéa;4219853;0,535
2024;SC;Balneário Rincão;4220000;4,604
2024;RS;Aceguá;4300034;0,701
2024;RS;Agudo;4300109;0,952
2024;RS;Ajuricaba;4300208;1,049
2024;RS;Alegria;4300455;0,559
2024;RS;Alvorada;4300604;4,901
2024;RS;Amaral Ferrador;4300638;1,081
2024;RS;Antônio Prado;4300802;0,515
2024;RS;Arambaré;4300851;0,860
2024;RS;Aratiba;4300901;0,345
2024;RS;Arroio do Meio;4301008;0,469
2024;RS;Arroio dos Ratos;4301107;0,696
2024;RS;Arroio do Tigre;4301206;0,509
2024;RS;Áurea;4301552;0,988
2024;RS;Barão do Triunfo;4301750;1,069
2024;RS;Barra do Rio Azul;4301925;0,795
2024;RS;Barra Funda;4301958;0,548
2024;RS;Barros Cassal;4302006;1,090
2024;RS;Benjamin Constant do Sul;4302055;0,634
2024;RS;Boa Vista das Missões;4302154;1,503
2024;RS;Boa Vista do Buricá;4302204;0,275
2024;RS;Boa Vista do Sul;4302253;0,663
2024;RS;Bom Jesus;4302303;0,771
2024;RS;Bom Progresso;4302378;1,385
2024;RS;Bom Retiro do Sul;4302402;0,541
2024;RS;Braga;4302600;0,864
2024;RS;Brochier;4302659;0,456
2024;RS;Butiá;4302709;0,571
2024;RS;Caçapava do Sul;4302808;0,857
2024;RS;Cacequi;4302907;0,746
2024;RS;Cacique Doble;4303202;0,537
2024;RS;Caibaté;4303301;1,153
2024;RS;Cambará do Sul;4303608;0,591
2024;RS;Campinas do Sul;4303806;0,633
2024;RS;Campo Bom;4303905;0,613
2024;RS;Cândido Godói;4304309;1,528
2024;RS;Canela;4304408;0,418
2024;RS;Canoas;4304606;1,011
2024;RS;Capão Bonito do Sul;4304622;0,753
2024;RS;Capão da Canoa;4304630;0,511
2024;RS;Capão do Leão;4304663;0,859
2024;RS;Capivari do Sul;4304671;1,239
2024;RS;Carazinho;4304705;0,315
2024;RS;Caraá;4304713;1,704
2024;RS;Carlos Barbosa;4304804;1,441
2024;RS;Carlos Gomes;4304853;0,983
2024;RS;Caxias do Sul;4305108;0,531
2024;RS;Cerro Grande do Sul;4305173;0,918
2024;RS;Chapada;4305306;1,861
2024;RS;Charrua;4305371;0,936
2024;RS;Chuí;4305439;1,090
2024;RS;Chuvisca;4305447;1,650
2024;RS;Cidreira;4305454;1,283
2024;RS;Ciríaco;4305504;0,557
2024;RS;Colinas;4305587;0,432
2024;RS;Colorado;4305603;0,434
2024;RS;Condor;4305702;0,569
2024;RS;Coqueiros do Sul;4305850;0,362
2024;RS;Coronel Barros;4305871;0,672
2024;RS;Cotiporã;4305959;0,322
2024;RS;Crissiumal;4306007;1,156
2024;RS;Cristal;4306056;1,332
2024;RS;Cruz Alta;4306106;0,808
2024;RS;Cruzaltense;4306130;0,805
2024;RS;Cruzeiro do Sul;4306205;0,942
2024;RS;David Canabarro;4306304;0,402
2024;RS;Derrubadas;4306320;0,427
2024;RS;Dilermando de Aguiar;4306379;0,760
2024;RS;Dois Lajeados;4306452;0,246
2024;RS;Dom Pedro de Alcântara;4306551;0,695
2024;RS;Dona Francisca;4306700;2,070
2024;RS;Doutor Maurício Cardoso;4306734;0,429
2024;RS;Doutor Ricardo;4306759;0,932
2024;RS;Eldorado do Sul;4306767;0,755
2024;RS;Encantado;4306809;0,574
2024;RS;Erval Seco;4307302;0,423
2024;RS;Estação;4307559;0,600
2024;RS;Esteio;4307708;0,566
2024;RS;Estrela;4307807;1,318
2024;RS;Eugênio de Castro;4307831;0,516
2024;RS;Farroupilha;4307906;0,472
2024;RS;Fazenda Vilanova;4308078;0,574
2024;RS;Feliz;4308102;1,429
2024;RS;Flores da Cunha;4308201;1,154
2024;RS;Floriano Peixoto;4308250;0,871
2024;RS;Fontoura Xavier;4308300;0,375
2024;RS;Formigueiro;4308409;0,743
2024;RS;Forquetinha;4308433;0,921
2024;RS;Garruchos;4308656;1,068
2024;RS;Gaurama;4308706;0,579
2024;RS;Gentil;4308854;2,214
2024;RS;Glorinha;4309050;1,483
2024;RS;Gramado;4309100;0,515
2024;RS;Gramado dos Loureiros;4309126;0,319
2024;RS;Gramado Xavier;4309159;0,919
2024;RS;Guaíba;4309308;0,499
2024;RS;Guaporé;4309407;0,328
2024;RS;Harmonia;4309555;0,571
2024;RS;Hulha Negra;4309654;1,441
2024;RS;Ibiaçá;4309803;0,562
2024;RS;Igrejinha;4310108;0,476
2024;RS;Ijuí;4310207;6,292
2024;RS;Imigrante;4310363;1,598
2024;RS;Independência;4310405;0,500
2024;RS;Ipê;4310439;0,618
2024;RS;Iraí;4310504;0,827
2024;RS;Itacurubi;4310553;0,295
2024;RS;Itaqui;4310603;0,414
2024;RS;Itati;4310652;0,555
2024;RS;Ivoti;4310801;0,464
2024;RS;Jacuizinho;4310876;0,526
2024;RS;Jacutinga;4310900;1,739
2024;RS;Jaguari;4311106;1,242
2024;RS;Jari;4311130;0,298
2024;RS;Lagoa Bonita do Sul;4311239;0,538
2024;RS;Lagoa dos Três Cantos;4311270;1,068
2024;RS;Lagoa Vermelha;4311304;0,546
2024;RS;Lajeado;4311403;0,388
2024;RS;Lajeado do Bugre;4311429;1,023
2024;RS;Linha Nova;4311643;0,671
2024;RS;Machadinho;4311700;0,373
2024;RS;Maquiné;4311775;0,453
2024;RS;Maratá;4311791;0,532
2024;RS;Marau;4311809;1,329
2024;RS;Marques de Souza;4312054;0,387
2024;RS;Mata;4312104;0,831
2024;RS;Maximiliano de Almeida;4312203;0,449
2024;RS;Minas do Leão;4312252;0,275
2024;RS;Miraguaí;4312302;0,891
2024;RS;Monte Belo do Sul;4312385;0,652
2024;RS;Mormaço;4312427;0,470
2024;RS;Morro Reuter;4312476;0,878
2024;RS;Muliterno;4312625;0,613
2024;RS;Não-Me-Toque;4312658;1,395
2024;RS;Nicolau Vergueiro;4312674;0,603
2024;RS;Nonoai;4312708;0,661
2024;RS;Nova Araçá;4312807;0,644
2024;RS;Nova Esperança do Sul;4313037;0,824
2024;RS;Nova Hartz;4313060;0,415
2024;RS;Nova Pádua;4313086;0,575
2024;RS;Nova Palma;4313102;0,748
2024;RS;Nova Ramada;4313334;2,010
2024;RS;Nova Roma do Sul;4313359;0,681
2024;RS;Novo Tiradentes;4313441;0,552
2024;RS;Novo Xingu;4313466;0,829
2024;RS;Novo Barreiro;4313490;0,635
2024;RS;Panambi;4313904;0,841
2024;RS;Pantano Grande;4313953;0,986
2024;RS;Paraí;4314001;0,328
2024;RS;Paraíso do Sul;4314027;0,774
2024;RS;Pareci Novo;4314035;1,204
2024;RS;Parobé;4314050;0,633
2024;RS;Passa Sete;4314068;0,729
2024;RS;Paverama;4314159;0,569
2024;RS;Pedras Altas;4314175;0,848
2024;RS;Pinheirinho do Vale;4314498;0,672
2024;RS;Pinto Bandeira;4314548;2,429
2024;RS;Planalto;4314704;0,746
2024;RS;Pontão;4314779;0,295
2024;RS;Ponte Preta;4314787;0,744
2024;RS;Portão;4314803;0,511
2024;RS;Porto Alegre;4314902;106,234
2024;RS;Porto Vera Cruz;4315073;0,325
2024;RS;Pouso Novo;4315131;0,312
2024;RS;Presidente Lucena;4315149;0,618
2024;RS;Putinga;4315206;2,831
2024;RS;Quaraí;4315305;0,270
2024;RS;Rio dos Índios;4315552;0,377
2024;RS;Riozinho;4315750;0,604
2024;RS;Roca Sales;4315800;2,375
2024;RS;Rolador;4315958;0,649
2024;RS;Rolante;4316006;0,299
2024;RS;Ronda Alta;4316105;0,367
2024;RS;Saldanha Marinho;4316436;0,809
2024;RS;Salvador do Sul;4316501;0,582
2024;RS;Santa Cecília do Sul;4316733;0,925
2024;RS;Santa Clara do Sul;4316758;1,044
2024;RS;Santa Cruz do Sul;4316808;0,450
2024;RS;Santa Maria;4316907;0,705
2024;RS;Santa Margarida do Sul;4316972;1,546
2024;RS;Sant'Ana do Livramento;4317103;1,362
2024;RS;Santa Tereza;4317251;0,937
2024;RS;Santo Ângelo;4317509;0,300
2024;RS;Santo Antônio do Palma;4317558;1,657
2024;RS;Santo Antônio da Patrulha;4317608;0,820
2024;RS;Santo Augusto;4317806;0,942
2024;RS;Santo Cristo;4317905;2,129
2024;RS;São Borja;4318002;0,525
2024;RS;São Domingos do Sul;4318051;1,500
2024;RS;São Gabriel;4318309;0,702
2024;RS;São Jerônimo;4318408;0,281
2024;RS;São Jorge;4318440;0,821
2024;RS;São José das Missões;4318457;0,524
2024;RS;São José do Norte;4318507;0,730
2024;RS;São José do Ouro;4318606;1,279
2024;RS;São José do Sul;4318614;0,319
2024;RS;São Leopoldo;4318705;0,194
2024;RS;São Luiz Gonzaga;4318903;0,492
2024;RS;São Marcos;4319000;0,437
2024;RS;São Martinho;4319109;0,540
2024;RS;São Martinho da Serra;4319125;1,142
2024;RS;São Miguel das Missões;4319158;0,449
2024;RS;São Paulo das Missões;4319307;0,685
2024;RS;São Pedro da Serra;4319356;0,548
2024;RS;São Pedro das Missões;4319364;0,898
2024;RS;São Pedro do Sul;4319406;0,871
2024;RS;São Sebastião do Caí;4319505;1,085
2024;RS;São Sepé;4319604;0,366
2024;RS;São Valério do Sul;4319737;0,986
2024;RS;Sapiranga;4319901;0,648
2024;RS;Seberi;4320206;0,445
2024;RS;Segredo;4320263;0,559
2024;RS;Serafina Corrêa;4320404;0,680
2024;RS;Sério;4320453;0,663
2024;RS;Sete de Setembro;4320578;0,699
2024;RS;Severiano de Almeida;4320602;0,967
2024;RS;Soledade;4320800;1,236
2024;RS;Tapes;4321105;0,838
2024;RS;Tavares;4321352;0,544
2024;RS;Tio Hugo;4321469;0,466
2024;RS;Torres;4321501;0,593
2024;RS;Três Arroios;4321634;0,895
2024;RS;Três Cachoeiras;4321667;1,033
2024;RS;Três Coroas;4321709;0,494
2024;RS;Três de Maio;4321808;0,361
2024;RS;Três Forquilhas;4321832;0,551
2024;RS;Triunfo;4322004;0,675
2024;RS;Tucunduva;4322103;0,429
2024;RS;Tunas;4322152;0,417
2024;RS;Tupanci do Sul;4322186;0,329
2024;RS;Tupandi;4322251;0,437
2024;RS;Ubiretama;4322343;0,730
2024;RS;Unistalda;4322376;0,521
2024;RS;Vacaria;4322509;0,739
2024;RS;Vale do Sol;4322533;0,556
2024;RS;Vale Real;4322541;0,633
2024;RS;Vanini;4322558;0,484
2024;RS;Vera Cruz;4322707;0,815
2024;RS;Veranópolis;4322806;0,666
2024;RS;Vespasiano Corrêa;4322855;0,225
2024;RS;Viamão;4323002;0,914
2024;RS;Victor Graeff;4323200;0,400
2024;RS;Vila Flores;4323309;0,415
2024;RS;Vila Lângaro;4323358;1,240
2024;RS;Vila Maria;4323408;0,244
2024;RS;Vila Nova do Sul;4323457;0,442
2024;RS;Vista Alegre;4323507;1,367
2024;RS;Vista Gaúcha;4323705;1,047
2024;RS;Xangri-lá;4323804;2,386
2024;MS;Água Clara;5000203;0,544
2024;MS;Anastácio;5000708;0,700
2024;MS;Angélica;5000856;0,977
2024;MS;Antônio João;5000906;0,651
2024;MS;Aral Moreira;5001243;0,601
2024;MS;Bandeirantes;5001508;0,446
2024;MS;Batayporã;5002001;0,367
2024;MS;Bela Vista;5002100;0,412
2024;MS;Bodoquena;5002159;0,751
2024;MS;Brasilândia;5002308;0,469
2024;MS;Camapuã;5002605;0,668
2024;MS;Campo Grande;5002704;9,363
2024;MS;Cassilândia;5002902;2,875
2024;MS;Chapadão do Sul;5002951;1,149
2024;MS;Corumbá;5003207;0,393
2024;MS;Costa Rica;5003256;1,400
2024;MS;Dois Irmãos do Buriti;5003488;1,796
2024;MS;Douradina;5003504;0,470
2024;MS;Dourados;5003702;1,196
2024;MS;Eldorado;5003751;0,409
2024;MS;Figueirão;5003900;1,085
2024;MS;Glória de Dourados;5004007;0,872
2024;MS;Itaporã;5004502;0,510
2024;MS;Juti;5005152;2,841
2024;MS;Ladário;5005202;0,358
2024;MS;Maracaju;5005400;0,712
2024;MS;Miranda;5005608;0,326
2024;MS;Nova Alvorada do Sul;5006002;0,610
2024;MS;Paraíso das Águas;5006275;0,495
2024;MS;Paranaíba;5006309;0,439
2024;MS;Paranhos;5006358;0,742
2024;MS;Pedro Gomes;5006408;0,663
2024;MS;Ponta Porã;5006606;0,754
2024;MS;Porto Murtinho;5006903;0,543
2024;MS;Ribas do Rio Pardo;5007109;0,379
2024;MS;Rio Negro;5007307;0,857
2024;MS;Rio Verde de Mato Grosso;5007406;1,007
2024;MS;São Gabriel do Oeste;5007695;0,559
2024;MS;Selvíria;5007802;2,016
2024;MS;Sidrolândia;5007901;1,508
2024;MT;Acorizal;5100102;1,170
2024;MT;Alta Floresta;5100250;0,718
2024;MT;Alto Araguaia;5100300;0,942
2024;MT;Alto Boa Vista;5100359;0,363
2024;MT;Apiacás;5100805;1,715
2024;MT;Araguaiana;5101001;1,895
2024;MT;Aripuanã;5101407;0,864
2024;MT;Barra do Garças;5101803;0,396
2024;MT;Boa Esperança do Norte;5101837;1,117
2024;MT;Brasnorte;5101902;0,484
2024;MT;Cáceres;5102504;0,748
2024;MT;Campinápolis;5102603;0,639
2024;MT;Campo Verde;5102678;0,415
2024;MT;Canarana;5102702;0,413
2024;MT;Chapada dos Guimarães;5103007;0,879
2024;MT;Colíder;5103205;0,486
2024;MT;Colniza;5103254;0,888
2024;MT;Cuiabá;5103403;9,089
2024;MT;Curvelândia;5103437;0,591
2024;MT;Diamantino;5103502;0,573
2024;MT;General Carneiro;5103908;0,947
2024;MT;Glória D'Oeste;5103957;0,461
2024;MT;Guarantã do Norte;5104104;0,691
2024;MT;Indiavaí;5104500;3,337
2024;MT;Ipiranga do Norte;5104526;1,632
2024;MT;Itanhangá;5104542;1,161
2024;MT;Jauru;5105002;1,261
2024;MT;Juína;5105150;1,302
2024;MT;Juruena;5105176;0,620
2024;MT;Lucas do Rio Verde;5105259;0,696
2024;MT;Luciara;5105309;1,897
2024;MT;Vila Bela da Santíssima Trindade;5105507;1,944
2024;MT;Matupá;5105606;0,678
2024;MT;Mirassol d'Oeste;5105622;0,869
2024;MT;Nobres;5105903;1,406
2024;MT;Nortelândia;5106000;1,545
2024;MT;Nova Bandeirantes;5106158;0,535
2024;MT;Nova Nazaré;5106174;0,349
2024;MT;Nova Santa Helena;5106190;0,591
2024;MT;Nova Brasilândia;5106208;0,501
2024;MT;Nova Canaã do Norte;5106216;0,507
2024;MT;Nova Mutum;5106224;0,343
2024;MT;Nova Olímpia;5106232;1,000
2024;MT;Novo Mundo;5106265;0,836
2024;MT;Novo São Joaquim;5106281;1,452
2024;MT;Paranatinga;5106307;0,770
2024;MT;Novo Santo Antônio;5106315;0,984
2024;MT;Pedra Preta;5106372;0,598
2024;MT;Poconé;5106505;0,488
2024;MT;Pontal do Araguaia;5106653;0,418
2024;MT;Ponte Branca;5106703;1,033
2024;MT;Primavera do Leste;5107040;0,870
2024;MT;São José dos Quatro Marcos;5107107;0,819
2024;MT;Reserva do Cabaçal;5107156;0,473
2024;MT;Ribeirãozinho;5107198;1,317
2024;MT;Rio Branco;5107206;0,544
2024;MT;São José do Povo;5107297;0,605
2024;MT;São José do Rio Claro;5107305;0,521
2024;MT;Rosário Oeste;5107701;0,696
2024;MT;Salto do Céu;5107750;1,030
2024;MT;Santa Rita do Trivelato;5107768;0,655
2024;MT;Santo Antônio do Leste;5107792;0,586
2024;MT;Sapezal;5107875;0,387
2024;MT;Sinop;5107909;1,285
2024;MT;Terra Nova do Norte;5108055;0,323
2024;MT;Várzea Grande;5108402;0,344
2024;MT;Vera;5108501;0,772
2024;MT;Nova Guarita;5108808;0,572
2024;MT;Nova Monte Verde;5108956;5,299
2024;GO;Abadia de Goiás;5200050;0,587
2024;GO;Abadiânia;5200100;0,315
2024;GO;Acreúna;5200134;0,305
2024;GO;Águas Lindas de Goiás;5200258;0,279
2024;GO;Alexânia;5200308;3,378
2024;GO;Alto Paraíso de Goiás;5200605;0,371
2024;GO;Alvorada do Norte;5200803;0,494
2024;GO;Amaralina;5200829;0,982
2024;GO;Amorinópolis;5200902;0,935
2024;GO;Anicuns;5201306;0,854
2024;GO;Aparecida de Goiânia;5201405;0,468
2024;GO;Aparecida do Rio Doce;5201454;0,577
2024;GO;Aporé;5201504;0,446
2024;GO;Araçu;5201603;0,815
2024;GO;Aragoiânia;5201801;2,237
2024;GO;Arenópolis;5202353;0,493
2024;GO;Aruanã;5202502;0,457
2024;GO;Aurilândia;5202601;0,838
2024;GO;Avelinópolis;5202809;0,195
2024;GO;Bonfinópolis;5203559;0,661
2024;GO;Bonópolis;5203575;0,396
2024;GO;Britânia;5203807;1,233
2024;GO;Buriti Alegre;5203906;0,404
2024;GO;Cachoeira Alta;5204102;0,585
2024;GO;Caiapônia;5204409;0,564
2024;GO;Caldazinha;5204557;0,709
2024;GO;Campestre de Goiás;5204607;0,844
2024;GO;Campinaçu;5204656;0,746
2024;GO;Campo Alegre de Goiás;5204805;0,369
2024;GO;Campos Belos;5204904;0,672
2024;GO;Catalão;5205109;0,967
2024;GO;Caturaí;5205208;0,443
2024;GO;Cavalcante;5205307;0,500
2024;GO;Ceres;5205406;0,820
2024;GO;Cidade Ocidental;5205497;0,357
2024;GO;Colinas do Sul;5205521;0,778
2024;GO;Corumbaíba;5205901;2,327
2024;GO;Cristalina;5206206;0,349
2024;GO;Damianópolis;5206701;0,750
2024;GO;Edealina;5207352;0,563
2024;GO;Estrela do Norte;5207501;0,473
2024;GO;Faina;5207535;0,853
2024;GO;Fazenda Nova;5207600;0,409
2024;GO;Firminópolis;5207808;0,655
2024;GO;Formoso;5208103;0,686
2024;GO;Gameleira de Goiás;5208152;0,753
2024;GO;Divinópolis de Goiás;5208301;1,101
2024;GO;Goiânia;5208707;19,042
2024;GO;Goiatuba;5209101;0,653
2024;GO;Gouvelândia;5209150;0,466
2024;GO;Guapó;5209200;0,845
2024;GO;Guarinos;5209457;0,770
2024;GO;Heitoraí;5209606;0,399
2024;GO;Hidrolândia;5209705;0,542
2024;GO;Indiara;5209952;0,406
2024;GO;Ipameri;5210109;0,729
2024;GO;Itaguaru;5210604;0,592
2024;GO;Itajá;5210802;0,749
2024;GO;Itumbiara;5211503;0,535
2024;GO;Jandaia;5211701;0,672
2024;GO;Jataí;5211909;0,704
2024;GO;Jaupaci;5212006;0,783
2024;GO;Jesúpolis;5212055;0,623
2024;GO;Jussara;5212204;0,370
2024;GO;Lagoa Santa;5212253;0,931
2024;GO;Mara Rosa;5212808;0,945
2024;GO;Matrinchã;5212956;1,146
2024;GO;Mimoso de Goiás;5213053;0,395
2024;GO;Minaçu;5213087;0,468
2024;GO;Moiporá;5213400;0,385
2024;GO;Montividiu;5213756;0,234
2024;GO;Morro Agudo de Goiás;5213855;0,881
2024;GO;Nazário;5214408;0,313
2024;GO;Nerópolis;5214507;0,807
2024;GO;Nova América;5214705;0,322
2024;GO;Nova Crixás;5214838;0,282
2024;GO;Nova Glória;5214861;0,497
2024;GO;Nova Veneza;5215009;0,729
2024;GO;Novo Brasil;5215207;2,708
2024;GO;Novo Planalto;5215256;0,939
2024;GO;Orizona;5215306;0,305
2024;GO;Palestina de Goiás;5215652;0,822
2024;GO;Petrolina de Goiás;5216809;0,597
2024;GO;Piracanjuba;5217104;1,211
2024;GO;Pires do Rio;5217401;0,893
2024;GO;Planaltina;5217609;0,542
2024;GO;Porteirão;5218052;4,384
2024;GO;Rialma;5218607;1,239
2024;GO;Rubiataba;5218904;0,610
2024;GO;Sanclerlândia;5219001;0,269
2024;GO;Santa Bárbara de Goiás;5219100;0,737
2024;GO;Santa Fé de Goiás;5219258;0,410
2024;GO;Santa Isabel;5219357;0,496
2024;GO;Santa Terezinha de Goiás;5219704;0,442
2024;GO;Santo Antônio de Goiás;5219738;0,655
2024;GO;São Domingos;5219803;0,559
2024;GO;São Francisco de Goiás;5219902;0,552
2024;GO;São João d'Aliança;5220009;0,800
2024;GO;São João da Paraúna;5220058;0,539
2024;GO;São Miguel do Passa Quatro;5220264;0,648
2024;GO;São Patrício;5220280;1,034
2024;GO;Senador Canedo;5220454;1,106
2024;GO;Serranópolis;5220504;1,427
2024;GO;Simolândia;5220686;1,147
2024;GO;Taquaral de Goiás;5221007;0,306
2024;GO;Teresina de Goiás;5221080;0,428
2024;GO;Terezópolis de Goiás;5221197;1,598
2024;GO;Trombas;5221452;0,744
2024;GO;Turvânia;5221502;0,550
2024;GO;Uirapuru;5221577;0,869
2024;GO;Uruana;5221700;0,380
2024;GO;Varjão;5221908;0,830
2024;GO;Vila Propício;5222302;0,949
2024;DF;Brasília;5300108;30,247
