Ano;UF;Município;Cód. IBGE;Peso recebido (t)
2025;RO;Ariquemes;1100023;0,693
2025;RO;Colorado do Oeste;1100064;0,738
2025;RO;Costa Marques;1100080;0,842
2025;RO;Espigão D'Oeste;1100098;0,366
2025;RO;Jaru;1100114;0,739
2025;RO;Machadinho D'Oeste;1100130;0,833
2025;RO;Pimenta Bueno;1100189;0,613
2025;RO;Porto Velho;1100205;7,699
2025;RO;Vilhena;1100304;1,614
2025;RO;Alvorada D'Oeste;1100346;0,339
2025;RO;Alto Alegre dos Parecis;1100379;1,196
2025;RO;Cacaulândia;1100601;1,794
2025;RO;Campo Novo de Rondônia;1100700;0,693
2025;RO;Castanheiras;1100908;1,211
2025;RO;Chupinguaia;1100924;0,989
2025;RO;Parecis;1101450;2,077
2025;RO;São Felipe D'Oeste;1101484;0,225
2025;RO;São Francisco do Guaporé;1101492;0,885
2025;RO;Teixeirópolis;1101559;0,213
2025;RO;Theobroma;1101609;0,430
2025;RO;Urupá;1101708;0,641
2025;RO;Vale do Paraíso;1101807;0,557
2025;AC;Acrelândia;1200013;1,129
2025;AC;Assis Brasil;1200054;1,468
2025;AC;Brasiléia;1200104;0,807
2025;AC;Capixaba;1200179;2,115
2025;AC;Cruzeiro do Sul;1200203;0,386
2025;AC;Feijó;1200302;0,434
2025;AC;Jordão;1200328;0,399
2025;AC;Mâncio Lima;1200336;1,058
2025;AC;Marechal Thaumaturgo;1200351;1,169
2025;AC;Porto Walter;1200393;0,332
2025;AC;Rio Branco;1200401;3,158
2025;AC;Rodrigues Alves;1200427;0,596
2025;AC;Senador Guiomard;1200450;1,013
2025;AC;Sena Madureira;1200500;0,498
2025;AC;Tarauacá;1200609;0,580
2025;AC;Porto Acre;1200807;0,429
2025;AM;Alvarães;1300029;9,443
2025;AM;Anamã;1300086;1,384
2025;AM;Anori;1300102;0,347
2025;AM;Apuí;1300144;1,521
2025;AM;Atalaia do Norte;1300201;0,883
2025;AM;Barreirinha;1300508;0,873
2025;AM;Boa Vista do Ramos;1300680;1,243
2025;AM;Boca do Acre;1300706;4,868
2025;AM;Borba;1300805;3,047
2025;AM;Canutama;1300904;0,549
2025;AM;Carauari;1301001;0,863
2025;AM;Coari;1301209;1,125
2025;AM;Eirunepé;1301407;2,200
2025;AM;Envira;1301506;1,582
2025;AM;Fonte Boa;1301605;0,638
2025;AM;Guajará;1301654;0,363
2025;AM;Ipixuna;1301803;0,833
2025;AM;Itamarati;1301951;5,063
2025;AM;Itapiranga;1302009;0,622
2025;AM;Japurá;1302108;1,412
2025;AM;Jutaí;1302306;0,291
2025;AM;Lábrea;1302405;0,265
2025;AM;Manaquiri;1302553;3,303
2025;AM;Manaus;1302603;3,491
2025;AM;Manicoré;1302702;0,354
2025;AM;Maraã;1302801;0,400
2025;AM;Maués;1302900;0,794
2025;AM;Nhamundá;1303007;3,884
2025;AM;Nova Olinda do Norte;1303106;0,647
2025;AM;Novo Airão;1303205;0,966
2025;AM;Novo Aripuanã;1303304;1,221
2025;AM;Parintins;1303403;0,405
2025;AM;Pauini;1303502;0,933
2025;AM;Santo Antônio do Içá;1303700;3,185
2025;AM;São Sebastião do Uatumã;1303957;0,486
2025;AM;Silves;1304005;3,899
2025;AM;Tabatinga;1304062;0,784
2025;AM;Tapauá;1304104;0,532
2025;AM;Tefé;1304203;1,261
2025;AM;Uarini;1304260;6,263
2025;AM;Urucurituba;1304401;0,916
2025;RR;Amajari;1400027;0,319
2025;RR;Boa Vista;1400100;2,647
2025;RR;Bonfim;1400159;0,494
2025;RR;Cantá;1400175;1,245
2025;RR;Mucajaí;1400308;0,663
2025;RR;Rorainópolis;1400472;0,624
2025;RR;São João da Baliza;1400506;1,292
2025;RR;São Luiz;1400605;0,395
2025;RR;Uiramutã;1400704;0,706
2025;PA;Abaetetuba;1500107;1,072
2025;PA;Afuá;1500305;1,631
2025;PA;Água Azul do Norte;1500347;0,448
2025;PA;Alenquer;1500404;0,690
2025;PA;Altamira;1500602;0,646
2025;PA;Anajás;1500701;0,655
2025;PA;Ananindeua;1500800;1,234
2025;PA;Anapu;1500859;0,900
2025;PA;Augusto Corrêa;1500909;0,694
2025;PA;Aveiro;1501006;0,933
2025;PA;Bagre;1501105;0,692
2025;PA;Baião;1501204;4,306
2025;PA;Bannach;1501253;1,530
2025;PA;Barcarena;1501303;2,414
2025;PA;Belém;1501402;35,439
2025;PA;Bonito;1501600;0,872
2025;PA;Brasil Novo;1501725;0,297
2025;PA;Breu Branco;1501782;0,453
2025;PA;Breves;1501808;0,449
2025;PA;Bujaru;1501907;0,720
2025;PA;Cachoeira do Arari;1502004;1,373
2025;PA;Cametá;1502103;0,469
2025;PA;Canaã dos Carajás;1502152;0,563
2025;PA;Capitão Poço;1502301;0,972
2025;PA;Castanhal;1502400;0,612
2025;PA;Chaves;1502509;0,974
2025;PA;Colares;1502608;1,137
2025;PA;Conceição do Araguaia;1502707;0,597
2025;PA;Cumaru do Norte;1502764;0,674
2025;PA;Curralinho;1502806;0,685
2025;PA;Curuá;1502855;0,342
2025;PA;Dom Eliseu;1502939;0,660
2025;PA;Garrafão do Norte;1503077;0,826
2025;PA;Goianésia do Pará;1503093;2,632
2025;PA;Igarapé-Açu;1503200;0,833
2025;PA;Irituia;1503507;0,945
2025;PA;Itupiranga;1503705;1,513
2025;PA;Jacareacanga;1503754;0,549
2025;PA;Limoeiro do Ajuru;1504000;0,765
2025;PA;Mãe do Rio;1504059;1,776
2025;PA;Marabá;1504208;5,724
2025;PA;Marapanim;1504406;1,601
2025;PA;Medicilândia;1504455;0,333
2025;PA;Melgaço;1504505;1,274
2025;PA;Monte Alegre;1504802;1,143
2025;PA;Muaná;1504901;0,752
2025;PA;Nova Esperança do Piriá;1504950;4,485
2025;PA;Nova Ipixuna;1504976;0,711
2025;PA;Novo Progresso;1505031;0,735
2025;PA;Óbidos;1505106;2,089
2025;PA;Oeiras do Pará;1505205;0,569
2025;PA;Ourém;1505403;0,852
2025;PA;Palestina do Pará;1505494;1,281
2025;PA;Parauapebas;1505536;0,473
2025;PA;Peixe-Boi;1505601;3,551
2025;PA;Piçarra;1505635;0,668
2025;PA;Placas;1505650;1,159
2025;PA;Ponta de Pedras;1505700;7,646
2025;PA;Porto de Moz;1505908;0,605
2025;PA;Prainha;1506005;0,550
2025;PA;Primavera;1506104;0,945
2025;PA;Redenção;1506138;0,483
2025;PA;Rurópolis;1506195;0,901
2025;PA;Salinópolis;1506203;1,200
2025;PA;Santa Bárbara do Pará;1506351;1,355
2025;PA;Santa Cruz do Arari;1506401;0,457
2025;PA;Santa Izabel do Pará;1506500;0,731
2025;PA;Santana do Araguaia;1506708;0,679
2025;PA;Santarém;1506807;0,329
2025;PA;Santarém Novo;1506906;1,685
2025;PA;Santo Antônio do Tauá;1507003;0,655
2025;PA;São Caetano de Odivelas;1507102;0,606
2025;PA;São Domingos do Araguaia;1507151;4,712
2025;PA;São Félix do Xingu;1507300;0,582
2025;PA;São João do Araguaia;1507508;0,518
2025;PA;São Miguel do Guamá;1507607;0,957
2025;PA;Sapucaia;1507755;0,651
2025;PA;Senador José Porfírio;1507805;1,117
2025;PA;Soure;1507904;1,800
2025;PA;Tailândia;1507953;0,922
2025;PA;Terra Santa;1507979;0,703
2025;PA;Tomé-Açu;1508001;3,983
2025;PA;Tracuateua;1508035;0,966
2025;PA;Tucumã;1508084;1,190
2025;PA;Tucuruí;1508100;0,676
2025;PA;Ulianópolis;1508126;0,404
2025;PA;Vigia;1508209;14,798
2025;PA;Vitória do Xingu;1508357;1,421
2025;PA;Xinguara;1508407;0,310
2025;AP;Pedra Branca do Amapari;1600154;0,678
2025;AP;Itaubal;1600253;0,646
2025;AP;Macapá;1600303;3,450
2025;AP;Mazagão;1600402;2,154
2025;AP;Oiapoque;1600501;0,531
2025;AP;Santana;1600600;0,420
2025;AP;Vitória do Jari;1600808;1,152
2025;TO;Aguiarnópolis;1700301;0,725
2025;TO;Aliança do Tocantins;1700350;0,894
2025;TO;Ananás;1701002;1,121
2025;TO;Angico;1701051;0,906
2025;TO;Araguaçu;1702000;0,509
2025;TO;Arraias;1702406;1,404
2025;TO;Augustinópolis;1702554;0,771
2025;TO;Axixá do Tocantins;1702901;0,381
2025;TO;Bandeirantes do Tocantins;1703057;0,498
2025;TO;Barra do Ouro;1703073;0,473
2025;TO;Barrolândia;1703107;1,156
2025;TO;Bernardo Sayão;1703206;0,400
2025;TO;Bom Jesus do Tocantins;1703305;1,140
2025;TO;Brejinho de Nazaré;1703701;0,546
2025;TO;Cariri do Tocantins;1703867;0,761
2025;TO;Carmolândia;1703883;0,549
2025;TO;Carrasco Bonito;1703891;0,992
2025;TO;Centenário;1704105;0,567
2025;TO;Chapada de Areia;1704600;0,789
2025;TO;Chapada da Natividade;1705102;0,234
2025;TO;Colinas do Tocantins;1705508;0,738
2025;TO;Conceição do Tocantins;1705607;0,537
2025;TO;Cristalândia;1706100;0,341
2025;TO;Divinópolis do Tocantins;1707108;0,674
2025;TO;Dueré;1707306;0,476
2025;TO;Figueirópolis;1707652;1,094
2025;TO;Filadélfia;1707702;0,469
2025;TO;Formoso do Araguaia;1708205;1,368
2025;TO;Goiatins;1709005;0,638
2025;TO;Gurupi;1709500;0,747
2025;TO;Itacajá;1710508;0,880
2025;TO;Itaguatins;1710706;0,847
2025;TO;Itaporã do Tocantins;1711100;0,716
2025;TO;Lagoa da Confusão;1711902;0,373
2025;TO;Lagoa do Tocantins;1711951;2,243
2025;TO;Lavandeira;1712157;0,398
2025;TO;Luzinópolis;1712454;0,387
2025;TO;Monte do Carmo;1713601;0,785
2025;TO;Monte Santo do Tocantins;1713700;1,028
2025;TO;Palmeiras do Tocantins;1713809;0,405
2025;TO;Nazaré;1714302;1,254
2025;TO;Novo Alegre;1715150;0,394
2025;TO;Palmeirante;1715705;0,986
2025;TO;Paraíso do Tocantins;1716109;0,773
2025;TO;Paranã;1716208;1,856
2025;TO;Pau D'Arco;1716307;0,847
2025;TO;Peixe;1716604;0,823
2025;TO;Pequizeiro;1716653;0,771
2025;TO;Colméia;1716703;1,126
2025;TO;Pindorama do Tocantins;1717008;0,966
2025;TO;Piraquê;1717206;0,609
2025;TO;Pium;1717503;0,808
2025;TO;Ponte Alta do Tocantins;1717909;1,307
2025;TO;Porto Alegre do Tocantins;1718006;0,825
2025;TO;Pugmil;1718451;0,382
2025;TO;Riachinho;1718550;0,984
2025;TO;Rio da Conceição;1718659;0,849
2025;TO;Rio Sono;1718758;0,778
2025;TO;Sampaio;1718808;0,817
2025;TO;Sandolândia;1718840;0,570
2025;TO;Santa Fé do Araguaia;1718865;0,860
2025;TO;Santa Tereza do Tocantins;1719004;0,371
2025;TO;São Bento do Tocantins;1720101;2,266
2025;TO;São Miguel do Tocantins;1720200;1,775
2025;TO;São Sebastião do Tocantins;1720309;2,869
2025;TO;São Valério;1720499;0,577
2025;TO;Silvanópolis;1720655;0,955
2025;TO;Sítio Novo do Tocantins;1720804;1,065
2025;TO;Taipas do Tocantins;1720937;0,933
2025;TO;Talismã;1720978;0,526
2025;TO;Palmas;1721000;7,481
2025;TO;Tocantínia;1721109;0,464
2025;TO;Tocantinópolis;1721208;0,507
2025;TO;Tupirama;1721257;1,678
2025;MA;Açailândia;2100055;0,705
2025;MA;Afonso Cunha;2100105;0,459
2025;MA;Aldeias Altas;2100303;0,916
2025;MA;Alto Alegre do Maranhão;2100436;1,552
2025;MA;Amarante do Maranhão;2100600;0,863
2025;MA;Anajatuba;2100709;0,720
2025;MA;Anapurus;2100808;0,437
2025;MA;Araioses;2100907;0,493
2025;MA;Bacabeira;2101251;0,820
2025;MA;Bacuri;2101301;1,493
2025;MA;Bacurituba;2101350;0,668
2025;MA;Belágua;2101731;1,034
2025;MA;Bernardo do Mearim;2101939;5,865
2025;MA;Boa Vista do Gurupi;2101970;1,286
2025;MA;Bom Jardim;2102002;0,482
2025;MA;Bom Lugar;2102077;0,723
2025;MA;Brejo de Areia;2102150;1,814
2025;MA;Buriticupu;2102325;0,257
2025;MA;Buritirana;2102358;0,614
2025;MA;Cachoeira Grande;2102374;1,208
2025;MA;Cajapió;2102408;0,572
2025;MA;Campestre do Maranhão;2102556;1,029
2025;MA;Capinzal do Norte;2102754;0,908
2025;MA;Carutapera;2102903;0,665
2025;MA;Caxias;2103000;1,347
2025;MA;Centro do Guilherme;2103158;0,857
2025;MA;Cidelândia;2103257;1,068
2025;MA;Codó;2103307;2,660
2025;MA;Coelho Neto;2103406;2,102
2025;MA;Colinas;2103505;0,694
2025;MA;Conceição do Lago-Açu;2103554;1,035
2025;MA;Coroatá;2103604;0,664
2025;MA;Davinópolis;2103752;0,984
2025;MA;Dom Pedro;2103802;2,160
2025;MA;Duque Bacelar;2103901;0,685
2025;MA;Esperantinópolis;2104008;0,652
2025;MA;Estreito;2104057;0,427
2025;MA;Feira Nova do Maranhão;2104073;1,462
2025;MA;Fernando Falcão;2104081;0,235
2025;MA;Formosa da Serra Negra;2104099;0,718
2025;MA;Fortuna;2104206;6,165
2025;MA;Governador Luiz Rocha;2104628;1,295
2025;MA;Governador Nunes Freire;2104677;0,393
2025;MA;Grajaú;2104800;0,381
2025;MA;Igarapé do Meio;2105153;0,612
2025;MA;Imperatriz;2105302;1,824
2025;MA;Itapecuru Mirim;2105401;0,762
2025;MA;Joselândia;2105609;0,970
2025;MA;Junco do Maranhão;2105658;1,133
2025;MA;Lago da Pedra;2105708;2,188
2025;MA;Lago do Junco;2105807;0,483
2025;MA;Lago Verde;2105906;0,429
2025;MA;Lagoa do Mato;2105922;1,059
2025;MA;Lagoa Grande do Maranhão;2105963;0,610
2025;MA;Loreto;2106102;0,772
2025;MA;Luís Domingues;2106201;1,042
2025;MA;Magalhães de Almeida;2106300;0,667
2025;MA;Maracaçumé;2106326;1,467
2025;MA;Maranhãozinho;2106375;0,727
2025;MA;Matinha;2106508;0,482
2025;MA;Matões;2106607;0,425
2025;MA;Matões do Norte;2106631;0,525
2025;MA;Milagres do Maranhão;2106672;0,301
2025;MA;Mirador;2106706;0,363
2025;MA;Miranda do Norte;2106755;1,108
2025;MA;Montes Altos;2107001;0,458
2025;MA;Morros;2107100;0,372
2025;MA;Nina Rodrigues;2107209;0,644
2025;MA;Nova Colinas;2107258;0,497
2025;MA;Olinda Nova do Maranhão;2107456;1,013
2025;MA;Paço do Lumiar;2107506;1,132
2025;MA;Palmeirândia;2107605;1,748
2025;MA;Parnarama;2107803;0,913
2025;MA;Paulino Neves;2108058;0,697
2025;MA;Pedreiras;2108207;0,573
2025;MA;Peri Mirim;2108405;1,942
2025;MA;Peritoró;2108454;0,589
2025;MA;Pirapemas;2108801;0,565
2025;MA;Poção de Pedras;2108900;1,371
2025;MA;Porto Rico do Maranhão;2109056;1,292
2025;MA;Presidente Dutra;2109106;0,672
2025;MA;Presidente Juscelino;2109205;0,697
2025;MA;Presidente Vargas;2109304;0,547
2025;MA;Sambaíba;2109700;1,091
2025;MA;Santa Helena;2109809;0,718
2025;MA;Santa Rita;2110203;0,517
2025;MA;Santo Amaro do Maranhão;2110278;0,919
2025;MA;São Bernardo;2110609;0,511
2025;MA;São Domingos do Azeitão;2110658;0,380
2025;MA;São Félix de Balsas;2110807;1,507
2025;MA;São Francisco do Brejão;2110856;0,612
2025;MA;São João Batista;2111003;0,703
2025;MA;São João do Paraíso;2111052;1,082
2025;MA;São João dos Patos;2111102;1,338
2025;MA;São José de Ribamar;2111201;0,681
2025;MA;São Luís;2111300;177,825
2025;MA;São Luís Gonzaga do Maranhão;2111409;0,930
2025;MA;São Pedro dos Crentes;2111573;1,463
2025;MA;São Raimundo das Mangabeiras;2111607;0,508
2025;MA;São Vicente Ferrer;2111706;0,521
2025;MA;Senador Alexandre Costa;2111748;0,740
2025;MA;Serrano do Maranhão;2111789;0,463
2025;MA;Sucupira do Riachão;2111953;1,289
2025;MA;Tasso Fragoso;2112001;0,521
2025;MA;Timon;2112209;2,511
2025;MA;Tufilândia;2112274;0,314
2025;MA;Tutóia;2112506;0,972
2025;MA;Urbano Santos;2112605;0,698
2025;MA;Vargem Grande;2112704;0,539
2025;MA;Viana;2112803;0,256
2025;MA;Vila Nova dos Martírios;2112852;0,426
2025;MA;Vitória do Mearim;2112902;0,475
2025;MA;Vitorino Freire;2113009;0,602
2025;PI;Agricolândia;2200103;0,810
2025;PI;Água Branca;2200202;0,669
2025;PI;Alagoinha do Piauí;2200251;0,808
2025;PI;Alegrete do Piauí;2200277;0,964
2025;PI;Altos;2200400;0,822
2025;PI;Alvorada do Gurguéia;2200459;0,645
2025;PI;Amarante;2200509;1,216
2025;PI;Angical do Piauí;2200608;0,692
2025;PI;Anísio de Abreu;2200707;0,391
2025;PI;Antônio Almeida;2200806;0,739
2025;PI;Aroazes;2200905;0,797
2025;PI;Arraial;2201002;0,517
2025;PI;Barras;2201200;1,164
2025;PI;Barreiras do Piauí;2201309;0,705
2025;PI;Belém do Piauí;2201572;0,442
2025;PI;Beneditinos;2201606;0,363
2025;PI;Boa Hora;2201770;0,717
2025;PI;Bocaina;2201804;1,740
2025;PI;Bonfim do Piauí;2201929;0,683
2025;PI;Buriti dos Lopes;2202000;0,830
2025;PI;Cabeceiras do Piauí;2202059;0,499
2025;PI;Cajazeiras do Piauí;2202075;0,942
2025;PI;Campinas do Piauí;2202109;0,623
2025;PI;Campo Grande do Piauí;2202133;0,608
2025;PI;Canavieira;2202251;0,617
2025;PI;Capitão Gervásio Oliveira;2202455;0,376
2025;PI;Caracol;2202505;0,904
2025;PI;Castelo do Piauí;2202604;1,442
2025;PI;Caxingó;2202653;0,765
2025;PI;Cocal;2202703;1,249
2025;PI;Cocal dos Alves;2202729;0,453
2025;PI;Colônia do Gurguéia;2202752;0,587
2025;PI;Colônia do Piauí;2202778;0,469
2025;PI;Coronel José Dias;2202851;0,313
2025;PI;Cristalândia do Piauí;2203008;0,577
2025;PI;Currais;2203230;0,618
2025;PI;Curralinhos;2203255;0,742
2025;PI;Curral Novo do Piauí;2203271;2,244
2025;PI;Demerval Lobão;2203305;0,776
2025;PI;Domingos Mourão;2203420;0,469
2025;PI;Eliseu Martins;2203602;1,678
2025;PI;Esperantina;2203701;0,456
2025;PI;Fartura do Piauí;2203750;0,595
2025;PI;Flores do Piauí;2203800;0,671
2025;PI;Francisco Ayres;2204105;0,803
2025;PI;Francisco Macedo;2204154;0,609
2025;PI;Francisco Santos;2204204;0,606
2025;PI;Guadalupe;2204501;0,565
2025;PI;Guaribas;2204550;0,901
2025;PI;Hugo Napoleão;2204600;0,472
2025;PI;Ilha Grande;2204659;0,463
2025;PI;Inhuma;2204709;0,604
2025;PI;Isaías Coelho;2204907;0,793
2025;PI;Itainópolis;2205003;0,897
2025;PI;Itaueira;2205102;0,505
2025;PI;Jaicós;2205201;0,320
2025;PI;Jardim do Mulato;2205250;0,452
2025;PI;João Costa;2205359;1,139
2025;PI;Joca Marques;2205458;0,879
2025;PI;Juazeiro do Piauí;2205516;2,037
2025;PI;Jurema;2205532;0,681
2025;PI;Lagoa Alegre;2205557;0,558
2025;PI;Lagoa do Barro do Piauí;2205565;0,367
2025;PI;Luís Correia;2205706;0,977
2025;PI;Marcolândia;2205953;0,742
2025;PI;Monte Alegre do Piauí;2206605;0,529
2025;PI;Morro do Chapéu do Piauí;2206670;0,290
2025;PI;Nazaré do Piauí;2206704;1,142
2025;PI;Nazária;2206720;1,102
2025;PI;Nossa Senhora de Nazaré;2206753;0,542
2025;PI;Novo Oriente do Piauí;2206902;0,626
2025;PI;Novo Santo Antônio;2206951;0,535
2025;PI;Oeiras;2207009;0,599
2025;PI;Olho D'Água do Piauí;2207108;0,238
2025;PI;Padre Marcos;2207207;0,776
2025;PI;Paes Landim;2207306;0,523
2025;PI;Palmeirais;2207504;0,567
2025;PI;Parnaíba;2207702;0,477
2025;PI;Passagem Franca do Piauí;2207751;0,580
2025;PI;Patos do Piauí;2207777;1,608
2025;PI;Pau D'Arco do Piauí;2207793;0,799
2025;PI;Paulistana;2207801;0,651
2025;PI;Pavussu;2207850;4,058
2025;PI;Nova Santa Rita;2207959;0,616
2025;PI;Picos;2208007;1,123
2025;PI;Pimenteiras;2208106;1,314
2025;PI;Pio IX;2208205;0,686
2025;PI;Piripiri;2208403;1,480
2025;PI;Porto;2208502;0,655
2025;PI;Porto Alegre do Piauí;2208551;0,458
2025;PI;Prata do Piauí;2208601;1,023
2025;PI;Regeneração;2208809;0,284
2025;PI;Ribeira do Piauí;2208874;0,975
2025;PI;Santa Cruz do Piauí;2209104;0,601
2025;PI;Santa Cruz dos Milagres;2209153;0,215
2025;PI;Santa Luz;2209302;1,558
2025;PI;Santana do Piauí;2209351;0,808
2025;PI;Santa Rosa do Piauí;2209377;0,372
2025;PI;Santo Inácio do Piauí;2209500;0,610
2025;PI;São Félix do Piauí;2209609;2,144
2025;PI;São Francisco de Assis do Piauí;2209658;0,666
2025;PI;São João da Canabrava;2209856;1,398
2025;PI;São João do Piauí;2210003;0,577
2025;PI;São José do Divino;2210052;1,064
2025;PI;São Luis do Piauí;2210375;0,575
2025;PI;São Miguel da Baixa Grande;2210383;0,604
2025;PI;São Miguel do Fidalgo;2210391;0,431
2025;PI;São Miguel do Tapuio;2210409;1,357
2025;PI;São Pedro do Piauí;2210508;0,555
2025;PI;São Raimundo Nonato;2210607;0,568
2025;PI;Sebastião Barros;2210623;1,539
2025;PI;Sebastião Leal;2210631;0,295
2025;PI;Simões;2210706;0,658
2025;PI;Simplício Mendes;2210805;0,691
2025;PI;Socorro do Piauí;2210904;0,463
2025;PI;Sussuapara;2210938;1,081
2025;PI;Tanque do Piauí;2210979;0,811
2025;PI;Teresina;2211001;12,951
2025;PI;União;2211100;0,352
2025;PI;Uruçuí;2211209;0,903
2025;PI;Valença do Piauí;2211308;0,401
2025;PI;Vila Nova do Piauí;2211605;1,036
2025;PI;Wall Ferraz;2211704;0,986
2025;CE;Acopiara;2300309;1,433
2025;CE;Aiuaba;2300408;0,598
2025;CE;Altaneira;2300606;1,486
2025;CE;Alto Santo;2300705;4,580
2025;CE;Amontada;2300754;0,370
2025;CE;Aracati;2301109;0,482
2025;CE;Aracoiaba;2301208;0,551
2025;CE;Araripe;2301307;0,526
2025;CE;Aratuba;2301406;2,234
2025;CE;Assaré;2301604;6,512
2025;CE;Barreira;2301950;0,419
2025;CE;Baturité;2302107;4,448
2025;CE;Beberibe;2302206;0,563
2025;CE;Bela Cruz;2302305;4,451
2025;CE;Boa Viagem;2302404;0,532
2025;CE;Canindé;2302800;0,801
2025;CE;Cariré;2303105;0,987
2025;CE;Cariús;2303303;1,982
2025;CE;Carnaubal;2303402;1,049
2025;CE;Catarina;2303600;0,710
2025;CE;Cedro;2303808;0,814
2025;CE;Chaval;2303907;0,538
2025;CE;Choró;2303931;1,012
2025;CE;Chorozinho;2303956;0,405
2025;CE;Coreaú;2304004;0,557
2025;CE;Croatá;2304236;0,661
2025;CE;Cruz;2304251;12,049
2025;CE;Ererê;2304277;0,574
2025;CE;Fortaleza;2304400;62,202
2025;CE;Fortim;2304459;0,370
2025;CE;General Sampaio;2304608;0,393
2025;CE;Graça;2304657;0,653
2025;CE;Granja;2304707;2,749
2025;CE;Guaramiranga;2305100;1,009
2025;CE;Hidrolândia;2305209;0,680
2025;CE;Horizonte;2305233;0,681
2025;CE;Ibaretama;2305266;0,267
2025;CE;Ibicuitinga;2305332;0,611
2025;CE;Icapuí;2305357;1,525
2025;CE;Icó;2305407;0,920
2025;CE;Iguatu;2305506;0,910
2025;CE;Ipaporanga;2305654;1,043
2025;CE;Ipaumirim;2305704;0,547
2025;CE;Ipueiras;2305902;0,338
2025;CE;Iracema;2306009;1,654
2025;CE;Irauçuba;2306108;0,564
2025;CE;Itaiçaba;2306207;0,550
2025;CE;Itapajé;2306306;0,890
2025;CE;Itapipoca;2306405;0,873
2025;CE;Itatira;2306603;0,660
2025;CE;Jaguaribara;2306801;0,504
2025;CE;Jaguaribe;2306900;1,147
2025;CE;Jaguaruana;2307007;0,731
2025;CE;Jardim;2307106;0,356
2025;CE;Jati;2307205;0,577
2025;CE;Juazeiro do Norte;2307304;0,410
2025;CE;Jucás;2307403;0,599
2025;CE;Limoeiro do Norte;2307601;2,386
2025;CE;Madalena;2307635;0,299
2025;CE;Maracanaú;2307650;0,240
2025;CE;Martinópole;2307908;0,677
2025;CE;Massapê;2308005;0,243
2025;CE;Milagres;2308302;1,356
2025;CE;Milhã;2308351;1,669
2025;CE;Missão Velha;2308401;1,244
2025;CE;Mombaça;2308500;0,626
2025;CE;Monsenhor Tabosa;2308609;0,889
2025;CE;Nova Olinda;2309201;0,803
2025;CE;Nova Russas;2309300;4,905
2025;CE;Ocara;2309458;0,465
2025;CE;Orós;2309508;1,341
2025;CE;Pacajus;2309607;1,166
2025;CE;Pacoti;2309805;0,602
2025;CE;Pacujá;2309904;2,788
2025;CE;Palhano;2310001;0,704
2025;CE;Paraipaba;2310258;1,200
2025;CE;Parambu;2310308;1,407
2025;CE;Pedra Branca;2310506;0,819
2025;CE;Pentecoste;2310704;0,681
2025;CE;Pereiro;2310803;1,338
2025;CE;Piquet Carneiro;2310902;0,534
2025;CE;Poranga;2311009;0,651
2025;CE;Potengi;2311207;3,862
2025;CE;Potiretama;2311231;1,146
2025;CE;Quiterianópolis;2311264;0,800
2025;CE;Quixelô;2311355;2,049
2025;CE;Quixeramobim;2311405;1,020
2025;CE;Quixeré;2311504;0,408
2025;CE;Redenção;2311603;1,198
2025;CE;Saboeiro;2311900;1,043
2025;CE;Santana do Acaraú;2312007;8,779
2025;CE;Santa Quitéria;2312205;0,736
2025;CE;São João do Jaguaribe;2312502;0,923
2025;CE;São Luís do Curu;2312601;1,189
2025;CE;Senador Pompeu;2312700;0,915
2025;CE;Tabuleiro do Norte;2313104;2,463
2025;CE;Tianguá;2313401;0,422
2025;CE;Tururu;2313559;0,620
2025;CE;Umari;2313708;0,812
2025;CE;Umirim;2313757;0,444
2025;CE;Uruburetama;2313807;0,378
2025;CE;Uruoca;2313906;1,477
2025;CE;Várzea Alegre;2314003;0,616
2025;CE;Viçosa do Ceará;2314102;0,418
2025;RN;Açu;2400208;0,734
2025;RN;Água Nova;2400406;1,512
2025;RN;Alexandria;2400505;1,018
2025;RN;Almino Afonso;2400604;1,001
2025;RN;Areia Branca;2401107;0,309
2025;RN;Arês;2401206;0,574
2025;RN;Baía Formosa;2401404;1,256
2025;RN;Baraúna;2401453;0,531
2025;RN;Barcelona;2401503;0,571
2025;RN;Bento Fernandes;2401602;1,020
2025;RN;Bodó;2401651;0,797
2025;RN;Caiçara do Norte;2401859;0,450
2025;RN;Caicó;2402006;0,341
2025;RN;Campo Redondo;2402105;1,106
2025;RN;Cerro Corá;2402709;1,792
2025;RN;Coronel Ezequiel;2402808;1,644
2025;RN;Cruzeta;2403004;0,390
2025;RN;Currais Novos;2403103;0,352
2025;RN;Doutor Severiano;2403202;1,337
2025;RN;Equador;2403400;0,509
2025;RN;Espírito Santo;2403509;1,089
2025;RN;Extremoz;2403608;0,499
2025;RN;Florânia;2403806;3,371
2025;RN;Galinhos;2404101;0,535
2025;RN;Goianinha;2404200;0,859
2025;RN;Ielmo Marinho;2404606;0,456
2025;RN;Itaú;2404903;0,904
2025;RN;Jaçanã;2405009;0,420
2025;RN;Januário Cicco (Boa Saúde);2405306;0,315
2025;RN;Jardim de Angicos;2405504;0,643
2025;RN;Jardim de Piranhas;2405603;0,580
2025;RN;João Câmara;2405801;0,800
2025;RN;João Dias;2405900;0,471
2025;RN;Jucurutu;2406106;1,701
2025;RN;Jundiá;2406155;0,765
2025;RN;Lagoa d'Anta;2406205;0,326
2025;RN;Lagoa Salgada;2406601;0,991
2025;RN;Lajes Pintadas;2406809;1,378
2025;RN;Lucrécia;2406908;0,572
2025;RN;Luís Gomes;2407005;0,813
2025;RN;Macau;2407203;0,585
2025;RN;Marcelino Vieira;2407302;0,318
2025;RN;Montanhas;2407708;0,326
2025;RN;Monte das Gameleiras;2407906;0,865
2025;RN;Mossoró;2408003;0,408
2025;RN;Natal;2408102;19,399
2025;RN;Nova Cruz;2408300;0,455
2025;RN;Paraná;2408607;0,491
2025;RN;Parazinho;2408805;0,350
2025;RN;Santa Maria;2409332;0,915
2025;RN;Pau dos Ferros;2409407;0,532
2025;RN;Pedra Grande;2409506;1,626
2025;RN;Pedro Avelino;2409704;0,253
2025;RN;Pedro Velho;2409803;0,367
2025;RN;Pilões;2410009;0,812
2025;RN;Portalegre;2410207;0,414
2025;RN;Porto do Mangue;2410256;0,919
2025;RN;Pureza;2410405;0,553
2025;RN;Rafael Godeiro;2410603;0,519
2025;RN;Riacho de Santana;2410801;0,652
2025;RN;Rodolfo Fernandes;2411007;0,474
2025;RN;Tibau;2411056;0,898
2025;RN;Ruy Barbosa;2411106;0,229
2025;RN;São Bento do Trairí;2411700;0,254
2025;RN;São Francisco do Oeste;2411908;0,796
2025;RN;São Gonçalo do Amarante;2412005;4,968
2025;RN;São João do Sabugi;2412104;0,547
2025;RN;São José de Mipibu;2412203;1,038
2025;RN;São José do Campestre;2412302;1,231
2025;RN;São José do Seridó;2412401;1,148
2025;RN;São Miguel;2412500;0,244
2025;RN;São Paulo do Potengi;2412609;0,812
2025;RN;São Pedro;2412708;0,370
2025;RN;Senador Elói de Souza;2413102;0,652
2025;RN;Serra do Mel;2413359;1,684
2025;RN;Serrinha;2413508;0,603
2025;RN;Serrinha dos Pintos;2413557;1,065
2025;RN;Severiano Melo;2413607;0,352
2025;RN;Sítio Novo;2413706;1,422
2025;RN;Taipu;2413904;0,728
2025;RN;Tangará;2414001;0,925
2025;RN;Tibau do Sul;2414209;0,430
2025;RN;Touros;2414407;1,169
2025;RN;Triunfo Potiguar;2414456;0,263
2025;RN;Várzea;2414704;0,840
2025;RN;Venha-Ver;2414753;0,803
2025;RN;Vera Cruz;2414803;2,616
2025;RN;Vila Flor;2415008;0,508
2025;PB;Aguiar;2500205;1,553
2025;PB;Alagoa Grande;2500304;1,474
2025;PB;Alcantil;2500536;0,796
2025;PB;Alhandra;2500601;0,811
2025;PB;São João do Rio do Peixe;2500700;0,985
2025;PB;Amparo;2500734;0,576
2025;PB;Aparecida;2500775;1,374
2025;PB;Areia;2501104;1,147
2025;PB;Areia de Baraúnas;2501153;0,498
2025;PB;Areial;2501203;0,903
2025;PB;Aroeiras;2501302;0,308
2025;PB;Assunção;2501351;0,328
2025;PB;Baía da Traição;2501401;0,439
2025;PB;Bananeiras;2501500;0,354
2025;PB;Belém;2501906;1,016
2025;PB;Belém do Brejo do Cruz;2502003;0,880
2025;PB;Boa Ventura;2502102;0,740
2025;PB;Boa Vista;2502151;0,560
2025;PB;Bom Jesus;2502201;1,041
2025;PB;Bom Sucesso;2502300;1,398
2025;PB;Bonito de Santa Fé;2502409;0,669
2025;PB;Boqueirão;2502508;0,854
2025;PB;Igaracy;2502607;0,615
2025;PB;Borborema;2502706;0,475
2025;PB;Brejo do Cruz;2502805;0,468
2025;PB;Caaporã;2503001;0,443
2025;PB;Cacimba de Dentro;2503506;0,860
2025;PB;Caiçara;2503605;1,062
2025;PB;Cajazeiras;2503704;0,356
2025;PB;Cajazeirinhas;2503753;0,323
2025;PB;Caldas Brandão;2503803;0,581
2025;PB;Camalaú;2503902;0,807
2025;PB;Campina Grande;2504009;0,838
2025;PB;Caraúbas;2504074;0,913
2025;PB;Casserengue;2504157;0,398
2025;PB;Catingueira;2504207;0,355
2025;PB;Catolé do Rocha;2504306;0,751
2025;PB;Caturité;2504355;0,362
2025;PB;Conceição;2504405;0,674
2025;PB;Condado;2504504;0,940
2025;PB;Conde;2504603;0,265
2025;PB;Congo;2504702;0,705
2025;PB;Coremas;2504801;0,339
2025;PB;Coxixola;2504850;0,896
2025;PB;Cubati;2505006;1,048
2025;PB;Cuitegi;2505204;1,045
2025;PB;Cuité de Mamanguape;2505238;1,209
2025;PB;Damião;2505352;0,469
2025;PB;Dona Inês;2505709;0,554
2025;PB;Duas Estradas;2505808;3,159
2025;PB;Emas;2505907;0,762
2025;PB;Esperança;2506004;1,166
2025;PB;Fagundes;2506103;0,266
2025;PB;Frei Martinho;2506202;0,912
2025;PB;Guarabira;2506301;0,727
2025;PB;Gurjão;2506509;1,760
2025;PB;Ibiara;2506608;0,505
2025;PB;Ingá;2506806;0,288
2025;PB;Itaporanga;2507002;0,589
2025;PB;Itapororoca;2507101;0,641
2025;PB;Itatuba;2507200;0,890
2025;PB;Jacaraú;2507309;0,557
2025;PB;João Pessoa;2507507;11,868
2025;PB;Junco do Seridó;2507804;0,874
2025;PB;Juru;2508000;0,256
2025;PB;Lagoa;2508109;0,505
2025;PB;Lastro;2508406;0,917
2025;PB;Livramento;2508505;3,555
2025;PB;Mamanguape;2508901;0,929
2025;PB;Marcação;2509057;0,403
2025;PB;Mari;2509107;1,137
2025;PB;Massaranduba;2509206;1,181
2025;PB;Montadas;2509503;0,567
2025;PB;Monteiro;2509701;0,356
2025;PB;Mulungu;2509800;1,542
2025;PB;Nova Palmeira;2510303;0,363
2025;PB;Olho d'Água;2510402;0,546
2025;PB;Parari;2510659;0,545
2025;PB;Paulista;2510907;0,591
2025;PB;Pedra Branca;2511004;2,145
2025;PB;Pedra Lavrada;2511103;0,563
2025;PB;Pilar;2511509;1,087
2025;PB;Pilões;2511608;0,724
2025;PB;Pilõezinhos;2511707;0,728
2025;PB;Poço Dantas;2512036;0,950
2025;PB;Princesa Isabel;2512309;0,673
2025;PB;Puxinanã;2512408;0,718
2025;PB;Queimadas;2512507;1,128
2025;PB;Quixabá;2512606;0,393
2025;PB;Remígio;2512705;0,823
2025;PB;Pedro Régis;2512721;1,897
2025;PB;Rio Tinto;2512903;0,532
2025;PB;Salgadinho;2513000;4,120
2025;PB;Santa Cecília;2513158;0,459
2025;PB;Santa Cruz;2513208;0,702
2025;PB;Santa Inês;2513356;0,458
2025;PB;Santa Luzia;2513406;1,195
2025;PB;Santana dos Garrotes;2513604;0,830
2025;PB;Joca Claudino;2513653;0,518
2025;PB;Santa Teresinha;2513802;0,730
2025;PB;Santo André;2513851;0,717
2025;PB;São Bento;2513901;0,792
2025;PB;São Domingos;2513968;1,479
2025;PB;São Francisco;2513984;0,478
2025;PB;São João do Cariri;2514008;0,787
2025;PB;São João do Tigre;2514107;0,197
2025;PB;São José da Lagoa Tapada;2514206;1,191
2025;PB;São José de Espinharas;2514404;0,323
2025;PB;São José do Brejo do Cruz;2514651;0,447
2025;PB;São José do Sabugi;2514701;0,659
2025;PB;São Sebastião de Lagoa de Roça;2515104;0,813
2025;PB;Serra da Raiz;2515609;2,112
2025;PB;Serra Grande;2515708;1,403
2025;PB;Serra Redonda;2515807;0,594
2025;PB;Serraria;2515906;1,129
2025;PB;Sertãozinho;2515930;0,429
2025;PB;Sobrado;2515971;2,671
2025;PB;Sossêgo;2516151;0,647
2025;PB;Tacima;2516409;0,646
2025;PB;Taperoá;2516508;0,788
2025;PB;Tenório;2516755;0,606
2025;PB;Uiraúna;2516904;0,992
2025;PB;Várzea;2517100;0,723
2025;PB;Vieirópolis;2517209;0,550
2025;PE;Afrânio;2600203;0,628
2025;PE;Alagoinha;2600609;0,474
2025;PE;Aliança;2600708;1,746
2025;PE;Amaraji;2600906;0,218
2025;PE;Angelim;2601003;0,343
2025;PE;Araçoiaba;2601052;0,666
2025;PE;Araripina;2601102;0,639
2025;PE;Arcoverde;2601201;1,223
2025;PE;Belém de Maria;2601508;1,951
2025;PE;Belém do São Francisco;2601607;0,781
2025;PE;Belo Jardim;2601706;0,477
2025;PE;Bodocó;2602001;0,863
2025;PE;Bonito;2602308;0,526
2025;PE;Brejão;2602407;0,613
2025;PE;Brejinho;2602506;0,256
2025;PE;Brejo da Madre de Deus;2602605;2,079
2025;PE;Buenos Aires;2602704;2,491
2025;PE;Buíque;2602803;0,764
2025;PE;Cabo de Santo Agostinho;2602902;6,349
2025;PE;Caetés;2603207;0,297
2025;PE;Calumbi;2603405;0,952
2025;PE;Camutanga;2603603;0,686
2025;PE;Carnaubeira da Penha;2603926;1,161
2025;PE;Carpina;2604007;0,242
2025;PE;Caruaru;2604106;0,589
2025;PE;Casinhas;2604155;1,139
2025;PE;Catende;2604205;0,348
2025;PE;Cedro;2604304;1,077
2025;PE;Chã Grande;2604502;1,178
2025;PE;Condado;2604601;0,833
2025;PE;Cortês;2604809;1,363
2025;PE;Cumaru;2604908;0,865
2025;PE;Cupira;2605004;0,698
2025;PE;Dormentes;2605152;4,734
2025;PE;Escada;2605202;1,650
2025;PE;Feira Nova;2605400;0,859
2025;PE;Fernando de Noronha;2605459;0,457
2025;PE;Ferreiros;2605509;1,179
2025;PE;Floresta;2605707;1,488
2025;PE;Frei Miguelinho;2605806;7,228
2025;PE;Goiana;2606200;2,651
2025;PE;Gravatá;2606408;1,005
2025;PE;Iati;2606507;0,182
2025;PE;Ibimirim;2606606;0,725
2025;PE;Iguaracy;2606903;0,598
2025;PE;Inajá;2607000;0,420
2025;PE;Itacuruba;2607406;0,812
2025;PE;Itaíba;2607505;0,786
2025;PE;Itambé;2607653;0,807
2025;PE;Itapetim;2607703;0,815
2025;PE;Itaquitinga;2607802;0,857
2025;PE;Jataúba;2608008;0,792
2025;PE;Jatobá;2608057;0,622
2025;PE;João Alfredo;2608107;0,409
2025;PE;Joaquim Nabuco;2608206;2,158
2025;PE;Jupi;2608305;1,067
2025;PE;Jurema;2608404;1,016
2025;PE;Lagoa do Ouro;2608602;0,831
2025;PE;Lagoa dos Gatos;2608701;2,070
2025;PE;Macaparana;2609006;0,684
2025;PE;Manari;2609154;0,926
2025;PE;Maraial;2609204;0,261
2025;PE;Moreno;2609402;1,162
2025;PE;Olinda;2609600;0,685
2025;PE;Orobó;2609709;1,074
2025;PE;Ouricuri;2609907;0,772
2025;PE;Palmares;2610004;0,817
2025;PE;Palmeirina;2610103;7,975
2025;PE;Panelas;2610202;4,784
2025;PE;Paranatama;2610301;9,590
2025;PE;Parnamirim;2610400;0,505
2025;PE;Passira;2610509;0,745
2025;PE;Paudalho;2610608;0,670
2025;PE;Paulista;2610707;0,311
2025;PE;Pedra;2610806;0,891
2025;PE;Pesqueira;2610905;0,661
2025;PE;Petrolândia;2611002;1,941
2025;PE;Petrolina;2611101;1,013
2025;PE;Poção;2611200;0,551
2025;PE;Pombos;2611309;1,626
2025;PE;Recife;2611606;41,810
2025;PE;Riacho das Almas;2611705;0,337
2025;PE;Rio Formoso;2611903;0,469
2025;PE;Sairé;2612000;0,537
2025;PE;Salgadinho;2612109;0,553
2025;PE;Salgueiro;2612208;1,852
2025;PE;Saloá;2612307;0,544
2025;PE;Sanharó;2612406;0,841
2025;PE;Santa Cruz;2612455;0,679
2025;PE;Santa Cruz da Baixa Verde;2612471;0,802
2025;PE;Santa Cruz do Capibaribe;2612505;0,482
2025;PE;Santa Maria da Boa Vista;2612604;0,752
2025;PE;Santa Terezinha;2612802;0,559
2025;PE;São Benedito do Sul;2612901;0,558
2025;PE;São José do Belmonte;2613503;0,697
2025;PE;São José do Egito;2613602;0,880
2025;PE;São Lourenço da Mata;2613701;1,566
2025;PE;Serra Talhada;2613909;0,828
2025;PE;Serrita;2614006;1,864
2025;PE;Sertânia;2614105;3,709
2025;PE;Moreilândia;2614303;0,812
2025;PE;Surubim;2614501;0,731
2025;PE;Tacaimbó;2614709;0,509
2025;PE;Tacaratu;2614808;1,812
2025;PE;Tamandaré;2614857;0,881
2025;PE;Terezinha;2615102;3,413
2025;PE;Timbaúba;2615300;0,498
2025;PE;Toritama;2615409;0,442
2025;PE;Triunfo;2615706;0,757
2025;PE;Tupanatinga;2615805;0,634
2025;PE;Venturosa;2616001;0,669
2025;PE;Verdejante;2616100;0,522
2025;PE;Vertente do Lério;2616183;6,961
2025;PE;Vertentes;2616209;1,033
2025;PE;Vicência;2616308;2,545
2025;AL;Atalaia;2700409;0,446
2025;AL;Barra de São Miguel;2700607;0,686
2025;AL;Belém;2700805;1,414
2025;AL;Belo Monte;2700904;0,829
2025;AL;Cajueiro;2701308;0,627
2025;AL;Campestre;2701357;0,508
2025;AL;Campo Grande;2701506;0,325
2025;AL;Carneiros;2701803;0,603
2025;AL;Chã Preta;2701902;0,859
2025;AL;Coité do Nóia;2702009;1,107
2025;AL;Coqueiro Seco;2702207;0,985
2025;AL;Dois Riachos;2702504;0,374
2025;AL;Feliz Deserto;2702702;1,083
2025;AL;Girau do Ponciano;2702900;1,255
2025;AL;Igaci;2703106;0,928
2025;AL;Igreja Nova;2703205;5,223
2025;AL;Inhapi;2703304;2,115
2025;AL;Jacaré dos Homens;2703403;1,016
2025;AL;Japaratinga;2703601;1,147
2025;AL;Jequiá da Praia;2703759;0,301
2025;AL;Junqueiro;2704005;0,249
2025;AL;Maceió;2704302;6,626
2025;AL;Major Isidoro;2704401;0,848
2025;AL;Maragogi;2704500;0,970
2025;AL;Maribondo;2704807;0,777
2025;AL;Mar Vermelho;2704906;0,624
2025;AL;Matriz de Camaragibe;2705101;0,789
2025;AL;Messias;2705200;0,550
2025;AL;Monteirópolis;2705408;1,149
2025;AL;Murici;2705507;0,940
2025;AL;Novo Lino;2705606;1,371
2025;AL;Olho d'Água das Flores;2705705;1,448
2025;AL;Olho d'Água Grande;2705903;0,765
2025;AL;Olivença;2706000;1,159
2025;AL;Ouro Branco;2706109;0,602
2025;AL;Palestina;2706208;0,760
2025;AL;Palmeira dos Índios;2706307;1,015
2025;AL;Pariconha;2706422;1,497
2025;AL;Passo de Camaragibe;2706505;0,937
2025;AL;Pilar;2706901;0,670
2025;AL;Pindoba;2707008;0,666
2025;AL;Poço das Trincheiras;2707206;1,296
2025;AL;Porto Calvo;2707305;0,639
2025;AL;Porto Real do Colégio;2707503;0,755
2025;AL;Quebrangulo;2707602;0,572
2025;AL;Rio Largo;2707701;0,747
2025;AL;Santana do Ipanema;2708006;0,505
2025;AL;São Brás;2708204;0,846
2025;AL;São José da Laje;2708303;0,491
2025;AL;São Luís do Quitunde;2708501;0,661
2025;AL;São Miguel dos Campos;2708600;0,722
2025;AL;São Miguel dos Milagres;2708709;0,642
2025;AL;Senador Rui Palmeira;2708956;1,165
2025;AL;Tanque d'Arca;2709004;0,602
2025;AL;Taquarana;2709103;0,685
2025;AL;Traipu;2709202;0,445
2025;AL;União dos Palmares;2709301;0,922
2025;AL;Viçosa;2709400;0,989
2025;SE;Amparo de São Francisco;2800100;0,762
2025;SE;Aracaju;2800308;17,575
2025;SE;Arauá;2800407;0,862
2025;SE;Barra dos Coqueiros;2800605;0,756
2025;SE;Canhoba;2801108;0,877
2025;SE;Canindé de São Francisco;2801207;0,638
2025;SE;Cumbe;2801900;0,713
2025;SE;Divina Pastora;2802007;0,651
2025;SE;Feira Nova;2802205;0,683
2025;SE;Frei Paulo;2802304;0,705
2025;SE;Gararu;2802403;0,607
2025;SE;Gracho Cardoso;2802601;0,451
2025;SE;Indiaroba;2802809;0,646
2025;SE;Itabaianinha;2803005;1,745
2025;SE;Lagarto;2803500;0,824
2025;SE;Laranjeiras;2803609;0,766
2025;SE;Macambira;2803708;0,857
2025;SE;Malhada dos Bois;2803807;0,348
2025;SE;Moita Bonita;2804102;1,730
2025;SE;Monte Alegre de Sergipe;2804201;0,677
2025;SE;Muribeca;2804300;0,459
2025;SE;Neópolis;2804409;0,424
2025;SE;Nossa Senhora Aparecida;2804458;0,751
2025;SE;Nossa Senhora da Glória;2804508;1,601
2025;SE;Nossa Senhora das Dores;2804607;1,323
2025;SE;Nossa Senhora de Lourdes;2804706;0,719
2025;SE;Pacatuba;2804904;0,980
2025;SE;Pedra Mole;2805000;1,244
2025;SE;Pedrinhas;2805109;0,428
2025;SE;Porto da Folha;2805604;0,548
2025;SE;Riachuelo;2805901;0,458
2025;SE;Santa Luzia do Itanhy;2806305;1,108
2025;SE;Santana do São Francisco;2806404;0,534
2025;SE;Santo Amaro das Brotas;2806602;0,608
2025;SE;São Domingos;2806800;0,874
2025;SE;São Francisco;2806909;0,373
2025;SE;São Miguel do Aleixo;2807006;0,185
2025;SE;Simão Dias;2807105;1,946
2025;SE;Telha;2807303;0,510
2025;SE;Tobias Barreto;2807402;1,984
2025;SE;Umbaúba;2807600;0,294
2025;BA;Abaré;2900207;0,513
2025;BA;Alcobaça;2900801;2,343
2025;BA;Almadina;2900900;0,642
2025;BA;Amélia Rodrigues;2901106;0,501
2025;BA;Anagé;2901205;1,649
2025;BA;Andaraí;2901304;1,257
2025;BA;Angical;2901403;0,469
2025;BA;Antônio Cardoso;2901700;0,992
2025;BA;Aporá;2901908;1,672
2025;BA;Apuarema;2901957;4,694
2025;BA;Aracatu;2902005;0,654
2025;BA;Araci;2902104;0,571
2025;BA;Aramari;2902203;0,575
2025;BA;Arataca;2902252;0,653
2025;BA;Aratuípe;2902302;0,825
2025;BA;Aurelino Leal;2902401;0,616
2025;BA;Baianópolis;2902500;1,398
2025;BA;Baixa Grande;2902609;1,100
2025;BA;Banzaê;2902658;0,535
2025;BA;Barra;2902708;0,457
2025;BA;Barra da Estiva;2902807;0,694
2025;BA;Barra do Mendes;2903003;0,767
2025;BA;Barra do Rocha;2903102;0,549
2025;BA;Barro Alto;2903235;3,755
2025;BA;Barrocas;2903276;0,851
2025;BA;Barro Preto;2903300;1,090
2025;BA;Belmonte;2903409;1,841
2025;BA;Belo Campo;2903508;1,562
2025;BA;Biritinga;2903607;0,551
2025;BA;Bom Jesus da Lapa;2903904;0,580
2025;BA;Bom Jesus da Serra;2903953;0,416
2025;BA;Boninal;2904001;0,202
2025;BA;Bonito;2904050;1,249
2025;BA;Boquira;2904100;0,278
2025;BA;Brejões;2904308;1,689
2025;BA;Brumado;2904605;0,287
2025;BA;Buerarema;2904704;0,992
2025;BA;Cabaceiras do Paraguaçu;2904852;0,540
2025;BA;Cachoeira;2904902;0,962
2025;BA;Caculé;2905008;0,926
2025;BA;Caém;2905107;0,398
2025;BA;Caetité;2905206;1,392
2025;BA;Cafarnaum;2905305;0,347
2025;BA;Caldeirão Grande;2905503;3,941
2025;BA;Camacan;2905602;1,506
2025;BA;Camaçari;2905701;0,772
2025;BA;Campo Alegre de Lourdes;2905909;0,593
2025;BA;Campo Formoso;2906006;1,305
2025;BA;Candeias;2906501;0,725
2025;BA;Candiba;2906600;1,061
2025;BA;Cândido Sales;2906709;0,848
2025;BA;Cansanção;2906808;0,549
2025;BA;Capim Grosso;2906873;0,854
2025;BA;Caraíbas;2906899;0,257
2025;BA;Cardeal da Silva;2907004;0,833
2025;BA;Catolândia;2907400;0,525
2025;BA;Chorrochó;2907707;1,721
2025;BA;Coaraci;2908002;0,817
2025;BA;Cocos;2908101;0,952
2025;BA;Conceição da Feira;2908200;0,388
2025;BA;Conceição do Almeida;2908309;0,683
2025;BA;Conceição do Coité;2908408;0,349
2025;BA;Conceição do Jacuípe;2908507;0,770
2025;BA;Conde;2908606;0,679
2025;BA;Contendas do Sincorá;2908804;0,404
2025;BA;Coração de Maria;2908903;0,948
2025;BA;Cordeiros;2909000;0,593
2025;BA;Coribe;2909109;0,679
2025;BA;Coronel João Sá;2909208;0,459
2025;BA;Cotegipe;2909406;0,890
2025;BA;Cravolândia;2909505;0,354
2025;BA;Crisópolis;2909604;0,588
2025;BA;Cristópolis;2909703;0,572
2025;BA;Curaçá;2909901;1,451
2025;BA;Dário Meira;2910008;0,647
2025;BA;Dias d'Ávila;2910057;1,954
2025;BA;Dom Basílio;2910107;0,394
2025;BA;Elísio Medrado;2910305;0,299
2025;BA;Encruzilhada;2910404;0,626
2025;BA;Eunápolis;2910727;0,633
2025;BA;Fátima;2910750;0,435
2025;BA;Feira de Santana;2910800;0,254
2025;BA;Firmino Alves;2910909;1,299
2025;BA;Formosa do Rio Preto;2911105;0,746
2025;BA;Glória;2911402;0,884
2025;BA;Gongogi;2911501;0,633
2025;BA;Governador Mangabeira;2911600;0,275
2025;BA;Guajeru;2911659;0,369
2025;BA;Heliópolis;2911857;0,766
2025;BA;Ibiassucê;2912004;1,086
2025;BA;Ibicaraí;2912103;0,567
2025;BA;Ibicoara;2912202;0,919
2025;BA;Ibipeba;2912400;0,213
2025;BA;Ibiquera;2912608;0,315
2025;BA;Ibitiara;2913002;0,699
2025;BA;Ichu;2913309;0,762
2025;BA;Igrapiúna;2913457;0,498
2025;BA;Iguaí;2913507;1,215
2025;BA;Inhambupe;2913705;0,328
2025;BA;Ipecaetá;2913804;0,658
2025;BA;Ipiaú;2913903;0,595
2025;BA;Ipirá;2914000;0,523
2025;BA;Irajuba;2914208;2,548
2025;BA;Irecê;2914604;0,586
2025;BA;Itaberaba;2914703;0,197
2025;BA;Itabuna;2914802;0,645
2025;BA;Itacaré;2914901;1,722
2025;BA;Itaeté;2915007;0,336
2025;BA;Itagimirim;2915304;0,920
2025;BA;Itaju do Colônia;2915403;0,620
2025;BA;Itamari;2915700;0,341
2025;BA;Itapé;2916203;0,712
2025;BA;Itapicuru;2916500;0,713
2025;BA;Itapitanga;2916609;0,712
2025;BA;Itaquara;2916708;0,929
2025;BA;Itarantim;2916807;2,145
2025;BA;Itatim;2916856;0,799
2025;BA;Itiruçu;2916906;0,419
2025;BA;Ituberá;2917300;0,257
2025;BA;Iuiú;2917334;0,839
2025;BA;Jaborandi;2917359;0,498
2025;BA;Jacaraci;2917409;0,174
2025;BA;Jacobina;2917508;0,486
2025;BA;Jaguaquara;2917607;0,371
2025;BA;Jaguaripe;2917805;1,649
2025;BA;Jandaíra;2917904;0,398
2025;BA;Jequié;2918001;0,563
2025;BA;Jiquiriçá;2918209;0,628
2025;BA;Jitaúna;2918308;0,705
2025;BA;Juazeiro;2918407;1,075
2025;BA;Jussara;2918506;0,765
2025;BA;Jussari;2918555;1,009
2025;BA;Jussiape;2918605;1,431
2025;BA;Lafaiete Coutinho;2918704;0,458
2025;BA;Lajedão;2918902;1,725
2025;BA;Lajedinho;2919009;0,634
2025;BA;Lapão;2919157;0,729
2025;BA;Lauro de Freitas;2919207;0,652
2025;BA;Lençóis;2919306;0,274
2025;BA;Licínio de Almeida;2919405;1,370
2025;BA;Livramento de Nossa Senhora;2919504;0,404
2025;BA;Macarani;2919702;0,614
2025;BA;Macaúbas;2919801;0,734
2025;BA;Macururé;2919900;0,354
2025;BA;Madre de Deus;2919926;0,568
2025;BA;Mairi;2920106;0,741
2025;BA;Malhada de Pedras;2920304;1,578
2025;BA;Mansidão;2920452;0,675
2025;BA;Maracás;2920502;5,562
2025;BA;Maraú;2920700;1,084
2025;BA;Marcionílio Souza;2920809;0,389
2025;BA;Mata de São João;2921005;0,754
2025;BA;Miguel Calmon;2921203;1,114
2025;BA;Milagres;2921302;1,231
2025;BA;Mirangaba;2921401;0,785
2025;BA;Monte Santo;2921500;0,706
2025;BA;Morpará;2921609;1,667
2025;BA;Morro do Chapéu;2921708;2,118
2025;BA;Mortugaba;2921807;1,076
2025;BA;Mucugê;2921906;1,213
2025;BA;Mundo Novo;2922102;1,514
2025;BA;Muritiba;2922300;0,382
2025;BA;Mutuípe;2922409;0,579
2025;BA;Nordestina;2922656;7,613
2025;BA;Nova Ibiá;2922755;0,847
2025;BA;Nova Itarana;2922805;0,534
2025;BA;Nova Soure;2922904;1,435
2025;BA;Novo Horizonte;2923035;0,473
2025;BA;Novo Triunfo;2923050;0,406
2025;BA;Oliveira dos Brejinhos;2923209;1,193
2025;BA;Paramirim;2923605;0,553
2025;BA;Paratinga;2923704;1,513
2025;BA;Paulo Afonso;2924009;0,609
2025;BA;Pé de Serra;2924058;0,660
2025;BA;Pedro Alexandre;2924207;0,577
2025;BA;Piatã;2924306;0,374
2025;BA;Pilão Arcado;2924405;0,911
2025;BA;Pindaí;2924504;1,011
2025;BA;Pindobaçu;2924603;3,701
2025;BA;Pintadas;2924652;0,874
2025;BA;Piraí do Norte;2924678;2,306
2025;BA;Planalto;2925006;0,533
2025;BA;Poções;2925105;1,107
2025;BA;Pojuca;2925204;0,925
2025;BA;Ponto Novo;2925253;0,628
2025;BA;Porto Seguro;2925303;0,510
2025;BA;Prado;2925501;0,582
2025;BA;Presidente Dutra;2925600;0,377
2025;BA;Presidente Jânio Quadros;2925709;0,911
2025;BA;Presidente Tancredo Neves;2925758;0,749
2025;BA;Rafael Jambeiro;2925956;0,656
2025;BA;Riachão das Neves;2926202;0,757
2025;BA;Riachão do Jacuípe;2926301;1,335
2025;BA;Ribeira do Amparo;2926509;0,714
2025;BA;Rio de Contas;2926707;1,065
2025;BA;Rodelas;2927101;1,015
2025;BA;Salinas da Margarida;2927309;0,503
2025;BA;Salvador;2927408;160,208
2025;BA;Santa Brígida;2927606;0,779
2025;BA;Santa Cruz da Vitória;2927804;0,806
2025;BA;Santa Maria da Vitória;2928109;0,601
2025;BA;Santana;2928208;0,650
2025;BA;Santanópolis;2928307;0,744
2025;BA;Santa Teresinha;2928505;0,363
2025;BA;Santo Amaro;2928604;0,785
2025;BA;São Desidério;2928901;0,496
2025;BA;São Felipe;2929107;0,423
2025;BA;São Gabriel;2929255;0,676
2025;BA;São José da Vitória;2929354;0,489
2025;BA;Sapeaçu;2929602;1,057
2025;BA;Seabra;2929909;1,122
2025;BA;Sebastião Laranjeiras;2930006;1,077
2025;BA;Senhor do Bonfim;2930105;0,857
2025;BA;Serra do Ramalho;2930154;0,848
2025;BA;Serra Preta;2930402;0,714
2025;BA;Serrinha;2930501;0,698
2025;BA;Serrolândia;2930600;0,813
2025;BA;Sítio do Quinto;2930766;0,636
2025;BA;Sobradinho;2930774;3,174
2025;BA;Tanhaçu;2931004;0,639
2025;BA;Tanque Novo;2931053;2,241
2025;BA;Tanquinho;2931103;0,402
2025;BA;Tapiramutá;2931301;3,471
2025;BA;Teixeira de Freitas;2931350;0,701
2025;BA;Teofilândia;2931509;0,924
2025;BA;Tremedal;2931806;0,483
2025;BA;Uauá;2932002;0,471
2025;BA;Ubaíra;2932101;0,895
2025;BA;Ubatã;2932309;0,425
2025;BA;Uibaí;2932408;0,403
2025;BA;Uruçuca;2932705;0,776
2025;BA;Valença;2932903;0,660
2025;BA;Valente;2933000;0,370
2025;BA;Várzea da Roça;2933059;0,537
2025;BA;Várzea Nova;2933158;0,786
2025;BA;Vera Cruz;2933208;0,938
2025;BA;Vereda;2933257;1,570
2025;BA;Vitória da Conquista;2933307;1,161
2025;BA;Wagner;2933406;0,898
2025;BA;Wenceslau Guimarães;2933505;0,755
2025;MG;Abaeté;3100203;0,548
2025;MG;Água Comprida;3100708;0,478
2025;MG;Aguanil;3100807;0,754
2025;MG;Águas Formosas;3100906;0,864
2025;MG;Águas Vermelhas;3101003;0,578
2025;MG;Aiuruoca;3101201;0,621
2025;MG;Alagoa;3101300;1,249
2025;MG;Albertina;3101409;1,407
2025;MG;Alfredo Vasconcelos;3101631;1,116
2025;MG;Almenara;3101706;0,755
2025;MG;Alpercata;3101805;0,966
2025;MG;Alto Rio Doce;3102100;0,646
2025;MG;Alvarenga;3102209;0,515
2025;MG;Alvinópolis;3102308;0,736
2025;MG;Alvorada de Minas;3102407;1,879
2025;MG;Amparo do Serra;3102506;0,769
2025;MG;Antônio Dias;3103009;0,677
2025;MG;Antônio Prado de Minas;3103108;0,373
2025;MG;Araporã;3103751;0,752
2025;MG;Araújos;3103900;0,537
2025;MG;Arcos;3104205;0,780
2025;MG;Areado;3104304;0,993
2025;MG;Argirita;3104403;0,546
2025;MG;Arinos;3104502;1,508
2025;MG;Astolfo Dutra;3104601;0,744
2025;MG;Bambuí;3105103;0,211
2025;MG;Barão de Cocais;3105400;2,376
2025;MG;Barbacena;3105608;0,715
2025;MG;Barra Longa;3105707;0,908
2025;MG;Bela Vista de Minas;3106002;3,179
2025;MG;Belmiro Braga;3106101;1,068
2025;MG;Belo Horizonte;3106200;235,995
2025;MG;Belo Oriente;3106309;0,626
2025;MG;Belo Vale;3106408;0,815
2025;MG;Bertópolis;3106606;1,076
2025;MG;Bias Fortes;3106804;0,589
2025;MG;Biquinhas;3107000;0,518
2025;MG;Bocaiúva;3107307;0,428
2025;MG;Bom Jesus da Penha;3107604;0,431
2025;MG;Bom Jesus do Amparo;3107703;0,930
2025;MG;Bom Repouso;3107901;0,458
2025;MG;Borda da Mata;3108305;0,375
2025;MG;Botelhos;3108404;0,476
2025;MG;Brasília de Minas;3108602;1,252
2025;MG;Brás Pires;3108701;0,820
2025;MG;Brazópolis;3108909;0,761
2025;MG;Bueno Brandão;3109105;1,217
2025;MG;Buenópolis;3109204;0,898
2025;MG;Bugre;3109253;0,820
2025;MG;Buritizeiro;3109402;1,003
2025;MG;Cabeceira Grande;3109451;0,845
2025;MG;Cabo Verde;3109501;3,346
2025;MG;Cachoeira de Minas;3109709;1,478
2025;MG;Caetanópolis;3109907;0,778
2025;MG;Caiana;3110103;0,685
2025;MG;Cajuri;3110202;0,937
2025;MG;Camacho;3110400;1,467
2025;MG;Camanducaia;3110509;0,344
2025;MG;Cambuí;3110608;0,362
2025;MG;Cambuquira;3110707;0,821
2025;MG;Campanário;3110806;1,528
2025;MG;Campanha;3110905;1,625
2025;MG;Campestre;3111002;0,753
2025;MG;Campina Verde;3111101;0,693
2025;MG;Campo Azul;3111150;1,042
2025;MG;Campo Belo;3111200;2,001
2025;MG;Campo do Meio;3111309;1,729
2025;MG;Canápolis;3111804;0,367
2025;MG;Cana Verde;3111903;1,720
2025;MG;Cantagalo;3112059;0,696
2025;MG;Caparaó;3112109;0,719
2025;MG;Capelinha;3112307;0,247
2025;MG;Capinópolis;3112604;0,472
2025;MG;Capitão Enéas;3112703;0,432
2025;MG;Caraí;3113008;0,533
2025;MG;Caranaíba;3113107;0,965
2025;MG;Carangola;3113305;0,288
2025;MG;Careaçu;3113602;0,251
2025;MG;Carlos Chagas;3113701;1,304
2025;MG;Carmésia;3113800;0,822
2025;MG;Carmo da Cachoeira;3113909;0,620
2025;MG;Carmo da Mata;3114006;0,868
2025;MG;Carmo do Paranaíba;3114303;0,578
2025;MG;Carmópolis de Minas;3114501;0,408
2025;MG;Carneirinho;3114550;0,367
2025;MG;Carrancas;3114600;1,343
2025;MG;Casa Grande;3114907;0,678
2025;MG;Cascalho Rico;3115003;0,449
2025;MG;Conceição da Barra de Minas;3115201;0,941
2025;MG;Cataguases;3115300;0,929
2025;MG;Catas Altas da Noruega;3115409;0,323
2025;MG;Catuji;3115458;1,095
2025;MG;Catuti;3115474;0,605
2025;MG;Cedro do Abaeté;3115607;0,513
2025;MG;Chalé;3116001;1,711
2025;MG;Chapada do Norte;3116100;0,544
2025;MG;Claraval;3116407;0,274
2025;MG;Claro dos Poções;3116506;0,509
2025;MG;Cláudio;3116605;0,455
2025;MG;Coluna;3116803;0,567
2025;MG;Comendador Gomes;3116902;0,789
2025;MG;Comercinho;3117009;0,440
2025;MG;Conceição das Pedras;3117207;1,164
2025;MG;Conceição das Alagoas;3117306;0,681
2025;MG;Conceição de Ipanema;3117405;0,830
2025;MG;Conceição do Pará;3117603;0,512
2025;MG;Conceição do Rio Verde;3117702;1,204
2025;MG;Conceição dos Ouros;3117801;0,960
2025;MG;Congonhas do Norte;3118106;0,360
2025;MG;Conselheiro Lafaiete;3118304;0,580
2025;MG;Conselheiro Pena;3118403;1,907
2025;MG;Consolação;3118502;1,418
2025;MG;Contagem;3118601;0,709
2025;MG;Coração de Jesus;3118809;1,112
2025;MG;Cordisburgo;3118908;0,553
2025;MG;Cordislândia;3119005;1,044
2025;MG;Corinto;3119104;0,384
2025;MG;Coromandel;3119302;0,332
2025;MG;Coronel Murta;3119500;1,752
2025;MG;Córrego Danta;3119807;0,855
2025;MG;Córrego do Bom Jesus;3119906;0,478
2025;MG;Córrego Novo;3120003;0,909
2025;MG;Couto de Magalhães de Minas;3120102;0,809
2025;MG;Crisólita;3120151;0,308
2025;MG;Cristais;3120201;0,759
2025;MG;Cristiano Otoni;3120409;0,927
2025;MG;Crucilândia;3120607;1,454
2025;MG;Cruzeiro da Fortaleza;3120706;0,544
2025;MG;Curral de Dentro;3120870;0,276
2025;MG;Datas;3121001;0,445
2025;MG;Delfim Moreira;3121100;0,460
2025;MG;Delfinópolis;3121209;0,529
2025;MG;Descoberto;3121308;0,672
2025;MG;Desterro de Entre Rios;3121407;1,463
2025;MG;Desterro do Melo;3121506;1,595
2025;MG;Diamantina;3121605;0,265
2025;MG;Dionísio;3121803;0,239
2025;MG;Divinésia;3121902;1,081
2025;MG;Divino das Laranjeiras;3122108;0,363
2025;MG;Divisa Alegre;3122355;0,528
2025;MG;Divisa Nova;3122405;0,283
2025;MG;Divisópolis;3122454;2,657
2025;MG;Dom Cavati;3122504;1,440
2025;MG;Dom Joaquim;3122603;0,646
2025;MG;Dom Silvério;3122702;1,524
2025;MG;Dom Viçoso;3122801;2,074
2025;MG;Dores do Indaiá;3123205;0,617
2025;MG;Dores do Turvo;3123304;0,834
2025;MG;Durandé;3123528;3,131
2025;MG;Elói Mendes;3123601;0,494
2025;MG;Engenheiro Navarro;3123809;1,222
2025;MG;Entre Folhas;3123858;1,764
2025;MG;Ervália;3124005;0,654
2025;MG;Esmeraldas;3124104;1,565
2025;MG;Espera Feliz;3124203;1,983
2025;MG;Espinosa;3124302;1,140
2025;MG;Estrela Dalva;3124609;0,591
2025;MG;Estrela do Sul;3124807;0,559
2025;MG;Eugenópolis;3124906;0,709
2025;MG;Ewbank da Câmara;3125002;0,427
2025;MG;Extrema;3125101;0,553
2025;MG;Fama;3125200;0,953
2025;MG;Felício dos Santos;3125408;0,800
2025;MG;São Gonçalo do Rio Preto;3125507;1,207
2025;MG;Felisburgo;3125606;0,542
2025;MG;Fernandes Tourinho;3125804;1,368
2025;MG;Fervedouro;3125952;0,517
2025;MG;Florestal;3126000;0,987
2025;MG;Formiga;3126109;0,341
2025;MG;Fortuna de Minas;3126406;0,220
2025;MG;Francisco Badaró;3126505;0,870
2025;MG;Francisco Sá;3126703;0,676
2025;MG;Franciscópolis;3126752;0,838
2025;MG;Frei Inocêncio;3126901;1,268
2025;MG;Fronteira dos Vales;3127057;0,593
2025;MG;Fruta de Leite;3127073;0,757
2025;MG;Funilândia;3127206;1,158
2025;MG;Gameleiras;3127339;5,539
2025;MG;Glaucilândia;3127354;1,405
2025;MG;Goianá;3127388;0,855
2025;MG;Gonçalves;3127404;0,501
2025;MG;Gonzaga;3127503;3,903
2025;MG;Gouveia;3127602;1,247
2025;MG;Grão Mogol;3127800;0,726
2025;MG;Grupiara;3127909;0,878
2025;MG;Guanhães;3128006;0,851
2025;MG;Guapé;3128105;0,401
2025;MG;Guaranésia;3128303;0,678
2025;MG;Guaxupé;3128709;0,694
2025;MG;Guimarânia;3128907;1,106
2025;MG;Guiricema;3129004;0,598
2025;MG;Iapu;3129301;0,804
2025;MG;Ibiá;3129509;1,478
2025;MG;Ibiaí;3129608;0,732
2025;MG;Ibiracatu;3129657;0,928
2025;MG;Ibiraci;3129707;0,928
2025;MG;Ibirité;3129806;0,631
2025;MG;Ibitiúra de Minas;3129905;0,699
2025;MG;Icaraí de Minas;3130051;0,617
2025;MG;Igarapé;3130101;0,377
2025;MG;Igaratinga;3130200;0,611
2025;MG;Ijaci;3130408;2,662
2025;MG;Inconfidentes;3130606;0,752
2025;MG;Ingaí;3130804;1,123
2025;MG;Inhapim;3130903;3,240
2025;MG;Inhaúma;3131000;0,542
2025;MG;Ipaba;3131158;0,728
2025;MG;Ipatinga;3131307;0,526
2025;MG;Ipiaçu;3131406;0,399
2025;MG;Ipuiúna;3131505;0,693
2025;MG;Iraí de Minas;3131604;0,259
2025;MG;Itabira;3131703;0,931
2025;MG;Itabirinha;3131802;0,526
2025;MG;Itacambira;3132008;0,533
2025;MG;Itacarambi;3132107;0,306
2025;MG;Itaguara;3132206;0,408
2025;MG;Itajubá;3132404;0,899
2025;MG;Itambacuri;3132701;1,515
2025;MG;Itambé do Mato Dentro;3132800;0,579
2025;MG;Itanhomi;3133204;0,701
2025;MG;Itaobim;3133303;0,443
2025;MG;Itapecerica;3133501;0,268
2025;MG;Itapeva;3133600;0,971
2025;MG;Itinga;3134004;0,983
2025;MG;Itueta;3134103;0,586
2025;MG;Ituiutaba;3134202;1,163
2025;MG;Itumirim;3134301;0,377
2025;MG;Iturama;3134400;0,976
2025;MG;Itutinga;3134509;0,476
2025;MG;Jaboticatubas;3134608;0,533
2025;MG;Jacutinga;3134905;0,389
2025;MG;Jaguaraçu;3135001;1,032
2025;MG;Jaíba;3135050;1,026
2025;MG;Jampruca;3135076;0,584
2025;MG;Janaúba;3135100;0,578
2025;MG;Januária;3135209;1,199
2025;MG;Japaraíba;3135308;0,697
2025;MG;Japonvar;3135357;0,594
2025;MG;Jequeri;3135506;0,275
2025;MG;Jequitaí;3135605;4,635
2025;MG;Jequitibá;3135704;0,403
2025;MG;Joaíma;3136009;1,601
2025;MG;João Pinheiro;3136306;0,372
2025;MG;Joaquim Felício;3136405;0,804
2025;MG;Jordânia;3136504;0,539
2025;MG;Josenópolis;3136579;2,296
2025;MG;Juruaia;3136900;0,268
2025;MG;Juvenília;3136959;0,547
2025;MG;Lagoa da Prata;3137205;0,289
2025;MG;Lagoa dos Patos;3137304;0,707
2025;MG;Lambari;3137809;1,545
2025;MG;Lamim;3137908;0,733
2025;MG;Leme do Prado;3138351;0,493
2025;MG;Leopoldina;3138401;0,429
2025;MG;Liberdade;3138500;0,896
2025;MG;Lima Duarte;3138609;1,837
2025;MG;Limeira do Oeste;3138625;0,561
2025;MG;Luisburgo;3138674;0,882
2025;MG;Machado;3139003;0,548
2025;MG;Madre de Deus de Minas;3139102;0,629
2025;MG;Malacacheta;3139201;0,489
2025;MG;Mamonas;3139250;0,838
2025;MG;Manga;3139300;0,274
2025;MG;Manhuaçu;3139409;0,205
2025;MG;Manhumirim;3139508;0,590
2025;MG;Mantena;3139607;1,066
2025;MG;Maria da Fé;3139904;0,906
2025;MG;Mariana;3140001;0,874
2025;MG;Mário Campos;3140159;1,561
2025;MG;Maripá de Minas;3140209;1,273
2025;MG;Marliéria;3140308;0,591
2025;MG;Mata Verde;3140555;0,536
2025;MG;Materlândia;3140605;0,299
2025;MG;Matias Cardoso;3140852;0,667
2025;MG;Matipó;3140902;1,413
2025;MG;Matozinhos;3141108;1,103
2025;MG;Matutina;3141207;1,183
2025;MG;Mendes Pimentel;3141504;0,672
2025;MG;Mesquita;3141702;1,085
2025;MG;Minas Novas;3141801;0,792
2025;MG;Minduri;3141900;0,953
2025;MG;Mirabela;3142007;0,617
2025;MG;Miradouro;3142106;0,912
2025;MG;Miraí;3142205;0,516
2025;MG;Miravânia;3142254;0,686
2025;MG;Moeda;3142304;0,513
2025;MG;Moema;3142403;1,390
2025;MG;Monjolos;3142502;0,744
2025;MG;Monsenhor Paulo;3142601;0,658
2025;MG;Monte Alegre de Minas;3142809;0,461
2025;MG;Monte Azul;3142908;0,351
2025;MG;Monte Carmelo;3143104;1,569
2025;MG;Morro do Pilar;3143708;0,910
2025;MG;Muriaé;3143906;0,605
2025;MG;Muzambinho;3144102;1,038
2025;MG;Nacip Raydan;3144201;0,672
2025;MG;Natércia;3144409;1,244
2025;MG;Nepomuceno;3144607;0,495
2025;MG;Ninheira;3144656;0,405
2025;MG;Nova Belém;3144672;0,386
2025;MG;Nova Era;3144706;1,131
2025;MG;Nova Ponte;3145000;0,264
2025;MG;Nova Serrana;3145208;1,242
2025;MG;Novo Cruzeiro;3145307;0,456
2025;MG;Novo Oriente de Minas;3145356;0,543
2025;MG;Novorizonte;3145372;0,836
2025;MG;Olhos d'Água;3145455;0,845
2025;MG;Oliveira;3145604;0,312
2025;MG;Onça de Pitangui;3145802;1,033
2025;MG;Orizânia;3145877;0,478
2025;MG;Ouro Branco;3145901;0,251
2025;MG;Ouro Fino;3146008;0,246
2025;MG;Ouro Preto;3146107;1,036
2025;MG;Ouro Verde de Minas;3146206;0,777
2025;MG;Padre Carvalho;3146255;1,056
2025;MG;Paineiras;3146404;1,749
2025;MG;Pains;3146503;0,557
2025;MG;Pai Pedro;3146552;1,187
2025;MG;Paiva;3146602;0,474
2025;MG;Paracatu;3147006;0,507
2025;MG;Paraguaçu;3147204;0,975
2025;MG;Passabém;3147501;0,359
2025;MG;Passa Quatro;3147600;0,301
2025;MG;Passa Tempo;3147709;0,365
2025;MG;Passos;3147907;0,431
2025;MG;Patos de Minas;3148004;0,398
2025;MG;Paula Cândido;3148301;0,952
2025;MG;Paulistas;3148400;1,009
2025;MG;Pavão;3148509;0,789
2025;MG;Pedra do Indaiá;3148905;0,547
2025;MG;Pedra Dourada;3149002;0,823
2025;MG;Pedrinópolis;3149200;1,393
2025;MG;Pedro Leopoldo;3149309;0,817
2025;MG;Pequeri;3149507;1,019
2025;MG;Pequi;3149606;0,584
2025;MG;Perdigão;3149705;0,912
2025;MG;Perdizes;3149804;0,989
2025;MG;Pescador;3150000;0,247
2025;MG;Piau;3150109;1,960
2025;MG;Piedade de Caratinga;3150158;1,070
2025;MG;Piedade de Ponte Nova;3150208;0,511
2025;MG;Piedade dos Gerais;3150406;0,633
2025;MG;Pimenta;3150505;1,524
2025;MG;Pingo-d'Água;3150539;0,295
2025;MG;Pirajuba;3150703;0,914
2025;MG;Piranguçu;3150901;1,150
2025;MG;Pirapetinga;3151107;1,754
2025;MG;Pirapora;3151206;0,494
2025;MG;Pitangui;3151404;0,620
2025;MG;Piumhi;3151503;0,484
2025;MG;Poço Fundo;3151701;0,702
2025;MG;Ponto Chique;3152131;0,471
2025;MG;Porteirinha;3152204;0,687
2025;MG;Porto Firme;3152303;0,798
2025;MG;Pouso Alegre;3152501;1,738
2025;MG;Pouso Alto;3152600;0,717
2025;MG;Prados;3152709;0,523
2025;MG;Prata;3152808;0,483
2025;MG;Pratápolis;3152907;0,446
2025;MG;Pratinha;3153004;0,520
2025;MG;Presidente Bernardes;3153103;0,478
2025;MG;Presidente Juscelino;3153202;1,147
2025;MG;Presidente Kubitschek;3153301;0,663
2025;MG;Presidente Olegário;3153400;0,581
2025;MG;Alto Jequitibá;3153509;0,711
2025;MG;Prudente de Morais;3153608;1,071
2025;MG;Quartel Geral;3153707;0,441
2025;MG;Recreio;3154101;0,621
2025;MG;Reduto;3154150;1,458
2025;MG;Ressaquinha;3154408;0,382
2025;MG;Riacho dos Machados;3154507;0,455
2025;MG;Ribeirão Vermelho;3154705;0,885
2025;MG;Rio do Prado;3155108;0,523
2025;MG;Rio Espera;3155207;0,534
2025;MG;Rio Novo;3155405;0,731
2025;MG;Rio Paranaíba;3155504;0,439
2025;MG;Rio Pardo de Minas;3155603;3,415
2025;MG;Rio Piracicaba;3155702;1,781
2025;MG;Rio Preto;3155900;0,699
2025;MG;Ritápolis;3156106;0,408
2025;MG;Rochedo de Minas;3156205;1,593
2025;MG;Rodeiro;3156304;0,490
2025;MG;Romaria;3156403;0,608
2025;MG;Rubelita;3156502;0,340
2025;MG;Sabará;3156700;1,305
2025;MG;Sacramento;3156908;0,925
2025;MG;Santa Bárbara do Leste;3157252;0,738
2025;MG;Santa Bárbara do Monte Verde;3157278;0,652
2025;MG;Santa Bárbara do Tugúrio;3157302;0,508
2025;MG;Santa Cruz de Minas;3157336;0,600
2025;MG;Santa Cruz de Salinas;3157377;1,714
2025;MG;Santa Efigênia de Minas;3157500;0,408
2025;MG;Santa Helena de Minas;3157658;1,326
2025;MG;Santa Margarida;3157906;1,295
2025;MG;Santa Maria do Salto;3158102;0,964
2025;MG;Santa Maria do Suaçuí;3158201;0,812
2025;MG;Santana de Cataguases;3158409;0,992
2025;MG;Santana do Deserto;3158607;1,511
2025;MG;Santana do Garambéu;3158706;0,494
2025;MG;Santana do Manhuaçu;3158904;1,029
2025;MG;Santana do Paraíso;3158953;0,348
2025;MG;Santana do Riacho;3159001;0,744
2025;MG;Santa Rita de Caldas;3159209;1,499
2025;MG;Santa Rita do Itueto;3159506;0,887
2025;MG;Santo Antônio do Aventureiro;3160009;0,377
2025;MG;Santo Antônio do Grama;3160108;1,167
2025;MG;Santo Antônio do Itambé;3160207;8,827
2025;MG;Santo Antônio do Rio Abaixo;3160504;0,807
2025;MG;Santos Dumont;3160702;0,662
2025;MG;São Brás do Suaçuí;3160900;0,758
2025;MG;São Domingos das Dores;3160959;0,689
2025;MG;São Domingos do Prata;3161007;0,477
2025;MG;São Félix de Minas;3161056;0,611
2025;MG;São Francisco;3161106;0,353
2025;MG;São Francisco de Paula;3161205;0,591
2025;MG;São Gonçalo do Pará;3161809;0,554
2025;MG;São Gonçalo do Rio Abaixo;3161908;0,441
2025;MG;São Gonçalo do Sapucaí;3162005;0,632
2025;MG;São João Batista do Glória;3162203;0,550
2025;MG;São João da Mata;3162302;1,074
2025;MG;São João das Missões;3162450;1,127
2025;MG;São João do Manhuaçu;3162559;0,231
2025;MG;São João do Manteninha;3162575;0,576
2025;MG;São João do Pacuí;3162658;0,627
2025;MG;São João Nepomuceno;3162906;0,683
2025;MG;São Joaquim de Bicas;3162922;0,614
2025;MG;São José da Lapa;3162955;0,495
2025;MG;São José da Varginha;3163102;0,965
2025;MG;São José do Alegre;3163201;0,839
2025;MG;São José do Divino;3163300;1,202
2025;MG;São José do Jacuri;3163508;0,508
2025;MG;São Lourenço;3163706;0,362
2025;MG;São Miguel do Anta;3163805;1,073
2025;MG;São Pedro da União;3163904;0,737
2025;MG;São Pedro dos Ferros;3164001;0,496
2025;MG;São Pedro do Suaçuí;3164100;0,498
2025;MG;São Roque de Minas;3164308;0,346
2025;MG;São Sebastião da Bela Vista;3164407;0,600
2025;MG;São Sebastião do Oeste;3164605;0,567
2025;MG;São Sebastião do Paraíso;3164704;0,288
2025;MG;São Sebastião do Rio Preto;3164803;0,342
2025;MG;São Tiago;3165008;0,596
2025;MG;São Tomás de Aquino;3165107;0,890
2025;MG;São Thomé das Letras;3165206;0,283
2025;MG;São Vicente de Minas;3165305;0,494
2025;MG;Sem-Peixe;3165560;0,814
2025;MG;Senador Amaral;3165578;1,425
2025;MG;Senador Cortes;3165602;0,657
2025;MG;Senador Firmino;3165701;1,136
2025;MG;Senador José Bento;3165800;0,899
2025;MG;Senador Modestino Gonçalves;3165909;0,560
2025;MG;Senhora de Oliveira;3166006;0,324
2025;MG;Senhora do Porto;3166105;0,574
2025;MG;Senhora dos Remédios;3166204;1,905
2025;MG;Sericita;3166303;1,014
2025;MG;Seritinga;3166402;0,453
2025;MG;Serra dos Aimorés;3166709;0,240
2025;MG;Serra do Salitre;3166808;0,585
2025;MG;Serranópolis de Minas;3166956;0,771
2025;MG;Serro;3167103;1,043
2025;MG;Sete Lagoas;3167202;7,227
2025;MG;Silveirânia;3167301;1,415
2025;MG;Silvianópolis;3167400;0,671
2025;MG;Simão Pereira;3167509;0,769
2025;MG;Simonésia;3167608;0,367
2025;MG;Sobrália;3167707;1,108
2025;MG;Tabuleiro;3167905;1,186
2025;MG;Taiobeiras;3168002;0,284
2025;MG;Taparuba;3168051;0,789
2025;MG;Tapira;3168101;0,757
2025;MG;Tapiraí;3168200;1,236
2025;MG;Taquaraçu de Minas;3168309;0,737
2025;MG;Teixeiras;3168507;0,729
2025;MG;Timóteo;3168705;0,842
2025;MG;Tiros;3168903;0,534
2025;MG;Tocos do Moji;3169059;0,409
2025;MG;Toledo;3169109;0,593
2025;MG;Três Corações;3169307;4,218
2025;MG;Três Marias;3169356;0,664
2025;MG;Três Pontas;3169406;2,425
2025;MG;Tumiritinga;3169505;0,872
2025;MG;Turvolândia;3169802;0,466
2025;MG;Ubá;3169901;0,497
2025;MG;Uberlândia;3170206;1,215
2025;MG;Umburatiba;3170305;0,643
2025;MG;União de Minas;3170438;2,050
2025;MG;Uruana de Minas;3170479;0,392
2025;MG;Urucânia;3170503;0,584
2025;MG;Urucuia;3170529;0,577
2025;MG;Vargem Alegre;3170578;1,009
2025;MG;Vargem Bonita;3170602;0,731
2025;MG;Varjão de Minas;3170750;0,802
2025;MG;Várzea da Palma;3170800;0,898
2025;MG;Veredinha;3171071;0,636
2025;MG;Vermelho Novo;3171154;0,870
2025;MG;Vespasiano;3171204;0,638
2025;MG;Mathias Lobato;3171501;2,556
2025;MG;Virgínia;3171709;0,488
2025;MG;Virginópolis;3171808;0,490
2025;MG;Visconde do Rio Branco;3172004;0,574
2025;ES;Águia Branca;3200136;0,837
2025;ES;Alto Rio Novo;3200359;0,371
2025;ES;Aracruz;3200607;0,609
2025;ES;Atilio Vivacqua;3200706;1,395
2025;ES;Barra de São Francisco;3200904;0,769
2025;ES;Boa Esperança;3201001;2,174
2025;ES;Bom Jesus do Norte;3201100;0,571
2025;ES;Brejetuba;3201159;1,214
2025;ES;Cachoeiro de Itapemirim;3201209;0,372
2025;ES;Cariacica;3201308;0,389
2025;ES;Castelo;3201407;0,648
2025;ES;Conceição da Barra;3201605;4,818
2025;ES;Domingos Martins;3201902;1,699
2025;ES;Fundão;3202207;0,529
2025;ES;Guaçuí;3202306;0,661
2025;ES;Guarapari;3202405;3,977
2025;ES;Ibatiba;3202454;2,488
2025;ES;Ibiraçu;3202504;0,856
2025;ES;Ibitirama;3202553;2,975
2025;ES;Iconha;3202603;1,562
2025;ES;Irupi;3202652;1,453
2025;ES;Itarana;3202900;0,399
2025;ES;Iúna;3203007;1,411
2025;ES;Jaguaré;3203056;0,354
2025;ES;Jerônimo Monteiro;3203106;2,212
2025;ES;João Neiva;3203130;0,794
2025;ES;Mantenópolis;3203304;0,687
2025;ES;Marataízes;3203320;0,816
2025;ES;Marilândia;3203353;1,121
2025;ES;Mimoso do Sul;3203403;0,213
2025;ES;Nova Venécia;3203908;0,804
2025;ES;Pancas;3204005;0,773
2025;ES;Presidente Kennedy;3204302;0,867
2025;ES;Rio Bananal;3204351;0,328
2025;ES;Santa Leopoldina;3204500;0,624
2025;ES;São Roque do Canaã;3204955;0,423
2025;ES;Serra;3205002;1,178
2025;ES;Sooretama;3205010;0,699
2025;ES;Vargem Alta;3205036;0,608
2025;ES;Viana;3205101;0,767
2025;ES;Vila Pavão;3205150;0,382
2025;ES;Vila Valério;3205176;1,207
2025;ES;Vitória;3205309;33,837
2025;RJ;Angra dos Reis;3300100;2,887
2025;RJ;Aperibé;3300159;1,133
2025;RJ;Areal;3300225;1,413
2025;RJ;Armação dos Búzios;3300233;0,471
2025;RJ;Arraial do Cabo;3300258;2,183
2025;RJ;Barra do Piraí;3300308;5,250
2025;RJ;Barra Mansa;3300407;0,937
2025;RJ;Belford Roxo;3300456;1,489
2025;RJ;Bom Jardim;3300506;0,515
2025;RJ;Bom Jesus do Itabapoana;3300605;3,353
2025;RJ;Cabo Frio;3300704;0,862
2025;RJ;Cachoeiras de Macacu;3300803;0,510
2025;RJ;Cambuci;3300902;3,612
2025;RJ;Carapebus;3300936;0,661
2025;RJ;Comendador Levy Gasparian;3300951;3,540
2025;RJ;Campos dos Goytacazes;3301009;0,467
2025;RJ;Cantagalo;3301108;17,838
2025;RJ;Cardoso Moreira;3301157;0,769
2025;RJ;Carmo;3301207;3,505
2025;RJ;Casimiro de Abreu;3301306;10,873
2025;RJ;Conceição de Macabu;3301405;5,410
2025;RJ;Cordeiro;3301504;1,399
2025;RJ;Duque de Caxias;3301702;1,649
2025;RJ;Iguaba Grande;3301876;8,212
2025;RJ;Itaboraí;3301900;6,655
2025;RJ;Itaguaí;3302007;0,764
2025;RJ;Italva;3302056;0,387
2025;RJ;Itaocara;3302106;7,335
2025;RJ;Itaperuna;3302205;1,176
2025;RJ;Itatiaia;3302254;0,840
2025;RJ;Japeri;3302270;0,904
2025;RJ;Laje do Muriaé;3302304;0,582
2025;RJ;Macaé;3302403;10,959
2025;RJ;Macuco;3302452;0,465
2025;RJ;Magé;3302502;5,102
2025;RJ;Mangaratiba;3302601;1,626
2025;RJ;Maricá;3302700;18,372
2025;RJ;Mendes;3302809;0,996
2025;RJ;Mesquita;3302858;2,159
2025;RJ;Miguel Pereira;3302908;7,820
2025;RJ;Miracema;3303005;2,128
2025;RJ;Natividade;3303104;2,390
2025;RJ;Niterói;3303302;5,273
2025;RJ;Paracambi;3303609;0,517
2025;RJ;Paraíba do Sul;3303708;1,924
2025;RJ;Paty do Alferes;3303856;2,957
2025;RJ;Pinheiral;3303955;0,615
2025;RJ;Quatis;3304128;1,815
2025;RJ;Queimados;3304144;2,808
2025;RJ;Quissamã;3304151;2,066
2025;RJ;Resende;3304201;2,367
2025;RJ;Rio Claro;3304409;0,895
2025;RJ;Rio das Flores;3304508;9,816
2025;RJ;Rio das Ostras;3304524;1,760
2025;RJ;Rio de Janeiro;3304557;375,667
2025;RJ;Santo Antônio de Pádua;3304706;0,895
2025;RJ;São Francisco de Itabapoana;3304755;1,216
2025;RJ;São Fidélis;3304805;1,256
2025;RJ;São Gonçalo;3304904;0,707
2025;RJ;São João de Meriti;3305109;0,712
2025;RJ;São José de Ubá;3305133;0,250
2025;RJ;São José do Vale do Rio Preto;3305158;0,420
2025;RJ;São Pedro da Aldeia;3305208;1,197
2025;RJ;São Sebastião do Alto;3305307;10,350
2025;RJ;Sapucaia;3305406;5,410
2025;RJ;Saquarema;3305505;4,794
2025;RJ;Tanguá;3305752;5,713
2025;RJ;Teresópolis;3305802;0,718
2025;RJ;Trajano de Moraes;3305901;0,706
2025;RJ;Três Rios;3306008;0,511
2025;RJ;Varre-Sai;3306156;0,849
2025;RJ;Volta Redonda;3306305;1,120
2025;SP;Adamantina;3500105;0,436
2025;SP;Aguaí;3500303;0,472
2025;SP;Águas de Santa Bárbara;3500550;0,640
2025;SP;Águas de São Pedro;3500600;8,407
2025;SP;Alambari;3500758;0,537
2025;SP;Alfredo Marcondes;3500808;1,359
2025;SP;Altair;3500907;1,220
2025;SP;Altinópolis;3501004;0,314
2025;SP;Alto Alegre;3501103;5,285
2025;SP;Alumínio;3501152;0,666
2025;SP;Álvares Machado;3501301;0,459
2025;SP;Americana;3501608;3,772
2025;SP;Analândia;3502002;0,856
2025;SP;Andradina;3502101;0,579
2025;SP;Angatuba;3502200;1,121
2025;SP;Anhumas;3502408;0,426
2025;SP;Aparecida d'Oeste;3502606;2,683
2025;SP;Araçoiaba da Serra;3502903;0,658
2025;SP;Aramina;3503000;0,851
2025;SP;Arapeí;3503158;0,333
2025;SP;Araraquara;3503208;0,774
2025;SP;Araras;3503307;0,496
2025;SP;Arealva;3503406;0,333
2025;SP;Areiópolis;3503604;0,649
2025;SP;Ariranha;3503703;5,365
2025;SP;Artur Nogueira;3503802;0,664
2025;SP;Arujá;3503901;1,038
2025;SP;Aspásia;3503950;1,164
2025;SP;Assis;3504008;1,204
2025;SP;Atibaia;3504107;0,769
2025;SP;Avaí;3504305;0,756
2025;SP;Avanhandava;3504404;0,270
2025;SP;Avaré;3504503;0,530
2025;SP;Bady Bassitt;3504602;0,833
2025;SP;Balbinos;3504701;0,658
2025;SP;Bálsamo;3504800;0,401
2025;SP;Bariri;3505203;5,528
2025;SP;Barra Bonita;3505302;1,160
2025;SP;Barra do Chapéu;3505351;0,690
2025;SP;Barra do Turvo;3505401;0,846
2025;SP;Barretos;3505500;1,036
2025;SP;Barueri;3505708;0,764
2025;SP;Batatais;3505906;0,756
2025;SP;Bauru;3506003;0,506
2025;SP;Bento de Abreu;3506201;2,146
2025;SP;Bernardino de Campos;3506300;0,514
2025;SP;Bilac;3506409;0,913
2025;SP;Birigui;3506508;1,019
2025;SP;Biritiba-Mirim;3506607;0,900
2025;SP;Boa Esperança do Sul;3506706;0,757
2025;SP;Bofete;3506904;3,108
2025;SP;Bom Jesus dos Perdões;3507100;5,151
2025;SP;Borá;3507209;0,877
2025;SP;Boracéia;3507308;0,391
2025;SP;Borborema;3507407;0,584
2025;SP;Botucatu;3507506;0,662
2025;SP;Bragança Paulista;3507605;0,963
2025;SP;Braúna;3507704;0,590
2025;SP;Brejo Alegre;3507753;0,705
2025;SP;Brodowski;3507803;0,705
2025;SP;Buritama;3508108;0,443
2025;SP;Buritizal;3508207;0,908
2025;SP;Cabrália Paulista;3508306;7,316
2025;SP;Cabreúva;3508405;3,485
2025;SP;Caçapava;3508504;0,460
2025;SP;Caiabu;3508900;1,623
2025;SP;Cajati;3509254;1,732
2025;SP;Cajobi;3509304;0,503
2025;SP;Cajuru;3509403;0,518
2025;SP;Campina do Monte Alegre;3509452;0,401
2025;SP;Campo Limpo Paulista;3509601;0,430
2025;SP;Campos Novos Paulista;3509809;0,511
2025;SP;Cananéia;3509908;0,663
2025;SP;Canas;3509957;1,689
2025;SP;Cândido Mota;3510005;0,778
2025;SP;Cândido Rodrigues;3510104;1,959
2025;SP;Canitar;3510153;0,523
2025;SP;Capela do Alto;3510302;1,485
2025;SP;Capivari;3510401;0,807
2025;SP;Cardoso;3510708;6,488
2025;SP;Casa Branca;3510807;0,264
2025;SP;Castilho;3511003;1,051
2025;SP;Catiguá;3511201;0,374
2025;SP;Cedral;3511300;0,731
2025;SP;Cerqueira César;3511409;1,217
2025;SP;Cerquilho;3511508;0,706
2025;SP;Charqueada;3511706;0,728
2025;SP;Colina;3512001;3,589
2025;SP;Colômbia;3512100;4,564
2025;SP;Coroados;3512506;2,622
2025;SP;Coronel Macedo;3512605;1,654
2025;SP;Cosmópolis;3512803;0,625
2025;SP;Cosmorama;3512902;6,809
2025;SP;Cotia;3513009;4,812
2025;SP;Cruzália;3513306;0,793
2025;SP;Cruzeiro;3513405;0,568
2025;SP;Cubatão;3513504;0,608
2025;SP;Cunha;3513603;0,377
2025;SP;Descalvado;3513702;0,978
2025;SP;Dobrada;3514007;1,182
2025;SP;Dois Córregos;3514106;0,778
2025;SP;Dolcinópolis;3514205;1,836
2025;SP;Dracena;3514403;0,887
2025;SP;Duartina;3514502;0,810
2025;SP;Dumont;3514601;0,951
2025;SP;Echaporã;3514700;0,755
2025;SP;Eldorado;3514809;1,225
2025;SP;Elias Fausto;3514908;0,822
2025;SP;Elisiário;3514924;0,278
2025;SP;Embaúba;3514957;0,555
2025;SP;Embu das Artes;3515004;3,316
2025;SP;Embu-Guaçu;3515103;0,481
2025;SP;Emilianópolis;3515129;1,370
2025;SP;Engenheiro Coelho;3515152;0,436
2025;SP;Espírito Santo do Turvo;3515194;4,244
2025;SP;Estrela do Norte;3515301;0,633
2025;SP;Euclides da Cunha Paulista;3515350;0,714
2025;SP;Fernandópolis;3515509;0,724
2025;SP;Fernando Prestes;3515608;1,560
2025;SP;Fernão;3515657;0,444
2025;SP;Flora Rica;3515806;1,074
2025;SP;Floreal;3515905;0,831
2025;SP;Flórida Paulista;3516002;0,796
2025;SP;Francisco Morato;3516309;0,877
2025;SP;Gabriel Monteiro;3516507;0,694
2025;SP;Gália;3516606;1,693
2025;SP;Garça;3516705;0,542
2025;SP;Gavião Peixoto;3516853;1,214
2025;SP;General Salgado;3516903;0,225
2025;SP;Getulina;3517000;1,605
2025;SP;Guaíra;3517406;0,563
2025;SP;Guará;3517703;8,668
2025;SP;Guaraçaí;3517802;0,689
2025;SP;Guaraci;3517901;0,943
2025;SP;Guarantã;3518107;0,319
2025;SP;Guararema;3518305;0,879
2025;SP;Guareí;3518503;3,376
2025;SP;Guariba;3518602;0,981
2025;SP;Guarulhos;3518800;0,596
2025;SP;Guatapará;3518859;1,193
2025;SP;Guzolândia;3518909;0,709
2025;SP;Iacanga;3519105;7,607
2025;SP;Iacri;3519204;0,548
2025;SP;Iaras;3519253;3,597
2025;SP;Ibaté;3519303;0,835
2025;SP;Ibirá;3519402;1,471
2025;SP;Ibirarema;3519501;0,532
2025;SP;Ibitinga;3519600;0,793
2025;SP;Icém;3519808;0,455
2025;SP;Iepê;3519907;0,663
2025;SP;Igaratá;3520202;0,374
2025;SP;Iguape;3520301;1,007
2025;SP;Ilhabela;3520400;0,578
2025;SP;Ilha Comprida;3520426;1,028
2025;SP;Ilha Solteira;3520442;4,892
2025;SP;Indiana;3520608;1,072
2025;SP;Indiaporã;3520707;1,015
2025;SP;Ipaussu;3520905;1,317
2025;SP;Iperó;3521002;2,733
2025;SP;Ipeúna;3521101;0,390
2025;SP;Ipuã;3521309;0,630
2025;SP;Irapuã;3521507;0,731
2025;SP;Itaí;3521804;0,746
2025;SP;Itajobi;3521903;3,485
2025;SP;Itaju;3522000;0,929
2025;SP;Itapecerica da Serra;3522208;0,648
2025;SP;Itapetininga;3522307;1,735
2025;SP;Itapeva;3522406;0,597
2025;SP;Itapevi;3522505;4,669
2025;SP;Itapirapuã Paulista;3522653;0,718
2025;SP;Itápolis;3522703;6,801
2025;SP;Itaporanga;3522802;0,922
2025;SP;Itapuí;3522901;4,773
2025;SP;Itariri;3523305;1,070
2025;SP;Itatiba;3523404;0,914
2025;SP;Itatinga;3523503;0,742
2025;SP;Itirapina;3523602;0,586
2025;SP;Itirapuã;3523701;0,729
2025;SP;Itupeva;3524006;1,733
2025;SP;Ituverava;3524105;0,520
2025;SP;Jacareí;3524402;4,277
2025;SP;Jambeiro;3524907;0,568
2025;SP;Jardinópolis;3525102;0,592
2025;SP;Jarinu;3525201;11,512
2025;SP;Jeriquara;3525409;1,216
2025;SP;Joanópolis;3525508;0,761
2025;SP;João Ramalho;3525607;7,114
2025;SP;José Bonifácio;3525706;0,990
2025;SP;Júlio Mesquita;3525805;1,289
2025;SP;Jumirim;3525854;0,529
2025;SP;Junqueirópolis;3526001;0,599
2025;SP;Juquitiba;3526209;0,920
2025;SP;Laranjal Paulista;3526407;0,949
2025;SP;Lavínia;3526506;0,965
2025;SP;Leme;3526704;1,369
2025;SP;Lençóis Paulista;3526803;14,275
2025;SP;Lins;3527108;0,999
2025;SP;Luís Antônio;3527603;0,980
2025;SP;Luiziânia;3527702;0,386
2025;SP;Lupércio;3527801;2,039
2025;SP;Lutécia;3527900;0,325
2025;SP;Macatuba;3528007;2,897
2025;SP;Macaubal;3528106;1,069
2025;SP;Mairinque;3528403;0,452
2025;SP;Marabá Paulista;3528700;0,774
2025;SP;Maracaí;3528809;0,504
2025;SP;Mariápolis;3528908;0,786
2025;SP;Marinópolis;3529104;0,505
2025;SP;Mauá;3529401;0,802
2025;SP;Mendonça;3529500;1,316
2025;SP;Miguelópolis;3529708;4,320
2025;SP;Mineiros do Tietê;3529807;0,371
2025;SP;Mira Estrela;3530003;0,396
2025;SP;Mirandópolis;3530102;5,814
2025;SP;Mirante do Paranapanema;3530201;0,540
2025;SP;Mirassol;3530300;0,408
2025;SP;Mirassolândia;3530409;2,133
2025;SP;Mococa;3530508;0,283
2025;SP;Mogi das Cruzes;3530607;0,486
2025;SP;Mongaguá;3531100;0,680
2025;SP;Monte Alegre do Sul;3531209;0,521
2025;SP;Monte Alto;3531308;1,425
2025;SP;Monte Aprazível;3531407;0,473
2025;SP;Monte Azul Paulista;3531506;0,943
2025;SP;Monte Mor;3531803;0,360
2025;SP;Morro Agudo;3531902;0,438
2025;SP;Morungaba;3532009;7,797
2025;SP;Murutinga do Sul;3532108;1,068
2025;SP;Nantes;3532157;1,377
2025;SP;Natividade da Serra;3532306;13,284
2025;SP;Neves Paulista;3532504;4,920
2025;SP;Nhandeara;3532603;5,170
2025;SP;Nova Aliança;3532801;0,699
2025;SP;Nova Campina;3532827;0,577
2025;SP;Nova Canaã Paulista;3532843;1,004
2025;SP;Nova Europa;3532900;8,314
2025;SP;Nova Granada;3533007;0,938
2025;SP;Nova Guataporanga;3533106;0,888
2025;SP;Nova Independência;3533205;0,460
2025;SP;Novais;3533254;0,974
2025;SP;Nova Luzitânia;3533304;0,498
2025;SP;Nova Odessa;3533403;1,023
2025;SP;Nuporanga;3533601;0,740
2025;SP;Olímpia;3533908;1,278
2025;SP;Onda Verde;3534005;0,865
2025;SP;Orindiúva;3534203;0,521
2025;SP;Orlândia;3534302;0,812
2025;SP;Oscar Bressane;3534500;0,970
2025;SP;Ourinhos;3534708;0,785
2025;SP;Ouroeste;3534757;0,650
2025;SP;Palmital;3535309;1,436
2025;SP;Paraibuna;3535606;0,593
2025;SP;Paraíso;3535705;0,800
2025;SP;Paranapanema;3535804;0,825
2025;SP;Pardinho;3536109;3,366
2025;SP;Pariquera-Açu;3536208;2,890
2025;SP;Parisi;3536257;0,849
2025;SP;Patrocínio Paulista;3536307;0,455
2025;SP;Paulínia;3536505;1,063
2025;SP;Paulistânia;3536570;0,658
2025;SP;Paulo de Faria;3536604;0,843
2025;SP;Pedra Bela;3536802;0,527
2025;SP;Pedranópolis;3536901;0,599
2025;SP;Pedreira;3537107;1,060
2025;SP;Pedro de Toledo;3537206;1,013
2025;SP;Penápolis;3537305;0,319
2025;SP;Pereira Barreto;3537404;5,135
2025;SP;Pindorama;3538105;0,625
2025;SP;Piracaia;3538600;0,509
2025;SP;Piraju;3538808;25,752
2025;SP;Pirajuí;3538907;0,548
2025;SP;Pirapora do Bom Jesus;3539103;0,477
2025;SP;Pirapozinho;3539202;0,775
2025;SP;Pirassununga;3539301;5,157
2025;SP;Piratininga;3539400;3,849
2025;SP;Pitangueiras;3539509;2,508
2025;SP;Planalto;3539608;1,740
2025;SP;Platina;3539707;0,842
2025;SP;Pompéia;3540002;0,594
2025;SP;Pontal;3540200;1,097
2025;SP;Pontalinda;3540259;0,416
2025;SP;Porangaba;3540507;0,403
2025;SP;Porto Ferreira;3540705;0,726
2025;SP;Praia Grande;3541000;0,780
2025;SP;Pratânia;3541059;0,554
2025;SP;Presidente Alves;3541109;1,601
2025;SP;Presidente Prudente;3541406;1,160
2025;SP;Quadra;3541653;5,676
2025;SP;Queluz;3541901;1,175
2025;SP;Quintana;3542008;0,366
2025;SP;Rafard;3542107;0,732
2025;SP;Rancharia;3542206;1,034
2025;SP;Redenção da Serra;3542305;1,276
2025;SP;Regente Feijó;3542404;0,527
2025;SP;Reginópolis;3542503;2,077
2025;SP;Registro;3542602;11,290
2025;SP;Ribeira;3542800;0,476
2025;SP;Ribeirão Bonito;3542909;0,933
2025;SP;Ribeirão Branco;3543006;3,514
2025;SP;Ribeirão do Sul;3543204;3,141
2025;SP;Ribeirão dos Índios;3543238;1,269
2025;SP;Ribeirão Grande;3543253;0,410
2025;SP;Ribeirão Pires;3543303;0,763
2025;SP;Rifaina;3543600;0,449
2025;SP;Rinópolis;3543808;5,909
2025;SP;Rio Claro;3543907;1,151
2025;SP;Rio das Pedras;3544004;4,199
2025;SP;Rio Grande da Serra;3544103;2,948
2025;SP;Riolândia;3544202;0,543
2025;SP;Rosana;3544251;2,621
2025;SP;Sales;3544806;0,846
2025;SP;Sales Oliveira;3544905;3,119
2025;SP;Salmourão;3545100;3,001
2025;SP;Saltinho;3545159;0,627
2025;SP;Salto de Pirapora;3545308;0,745
2025;SP;Sandovalina;3545506;0,963
2025;SP;Santa Albertina;3545704;0,627
2025;SP;Santa Bárbara d'Oeste;3545803;2,253
2025;SP;Santa Branca;3546009;3,248
2025;SP;Santa Cruz da Conceição;3546207;0,473
2025;SP;Santa Cruz da Esperança;3546256;0,852
2025;SP;Santa Ernestina;3546504;1,360
2025;SP;Santa Fé do Sul;3546603;2,544
2025;SP;Santa Gertrudes;3546702;2,569
2025;SP;Santa Maria da Serra;3547007;0,749
2025;SP;Santana de Parnaíba;3547304;0,878
2025;SP;Santa Rita d'Oeste;3547403;1,265
2025;SP;Santa Rita do Passa Quatro;3547502;0,511
2025;SP;Santa Rosa de Viterbo;3547601;0,554
2025;SP;Santo André;3547809;0,440
2025;SP;Santo Antônio da Alegria;3547908;2,199
2025;SP;Santo Antônio de Posse;3548005;0,615
2025;SP;Santo Antônio do Jardim;3548104;0,385
2025;SP;Santo Antônio do Pinhal;3548203;1,532
2025;SP;Santo Expedito;3548302;1,654
2025;SP;Santópolis do Aguapeí;3548401;0,545
2025;SP;Santos;3548500;1,686
2025;SP;São Francisco;3549003;1,025
2025;SP;São João da Boa Vista;3549102;0,674
2025;SP;São João de Iracema;3549250;3,456
2025;SP;São João do Pau d'Alho;3549300;0,596
2025;SP;São Joaquim da Barra;3549409;1,161
2025;SP;São José da Bela Vista;3549508;6,309
2025;SP;São José do Barreiro;3549607;0,806
2025;SP;São José do Rio Pardo;3549706;8,026
2025;SP;São José do Rio Preto;3549805;0,988
2025;SP;São José dos Campos;3549904;5,487
2025;SP;São Lourenço da Serra;3549953;1,346
2025;SP;São Manuel;3550100;0,517
2025;SP;São Paulo;3550308;441,242
2025;SP;São Pedro;3550407;0,749
2025;SP;São Pedro do Turvo;3550506;0,691
2025;SP;São Roque;3550605;1,476
2025;SP;São Sebastião da Grama;3550803;0,846
2025;SP;São Simão;3550902;1,972
2025;SP;Sebastianópolis do Sul;3551306;15,562
2025;SP;Serra Azul;3551405;1,495
2025;SP;Serrana;3551504;1,266
2025;SP;Severínia;3551900;4,858
2025;SP;Socorro;3552106;1,198
2025;SP;Suzano;3552502;1,546
2025;SP;Suzanápolis;3552551;0,647
2025;SP;Tabatinga;3552700;4,343
2025;SP;Taboão da Serra;3552809;0,584
2025;SP;Taiaçu;3553104;0,830
2025;SP;Tambaú;3553302;8,313
2025;SP;Tapiraí;3553500;0,261
2025;SP;Taquarituba;3553807;3,145
2025;SP;Taquarivaí;3553856;0,959
2025;SP;Tarabai;3553906;0,782
2025;SP;Tarumã;3553955;4,263
2025;SP;Tatuí;3554003;0,353
2025;SP;Taubaté;3554102;0,703
2025;SP;Tejupá;3554201;0,860
2025;SP;Teodoro Sampaio;3554300;0,625
2025;SP;Tietê;3554508;0,999
2025;SP;Timburi;3554607;0,566
2025;SP;Torre de Pedra;3554656;0,546
2025;SP;Tupã;3555000;1,256
2025;SP;Tupi Paulista;3555109;40,335
2025;SP;Turiúba;3555208;0,537
2025;SP;Turmalina;3555307;1,281
2025;SP;Ubatuba;3555406;0,392
2025;SP;Ubirajara;3555505;1,066
2025;SP;Uchoa;3555604;0,788
2025;SP;União Paulista;3555703;0,323
2025;SP;Uru;3555901;0,471
2025;SP;Urupês;3556008;0,541
2025;SP;Valinhos;3556206;0,754
2025;SP;Valparaíso;3556305;0,736
2025;SP;Vargem;3556354;1,061
2025;SP;Vargem Grande do Sul;3556404;0,789
2025;SP;Vargem Grande Paulista;3556453;0,274
2025;SP;Várzea Paulista;3556503;0,529
2025;SP;Vera Cruz;3556602;0,614
2025;SP;Vinhedo;3556701;5,516
2025;SP;Vista Alegre do Alto;3556909;0,692
2025;SP;Votorantim;3557006;3,946
2025;SP;Votuporanga;3557105;2,507
2025;PR;Adrianópolis;4100202;1,660
2025;PR;Agudos do Sul;4100301;0,616
2025;PR;Almirante Tamandaré;4100400;0,297
2025;PR;Altamira do Paraná;4100459;0,460
2025;PR;Altônia;4100509;4,012
2025;PR;Alto Paraná;4100608;0,554
2025;PR;Alto Piquiri;4100707;0,839
2025;PR;Araucária;4101804;0,747
2025;PR;Ariranha do Ivaí;4101853;0,231
2025;PR;Assaí;4101903;0,596
2025;PR;Assis Chateaubriand;4102000;0,769
2025;PR;Atalaia;4102208;1,265
2025;PR;Balsa Nova;4102307;0,327
2025;PR;Bandeirantes;4102406;0,446
2025;PR;Barracão;4102604;0,763
2025;PR;Barra do Jacaré;4102703;0,415
2025;PR;Boa Esperança;4103008;0,839
2025;PR;Boa Ventura de São Roque;4103040;0,708
2025;PR;Boa Vista da Aparecida;4103057;0,904
2025;PR;Bom Jesus do Sul;4103156;1,945
2025;PR;Bom Sucesso;4103206;0,570
2025;PR;Brasilândia do Sul;4103370;0,544
2025;PR;Cafeara;4103404;1,047
2025;PR;Cafelândia;4103453;1,554
2025;PR;Cafezal do Sul;4103479;0,942
2025;PR;Cambira;4103800;1,118
2025;PR;Campina da Lagoa;4103909;1,237
2025;PR;Campo Bonito;4104055;0,816
2025;PR;Campo Largo;4104204;0,583
2025;PR;Campo Magro;4104253;0,349
2025;PR;Cândido de Abreu;4104402;0,649
2025;PR;Candói;4104428;0,708
2025;PR;Cantagalo;4104451;0,600
2025;PR;Capanema;4104501;1,089
2025;PR;Capitão Leônidas Marques;4104600;0,899
2025;PR;Carambeí;4104659;0,824
2025;PR;Carlópolis;4104709;0,496
2025;PR;Castro;4104907;0,669
2025;PR;Centenário do Sul;4105102;1,062
2025;PR;Céu Azul;4105300;0,580
2025;PR;Chopinzinho;4105409;0,593
2025;PR;Cianorte;4105508;0,753
2025;PR;Clevelândia;4105706;0,687
2025;PR;Colombo;4105805;0,441
2025;PR;Colorado;4105904;0,674
2025;PR;Congonhinhas;4106001;0,864
2025;PR;Contenda;4106209;0,891
2025;PR;Corbélia;4106308;0,403
2025;PR;Cruzeiro do Oeste;4106605;0,655
2025;PR;Cruz Machado;4106803;0,657
2025;PR;Curitiba;4106902;48,585
2025;PR;Curiúva;4107009;0,650
2025;PR;Diamante do Sul;4107124;0,892
2025;PR;Diamante D'Oeste;4107157;0,977
2025;PR;Dois Vizinhos;4107207;0,463
2025;PR;Douradina;4107256;0,784
2025;PR;Espigão Alto do Iguaçu;4107546;0,556
2025;PR;Farol;4107553;0,731
2025;PR;Fazenda Rio Grande;4107652;0,537
2025;PR;Fênix;4107702;0,444
2025;PR;Figueira;4107751;1,097
2025;PR;Floraí;4107801;0,852
2025;PR;Flor da Serra do Sul;4107850;0,939
2025;PR;Floresta;4107900;0,975
2025;PR;Florestópolis;4108007;0,554
2025;PR;Formosa do Oeste;4108205;0,679
2025;PR;Francisco Alves;4108320;0,995
2025;PR;Francisco Beltrão;4108403;0,929
2025;PR;General Carneiro;4108502;1,371
2025;PR;Goioerê;4108601;1,034
2025;PR;Goioxim;4108650;0,763
2025;PR;Grandes Rios;4108700;0,421
2025;PR;Guaíra;4108809;0,540
2025;PR;Guaporema;4109104;0,764
2025;PR;Guaraci;4109203;1,199
2025;PR;Guaraqueçaba;4109500;0,763
2025;PR;Ibema;4109757;0,668
2025;PR;Icaraíma;4109906;0,465
2025;PR;Inácio Martins;4110201;0,665
2025;PR;Inajá;4110300;1,690
2025;PR;Ipiranga;4110508;0,904
2025;PR;Iporã;4110607;0,690
2025;PR;Iracema do Oeste;4110656;0,423
2025;PR;Irati;4110706;1,197
2025;PR;Iretama;4110805;0,916
2025;PR;Itambaracá;4111001;0,523
2025;PR;Itapejara d'Oeste;4111209;1,255
2025;PR;Itaperuçu;4111258;1,164
2025;PR;Ivaí;4111407;0,756
2025;PR;Ivaiporã;4111506;0,551
2025;PR;Ivaté;4111555;0,553
2025;PR;Jacarezinho;4111803;0,656
2025;PR;Jandaia do Sul;4112108;0,264
2025;PR;Janiópolis;4112207;3,245
2025;PR;Japira;4112306;0,680
2025;PR;Jataizinho;4112702;0,576
2025;PR;Jundiaí do Sul;4112900;0,503
2025;PR;Juranda;4112959;1,899
2025;PR;Kaloré;4113106;0,427
2025;PR;Lapa;4113205;0,902
2025;PR;Laranjeiras do Sul;4113304;0,600
2025;PR;Lidianópolis;4113429;0,940
2025;PR;Lunardelli;4113759;0,448
2025;PR;Lupionópolis;4113809;1,135
2025;PR;Mamborê;4114005;0,611
2025;PR;Mandaguari;4114203;1,480
2025;PR;Mandirituba;4114302;0,372
2025;PR;Manfrinópolis;4114351;0,976
2025;PR;Mangueirinha;4114401;0,616
2025;PR;Manoel Ribas;4114500;0,471
2025;PR;Marechal Cândido Rondon;4114609;2,192
2025;PR;Marialva;4114807;1,461
2025;PR;Maringá;4115200;0,304
2025;PR;Maripá;4115358;0,604
2025;PR;Marquinho;4115457;2,192
2025;PR;Matinhos;4115705;0,463
2025;PR;Mato Rico;4115739;0,673
2025;PR;Mauá da Serra;4115754;0,651
2025;PR;Medianeira;4115804;0,313
2025;PR;Mercedes;4115853;1,088
2025;PR;Mirador;4115903;0,477
2025;PR;Munhoz de Melo;4116307;1,021
2025;PR;Nova Aliança do Ivaí;4116505;2,073
2025;PR;Nova América da Colina;4116604;4,022
2025;PR;Nova Laranjeiras;4117057;0,792
2025;PR;Nova Londrina;4117107;0,715
2025;PR;Nova Santa Bárbara;4117214;0,387
2025;PR;Nova Santa Rosa;4117222;0,692
2025;PR;Nova Prata do Iguaçu;4117255;0,506
2025;PR;Nova Tebas;4117271;1,489
2025;PR;Novo Itacolomi;4117297;0,660
2025;PR;Ouro Verde do Oeste;4117453;0,617
2025;PR;Paiçandu;4117503;0,334
2025;PR;Palmeira;4117701;1,127
2025;PR;Palotina;4117909;0,972
2025;PR;Paraíso do Norte;4118006;0,788
2025;PR;Paranapoema;4118303;1,328
2025;PR;Pato Branco;4118501;0,951
2025;PR;Paula Freitas;4118600;0,650
2025;PR;Paulo Frontin;4118709;1,431
2025;PR;Peabiru;4118808;0,693
2025;PR;Perobal;4118857;0,972
2025;PR;Pérola;4118907;0,652
2025;PR;Piên;4119103;0,598
2025;PR;Pinhais;4119152;0,682
2025;PR;Piraí do Sul;4119400;0,700
2025;PR;Piraquara;4119509;0,332
2025;PR;Pitanga;4119608;1,086
2025;PR;Pitangueiras;4119657;0,460
2025;PR;Planaltina do Paraná;4119707;0,455
2025;PR;Ponta Grossa;4119905;0,537
2025;PR;Pontal do Paraná;4119954;0,709
2025;PR;Porecatu;4120002;0,627
2025;PR;Porto Amazonas;4120101;0,773
2025;PR;Porto Barreiro;4120150;0,541
2025;PR;Porto Rico;4120200;1,334
2025;PR;Porto Vitória;4120309;0,581
2025;PR;Prado Ferreira;4120333;0,814
2025;PR;Primeiro de Maio;4120507;0,275
2025;PR;Prudentópolis;4120606;0,334
2025;PR;Quatro Pontes;4120853;0,873
2025;PR;Quedas do Iguaçu;4120903;0,493
2025;PR;Querência do Norte;4121000;0,619
2025;PR;Quitandinha;4121208;1,054
2025;PR;Ramilândia;4121257;0,267
2025;PR;Rancho Alegre;4121307;0,833
2025;PR;Realeza;4121406;0,487
2025;PR;Renascença;4121604;0,511
2025;PR;Reserva;4121703;1,705
2025;PR;Reserva do Iguaçu;4121752;0,676
2025;PR;Ribeirão Claro;4121802;0,535
2025;PR;Ribeirão do Pinhal;4121901;0,403
2025;PR;Rio Bom;4122107;1,740
2025;PR;Rio Branco do Sul;4122206;0,411
2025;PR;Rio Negro;4122305;0,337
2025;PR;Roncador;4122503;0,371
2025;PR;Rondon;4122602;0,982
2025;PR;Rosário do Ivaí;4122651;1,169
2025;PR;Sabáudia;4122701;0,910
2025;PR;Salto do Lontra;4123006;0,905
2025;PR;Santa Cruz de Monte Castelo;4123303;0,861
2025;PR;Santa Fé;4123402;0,361
2025;PR;Santa Helena;4123501;0,293
2025;PR;Santa Izabel do Oeste;4123808;1,322
2025;PR;Santa Mariana;4123907;1,485
2025;PR;Santa Mônica;4123956;0,471
2025;PR;Santana do Itararé;4124004;0,379
2025;PR;Santo Antônio da Platina;4124103;0,771
2025;PR;Santo Antônio do Paraíso;4124301;0,768
2025;PR;Santo Antônio do Sudoeste;4124400;1,096
2025;PR;Santo Inácio;4124509;0,455
2025;PR;São Jerônimo da Serra;4124707;1,024
2025;PR;São João;4124806;0,773
2025;PR;São João do Ivaí;4125001;0,550
2025;PR;São Jorge do Ivaí;4125308;0,427
2025;PR;São Mateus do Sul;4125605;0,709
2025;PR;São Pedro do Ivaí;4125803;0,793
2025;PR;Sapopema;4126207;0,916
2025;PR;Sarandi;4126256;1,091
2025;PR;Saudade do Iguaçu;4126272;1,372
2025;PR;Sertaneja;4126405;0,449
2025;PR;Sertanópolis;4126504;0,486
2025;PR;Sulina;4126652;0,735
2025;PR;Tamarana;4126678;2,426
2025;PR;Tamboara;4126702;0,625
2025;PR;Tapejara;4126801;1,135
2025;PR;Tapira;4126900;0,248
2025;PR;Teixeira Soares;4127007;0,894
2025;PR;Telêmaco Borba;4127106;0,370
2025;PR;Terra Boa;4127205;3,336
2025;PR;Terra Rica;4127304;0,505
2025;PR;Terra Roxa;4127403;1,106
2025;PR;Tijucas do Sul;4127601;0,550
2025;PR;Toledo;4127700;0,680
2025;PR;Três Barras do Paraná;4127858;1,307
2025;PR;Tunas do Paraná;4127882;0,518
2025;PR;Tuneiras do Oeste;4127908;2,710
2025;PR;Tupãssi;4127957;16,265
2025;PR;Umuarama;4128104;0,423
2025;PR;União da Vitória;4128203;0,572
2025;PR;Uraí;4128401;2,876
2025;PR;Wenceslau Braz;4128500;0,751
2025;PR;Ventania;4128534;0,730
2025;PR;Vera Cruz do Oeste;4128559;0,987
2025;PR;Alto Paraíso;4128625;0,359
2025;PR;Doutor Ulysses;4128633;1,012
2025;PR;Vitorino;4128708;0,274
2025;PR;Xambrê;4128807;0,876
2025;SC;Abelardo Luz;4200101;0,475
2025;SC;Água Doce;4200408;0,720
2025;SC;Águas de Chapecó;4200507;0,746
2025;SC;Alfredo Wagner;4200705;0,497
2025;SC;Anchieta;4200804;2,545
2025;SC;Angelina;4200903;1,731
2025;SC;Anitápolis;4201109;1,132
2025;SC;Apiúna;4201257;0,536
2025;SC;Arabutã;4201273;1,262
2025;SC;Araquari;4201307;6,400
2025;SC;Araranguá;4201406;0,301
2025;SC;Armazém;4201505;0,733
2025;SC;Arvoredo;4201653;1,270
2025;SC;Balneário Camboriú;4202008;0,390
2025;SC;Balneário Gaivota;4202073;0,753
2025;SC;Bandeirante;4202081;0,927
2025;SC;Barra Velha;4202107;0,560
2025;SC;Bela Vista do Toldo;4202131;0,929
2025;SC;Biguaçu;4202305;0,267
2025;SC;Bocaina do Sul;4202438;0,786
2025;SC;Bombinhas;4202453;1,497
2025;SC;Bom Jesus do Oeste;4202578;0,707
2025;SC;Braço do Norte;4202800;0,921
2025;SC;Braço do Trombudo;4202859;2,047
2025;SC;Brusque;4202909;0,619
2025;SC;Caibi;4203105;0,370
2025;SC;Calmon;4203154;0,238
2025;SC;Camboriú;4203204;0,701
2025;SC;Campo Belo do Sul;4203402;0,386
2025;SC;Campo Erê;4203501;0,963
2025;SC;Canelinha;4203709;1,073
2025;SC;Catanduvas;4204004;0,540
2025;SC;Cerro Negro;4204178;0,318
2025;SC;Chapecó;4204202;0,959
2025;SC;Cocal do Sul;4204251;0,564
2025;SC;Concórdia;4204301;0,949
2025;SC;Cordilheira Alta;4204350;0,676
2025;SC;Coronel Freitas;4204400;0,776
2025;SC;Coronel Martins;4204459;0,829
2025;SC;Corupá;4204509;0,611
2025;SC;Cunha Porã;4204707;0,880
2025;SC;Curitibanos;4204806;1,369
2025;SC;Dionísio Cerqueira;4205001;0,735
2025;SC;Dona Emma;4205100;0,389
2025;SC;Entre Rios;4205175;1,231
2025;SC;Faxinal dos Guedes;4205308;0,402
2025;SC;Flor do Sertão;4205357;0,307
2025;SC;Florianópolis;4205407;90,135
2025;SC;Forquilhinha;4205456;0,835
2025;SC;Fraiburgo;4205506;0,469
2025;SC;Frei Rogério;4205555;1,249
2025;SC;Garopaba;4205704;3,826
2025;SC;Grão Pará;4206108;0,890
2025;SC;Gravatal;4206207;1,239
2025;SC;Guaraciaba;4206405;0,690
2025;SC;Guarujá do Sul;4206603;0,725
2025;SC;Guatambú;4206652;0,417
2025;SC;Ibicaré;4206801;0,631
2025;SC;Ilhota;4207106;0,880
2025;SC;Imbituba;4207304;0,657
2025;SC;Imbuia;4207403;0,786
2025;SC;Indaial;4207502;1,202
2025;SC;Iomerê;4207577;0,966
2025;SC;Ipira;4207601;1,081
2025;SC;Ipuaçu;4207684;0,818
2025;SC;Ipumirim;4207700;0,486
2025;SC;Iraceminha;4207759;0,331
2025;SC;Irineópolis;4207908;0,476
2025;SC;Itá;4208005;0,547
2025;SC;Ituporanga;4208500;1,081
2025;SC;Jaraguá do Sul;4208906;0,783
2025;SC;Joinville;4209102;1,864
2025;SC;José Boiteux;4209151;1,082
2025;SC;Lacerdópolis;4209201;0,673
2025;SC;Laguna;4209409;0,458
2025;SC;Lajeado Grande;4209458;0,749
2025;SC;Laurentino;4209508;1,199
2025;SC;Lebon Régis;4209706;3,368
2025;SC;Leoberto Leal;4209805;0,842
2025;SC;Lindóia do Sul;4209854;1,304
2025;SC;Luzerna;4210035;0,592
2025;SC;Major Vieira;4210308;1,184
2025;SC;Maracajá;4210407;0,624
2025;SC;Matos Costa;4210704;0,948
2025;SC;Mirim Doce;4210852;0,614
2025;SC;Mondaí;4211009;0,995
2025;SC;Monte Castelo;4211108;1,661
2025;SC;Morro da Fumaça;4211207;1,578
2025;SC;Morro Grande;4211256;0,743
2025;SC;Nova Erechim;4211405;0,652
2025;SC;Nova Trento;4211504;0,527
2025;SC;Nova Veneza;4211603;1,433
2025;SC;Novo Horizonte;4211652;0,548
2025;SC;Orleans;4211702;1,023
2025;SC;Ouro;4211801;1,396
2025;SC;Ouro Verde;4211850;0,730
2025;SC;Paial;4211876;7,060
2025;SC;Painel;4211892;0,402
2025;SC;Palhoça;4211900;0,357
2025;SC;Palma Sola;4212007;0,328
2025;SC;Palmeira;4212056;0,727
2025;SC;Palmitos;4212106;0,455
2025;SC;Paraíso;4212239;0,509
2025;SC;Paulo Lopes;4212304;0,740
2025;SC;Pedras Grandes;4212403;0,799
2025;SC;Petrolândia;4212700;0,526
2025;SC;Balneário Piçarras;4212809;0,794
2025;SC;Planalto Alegre;4213153;0,406
2025;SC;Pomerode;4213203;0,353
2025;SC;Ponte Serrada;4213401;0,591
2025;SC;Porto Belo;4213500;1,378
2025;SC;Pouso Redondo;4213708;0,883
2025;SC;Praia Grande;4213807;2,162
2025;SC;Presidente Nereu;4214102;0,579
2025;SC;Princesa;4214151;0,908
2025;SC;Rio das Antas;4214409;1,454
2025;SC;Rio do Campo;4214508;0,346
2025;SC;Rio do Oeste;4214607;0,550
2025;SC;Rio do Sul;4214805;0,782
2025;SC;Rio Fortuna;4214904;1,032
2025;SC;Rio Negrinho;4215000;0,664
2025;SC;Rio Rufino;4215059;0,890
2025;SC;Riqueza;4215075;0,704
2025;SC;Romelândia;4215208;0,962
2025;SC;Salete;4215307;0,743
2025;SC;Saltinho;4215356;1,022
2025;SC;Santa Cecília;4215505;0,901
2025;SC;Santa Rosa do Sul;4215653;1,304
2025;SC;Santa Terezinha do Progresso;4215687;0,683
2025;SC;Santo Amaro da Imperatriz;4215703;0,869
2025;SC;São Bernardino;4215752;1,747
2025;SC;São Bento do Sul;4215802;0,626
2025;SC;São Carlos;4216008;0,749
2025;SC;São João do Itaperiú;4216354;0,838
2025;SC;São José do Cedro;4216701;0,332
2025;SC;São Lourenço do Oeste;4216909;1,042
2025;SC;São Martinho;4217105;0,921
2025;SC;São Miguel da Boa Vista;4217154;0,324
2025;SC;São Miguel do Oeste;4217204;0,639
2025;SC;São Pedro de Alcântara;4217253;1,101
2025;SC;Schroeder;4217402;0,544
2025;SC;Seara;4217501;0,367
2025;SC;Serra Alta;4217550;0,504
2025;SC;Sul Brasil;4217758;0,679
2025;SC;Tangará;4217907;1,180
2025;SC;Tigrinhos;4217956;0,673
2025;SC;Tijucas;4218004;0,356
2025;SC;Três Barras;4218301;0,474
2025;SC;Treviso;4218350;0,552
2025;SC;Treze Tílias;4218509;0,989
2025;SC;Tubarão;4218707;0,591
2025;SC;Turvo;4218806;0,460
2025;SC;União do Oeste;4218855;0,691
2025;SC;Urubici;4218905;0,842
2025;SC;Urupema;4218954;0,489
2025;SC;Urussanga;4219002;0,913
2025;SC;Vargeão;4219101;2,455
2025;SC;Vargem;4219150;0,505
2025;SC;Videira;4219309;0,993
2025;SC;Xanxerê;4219507;0,634
2025;SC;Xavantina;4219606;0,602
2025;SC;Zortéa;4219853;2,051
2025;SC;Balneário Rincão;4220000;5,892
2025;RS;Aceguá;4300034;0,866
2025;RS;Agudo;4300109;0,541
2025;RS;Ajuricaba;4300208;0,765
2025;RS;Alecrim;4300307;0,779
2025;RS;Alegria;4300455;1,537
2025;RS;Alvorada;4300604;3,163
2025;RS;Amaral Ferrador;4300638;1,809
2025;RS;Antônio Prado;4300802;2,220
2025;RS;Arambaré;4300851;0,561
2025;RS;Aratiba;4300901;0,702
2025;RS;Arroio do Meio;4301008;0,571
2025;RS;Arroio do Padre;4301073;0,293
2025;RS;Arroio dos Ratos;4301107;0,904
2025;RS;Arroio do Tigre;4301206;0,417
2025;RS;Áurea;4301552;0,370
2025;RS;Barão do Triunfo;4301750;0,875
2025;RS;Barra do Rio Azul;4301925;0,495
2025;RS;Barra Funda;4301958;1,119
2025;RS;Barros Cassal;4302006;0,556
2025;RS;Benjamin Constant do Sul;4302055;0,762
2025;RS;Boa Vista das Missões;4302154;1,405
2025;RS;Boa Vista do Buricá;4302204;1,305
2025;RS;Boa Vista do Sul;4302253;0,602
2025;RS;Bom Jesus;4302303;0,480
2025;RS;Bom Progresso;4302378;0,712
2025;RS;Bom Retiro do Sul;4302402;0,734
2025;RS;Braga;4302600;0,530
2025;RS;Brochier;4302659;2,462
2025;RS;Butiá;4302709;0,414
2025;RS;Caçapava do Sul;4302808;0,613
2025;RS;Cacequi;4302907;0,607
2025;RS;Cachoeira do Sul;4303004;0,464
2025;RS;Cacique Doble;4303202;0,483
2025;RS;Caibaté;4303301;1,892
2025;RS;Cambará do Sul;4303608;1,713
2025;RS;Campestre da Serra;4303673;0,789
2025;RS;Campinas do Sul;4303806;0,413
2025;RS;Campo Bom;4303905;0,275
2025;RS;Campo Novo;4304002;0,717
2025;RS;Cândido Godói;4304309;0,903
2025;RS;Canela;4304408;0,798
2025;RS;Canoas;4304606;0,367
2025;RS;Capão Bonito do Sul;4304622;1,296
2025;RS;Capão da Canoa;4304630;0,615
2025;RS;Capão do Cipó;4304655;0,726
2025;RS;Capão do Leão;4304663;0,574
2025;RS;Capivari do Sul;4304671;0,688
2025;RS;Carazinho;4304705;0,462
2025;RS;Caraá;4304713;0,390
2025;RS;Carlos Barbosa;4304804;1,473
2025;RS;Carlos Gomes;4304853;0,454
2025;RS;Caxias do Sul;4305108;1,176
2025;RS;Centenário;4305116;0,552
2025;RS;Cerro Grande;4305157;2,064
2025;RS;Cerro Grande do Sul;4305173;2,162
2025;RS;Chapada;4305306;0,708
2025;RS;Charqueadas;4305355;0,509
2025;RS;Charrua;4305371;0,544
2025;RS;Chiapetta;4305405;1,086
2025;RS;Chuí;4305439;0,926
2025;RS;Chuvisca;4305447;1,663
2025;RS;Cidreira;4305454;0,539
2025;RS;Ciríaco;4305504;1,602
2025;RS;Colinas;4305587;0,641
2025;RS;Colorado;4305603;0,720
2025;RS;Condor;4305702;0,962
2025;RS;Coqueiros do Sul;4305850;0,772
2025;RS;Coronel Barros;4305871;0,513
2025;RS;Cotiporã;4305959;0,462
2025;RS;Crissiumal;4306007;0,544
2025;RS;Cristal;4306056;0,376
2025;RS;Cruz Alta;4306106;0,514
2025;RS;Cruzaltense;4306130;0,725
2025;RS;Cruzeiro do Sul;4306205;0,340
2025;RS;David Canabarro;4306304;0,416
2025;RS;Derrubadas;4306320;0,624
2025;RS;Dilermando de Aguiar;4306379;0,367
2025;RS;Dois Lajeados;4306452;0,255
2025;RS;Dom Pedro de Alcântara;4306551;0,383
2025;RS;Dona Francisca;4306700;0,834
2025;RS;Doutor Maurício Cardoso;4306734;1,650
2025;RS;Doutor Ricardo;4306759;0,824
2025;RS;Eldorado do Sul;4306767;0,641
2025;RS;Encantado;4306809;0,591
2025;RS;Erval Seco;4307302;0,431
2025;RS;Estação;4307559;0,562
2025;RS;Esteio;4307708;0,721
2025;RS;Estrela;4307807;1,880
2025;RS;Eugênio de Castro;4307831;0,464
2025;RS;Farroupilha;4307906;0,641
2025;RS;Fazenda Vilanova;4308078;0,964
2025;RS;Feliz;4308102;1,082
2025;RS;Flores da Cunha;4308201;0,434
2025;RS;Floriano Peixoto;4308250;0,841
2025;RS;Fontoura Xavier;4308300;0,855
2025;RS;Formigueiro;4308409;0,517
2025;RS;Forquetinha;4308433;0,390
2025;RS;Frederico Westphalen;4308508;0,340
2025;RS;Garruchos;4308656;0,595
2025;RS;Gaurama;4308706;0,525
2025;RS;Gentil;4308854;1,048
2025;RS;Glorinha;4309050;1,188
2025;RS;Gramado;4309100;1,720
2025;RS;Gramado dos Loureiros;4309126;0,895
2025;RS;Gramado Xavier;4309159;0,495
2025;RS;Guabiju;4309258;0,690
2025;RS;Guaíba;4309308;1,273
2025;RS;Guaporé;4309407;1,071
2025;RS;Harmonia;4309555;0,546
2025;RS;Hulha Negra;4309654;0,361
2025;RS;Ibiaçá;4309803;0,642
2025;RS;Igrejinha;4310108;2,228
2025;RS;Ijuí;4310207;10,887
2025;RS;Imigrante;4310363;1,125
2025;RS;Independência;4310405;0,570
2025;RS;Ipê;4310439;0,660
2025;RS;Iraí;4310504;0,780
2025;RS;Itacurubi;4310553;0,477
2025;RS;Itaqui;4310603;0,866
2025;RS;Itati;4310652;0,505
2025;RS;Ivoti;4310801;1,083
2025;RS;Jacuizinho;4310876;1,072
2025;RS;Jacutinga;4310900;1,277
2025;RS;Jaguari;4311106;1,158
2025;RS;Jari;4311130;1,117
2025;RS;Lagoa Bonita do Sul;4311239;0,520
2025;RS;Lagoa dos Três Cantos;4311270;1,092
2025;RS;Lagoa Vermelha;4311304;0,808
2025;RS;Lajeado;4311403;0,699
2025;RS;Lajeado do Bugre;4311429;1,117
2025;RS;Linha Nova;4311643;0,448
2025;RS;Machadinho;4311700;0,690
2025;RS;Maquiné;4311775;0,951
2025;RS;Maratá;4311791;0,320
2025;RS;Marau;4311809;2,031
2025;RS;Marques de Souza;4312054;0,554
2025;RS;Mata;4312104;0,392
2025;RS;Maximiliano de Almeida;4312203;0,577
2025;RS;Minas do Leão;4312252;1,424
2025;RS;Miraguaí;4312302;0,912
2025;RS;Monte Belo do Sul;4312385;0,520
2025;RS;Mormaço;4312427;0,959
2025;RS;Morro Reuter;4312476;1,112
2025;RS;Muliterno;4312625;0,857
2025;RS;Não-Me-Toque;4312658;1,505
2025;RS;Nicolau Vergueiro;4312674;0,695
2025;RS;Nonoai;4312708;0,640
2025;RS;Nova Araçá;4312807;0,699
2025;RS;Nova Esperança do Sul;4313037;0,887
2025;RS;Nova Hartz;4313060;0,527
2025;RS;Nova Pádua;4313086;0,710
2025;RS;Nova Palma;4313102;0,264
2025;RS;Nova Ramada;4313334;3,199
2025;RS;Nova Roma do Sul;4313359;0,283
2025;RS;Novo Tiradentes;4313441;0,567
2025;RS;Novo Xingu;4313466;0,386
2025;RS;Novo Barreiro;4313490;0,658
2025;RS;Panambi;4313904;0,454
2025;RS;Pantano Grande;4313953;0,477
2025;RS;Paraí;4314001;0,692
2025;RS;Paraíso do Sul;4314027;0,556
2025;RS;Pareci Novo;4314035;0,712
2025;RS;Parobé;4314050;0,397
2025;RS;Passa Sete;4314068;0,542
2025;RS;Paulo Bento;4314134;0,887
2025;RS;Paverama;4314159;0,721
2025;RS;Pedras Altas;4314175;0,614
2025;RS;Pedro Osório;4314209;0,394
2025;RS;Pinheirinho do Vale;4314498;0,389
2025;RS;Pinto Bandeira;4314548;1,000
2025;RS;Planalto;4314704;0,426
2025;RS;Pontão;4314779;0,477
2025;RS;Ponte Preta;4314787;1,015
2025;RS;Portão;4314803;0,546
2025;RS;Porto Alegre;4314902;126,200
2025;RS;Porto Lucena;4315008;0,420
2025;RS;Porto Vera Cruz;4315073;0,469
2025;RS;Pouso Novo;4315131;0,360
2025;RS;Presidente Lucena;4315149;0,656
2025;RS;Putinga;4315206;2,010
2025;RS;Quaraí;4315305;0,743
2025;RS;Rio dos Índios;4315552;0,333
2025;RS;Riozinho;4315750;0,279
2025;RS;Roca Sales;4315800;3,893
2025;RS;Rolador;4315958;0,905
2025;RS;Rolante;4316006;0,671
2025;RS;Ronda Alta;4316105;0,970
2025;RS;Rondinha;4316204;0,612
2025;RS;Saldanha Marinho;4316436;1,305
2025;RS;Salvador do Sul;4316501;0,901
2025;RS;Santa Cecília do Sul;4316733;0,590
2025;RS;Santa Clara do Sul;4316758;0,700
2025;RS;Santa Cruz do Sul;4316808;0,590
2025;RS;Santa Maria;4316907;0,606
2025;RS;Santa Margarida do Sul;4316972;0,615
2025;RS;Sant'Ana do Livramento;4317103;0,980
2025;RS;Santa Tereza;4317251;0,841
2025;RS;Santo Ângelo;4317509;0,320
2025;RS;Santo Antônio do Palma;4317558;0,490
2025;RS;Santo Antônio da Patrulha;4317608;0,324
2025;RS;Santo Augusto;4317806;1,183
2025;RS;Santo Cristo;4317905;3,780
2025;RS;São Borja;4318002;0,710
2025;RS;São Domingos do Sul;4318051;1,295
2025;RS;São Gabriel;4318309;0,913
2025;RS;São Jerônimo;4318408;0,954
2025;RS;São Jorge;4318440;1,298
2025;RS;São José das Missões;4318457;1,164
2025;RS;São José do Herval;4318465;0,845
2025;RS;São José do Norte;4318507;0,656
2025;RS;São José do Ouro;4318606;0,530
2025;RS;São José do Sul;4318614;0,943
2025;RS;São José dos Ausentes;4318622;0,512
2025;RS;São Leopoldo;4318705;0,720
2025;RS;São Luiz Gonzaga;4318903;0,495
2025;RS;São Marcos;4319000;0,341
2025;RS;São Martinho;4319109;0,740
2025;RS;São Martinho da Serra;4319125;0,994
2025;RS;São Miguel das Missões;4319158;0,420
2025;RS;São Paulo das Missões;4319307;0,467
2025;RS;São Pedro da Serra;4319356;0,784
2025;RS;São Pedro das Missões;4319364;0,553
2025;RS;São Pedro do Sul;4319406;0,715
2025;RS;São Sebastião do Caí;4319505;0,756
2025;RS;São Sepé;4319604;1,347
2025;RS;São Valério do Sul;4319737;1,090
2025;RS;Sapiranga;4319901;1,081
2025;RS;Sarandi;4320107;1,058
2025;RS;Seberi;4320206;0,796
2025;RS;Segredo;4320263;1,007
2025;RS;Serafina Corrêa;4320404;0,990
2025;RS;Sério;4320453;0,271
2025;RS;Sete de Setembro;4320578;0,824
2025;RS;Severiano de Almeida;4320602;1,304
2025;RS;Sinimbu;4320677;0,789
2025;RS;Soledade;4320800;0,466
2025;RS;Tapes;4321105;0,991
2025;RS;Taquara;4321204;0,393
2025;RS;Tavares;4321352;0,709
2025;RS;Tio Hugo;4321469;0,845
2025;RS;Torres;4321501;1,685
2025;RS;Três Arroios;4321634;1,110
2025;RS;Três Cachoeiras;4321667;0,685
2025;RS;Três Coroas;4321709;0,821
2025;RS;Três de Maio;4321808;0,342
2025;RS;Três Forquilhas;4321832;0,623
2025;RS;Triunfo;4322004;0,393
2025;RS;Tucunduva;4322103;3,571
2025;RS;Tunas;4322152;0,528
2025;RS;Tupanci do Sul;4322186;0,455
2025;RS;Tupandi;4322251;0,603
2025;RS;Turuçu;4322327;1,076
2025;RS;Ubiretama;4322343;0,610
2025;RS;Unistalda;4322376;0,552
2025;RS;Vacaria;4322509;0,652
2025;RS;Vale do Sol;4322533;0,836
2025;RS;Vale Real;4322541;0,825
2025;RS;Vanini;4322558;0,981
2025;RS;Venâncio Aires;4322608;0,926
2025;RS;Vera Cruz;4322707;1,071
2025;RS;Veranópolis;4322806;0,514
2025;RS;Vespasiano Corrêa;4322855;0,651
2025;RS;Viamão;4323002;0,946
2025;RS;Vicente Dutra;4323101;1,180
2025;RS;Victor Graeff;4323200;1,291
2025;RS;Vila Flores;4323309;0,485
2025;RS;Vila Lângaro;4323358;0,652
2025;RS;Vila Maria;4323408;0,590
2025;RS;Vila Nova do Sul;4323457;1,095
2025;RS;Vista Alegre;4323507;0,629
2025;RS;Vista Gaúcha;4323705;0,971
2025;RS;Xangri-lá;4323804;0,516
2025;MS;Água Clara;5000203;0,322
2025;MS;Anastácio;5000708;0,586
2025;MS;Angélica;5000856;0,536
2025;MS;Antônio João;5000906;0,929
2025;MS;Aral Moreira;5001243;0,459
2025;MS;Bandeirantes;5001508;0,347
2025;MS;Batayporã;5002001;0,496
2025;MS;Bela Vista;5002100;0,463
2025;MS;Bodoquena;5002159;1,002
2025;MS;Bonito;5002209;0,502
2025;MS;Brasilândia;5002308;0,711
2025;MS;Camapuã;5002605;0,745
2025;MS;Campo Grande;5002704;7,204
2025;MS;Cassilândia;5002902;9,129
2025;MS;Chapadão do Sul;5002951;0,861
2025;MS;Corguinho;5003108;0,746
2025;MS;Corumbá;5003207;0,773
2025;MS;Costa Rica;5003256;1,862
2025;MS;Dois Irmãos do Buriti;5003488;0,960
2025;MS;Douradina;5003504;0,542
2025;MS;Dourados;5003702;0,499
2025;MS;Eldorado;5003751;0,510
2025;MS;Fátima do Sul;5003801;0,715
2025;MS;Figueirão;5003900;0,278
2025;MS;Glória de Dourados;5004007;0,680
2025;MS;Itaporã;5004502;0,588
2025;MS;Juti;5005152;1,507
2025;MS;Ladário;5005202;1,821
2025;MS;Maracaju;5005400;0,356
2025;MS;Miranda;5005608;0,378
2025;MS;Nova Alvorada do Sul;5006002;0,627
2025;MS;Paraíso das Águas;5006275;1,608
2025;MS;Paranaíba;5006309;0,317
2025;MS;Paranhos;5006358;0,631
2025;MS;Pedro Gomes;5006408;0,484
2025;MS;Ponta Porã;5006606;0,634
2025;MS;Porto Murtinho;5006903;0,374
2025;MS;Ribas do Rio Pardo;5007109;0,570
2025;MS;Rio Negro;5007307;0,814
2025;MS;Rio Verde de Mato Grosso;5007406;0,509
2025;MS;São Gabriel do Oeste;5007695;0,907
2025;MS;Selvíria;5007802;3,084
2025;MS;Sidrolândia;5007901;0,903
2025;MT;Acorizal;5100102;1,096
2025;MT;Alta Floresta;5100250;0,938
2025;MT;Alto Araguaia;5100300;1,129
2025;MT;Alto Boa Vista;5100359;0,269
2025;MT;Alto Taquari;5100607;0,445
2025;MT;Apiacás;5100805;2,062
2025;MT;Araguaiana;5101001;1,929
2025;MT;Aripuanã;5101407;0,623
2025;MT;Barra do Garças;5101803;0,669
2025;MT;Boa Esperança do Norte;5101837;0,412
2025;MT;Brasnorte;5101902;1,338
2025;MT;Cáceres;5102504;2,508
2025;MT;Campinápolis;5102603;1,319
2025;MT;Campo Verde;5102678;1,152
2025;MT;Canarana;5102702;0,969
2025;MT;Castanheira;5102850;0,293
2025;MT;Chapada dos Guimarães;5103007;0,406
2025;MT;Cláudia;5103056;0,667
2025;MT;Colíder;5103205;0,608
2025;MT;Colniza;5103254;0,529
2025;MT;Cuiabá;5103403;7,716
2025;MT;Curvelândia;5103437;2,198
2025;MT;Diamantino;5103502;0,639
2025;MT;Feliz Natal;5103700;0,590
2025;MT;General Carneiro;5103908;1,322
2025;MT;Glória D'Oeste;5103957;0,820
2025;MT;Guarantã do Norte;5104104;0,817
2025;MT;Indiavaí;5104500;2,784
2025;MT;Ipiranga do Norte;5104526;0,983
2025;MT;Itanhangá;5104542;0,474
2025;MT;Jauru;5105002;1,254
2025;MT;Juara;5105101;0,537
2025;MT;Juína;5105150;0,407
2025;MT;Juruena;5105176;0,364
2025;MT;Lucas do Rio Verde;5105259;0,887
2025;MT;Luciara;5105309;0,378
2025;MT;Vila Bela da Santíssima Trindade;5105507;2,229
2025;MT;Matupá;5105606;1,499
2025;MT;Mirassol d'Oeste;5105622;0,284
2025;MT;Nobres;5105903;1,282
2025;MT;Nortelândia;5106000;0,489
2025;MT;Nova Bandeirantes;5106158;0,601
2025;MT;Nova Nazaré;5106174;0,376
2025;MT;Nova Santa Helena;5106190;0,461
2025;MT;Nova Brasilândia;5106208;1,024
2025;MT;Nova Canaã do Norte;5106216;1,054
2025;MT;Nova Mutum;5106224;0,696
2025;MT;Nova Olímpia;5106232;0,402
2025;MT;Novo Mundo;5106265;0,586
2025;MT;Novo São Joaquim;5106281;1,529
2025;MT;Paranatinga;5106307;0,529
2025;MT;Novo Santo Antônio;5106315;2,091
2025;MT;Pedra Preta;5106372;0,759
2025;MT;Poconé;5106505;0,634
2025;MT;Pontal do Araguaia;5106653;0,634
2025;MT;Ponte Branca;5106703;0,529
2025;MT;Primavera do Leste;5107040;0,567
2025;MT;São José dos Quatro Marcos;5107107;1,042
2025;MT;Reserva do Cabaçal;5107156;1,349
2025;MT;Ribeirãozinho;5107198;0,429
2025;MT;Rio Branco;5107206;0,728
2025;MT;Santa Carmem;5107248;0,268
2025;MT;São José do Povo;5107297;0,414
2025;MT;São José do Rio Claro;5107305;0,770
2025;MT;Rosário Oeste;5107701;0,706
2025;MT;Salto do Céu;5107750;0,955
2025;MT;Santa Rita do Trivelato;5107768;0,693
2025;MT;Santo Antônio do Leste;5107792;0,622
2025;MT;Sapezal;5107875;0,264
2025;MT;Sinop;5107909;0,683
2025;MT;Tapurah;5108006;0,669
2025;MT;Terra Nova do Norte;5108055;0,359
2025;MT;Várzea Grande;5108402;0,618
2025;MT;Vera;5108501;0,711
2025;MT;Nova Guarita;5108808;0,998
2025;MT;Nova Monte Verde;5108956;10,506
2025;GO;Abadia de Goiás;5200050;0,338
2025;GO;Abadiânia;5200100;0,349
2025;GO;Acreúna;5200134;0,354
2025;GO;Águas Lindas de Goiás;5200258;0,746
2025;GO;Alexânia;5200308;0,749
2025;GO;Alto Paraíso de Goiás;5200605;0,645
2025;GO;Alvorada do Norte;5200803;0,806
2025;GO;Amaralina;5200829;0,348
2025;GO;Americano do Brasil;5200852;0,691
2025;GO;Amorinópolis;5200902;0,781
2025;GO;Anicuns;5201306;0,962
2025;GO;Aparecida de Goiânia;5201405;0,488
2025;GO;Aparecida do Rio Doce;5201454;0,397
2025;GO;Aporé;5201504;0,639
2025;GO;Araçu;5201603;0,412
2025;GO;Aragoiânia;5201801;2,761
2025;GO;Arenópolis;5202353;0,814
2025;GO;Aruanã;5202502;0,580
2025;GO;Aurilândia;5202601;0,693
2025;GO;Avelinópolis;5202809;0,555
2025;GO;Bonfinópolis;5203559;0,545
2025;GO;Bonópolis;5203575;1,048
2025;GO;Britânia;5203807;1,169
2025;GO;Buriti Alegre;5203906;0,746
2025;GO;Buriti de Goiás;5203939;0,406
2025;GO;Cachoeira Alta;5204102;0,343
2025;GO;Caiapônia;5204409;0,944
2025;GO;Caldazinha;5204557;1,294
2025;GO;Campestre de Goiás;5204607;0,605
2025;GO;Campinaçu;5204656;0,672
2025;GO;Campo Alegre de Goiás;5204805;0,632
2025;GO;Campos Belos;5204904;0,611
2025;GO;Catalão;5205109;1,027
2025;GO;Caturaí;5205208;0,520
2025;GO;Cavalcante;5205307;0,978
2025;GO;Ceres;5205406;0,524
2025;GO;Cidade Ocidental;5205497;0,569
2025;GO;Colinas do Sul;5205521;0,511
2025;GO;Corumbá de Goiás;5205802;0,359
2025;GO;Corumbaíba;5205901;2,229
2025;GO;Cristalina;5206206;0,831
2025;GO;Damianópolis;5206701;0,410
2025;GO;Diorama;5207105;0,732
2025;GO;Edealina;5207352;0,572
2025;GO;Estrela do Norte;5207501;0,602
2025;GO;Faina;5207535;0,559
2025;GO;Fazenda Nova;5207600;0,700
2025;GO;Firminópolis;5207808;0,626
2025;GO;Formoso;5208103;0,648
2025;GO;Gameleira de Goiás;5208152;0,829
2025;GO;Divinópolis de Goiás;5208301;0,824
2025;GO;Goiânia;5208707;10,598
2025;GO;Goiatuba;5209101;0,974
2025;GO;Gouvelândia;5209150;1,044
2025;GO;Guapó;5209200;0,516
2025;GO;Guarani de Goiás;5209408;0,299
2025;GO;Guarinos;5209457;0,392
2025;GO;Heitoraí;5209606;0,780
2025;GO;Hidrolândia;5209705;1,089
2025;GO;Indiara;5209952;0,795
2025;GO;Ipameri;5210109;1,466
2025;GO;Itaguaru;5210604;0,417
2025;GO;Itajá;5210802;1,222
2025;GO;Itumbiara;5211503;1,202
2025;GO;Jandaia;5211701;0,524
2025;GO;Jaraguá;5211800;0,334
2025;GO;Jataí;5211909;0,671
2025;GO;Jaupaci;5212006;1,347
2025;GO;Jesúpolis;5212055;0,943
2025;GO;Jussara;5212204;0,400
2025;GO;Lagoa Santa;5212253;0,462
2025;GO;Mara Rosa;5212808;0,286
2025;GO;Matrinchã;5212956;0,810
2025;GO;Mimoso de Goiás;5213053;0,935
2025;GO;Minaçu;5213087;0,699
2025;GO;Moiporá;5213400;0,505
2025;GO;Montividiu;5213756;0,709
2025;GO;Morrinhos;5213806;0,337
2025;GO;Morro Agudo de Goiás;5213855;0,554
2025;GO;Nazário;5214408;0,845
2025;GO;Nerópolis;5214507;0,874
2025;GO;Nova América;5214705;1,514
2025;GO;Nova Aurora;5214804;0,292
2025;GO;Nova Crixás;5214838;0,373
2025;GO;Nova Glória;5214861;0,506
2025;GO;Nova Veneza;5215009;1,043
2025;GO;Novo Brasil;5215207;5,572
2025;GO;Novo Planalto;5215256;1,202
2025;GO;Orizona;5215306;0,769
2025;GO;Palestina de Goiás;5215652;0,632
2025;GO;Petrolina de Goiás;5216809;0,647
2025;GO;Piracanjuba;5217104;0,872
2025;GO;Pires do Rio;5217401;0,479
2025;GO;Planaltina;5217609;0,701
2025;GO;Porteirão;5218052;7,848
2025;GO;Rialma;5218607;0,444
2025;GO;Rubiataba;5218904;0,568
2025;GO;Sanclerlândia;5219001;0,744
2025;GO;Santa Bárbara de Goiás;5219100;2,704
2025;GO;Santa Fé de Goiás;5219258;0,970
2025;GO;Santa Isabel;5219357;0,367
2025;GO;Santa Terezinha de Goiás;5219704;0,538
2025;GO;Santo Antônio de Goiás;5219738;0,513
2025;GO;São Domingos;5219803;0,389
2025;GO;São Francisco de Goiás;5219902;0,641
2025;GO;São João d'Aliança;5220009;1,298
2025;GO;São João da Paraúna;5220058;0,700
2025;GO;São Miguel do Passa Quatro;5220264;0,724
2025;GO;São Patrício;5220280;0,400
2025;GO;Senador Canedo;5220454;1,014
2025;GO;Serranópolis;5220504;0,771
2025;GO;Simolândia;5220686;0,759
2025;GO;Taquaral de Goiás;5221007;0,976
2025;GO;Teresina de Goiás;5221080;0,501
2025;GO;Terezópolis de Goiás;5221197;0,689
2025;GO;Trombas;5221452;0,733
2025;GO;Turvânia;5221502;0,595
2025;GO;Uirapuru;5221577;0,550
2025;GO;Uruana;5221700;2,644
2025;GO;Varjão;5221908;1,081
2025;GO;Vicentinópolis;5222054;0,732
2025;GO;Vila Propício;5222302;0,419
2025;DF;Brasília;5300108;379,521
