id_ponto;UF;Município;Código IBGE;Entidade Gestora;Tipo de Ponto;Situação;Data de Cadastro
2102408-000;MA;Cajapio;2102408;Green Eletron;PEV fixo;Ativo;13/08/2019
4106902-032;PR;  Curitiba ;4106902;ABREE;PEV fixo;Ativo;10/02/2021
3550308-203;SP;Sao Paulo;3550308;ABREE;PEV fixo;Ativo;18/11/2021
4316733-000;RS;Santa Cecília do Sul;4316733;Green Eletron;Ponto de consolidação;Ativo;12/10/2021
4311130-000;RS;Jari;4311130;ABREE;PEV fixo;Ativo;07/06/2019
5212956-000;GO;Matrinchã;5212956;Green Eletron;Ponto de consolidação;Ativo;11/03/2019
4314902-025;RS;PORTO ALEGRE;4314902;Sistema individual;PEV fixo;Ativo;06/11/2020
2103000-000;MA;Caxias;2103000;ABREE;PEV fixo;Ativo;20/01/2020
3532900-011;SP;NOVA EUROPA;3532900;ABREE;PEV fixo;Inativo;14/09/2020
5209200-000;GO;Guapo;5209200;Sistema individual;PEV fixo;Ativo;02/01/2021
3157500-000;MG;Santa Efigênia de Minas;3157500;Green Eletron;Campanha itinerante;Ativo;18/12/2019
4219507-000;SC;Xanxerê;4219507;ABREE;PEV fixo;Ativo;20/07/2021
3532900-007;SP;  Nova Europa ;3532900;ABREE;PEV fixo;Ativo;14/07/2019
2610004-000;PE;PALMARES;2610004;Green Eletron;PEV fixo;Ativo;02/09/2020
1300029-001;AM;Alvarães;1300029;Green Eletron;PEV fixo;Ativo;19/08/2019
3539509-001;SP;Pitangueiras;3539509;ABREE;PEV fixo;Ativo;03/11/2020
2708600-000;AL;Sao Miguel dos Campos;2708600;Green Eletron;PEV fixo;Ativo;23/11/2020
3117702-000;MG;  Conceição do Rio Verde ;3117702;Green Eletron;PEV fixo;Ativo;25/08/2021
5006275-000;MS;PARAÍSO DAS ÁGUAS;5006275;Green Eletron;PEV fixo;Inativo;25/07/2019
3549706-000;SP;  São José do Rio Pardo ;3549706;ABREE;PEV fixo;Ativo;10/01/2021
3301108-010;RJ;Cantagalo;3301108;Green Eletron;PEV fixo;Ativo;11/05/2021
3549904-002;SP;São José dos Campos;3549904;ABREE;PEV fixo;Ativo;18/11/2020
3140852-000;MG;Matias Cardoso;3140852;Sistema individual;PEV fixo;Ativo;25/10/2020
2514651-000;PB;São José do Brejo do Cruz;2514651;ABREE;Campanha itinerante;Inativo;14/11/2019
4313904-000;RS;Panambi;4313904;ABREE;PEV fixo;Inativo;02/06/2019
2601508-000;PE;Belém de Maria;2601508;ABREE;PEV fixo;Ativo;21/05/2020
2800308-000;SE;ARACAJU;2800308;ABREE;PEV fixo;Ativo;10/07/2019
4314902-015;RS;Porto Alegre;4314902;ABREE;PEV fixo;Ativo;17/04/2020
4310207-002;RS;Ijuí;4310207;Green Eletron;PEV fixo;Ativo;05/08/2020
4202800-000;SC;  Braço do Norte ;4202800;ABREE;PEV fixo;Ativo;21/11/2020
4215687-000;SC;Santa Terezinha do Progresso;4215687;ABREE;PEV fixo;Ativo;08/06/2021
3550308-106;SP;São Paulo;3550308;ABREE;PEV fixo;Ativo;25/08/2019
2611606-022;PE;Recife;2611606;ABREE;PEV fixo;Ativo;10/04/2020
2304400-051;CE;Fortaleza;2304400;Green Eletron;PEV fixo;Ativo;02/05/2021
4307559-000;RS;Estação;4307559;ABREE;PEV fixo;Ativo;25/09/2020
3305505-001;RJ;Saquarema;3305505;Green Eletron;PEV fixo;Ativo;10/11/2021
2800308-002;SE;Aracaju;2800308;Green Eletron;PEV fixo;Ativo;13/08/2019
2302107-002;CE;Baturité;2302107;ABREE;PEV fixo;Ativo;17/01/2020
3532504-004;SP;Neves Paulista;3532504;ABREE;PEV fixo;Ativo;01/11/2021
2106102-000;MA;Loreto;2106102;Green Eletron;PEV fixo;Ativo;02/01/2019
2606903-000;PE;Iguaracy;2606903;ABREE;PEV fixo;Ativo;01/01/2019
3115474-000;MG;Catuti;3115474;ABREE;PEV fixo;Ativo;14/12/2021
2205706-000;PI;  Luís Correia ;2205706;ABREE;Ponto de consolidação;Ativo;08/02/2020
3106200-124;MG;  Belo Horizonte ;3106200;ABREE;PEV fixo;Ativo;22/04/2021
1504208-000;PA;Marabá;1504208;Green Eletron;PEV fixo;Ativo;04/04/2019
4311791-000;RS;MARATÁ;4311791;ABREE;PEV fixo;Ativo;07/01/2020
2204154-000;PI;Francisco Macedo;2204154;ABREE;PEV fixo;Ativo;21/03/2019
4121257-000;PR;Ramilândia;4121257;ABREE;PEV fixo;Ativo;23/02/2019
1505635-000;PA;Piçarra;1505635;ABREE;PEV fixo;Ativo;07/07/2021
3205309-002;ES;Vitória;3205309;ABREE;PEV fixo;Ativo;15/06/2020
2603926-000;PE;Carnaubeira da Penha;2603926;Sistema individual;Ponto de consolidação;Ativo;25/04/2021
3142601-000;MG;Monsenhor Paulo;3142601;ABREE;PEV fixo;Ativo;14/10/2019
2612109-000;PE;Salgadinho;2612109;ABREE;PEV fixo;Ativo;21/01/2019
3121001-000;MG;Datas;3121001;ABREE;PEV fixo;Ativo;11/11/2019
2927408-053;BA;Salvador;2927408;Green Eletron;Ponto de consolidação;Ativo;06/11/2020
3304557-023;RJ;Rio de Janeiro;3304557;Green Eletron;PEV fixo;Ativo;25/08/2020
1100205-004;RO;Porto Velho;1100205;ABREE;PEV fixo;Ativo;14/01/2021
3110103-000;MG;Caiana;3110103;Green Eletron;PEV fixo;Ativo;02/11/2021
4209409-000;SC;Laguna;4209409;Green Eletron;PEV fixo;Ativo;08/03/2021
3106200-038;MG;Belo Horizonte;3106200;ABREE;PEV fixo;Ativo;22/03/2020
4118006-000;PR;Paraiso do Norte;4118006;ABREE;PEV fixo;Ativo;26/11/2019
3538808-007;SP;Piraju;3538808;ABREE;PEV fixo;Ativo;19/10/2019
3550308-013;SP;São Paulo;3550308;ABREE;PEV fixo;Ativo;25/04/2019
3536505-000;SP;PAULÍNIA;3536505;ABREE;PEV fixo;Ativo;19/11/2020
3106200-046;MG;Belo Horizonte;3106200;ABREE;PEV fixo;Ativo;18/09/2020
4110805-000;PR;IRETAMA;4110805;ABREE;PEV fixo;Ativo;12/04/2021
5108501-000;MT;Vera;5108501;ABREE;PEV fixo;Ativo;22/09/2019
5300108-033;DF;Brasília;5300108;Green Eletron;PEV fixo;Ativo;06/05/2020
1709500-000;TO;Gurupi;1709500;ABREE;PEV fixo;Ativo;26/07/2020
3509452-000;SP;CAMPINA DO MONTE ALEGRE;3509452;ABREE;PEV fixo;Ativo;01/11/2019
2927408-066;BA;Salvador;2927408;ABREE;PEV fixo;Inativo;03/04/2020
2901908-001;BA;Aporá;2901908;ABREE;PEV fixo;Ativo;28/02/2021
3142205-000;MG;  Miraí ;3142205;Green Eletron;PEV fixo;Ativo;01/12/2021
4215208-000;SC;Romelândia;4215208;Green Eletron;PEV fixo;Ativo;08/12/2019
3304557-071;RJ;RIO DE JANEIRO;3304557;ABREE;Ponto de consolidação;Ativo;03/05/2021
1508209-003;PA;Vigia;1508209;Green Eletron;Campanha itinerante;Ativo;05/07/2019
3304557-085;RJ;Rio de Janeiro;3304557;ABREE;Ponto de consolidação;Ativo;02/05/2021
3532504-003;SP;Neves Paulista;3532504;ABREE;PEV fixo;Ativo;23/11/2021
4319406-000;RS;SÃO PEDRO DO SUL;4319406;ABREE;PEV fixo;Ativo;15/06/2019
5200258-000;GO;Águas Lindas de Goiás;;Green Eletron;PEV fixo;Ativo;13/10/2021
2304400-033;CE;Fortaleza;2304400;Green Eletron;PEV fixo;Ativo;04/08/2020
2111300-000;MA;SÃO LUÍS;2111300;Sistema individual;PEV fixo;Ativo;05/05/2019
2927408-068;BA;Salvador;2927408;Green Eletron;PEV fixo;Ativo;19/02/2020
5107107-000;MT;São José dos Quatro Marcos;5107107;Sistema individual;PEV fixo;Ativo;07/01/2020
3140001-000;MG;Mariana;3140001;Green Eletron;PEV fixo;Ativo;28/12/2021
3524907-000;SP;Jambeiro;3524907;Green Eletron;PEV fixo;Ativo;28/03/2020
3121001-000;MG;Datas;3121001;ABREE;PEV fixo;Ativo;11/11/2019
3301876-005;RJ;  Iguaba Grande ;3301876;Green Eletron;PEV fixo;Ativo;25/10/2021
2304400-010;CE;  Fortaleza ;2304400;Green Eletron;PEV fixo;Ativo;15/04/2019
2502102-000;PB;Boa Ventura;2502102;Green Eletron;Campanha itinerante;Ativo;17/10/2020
1704600-000;TO;Chapada de Areia;1704600;ABREE;Campanha itinerante;Ativo;19/09/2021
4118907-000;PR;Pérola;4118907;ABREE;PEV fixo;Ativo;27/01/2021
1501204-007;PA;Baião;1501204;ABREE;PEV fixo;Ativo;22/04/2021
3149309-000;MG;Pedro Leopoldo;3149309;Green Eletron;PEV fixo;Ativo;01/03/2019
2611606-015;PE;RECIFE;2611606;ABREE;PEV fixo;Ativo;28/05/2020
3300902-000;RJ;Cambuci;3300902;Green Eletron;Campanha itinerante;Ativo;18/07/2019
4106902-012;PR;Curitiba;4106902;Green Eletron;PEV fixo;Ativo;26/08/2020
3550308-228;SP;São Paulo;3550308;ABREE;PEV fixo;Ativo;26/10/2021
2920809-000;BA;Marcionílio Souza;2920809;Sistema individual;PEV fixo;Ativo;15/05/2019
2304400-047;CE;Fortaleza;2304400;Green Eletron;PEV fixo;Ativo;01/02/2020
2112852-000;MA;Vila Nova dos Martírios;2112852;ABREE;PEV fixo;Ativo;10/05/2019
2507507-006;PB;João Pessoa;2507507;ABREE;PEV fixo;Ativo;24/04/2020
4314902-027;RS;Porto Alegre;4314902;ABREE;PEV fixo;Ativo;19/06/2020
4304713-000;RS;Caraá;4304713;ABREE;Campanha itinerante;Ativo;03/10/2019
2708204-000;AL;São Brás;2708204;ABREE;PEV fixo;Ativo;03/06/2021
4309050-000;RS;GLORINHA;4309050;Green Eletron;PEV fixo;Ativo;14/05/2021
3167905-000;MG;Tabuleiro;3167905;Green Eletron;PEV fixo;Ativo;20/02/2019
5107156-000;MT;Reserva do Cabaçal;5107156;Green Eletron;PEV fixo;Ativo;08/05/2020
2210391-000;PI;São Miguel do Fidalgo;2210391;Sistema individual;PEV fixo;Ativo;04/04/2019
4205407-007;SC;Florianópolis;4205407;ABREE;PEV fixo;Ativo;22/06/2019
3550308-212;SP;São Paulo;3550308;ABREE;PEV fixo;Ativo;18/04/2021
2304400-030;CE;Fortaleza;2304400;Green Eletron;PEV fixo;Ativo;27/12/2020
3301108-001;RJ;Cantagalo;3301108;ABREE;PEV fixo;Ativo;15/08/2020
5208707-014;GO;Goiânia;5208707;Green Eletron;Ponto de consolidação;Ativo;22/05/2021
5300108-039;DF;Brasília;5300108;Green Eletron;PEV fixo;Ativo;26/09/2020
3525607-002;SP;João Ramalho;3525607;Green Eletron;PEV fixo;Ativo;11/02/2020
4200507-000;SC;Águas de Chapecó;4200507;ABREE;PEV fixo;Ativo;09/08/2019
3131802-000;MG;Itabirinha;3131802;Green Eletron;PEV fixo;Ativo;24/01/2021
3302908-003;RJ;Miguel Pereira;3302908;ABREE;PEV fixo;Ativo;11/09/2021
4314902-022;RS;PORTO ALEGRE;4314902;ABREE;PEV fixo;Ativo;28/03/2020
4205175-000;SC;Entre Rios;4205175;Green Eletron;Campanha itinerante;Ativo;16/12/2021
4205407-004;SC;FLORIANÓPOLIS;4205407;ABREE;PEV fixo;Ativo;05/11/2019
3169059-000;MG;Tocos do Moji;3169059;ABREE;Ponto de consolidação;Ativo;11/05/2021
3106200-005;MG;Belo Horizonte;3106200;ABREE;Campanha itinerante;Ativo;26/11/2020
3117801-000;MG;Conceição dos Ouros;3117801;Sistema individual;PEV fixo;Ativo;21/02/2020
3506904-002;SP;  Bofete ;3506904;Green Eletron;PEV fixo;Ativo;22/09/2021
4216008-000;SC;São Carlos;4216008;Green Eletron;PEV fixo;Ativo;07/12/2019
1702000-000;TO;Araguaçu;1702000;Green Eletron;PEV fixo;Ativo;03/10/2019
4306452-000;RS;Dois Lajeados;4306452;ABREE;PEV fixo;Ativo;18/07/2021
3547304-000;SP;Santana de Parnaíba;3547304;ABREE;PEV fixo;Ativo;28/12/2019
3549250-001;SP;São João de Iracema;3549250;ABREE;PEV fixo;Ativo;08/05/2019
3550308-244;SP;SÃO PAULO;3550308;Green Eletron;PEV fixo;Ativo;11/02/2021
3162559-000;MG;SÃO JOÃO DO MANHUAÇU;3162559;Green Eletron;PEV fixo;Ativo;04/05/2021
3110509-000;MG;Camanducaia;3110509;Green Eletron;PEV fixo;Ativo;18/03/2019
2927408-056;BA;Salvador;2927408;ABREE;PEV fixo;Ativo;13/08/2020
3550308-028;SP;São Paulo;3550308;ABREE;PEV fixo;Ativo;18/10/2019
4203105-000;SC;Caibi;4203105;ABREE;PEV fixo;Ativo;27/09/2019
1506104-000;PA;Primavera;1506104;Green Eletron;PEV fixo;Ativo;05/11/2021
2310001-000;CE;Palhano;2310001;ABREE;PEV fixo;Ativo;10/12/2020
3106200-010;MG;Belo Horizonte;3106200;ABREE;PEV fixo;Ativo;08/04/2020
3550308-055;SP;SÃO PAULO;3550308;ABREE;PEV fixo;Ativo;17/05/2019
2414456-000;RN;Triunfo Potiguar;2414456;ABREE;Ponto de consolidação;Ativo;28/06/2020
4314902-075;RS;PORTO ALEGRE;4314902;Green Eletron;Campanha itinerante;Ativo;24/02/2021
3302403-007;RJ;Macaé;3302403;Green Eletron;PEV fixo;Ativo;16/05/2020
3522000-000;SP;Itaju;3522000;Green Eletron;PEV fixo;Ativo;21/09/2021
4117701-000;PR;Palmeira;4117701;ABREE;PEV fixo;Ativo;22/01/2021
2205359-000;PI;JOÃO COSTA;2205359;ABREE;PEV fixo;Ativo;03/04/2020
1501402-002;PA;Belem;1501402;ABREE;Campanha itinerante;Ativo;14/01/2020
1718840-000;TO;Sandolândia;1718840;ABREE;PEV fixo;Ativo;15/01/2019
2304400-062;CE;Fortaleza;2304400;Green Eletron;PEV fixo;Ativo;10/10/2021
3300159-000;RJ;  Aperibé ;;Green Eletron;PEV fixo;Ativo;11/05/2019
2111300-016;MA;São Luís;2111300;Green Eletron;PEV fixo;Ativo;03/01/2019
3550308-079;SP;São Paulo;3550308;Green Eletron;PEV fixo;Ativo;10/06/2019
4207403-000;SC;Imbuia;4207403;Green Eletron;PEV fixo;Ativo;19/04/2020
2515906-000;PB;Serraria;2515906;Green Eletron;PEV fixo;Ativo;07/08/2021
3515905-000;SP;Floreal;3515905;ABREE;Campanha itinerante;Inativo;04/01/2020
3550308-065;SP;São Paulo;3550308;ABREE;PEV fixo;Ativo;01/11/2019
2927408-044;BA;SALVADOR;2927408;ABREE;Ponto de consolidação;Ativo;02/08/2020
5208707-015;GO;GOIÂNIA;5208707;ABREE;PEV fixo;Ativo;11/06/2021
4106902-001;PR;CURITIBA;4106902;Green Eletron;PEV fixo;Ativo;16/03/2020
3555109-001;SP;Tupi Paulista;3555109;ABREE;PEV fixo;Inativo;15/12/2020
4313060-000;RS;Nova Hartz;4313060;Green Eletron;PEV fixo;Ativo;25/02/2020
3116407-000;MG;Claraval;3116407;ABREE;PEV fixo;Ativo;12/05/2020
1500347-000;PA;Agua Azul do Norte;1500347;Green Eletron;PEV fixo;Ativo;20/01/2019
2706505-000;AL;Passo de Camaragibe;2706505;Green Eletron;PEV fixo;Ativo;17/12/2021
4318507-000;RS;São José do Norte;4318507;ABREE;PEV fixo;Ativo;19/02/2019
3123304-000;MG;DORES DO TURVO;3123304;Green Eletron;PEV fixo;Ativo;07/01/2020
2919009-000;BA;Lajedinho;2919009;ABREE;Ponto de consolidação;Ativo;23/02/2019
3106200-111;MG;  Belo Horizonte ;3106200;ABREE;PEV fixo;Ativo;07/05/2021
3550308-090;SP;São Paulo;3550308;Sistema individual;PEV fixo;Ativo;23/07/2019
2930105-000;BA;SENHOR DO BONFIM;2930105;ABREE;Campanha itinerante;Ativo;18/01/2021
2305357-000;CE;Icapui;2305357;Green Eletron;PEV fixo;Ativo;24/09/2020
5300108-050;DF;Brasília;5300108;Green Eletron;PEV fixo;Ativo;22/03/2020
2507507-004;PB;João Pessoa;2507507;Green Eletron;PEV fixo;Ativo;02/02/2019
3303302-004;RJ;Niterói;3303302;ABREE;Campanha itinerante;Ativo;06/10/2020
2111300-060;MA;São Luís;2111300;ABREE;PEV fixo;Ativo;12/06/2021
3525201-006;SP;Jarinu;3525201;ABREE;PEV fixo;Ativo;22/11/2021
3205309-003;ES;  Vitória ;3205309;Green Eletron;PEV fixo;Ativo;27/09/2020
4115457-005;PR;Marquinho;4115457;Green Eletron;PEV fixo;Ativo;22/04/2021
4314902-039;RS;Porto Alegre;4314902;Green Eletron;PEV fixo;Ativo;12/11/2020
4205407-030;SC;Florianópolis;4205407;Green Eletron;PEV fixo;Ativo;14/02/2020
5300108-055;DF;Brasilia;5300108;Green Eletron;PEV fixo;Ativo;05/05/2021
4103040-000;PR;BOA VENTURA DE SÃO ROQUE;4103040;ABREE;PEV fixo;Ativo;18/11/2019
1501725-000;PA;Brasil Novo;1501725;ABREE;PEV fixo;Ativo;21/08/2021
2304400-026;CE;Fortaleza;2304400;ABREE;PEV fixo;Ativo;06/05/2019
3532504-000;SP;NEVES PAULISTA;3532504;Green Eletron;PEV fixo;Ativo;23/09/2020
3550308-021;SP;  São Paulo ;3550308;ABREE;PEV fixo;Ativo;09/05/2019
3538808-017;SP;Piraju;3538808;Sistema individual;PEV fixo;Ativo;20/03/2020
4117255-000;PR;Nova Prata do Iguaçu;4117255;ABREE;PEV fixo;Ativo;07/12/2020
2304400-034;CE;Fortaleza;2304400;Green Eletron;PEV fixo;Ativo;21/01/2020
3304557-046;RJ;Rio de Janeiro;3304557;ABREE;Campanha itinerante;Ativo;24/02/2020
3529708-001;SP;Miguelopolis;3529708;Green Eletron;PEV fixo;Ativo;06/11/2021
3148509-000;MG;Pavão;3148509;Green Eletron;PEV fixo;Ativo;17/11/2021
3106200-134;MG;Belo Horizonte;3106200;Green Eletron;PEV fixo;Ativo;01/04/2021
3304557-037;RJ;  Rio de Janeiro ;3304557;Green Eletron;Ponto de consolidação;Ativo;23/12/2020
2304400-005;CE;Fortaleza;2304400;ABREE;PEV fixo;Ativo;08/01/2019
2605806-002;PE;Frei Miguelinho;2605806;Green Eletron;PEV fixo;Ativo;04/12/2019
1100205-001;RO;Porto Velho;1100205;Green Eletron;PEV fixo;Ativo;04/08/2020
1707702-000;TO;FILADÉLFIA;1707702;ABREE;PEV fixo;Ativo;13/10/2021
2613602-000;PE;São José do Egito;2613602;ABREE;PEV fixo;Ativo;02/02/2021
4322533-000;RS;VALE DO SOL;4322533;ABREE;PEV fixo;Ativo;18/06/2021
2306900-000;CE;JAGUARIBE;2306900;ABREE;PEV fixo;Ativo;05/02/2019
2923605-000;BA;Paramirim;2923605;Green Eletron;PEV fixo;Ativo;26/05/2019
2611606-041;PE;RECIFE;2611606;ABREE;PEV fixo;Ativo;13/09/2021
3101409-000;MG;Albertina;3101409;Green Eletron;PEV fixo;Ativo;04/08/2019
2105153-000;MA;Igarapé do Meio;2105153;Sistema individual;PEV fixo;Ativo;03/02/2019
2604502-000;PE;CHÃ GRANDE;2604502;Green Eletron;PEV fixo;Ativo;06/06/2021
3532900-010;SP;Nova Europa;3532900;Green Eletron;PEV fixo;Ativo;10/03/2020
2918209-000;BA;Jiquiriçá;2918209;Green Eletron;PEV fixo;Ativo;24/07/2021
2303303-000;CE;Cariús;2303303;ABREE;Ponto de consolidação;Ativo;08/07/2019
2304251-005;CE;Cruz;2304251;ABREE;PEV fixo;Ativo;05/12/2020
4211603-000;SC;Nova Veneza;4211603;Green Eletron;PEV fixo;Ativo;03/10/2019
3550308-220;SP;São Paulo;3550308;ABREE;PEV fixo;Ativo;02/06/2021
3136009-000;MG;Joaíma;3136009;ABREE;PEV fixo;Ativo;08/07/2021
4309100-000;RS;Gramado;4309100;Green Eletron;PEV fixo;Ativo;05/03/2021
2922656-003;BA;NORDESTINA;2922656;Green Eletron;PEV fixo;Ativo;08/01/2020
2314102-000;CE;Viçosa do Ceará;2314102;Green Eletron;PEV fixo;Ativo;28/10/2019
3550308-007;SP;Sao Paulo;3550308;Green Eletron;PEV fixo;Ativo;16/12/2019
3304557-024;RJ;Rio de Janeiro;3304557;ABREE;Ponto de consolidação;Ativo;12/01/2020
2111300-032;MA;SÃO LUÍS;2111300;Green Eletron;PEV fixo;Ativo;23/03/2020
3106200-136;MG;BELO HORIZONTE;3106200;Green Eletron;PEV fixo;Ativo;08/10/2021
4314902-011;RS;PORTO ALEGRE;4314902;ABREE;PEV fixo;Ativo;28/07/2020
2411908-000;RN;  São Francisco do Oeste ;2411908;ABREE;PEV fixo;Ativo;25/12/2020
3527108-000;SP;  Lins ;3527108;ABREE;PEV fixo;Ativo;25/04/2019
3550308-241;SP;  São Paulo ;3550308;Sistema individual;PEV fixo;Ativo;19/03/2021
4314902-021;RS;PORTO ALEGRE;4314902;Green Eletron;PEV fixo;Ativo;07/02/2020
2507507-008;PB;João Pessoa;2507507;ABREE;PEV fixo;Ativo;17/11/2021
3533908-001;SP;Olímpia;3533908;ABREE;PEV fixo;Ativo;22/09/2021
3538808-008;SP;Piraju;3538808;ABREE;PEV fixo;Ativo;09/11/2019
3550308-162;SP;Sao Paulo;3550308;ABREE;PEV fixo;Ativo;12/06/2020
4306320-000;RS;Derrubadas;4306320;Green Eletron;PEV fixo;Ativo;11/05/2019
2913705-000;BA;INHAMBUPE;2913705;ABREE;PEV fixo;Ativo;24/04/2020
1300805-000;AM;Borba;1300805;Green Eletron;PEV fixo;Ativo;09/04/2021
2104628-000;MA;Governador Luiz Rocha;2104628;Sistema individual;PEV fixo;Ativo;20/02/2021
2304400-057;CE;Fortaleza;2304400;Green Eletron;PEV fixo;Ativo;26/09/2021
3304557-111;RJ;RIO DE JANEIRO;3304557;ABREE;PEV fixo;Ativo;12/10/2021
2914208-000;BA;IRAJUBA;2914208;ABREE;PEV fixo;Ativo;11/11/2020
3550308-001;SP;SÃO PAULO;3550308;ABREE;PEV fixo;Ativo;10/12/2019
2616183-000;PE;Vertente do Lério;2616183;Sistema individual;PEV fixo;Ativo;19/06/2019
2500536-000;PB;Alcantil;2500536;ABREE;PEV fixo;Ativo;02/09/2019
2307106-000;CE;Jardim;2307106;Sistema individual;PEV fixo;Ativo;14/01/2020
2112209-000;MA;Timon;2112209;ABREE;PEV fixo;Ativo;28/09/2021
2801900-000;SE;Cumbe;2801900;Sistema individual;PEV fixo;Ativo;03/11/2021
2506608-000;PB;Ibiara;2506608;ABREE;PEV fixo;Ativo;08/09/2020
3532009-006;SP;Morungaba;3532009;Green Eletron;PEV fixo;Ativo;14/09/2020
3550308-179;SP;Sao Paulo;3550308;Green Eletron;PEV fixo;Ativo;11/02/2021
2413607-000;RN;SEVERIANO MELO;2413607;Sistema individual;Ponto de consolidação;Ativo;15/03/2020
2806800-000;SE;SÃO DOMINGOS;2806800;Green Eletron;Ponto de consolidação;Ativo;25/01/2019
3305307-011;RJ;SÃO SEBASTIÃO DO ALTO;3305307;Green Eletron;PEV fixo;Ativo;05/11/2021
3524402-002;SP;JACAREÍ;3524402;ABREE;PEV fixo;Ativo;24/11/2021
3106200-035;MG;Belo Horizonte;3106200;ABREE;Ponto de consolidação;Ativo;27/06/2020
3106200-144;MG;Belo Horizonte;;Green Eletron;PEV fixo;Ativo;26/06/2021
3550308-111;SP;São Paulo;3550308;ABREE;PEV fixo;Ativo;18/01/2020
2501351-000;PB;  Assunção ;2501351;Green Eletron;PEV fixo;Ativo;12/05/2020
3305406-003;RJ;  Sapucaia ;3305406;ABREE;PEV fixo;Ativo;21/02/2021
4207304-000;SC;Imbituba;4207304;Green Eletron;Ponto de consolidação;Ativo;02/01/2020
3305307-010;RJ;Sao Sebastiao do Alto;3305307;ABREE;PEV fixo;Ativo;10/03/2021
4115457-003;PR;Marquinho;4115457;ABREE;PEV fixo;Ativo;11/11/2020
3546009-005;SP;Santa Branca;3546009;Green Eletron;Campanha itinerante;Ativo;03/12/2021
3550308-180;SP;São Paulo;3550308;ABREE;PEV fixo;Inativo;23/04/2021
3304557-074;RJ;Rio de Janeiro;3304557;ABREE;Ponto de consolidação;Ativo;19/05/2021
3106200-051;MG;Belo Horizonte;3106200;ABREE;PEV fixo;Ativo;28/02/2020
3549508-005;SP;SÃO JOSÉ DA BELA VISTA;3549508;Sistema individual;PEV fixo;Ativo;03/03/2021
1302603-002;AM;MANAUS;1302603;Green Eletron;PEV fixo;Ativo;16/04/2019
4303202-000;RS;Cacique Doble;4303202;ABREE;PEV fixo;Ativo;11/04/2021
3550308-084;SP;São Paulo;;Green Eletron;PEV fixo;Ativo;20/04/2019
4205407-018;SC;Florianópolis;4205407;Green Eletron;PEV fixo;Ativo;28/10/2019
5103403-006;MT;Cuiabá;5103403;Green Eletron;PEV fixo;Ativo;05/12/2021
3550308-201;SP;São Paulo;3550308;Green Eletron;PEV fixo;Ativo;22/03/2021
3304557-057;RJ;RIO DE JANEIRO;3304557;Green Eletron;PEV fixo;Ativo;07/11/2020
2910909-000;BA;  Firmino Alves ;2910909;Green Eletron;PEV fixo;Ativo;10/01/2020
3106200-096;MG;BELO HORIZONTE;3106200;Green Eletron;PEV fixo;Ativo;19/08/2021
4314902-009;RS;Porto Alegre;4314902;ABREE;PEV fixo;Ativo;11/02/2020
2915700-000;BA;ITAMARI;2915700;Green Eletron;Ponto de consolidação;Ativo;06/01/2019
4103156-000;PR;Bom Jesus do Sul;4103156;ABREE;PEV fixo;Ativo;17/07/2021
3104403-000;MG;Argirita;3104403;Green Eletron;PEV fixo;Ativo;10/02/2020
4106902-006;PR;Curitiba;4106902;ABREE;Campanha itinerante;Ativo;06/07/2020
3106200-042;MG;BELO HORIZONTE;3106200;ABREE;PEV fixo;Ativo;28/05/2020
3527801-002;SP;Lupércio;3527801;Green Eletron;PEV fixo;Ativo;18/02/2021
2508000-000;PB;JURU;2508000;ABREE;PEV fixo;Ativo;18/06/2020
2903235-000;BA;Barro Alto;2903235;Green Eletron;PEV fixo;Ativo;14/10/2021
3168309-000;MG;Taquaraçu de Minas;3168309;ABREE;Campanha itinerante;Ativo;24/12/2019
3305752-005;RJ;Tanguá;3305752;ABREE;PEV fixo;Ativo;06/02/2021
2704302-006;AL;Maceio;2704302;Green Eletron;PEV fixo;Ativo;12/07/2021
3550308-068;SP;São Paulo;3550308;Green Eletron;PEV fixo;Ativo;27/07/2019
3106200-137;MG;Belo Horizonte;3106200;Green Eletron;PEV fixo;Ativo;28/02/2021
4314902-037;RS;PORTO ALEGRE;4314902;Green Eletron;PEV fixo;Ativo;02/02/2020
3301405-006;RJ;Conceição de Macabu;3301405;ABREE;PEV fixo;Ativo;11/03/2021
5300108-016;DF;  Brasília ;5300108;Green Eletron;PEV fixo;Ativo;05/01/2019
3550308-233;SP;São Paulo;3550308;Green Eletron;PEV fixo;Ativo;08/12/2021
2303808-000;CE;Cedro;2303808;ABREE;PEV fixo;Ativo;17/11/2019
4314902-058;RS;PORTO ALEGRE;;Green Eletron;PEV fixo;Ativo;09/08/2021
3106200-055;MG;  Belo Horizonte ;3106200;Green Eletron;PEV fixo;Ativo;03/04/2020
3305752-000;RJ;TANGUÁ;3305752;Green Eletron;PEV fixo;Ativo;20/03/2020
3550308-232;SP;São Paulo;3550308;Green Eletron;Ponto de consolidação;Ativo;28/09/2021
1100304-000;RO;VILHENA;1100304;Green Eletron;Campanha itinerante;Ativo;07/07/2019
2104057-000;MA;Estreito;2104057;Green Eletron;PEV fixo;Ativo;05/01/2021
3550308-156;SP;São Paulo;3550308;Green Eletron;PEV fixo;Ativo;18/11/2020
2205003-000;PI;Itainopolis;2205003;ABREE;PEV fixo;Ativo;21/05/2021
3304557-033;RJ;Rio de Janeiro;3304557;Green Eletron;Ponto de consolidação;Ativo;18/10/2020
4309308-000;RS;Guaíba;4309308;ABREE;PEV fixo;Ativo;07/10/2019
2101731-000;MA;Belágua;2101731;ABREE;PEV fixo;Ativo;19/08/2020
3550308-032;SP;SÃO PAULO;3550308;ABREE;PEV fixo;Ativo;19/10/2019
3106200-043;MG;Belo Horizonte;3106200;Green Eletron;PEV fixo;Ativo;13/09/2020
3304557-066;RJ;Rio de Janeiro;3304557;ABREE;PEV fixo;Ativo;01/01/2020
4318051-000;RS;Sao Domingos do Sul;4318051;ABREE;PEV fixo;Ativo;13/12/2020
3304524-000;RJ;Rio das Ostras;3304524;Green Eletron;PEV fixo;Ativo;11/03/2019
3106200-099;MG;Belo Horizonte;3106200;Sistema individual;PEV fixo;Ativo;06/03/2021
4128401-002;PR;  Uraí ;4128401;ABREE;PEV fixo;Ativo;22/01/2021
3515608-000;SP;Fernando Prestes;3515608;ABREE;PEV fixo;Ativo;12/05/2020
4208005-000;SC;ITÁ;4208005;ABREE;Ponto de consolidação;Ativo;21/04/2019
3548005-000;SP;Santo Antônio de Posse;3548005;ABREE;PEV fixo;Ativo;08/03/2021
3549508-000;SP;SÃO JOSÉ DA BELA VISTA;3549508;ABREE;PEV fixo;Ativo;05/10/2019
2905305-000;BA;Cafarnaum;2905305;ABREE;PEV fixo;Ativo;21/12/2019
1501402-010;PA;BELÉM;1501402;ABREE;PEV fixo;Ativo;10/05/2020
2111300-033;MA;Sao Luis;2111300;Green Eletron;PEV fixo;Ativo;13/10/2020
4123402-000;PR;Santa Fé;4123402;Sistema individual;PEV fixo;Ativo;13/12/2019
1505700-000;PA;PONTA DE PEDRAS;1505700;ABREE;PEV fixo;Ativo;04/10/2021
3130408-000;MG;IJACI;3130408;ABREE;Ponto de consolidação;Ativo;06/04/2020
3304557-042;RJ;RIO DE JANEIRO;3304557;Green Eletron;PEV fixo;Ativo;24/02/2020
3507803-000;SP;Brodowski;3507803;ABREE;PEV fixo;Ativo;20/07/2020
3119906-000;MG;Córrego do Bom Jesus;3119906;Green Eletron;PEV fixo;Ativo;25/04/2019
4106902-010;PR;Curitiba;4106902;ABREE;PEV fixo;Ativo;25/03/2020
5105606-000;MT;  Matupá ;5105606;ABREE;PEV fixo;Ativo;08/10/2020
2300705-006;CE;Alto Santo;2300705;ABREE;PEV fixo;Ativo;17/07/2021
4302303-000;RS;Bom Jesus;4302303;Green Eletron;Ponto de consolidação;Ativo;15/06/2020
2601706-000;PE;Belo Jardim;2601706;ABREE;PEV fixo;Ativo;13/07/2020
2602902-006;PE;Cabo de Santo Agostinho;2602902;Green Eletron;PEV fixo;Ativo;04/10/2021
2304400-063;CE;Fortaleza;2304400;ABREE;PEV fixo;Ativo;15/05/2021
5103502-000;MT;Diamantino;5103502;Green Eletron;PEV fixo;Ativo;27/03/2019
2709004-000;AL;Tanque d'Arca;2709004;Sistema individual;PEV fixo;Ativo;23/10/2019
2304400-065;CE;Fortaleza;2304400;Green Eletron;Ponto de consolidação;Ativo;28/07/2021
1100205-003;RO;Porto Velho;1100205;Green Eletron;PEV fixo;Ativo;28/12/2020
2902708-000;BA;Barra;2902708;ABREE;PEV fixo;Ativo;02/04/2020
4320206-000;RS;Seberi;4320206;Green Eletron;PEV fixo;Ativo;11/06/2019
4101804-000;PR;Araucária;4101804;ABREE;Campanha itinerante;Ativo;12/12/2021
2927408-051;BA;Salvador;2927408;ABREE;Campanha itinerante;Ativo;05/07/2020
3304557-112;RJ;RIO DE JANEIRO;3304557;ABREE;PEV fixo;Ativo;19/02/2021
5007406-000;MS;  Rio Verde de Mato Grosso ;5007406;Green Eletron;PEV fixo;Ativo;21/12/2021
3532306-005;SP;Natividade da Serra;3532306;Sistema individual;PEV fixo;Ativo;11/01/2021
1501303-000;PA;Barcarena;1501303;ABREE;PEV fixo;Ativo;19/07/2021
3304557-025;RJ;Rio de Janeiro;3304557;Green Eletron;PEV fixo;Ativo;12/10/2020
3304508-003;RJ;Rio das Flores;3304508;ABREE;PEV fixo;Ativo;12/01/2020
2304400-016;CE;Fortaleza;2304400;Green Eletron;PEV fixo;Ativo;09/01/2019
1101450-000;RO;Parecis;1101450;ABREE;PEV fixo;Ativo;03/08/2021
3305505-000;RJ;Saquarema;;Sistema individual;PEV fixo;Ativo;02/04/2021
5105150-000;MT;Juína;5105150;Green Eletron;PEV fixo;Ativo;27/06/2021
3526803-005;SP;Lencois Paulista;3526803;ABREE;PEV fixo;Ativo;28/01/2021
4319125-000;RS;São Martinho da Serra;4319125;ABREE;PEV fixo;Ativo;03/04/2019
2919900-000;BA;Macururé;2919900;ABREE;PEV fixo;Ativo;08/01/2020
3152204-000;MG;Porteirinha;;ABREE;PEV fixo;Ativo;15/08/2020
2906006-000;BA;Campo Formoso;2906006;ABREE;PEV fixo;Ativo;17/12/2019
3550308-091;SP;Sao Paulo;3550308;Green Eletron;PEV fixo;Ativo;25/08/2019
4311270-000;RS;Lagoa dos Três Cantos;4311270;ABREE;PEV fixo;Ativo;18/12/2021
3301207-000;RJ;Carmo;3301207;Green Eletron;PEV fixo;Ativo;16/10/2020
1302603-003;AM;MANAUS;1302603;Green Eletron;PEV fixo;Ativo;24/08/2019
2911659-000;BA;Guajeru;2911659;Green Eletron;PEV fixo;Ativo;11/11/2020
3550308-112;SP;São Paulo;3550308;Sistema individual;Campanha itinerante;Ativo;21/03/2020
2203305-000;PI;Demerval Lobão;2203305;ABREE;PEV fixo;Ativo;15/06/2020
5207808-000;GO;  Firminópolis ;5207808;Green Eletron;PEV fixo;Ativo;08/03/2019
5300108-072;DF;  Brasília ;5300108;Green Eletron;PEV fixo;Ativo;28/09/2021
2614105-002;PE;Sertania;2614105;Green Eletron;PEV fixo;Ativo;01/04/2021
3550308-011;SP;São Paulo;3550308;Sistema individual;PEV fixo;Ativo;27/06/2019
3520608-000;SP;Indiana;3520608;Sistema individual;Ponto de consolidação;Ativo;23/06/2020
2800100-000;SE;  Amparo de São Francisco ;2800100;ABREE;PEV fixo;Ativo;16/02/2019
5300108-012;DF;Brasilia;5300108;ABREE;PEV fixo;Ativo;26/04/2019
3304557-068;RJ;Rio de Janeiro;3304557;ABREE;Ponto de consolidação;Ativo;25/02/2021
2616001-000;PE;VENTUROSA;2616001;ABREE;PEV fixo;Ativo;21/11/2020
3550308-155;SP;Sao Paulo;3550308;ABREE;Campanha itinerante;Ativo;02/11/2020
3303302-000;RJ;NITERÓI;3303302;Green Eletron;PEV fixo;Ativo;11/10/2020
4115457-001;PR;Marquinho;4115457;Green Eletron;PEV fixo;Ativo;09/10/2019
5217104-000;GO;Piracanjuba;5217104;Green Eletron;PEV fixo;Ativo;03/01/2021
3106200-140;MG;Belo Horizonte;3106200;Sistema individual;PEV fixo;Ativo;20/01/2021
1703883-000;TO;Carmolândia;1703883;ABREE;PEV fixo;Ativo;13/12/2021
2927408-052;BA;Salvador;2927408;Green Eletron;PEV fixo;Ativo;21/11/2020
4103800-000;PR;Cambira;4103800;Green Eletron;PEV fixo;Ativo;28/01/2019
4106902-013;PR;  Curitiba ;4106902;ABREE;PEV fixo;Ativo;11/01/2020
2927408-050;BA;Salvador;2927408;ABREE;Ponto de consolidação;Ativo;03/08/2020
1508209-004;PA;Vigia;1508209;Green Eletron;PEV fixo;Ativo;22/06/2020
3305752-002;RJ;Tangua;3305752;Sistema individual;PEV fixo;Ativo;17/04/2020
4127908-000;PR;Tuneiras do Oeste;4127908;Green Eletron;Campanha itinerante;Ativo;06/03/2019
2300705-007;CE;ALTO SANTO;2300705;Sistema individual;PEV fixo;Ativo;28/11/2021
3106200-155;MG;BELO HORIZONTE;3106200;Green Eletron;PEV fixo;Ativo;14/05/2021
3171709-000;MG;Virgínia;3171709;Green Eletron;PEV fixo;Ativo;27/04/2021
3550308-076;SP;SÃO PAULO;3550308;Green Eletron;PEV fixo;Ativo;14/08/2019
4314902-006;RS;Porto Alegre;4314902;ABREE;Campanha itinerante;Ativo;18/02/2020
3301108-003;RJ;CANTAGALO;3301108;Sistema individual;PEV fixo;Ativo;17/09/2020
2210938-000;PI;SUSSUAPARA;2210938;Green Eletron;PEV fixo;Ativo;12/04/2020
2927101-000;BA;RODELAS;2927101;Green Eletron;PEV fixo;Ativo;25/07/2020
5108956-001;MT;NOVA MONTE VERDE;5108956;ABREE;PEV fixo;Ativo;23/01/2020
2311009-000;CE;Poranga;2311009;Green Eletron;PEV fixo;Ativo;13/07/2021
3550308-132;SP;São Paulo;3550308;ABREE;PEV fixo;Ativo;07/02/2020
3538808-015;SP;PIRAJU;3538808;Sistema individual;Campanha itinerante;Ativo;07/09/2020
3550308-008;SP;SÃO PAULO;3550308;Sistema individual;PEV fixo;Ativo;07/10/2019
2610301-001;PE;PARANATAMA;2610301;Green Eletron;PEV fixo;Ativo;02/06/2020
3111150-000;MG;Campo Azul;3111150;ABREE;PEV fixo;Ativo;27/12/2021
1302603-007;AM;MANAUS;1302603;ABREE;PEV fixo;Ativo;05/03/2021
4321352-000;RS;Tavares;4321352;ABREE;PEV fixo;Ativo;21/01/2020
2111300-006;MA;  São Luís ;2111300;ABREE;PEV fixo;Ativo;28/05/2019
3547908-001;SP;Santo Antônio da Alegria;3547908;ABREE;PEV fixo;Ativo;26/12/2020
3546009-004;SP;Santa Branca;3546009;Green Eletron;PEV fixo;Ativo;04/01/2021
3147600-000;MG;  Passa Quatro ;3147600;Green Eletron;PEV fixo;Ativo;17/02/2021
5300108-034;DF;BRASÍLIA;5300108;Green Eletron;PEV fixo;Ativo;03/10/2020
1508126-000;PA;Ulianópolis;1508126;Green Eletron;PEV fixo;Ativo;02/06/2019
2300606-001;CE;Altaneira;2300606;ABREE;PEV fixo;Ativo;15/10/2021
3106200-135;MG;  Belo Horizonte ;3106200;Sistema individual;PEV fixo;Ativo;18/08/2021
1721000-002;TO;Palmas;1721000;ABREE;PEV fixo;Ativo;01/03/2019
2933505-000;BA;WENCESLAU GUIMARÃES;2933505;ABREE;Ponto de consolidação;Ativo;16/01/2020
3138625-000;MG;Limeira do Oeste;3138625;ABREE;PEV fixo;Ativo;26/03/2019
2919801-000;BA;MACAÚBAS;2919801;Green Eletron;PEV fixo;Ativo;08/03/2019
5200134-000;GO;Acreúna;5200134;Green Eletron;PEV fixo;Ativo;28/02/2019
3304557-075;RJ;RIO DE JANEIRO;3304557;Green Eletron;PEV fixo;Ativo;08/09/2021
3530102-001;SP;Mirandopolis;3530102;ABREE;PEV fixo;Ativo;27/10/2020
4106902-014;PR;Curitiba;4106902;ABREE;PEV fixo;Ativo;04/08/2020
3550308-235;SP;SÃO PAULO;3550308;Green Eletron;PEV fixo;Inativo;27/11/2021
3532900-017;SP;Nova Europa;3532900;ABREE;Campanha itinerante;Ativo;05/08/2021
2507507-001;PB;Joao Pessoa;2507507;ABREE;PEV fixo;Ativo;25/05/2019
2601003-000;PE;Angelim;2601003;ABREE;PEV fixo;Ativo;13/04/2019
3529708-001;SP;Miguelopolis;3529708;Green Eletron;PEV fixo;Ativo;06/11/2021
3304557-036;RJ;Rio de Janeiro;3304557;Green Eletron;PEV fixo;Ativo;17/02/2020
3550308-188;SP;São Paulo;3550308;ABREE;PEV fixo;Ativo;05/11/2021
4205407-037;SC;  Florianópolis ;4205407;ABREE;PEV fixo;Ativo;26/09/2020
3165909-000;MG;Senador Modestino Goncalves;3165909;Sistema individual;PEV fixo;Ativo;27/03/2019
2800308-010;SE;Aracaju;2800308;Green Eletron;Ponto de consolidação;Ativo;12/10/2020
2705200-000;AL;MESSIAS;2705200;ABREE;PEV fixo;Ativo;14/12/2019
3544004-001;SP;Rio das Pedras;3544004;Green Eletron;PEV fixo;Ativo;24/03/2020
3552106-000;SP;Socorro;3552106;ABREE;PEV fixo;Ativo;17/04/2020
2111003-000;MA;São João Batista;2111003;Green Eletron;PEV fixo;Ativo;13/06/2021
3508306-001;SP;CABRÁLIA PAULISTA;3508306;ABREE;PEV fixo;Ativo;15/01/2020
5002704-000;MS;Campo Grande;5002704;ABREE;PEV fixo;Ativo;06/10/2020
3136579-000;MG;Josenópolis;3136579;ABREE;Ponto de consolidação;Ativo;28/06/2020
3542602-000;SP;Registro;3542602;Green Eletron;PEV fixo;Ativo;07/04/2019
4121752-000;PR;RESERVA DO IGUAÇU;4121752;Green Eletron;PEV fixo;Ativo;18/02/2021
2111300-056;MA;São Luís;2111300;Green Eletron;PEV fixo;Ativo;10/03/2021
1713700-000;TO;Monte Santo do Tocantins;1713700;Green Eletron;PEV fixo;Ativo;04/04/2020
2927408-038;BA;Salvador;2927408;Green Eletron;PEV fixo;Ativo;05/02/2019
4304622-000;RS;Capao Bonito do Sul;4304622;Green Eletron;Campanha itinerante;Ativo;15/01/2019
3550308-163;SP;São Paulo;3550308;ABREE;PEV fixo;Ativo;18/04/2020
2414001-000;RN;Tangara;2414001;Green Eletron;PEV fixo;Ativo;01/11/2021
3532306-006;SP;Natividade da Serra;3532306;ABREE;PEV fixo;Ativo;01/07/2021
3536109-000;SP;Pardinho;3536109;ABREE;PEV fixo;Ativo;24/09/2021
3106200-154;MG;BELO HORIZONTE;3106200;ABREE;PEV fixo;Ativo;02/02/2021
2902658-000;BA;Banzaê;2902658;ABREE;PEV fixo;Ativo;26/12/2021
1718006-000;TO;Porto Alegre do Tocantins;1718006;Green Eletron;PEV fixo;Ativo;07/05/2020
5215207-002;GO;  Novo Brasil ;5215207;Sistema individual;PEV fixo;Ativo;01/12/2019
1501402-008;PA;BELÉM;1501402;Green Eletron;PEV fixo;Ativo;18/10/2020
4128401-001;PR;Urai;4128401;ABREE;PEV fixo;Ativo;07/01/2020
4102307-000;PR;Balsa Nova;4102307;ABREE;PEV fixo;Ativo;16/08/2019
1502707-000;PA;Conceição do Araguaia;1502707;ABREE;PEV fixo;Ativo;23/04/2019
3550308-219;SP;São Paulo;3550308;ABREE;Ponto de consolidação;Ativo;16/06/2021
3304557-099;RJ;Rio de Janeiro;3304557;Green Eletron;Campanha itinerante;Ativo;26/10/2021
3550308-196;SP;  São Paulo ;3550308;ABREE;PEV fixo;Ativo;10/08/2021
3525201-007;SP;JARINU;3525201;ABREE;PEV fixo;Ativo;15/05/2021
3108602-000;MG;BRASÍLIA DE MINAS;3108602;ABREE;PEV fixo;Ativo;22/04/2021
3550308-207;SP;São Paulo;3550308;ABREE;PEV fixo;Ativo;01/03/2021
2902005-000;BA;ARACATU;2902005;ABREE;PEV fixo;Ativo;17/06/2020
3302106-000;RJ;Itaocara;3302106;Sistema individual;PEV fixo;Ativo;27/12/2020
2804458-000;SE;NOSSA SENHORA APARECIDA;2804458;Green Eletron;PEV fixo;Ativo;07/07/2019
3550308-125;SP;SÃO PAULO;3550308;ABREE;PEV fixo;Ativo;08/04/2020
2211605-000;PI;Vila Nova do Piaui;2211605;Green Eletron;Campanha itinerante;Ativo;21/02/2020
2602902-002;PE;CABO DE SANTO AGOSTINHO;2602902;Green Eletron;PEV fixo;Ativo;11/07/2019
2930766-000;BA;Sitio do Quinto;2930766;Sistema individual;PEV fixo;Inativo;04/05/2019
2615102-002;PE;TEREZINHA;2615102;Green Eletron;PEV fixo;Ativo;02/11/2019
5300108-038;DF;BRASÍLIA;5300108;Green Eletron;PEV fixo;Ativo;27/05/2020
5200803-000;GO;  Alvorada do Norte ;5200803;ABREE;PEV fixo;Ativo;12/04/2020
3506904-001;SP;  Bofete ;3506904;ABREE;PEV fixo;Ativo;26/10/2021
2309904-004;CE;Pacujá;2309904;ABREE;PEV fixo;Ativo;16/07/2021
3125952-000;MG;Fervedouro;3125952;Green Eletron;PEV fixo;Ativo;08/09/2021
3552502-000;SP;Suzano;3552502;Sistema individual;PEV fixo;Ativo;28/11/2021
3304508-000;RJ;RIO DAS FLORES;3304508;Green Eletron;PEV fixo;Ativo;07/10/2020
3549904-003;SP;São José dos Campos;3549904;ABREE;PEV fixo;Ativo;07/04/2021
3305752-004;RJ;TANGUÁ;3305752;ABREE;PEV fixo;Ativo;21/06/2021
5300108-031;DF;Brasília;5300108;ABREE;PEV fixo;Ativo;28/05/2020
3522703-000;SP;  Itápolis ;3522703;ABREE;PEV fixo;Ativo;25/10/2020
1505106-002;PA;Óbidos;1505106;ABREE;PEV fixo;Ativo;21/10/2021
1200401-000;AC;RIO BRANCO;1200401;Green Eletron;PEV fixo;Ativo;03/08/2019
3300258-001;RJ;Arraial do Cabo;3300258;Green Eletron;PEV fixo;Ativo;04/05/2020
3532009-004;SP;Morungaba;3532009;Green Eletron;PEV fixo;Ativo;17/10/2019
3550308-168;SP;Sao Paulo;3550308;Green Eletron;Ponto de consolidação;Ativo;26/09/2020
2410405-000;RN;Pureza;2410405;Sistema individual;PEV fixo;Ativo;18/01/2020
2701357-000;AL;Campestre;2701357;ABREE;PEV fixo;Ativo;23/05/2020
2111789-000;MA;Serrano do Maranhão;2111789;Green Eletron;PEV fixo;Ativo;25/07/2020
3139904-000;MG;Maria da Fé;3139904;ABREE;Campanha itinerante;Ativo;15/10/2021
4310553-000;RS;Itacurubi;4310553;Green Eletron;PEV fixo;Ativo;24/02/2021
2203008-000;PI;Cristalândia do Piauí;2203008;Green Eletron;PEV fixo;Ativo;10/08/2021
1300706-001;AM;  Boca do Acre ;1300706;Sistema individual;PEV fixo;Ativo;05/04/2020
3304557-013;RJ;RIO DE JANEIRO;3304557;ABREE;Ponto de consolidação;Ativo;26/03/2020
2111300-026;MA;  São Luís ;2111300;Green Eletron;PEV fixo;Ativo;14/11/2019
1303304-000;AM;Novo Aripuanã;1303304;ABREE;PEV fixo;Ativo;04/05/2019
3536257-000;SP;PARISI;3536257;Green Eletron;PEV fixo;Ativo;03/03/2019
2500775-000;PB;Aparecida;2500775;ABREE;PEV fixo;Ativo;24/06/2020
4205407-050;SC;FLORIANÓPOLIS;4205407;ABREE;PEV fixo;Ativo;19/07/2021
4205456-000;SC;Forquilhinha;4205456;ABREE;PEV fixo;Ativo;17/11/2019
3550308-160;SP;SÃO PAULO;3550308;ABREE;PEV fixo;Ativo;22/08/2020
3550308-035;SP;SÃO PAULO;3550308;Sistema individual;PEV fixo;Ativo;18/09/2019
3106200-110;MG;Belo Horizonte;3106200;ABREE;PEV fixo;Ativo;25/02/2021
5103403-001;MT;Cuiabá;5103403;ABREE;PEV fixo;Ativo;10/04/2019
3106200-070;MG;  Belo Horizonte ;3106200;Green Eletron;Campanha itinerante;Inativo;18/12/2020
1304005-000;AM;Silves;1304005;ABREE;PEV fixo;Ativo;18/01/2020
3106200-077;MG;Belo Horizonte;3106200;ABREE;PEV fixo;Ativo;06/04/2020
3550308-136;SP;Sao Paulo;3550308;ABREE;Campanha itinerante;Ativo;11/01/2020
3302106-004;RJ;Itaocara;3302106;Green Eletron;PEV fixo;Ativo;15/10/2021
3130408-001;MG;  Ijaci ;3130408;Green Eletron;PEV fixo;Inativo;09/03/2020
3300902-002;RJ;Cambuci;3300902;ABREE;PEV fixo;Ativo;09/04/2020
1300086-000;AM;Anamã;1300086;ABREE;PEV fixo;Ativo;01/02/2020
2615102-005;PE;Terezinha;2615102;Green Eletron;PEV fixo;Ativo;14/04/2021
2616001-000;PE;VENTUROSA;2616001;ABREE;PEV fixo;Ativo;21/11/2020
2211001-003;PI;  Teresina ;2211001;ABREE;PEV fixo;Ativo;08/06/2019
2408102-007;RN;NATAL;2408102;Green Eletron;Ponto de consolidação;Ativo;20/09/2020
2927408-021;BA;SALVADOR;2927408;Sistema individual;PEV fixo;Ativo;17/02/2019
3523503-000;SP;ITATINGA;3523503;Green Eletron;Ponto de consolidação;Ativo;08/01/2021
3106200-016;MG;Belo Horizonte;3106200;Green Eletron;Ponto de consolidação;Ativo;01/09/2020
4205407-025;SC;Florianópolis;4205407;Green Eletron;PEV fixo;Ativo;04/08/2019
2611606-011;PE;Recife;2611606;Green Eletron;PEV fixo;Ativo;04/04/2020
3556909-000;SP;VISTA ALEGRE DO ALTO;3556909;Sistema individual;PEV fixo;Ativo;23/12/2019
5108956-000;MT;Nova Monte Verde;5108956;ABREE;PEV fixo;Ativo;08/10/2020
2800308-014;SE;ARACAJU;2800308;Green Eletron;PEV fixo;Ativo;18/04/2021
2309904-001;CE;PACUJÁ;2309904;ABREE;PEV fixo;Ativo;15/02/2019
2927408-089;BA;Salvador;2927408;Green Eletron;PEV fixo;Ativo;21/11/2021
2927408-061;BA;Salvador;2927408;Green Eletron;PEV fixo;Ativo;28/09/2020
3106200-025;MG;Belo Horizonte;3106200;ABREE;PEV fixo;Ativo;06/10/2020
2207306-000;PI;PAES LANDIM;2207306;Green Eletron;PEV fixo;Ativo;27/11/2019
2927408-087;BA;SALVADOR;2927408;Green Eletron;PEV fixo;Ativo;16/10/2021
3550308-174;SP;São Paulo;3550308;Sistema individual;PEV fixo;Ativo;03/02/2020
2927408-067;BA;Salvador;2927408;ABREE;Ponto de consolidação;Ativo;02/06/2020
3550308-213;SP;SÃO PAULO;3550308;Green Eletron;PEV fixo;Ativo;19/05/2021
3302502-004;RJ;MAGÉ;3302502;ABREE;PEV fixo;Ativo;01/09/2021
2921005-000;BA;Mata de São João;2921005;ABREE;Campanha itinerante;Ativo;03/09/2021
3110202-000;MG;CAJURI;3110202;Green Eletron;PEV fixo;Ativo;25/08/2020
3118601-000;MG;Contagem;3118601;Green Eletron;PEV fixo;Ativo;09/12/2019
4106902-036;PR;CURITIBA;4106902;ABREE;Campanha itinerante;Ativo;18/11/2021
2305209-000;CE;Hidrolândia;2305209;ABREE;PEV fixo;Ativo;01/05/2019
3165206-000;MG;São Thomé das Letras;3165206;Green Eletron;PEV fixo;Ativo;26/02/2020
3539400-000;SP;Piratininga;3539400;Green Eletron;PEV fixo;Ativo;04/02/2021
2304400-031;CE;Fortaleza;2304400;ABREE;PEV fixo;Ativo;20/05/2020
3106200-081;MG;BELO HORIZONTE;3106200;ABREE;PEV fixo;Ativo;01/01/2020
3542602-003;SP;REGISTRO;3542602;ABREE;PEV fixo;Inativo;13/08/2020
3550308-017;SP;São Paulo;3550308;Green Eletron;PEV fixo;Ativo;12/07/2019
3106200-033;MG;Belo Horizonte;3106200;ABREE;PEV fixo;Ativo;10/02/2020
3304557-011;RJ;Rio de Janeiro;3304557;Green Eletron;PEV fixo;Ativo;16/07/2020
3513702-000;SP;Descalvado;3513702;Green Eletron;PEV fixo;Inativo;13/05/2021
3304144-002;RJ;Queimados;3304144;Green Eletron;PEV fixo;Ativo;01/05/2021
3103900-000;MG;Araújos;3103900;ABREE;PEV fixo;Ativo;06/06/2019
5300108-017;DF;BRASÍLIA;5300108;ABREE;PEV fixo;Ativo;13/03/2019
3304557-092;RJ;Rio de Janeiro;3304557;Sistema individual;PEV fixo;Ativo;01/05/2021
3304508-005;RJ;Rio das Flores;3304508;ABREE;PEV fixo;Ativo;02/07/2020
4201109-000;SC;  Anitápolis ;4201109;Green Eletron;PEV fixo;Ativo;06/09/2020
3302403-004;RJ;Macaé;3302403;ABREE;PEV fixo;Ativo;16/08/2019
4201307-000;SC;  Araquari ;4201307;Green Eletron;PEV fixo;Ativo;12/08/2019
5300108-044;DF;Brasília;5300108;ABREE;Ponto de consolidação;Ativo;16/04/2020
3121308-000;MG;DESCOBERTO;3121308;Sistema individual;PEV fixo;Ativo;05/04/2020
2920502-000;BA;MARACÁS;2920502;Green Eletron;PEV fixo;Ativo;12/07/2020
3304151-001;RJ;QUISSAMÃ;3304151;Green Eletron;PEV fixo;Inativo;26/11/2020
2511103-000;PB;PEDRA LAVRADA;2511103;Green Eletron;PEV fixo;Ativo;19/08/2019
2211209-000;PI;Urucui;2211209;Green Eletron;PEV fixo;Ativo;16/08/2021
2612901-000;PE;São Benedito do Sul;2612901;ABREE;PEV fixo;Ativo;01/12/2019
1303700-000;AM;Santo Antonio do Ica;1303700;ABREE;PEV fixo;Ativo;19/06/2019
2704302-003;AL;Maceió;2704302;Sistema individual;Ponto de consolidação;Ativo;26/08/2020
3106200-031;MG;BELO HORIZONTE;3106200;Green Eletron;PEV fixo;Ativo;02/09/2020
3160207-006;MG;Santo Antônio do Itambé;3160207;ABREE;Campanha itinerante;Ativo;01/02/2021
3135209-000;MG;Januária;3135209;ABREE;PEV fixo;Ativo;12/08/2020
2927606-000;BA;Santa Brígida;2927606;ABREE;PEV fixo;Ativo;05/05/2020
2111300-046;MA;São Luís;2111300;ABREE;PEV fixo;Ativo;15/10/2020
2927408-055;BA;SALVADOR;2927408;ABREE;PEV fixo;Ativo;24/08/2020
3516309-000;SP;Francisco Morato;3516309;ABREE;PEV fixo;Ativo;26/06/2019
3304557-007;RJ;Rio de Janeiro;3304557;ABREE;PEV fixo;Ativo;20/07/2020
2100105-000;MA;Afonso Cunha;2100105;ABREE;PEV fixo;Ativo;14/10/2021
3109204-000;MG;  Buenópolis ;3109204;ABREE;PEV fixo;Ativo;12/06/2019
3543907-000;SP;RIO CLARO;3543907;Green Eletron;PEV fixo;Ativo;07/11/2021
2111300-030;MA;São Luís;2111300;Green Eletron;PEV fixo;Ativo;01/10/2019
2111300-018;MA;São Luís;2111300;ABREE;PEV fixo;Ativo;15/12/2019
4314902-077;RS;PORTO ALEGRE;4314902;ABREE;Ponto de consolidação;Ativo;02/02/2021
4321832-000;RS;Tres Forquilhas;4321832;Sistema individual;PEV fixo;Ativo;05/03/2021
2905909-000;BA;Campo Alegre de Lourdes;2905909;Green Eletron;Ponto de consolidação;Ativo;14/05/2020
3302403-001;RJ;Macaé;3302403;Green Eletron;Ponto de consolidação;Ativo;06/07/2019
2905503-000;BA;Caldeirão Grande;2905503;ABREE;PEV fixo;Ativo;25/03/2020
4314902-039;RS;Porto Alegre;4314902;Green Eletron;PEV fixo;Ativo;12/11/2020
3520301-000;SP;Iguape;3520301;ABREE;PEV fixo;Ativo;01/03/2020
4314902-005;RS;Porto Alegre;4314902;Sistema individual;PEV fixo;Ativo;21/08/2020
4106902-028;PR;Curitiba;4106902;ABREE;Ponto de consolidação;Ativo;16/03/2020
3550308-012;SP;  São Paulo ;3550308;Green Eletron;PEV fixo;Ativo;23/10/2019
4107124-000;PR;Diamante do Sul;4107124;Green Eletron;Ponto de consolidação;Ativo;17/08/2020
4306106-000;RS;CRUZ ALTA;4306106;ABREE;PEV fixo;Ativo;14/10/2019
2905206-000;BA;Caetité;2905206;Sistema individual;PEV fixo;Ativo;13/10/2019
2610202-000;PE;Panelas;2610202;ABREE;PEV fixo;Inativo;19/08/2021
2102077-000;MA;  Bom Lugar ;2102077;ABREE;PEV fixo;Ativo;01/09/2019
3121506-000;MG;DESTERRO DO MELO;3121506;ABREE;PEV fixo;Ativo;07/07/2020
3528908-000;SP;Mariápolis;3528908;Green Eletron;PEV fixo;Ativo;18/08/2020
1501402-011;PA;Belém;1501402;Green Eletron;Ponto de consolidação;Ativo;15/01/2021
3550308-191;SP;São Paulo;3550308;ABREE;PEV fixo;Ativo;06/08/2021
2602902-005;PE;  Cabo de Santo Agostinho ;2602902;Green Eletron;PEV fixo;Ativo;23/07/2021
2614105-001;PE;  Sertânia ;2614105;Green Eletron;PEV fixo;Ativo;05/10/2020
3301108-011;RJ;Cantagalo;3301108;Green Eletron;PEV fixo;Ativo;14/06/2021
4321667-000;RS;Três Cachoeiras;4321667;ABREE;Campanha itinerante;Ativo;04/05/2020
3550308-124;SP;São Paulo;3550308;ABREE;PEV fixo;Ativo;06/11/2020
4313334-000;RS;Nova Ramada;4313334;ABREE;PEV fixo;Ativo;17/03/2019
3550308-022;SP;São Paulo;3550308;Green Eletron;PEV fixo;Ativo;06/12/2019
3106200-004;MG;Belo Horizonte;3106200;Green Eletron;PEV fixo;Ativo;22/12/2020
2516409-000;PB;Tacima;2516409;Green Eletron;PEV fixo;Ativo;10/05/2021
4205407-059;SC;Florianópolis;4205407;Sistema individual;Ponto de consolidação;Ativo;21/01/2021
2800407-000;SE;Arauá;2800407;Green Eletron;PEV fixo;Ativo;20/04/2021
2506509-000;PB;Gurjão;2506509;ABREE;PEV fixo;Ativo;17/11/2021
3550308-238;SP;São Paulo;3550308;ABREE;PEV fixo;Ativo;03/01/2021
2111300-023;MA;São Luís;2111300;Green Eletron;PEV fixo;Ativo;22/01/2019
2900801-000;BA;Alcobaça;2900801;Green Eletron;PEV fixo;Ativo;01/10/2020
2500205-000;PB;Aguiar;2500205;ABREE;PEV fixo;Ativo;11/07/2020
2304400-058;CE;  Fortaleza ;2304400;Sistema individual;Campanha itinerante;Ativo;25/01/2021
4302659-000;RS;Brochier;4302659;Green Eletron;PEV fixo;Ativo;22/06/2019
3542206-000;SP;  Rancharia ;3542206;ABREE;PEV fixo;Ativo;18/08/2020
2612604-000;PE;SANTA MARIA DA BOA VISTA;2612604;ABREE;Ponto de consolidação;Ativo;05/06/2020
3532009-005;SP;Morungaba;3532009;Sistema individual;PEV fixo;Ativo;09/02/2020
4314902-056;RS;Porto Alegre;4314902;ABREE;Ponto de consolidação;Ativo;07/05/2021
4106902-042;PR;Curitiba;4106902;Sistema individual;Ponto de consolidação;Ativo;08/09/2021
4127205-000;PR;Terra Boa;4127205;ABREE;Ponto de consolidação;Ativo;25/05/2021
3541901-000;SP;Queluz;3541901;ABREE;PEV fixo;Ativo;21/06/2020
3525409-000;SP;  Jeriquara ;3525409;Green Eletron;PEV fixo;Ativo;28/02/2019
3304557-031;RJ;Rio de Janeiro;3304557;ABREE;PEV fixo;Ativo;11/11/2020
5204557-000;GO;Caldazinha;5204557;Green Eletron;Ponto de consolidação;Ativo;25/05/2020
5204102-000;GO;CACHOEIRA ALTA;5204102;Green Eletron;Campanha itinerante;Ativo;20/07/2020
5300108-006;DF;Brasília;5300108;Green Eletron;PEV fixo;Ativo;19/09/2019
2111300-009;MA;São Luís;2111300;ABREE;PEV fixo;Ativo;05/05/2019
1501204-000;PA;Baião;1501204;ABREE;PEV fixo;Ativo;06/05/2019
3106200-088;MG;Belo Horizonte;3106200;Green Eletron;PEV fixo;Ativo;07/04/2020
4115200-000;PR;Maringá;4115200;ABREE;PEV fixo;Ativo;08/10/2021
5205497-000;GO;Cidade Ocidental;5205497;ABREE;PEV fixo;Ativo;07/06/2019
2611606-026;PE;Recife;2611606;ABREE;Campanha itinerante;Ativo;13/02/2020
4106902-029;PR;CURITIBA;4106902;ABREE;PEV fixo;Ativo;24/04/2021
2111300-073;MA;Sao Luis;2111300;ABREE;PEV fixo;Ativo;11/08/2021
3532900-012;SP;Nova Europa;3532900;Green Eletron;PEV fixo;Ativo;05/03/2020
2412609-000;RN;São Paulo do Potengi;2412609;Sistema individual;PEV fixo;Ativo;15/05/2019
3129806-000;MG;Ibirité;3129806;Green Eletron;PEV fixo;Ativo;23/09/2019
4314902-012;RS;Porto Alegre;4314902;ABREE;PEV fixo;Ativo;12/05/2020
2932408-000;BA;  Uibaí ;2932408;Green Eletron;PEV fixo;Ativo;23/08/2021
5006309-000;MS;Paranaíba;5006309;ABREE;PEV fixo;Ativo;10/05/2021
2304400-046;CE;Fortaleza;2304400;Green Eletron;PEV fixo;Ativo;15/03/2020
3304557-032;RJ;RIO DE JANEIRO;3304557;ABREE;PEV fixo;Ativo;26/05/2020
2922656-002;BA;Nordestina;2922656;ABREE;PEV fixo;Ativo;05/03/2020
3501152-000;SP;Alumínio;3501152;ABREE;PEV fixo;Ativo;12/01/2021
2507507-002;PB;Joao Pessoa;2507507;Green Eletron;PEV fixo;Ativo;28/12/2019
3525201-004;SP;Jarinu;3525201;Green Eletron;Campanha itinerante;Ativo;15/06/2020
2924603-002;BA;Pindobaçu;2924603;ABREE;Campanha itinerante;Ativo;11/12/2021
4314902-052;RS;PORTO ALEGRE;4314902;ABREE;PEV fixo;Ativo;08/10/2020
2210409-000;PI;SÃO MIGUEL DO TAPUIO;2210409;Green Eletron;PEV fixo;Ativo;24/11/2019
5002308-000;MS;BRASILÂNDIA;5002308;Sistema individual;PEV fixo;Ativo;08/04/2020
5300108-028;DF;Brasília;5300108;ABREE;PEV fixo;Ativo;05/08/2019
4122107-000;PR;Rio Bom;4122107;Green Eletron;PEV fixo;Ativo;10/05/2020
3550308-030;SP;São Paulo;3550308;ABREE;PEV fixo;Ativo;13/03/2019
3106200-108;MG;Belo Horizonte;3106200;ABREE;PEV fixo;Ativo;06/02/2021
4300851-000;RS;Arambare;4300851;Green Eletron;Campanha itinerante;Ativo;07/03/2021
1500602-000;PA;ALTAMIRA;1500602;Green Eletron;Campanha itinerante;Ativo;26/03/2021
3302700-011;RJ;Maricá;3302700;Green Eletron;PEV fixo;Ativo;10/01/2021
3550308-027;SP;Sao Paulo;3550308;Green Eletron;Campanha itinerante;Ativo;06/03/2019
4205407-003;SC;Florianópolis;4205407;Green Eletron;PEV fixo;Ativo;12/08/2019
3118502-000;MG;Consolacao;3118502;ABREE;PEV fixo;Ativo;16/08/2019
3304557-098;RJ;RIO DE JANEIRO;3304557;Sistema individual;PEV fixo;Ativo;10/11/2021
3106200-103;MG;Belo Horizonte;3106200;ABREE;PEV fixo;Ativo;15/05/2021
2211001-010;PI;Teresina;2211001;ABREE;PEV fixo;Ativo;26/06/2020
3527801-001;SP;  Lupércio ;3527801;Sistema individual;PEV fixo;Ativo;17/08/2020
2111300-061;MA;São Luís;2111300;Green Eletron;PEV fixo;Ativo;14/05/2021
3140605-000;MG;Materlândia;3140605;ABREE;Campanha itinerante;Ativo;13/11/2021
1508209-002;PA;Vigia;1508209;ABREE;PEV fixo;Ativo;01/05/2019
5300108-025;DF;Brasília;5300108;Green Eletron;PEV fixo;Ativo;05/02/2019
2611606-040;PE;  Recife ;2611606;Green Eletron;Campanha itinerante;Ativo;02/03/2021
3547908-002;SP;Santo Antônio da Alegria;3547908;ABREE;PEV fixo;Ativo;19/09/2021
5208707-003;GO;Goiânia;5208707;Green Eletron;PEV fixo;Ativo;07/02/2019
1501907-000;PA;Bujaru;1501907;ABREE;PEV fixo;Ativo;17/03/2021
2615102-000;PE;Terezinha;2615102;ABREE;PEV fixo;Ativo;19/07/2019
3106200-082;MG;Belo Horizonte;3106200;Green Eletron;Ponto de consolidação;Ativo;09/02/2020
3106200-104;MG;Belo Horizonte;3106200;ABREE;PEV fixo;Ativo;08/06/2021
3550308-009;SP;São Paulo;3550308;Green Eletron;Campanha itinerante;Ativo;10/04/2019
2614105-000;PE;Sertânia;2614105;ABREE;PEV fixo;Ativo;18/06/2019
2412708-000;RN;Sao Pedro;2412708;ABREE;PEV fixo;Ativo;09/09/2019
2614709-000;PE;Tacaimbó;2614709;ABREE;Ponto de consolidação;Ativo;20/09/2019
3169356-000;MG;  Três Marias ;3169356;Sistema individual;PEV fixo;Ativo;09/12/2020
2608107-000;PE;JOÃO ALFREDO;2608107;Green Eletron;Campanha itinerante;Ativo;23/01/2019
3106200-048;MG;BELO HORIZONTE;3106200;Green Eletron;Campanha itinerante;Ativo;28/03/2020
3550308-108;SP;São Paulo;3550308;Green Eletron;PEV fixo;Ativo;21/09/2020
2111300-055;MA;Sao Luis;2111300;ABREE;Ponto de consolidação;Ativo;06/02/2021
5218904-000;GO;RUBIATABA;5218904;ABREE;PEV fixo;Ativo;28/01/2019
1501402-007;PA;Belem;1501402;ABREE;PEV fixo;Ativo;04/11/2020
3106200-098;MG;BELO HORIZONTE;3106200;ABREE;PEV fixo;Ativo;01/06/2021
4314068-000;RS;Passa Sete;4314068;ABREE;PEV fixo;Ativo;04/09/2020
2615805-000;PE;Tupanatinga;2615805;ABREE;PEV fixo;Ativo;24/03/2021
3551306-002;SP;SEBASTIANÓPOLIS DO SUL;3551306;Sistema individual;PEV fixo;Ativo;27/05/2019
2916203-000;BA;  Itapé ;2916203;Green Eletron;PEV fixo;Ativo;05/04/2020
2607505-000;PE;  Itaíba ;2607505;Green Eletron;PEV fixo;Ativo;25/09/2019
3303302-005;RJ;Niteroi;3303302;Green Eletron;PEV fixo;Ativo;27/09/2021
1505106-001;PA;Obidos;1505106;ABREE;PEV fixo;Inativo;27/05/2020
2110658-000;MA;Sao Domingos do Azeitao;2110658;ABREE;PEV fixo;Ativo;25/03/2020
2927408-022;BA;Salvador;2927408;ABREE;PEV fixo;Ativo;04/09/2019
2602902-001;PE;CABO DE SANTO AGOSTINHO;2602902;Green Eletron;Ponto de consolidação;Ativo;04/06/2019
1200807-000;AC;Porto Acre;1200807;ABREE;PEV fixo;Ativo;18/11/2021
4314902-073;RS;Porto Alegre;4314902;Green Eletron;PEV fixo;Ativo;10/10/2021
3549508-003;SP;São José da Bela Vista;3549508;Sistema individual;PEV fixo;Ativo;17/02/2020
4204509-000;SC;CORUPÁ;4204509;Green Eletron;PEV fixo;Ativo;07/09/2019
1501204-006;PA;BAIÃO;1501204;Green Eletron;PEV fixo;Ativo;19/07/2021
2921708-000;BA;Morro do Chapéu;2921708;Green Eletron;PEV fixo;Ativo;21/08/2021
4205407-045;SC;Florianópolis;4205407;Green Eletron;PEV fixo;Ativo;12/09/2021
2611606-003;PE;RECIFE;2611606;ABREE;Campanha itinerante;Ativo;24/12/2020
3550308-178;SP;Sao Paulo;3550308;ABREE;PEV fixo;Ativo;09/06/2020
2605509-000;PE;FERREIROS;2605509;ABREE;PEV fixo;Ativo;19/08/2021
3106200-056;MG;BELO HORIZONTE;3106200;Sistema individual;PEV fixo;Ativo;27/12/2020
3549508-004;SP;Sao Jose da Bela Vista;3549508;ABREE;PEV fixo;Ativo;13/06/2020
3158102-000;MG;Santa Maria do Salto;3158102;ABREE;PEV fixo;Ativo;27/11/2021
4301925-000;RS;Barra do Rio Azul;4301925;ABREE;PEV fixo;Ativo;02/04/2019
4205407-049;SC;  Florianópolis ;4205407;ABREE;PEV fixo;Ativo;19/09/2021
3106200-100;MG;BELO HORIZONTE;3106200;ABREE;PEV fixo;Ativo;14/04/2021
4106902-017;PR;Curitiba;4106902;ABREE;Campanha itinerante;Ativo;22/10/2020
3550308-183;SP;  São Paulo ;3550308;Sistema individual;PEV fixo;Ativo;19/02/2021
2927408-046;BA;Salvador;2927408;ABREE;PEV fixo;Inativo;21/11/2020
4310108-000;RS;Igrejinha;4310108;Green Eletron;PEV fixo;Ativo;19/06/2021
5206701-000;GO;Damianópolis;5206701;Green Eletron;PEV fixo;Ativo;25/11/2020
3302700-006;RJ;MARICÁ;3302700;Green Eletron;PEV fixo;Ativo;16/09/2020
4319000-000;RS;São Marcos;4319000;Green Eletron;PEV fixo;Ativo;02/10/2021
5106505-000;MT;POCONÉ;5106505;ABREE;Ponto de consolidação;Ativo;08/12/2020
3304201-000;RJ;  Resende ;3304201;ABREE;PEV fixo;Ativo;16/01/2021
1600501-000;AP;Oiapoque;1600501;Green Eletron;PEV fixo;Ativo;03/02/2020
3109907-000;MG;Caetanópolis;3109907;ABREE;PEV fixo;Ativo;09/02/2021
2104008-000;MA;Esperantinópolis;2104008;ABREE;PEV fixo;Ativo;03/01/2019
4314902-087;RS;PORTO ALEGRE;4314902;ABREE;Ponto de consolidação;Ativo;08/11/2021
2927408-012;BA;SALVADOR;2927408;Green Eletron;PEV fixo;Ativo;06/01/2019
2210391-000;PI;São Miguel do Fidalgo;2210391;Sistema individual;PEV fixo;Ativo;04/04/2019
2613503-000;PE;São José do Belmonte;2613503;Green Eletron;Campanha itinerante;Ativo;01/08/2020
4301107-000;RS;ARROIO DOS RATOS;4301107;Green Eletron;Campanha itinerante;Ativo;18/05/2019
2509107-000;PB;  Mari ;2509107;ABREE;Campanha itinerante;Ativo;27/08/2020
3170503-000;MG;Urucânia;3170503;Green Eletron;PEV fixo;Ativo;18/09/2021
3300308-007;RJ;Barra do Piraí;3300308;ABREE;Ponto de consolidação;Ativo;06/08/2021
2933257-000;BA;Vereda;2933257;ABREE;Ponto de consolidação;Ativo;07/04/2019
2927408-039;BA;SALVADOR;2927408;Green Eletron;PEV fixo;Ativo;02/04/2019
2304004-000;CE;COREAÚ;2304004;Green Eletron;Campanha itinerante;Ativo;05/10/2019
2207751-000;PI;PASSAGEM FRANCA DO PIAUÍ;2207751;ABREE;PEV fixo;Ativo;16/09/2021
3538808-020;SP;Piraju;3538808;ABREE;PEV fixo;Ativo;20/04/2021
2927408-040;BA;SALVADOR;2927408;ABREE;PEV fixo;Ativo;07/10/2019
2513158-000;PB;Santa Cecília;2513158;Green Eletron;PEV fixo;Ativo;16/04/2019
5200829-000;GO;Amaralina;5200829;Green Eletron;PEV fixo;Ativo;25/09/2020
3550308-026;SP;São Paulo;3550308;ABREE;PEV fixo;Ativo;03/01/2019
2308500-000;CE;Mombaça;2308500;ABREE;PEV fixo;Ativo;01/04/2019
3549904-001;SP;São José dos Campos;3549904;ABREE;PEV fixo;Ativo;04/05/2020
4102406-000;PR;  Bandeirantes ;4102406;Green Eletron;PEV fixo;Ativo;26/12/2020
3304557-069;RJ;Rio de Janeiro;3304557;ABREE;Campanha itinerante;Ativo;10/09/2021
1714302-000;TO;Nazaré;1714302;Green Eletron;PEV fixo;Ativo;13/07/2019
3146008-000;MG;Ouro Fino;3146008;ABREE;PEV fixo;Ativo;15/07/2019
3302858-000;RJ;Mesquita;3302858;Green Eletron;PEV fixo;Ativo;20/08/2020
3550308-135;SP;Sao Paulo;3550308;Green Eletron;PEV fixo;Ativo;09/03/2020
4307708-000;RS;Esteio;4307708;ABREE;PEV fixo;Ativo;08/03/2020
3550308-089;SP;SÃO PAULO;3550308;Green Eletron;PEV fixo;Ativo;12/11/2019
3153608-000;MG;Prudente de Morais;3153608;Sistema individual;PEV fixo;Ativo;20/01/2020
3550308-200;SP;Sao Paulo;3550308;Green Eletron;PEV fixo;Ativo;23/09/2021
3300951-002;RJ;COMENDADOR LEVY GASPARIAN;3300951;ABREE;Campanha itinerante;Ativo;27/12/2020
3522901-001;SP;Itapui;3522901;Green Eletron;PEV fixo;Ativo;17/03/2021
2705101-000;AL;Matriz de Camaragibe;2705101;Green Eletron;Ponto de consolidação;Ativo;16/03/2021
3550308-185;SP;São Paulo;;Green Eletron;PEV fixo;Ativo;10/05/2021
5208707-013;GO;GOIÂNIA;5208707;ABREE;PEV fixo;Ativo;06/01/2021
3118403-000;MG;Conselheiro Pena;3118403;ABREE;Campanha itinerante;Ativo;08/10/2020
3304557-017;RJ;Rio de Janeiro;3304557;ABREE;Ponto de consolidação;Ativo;08/09/2020
1303700-001;AM;SANTO ANTÔNIO DO IÇÁ;1303700;ABREE;Campanha itinerante;Ativo;10/09/2020
2104081-000;MA;Fernando Falcao;2104081;Green Eletron;PEV fixo;Ativo;28/02/2019
3301405-005;RJ;CONCEIÇÃO DE MACABU;;Green Eletron;Ponto de consolidação;Ativo;17/01/2020
2927408-065;BA;Salvador;2927408;ABREE;PEV fixo;Ativo;05/12/2020
1200302-000;AC;Feijó;1200302;ABREE;Ponto de consolidação;Ativo;16/08/2021
5300108-060;DF;BRASÍLIA;5300108;ABREE;PEV fixo;Ativo;19/06/2021
5208707-007;GO;GOIÂNIA;5208707;Green Eletron;PEV fixo;Ativo;13/11/2020
3550308-092;SP;SÃO PAULO;3550308;Green Eletron;PEV fixo;Ativo;18/06/2019
4204400-000;SC;Coronel Freitas;4204400;Green Eletron;PEV fixo;Ativo;22/01/2019
3514403-000;SP;Dracena;3514403;ABREE;PEV fixo;Ativo;02/09/2019
3107703-000;MG;Bom Jesus do Amparo;3107703;Sistema individual;PEV fixo;Ativo;15/11/2021
2910800-000;BA;Feira de Santana;2910800;Green Eletron;PEV fixo;Ativo;24/06/2019
3205309-010;ES;VITÓRIA;;ABREE;PEV fixo;Ativo;28/12/2021
2505709-000;PB;DONA INÊS;2505709;ABREE;Campanha itinerante;Ativo;15/02/2020
4314902-083;RS;Porto Alegre;4314902;ABREE;PEV fixo;Ativo;01/11/2021
2203271-000;PI;Curral Novo do Piauí;;Green Eletron;PEV fixo;Ativo;08/01/2021
4212700-000;SC;Petrolândia;4212700;Green Eletron;PEV fixo;Ativo;03/03/2020
3301876-000;RJ;Iguaba Grande;3301876;ABREE;PEV fixo;Ativo;28/04/2020
4106902-000;PR;CURITIBA;4106902;ABREE;Campanha itinerante;Ativo;06/02/2020
2927408-057;BA;SALVADOR;2927408;ABREE;PEV fixo;Ativo;12/02/2020
4308201-000;RS;FLORES DA CUNHA;4308201;ABREE;PEV fixo;Ativo;25/04/2021
4322541-000;RS;Vale Real;4322541;ABREE;PEV fixo;Ativo;01/09/2021
4318705-000;RS;SÃO LEOPOLDO;4318705;Green Eletron;PEV fixo;Ativo;12/12/2021
1301951-000;AM;Itamarati;1301951;Green Eletron;PEV fixo;Ativo;19/08/2020
2708501-000;AL;São Luís do Quitunde;2708501;ABREE;Ponto de consolidação;Ativo;02/07/2020
2304400-053;CE;Fortaleza;2304400;ABREE;Ponto de consolidação;Ativo;16/12/2021
2703601-000;AL;Japaratinga;2703601;ABREE;PEV fixo;Ativo;02/03/2021
3549508-001;SP;São José da Bela Vista;3549508;ABREE;PEV fixo;Ativo;03/10/2019
4314902-061;RS;Porto Alegre;4314902;ABREE;PEV fixo;Ativo;13/09/2021
2304400-020;CE;Fortaleza;2304400;Green Eletron;PEV fixo;Ativo;11/01/2019
2800308-001;SE;Aracaju;2800308;Green Eletron;Ponto de consolidação;Ativo;03/11/2019
3544251-000;SP;Rosana;3544251;Green Eletron;PEV fixo;Ativo;10/09/2021
3525201-003;SP;Jarinu;3525201;Green Eletron;PEV fixo;Ativo;11/01/2020
2927408-088;BA;Salvador;2927408;ABREE;PEV fixo;Ativo;28/07/2021
1200104-000;AC;Brasiléia;1200104;Green Eletron;PEV fixo;Ativo;10/07/2020
3305307-003;RJ;SÃO SEBASTIÃO DO ALTO;3305307;ABREE;PEV fixo;Ativo;20/08/2019
3110707-000;MG;Cambuquira;3110707;Sistema individual;PEV fixo;Ativo;10/09/2019
4310207-001;RS;IJUÍ;4310207;ABREE;PEV fixo;Ativo;21/12/2020
3533106-000;SP;NOVA GUATAPORANGA;3533106;Green Eletron;PEV fixo;Ativo;18/07/2021
3530102-000;SP;Mirandópolis;3530102;Green Eletron;PEV fixo;Ativo;15/05/2020
3161908-000;MG;São Gonçalo do Rio Abaixo;3161908;Green Eletron;PEV fixo;Ativo;18/08/2019
1721000-001;TO;Palmas;1721000;ABREE;PEV fixo;Ativo;03/05/2019
2304236-000;CE;Croatá;2304236;ABREE;PEV fixo;Ativo;15/05/2021
3143104-000;MG;Monte Carmelo;3143104;ABREE;PEV fixo;Ativo;28/11/2020
2305266-000;CE;Ibaretama;2305266;ABREE;PEV fixo;Ativo;03/08/2021
3550308-078;SP;SÃO PAULO;3550308;Green Eletron;PEV fixo;Ativo;01/04/2019
3160207-004;MG;SANTO ANTÔNIO DO ITAMBÉ;3160207;ABREE;PEV fixo;Ativo;02/06/2020
3106200-127;MG;Belo Horizonte;3106200;ABREE;PEV fixo;Ativo;27/05/2021
3515103-000;SP;EMBU-GUAÇU;3515103;ABREE;PEV fixo;Ativo;17/02/2021
4319356-000;RS;SÃO PEDRO DA SERRA;4319356;Green Eletron;Campanha itinerante;Ativo;28/04/2019
5300108-032;DF;Brasília;5300108;Green Eletron;PEV fixo;Ativo;09/02/2020
2606408-000;PE;Gravatá;2606408;ABREE;PEV fixo;Ativo;11/11/2021
3550308-013;SP;São Paulo;3550308;ABREE;PEV fixo;Ativo;25/04/2019
4302709-000;RS;Butiá;4302709;ABREE;PEV fixo;Ativo;05/05/2021
3505203-000;SP;Bariri;3505203;ABREE;PEV fixo;Ativo;10/12/2020
3106200-115;MG;BELO HORIZONTE;3106200;Green Eletron;PEV fixo;Ativo;04/12/2021
1721000-006;TO;Palmas;1721000;ABREE;PEV fixo;Ativo;14/03/2020
3301405-000;RJ;Conceição de Macabu;3301405;ABREE;PEV fixo;Ativo;05/01/2019
3106200-125;MG;  Belo Horizonte ;3106200;ABREE;PEV fixo;Ativo;13/07/2021
2611606-042;PE;Recife;2611606;ABREE;PEV fixo;Ativo;08/06/2021
1300029-002;AM;ALVARÃES;1300029;Green Eletron;PEV fixo;Ativo;20/08/2019
3515194-000;SP;ESPÍRITO SANTO DO TURVO;3515194;ABREE;PEV fixo;Ativo;07/12/2019
2800308-011;SE;  Aracaju ;2800308;ABREE;PEV fixo;Ativo;08/09/2020
4306056-000;RS;Cristal;4306056;Green Eletron;Campanha itinerante;Ativo;05/05/2019
4314902-055;RS;Porto Alegre;4314902;Green Eletron;PEV fixo;Ativo;16/09/2021
2932002-000;BA;Uauá;2932002;Green Eletron;PEV fixo;Ativo;28/09/2020
3550308-214;SP;SÃO PAULO;3550308;ABREE;Ponto de consolidação;Ativo;22/07/2021
1300706-002;AM;Boca do Acre;1300706;Green Eletron;PEV fixo;Ativo;26/11/2021
2304400-038;CE;Fortaleza;2304400;Green Eletron;PEV fixo;Ativo;21/08/2020
3106200-114;MG;Belo Horizonte;3106200;ABREE;PEV fixo;Ativo;27/09/2021
3304557-047;RJ;Rio de Janeiro;3304557;ABREE;PEV fixo;Ativo;28/07/2020
4211256-000;SC;Morro Grande;;Green Eletron;PEV fixo;Ativo;07/09/2021
2807105-000;SE;Simão Dias;2807105;Green Eletron;Ponto de consolidação;Ativo;10/04/2019
4314902-034;RS;PORTO ALEGRE;4314902;ABREE;PEV fixo;Ativo;19/03/2020
3523602-000;SP;Itirapina;3523602;Green Eletron;Campanha itinerante;Ativo;13/05/2019
2802007-000;SE;Divina Pastora;2802007;ABREE;PEV fixo;Ativo;21/11/2021
4106902-004;PR;Curitiba;4106902;Green Eletron;PEV fixo;Ativo;04/07/2020
2111300-070;MA;São Luís;2111300;ABREE;PEV fixo;Ativo;22/10/2021
2103307-000;MA;CODÓ;2103307;ABREE;PEV fixo;Ativo;17/09/2021
3550308-045;SP;São Paulo;3550308;Green Eletron;PEV fixo;Ativo;06/05/2019
2709103-000;AL;Taquarana;2709103;Sistema individual;Ponto de consolidação;Ativo;07/03/2020
3202454-000;ES;Ibatiba;3202454;Green Eletron;PEV fixo;Ativo;18/07/2021
2201572-000;PI;Belém do Piauí;2201572;ABREE;PEV fixo;Ativo;19/07/2021
4307906-000;RS;Farroupilha;4307906;ABREE;PEV fixo;Ativo;19/04/2019
3550308-226;SP;São Paulo;3550308;ABREE;PEV fixo;Ativo;23/05/2021
2304400-013;CE;FORTALEZA;2304400;Green Eletron;PEV fixo;Ativo;17/04/2019
2412401-000;RN;São José do Seridó;2412401;ABREE;PEV fixo;Ativo;07/01/2019
1507003-000;PA;Santo Antônio do Tauá;1507003;Green Eletron;PEV fixo;Ativo;13/09/2019
3158409-000;MG;Santana de Cataguases;3158409;Green Eletron;Campanha itinerante;Ativo;16/09/2019
3548203-000;SP;SANTO ANTÔNIO DO PINHAL;3548203;ABREE;Ponto de consolidação;Ativo;24/11/2020
3106200-078;MG;Belo Horizonte;3106200;ABREE;Ponto de consolidação;Ativo;21/03/2020
3130606-000;MG;INCONFIDENTES;3130606;ABREE;PEV fixo;Ativo;10/01/2020
3302700-001;RJ;Maricá;3302700;Sistema individual;Campanha itinerante;Ativo;27/07/2019
2918704-000;BA;LAFAIETE COUTINHO;2918704;Green Eletron;PEV fixo;Ativo;20/04/2019
2408102-003;RN;Natal;2408102;ABREE;Ponto de consolidação;Ativo;06/12/2020
3546009-003;SP;SANTA BRANCA;3546009;Green Eletron;PEV fixo;Ativo;10/08/2020
3302502-001;RJ;Magé;3302502;Sistema individual;PEV fixo;Ativo;06/06/2020
4125605-000;PR;Sao Mateus do Sul;4125605;ABREE;PEV fixo;Ativo;19/09/2021
5002704-007;MS;CAMPO GRANDE;5002704;ABREE;PEV fixo;Ativo;25/12/2021
3550308-197;SP;SÃO PAULO;3550308;ABREE;PEV fixo;Ativo;22/11/2021
1100023-000;RO;Ariquemes;1100023;ABREE;PEV fixo;Ativo;19/04/2021
3118304-000;MG;Conselheiro Lafaiete;3118304;Green Eletron;PEV fixo;Ativo;03/09/2019
2311504-000;CE;QUIXERÉ;2311504;ABREE;PEV fixo;Ativo;10/05/2021
3503703-001;SP;ARIRANHA;3503703;Green Eletron;PEV fixo;Ativo;03/04/2020
4314902-070;RS;Porto Alegre;4314902;Green Eletron;PEV fixo;Ativo;18/08/2021
3170602-000;MG;Vargem Bonita;3170602;Green Eletron;PEV fixo;Ativo;22/12/2021
4205407-005;SC;Florianopolis;4205407;ABREE;PEV fixo;Ativo;23/09/2019
1300029-000;AM;Alvarães;1300029;ABREE;PEV fixo;Ativo;01/05/2019
2302107-000;CE;BATURITÉ;2302107;ABREE;PEV fixo;Ativo;14/09/2019
4112306-000;PR;JAPIRA;4112306;ABREE;PEV fixo;Ativo;18/05/2020
3135001-000;MG;JAGUARAÇU;3135001;ABREE;PEV fixo;Ativo;11/01/2021
3106200-151;MG;Belo Horizonte;3106200;ABREE;PEV fixo;Ativo;06/05/2021
4215075-000;SC;RIQUEZA;4215075;ABREE;PEV fixo;Ativo;25/10/2020
2501153-000;PB;Areia de Baraúnas;2501153;ABREE;PEV fixo;Ativo;14/05/2020
4212304-000;SC;PAULO LOPES;4212304;Green Eletron;Ponto de consolidação;Ativo;03/10/2021
3304557-083;RJ;  Rio de Janeiro ;3304557;ABREE;PEV fixo;Ativo;10/03/2021
3550308-005;SP;  São Paulo ;3550308;Green Eletron;Ponto de consolidação;Ativo;01/07/2019
2307007-000;CE;Jaguaruana;2307007;ABREE;PEV fixo;Ativo;12/04/2019
5103403-008;MT;Cuiaba;5103403;Green Eletron;PEV fixo;Ativo;16/03/2021
5300108-054;DF;Brasília;5300108;Green Eletron;Ponto de consolidação;Ativo;06/04/2021
3532009-007;SP;MORUNGABA;3532009;ABREE;PEV fixo;Ativo;16/02/2020
2909000-000;BA;Cordeiros;2909000;ABREE;PEV fixo;Ativo;11/04/2021
4205407-034;SC;  Florianópolis ;4205407;Sistema individual;Ponto de consolidação;Ativo;22/11/2020
4108700-000;PR;GRANDES RIOS;4108700;Sistema individual;PEV fixo;Ativo;06/11/2019
3302700-004;RJ;Maricá;3302700;Green Eletron;Ponto de consolidação;Ativo;20/02/2019
5105903-000;MT;NOBRES;5105903;ABREE;PEV fixo;Ativo;28/04/2021
2910727-000;BA;Eunápolis;2910727;ABREE;PEV fixo;Ativo;21/01/2021
4310207-006;RS;Ijuí;4310207;Sistema individual;PEV fixo;Ativo;07/08/2021
1501204-001;PA;Baião;1501204;ABREE;PEV fixo;Ativo;12/10/2019
2103901-000;MA;Duque Bacelar;2103901;Sistema individual;PEV fixo;Ativo;12/10/2021
2927408-000;BA;Salvador;2927408;Sistema individual;PEV fixo;Ativo;19/11/2019
3301108-008;RJ;CANTAGALO;3301108;Green Eletron;PEV fixo;Ativo;11/03/2020
2927408-084;BA;Salvador;2927408;Sistema individual;PEV fixo;Ativo;27/03/2021
3555109-009;SP;Tupi Paulista;3555109;Green Eletron;PEV fixo;Ativo;13/11/2021
2933406-000;BA;Wagner;2933406;ABREE;PEV fixo;Ativo;01/08/2019
3106200-087;MG;Belo Horizonte;3106200;Sistema individual;Campanha itinerante;Ativo;28/11/2020
2909406-000;BA;Cotegipe;2909406;ABREE;Campanha itinerante;Ativo;13/05/2021
3505203-001;SP;Bariri;3505203;ABREE;Ponto de consolidação;Ativo;22/06/2020
1508084-000;PA;Tucumã;1508084;ABREE;PEV fixo;Ativo;16/02/2019
2902401-000;BA;Aurelino Leal;2902401;ABREE;PEV fixo;Ativo;19/01/2020
3106200-060;MG;  Belo Horizonte ;3106200;ABREE;Campanha itinerante;Ativo;02/09/2020
5108956-003;MT;  Nova Monte Verde ;5108956;Green Eletron;PEV fixo;Ativo;09/09/2021
5218052-002;GO;PORTEIRÃO;5218052;Green Eletron;PEV fixo;Ativo;27/10/2021
2111300-064;MA;Sao Luis;2111300;Green Eletron;PEV fixo;Ativo;28/02/2021
2707602-000;AL;QUEBRANGULO;2707602;ABREE;PEV fixo;Ativo;23/10/2019
2700607-000;AL;Barra de São Miguel;2700607;ABREE;PEV fixo;Inativo;12/06/2021
3118908-000;MG;Cordisburgo;3118908;Green Eletron;Ponto de consolidação;Ativo;05/05/2019
4205407-023;SC;Florianopolis;4205407;ABREE;PEV fixo;Ativo;27/01/2019
2902104-000;BA;ARACI;2902104;ABREE;PEV fixo;Ativo;18/07/2021
5100359-000;MT;Alto Boa Vista;5100359;Sistema individual;PEV fixo;Ativo;24/09/2021
3301405-001;RJ;Conceição de Macabu;3301405;ABREE;PEV fixo;Ativo;22/07/2019
2304400-059;CE;Fortaleza;2304400;Green Eletron;Ponto de consolidação;Ativo;26/02/2021
2927408-028;BA;Salvador;2927408;Green Eletron;Ponto de consolidação;Ativo;09/04/2019
2304400-003;CE;Fortaleza;2304400;ABREE;PEV fixo;Ativo;20/02/2019
3529708-000;SP;Miguelopolis;3529708;Green Eletron;PEV fixo;Ativo;28/04/2021
2401453-000;RN;BARAÚNA;2401453;Sistema individual;PEV fixo;Ativo;18/10/2020
2211704-000;PI;  Wall Ferraz ;2211704;ABREE;Campanha itinerante;Ativo;20/12/2021
4123501-000;PR;Santa Helena;4123501;Green Eletron;PEV fixo;Ativo;27/10/2021
2611606-010;PE;RECIFE;2611606;ABREE;PEV fixo;Ativo;08/01/2020
2111300-015;MA;São Luís;;ABREE;PEV fixo;Ativo;05/12/2019
1504406-000;PA;Marapanim;1504406;ABREE;PEV fixo;Ativo;27/07/2019
2410207-000;RN;Portalegre;2410207;ABREE;PEV fixo;Ativo;13/01/2021
2901908-000;BA;APORÁ;2901908;Sistema individual;Ponto de consolidação;Inativo;22/05/2021
3304557-014;RJ;Rio de Janeiro;3304557;ABREE;PEV fixo;Ativo;15/11/2020
5205901-000;GO;CORUMBAÍBA;5205901;ABREE;Ponto de consolidação;Ativo;09/07/2020
3304557-060;RJ;Rio de Janeiro;3304557;ABREE;PEV fixo;Ativo;03/04/2020
1100205-005;RO;Porto Velho;1100205;ABREE;Ponto de consolidação;Ativo;02/02/2021
5207501-000;GO;Estrela do Norte;5207501;Sistema individual;Campanha itinerante;Ativo;09/09/2021
3538808-000;SP;PIRAJU;3538808;ABREE;PEV fixo;Ativo;24/03/2019
2111300-052;MA;SÃO LUÍS;2111300;ABREE;PEV fixo;Ativo;05/05/2020
3136405-000;MG;JOAQUIM FELÍCIO;3136405;ABREE;Campanha itinerante;Ativo;07/10/2019
3304557-056;RJ;  Rio de Janeiro ;3304557;ABREE;PEV fixo;Ativo;08/03/2020
5300108-014;DF;Brasília;5300108;ABREE;PEV fixo;Ativo;27/01/2019
3123528-001;MG;Durandé;3123528;Green Eletron;PEV fixo;Ativo;26/10/2020
4205407-010;SC;Florianopolis;4205407;ABREE;PEV fixo;Ativo;10/10/2019
2111300-022;MA;São Luís;2111300;ABREE;PEV fixo;Ativo;24/05/2019
3550308-184;SP;SÃO PAULO;3550308;ABREE;PEV fixo;Ativo;22/08/2021
1300805-001;AM;BORBA;1300805;Green Eletron;PEV fixo;Ativo;27/01/2021
3301108-002;RJ;  Cantagalo ;3301108;ABREE;Ponto de consolidação;Ativo;20/03/2020
3304557-103;RJ;Rio de Janeiro;3304557;Green Eletron;PEV fixo;Ativo;07/05/2021
4128534-000;PR;VENTANIA;4128534;Green Eletron;PEV fixo;Ativo;28/04/2019
2203750-000;PI;Fartura do Piauí;2203750;ABREE;PEV fixo;Ativo;17/05/2021
2708303-000;AL;Sao Jose da Laje;2708303;Green Eletron;PEV fixo;Ativo;02/02/2020
4205407-057;SC;Florianópolis;4205407;ABREE;Campanha itinerante;Ativo;14/04/2021
1302603-007;AM;MANAUS;1302603;ABREE;PEV fixo;Ativo;05/03/2021
3304508-008;RJ;Rio das Flores;3304508;Green Eletron;PEV fixo;Ativo;11/05/2021
4312658-000;RS;NÃO-ME-TOQUE;4312658;Sistema individual;PEV fixo;Ativo;24/03/2019
1705508-000;TO;Colinas do Tocantins;1705508;Green Eletron;PEV fixo;Ativo;11/07/2019
3550308-050;SP;São Paulo;3550308;ABREE;PEV fixo;Ativo;02/04/2019
3522703-001;SP;Itápolis;3522703;Green Eletron;PEV fixo;Ativo;05/03/2020
3550308-043;SP;São Paulo;3550308;ABREE;PEV fixo;Ativo;22/02/2019
5002100-000;MS;Bela Vista;5002100;ABREE;PEV fixo;Ativo;18/05/2021
3305307-001;RJ;São Sebastião do Alto;3305307;Green Eletron;PEV fixo;Ativo;13/04/2019
4314902-064;RS;Porto Alegre;4314902;ABREE;PEV fixo;Ativo;12/06/2021
2927408-005;BA;Salvador;2927408;Green Eletron;PEV fixo;Ativo;16/03/2019
3106200-044;MG;  Belo Horizonte ;3106200;Green Eletron;PEV fixo;Ativo;20/11/2020
2304251-007;CE;Cruz;2304251;ABREE;PEV fixo;Inativo;03/11/2021
3538808-010;SP;Piraju;3538808;Green Eletron;PEV fixo;Ativo;08/03/2019
2111300-042;MA;Sao Luis;2111300;Green Eletron;PEV fixo;Ativo;10/04/2020
2107605-000;MA;Palmeirândia;2107605;ABREE;PEV fixo;Ativo;14/11/2019
2615102-001;PE;  Terezinha ;2615102;Green Eletron;PEV fixo;Ativo;20/01/2019
5107040-000;MT;Primavera do Leste;5107040;ABREE;PEV fixo;Ativo;18/02/2020
3544004-002;SP;Rio das Pedras;3544004;Green Eletron;PEV fixo;Ativo;28/01/2021
4104451-000;PR;  Cantagalo ;4104451;ABREE;PEV fixo;Ativo;06/09/2020
5300108-019;DF;BRASÍLIA;5300108;ABREE;Ponto de consolidação;Ativo;04/10/2019
2105906-000;MA;Lago Verde;2105906;ABREE;PEV fixo;Ativo;04/07/2021
1200401-001;AC;Rio Branco;1200401;Green Eletron;PEV fixo;Ativo;12/07/2019
3535705-000;SP;PARAÍSO;3535705;Green Eletron;PEV fixo;Ativo;06/10/2021
3550308-006;SP;São Paulo;3550308;ABREE;PEV fixo;Ativo;23/10/2019
4310405-000;RS;Independência;4310405;Green Eletron;PEV fixo;Ativo;26/07/2021
2931509-000;BA;Teofilândia;2931509;Green Eletron;Ponto de consolidação;Ativo;23/12/2019
2924207-000;BA;Pedro Alexandre;2924207;Green Eletron;PEV fixo;Ativo;04/03/2020
3304557-100;RJ;Rio de Janeiro;3304557;ABREE;PEV fixo;Ativo;05/02/2021
2602704-000;PE;Buenos Aires;2602704;ABREE;PEV fixo;Ativo;06/08/2021
1302405-000;AM;Labrea;1302405;ABREE;Campanha itinerante;Ativo;17/08/2020
3535309-000;SP;PALMITAL;3535309;ABREE;PEV fixo;Ativo;14/08/2021
4205407-028;SC;Florianópolis;4205407;Green Eletron;Campanha itinerante;Ativo;26/04/2020
3554102-000;SP;Taubaté;3554102;ABREE;Ponto de consolidação;Ativo;17/12/2019
2909604-000;BA;Crisópolis;2909604;Sistema individual;PEV fixo;Ativo;24/11/2019
3106200-047;MG;BELO HORIZONTE;3106200;ABREE;PEV fixo;Ativo;22/04/2020
2203420-000;PI;Domingos Mourão;2203420;ABREE;Ponto de consolidação;Ativo;10/05/2020
2109304-000;MA;Presidente Vargas;2109304;ABREE;PEV fixo;Ativo;25/02/2021
3502903-000;SP;Araçoiaba da Serra;3502903;ABREE;PEV fixo;Ativo;22/06/2019
3501301-000;SP;Alvares Machado;3501301;Green Eletron;PEV fixo;Ativo;05/09/2019
3303302-003;RJ;NITERÓI;3303302;Green Eletron;PEV fixo;Ativo;26/12/2020
3304557-026;RJ;Rio de Janeiro;3304557;Green Eletron;PEV fixo;Ativo;13/05/2020
4317103-000;RS;SANT'ANA DO LIVRAMENTO;4317103;Sistema individual;PEV fixo;Ativo;05/06/2020
4217956-000;SC;Tigrinhos;4217956;ABREE;PEV fixo;Ativo;02/06/2019
3302403-003;RJ;  Macaé ;3302403;ABREE;PEV fixo;Ativo;20/05/2019
3501103-001;SP;Alto Alegre;3501103;Green Eletron;PEV fixo;Ativo;22/02/2020
2111300-012;MA;São Luís;2111300;ABREE;PEV fixo;Ativo;19/06/2019
3550308-210;SP;Sao Paulo;3550308;ABREE;Campanha itinerante;Ativo;04/03/2021
3550308-209;SP;São Paulo;3550308;ABREE;PEV fixo;Ativo;01/08/2021
3125507-000;MG;SÃO GONÇALO DO RIO PRETO;3125507;Sistema individual;PEV fixo;Ativo;25/04/2020
4314902-079;RS;Porto Alegre;4314902;ABREE;PEV fixo;Ativo;23/12/2021
3510708-001;SP;  Cardoso ;3510708;ABREE;PEV fixo;Ativo;12/10/2021
1503077-000;PA;Garrafão do Norte;1503077;Green Eletron;PEV fixo;Ativo;18/10/2019
2304400-032;CE;Fortaleza;2304400;Green Eletron;PEV fixo;Ativo;02/06/2020
1711951-000;TO;Lagoa do Tocantins;1711951;ABREE;PEV fixo;Ativo;25/02/2019
1505403-000;PA;Ourem;1505403;Green Eletron;PEV fixo;Ativo;01/07/2021
2500700-000;PB;São João do Rio do Peixe;2500700;Sistema individual;PEV fixo;Ativo;19/01/2019
3557105-000;SP;Votuporanga;3557105;ABREE;PEV fixo;Ativo;04/04/2020
2502201-000;PB;Bom Jesus;2502201;ABREE;PEV fixo;Ativo;20/02/2021
3304557-043;RJ;Rio de Janeiro;3304557;ABREE;PEV fixo;Ativo;16/09/2020
4205407-036;SC;  Florianópolis ;4205407;ABREE;PEV fixo;Ativo;24/02/2020
3532306-002;SP;NATIVIDADE DA SERRA;3532306;ABREE;PEV fixo;Ativo;06/03/2020
3120870-000;MG;Curral de Dentro;3120870;ABREE;Campanha itinerante;Ativo;20/09/2020
3533007-000;SP;Nova Granada;3533007;ABREE;PEV fixo;Ativo;07/05/2019
3167202-000;MG;Sete Lagoas;3167202;Sistema individual;PEV fixo;Ativo;26/08/2021
4106001-000;PR;Congonhinhas;4106001;ABREE;PEV fixo;Ativo;23/04/2019
2111300-019;MA;SÃO LUÍS;2111300;ABREE;PEV fixo;Ativo;12/11/2019
4319364-000;RS;SÃO PEDRO DAS MISSÕES;4319364;Green Eletron;PEV fixo;Ativo;26/08/2019
2205458-000;PI;JOCA MARQUES;2205458;Green Eletron;PEV fixo;Ativo;02/02/2020
2204550-000;PI;  Guaribas ;2204550;Green Eletron;PEV fixo;Ativo;09/02/2021
3532900-001;SP;Nova Europa;3532900;ABREE;PEV fixo;Ativo;26/02/2019
3539509-002;SP;Pitangueiras;3539509;ABREE;Ponto de consolidação;Ativo;23/10/2021
3304557-025;RJ;Rio de Janeiro;3304557;Green Eletron;PEV fixo;Ativo;12/10/2020
3550308-229;SP;SÃO PAULO;3550308;Green Eletron;PEV fixo;Ativo;09/07/2021
2927408-018;BA;Salvador;2927408;ABREE;PEV fixo;Ativo;12/06/2019
3155900-000;MG;Rio Preto;3155900;ABREE;Ponto de consolidação;Ativo;22/06/2019
3550308-075;SP;Sao Paulo;3550308;Green Eletron;PEV fixo;Ativo;08/08/2019
2304400-050;CE;Fortaleza;2304400;ABREE;PEV fixo;Ativo;13/09/2020
4301008-000;RS;ARROIO DO MEIO;4301008;Green Eletron;PEV fixo;Ativo;26/04/2019
3304805-000;RJ;SÃO FIDÉLIS;3304805;ABREE;PEV fixo;Ativo;16/03/2021
2927408-101;BA;SALVADOR;2927408;Green Eletron;Campanha itinerante;Ativo;26/11/2021
3304557-102;RJ;Rio de Janeiro;3304557;Sistema individual;PEV fixo;Ativo;24/10/2021
2503753-000;PB;Cajazeirinhas;2503753;Green Eletron;Ponto de consolidação;Ativo;01/06/2019
3549607-000;SP;São José do Barreiro;3549607;ABREE;Campanha itinerante;Ativo;13/08/2021
2611606-014;PE;Recife;2611606;ABREE;PEV fixo;Ativo;06/12/2020
5300108-045;DF;Brasília;5300108;ABREE;PEV fixo;Ativo;02/12/2020
3550308-081;SP;São Paulo;3550308;Sistema individual;PEV fixo;Ativo;22/05/2019
3205010-000;ES;Sooretama;3205010;ABREE;Campanha itinerante;Ativo;10/03/2020
2300705-000;CE;Alto Santo;2300705;ABREE;PEV fixo;Ativo;03/03/2020
2927408-081;BA;  Salvador ;2927408;Green Eletron;PEV fixo;Ativo;18/08/2021
5002704-005;MS;Campo Grande;5002704;Green Eletron;PEV fixo;Ativo;13/02/2021
3514205-000;SP;DOLCINÓPOLIS;3514205;ABREE;PEV fixo;Ativo;19/04/2021
1504901-000;PA;  Muaná ;1504901;ABREE;PEV fixo;Ativo;14/12/2020
3114006-000;MG;Carmo da Mata;3114006;Green Eletron;PEV fixo;Ativo;19/01/2019
3304557-073;RJ;Rio de Janeiro;3304557;ABREE;PEV fixo;Ativo;04/08/2021
4205407-015;SC;FLORIANÓPOLIS;4205407;ABREE;PEV fixo;Ativo;21/04/2019
3304557-104;RJ;RIO DE JANEIRO;3304557;Green Eletron;PEV fixo;Ativo;27/09/2021
3129707-000;MG;Ibiraci;3129707;Sistema individual;PEV fixo;Ativo;11/01/2019
2610103-000;PE;Palmeirina;2610103;Green Eletron;PEV fixo;Ativo;24/02/2021
4314902-047;RS;Porto Alegre;4314902;ABREE;PEV fixo;Ativo;08/07/2020
2105708-000;MA;Lago da Pedra;2105708;Green Eletron;PEV fixo;Ativo;01/09/2019
1304005-001;AM;Silves;1304005;ABREE;Campanha itinerante;Ativo;15/12/2020
2610103-001;PE;Palmeirina;;ABREE;PEV fixo;Ativo;14/06/2021
3550308-061;SP;São Paulo;3550308;Green Eletron;PEV fixo;Ativo;16/12/2019
3202454-001;ES;IBATIBA;3202454;ABREE;PEV fixo;Ativo;12/09/2021
3538808-004;SP;Piraju;3538808;Green Eletron;PEV fixo;Ativo;05/05/2019
5208707-006;GO;Goiânia;5208707;Green Eletron;PEV fixo;Ativo;27/07/2019
3106200-053;MG;BELO HORIZONTE;3106200;Green Eletron;PEV fixo;Ativo;08/09/2020
4205407-026;SC;Florianopolis;4205407;Green Eletron;PEV fixo;Ativo;25/09/2020
3532900-000;SP;Nova Europa;3532900;ABREE;PEV fixo;Ativo;16/10/2019
3169307-000;MG;TRÊS CORAÇÕES;3169307;Green Eletron;PEV fixo;Ativo;08/02/2020
3304557-094;RJ;Rio de Janeiro;3304557;Green Eletron;PEV fixo;Ativo;02/04/2021
2408102-013;RN;Natal;2408102;Green Eletron;PEV fixo;Ativo;08/11/2021
4312104-000;RS;Mata;4312104;ABREE;PEV fixo;Ativo;25/09/2019
4124400-000;PR;SANTO ANTÔNIO DO SUDOESTE;4124400;ABREE;PEV fixo;Ativo;22/11/2019
3550308-010;SP;São Paulo;3550308;ABREE;PEV fixo;Ativo;23/10/2019
3528106-000;SP;Macaubal;3528106;Sistema individual;PEV fixo;Ativo;10/02/2019
2105922-000;MA;Lagoa do Mato;2105922;Green Eletron;Ponto de consolidação;Ativo;27/08/2019
4304408-000;RS;Canela;4304408;Green Eletron;PEV fixo;Ativo;11/04/2021
3166956-000;MG;SERRANÓPOLIS DE MINAS;3166956;Green Eletron;PEV fixo;Ativo;08/10/2020
4108650-000;PR;Goioxim;4108650;Green Eletron;PEV fixo;Ativo;25/04/2019
3550506-000;SP;Sao Pedro do Turvo;3550506;ABREE;Ponto de consolidação;Ativo;12/11/2019
4211892-000;SC;PAINEL;4211892;ABREE;PEV fixo;Ativo;09/10/2019
3546603-001;SP;SANTA FÉ DO SUL;;ABREE;PEV fixo;Ativo;14/09/2021
5300108-030;DF;Brasilia;5300108;ABREE;PEV fixo;Ativo;21/10/2019
5107297-000;MT;São José do Povo;5107297;ABREE;PEV fixo;Ativo;04/01/2020
4115754-000;PR;MAUÁ DA SERRA;4115754;ABREE;PEV fixo;Ativo;15/04/2019
2616183-003;PE;VERTENTE DO LÉRIO;2616183;Green Eletron;PEV fixo;Ativo;08/11/2019
3205176-000;ES;Vila Valério;;Green Eletron;PEV fixo;Ativo;07/06/2021
2111300-024;MA;SÃO LUÍS;2111300;Green Eletron;PEV fixo;Ativo;10/10/2019
4317608-000;RS;Santo Antonio da Patrulha;4317608;ABREE;PEV fixo;Ativo;21/11/2020
3503703-003;SP;Ariranha;3503703;ABREE;PEV fixo;Ativo;13/12/2021
2610301-003;PE;Paranatama;2610301;ABREE;PEV fixo;Ativo;28/02/2021
3106200-129;MG;BELO HORIZONTE;3106200;ABREE;PEV fixo;Ativo;12/08/2021
3505203-002;SP;Bariri;3505203;ABREE;PEV fixo;Ativo;23/12/2020
3550308-250;SP;São Paulo;3550308;ABREE;Campanha itinerante;Ativo;25/11/2021
5300108-068;DF;BRASÍLIA;5300108;ABREE;Campanha itinerante;Ativo;11/10/2021
4106902-008;PR;Curitiba;4106902;ABREE;PEV fixo;Ativo;20/09/2020
1300904-000;AM;CANUTAMA;1300904;ABREE;Campanha itinerante;Ativo;27/09/2020
5208103-000;GO;Formoso;5208103;Green Eletron;PEV fixo;Ativo;25/10/2020
5101001-000;MT;Araguaiana;5101001;Sistema individual;PEV fixo;Ativo;18/08/2021
4205407-058;SC;Florianópolis;4205407;ABREE;PEV fixo;Ativo;24/03/2021
3106200-029;MG;Belo Horizonte;3106200;Green Eletron;PEV fixo;Ativo;11/02/2020
2605806-000;PE;Frei Miguelinho;2605806;Green Eletron;Ponto de consolidação;Ativo;07/05/2019
2112803-000;MA;Viana;2112803;Green Eletron;PEV fixo;Ativo;08/01/2019
4315800-000;RS;Roca Sales;4315800;ABREE;PEV fixo;Ativo;09/07/2019
3127388-000;MG;Goianá;3127388;Green Eletron;PEV fixo;Ativo;22/10/2019
4209458-000;SC;Lajeado Grande;4209458;Green Eletron;PEV fixo;Ativo;16/09/2021
5211701-000;GO;  Jandaia ;5211701;ABREE;Campanha itinerante;Inativo;02/02/2021
3163904-000;MG;Sao Pedro da Uniao;3163904;Sistema individual;PEV fixo;Ativo;01/06/2020
2313104-000;CE;Tabuleiro do Norte;2313104;ABREE;Campanha itinerante;Ativo;02/08/2020
2919306-000;BA;Lencois;2919306;ABREE;PEV fixo;Ativo;23/06/2021
3550308-049;SP;São Paulo;3550308;ABREE;Campanha itinerante;Ativo;26/08/2019
2100808-000;MA;  Anapurus ;2100808;ABREE;PEV fixo;Ativo;10/02/2021
4205407-000;SC;Florianópolis;4205407;ABREE;PEV fixo;Ativo;25/01/2019
4111258-000;PR;Itaperuçu;4111258;Green Eletron;PEV fixo;Ativo;04/07/2019
5105622-000;MT;Mirassol d'Oeste;5105622;Sistema individual;PEV fixo;Ativo;12/01/2021
3142304-000;MG;Moeda;3142304;ABREE;PEV fixo;Ativo;28/04/2019
5300108-023;DF;BRASÍLIA;5300108;ABREE;PEV fixo;Ativo;10/10/2019
3304557-012;RJ;RIO DE JANEIRO;3304557;Green Eletron;Ponto de consolidação;Ativo;15/05/2020
2405801-000;RN;  João Câmara ;2405801;Green Eletron;Ponto de consolidação;Ativo;18/01/2020
2929909-000;BA;SEABRA;2929909;ABREE;PEV fixo;Ativo;22/07/2019
2904050-000;BA;BONITO;2904050;ABREE;PEV fixo;Ativo;19/12/2021
2300705-001;CE;Alto Santo;2300705;Green Eletron;Ponto de consolidação;Ativo;04/09/2020
3516903-000;SP;General Salgado;3516903;Green Eletron;PEV fixo;Ativo;28/12/2019
3110400-000;MG;Camacho;3110400;Green Eletron;PEV fixo;Ativo;21/03/2019
2611606-006;PE;Recife;2611606;ABREE;PEV fixo;Ativo;11/04/2020
2603207-000;PE;Caetes;2603207;ABREE;PEV fixo;Ativo;16/08/2019
4205407-053;SC;Florianópolis;4205407;ABREE;PEV fixo;Ativo;15/01/2021
2704302-005;AL;MACEIÓ;2704302;Green Eletron;PEV fixo;Ativo;03/11/2021
4219101-000;SC;  Vargeão ;4219101;Green Eletron;PEV fixo;Ativo;13/01/2019
2927408-010;BA;Salvador;2927408;Green Eletron;PEV fixo;Ativo;09/12/2019
4100202-000;PR;Adrianópolis;4100202;Green Eletron;Campanha itinerante;Ativo;26/04/2021
4111209-000;PR;Itapejara d'Oeste;4111209;Green Eletron;PEV fixo;Ativo;14/07/2020
4314902-073;RS;Porto Alegre;4314902;Green Eletron;PEV fixo;Ativo;10/10/2021
5205109-000;GO;Catalão;5205109;ABREE;Ponto de consolidação;Ativo;11/09/2021
1304401-000;AM;Urucurituba;1304401;ABREE;Ponto de consolidação;Ativo;11/01/2021
3150406-000;MG;Piedade dos Gerais;3150406;Green Eletron;Ponto de consolidação;Ativo;10/02/2020
2301406-000;CE;Aratuba;2301406;Green Eletron;Ponto de consolidação;Ativo;04/05/2021
3517703-000;SP;GUARÁ;3517703;ABREE;PEV fixo;Ativo;08/02/2019
5006408-000;MS;PEDRO GOMES;5006408;Green Eletron;PEV fixo;Ativo;02/07/2019
4314902-001;RS;Porto Alegre;4314902;Sistema individual;PEV fixo;Ativo;10/01/2020
2210052-000;PI;São José do Divino;2210052;ABREE;PEV fixo;Ativo;23/09/2019
3546009-002;SP;Santa Branca;3546009;Green Eletron;PEV fixo;Ativo;27/10/2019
3159209-000;MG;Santa Rita de Caldas;3159209;Green Eletron;PEV fixo;Inativo;15/08/2020
3526803-000;SP;Lençóis Paulista;3526803;ABREE;Campanha itinerante;Ativo;02/09/2019
1711902-000;TO;Lagoa da Confusão;1711902;Green Eletron;Ponto de consolidação;Ativo;27/02/2021
3301108-014;RJ;Cantagalo;3301108;Green Eletron;PEV fixo;Ativo;04/04/2021
3532009-011;SP;Morungaba;3532009;ABREE;PEV fixo;Ativo;17/09/2021
3532900-016;SP;NOVA EUROPA;3532900;Green Eletron;PEV fixo;Ativo;20/03/2021
3304557-019;RJ;Rio de Janeiro;3304557;ABREE;PEV fixo;Ativo;17/11/2020
2923035-000;BA;  Novo Horizonte ;2923035;ABREE;PEV fixo;Ativo;23/11/2021
4124301-000;PR;  Santo Antônio do Paraíso ;4124301;ABREE;PEV fixo;Ativo;02/01/2020
3115201-000;MG;Conceição da Barra de Minas;3115201;ABREE;PEV fixo;Ativo;26/01/2019
3133501-000;MG;Itapecerica;3133501;ABREE;PEV fixo;Ativo;20/07/2019
3550308-202;SP;São Paulo;3550308;Green Eletron;PEV fixo;Ativo;13/08/2021
3169505-000;MG;Tumiritinga;3169505;ABREE;PEV fixo;Ativo;08/09/2019
3517703-001;SP;Guará;3517703;ABREE;PEV fixo;Ativo;14/12/2020
4217758-000;SC;Sul Brasil;4217758;Green Eletron;Ponto de consolidação;Ativo;02/02/2021
3555109-004;SP;Tupi Paulista;3555109;ABREE;PEV fixo;Ativo;14/02/2020
3503158-000;SP;ARAPEÍ;3503158;Green Eletron;Campanha itinerante;Ativo;10/07/2021
2927408-095;BA;Salvador;2927408;Green Eletron;PEV fixo;Ativo;10/09/2021
3548401-000;SP;Santópolis do Aguapeí;3548401;ABREE;Ponto de consolidação;Ativo;08/06/2021
3500105-000;SP;Adamantina;3500105;Green Eletron;PEV fixo;Ativo;08/07/2021
2211001-011;PI;Teresina;2211001;ABREE;PEV fixo;Ativo;01/02/2020
2304400-044;CE;FORTALEZA;2304400;ABREE;PEV fixo;Ativo;06/05/2020
4314902-074;RS;PORTO ALEGRE;4314902;Sistema individual;PEV fixo;Ativo;13/06/2021
5300108-020;DF;Brasília;5300108;ABREE;PEV fixo;Ativo;11/10/2019
3550308-133;SP;São Paulo;3550308;ABREE;PEV fixo;Ativo;23/08/2020
4117909-000;PR;Palotina;4117909;ABREE;PEV fixo;Ativo;16/02/2020
3538808-019;SP;  Piraju ;3538808;Sistema individual;Ponto de consolidação;Ativo;15/07/2021
1501402-012;PA;  Belém ;1501402;ABREE;PEV fixo;Ativo;20/04/2021
4205407-047;SC;  Florianópolis ;4205407;ABREE;Ponto de consolidação;Ativo;12/11/2021
2602308-000;PE;Bonito;2602308;Green Eletron;PEV fixo;Ativo;06/03/2021
3106200-045;MG;Belo Horizonte;3106200;Green Eletron;PEV fixo;Ativo;28/04/2020
5300108-027;DF;BRASÍLIA;5300108;ABREE;Campanha itinerante;Ativo;15/10/2019
5105259-000;MT;Lucas do Rio Verde;5105259;ABREE;PEV fixo;Ativo;06/10/2021
4314902-008;RS;PORTO ALEGRE;4314902;ABREE;PEV fixo;Ativo;15/08/2020
3546207-000;SP;Santa Cruz da Conceicao;3546207;Green Eletron;PEV fixo;Ativo;12/07/2021
3205309-004;ES;Vitoria;3205309;Green Eletron;PEV fixo;Ativo;11/04/2020
4106902-020;PR;Curitiba;4106902;ABREE;PEV fixo;Ativo;12/07/2020
2611606-007;PE;Recife;2611606;Sistema individual;PEV fixo;Ativo;23/10/2020
3553500-000;SP;  Tapiraí ;3553500;Green Eletron;PEV fixo;Inativo;01/01/2020
5005152-000;MS;Juti;5005152;Green Eletron;PEV fixo;Ativo;22/11/2019
3106200-018;MG;Belo Horizonte;3106200;ABREE;PEV fixo;Ativo;12/07/2020
1718808-000;TO;Sampaio;1718808;Green Eletron;PEV fixo;Ativo;24/08/2020
4119608-000;PR;Pitanga;4119608;ABREE;PEV fixo;Ativo;17/05/2019
3167707-000;MG;Sobrália;3167707;ABREE;PEV fixo;Ativo;24/07/2019
2927408-086;BA;Salvador;2927408;ABREE;PEV fixo;Ativo;10/06/2021
4321709-000;RS;Tres Coroas;4321709;ABREE;PEV fixo;Ativo;14/08/2020
4205407-009;SC;Florianópolis;4205407;ABREE;PEV fixo;Ativo;09/01/2019
1301951-001;AM;Itamarati;1301951;ABREE;PEV fixo;Ativo;27/11/2020
4105102-000;PR;Centenário do Sul;4105102;Green Eletron;PEV fixo;Ativo;26/12/2020
2610608-000;PE;Paudalho;2610608;Green Eletron;PEV fixo;Ativo;27/07/2021
4215356-000;SC;Saltinho;4215356;ABREE;PEV fixo;Ativo;11/07/2020
4308078-000;RS;Fazenda Vilanova;4308078;ABREE;PEV fixo;Inativo;17/07/2019
3550308-087;SP;SÃO PAULO;3550308;ABREE;PEV fixo;Ativo;16/02/2019
2210979-000;PI;Tanque do Piauí;2210979;ABREE;Campanha itinerante;Ativo;28/01/2020
4205407-012;SC;FLORIANÓPOLIS;4205407;ABREE;PEV fixo;Ativo;26/06/2019
2901304-000;BA;Andaraí;2901304;Green Eletron;PEV fixo;Ativo;01/03/2020
3508306-000;SP;  Cabrália Paulista ;3508306;Green Eletron;PEV fixo;Ativo;16/01/2020
2303105-000;CE;CARIRÉ;2303105;ABREE;PEV fixo;Ativo;06/12/2021
3549250-000;SP;São João de Iracema;3549250;Sistema individual;Campanha itinerante;Ativo;12/12/2019
2107100-000;MA;Morros;2107100;Green Eletron;PEV fixo;Ativo;08/03/2020
2804904-000;SE;Pacatuba;2804904;ABREE;PEV fixo;Ativo;12/07/2020
3148905-000;MG;Pedra do Indaiá;3148905;ABREE;PEV fixo;Ativo;07/09/2021
3304557-009;RJ;Rio de Janeiro;3304557;ABREE;PEV fixo;Ativo;08/02/2020
3527801-000;SP;LUPÉRCIO;3527801;Sistema individual;Campanha itinerante;Ativo;24/04/2019
3150539-000;MG;  Pingo-d'Água ;3150539;Green Eletron;Campanha itinerante;Ativo;22/06/2019
2905503-001;BA;Caldeirao Grande;2905503;Green Eletron;PEV fixo;Ativo;03/09/2020
4217253-000;SC;São Pedro de Alcântara;4217253;Green Eletron;Campanha itinerante;Ativo;17/06/2019
2603603-000;PE;Camutanga;2603603;ABREE;PEV fixo;Ativo;14/06/2019
3304557-041;RJ;RIO DE JANEIRO;3304557;ABREE;PEV fixo;Ativo;05/05/2020
2927408-060;BA;Salvador;2927408;ABREE;PEV fixo;Ativo;03/01/2020
4106902-024;PR;Curitiba;4106902;Green Eletron;PEV fixo;Ativo;10/08/2020
3142908-000;MG;Monte Azul;3142908;Green Eletron;PEV fixo;Ativo;26/10/2020
2512705-000;PB;REMÍGIO;2512705;ABREE;PEV fixo;Ativo;18/08/2021
3550308-153;SP;SÃO PAULO;3550308;ABREE;PEV fixo;Ativo;02/11/2020
5000856-000;MS;Angélica;5000856;Green Eletron;PEV fixo;Ativo;26/04/2019
1200401-004;AC;Rio Branco;1200401;Green Eletron;PEV fixo;Ativo;21/11/2021
4316972-000;RS;Santa Margarida do Sul;4316972;Green Eletron;PEV fixo;Ativo;05/12/2020
2107001-000;MA;MONTES ALTOS;2107001;ABREE;Ponto de consolidação;Ativo;05/01/2021
3138351-000;MG;Leme do Prado;3138351;ABREE;Ponto de consolidação;Ativo;04/03/2020
1720978-000;TO;Talisma;1720978;ABREE;PEV fixo;Ativo;16/03/2020
1508209-001;PA;Vigia;1508209;Green Eletron;PEV fixo;Ativo;20/07/2019
3550308-186;SP;Sao Paulo;3550308;ABREE;PEV fixo;Ativo;05/06/2021
3537404-001;SP;Pereira Barreto;3537404;Green Eletron;PEV fixo;Ativo;28/07/2020
4122503-000;PR;Roncador;4122503;ABREE;PEV fixo;Ativo;24/11/2021
2611606-024;PE;RECIFE;2611606;ABREE;PEV fixo;Ativo;25/11/2020
3106200-021;MG;Belo Horizonte;3106200;Green Eletron;Ponto de consolidação;Ativo;27/11/2020
2304400-040;CE;  Fortaleza ;2304400;Green Eletron;PEV fixo;Ativo;06/04/2020
3550308-154;SP;SÃO PAULO;;Green Eletron;PEV fixo;Ativo;04/08/2020
5218052-001;GO;Porteirão;5218052;ABREE;PEV fixo;Ativo;04/04/2020
3550308-242;SP;SÃO PAULO;3550308;ABREE;PEV fixo;Ativo;05/02/2021
1506708-000;PA;SANTANA DO ARAGUAIA;1506708;Green Eletron;Ponto de consolidação;Ativo;20/06/2019
3550308-217;SP;São Paulo;3550308;ABREE;PEV fixo;Ativo;06/05/2021
2200202-000;PI;Agua Branca;2200202;ABREE;PEV fixo;Ativo;21/08/2020
2922805-000;BA;Nova Itarana;2922805;Green Eletron;PEV fixo;Ativo;02/05/2019
3305307-009;RJ;Sao Sebastiao do Alto;3305307;ABREE;PEV fixo;Ativo;27/03/2021
2111300-065;MA;SÃO LUÍS;2111300;ABREE;PEV fixo;Ativo;27/02/2021
4106902-009;PR;Curitiba;4106902;ABREE;PEV fixo;Inativo;18/09/2020
2111300-049;MA;São Luís;2111300;Green Eletron;PEV fixo;Ativo;21/06/2020
3302502-000;RJ;Mage;3302502;Green Eletron;PEV fixo;Ativo;10/03/2020
3128105-000;MG;Guapé;3128105;Green Eletron;Ponto de consolidação;Ativo;21/06/2019
4126272-000;PR;Saudade do Iguaçu;4126272;Green Eletron;PEV fixo;Ativo;05/04/2021
3106200-107;MG;BELO HORIZONTE;3106200;ABREE;PEV fixo;Ativo;19/12/2021
3163805-000;MG;São Miguel do Anta;3163805;ABREE;PEV fixo;Ativo;14/12/2019
3550308-145;SP;SÃO PAULO;3550308;ABREE;PEV fixo;Ativo;22/07/2020
3549508-006;SP;  São José da Bela Vista ;3549508;Green Eletron;PEV fixo;Ativo;16/11/2021
2309904-003;CE;Pacujá;2309904;ABREE;PEV fixo;Ativo;24/09/2020
1721000-005;TO;Palmas;1721000;Green Eletron;PEV fixo;Ativo;19/12/2020
5107792-000;MT;Santo Antonio do Leste;5107792;Sistema individual;PEV fixo;Ativo;19/11/2020
2611606-038;PE;RECIFE;2611606;Green Eletron;PEV fixo;Ativo;25/08/2021
3555109-007;SP;Tupi Paulista;3555109;ABREE;PEV fixo;Ativo;11/12/2021
2927408-031;BA;Salvador;2927408;ABREE;PEV fixo;Ativo;11/04/2019
3106200-143;MG;Belo Horizonte;3106200;ABREE;Ponto de consolidação;Ativo;14/05/2021
3507100-000;SP;Bom Jesus dos Perdões;3507100;ABREE;PEV fixo;Ativo;05/02/2021
4314902-051;RS;Porto Alegre;4314902;Green Eletron;PEV fixo;Ativo;19/05/2020
2927408-075;BA;Salvador;2927408;ABREE;PEV fixo;Ativo;05/01/2021
2927408-099;BA;Salvador;2927408;Green Eletron;PEV fixo;Ativo;06/12/2021
3140159-000;MG;Mário Campos;3140159;ABREE;PEV fixo;Ativo;23/04/2020
2901700-000;BA;Antônio Cardoso;2901700;ABREE;PEV fixo;Ativo;11/12/2020
3302858-001;RJ;Mesquita;3302858;ABREE;PEV fixo;Ativo;04/11/2021
3121100-000;MG;Delfim Moreira;3121100;ABREE;Ponto de consolidação;Ativo;06/07/2020
3304557-039;RJ;Rio de Janeiro;3304557;Green Eletron;PEV fixo;Ativo;26/07/2020
4319901-000;RS;SAPIRANGA;4319901;Sistema individual;PEV fixo;Ativo;14/12/2019
2801207-000;SE;CANINDÉ DE SÃO FRANCISCO;2801207;Green Eletron;PEV fixo;Ativo;17/07/2021
3137205-000;MG;LAGOA DA PRATA;3137205;ABREE;PEV fixo;Ativo;24/10/2021
2111300-053;MA;São Luís;2111300;Green Eletron;PEV fixo;Ativo;27/04/2021
1501204-005;PA;Baião;1501204;Green Eletron;PEV fixo;Ativo;03/06/2020
4120903-000;PR;Quedas do Iguacu;4120903;Green Eletron;PEV fixo;Ativo;28/12/2019
4215703-000;SC;Santo Amaro da Imperatriz;4215703;ABREE;Ponto de consolidação;Ativo;12/03/2019
2927408-002;BA;Salvador;2927408;ABREE;PEV fixo;Ativo;01/07/2019
4310439-000;RS;Ipê;4310439;ABREE;PEV fixo;Ativo;25/01/2019
1502939-000;PA;DOM ELISEU;1502939;Green Eletron;PEV fixo;Ativo;21/11/2019
3305307-006;RJ;São Sebastião do Alto;3305307;Green Eletron;PEV fixo;Ativo;11/02/2020
3304557-046;RJ;Rio de Janeiro;3304557;ABREE;Campanha itinerante;Ativo;24/02/2020
3532900-015;SP;Nova Europa;3532900;Green Eletron;Campanha itinerante;Ativo;25/05/2021
4301206-000;RS;ARROIO DO TIGRE;4301206;ABREE;PEV fixo;Ativo;27/04/2020
2924603-000;BA;PINDOBAÇU;2924603;ABREE;PEV fixo;Ativo;09/09/2019
3124005-000;MG;Ervália;;Green Eletron;PEV fixo;Ativo;19/07/2021
5103437-000;MT;Curvelândia;;Green Eletron;PEV fixo;Ativo;24/11/2021
4205407-019;SC;FLORIANÓPOLIS;4205407;Green Eletron;Campanha itinerante;Ativo;12/09/2019
2107803-000;MA;Parnarama;2107803;Green Eletron;PEV fixo;Ativo;25/05/2021
3123528-002;MG;Durandé;3123528;ABREE;Ponto de consolidação;Ativo;21/01/2020
2927408-042;BA;  Salvador ;2927408;ABREE;PEV fixo;Ativo;12/02/2019
1501402-005;PA;BELÉM;1501402;ABREE;PEV fixo;Ativo;13/12/2020
2111300-038;MA;São Luís;2111300;Green Eletron;PEV fixo;Ativo;27/04/2020
2611606-029;PE;Recife;2611606;ABREE;PEV fixo;Ativo;04/02/2020
1507151-004;PA;São Domingos do Araguaia;1507151;Green Eletron;PEV fixo;Ativo;05/12/2021
2927408-049;BA;SALVADOR;2927408;Green Eletron;PEV fixo;Ativo;24/06/2020
4305306-000;RS;Chapada;4305306;Sistema individual;PEV fixo;Ativo;26/12/2020
4217402-000;SC;Schroeder;4217402;Green Eletron;Ponto de consolidação;Ativo;02/03/2019
4106902-043;PR;Curitiba;4106902;Green Eletron;PEV fixo;Inativo;10/08/2021
3136959-000;MG;Juvenília;3136959;Green Eletron;Campanha itinerante;Ativo;06/05/2021
4209805-000;SC;Leoberto Leal;4209805;Green Eletron;Ponto de consolidação;Ativo;16/10/2019
3107000-000;MG;Biquinhas;3107000;ABREE;PEV fixo;Ativo;05/10/2020
4314902-076;RS;Porto Alegre;4314902;Green Eletron;PEV fixo;Ativo;12/01/2021
3303302-001;RJ;Niterói;3303302;Green Eletron;Ponto de consolidação;Ativo;14/09/2020
3165305-000;MG;  São Vicente de Minas ;3165305;Green Eletron;PEV fixo;Ativo;13/03/2021
2111706-000;MA;São Vicente Ferrer;2111706;ABREE;Ponto de consolidação;Ativo;21/04/2019
4205407-017;SC;Florianopolis;4205407;Green Eletron;PEV fixo;Ativo;27/03/2019
3550308-224;SP;São Paulo;3550308;ABREE;PEV fixo;Ativo;14/03/2021
4314027-000;RS;Paraíso do Sul;4314027;Green Eletron;PEV fixo;Ativo;09/08/2020
4205407-022;SC;FLORIANÓPOLIS;4205407;ABREE;PEV fixo;Ativo;24/12/2019
2304400-054;CE;Fortaleza;2304400;Green Eletron;PEV fixo;Ativo;23/09/2021
3106200-013;MG;BELO HORIZONTE;3106200;Green Eletron;PEV fixo;Ativo;26/07/2020
5006358-000;MS;Paranhos;5006358;Green Eletron;PEV fixo;Ativo;15/10/2021
3543006-002;SP;RIBEIRÃO BRANCO;3543006;ABREE;PEV fixo;Ativo;10/06/2020
3550308-137;SP;São Paulo;3550308;Green Eletron;Ponto de consolidação;Ativo;13/10/2020
2111300-039;MA;SÃO LUÍS;2111300;Green Eletron;PEV fixo;Ativo;23/06/2020
2301109-000;CE;ARACATI;2301109;Green Eletron;PEV fixo;Ativo;07/09/2020
3304557-045;RJ;RIO DE JANEIRO;3304557;Sistema individual;PEV fixo;Ativo;26/10/2020
2503605-000;PB;CAIÇARA;2503605;Sistema individual;PEV fixo;Ativo;12/09/2020
3106200-141;MG;Belo Horizonte;3106200;ABREE;PEV fixo;Ativo;22/03/2021
3158904-000;MG;Santana do Manhuacu;3158904;Green Eletron;PEV fixo;Ativo;17/08/2019
2909208-000;BA;Coronel João Sá;2909208;Green Eletron;Ponto de consolidação;Inativo;17/01/2019
3538808-024;SP;Piraju;3538808;ABREE;PEV fixo;Ativo;13/02/2021
1718550-000;TO;Riachinho;1718550;Green Eletron;PEV fixo;Ativo;11/09/2020
2207751-000;PI;PASSAGEM FRANCA DO PIAUÍ;2207751;ABREE;PEV fixo;Ativo;16/09/2021
4128708-000;PR;Vitorino;4128708;Green Eletron;PEV fixo;Ativo;27/09/2020
1600808-000;AP;VITÓRIA DO JARI;1600808;Green Eletron;PEV fixo;Ativo;04/04/2021
3550308-101;SP;São Paulo;3550308;Green Eletron;PEV fixo;Ativo;07/05/2019
3106200-036;MG;BELO HORIZONTE;3106200;ABREE;PEV fixo;Ativo;27/06/2020
3304557-006;RJ;Rio de Janeiro;3304557;ABREE;PEV fixo;Ativo;27/01/2020
3304557-030;RJ;RIO DE JANEIRO;3304557;ABREE;PEV fixo;Ativo;08/01/2020
2111300-072;MA;Sao Luis;2111300;ABREE;PEV fixo;Ativo;19/09/2021
3167103-000;MG;Serro;3167103;Sistema individual;PEV fixo;Ativo;03/06/2019
3550308-062;SP;Sao Paulo;3550308;Green Eletron;PEV fixo;Ativo;21/08/2019
3304557-049;RJ;Rio de Janeiro;3304557;Sistema individual;PEV fixo;Ativo;17/09/2020
4106902-011;PR;  Curitiba ;4106902;Green Eletron;PEV fixo;Ativo;26/06/2020
1100098-000;RO;Espigão D'Oeste;1100098;Green Eletron;PEV fixo;Ativo;06/06/2020
5209606-000;GO;HEITORAÍ;5209606;ABREE;PEV fixo;Ativo;12/04/2019
2211001-012;PI;Teresina;2211001;ABREE;PEV fixo;Ativo;23/02/2020
3552551-000;SP;Suzanápolis;3552551;ABREE;PEV fixo;Ativo;01/05/2021
4306734-000;RS;Doutor Maurício Cardoso;4306734;ABREE;PEV fixo;Ativo;27/03/2019
1501402-001;PA;Belém;1501402;ABREE;PEV fixo;Ativo;04/09/2020
3555109-003;SP;Tupi Paulista;3555109;ABREE;PEV fixo;Ativo;02/09/2020
4315131-000;RS;POUSO NOVO;4315131;ABREE;PEV fixo;Ativo;12/12/2019
1301803-000;AM;Ipixuna;1301803;Green Eletron;PEV fixo;Ativo;06/09/2019
2805109-000;SE;Pedrinhas;2805109;Green Eletron;PEV fixo;Ativo;22/06/2019
3550308-165;SP;SÃO PAULO;3550308;ABREE;PEV fixo;Ativo;11/11/2020
3169307-001;MG;Três Corações;3169307;Sistema individual;PEV fixo;Ativo;25/06/2020
5300108-052;DF;Brasília;5300108;Green Eletron;PEV fixo;Ativo;04/07/2021
3549904-000;SP;SÃO JOSÉ DOS CAMPOS;3549904;ABREE;PEV fixo;Ativo;06/10/2020
3503703-002;SP;Ariranha;3503703;ABREE;Ponto de consolidação;Ativo;12/02/2020
3145000-000;MG;NOVA PONTE;3145000;Green Eletron;PEV fixo;Ativo;06/03/2020
3106200-039;MG;BELO HORIZONTE;3106200;Green Eletron;PEV fixo;Ativo;02/02/2020
3301405-007;RJ;Conceição de Macabu;3301405;Green Eletron;PEV fixo;Ativo;18/03/2021
3301702-000;RJ;Duque de Caxias;3301702;ABREE;PEV fixo;Ativo;23/01/2019
2615102-004;PE;  Terezinha ;2615102;ABREE;PEV fixo;Ativo;09/09/2021
4314902-088;RS;Porto Alegre;4314902;Green Eletron;PEV fixo;Ativo;26/12/2021
3546603-000;SP;Santa Fé do Sul;3546603;Green Eletron;Ponto de consolidação;Ativo;25/06/2020
3106200-120;MG;Belo Horizonte;3106200;Green Eletron;PEV fixo;Ativo;13/10/2021
3550308-187;SP;SÃO PAULO;3550308;ABREE;PEV fixo;Ativo;06/07/2021
3304557-097;RJ;  Rio de Janeiro ;3304557;Green Eletron;PEV fixo;Ativo;07/06/2021
3514908-000;SP;Elias Fausto;3514908;ABREE;PEV fixo;Ativo;17/02/2021
1101708-000;RO;Urupá;1101708;Green Eletron;PEV fixo;Ativo;06/06/2019
2700805-000;AL;Belém;2700805;ABREE;PEV fixo;Ativo;17/10/2020
3301504-000;RJ;Cordeiro;;Green Eletron;PEV fixo;Ativo;27/04/2019
2111102-000;MA;São João dos Patos;2111102;ABREE;PEV fixo;Ativo;21/11/2019
2611606-048;PE;RECIFE;2611606;ABREE;PEV fixo;Ativo;06/12/2021
5101803-000;MT;Barra do Garcas;5101803;Sistema individual;Ponto de consolidação;Ativo;12/12/2020
5300108-053;DF;Brasília;5300108;Green Eletron;PEV fixo;Ativo;08/06/2021
2927408-024;BA;  Salvador ;2927408;ABREE;PEV fixo;Ativo;05/08/2019
4115457-000;PR;  Marquinho ;4115457;ABREE;PEV fixo;Ativo;28/04/2019
2202000-000;PI;BURITI DOS LOPES;2202000;ABREE;PEV fixo;Ativo;19/02/2021
3304557-002;RJ;Rio de Janeiro;3304557;Green Eletron;PEV fixo;Ativo;02/08/2020
3106200-020;MG;BELO HORIZONTE;3106200;ABREE;PEV fixo;Inativo;27/01/2020
3550308-134;SP;Sao Paulo;3550308;Sistema individual;PEV fixo;Ativo;10/10/2020
3532504-002;SP;Neves Paulista;3532504;ABREE;PEV fixo;Ativo;27/09/2020
3538808-001;SP;PIRAJU;3538808;ABREE;PEV fixo;Ativo;01/06/2019
4306007-000;RS;CRISSIUMAL;4306007;Green Eletron;PEV fixo;Ativo;04/11/2019
2605004-000;PE;Cupira;2605004;ABREE;PEV fixo;Ativo;18/09/2019
2913457-000;BA;Igrapiúna;2913457;Green Eletron;Ponto de consolidação;Ativo;05/05/2020
3503703-000;SP;Ariranha;3503703;ABREE;PEV fixo;Ativo;11/11/2020
2611101-000;PE;PETROLINA;2611101;Green Eletron;PEV fixo;Ativo;19/04/2020
2404101-000;RN;Galinhos;2404101;Green Eletron;PEV fixo;Ativo;14/12/2019
2111300-010;MA;São Luís;2111300;ABREE;PEV fixo;Ativo;07/03/2019
3300902-004;RJ;Cambuci;3300902;ABREE;Ponto de consolidação;Ativo;17/12/2021
4314902-066;RS;  Porto Alegre ;4314902;Sistema individual;PEV fixo;Ativo;25/04/2021
3550308-025;SP;SÃO PAULO;3550308;Green Eletron;PEV fixo;Ativo;06/09/2019
5300108-005;DF;Brasília;5300108;Green Eletron;PEV fixo;Ativo;17/06/2019
2100600-000;MA;Amarante do Maranhão;2100600;ABREE;Ponto de consolidação;Ativo;19/07/2020
3134301-000;MG;Itumirim;3134301;ABREE;Ponto de consolidação;Ativo;05/08/2019
2209302-000;PI;Santa Luz;2209302;ABREE;PEV fixo;Ativo;20/11/2019
2304251-006;CE;Cruz;2304251;ABREE;PEV fixo;Ativo;25/04/2021
5300108-011;DF;Brasília;5300108;ABREE;PEV fixo;Ativo;12/01/2019
2927408-013;BA;SALVADOR;2927408;ABREE;Campanha itinerante;Ativo;12/06/2019
3102308-000;MG;Alvinópolis;3102308;Green Eletron;PEV fixo;Ativo;10/07/2021
1717503-000;TO;  Pium ;1717503;ABREE;PEV fixo;Ativo;24/06/2019
3551504-000;SP;  Serrana ;3551504;Green Eletron;PEV fixo;Ativo;09/03/2019
3304557-079;RJ;RIO DE JANEIRO;3304557;Green Eletron;PEV fixo;Ativo;08/07/2021
2901205-000;BA;ANAGÉ;2901205;ABREE;PEV fixo;Ativo;05/12/2019
1501204-008;PA;Baião;1501204;ABREE;PEV fixo;Ativo;27/02/2021
2107506-000;MA;PAÇO DO LUMIAR;2107506;ABREE;PEV fixo;Ativo;16/03/2019
2504207-000;PB;CATINGUEIRA;2504207;Green Eletron;Campanha itinerante;Ativo;15/06/2020
3300902-003;RJ;  Cambuci ;3300902;Green Eletron;PEV fixo;Ativo;03/01/2021
2927408-027;BA;Salvador;2927408;ABREE;PEV fixo;Ativo;22/12/2019
3302700-002;RJ;MARICÁ;3302700;ABREE;PEV fixo;Ativo;03/05/2019
3549706-002;SP;Sao Jose do Rio Pardo;3549706;Green Eletron;PEV fixo;Ativo;13/06/2021
2304400-022;CE;Fortaleza;2304400;Green Eletron;PEV fixo;Ativo;08/06/2019
4314902-016;RS;Porto Alegre;4314902;Sistema individual;PEV fixo;Ativo;15/03/2020
3106200-040;MG;  Belo Horizonte ;3106200;Green Eletron;PEV fixo;Ativo;12/02/2020
3538808-005;SP;Piraju;3538808;Sistema individual;PEV fixo;Ativo;02/05/2019
2413102-000;RN;Senador Elói de Souza;2413102;Sistema individual;PEV fixo;Ativo;20/11/2020
3146107-000;MG;OURO PRETO;3146107;Green Eletron;PEV fixo;Ativo;26/05/2020
4315149-000;RS;Presidente Lucena;4315149;ABREE;PEV fixo;Ativo;16/04/2019
3528700-000;SP;Marabá Paulista;3528700;ABREE;PEV fixo;Ativo;11/02/2019
2300705-005;CE;Alto Santo;2300705;Green Eletron;Ponto de consolidação;Ativo;15/02/2021
3157377-000;MG;Santa Cruz de Salinas;3157377;Green Eletron;PEV fixo;Ativo;17/12/2020
2800308-013;SE;Aracaju;2800308;ABREE;Ponto de consolidação;Ativo;18/10/2020
4300901-000;RS;Aratiba;;Sistema individual;PEV fixo;Ativo;13/05/2020
3304557-106;RJ;Rio de Janeiro;3304557;ABREE;PEV fixo;Ativo;08/08/2021
3550308-216;SP;São Paulo;3550308;Green Eletron;Ponto de consolidação;Ativo;28/11/2021
2310803-000;CE;Pereiro;2310803;Sistema individual;PEV fixo;Ativo;14/03/2019
2111300-002;MA;Sao Luis;2111300;ABREE;PEV fixo;Ativo;28/11/2019
3532009-009;SP;MORUNGABA;3532009;Sistema individual;Ponto de consolidação;Ativo;21/12/2021
2502805-000;PB;Brejo do Cruz;2502805;ABREE;PEV fixo;Ativo;18/05/2019
3550308-058;SP;Sao Paulo;3550308;ABREE;PEV fixo;Ativo;13/08/2019
3550308-015;SP;  São Paulo ;3550308;ABREE;PEV fixo;Ativo;12/12/2019
3550308-222;SP;São Paulo;3550308;Green Eletron;PEV fixo;Ativo;24/03/2021
3301108-005;RJ;Cantagalo;3301108;Green Eletron;PEV fixo;Ativo;13/05/2020
2611606-037;PE;Recife;2611606;ABREE;PEV fixo;Ativo;23/08/2021
2903003-000;BA;Barra do Mendes;2903003;Green Eletron;PEV fixo;Ativo;17/12/2021
2701308-000;AL;Cajueiro;2701308;Green Eletron;Ponto de consolidação;Ativo;22/10/2019
2207793-000;PI;Pau D'Arco do Piauí;2207793;ABREE;PEV fixo;Ativo;18/03/2020
2409803-000;RN;PEDRO VELHO;2409803;ABREE;Campanha itinerante;Ativo;09/08/2021
2304400-049;CE;Fortaleza;2304400;Green Eletron;PEV fixo;Ativo;28/10/2020
2604304-000;PE;  Cedro ;2604304;ABREE;Ponto de consolidação;Ativo;28/12/2020
2107258-000;MA;NOVA COLINAS;2107258;ABREE;PEV fixo;Ativo;24/12/2019
4106902-030;PR;CURITIBA;4106902;ABREE;PEV fixo;Ativo;26/11/2021
2304400-014;CE;FORTALEZA;2304400;Green Eletron;PEV fixo;Ativo;04/09/2019
1302603-008;AM;MANAUS;1302603;ABREE;PEV fixo;Ativo;26/10/2021
2300408-000;CE;AIUABA;2300408;ABREE;PEV fixo;Ativo;23/05/2020
4106902-038;PR;Curitiba;4106902;ABREE;PEV fixo;Ativo;17/12/2021
3507209-000;SP;Borá;3507209;ABREE;Ponto de consolidação;Ativo;26/11/2020
3526803-001;SP;Lençóis Paulista;3526803;ABREE;Ponto de consolidação;Ativo;05/03/2019
2611606-018;PE;Recife;2611606;Green Eletron;PEV fixo;Ativo;23/02/2020
1101492-000;RO;São Francisco do Guaporé;1101492;Green Eletron;Ponto de consolidação;Ativo;09/01/2019
3106200-085;MG;Belo Horizonte;3106200;Green Eletron;PEV fixo;Ativo;17/02/2020
2806305-000;SE;SANTA LUZIA DO ITANHY;2806305;Green Eletron;PEV fixo;Ativo;19/05/2020
4103370-000;PR;Brasilândia do Sul;4103370;ABREE;PEV fixo;Ativo;14/01/2021
5000708-000;MS;ANASTÁCIO;5000708;Green Eletron;PEV fixo;Ativo;12/04/2019
4314902-014;RS;Porto Alegre;4314902;Sistema individual;PEV fixo;Ativo;10/08/2020
3532108-000;SP;MURUTINGA DO SUL;3532108;Green Eletron;PEV fixo;Ativo;06/03/2020
3550308-221;SP;Sao Paulo;3550308;Sistema individual;PEV fixo;Ativo;06/12/2021
2408102-004;RN;Natal;2408102;ABREE;PEV fixo;Ativo;02/11/2020
3551306-005;SP;Sebastianópolis do Sul;3551306;ABREE;PEV fixo;Ativo;21/03/2021
5208707-011;GO;Goiânia;5208707;Sistema individual;PEV fixo;Ativo;03/05/2020
2922656-000;BA;NORDESTINA;2922656;Green Eletron;Ponto de consolidação;Ativo;19/07/2019
3513009-006;SP;Cotia;3513009;Green Eletron;Campanha itinerante;Ativo;19/06/2021
4205407-041;SC;Florianópolis;4205407;Green Eletron;PEV fixo;Ativo;23/05/2020
3130101-000;MG;Igarape;3130101;Green Eletron;Campanha itinerante;Ativo;07/03/2019
2513984-000;PB;SÃO FRANCISCO;2513984;Sistema individual;PEV fixo;Ativo;02/10/2020
3106200-097;MG;Belo Horizonte;3106200;ABREE;PEV fixo;Ativo;03/11/2021
3205309-006;ES;VITÓRIA;3205309;ABREE;PEV fixo;Ativo;14/09/2020
2202752-000;PI;Colônia do Gurguéia;2202752;Green Eletron;PEV fixo;Ativo;25/02/2019
3300308-002;RJ;Barra do Pirai;3300308;ABREE;PEV fixo;Ativo;04/09/2019
3550308-074;SP;  São Paulo ;3550308;Green Eletron;PEV fixo;Ativo;05/07/2019
3106200-131;MG;Belo Horizonte;3106200;Green Eletron;PEV fixo;Ativo;21/10/2021
3106200-015;MG;  Belo Horizonte ;3106200;ABREE;PEV fixo;Ativo;02/11/2020
2504306-000;PB;CATOLÉ DO ROCHA;2504306;ABREE;PEV fixo;Ativo;08/07/2021
1300029-004;AM;Alvarães;1300029;ABREE;PEV fixo;Ativo;09/06/2021
2611606-043;PE;Recife;2611606;ABREE;Ponto de consolidação;Ativo;02/08/2021
5108055-000;MT;Terra Nova do Norte;5108055;Green Eletron;PEV fixo;Ativo;09/06/2019
2903508-000;BA;  Belo Campo ;2903508;ABREE;PEV fixo;Ativo;27/04/2020
3550308-113;SP;SÃO PAULO;3550308;ABREE;PEV fixo;Ativo;01/08/2020
3532900-004;SP;NOVA EUROPA;3532900;Sistema individual;Ponto de consolidação;Ativo;21/08/2019
2927408-008;BA;Salvador;;Green Eletron;PEV fixo;Ativo;05/12/2019
4107553-000;PR;Farol;4107553;ABREE;PEV fixo;Ativo;08/07/2019
3550308-177;SP;SÃO PAULO;3550308;Green Eletron;PEV fixo;Ativo;01/09/2020
3537404-000;SP;PEREIRA BARRETO;3537404;Sistema individual;Ponto de consolidação;Ativo;04/10/2020
2504702-000;PB;Congo;2504702;Green Eletron;PEV fixo;Ativo;22/09/2021
2924603-001;BA;  Pindobaçu ;2924603;Green Eletron;PEV fixo;Ativo;15/07/2020
4123956-000;PR;SANTA MÔNICA;4123956;ABREE;PEV fixo;Ativo;03/09/2019
3538808-003;SP;Piraju;3538808;ABREE;PEV fixo;Ativo;09/06/2019
3552502-000;SP;Suzano;3552502;Sistema individual;PEV fixo;Ativo;28/11/2021
5208707-002;GO;GOIÂNIA;5208707;Green Eletron;PEV fixo;Ativo;14/05/2019
3303104-000;RJ;NATIVIDADE;3303104;Green Eletron;PEV fixo;Ativo;11/12/2021
4305173-000;RS;Cerro Grande do Sul;4305173;ABREE;PEV fixo;Ativo;22/04/2020
5106216-000;MT;Nova Canaa do Norte;5106216;ABREE;PEV fixo;Ativo;25/10/2019
2616183-002;PE;Vertente do Lério;2616183;Sistema individual;PEV fixo;Ativo;20/03/2019
2611606-027;PE;Recife;2611606;ABREE;PEV fixo;Ativo;21/12/2020
5208707-009;GO;Goiania;5208707;Green Eletron;PEV fixo;Ativo;15/06/2020
2413359-000;RN;SERRA DO MEL;2413359;ABREE;PEV fixo;Ativo;05/11/2020
3504008-000;SP;  Assis ;3504008;ABREE;PEV fixo;Ativo;04/10/2019
3519907-000;SP;  Iepê ;3519907;ABREE;PEV fixo;Ativo;24/05/2021
2408102-001;RN;Natal;2408102;Sistema individual;PEV fixo;Ativo;25/12/2020
2304400-027;CE;FORTALEZA;2304400;ABREE;PEV fixo;Ativo;07/04/2019
3302403-006;RJ;Macae;3302403;ABREE;PEV fixo;Ativo;07/02/2020
4106902-025;PR;Curitiba;4106902;Sistema individual;PEV fixo;Ativo;08/08/2020
3503950-000;SP;Aspasia;3503950;ABREE;PEV fixo;Ativo;13/11/2021
2204154-000;PI;Francisco Macedo;2204154;ABREE;PEV fixo;Ativo;21/03/2019
3106200-034;MG;Belo Horizonte;3106200;Green Eletron;Campanha itinerante;Ativo;17/08/2020
5202353-000;GO;ARENÓPOLIS;5202353;ABREE;Campanha itinerante;Ativo;03/07/2021
3106200-008;MG;Belo Horizonte;3106200;Sistema individual;PEV fixo;Ativo;15/02/2020
3521903-000;SP;ITAJOBI;3521903;Green Eletron;PEV fixo;Ativo;06/03/2019
3525607-003;SP;JOÃO RAMALHO;3525607;ABREE;PEV fixo;Ativo;11/05/2020
1703107-000;TO;Barrolandia;1703107;ABREE;Ponto de consolidação;Ativo;01/02/2021
3172004-000;MG;VISCONDE DO RIO BRANCO;3172004;Green Eletron;PEV fixo;Ativo;15/10/2019
4120200-000;PR;PORTO RICO;4120200;ABREE;PEV fixo;Ativo;19/02/2020
4127957-000;PR;  Tupãssi ;4127957;ABREE;Campanha itinerante;Ativo;02/01/2019
5300108-047;DF;BRASÍLIA;;Green Eletron;PEV fixo;Ativo;22/09/2020
5104500-000;MT;INDIAVAÍ;5104500;ABREE;PEV fixo;Ativo;07/08/2021
3161056-000;MG;São Félix de Minas;3161056;ABREE;Ponto de consolidação;Ativo;28/10/2021
1501402-004;PA;Belém;1501402;Green Eletron;PEV fixo;Ativo;21/12/2020
2111300-011;MA;São Luís;2111300;Green Eletron;PEV fixo;Ativo;04/08/2019
2706208-000;AL;Palestina;2706208;ABREE;PEV fixo;Ativo;18/08/2021
3106200-069;MG;Belo Horizonte;3106200;Green Eletron;PEV fixo;Ativo;01/11/2020
4320404-000;RS;SERAFINA CORRÊA;4320404;Sistema individual;Campanha itinerante;Ativo;13/04/2019
3551306-001;SP;Sebastianópolis do Sul;3551306;Sistema individual;PEV fixo;Ativo;25/04/2019
2310308-000;CE;Parambu;2310308;Green Eletron;PEV fixo;Ativo;03/09/2020
1100205-000;RO;Porto Velho;1100205;Green Eletron;PEV fixo;Ativo;20/06/2020
2109700-000;MA;Sambaíba;2109700;ABREE;Ponto de consolidação;Ativo;07/11/2020
3304557-052;RJ;  Rio de Janeiro ;3304557;Green Eletron;Ponto de consolidação;Ativo;06/05/2020
2605806-004;PE;Frei Miguelinho;2605806;Green Eletron;PEV fixo;Ativo;21/12/2021
3121407-000;MG;Desterro de Entre Rios;3121407;ABREE;PEV fixo;Ativo;22/10/2021
3532009-002;SP;Morungaba;3532009;Green Eletron;PEV fixo;Ativo;02/11/2019
2307908-000;CE;MARTINÓPOLE;2307908;ABREE;PEV fixo;Ativo;18/12/2019
1505536-000;PA;Parauapebas;1505536;ABREE;PEV fixo;Ativo;17/04/2021
3136579-001;MG;JOSENÓPOLIS;3136579;Green Eletron;PEV fixo;Ativo;14/12/2020
3502408-000;SP;ANHUMAS;3502408;Green Eletron;PEV fixo;Ativo;03/02/2021
4314902-020;RS;Porto Alegre;4314902;Green Eletron;PEV fixo;Ativo;01/01/2020
2927408-083;BA;Salvador;2927408;ABREE;PEV fixo;Ativo;13/04/2021
3135076-000;MG;Jampruca;3135076;ABREE;PEV fixo;Ativo;19/08/2019
3538808-022;SP;  Piraju ;3538808;Sistema individual;Campanha itinerante;Ativo;11/04/2021
3168200-000;MG;Tapiraí;3168200;Green Eletron;PEV fixo;Ativo;15/10/2019
1400100-000;RR;BOA VISTA;1400100;ABREE;PEV fixo;Ativo;27/10/2021
2608701-000;PE;Lagoa dos Gatos;2608701;ABREE;PEV fixo;Ativo;09/10/2020
3106200-061;MG;Belo Horizonte;3106200;Sistema individual;PEV fixo;Ativo;27/02/2020
1506500-000;PA;SANTA IZABEL DO PARÁ;1506500;ABREE;PEV fixo;Ativo;25/03/2019
3550308-069;SP;Sao Paulo;3550308;ABREE;PEV fixo;Ativo;16/01/2019
3550308-033;SP;Sao Paulo;3550308;Green Eletron;PEV fixo;Inativo;19/01/2019
2609907-000;PE;Ouricuri;2609907;ABREE;PEV fixo;Ativo;08/11/2019
1501402-014;PA;BELÉM;;ABREE;PEV fixo;Ativo;21/10/2021
2914901-000;BA;Itacaré;2914901;ABREE;PEV fixo;Ativo;25/02/2019
3301405-004;RJ;Conceição de Macabu;3301405;ABREE;PEV fixo;Ativo;01/04/2020
3304557-078;RJ;  Rio de Janeiro ;3304557;ABREE;Ponto de consolidação;Ativo;04/01/2021
4117297-000;PR;  Novo Itacolomi ;4117297;Green Eletron;PEV fixo;Ativo;25/11/2020
4106902-005;PR;Curitiba;4106902;Green Eletron;PEV fixo;Ativo;16/01/2020
3550308-121;SP;Sao Paulo;3550308;ABREE;PEV fixo;Ativo;13/01/2020
2412203-000;RN;São José de Mipibu;2412203;Green Eletron;PEV fixo;Ativo;09/05/2021
2928901-000;BA;São Desidério;2928901;ABREE;PEV fixo;Ativo;19/10/2020
3505203-005;SP;Bariri;3505203;ABREE;Campanha itinerante;Ativo;14/05/2021
2211001-007;PI;Teresina;2211001;ABREE;PEV fixo;Ativo;17/07/2019
2101939-004;MA;Bernardo do Mearim;2101939;ABREE;PEV fixo;Ativo;21/08/2021
4304705-000;RS;CARAZINHO;4304705;Green Eletron;PEV fixo;Ativo;06/06/2020
1100205-006;RO;PORTO VELHO;1100205;ABREE;PEV fixo;Ativo;01/08/2021
3302700-005;RJ;MARICÁ;3302700;Green Eletron;Campanha itinerante;Ativo;18/08/2019
2922102-000;BA;  Mundo Novo ;2922102;ABREE;PEV fixo;Ativo;15/05/2021
3117009-000;MG;Comercinho;3117009;ABREE;PEV fixo;Ativo;10/12/2019
3300308-001;RJ;Barra do Piraí;3300308;Green Eletron;PEV fixo;Ativo;20/03/2019
2804409-000;SE;Neópolis;2804409;Sistema individual;PEV fixo;Ativo;24/03/2019
3205309-008;ES;Vitória;3205309;ABREE;PEV fixo;Ativo;02/08/2021
3550308-044;SP;São Paulo;3550308;ABREE;PEV fixo;Ativo;18/10/2019
5300108-064;DF;BRASÍLIA;5300108;Green Eletron;PEV fixo;Ativo;27/07/2021
3205309-000;ES;VITÓRIA;3205309;ABREE;PEV fixo;Ativo;28/08/2020
2111300-037;MA;  São Luís ;2111300;Green Eletron;PEV fixo;Ativo;07/07/2020
4111506-000;PR;Ivaiporã;4111506;ABREE;PEV fixo;Ativo;10/02/2020
4312385-000;RS;Monte Belo do Sul;4312385;Sistema individual;PEV fixo;Ativo;11/02/2020
2104073-000;MA;Feira Nova do Maranhão;2104073;ABREE;PEV fixo;Ativo;12/09/2021
2602605-000;PE;  Brejo da Madre de Deus ;2602605;ABREE;Ponto de consolidação;Ativo;14/02/2021
4323457-000;RS;Vila Nova do Sul;4323457;Green Eletron;PEV fixo;Ativo;28/07/2020
3121902-000;MG;DIVINÉSIA;3121902;ABREE;PEV fixo;Ativo;04/01/2019
3200607-000;ES;Aracruz;3200607;ABREE;Ponto de consolidação;Ativo;11/03/2021
3304557-010;RJ;Rio de Janeiro;;ABREE;PEV fixo;Ativo;17/11/2020
2905503-002;BA;CALDEIRÃO GRANDE;2905503;Green Eletron;PEV fixo;Ativo;01/03/2021
3550308-042;SP;São Paulo;3550308;ABREE;PEV fixo;Ativo;19/01/2019
2302800-000;CE;Canindé;2302800;Sistema individual;PEV fixo;Ativo;26/04/2021
2301950-000;CE;Barreira;2301950;ABREE;Campanha itinerante;Inativo;24/03/2020
3164803-000;MG;São Sebastião do Rio Preto;3164803;ABREE;PEV fixo;Ativo;12/04/2021
2919504-000;BA;  Livramento de Nossa Senhora ;2919504;Green Eletron;PEV fixo;Ativo;07/06/2019
4315206-000;RS;PUTINGA;4315206;ABREE;Campanha itinerante;Inativo;24/04/2019
4106902-019;PR;Curitiba;4106902;Green Eletron;PEV fixo;Ativo;23/02/2020
2111300-059;MA;São Luís;2111300;Green Eletron;Campanha itinerante;Ativo;27/12/2021
2304400-002;CE;  Fortaleza ;2304400;ABREE;PEV fixo;Ativo;19/04/2019
4205407-040;SC;Florianópolis;4205407;Green Eletron;Ponto de consolidação;Ativo;01/01/2020
2924306-000;BA;Piatã;2924306;Green Eletron;PEV fixo;Ativo;07/12/2019
5003488-000;MS;DOIS IRMÃOS DO BURITI;5003488;Green Eletron;PEV fixo;Ativo;04/02/2021
1500859-000;PA;Anapu;1500859;Sistema individual;PEV fixo;Ativo;28/06/2020
3532900-008;SP;Nova Europa;3532900;Green Eletron;PEV fixo;Ativo;07/04/2020
3106200-130;MG;Belo Horizonte;3106200;ABREE;PEV fixo;Ativo;08/04/2021
3513009-004;SP;COTIA;;Green Eletron;PEV fixo;Ativo;24/07/2020
3532900-005;SP;Nova Europa;3532900;ABREE;Campanha itinerante;Ativo;21/09/2019
3162906-000;MG;São João Nepomuceno;3162906;Sistema individual;PEV fixo;Ativo;27/12/2020
2111300-067;MA;Sao Luis;2111300;ABREE;PEV fixo;Ativo;07/07/2021
5215652-000;GO;Palestina de Goiás;5215652;Green Eletron;PEV fixo;Ativo;20/09/2021
3532306-001;SP;Natividade da Serra;3532306;ABREE;PEV fixo;Ativo;11/11/2020
2507804-000;PB;JUNCO DO SERIDÓ;2507804;ABREE;PEV fixo;Ativo;19/11/2020
3550308-057;SP;São Paulo;3550308;ABREE;PEV fixo;Ativo;25/09/2019
2106300-000;MA;Magalhães de Almeida;2106300;Green Eletron;PEV fixo;Ativo;05/11/2020
2930501-000;BA;  Serrinha ;2930501;ABREE;Ponto de consolidação;Ativo;23/03/2021
3125606-000;MG;Felisburgo;3125606;ABREE;PEV fixo;Ativo;20/11/2019
4205407-044;SC;FLORIANÓPOLIS;4205407;ABREE;Ponto de consolidação;Ativo;25/02/2021
3163201-000;MG;  São José do Alegre ;3163201;Green Eletron;PEV fixo;Ativo;28/05/2021
3106200-030;MG;Belo Horizonte;3106200;Green Eletron;PEV fixo;Ativo;06/06/2020
5208707-004;GO;  Goiânia ;5208707;ABREE;PEV fixo;Ativo;18/01/2019
3550308-215;SP;Sao Paulo;3550308;Green Eletron;PEV fixo;Ativo;28/09/2021
4211876-000;SC;Paial;4211876;ABREE;Campanha itinerante;Ativo;28/09/2021
2513984-000;PB;SÃO FRANCISCO;2513984;Sistema individual;PEV fixo;Ativo;02/10/2020
3305307-002;RJ;SÃO SEBASTIÃO DO ALTO;3305307;ABREE;Ponto de consolidação;Ativo;04/12/2019
2932309-000;BA;Ubata;2932309;ABREE;PEV fixo;Ativo;07/06/2021
3555109-008;SP;Tupi Paulista;3555109;ABREE;PEV fixo;Ativo;18/12/2021
3301207-001;RJ;CARMO;3301207;ABREE;PEV fixo;Ativo;13/11/2021
3550308-225;SP;São Paulo;3550308;ABREE;PEV fixo;Ativo;21/11/2021
4201505-000;SC;ARMAZÉM;4201505;Sistema individual;PEV fixo;Ativo;04/09/2020
3304557-021;RJ;Rio de Janeiro;3304557;Green Eletron;Ponto de consolidação;Ativo;20/05/2020
4314902-062;RS;Porto Alegre;4314902;Green Eletron;PEV fixo;Ativo;07/09/2021
2927408-007;BA;SALVADOR;2927408;Green Eletron;PEV fixo;Ativo;01/04/2019
3550308-104;SP;São Paulo;3550308;ABREE;Campanha itinerante;Ativo;08/02/2019
4113205-000;PR;Lapa;4113205;ABREE;PEV fixo;Ativo;22/01/2020
2607406-000;PE;ITACURUBA;2607406;Green Eletron;Ponto de consolidação;Ativo;15/11/2020
2611606-032;PE;Recife;2611606;ABREE;PEV fixo;Ativo;15/05/2021
2111300-017;MA;São Luís;2111300;ABREE;PEV fixo;Ativo;15/06/2019
4322343-000;RS;UBIRETAMA;4322343;Green Eletron;PEV fixo;Ativo;16/05/2021
3510708-000;SP;CARDOSO;3510708;ABREE;PEV fixo;Ativo;17/07/2021
5300108-056;DF;Brasília;5300108;ABREE;PEV fixo;Ativo;19/04/2021
3535804-000;SP;PARANAPANEMA;3535804;ABREE;PEV fixo;Ativo;11/12/2020
2705705-000;AL;  Olho d'Água das Flores ;2705705;ABREE;PEV fixo;Ativo;17/12/2019
2920304-000;BA;Malhada de Pedras;2920304;ABREE;PEV fixo;Ativo;22/08/2021
2704807-000;AL;Maribondo;2704807;Green Eletron;PEV fixo;Ativo;14/12/2019
1501204-002;PA;BAIÃO;1501204;Green Eletron;PEV fixo;Ativo;25/07/2019
5300108-037;DF;  Brasília ;5300108;ABREE;PEV fixo;Ativo;17/08/2020
3555109-000;SP;Tupi Paulista;3555109;ABREE;PEV fixo;Ativo;09/11/2020
1506807-000;PA;Santarém;1506807;ABREE;PEV fixo;Inativo;19/01/2020
1503093-001;PA;Goianésia do Pará;1503093;Green Eletron;PEV fixo;Ativo;16/10/2021
2908408-000;BA;Conceicao do Coite;2908408;ABREE;PEV fixo;Ativo;25/08/2020
3538808-016;SP;Piraju;3538808;Green Eletron;PEV fixo;Ativo;05/12/2020
4120002-000;PR;Porecatu;4120002;ABREE;PEV fixo;Ativo;02/08/2019
2112209-001;MA;Timon;2112209;ABREE;PEV fixo;Ativo;19/03/2021
3550308-016;SP;São Paulo;3550308;ABREE;PEV fixo;Ativo;23/01/2019
3106200-009;MG;BELO HORIZONTE;3106200;Green Eletron;PEV fixo;Ativo;21/12/2020
4205407-002;SC;FLORIANÓPOLIS;4205407;ABREE;PEV fixo;Ativo;01/05/2019
5300108-007;DF;Brasília;5300108;Green Eletron;Campanha itinerante;Ativo;15/05/2019
2111300-035;MA;São Luís;2111300;ABREE;PEV fixo;Ativo;10/01/2020
2708709-000;AL;SÃO MIGUEL DOS MILAGRES;2708709;ABREE;PEV fixo;Ativo;04/09/2021
4305454-000;RS;Cidreira;4305454;ABREE;PEV fixo;Ativo;25/05/2020
3141702-000;MG;MESQUITA;3141702;ABREE;PEV fixo;Ativo;15/05/2021
3550308-211;SP;São Paulo;3550308;ABREE;PEV fixo;Ativo;03/08/2021
4205308-000;SC;Faxinal dos Guedes;4205308;Green Eletron;Campanha itinerante;Ativo;21/09/2021
2927408-029;BA;Salvador;2927408;ABREE;PEV fixo;Ativo;26/05/2019
3544103-000;SP;RIO GRANDE DA SERRA;3544103;ABREE;PEV fixo;Ativo;11/04/2021
3106200-126;MG;BELO HORIZONTE;3106200;Green Eletron;PEV fixo;Ativo;07/02/2021
4106902-015;PR;Curitiba;4106902;Green Eletron;PEV fixo;Ativo;19/02/2020
3202553-000;ES;Ibitirama;3202553;Green Eletron;PEV fixo;Ativo;27/05/2021
3302403-000;RJ;MACAÉ;3302403;ABREE;PEV fixo;Ativo;12/03/2019
4314902-017;RS;Porto Alegre;4314902;ABREE;PEV fixo;Ativo;03/04/2020
3534203-000;SP;  Orindiúva ;3534203;ABREE;PEV fixo;Ativo;21/01/2020
1721000-008;TO;Palmas;1721000;ABREE;Campanha itinerante;Ativo;25/02/2021
2309904-000;CE;PACUJÁ;2309904;Green Eletron;Ponto de consolidação;Ativo;21/10/2019
3550308-230;SP;São Paulo;3550308;Green Eletron;PEV fixo;Ativo;19/10/2021
4320800-000;RS;Soledade;4320800;Sistema individual;PEV fixo;Ativo;22/04/2020
3106200-026;MG;Belo Horizonte;3106200;ABREE;PEV fixo;Ativo;19/07/2020
3516606-000;SP;Galia;3516606;ABREE;PEV fixo;Ativo;12/06/2021
3532900-002;SP;Nova Europa;3532900;Green Eletron;PEV fixo;Ativo;14/03/2019
3304557-109;RJ;RIO DE JANEIRO;3304557;ABREE;PEV fixo;Ativo;27/07/2021
1300706-003;AM;Boca do Acre;1300706;ABREE;PEV fixo;Ativo;11/05/2021
3304557-053;RJ;Rio de Janeiro;3304557;ABREE;PEV fixo;Ativo;24/06/2020
5213087-000;GO;Minacu;5213087;Sistema individual;PEV fixo;Ativo;05/01/2020
2107456-000;MA;Olinda Nova do Maranhão;2107456;ABREE;PEV fixo;Ativo;23/05/2021
2612000-000;PE;Sairé;2612000;Sistema individual;PEV fixo;Ativo;15/11/2019
4215752-000;SC;São Bernardino;4215752;Green Eletron;PEV fixo;Ativo;16/12/2019
2927408-079;BA;SALVADOR;2927408;ABREE;PEV fixo;Ativo;07/01/2021
3535606-000;SP;PARAIBUNA;3535606;ABREE;PEV fixo;Ativo;27/05/2019
3126109-000;MG;Formiga;3126109;ABREE;Ponto de consolidação;Inativo;17/09/2019
3544004-000;SP;Rio das Pedras;3544004;Green Eletron;PEV fixo;Ativo;08/09/2020
3301108-000;RJ;CANTAGALO;3301108;ABREE;PEV fixo;Ativo;14/08/2020
3304557-061;RJ;RIO DE JANEIRO;3304557;Sistema individual;PEV fixo;Ativo;06/04/2020
3106200-064;MG;Belo Horizonte;3106200;Green Eletron;PEV fixo;Ativo;28/08/2020
3106200-149;MG;Belo Horizonte;3106200;ABREE;PEV fixo;Ativo;18/06/2021
3304557-076;RJ;Rio de Janeiro;3304557;ABREE;PEV fixo;Ativo;21/08/2021
2304400-001;CE;Fortaleza;2304400;Green Eletron;PEV fixo;Ativo;20/09/2019
3522208-000;SP;ITAPECERICA DA SERRA;3522208;ABREE;PEV fixo;Ativo;28/09/2020
4323200-000;RS;Victor Graeff;4323200;Green Eletron;PEV fixo;Ativo;14/12/2021
3524105-000;SP;ITUVERAVA;3524105;ABREE;PEV fixo;Ativo;13/11/2021
3106200-102;MG;Belo Horizonte;3106200;Sistema individual;PEV fixo;Ativo;22/04/2021
3551900-001;SP;SEVERÍNIA;3551900;ABREE;PEV fixo;Ativo;23/04/2021
2304400-000;CE;FORTALEZA;2304400;ABREE;PEV fixo;Ativo;18/08/2019
3304557-108;RJ;Rio de Janeiro;3304557;ABREE;PEV fixo;Ativo;01/08/2021
4205407-055;SC;FLORIANÓPOLIS;4205407;ABREE;PEV fixo;Ativo;25/03/2021
3502606-000;SP;Aparecida d'Oeste;3502606;Green Eletron;PEV fixo;Ativo;03/04/2021
3165578-000;MG;SENADOR AMARAL;3165578;Green Eletron;PEV fixo;Ativo;13/09/2021
4306700-000;RS;Dona Francisca;4306700;ABREE;PEV fixo;Ativo;11/12/2020
1504208-001;PA;Marabá;1504208;ABREE;PEV fixo;Ativo;01/03/2019
2304400-025;CE;  Fortaleza ;2304400;Green Eletron;PEV fixo;Ativo;13/12/2019
3106200-113;MG;Belo Horizonte;3106200;Green Eletron;PEV fixo;Ativo;27/02/2021
3526407-000;SP;Laranjal Paulista;;ABREE;PEV fixo;Ativo;16/03/2020
2611606-031;PE;RECIFE;2611606;ABREE;PEV fixo;Ativo;23/02/2021
3502002-000;SP;  Analândia ;3502002;Green Eletron;PEV fixo;Ativo;11/03/2020
3106200-058;MG;Belo Horizonte;;ABREE;PEV fixo;Ativo;08/08/2020
3106200-011;MG;BELO HORIZONTE;3106200;Green Eletron;PEV fixo;Ativo;12/02/2020
3532603-000;SP;Nhandeara;3532603;ABREE;PEV fixo;Ativo;03/09/2021
3526704-000;SP;Leme;3526704;Green Eletron;PEV fixo;Ativo;10/02/2019
2708006-000;AL;Santana do Ipanema;2708006;ABREE;Ponto de consolidação;Ativo;10/08/2020
4106902-031;PR;CURITIBA;4106902;ABREE;PEV fixo;Ativo;09/07/2021
3160207-000;MG;SANTO ANTÔNIO DO ITAMBÉ;3160207;ABREE;PEV fixo;Ativo;01/07/2019
2211001-000;PI;Teresina;2211001;Green Eletron;PEV fixo;Ativo;20/05/2019
2704302-001;AL;Maceió;2704302;Green Eletron;PEV fixo;Ativo;13/06/2020
2112209-001;MA;Timon;2112209;ABREE;PEV fixo;Ativo;19/03/2021
2616183-001;PE;  Vertente do Lério ;2616183;ABREE;Ponto de consolidação;Ativo;06/08/2019
3304557-093;RJ;Rio de Janeiro;3304557;Green Eletron;PEV fixo;Ativo;26/01/2021
3531803-000;SP;Monte Mor;3531803;Green Eletron;PEV fixo;Ativo;28/09/2020
3550308-083;SP;SÃO PAULO;3550308;Green Eletron;Ponto de consolidação;Ativo;07/07/2019
3501103-002;SP;ALTO ALEGRE;3501103;Green Eletron;Campanha itinerante;Ativo;03/02/2021
4104253-000;PR;Campo Magro;4104253;Green Eletron;PEV fixo;Ativo;20/12/2019
4313334-003;RS;  Nova Ramada ;4313334;ABREE;PEV fixo;Ativo;23/04/2021
2111300-071;MA;São Luís;2111300;ABREE;PEV fixo;Ativo;18/03/2021
3550308-192;SP;São Paulo;3550308;ABREE;PEV fixo;Ativo;22/08/2021
3303302-007;RJ;Niterói;3303302;ABREE;Campanha itinerante;Ativo;16/01/2021
2408102-005;RN;Natal;2408102;Green Eletron;PEV fixo;Ativo;17/12/2020
3200136-000;ES;Águia Branca;3200136;ABREE;PEV fixo;Ativo;24/02/2020
3531308-000;SP;Monte Alto;3531308;Green Eletron;Ponto de consolidação;Ativo;12/03/2019
2312007-000;CE;Santana do Acaraú;2312007;ABREE;PEV fixo;Ativo;05/07/2021
4207759-000;SC;Iraceminha;4207759;Green Eletron;PEV fixo;Ativo;28/10/2019
3553955-000;SP;Tarumã;;ABREE;PEV fixo;Ativo;20/04/2021
2611606-021;PE;Recife;;ABREE;PEV fixo;Ativo;11/04/2020
3550308-157;SP;São Paulo;3550308;ABREE;PEV fixo;Ativo;09/11/2020
3550308-036;SP;  São Paulo ;3550308;Sistema individual;PEV fixo;Ativo;16/12/2019
1501402-013;PA;BELÉM;1501402;Green Eletron;PEV fixo;Ativo;15/07/2021
2927408-098;BA;Salvador;2927408;Green Eletron;PEV fixo;Ativo;23/06/2021
4112959-000;PR;  Juranda ;4112959;Green Eletron;PEV fixo;Ativo;28/06/2020
4312674-000;RS;Nicolau Vergueiro;4312674;ABREE;PEV fixo;Ativo;11/07/2020
3304508-004;RJ;RIO DAS FLORES;3304508;Green Eletron;PEV fixo;Ativo;07/08/2020
3127909-000;MG;GRUPIARA;3127909;ABREE;Campanha itinerante;Ativo;10/07/2019
3300100-000;RJ;Angra dos Reis;3300100;Green Eletron;PEV fixo;Ativo;13/01/2020
1720200-000;TO;São Miguel do Tocantins;1720200;Green Eletron;PEV fixo;Ativo;04/07/2020
4124509-000;PR;Santo Inácio;4124509;Green Eletron;PEV fixo;Ativo;07/12/2021
2616183-005;PE;Vertente do Lerio;2616183;Green Eletron;PEV fixo;Ativo;09/03/2020
3550308-152;SP;São Paulo;3550308;Green Eletron;PEV fixo;Ativo;28/07/2020
4313953-000;RS;  Pantano Grande ;4313953;ABREE;PEV fixo;Ativo;08/01/2019
2300705-003;CE;Alto Santo;2300705;Green Eletron;PEV fixo;Ativo;20/11/2020
3548005-000;SP;Santo Antônio de Posse;3548005;ABREE;PEV fixo;Ativo;08/03/2021
2501104-000;PB;AREIA;2501104;Green Eletron;PEV fixo;Ativo;27/04/2019
3304557-048;RJ;Rio de Janeiro;3304557;ABREE;PEV fixo;Ativo;20/05/2020
2511608-000;PB;Pilões;2511608;Green Eletron;PEV fixo;Ativo;08/03/2021
3518800-000;SP;Guarulhos;3518800;Sistema individual;PEV fixo;Ativo;26/09/2019
2111300-013;MA;SÃO LUÍS;2111300;Sistema individual;PEV fixo;Ativo;17/09/2019
3512001-001;SP;Colina;3512001;Sistema individual;PEV fixo;Ativo;09/07/2021
2800308-006;SE;Aracaju;2800308;ABREE;PEV fixo;Ativo;13/04/2019
3503901-000;SP;Aruja;3503901;ABREE;PEV fixo;Ativo;16/05/2019
4112900-000;PR;  Jundiaí do Sul ;4112900;ABREE;PEV fixo;Ativo;23/11/2019
3300258-000;RJ;Arraial do Cabo;3300258;ABREE;PEV fixo;Ativo;21/03/2019
2304400-068;CE;Fortaleza;2304400;ABREE;PEV fixo;Ativo;27/12/2021
1507151-000;PA;São Domingos do Araguaia;1507151;Green Eletron;PEV fixo;Ativo;28/02/2019
1500107-000;PA;  Abaetetuba ;1500107;ABREE;PEV fixo;Inativo;25/06/2021
2616183-006;PE;VERTENTE DO LÉRIO;2616183;Green Eletron;PEV fixo;Ativo;06/11/2021
2202653-000;PI;Caxingó;2202653;ABREE;PEV fixo;Ativo;11/02/2021
1200401-003;AC;RIO BRANCO;1200401;ABREE;PEV fixo;Ativo;21/12/2020
2304400-017;CE;Fortaleza;2304400;Sistema individual;PEV fixo;Ativo;25/12/2019
4119707-000;PR;Planaltina do Parana;4119707;ABREE;PEV fixo;Ativo;27/06/2019
2929107-000;BA;São Felipe;2929107;ABREE;PEV fixo;Ativo;11/04/2020
2504074-000;PB;Caraúbas;2504074;ABREE;PEV fixo;Ativo;14/06/2019
2609600-000;PE;Olinda;2609600;Green Eletron;PEV fixo;Ativo;17/01/2020
2403509-000;RN;Espirito Santo;2403509;Green Eletron;PEV fixo;Ativo;03/12/2021
3550308-247;SP;São Paulo;3550308;Green Eletron;Ponto de consolidação;Ativo;26/03/2021
3546009-000;SP;Santa Branca;3546009;ABREE;PEV fixo;Ativo;17/06/2019
3304557-096;RJ;RIO DE JANEIRO;3304557;ABREE;PEV fixo;Ativo;16/09/2021
2504603-000;PB;Conde;2504603;Green Eletron;Campanha itinerante;Ativo;26/12/2021
3527702-000;SP;Luiziânia;3527702;Green Eletron;PEV fixo;Ativo;14/04/2019
3300308-003;RJ;Barra do Piraí;3300308;Sistema individual;PEV fixo;Ativo;27/02/2019
1505601-001;PA;PEIXE-BOI;1505601;Green Eletron;PEV fixo;Ativo;04/08/2021
3150505-000;MG;Pimenta;3150505;ABREE;PEV fixo;Ativo;15/11/2021
3142403-000;MG;Moema;3142403;Green Eletron;PEV fixo;Ativo;01/01/2021
3105608-000;MG;Barbacena;3105608;ABREE;PEV fixo;Ativo;03/10/2021
2304400-070;CE;  Fortaleza ;2304400;Green Eletron;Ponto de consolidação;Ativo;11/11/2021
4106902-007;PR;CURITIBA;4106902;ABREE;PEV fixo;Ativo;12/06/2020
3123528-000;MG;DURANDÉ;3123528;ABREE;PEV fixo;Ativo;10/02/2020
4219853-000;SC;  Zortéa ;4219853;ABREE;Ponto de consolidação;Ativo;21/04/2021
2306009-000;CE;Iracema;2306009;ABREE;PEV fixo;Ativo;05/10/2020
3106200-072;MG;Belo Horizonte;3106200;Sistema individual;PEV fixo;Ativo;14/10/2020
3142007-000;MG;Mirabela;3142007;Green Eletron;PEV fixo;Ativo;04/12/2019
5107701-000;MT;Rosário Oeste;5107701;Green Eletron;PEV fixo;Ativo;01/02/2020
2800308-004;SE;Aracaju;2800308;Green Eletron;Campanha itinerante;Ativo;13/07/2019
2303907-000;CE;Chaval;2303907;Green Eletron;PEV fixo;Ativo;02/04/2019
3550308-237;SP;São Paulo;3550308;Sistema individual;PEV fixo;Ativo;09/03/2021
1303205-000;AM;Novo Airão;1303205;ABREE;PEV fixo;Ativo;22/06/2020
2910008-000;BA;Dário Meira;2910008;ABREE;PEV fixo;Ativo;09/06/2019
2300606-000;CE;Altaneira;2300606;Green Eletron;PEV fixo;Ativo;25/01/2021
2921500-000;BA;Monte Santo;2921500;ABREE;PEV fixo;Ativo;11/08/2019
4106308-000;PR;CORBÉLIA;4106308;ABREE;PEV fixo;Ativo;01/09/2019
3127339-000;MG;Gameleiras;3127339;Green Eletron;PEV fixo;Ativo;12/02/2021
3125101-000;MG;Extrema;3125101;ABREE;PEV fixo;Ativo;06/08/2020
2111607-000;MA;  São Raimundo das Mangabeiras ;2111607;ABREE;PEV fixo;Ativo;05/02/2020
4313086-000;RS;NOVA PÁDUA;4313086;Green Eletron;PEV fixo;Ativo;18/10/2020
4200705-000;SC;  Alfredo Wagner ;4200705;Green Eletron;PEV fixo;Ativo;13/04/2020
3532504-001;SP;NEVES PAULISTA;3532504;ABREE;Ponto de consolidação;Ativo;03/03/2020
2609006-000;PE;Macaparana;2609006;Green Eletron;PEV fixo;Ativo;17/05/2019
3163102-000;MG;São José da Varginha;3163102;Green Eletron;PEV fixo;Ativo;28/09/2019
2505352-000;PB;Damião;2505352;ABREE;Campanha itinerante;Ativo;21/01/2019
4103453-000;PR;Cafelândia;4103453;Green Eletron;PEV fixo;Ativo;26/10/2021
3106200-000;MG;Belo Horizonte;3106200;Green Eletron;PEV fixo;Ativo;15/11/2020
4319737-000;RS;SÃO VALÉRIO DO SUL;4319737;ABREE;PEV fixo;Ativo;28/12/2021
5300108-015;DF;BRASÍLIA;5300108;ABREE;PEV fixo;Ativo;25/05/2019
3550308-193;SP;SÃO PAULO;3550308;ABREE;Campanha itinerante;Ativo;01/10/2021
3513009-007;SP;Cotia;3513009;Green Eletron;PEV fixo;Ativo;05/05/2021
1501402-016;PA;Belem;1501402;ABREE;PEV fixo;Ativo;18/11/2021
5300108-022;DF;Brasília;5300108;ABREE;PEV fixo;Ativo;12/02/2019
2608404-000;PE;Jurema;2608404;ABREE;PEV fixo;Ativo;01/06/2019
2200806-000;PI;Antônio Almeida;2200806;ABREE;PEV fixo;Inativo;25/02/2019
3550308-066;SP;São Paulo;3550308;ABREE;PEV fixo;Ativo;07/10/2019
3112109-000;MG;Caparaó;3112109;ABREE;PEV fixo;Ativo;01/04/2021
2806909-000;SE;  São Francisco ;2806909;ABREE;PEV fixo;Ativo;13/09/2019
2927408-090;BA;Salvador;2927408;ABREE;PEV fixo;Ativo;17/10/2021
3550308-086;SP;São Paulo;3550308;ABREE;PEV fixo;Ativo;14/03/2019
3301876-001;RJ;Iguaba Grande;3301876;ABREE;PEV fixo;Ativo;13/04/2020
3106200-138;MG;Belo Horizonte;3106200;Green Eletron;PEV fixo;Ativo;01/09/2021
4314902-081;RS;Porto Alegre;4314902;Green Eletron;PEV fixo;Ativo;14/07/2021
3533601-000;SP;Nuporanga;3533601;Green Eletron;PEV fixo;Ativo;07/10/2021
2610301-002;PE;Paranatama;2610301;ABREE;PEV fixo;Ativo;23/11/2021
3550308-130;SP;São Paulo;3550308;Green Eletron;PEV fixo;Ativo;07/01/2020
2407203-000;RN;MACAU;2407203;ABREE;PEV fixo;Ativo;25/05/2019
1200401-002;AC;Rio Branco;1200401;Green Eletron;PEV fixo;Ativo;15/08/2020
2707206-000;AL;Poço das Trincheiras;2707206;ABREE;PEV fixo;Ativo;14/03/2020
2406205-000;RN;LAGOA D'ANTA;2406205;ABREE;PEV fixo;Ativo;24/10/2021
3550308-236;SP;São Paulo;3550308;Green Eletron;PEV fixo;Ativo;18/07/2021
1300508-000;AM;Barreirinha;1300508;ABREE;PEV fixo;Ativo;02/11/2019
3524402-000;SP;JACAREÍ;3524402;ABREE;PEV fixo;Ativo;02/02/2020
2602902-004;PE;CABO DE SANTO AGOSTINHO;2602902;Sistema individual;PEV fixo;Ativo;11/02/2020
3160207-001;MG;Santo Antônio do Itambé;3160207;Green Eletron;PEV fixo;Ativo;19/10/2019
5300108-024;DF;Brasilia;5300108;Green Eletron;PEV fixo;Ativo;10/03/2019
2408102-009;RN;NATAL;2408102;Green Eletron;PEV fixo;Ativo;12/04/2021
3132206-000;MG;Itaguara;3132206;Green Eletron;PEV fixo;Ativo;10/04/2019
2802403-000;SE;Gararu;2802403;Green Eletron;PEV fixo;Ativo;13/04/2020
4118808-000;PR;Peabiru;4118808;Sistema individual;PEV fixo;Ativo;19/08/2021
3532900-013;SP;Nova Europa;3532900;Sistema individual;Ponto de consolidação;Ativo;05/10/2021
5300108-070;DF;BRASÍLIA;5300108;Green Eletron;PEV fixo;Ativo;05/08/2021
2605459-000;PE;Fernando de Noronha;2605459;ABREE;PEV fixo;Ativo;08/10/2020
5102678-000;MT;Campo Verde;5102678;Green Eletron;Campanha itinerante;Ativo;15/08/2019
2301950-000;CE;Barreira;2301950;ABREE;Campanha itinerante;Inativo;24/03/2020
3513504-000;SP;  Cubatão ;3513504;ABREE;PEV fixo;Ativo;10/04/2021
2106607-000;MA;Matões;2106607;Green Eletron;PEV fixo;Ativo;13/12/2021
4314902-004;RS;Porto Alegre;4314902;ABREE;Ponto de consolidação;Ativo;07/06/2020
3525201-002;SP;JARINU;3525201;Green Eletron;PEV fixo;Ativo;20/07/2020
1712454-000;TO;LUZINÓPOLIS;1712454;Sistema individual;PEV fixo;Ativo;10/09/2021
3526803-003;SP;  Lençóis Paulista ;3526803;Green Eletron;PEV fixo;Ativo;07/01/2020
3550308-181;SP;São Paulo;3550308;ABREE;Ponto de consolidação;Ativo;13/08/2021
3106200-049;MG;Belo Horizonte;3106200;Green Eletron;PEV fixo;Ativo;20/11/2020
3519501-000;SP;Ibirarema;3519501;ABREE;PEV fixo;Inativo;09/05/2020
1100601-000;RO;  Cacaulândia ;1100601;ABREE;PEV fixo;Ativo;17/01/2021
3124104-000;MG;Esmeraldas;3124104;Green Eletron;PEV fixo;Ativo;04/05/2019
3538808-006;SP;  Piraju ;3538808;ABREE;PEV fixo;Ativo;07/05/2019
4313334-002;RS;Nova Ramada;4313334;Green Eletron;PEV fixo;Ativo;28/04/2020
3132800-000;MG;ITAMBÉ DO MATO DENTRO;3132800;Green Eletron;PEV fixo;Ativo;06/09/2020
2611606-004;PE;  Recife ;2611606;ABREE;PEV fixo;Ativo;27/06/2020
2107209-000;MA;NINA RODRIGUES;2107209;ABREE;PEV fixo;Ativo;18/02/2021
2110609-000;MA;Sao Bernardo;2110609;Green Eletron;PEV fixo;Ativo;28/04/2021
4106902-047;PR;Curitiba;4106902;ABREE;PEV fixo;Ativo;07/04/2021
2313708-000;CE;Umari;2313708;Green Eletron;PEV fixo;Ativo;20/06/2019
3123601-000;MG;Elói Mendes;3123601;Green Eletron;PEV fixo;Ativo;02/05/2020
1300029-003;AM;ALVARÃES;1300029;Green Eletron;PEV fixo;Ativo;19/05/2020
3532900-009;SP;Nova Europa;3532900;Green Eletron;PEV fixo;Ativo;04/02/2020
2611606-030;PE;  Recife ;2611606;Sistema individual;PEV fixo;Ativo;27/07/2020
3550308-088;SP;Sao Paulo;3550308;Green Eletron;PEV fixo;Ativo;14/06/2019
3515152-000;SP;Engenheiro Coelho;3515152;Sistema individual;PEV fixo;Ativo;16/08/2020
1600303-001;AP;MACAPÁ;1600303;ABREE;PEV fixo;Ativo;02/02/2021
2927408-003;BA;Salvador;2927408;ABREE;PEV fixo;Ativo;21/11/2019
2209856-000;PI;Sao Joao da Canabrava;2209856;Green Eletron;PEV fixo;Ativo;07/10/2019
3514924-000;SP;Elisiário;3514924;ABREE;PEV fixo;Ativo;12/07/2020
3201902-000;ES;  Domingos Martins ;3201902;ABREE;PEV fixo;Ativo;01/12/2020
3515194-001;SP;Espírito Santo do Turvo;3515194;ABREE;Ponto de consolidação;Ativo;19/10/2020
3522901-000;SP;  Itapuí ;3522901;Green Eletron;Ponto de consolidação;Ativo;04/02/2021
3160207-005;MG;  Santo Antônio do Itambé ;3160207;Green Eletron;Ponto de consolidação;Ativo;23/01/2020
3511706-000;SP;Charqueada;3511706;ABREE;PEV fixo;Ativo;25/09/2021
4314902-063;RS;Porto Alegre;4314902;Green Eletron;PEV fixo;Ativo;10/11/2021
1720309-000;TO;São Sebastião do Tocantins;1720309;ABREE;PEV fixo;Ativo;02/09/2021
3300951-001;RJ;Comendador Levy Gasparian;3300951;ABREE;PEV fixo;Ativo;10/08/2019
4106902-034;PR;CURITIBA;4106902;Green Eletron;PEV fixo;Ativo;09/12/2021
3550308-103;SP;SÃO PAULO;3550308;Green Eletron;PEV fixo;Ativo;09/01/2019
3108305-000;MG;Borda da Mata;3108305;ABREE;PEV fixo;Ativo;25/08/2019
2611606-017;PE;RECIFE;2611606;Green Eletron;PEV fixo;Ativo;04/01/2020
3550308-095;SP;SÃO PAULO;3550308;ABREE;PEV fixo;Ativo;03/03/2019
2927408-016;BA;SALVADOR;2927408;ABREE;PEV fixo;Ativo;24/07/2019
2504157-000;PB;CASSERENGUE;2504157;Green Eletron;PEV fixo;Ativo;28/07/2021
4310207-003;RS;IJUÍ;4310207;Green Eletron;PEV fixo;Ativo;01/07/2020
4205407-048;SC;Florianópolis;4205407;Sistema individual;Ponto de consolidação;Ativo;27/10/2021
4319307-000;RS;São Paulo das Missões;4319307;ABREE;PEV fixo;Ativo;25/06/2020
3512001-000;SP;Colina;3512001;ABREE;PEV fixo;Ativo;01/09/2021
2916609-000;BA;Itapitanga;2916609;ABREE;PEV fixo;Ativo;23/08/2019
1705102-000;TO;  Chapada da Natividade ;1705102;ABREE;Campanha itinerante;Ativo;16/02/2019
3549706-001;SP;  São José do Rio Pardo ;3549706;ABREE;Ponto de consolidação;Ativo;15/04/2021
3114600-000;MG;CARRANCAS;3114600;ABREE;PEV fixo;Ativo;17/01/2020
3550308-194;SP;São Paulo;3550308;Green Eletron;PEV fixo;Ativo;27/09/2021
2408102-012;RN;Natal;2408102;Green Eletron;PEV fixo;Ativo;07/01/2021
4212106-000;SC;PALMITOS;4212106;ABREE;PEV fixo;Ativo;05/01/2019
2511707-000;PB;PILÕEZINHOS;2511707;Green Eletron;PEV fixo;Ativo;05/11/2020
3305307-000;RJ;São Sebastião do Alto;3305307;ABREE;PEV fixo;Ativo;13/08/2019
3302106-003;RJ;Itaocara;3302106;ABREE;PEV fixo;Ativo;22/04/2021
3550308-227;SP;São Paulo;3550308;Green Eletron;PEV fixo;Ativo;25/11/2021
3139508-000;MG;Manhumirim;3139508;ABREE;Ponto de consolidação;Ativo;16/10/2019
2513901-000;PB;São Bento;2513901;ABREE;PEV fixo;Ativo;01/05/2020
2611606-020;PE;Recife;2611606;ABREE;PEV fixo;Ativo;14/04/2020
4119905-000;PR;Ponta Grossa;4119905;Sistema individual;Campanha itinerante;Ativo;21/08/2019
2304400-043;CE;  Fortaleza ;2304400;ABREE;PEV fixo;Ativo;23/03/2020
3160702-000;MG;Santos Dumont;3160702;ABREE;Campanha itinerante;Ativo;28/03/2019
3521507-000;SP;  Irapuã ;3521507;Green Eletron;PEV fixo;Ativo;18/03/2019
3106200-059;MG;Belo Horizonte;3106200;ABREE;PEV fixo;Ativo;25/10/2020
5300108-040;DF;Brasília;5300108;ABREE;PEV fixo;Ativo;11/07/2020
2511004-000;PB;Pedra Branca;2511004;Green Eletron;PEV fixo;Ativo;23/12/2019
2205953-000;PI;Marcolândia;2205953;Green Eletron;PEV fixo;Ativo;11/09/2020
2301604-001;CE;ASSARÉ;2301604;ABREE;PEV fixo;Ativo;18/08/2020
4217501-000;SC;Seara;4217501;ABREE;Campanha itinerante;Ativo;15/01/2019
4314902-026;RS;  Porto Alegre ;4314902;ABREE;PEV fixo;Ativo;12/01/2020
4118709-000;PR;Paulo Frontin;4118709;Green Eletron;PEV fixo;Ativo;10/03/2020
3205309-007;ES;Vitória;3205309;Green Eletron;PEV fixo;Ativo;20/01/2020
3541059-000;SP;Pratânia;3541059;ABREE;PEV fixo;Ativo;01/12/2019
2904308-000;BA;BREJÕES;2904308;Green Eletron;Ponto de consolidação;Ativo;15/12/2019
2933307-000;BA;Vitoria da Conquista;2933307;Green Eletron;PEV fixo;Ativo;11/04/2019
2304608-000;CE;General Sampaio;2304608;Green Eletron;PEV fixo;Ativo;17/08/2021
4314902-013;RS;PORTO ALEGRE;4314902;Sistema individual;Campanha itinerante;Ativo;01/03/2020
4314902-054;RS;Porto Alegre;4314902;ABREE;PEV fixo;Ativo;26/01/2021
3556354-000;SP;Vargem;3556354;ABREE;PEV fixo;Ativo;18/10/2020
3111002-000;MG;  Campestre ;3111002;ABREE;PEV fixo;Ativo;06/10/2019
4109104-000;PR;Guaporema;4109104;Green Eletron;Campanha itinerante;Ativo;03/11/2021
4104907-000;PR;Castro;4104907;Sistema individual;Ponto de consolidação;Ativo;22/09/2019
2209153-000;PI;SANTA CRUZ DOS MILAGRES;2209153;ABREE;PEV fixo;Ativo;09/10/2021
3512100-000;SP;Colômbia;3512100;Sistema individual;PEV fixo;Ativo;21/01/2021
3171808-000;MG;VIRGINÓPOLIS;3171808;ABREE;PEV fixo;Ativo;20/06/2021
3110806-000;MG;CAMPANÁRIO;3110806;Green Eletron;PEV fixo;Ativo;15/08/2021
2510402-000;PB;Olho d'Água;2510402;ABREE;PEV fixo;Ativo;01/12/2019
1501402-003;PA;  Belém ;1501402;Green Eletron;PEV fixo;Ativo;04/06/2020
4211876-002;SC;Paial;4211876;Green Eletron;PEV fixo;Ativo;21/11/2021
1600154-000;AP;Pedra Branca do Amapari;1600154;Green Eletron;PEV fixo;Ativo;11/07/2020
4101853-000;PR;ARIRANHA DO IVAÍ;4101853;Green Eletron;PEV fixo;Ativo;24/10/2019
3166808-000;MG;Serra do Salitre;3166808;Sistema individual;PEV fixo;Ativo;25/02/2019
3302700-009;RJ;MARICÁ;3302700;ABREE;PEV fixo;Ativo;20/10/2021
2301604-003;CE;  Assaré ;2301604;Green Eletron;PEV fixo;Ativo;21/02/2021
3549300-000;SP;  São João do Pau d'Alho ;3549300;Sistema individual;PEV fixo;Ativo;01/03/2021
2211001-002;PI;Teresina;2211001;Green Eletron;PEV fixo;Ativo;12/07/2019
5103403-003;MT;Cuiabá;5103403;Green Eletron;PEV fixo;Ativo;26/04/2019
3550308-038;SP;SÃO PAULO;3550308;ABREE;PEV fixo;Ativo;18/05/2019
2111300-040;MA;São Luís;2111300;ABREE;PEV fixo;Ativo;28/05/2020
5219357-000;GO;Santa Isabel;5219357;ABREE;PEV fixo;Ativo;19/09/2020
3127206-000;MG;FUNILÂNDIA;3127206;Sistema individual;PEV fixo;Ativo;20/02/2021
3106200-123;MG;Belo Horizonte;3106200;Green Eletron;PEV fixo;Ativo;02/12/2021
3302700-003;RJ;Maricá;3302700;Green Eletron;PEV fixo;Ativo;01/04/2019
1506906-000;PA;Santarem Novo;1506906;ABREE;PEV fixo;Ativo;05/03/2020
2903235-001;BA;Barro Alto;2903235;Green Eletron;PEV fixo;Ativo;14/12/2021
2800308-009;SE;Aracaju;2800308;ABREE;Ponto de consolidação;Ativo;06/04/2020
3550308-182;SP;São Paulo;3550308;Green Eletron;PEV fixo;Ativo;15/03/2021
2304400-006;CE;Fortaleza;2304400;ABREE;Ponto de consolidação;Ativo;05/09/2019
1508209-005;PA;VIGIA;1508209;Green Eletron;Ponto de consolidação;Ativo;17/08/2020
1303957-000;AM;SÃO SEBASTIÃO DO UATUMÃ;1303957;Green Eletron;PEV fixo;Ativo;15/05/2020
3304557-029;RJ;RIO DE JANEIRO;3304557;ABREE;PEV fixo;Ativo;10/08/2020
4204202-000;SC;CHAPECÓ;4204202;Green Eletron;PEV fixo;Ativo;06/12/2020
5300108-071;DF;Brasília;5300108;ABREE;PEV fixo;Ativo;04/07/2021
4110300-000;PR;Inajá;4110300;ABREE;PEV fixo;Ativo;01/09/2021
3301405-003;RJ;Conceição de Macabu;3301405;ABREE;PEV fixo;Ativo;25/05/2019
3525607-000;SP;JOÃO RAMALHO;3525607;Green Eletron;Ponto de consolidação;Ativo;18/07/2019
3301108-013;RJ;CANTAGALO;3301108;ABREE;PEV fixo;Ativo;17/09/2021
2927408-091;BA;Salvador;2927408;ABREE;PEV fixo;Ativo;16/07/2021
3117306-000;MG;Conceicao das Alagoas;3117306;ABREE;PEV fixo;Ativo;14/10/2020
3106200-024;MG;Belo Horizonte;3106200;Green Eletron;Ponto de consolidação;Ativo;28/06/2020
4314902-038;RS;Porto Alegre;4314902;ABREE;PEV fixo;Ativo;01/11/2020
3550308-128;SP;Sao Paulo;3550308;ABREE;PEV fixo;Ativo;06/04/2020
4323507-000;RS;Vista Alegre;4323507;ABREE;PEV fixo;Ativo;18/09/2019
1717909-000;TO;PONTE ALTA DO TOCANTINS;1717909;ABREE;PEV fixo;Ativo;05/11/2019
3122405-000;MG;Divisa Nova;3122405;ABREE;PEV fixo;Ativo;02/01/2019
2101939-002;MA;Bernardo do Mearim;2101939;ABREE;Campanha itinerante;Ativo;25/12/2020
4124103-000;PR;Santo Antônio da Platina;4124103;Green Eletron;PEV fixo;Ativo;27/02/2019
3162450-000;MG;Sao Joao das Missoes;3162450;Green Eletron;PEV fixo;Ativo;28/04/2021
2304400-029;CE;Fortaleza;2304400;Green Eletron;PEV fixo;Ativo;19/02/2019
2302107-004;CE;Baturité;2302107;Green Eletron;PEV fixo;Ativo;20/03/2021
3161007-000;MG;São Domingos do Prata;3161007;Green Eletron;PEV fixo;Ativo;27/12/2019
3302403-002;RJ;Macaé;3302403;Green Eletron;PEV fixo;Ativo;27/04/2019
3515194-002;SP;ESPÍRITO SANTO DO TURVO;3515194;Sistema individual;PEV fixo;Ativo;07/01/2021
2304400-060;CE;FORTALEZA;2304400;ABREE;PEV fixo;Ativo;05/10/2021
3550308-240;SP;SÃO PAULO;3550308;Green Eletron;PEV fixo;Ativo;17/07/2021
4314902-030;RS;PORTO ALEGRE;4314902;ABREE;PEV fixo;Ativo;02/10/2020
3515129-000;SP;Emilianópolis;3515129;Green Eletron;Ponto de consolidação;Ativo;18/03/2020
2209500-000;PI;Santo Inacio do Piaui;2209500;ABREE;PEV fixo;Ativo;13/09/2020
2917904-000;BA;JANDAÍRA;2917904;Green Eletron;PEV fixo;Ativo;28/11/2019
2111300-020;MA;São Luís;2111300;Green Eletron;Campanha itinerante;Ativo;20/01/2019
2301307-000;CE;Araripe;2301307;ABREE;Campanha itinerante;Ativo;26/07/2021
2210631-000;PI;SEBASTIÃO LEAL;2210631;Green Eletron;PEV fixo;Ativo;06/02/2020
3550308-138;SP;São Paulo;3550308;Green Eletron;PEV fixo;Ativo;12/07/2020
2800308-003;SE;  Aracaju ;2800308;Sistema individual;PEV fixo;Ativo;08/10/2019
3550308-205;SP;Sao Paulo;3550308;ABREE;PEV fixo;Ativo;09/10/2021
3538808-025;SP;Piraju;3538808;ABREE;PEV fixo;Ativo;01/01/2021
3503703-004;SP;Ariranha;3503703;Green Eletron;Ponto de consolidação;Ativo;06/06/2021
3534708-000;SP;Ourinhos;3534708;ABREE;PEV fixo;Ativo;23/08/2019
3304557-068;RJ;Rio de Janeiro;3304557;ABREE;Ponto de consolidação;Ativo;25/02/2021
3549706-002;SP;Sao Jose do Rio Pardo;3549706;Green Eletron;PEV fixo;Ativo;13/06/2021
2605806-003;PE;Frei Miguelinho;2605806;ABREE;PEV fixo;Ativo;16/05/2020
4301552-000;RS;ÁUREA;4301552;Green Eletron;Campanha itinerante;Ativo;03/02/2021
3555505-000;SP;Ubirajara;3555505;Green Eletron;PEV fixo;Inativo;10/09/2020
1302306-000;AM;Jutai;1302306;ABREE;PEV fixo;Ativo;22/07/2019
2111300-045;MA;SÃO LUÍS;2111300;ABREE;PEV fixo;Ativo;08/06/2020
2204709-000;PI;  Inhuma ;2204709;Green Eletron;PEV fixo;Ativo;03/02/2019
3169406-000;MG;Três Pontas;3169406;Green Eletron;Ponto de consolidação;Ativo;15/04/2021
3300605-000;RJ;BOM JESUS DO ITABAPOANA;3300605;Green Eletron;Campanha itinerante;Ativo;10/04/2021
3532843-000;SP;Nova Canaã Paulista;3532843;ABREE;PEV fixo;Ativo;07/11/2020
3513009-000;SP;  Cotia ;3513009;Sistema individual;PEV fixo;Ativo;05/01/2019
1704105-000;TO;Centenário;1704105;Green Eletron;PEV fixo;Ativo;20/03/2021
3538808-021;SP;Piraju;3538808;ABREE;PEV fixo;Ativo;12/06/2021
2921906-000;BA;Mucugê;2921906;ABREE;PEV fixo;Ativo;03/01/2021
4128401-000;PR;Uraí;4128401;ABREE;Ponto de consolidação;Ativo;12/09/2020
2602902-003;PE;Cabo de Santo Agostinho;2602902;Green Eletron;Ponto de consolidação;Ativo;28/01/2020
3103009-000;MG;Antonio Dias;3103009;Green Eletron;PEV fixo;Ativo;10/05/2021
3505351-000;SP;Barra do Chapéu;3505351;Sistema individual;PEV fixo;Ativo;03/08/2019
3547502-000;SP;Santa Rita do Passa Quatro;3547502;ABREE;PEV fixo;Ativo;09/04/2019
4106902-026;PR;  Curitiba ;4106902;Green Eletron;PEV fixo;Ativo;08/12/2020
2611606-036;PE;Recife;2611606;ABREE;PEV fixo;Ativo;16/03/2021
3550308-052;SP;SÃO PAULO;3550308;Green Eletron;PEV fixo;Ativo;07/03/2019
3300803-000;RJ;Cachoeiras de Macacu;3300803;ABREE;PEV fixo;Ativo;27/09/2020
3301108-004;RJ;CANTAGALO;3301108;Green Eletron;PEV fixo;Ativo;19/08/2020
3201902-001;ES;Domingos Martins;3201902;ABREE;PEV fixo;Ativo;27/03/2021
4314902-032;RS;Porto Alegre;4314902;Green Eletron;PEV fixo;Ativo;17/07/2020
3515806-000;SP;Flora Rica;3515806;ABREE;PEV fixo;Ativo;24/05/2021
3538808-002;SP;Piraju;3538808;ABREE;Campanha itinerante;Ativo;13/12/2019
4314902-067;RS;Porto Alegre;4314902;Green Eletron;PEV fixo;Ativo;24/05/2021
3202405-000;ES;GUARAPARI;3202405;Green Eletron;PEV fixo;Ativo;22/02/2020
3549250-004;SP;São João de Iracema;3549250;ABREE;PEV fixo;Ativo;13/02/2021
3500303-000;SP;AGUAÍ;3500303;Sistema individual;PEV fixo;Inativo;24/09/2021
1508209-000;PA;Vigia;1508209;Sistema individual;PEV fixo;Ativo;18/09/2019
4302600-000;RS;  Braga ;4302600;Green Eletron;PEV fixo;Ativo;21/07/2019
2610509-000;PE;Passira;;Green Eletron;PEV fixo;Ativo;08/08/2019
2905008-000;BA;Caculé;2905008;Green Eletron;PEV fixo;Ativo;04/08/2021
4202107-000;SC;BARRA VELHA;4202107;Green Eletron;Campanha itinerante;Inativo;06/11/2020
4322509-000;RS;Vacaria;4322509;Green Eletron;PEV fixo;Ativo;17/09/2019
1200203-000;AC;Cruzeiro do Sul;1200203;ABREE;PEV fixo;Ativo;09/09/2019
2304400-055;CE;Fortaleza;2304400;ABREE;PEV fixo;Ativo;06/01/2021
2304400-012;CE;FORTALEZA;2304400;Green Eletron;PEV fixo;Ativo;26/07/2019
2111300-068;MA;  São Luís ;2111300;ABREE;PEV fixo;Ativo;17/11/2021
3304557-003;RJ;Rio de Janeiro;3304557;Green Eletron;PEV fixo;Ativo;03/10/2020
5203559-000;GO;BONFINÓPOLIS;5203559;ABREE;Ponto de consolidação;Ativo;11/01/2021
2927408-092;BA;SALVADOR;2927408;Green Eletron;PEV fixo;Ativo;26/05/2021
4213807-000;SC;Praia Grande;4213807;ABREE;PEV fixo;Ativo;23/10/2021
2923209-000;BA;Oliveira dos Brejinhos;2923209;ABREE;PEV fixo;Ativo;06/02/2019
2111300-069;MA;São Luís;2111300;ABREE;PEV fixo;Ativo;12/11/2021
2611606-008;PE;Recife;2611606;Sistema individual;PEV fixo;Ativo;01/11/2020
2927408-041;BA;Salvador;2927408;Green Eletron;PEV fixo;Ativo;08/03/2019
4318440-000;RS;São Jorge;4318440;ABREE;Ponto de consolidação;Ativo;08/04/2019
4201307-001;SC;Araquari;4201307;ABREE;PEV fixo;Ativo;03/01/2020
2210508-000;PI;São Pedro do Piauí;2210508;Green Eletron;PEV fixo;Ativo;19/11/2021
3205309-009;ES;VITÓRIA;3205309;ABREE;PEV fixo;Ativo;16/01/2021
3550308-046;SP;SÃO PAULO;3550308;ABREE;PEV fixo;Ativo;15/07/2019
3506904-000;SP;Bofete;3506904;ABREE;PEV fixo;Ativo;11/05/2021
3550308-129;SP;Sao Paulo;3550308;ABREE;PEV fixo;Ativo;06/07/2020
3550308-204;SP;  São Paulo ;3550308;ABREE;PEV fixo;Ativo;11/11/2021
2611606-013;PE;Recife;2611606;Green Eletron;PEV fixo;Ativo;07/10/2020
2111300-063;MA;São Luís;2111300;ABREE;PEV fixo;Ativo;10/02/2021
1716703-000;TO;Colmeia;1716703;Sistema individual;PEV fixo;Ativo;15/11/2019
2302107-001;CE;Baturité;2302107;Green Eletron;PEV fixo;Ativo;18/02/2019
3171501-000;MG;MATHIAS LOBATO;3171501;Green Eletron;PEV fixo;Ativo;17/09/2020
2903102-000;BA;  Barra do Rocha ;2903102;ABREE;PEV fixo;Ativo;28/09/2020
3541653-004;SP;QUADRA;3541653;ABREE;PEV fixo;Ativo;17/12/2021
3540705-000;SP;PORTO FERREIRA;3540705;ABREE;PEV fixo;Ativo;11/03/2021
3525201-001;SP;Jarinu;3525201;ABREE;PEV fixo;Ativo;20/04/2020
3142809-000;MG;Monte Alegre de Minas;3142809;Green Eletron;Ponto de consolidação;Ativo;26/09/2020
3550308-114;SP;SÃO PAULO;3550308;ABREE;PEV fixo;Ativo;01/01/2020
3513009-002;SP;Cotia;3513009;Green Eletron;PEV fixo;Ativo;19/02/2019
3513009-003;SP;Cotia;3513009;Green Eletron;PEV fixo;Ativo;01/03/2019
3550308-141;SP;SÃO PAULO;3550308;Sistema individual;PEV fixo;Ativo;20/08/2020
5208707-005;GO;Goiânia;5208707;ABREE;PEV fixo;Ativo;25/01/2019
4107751-000;PR;Figueira;4107751;ABREE;PEV fixo;Ativo;18/10/2019
3106200-116;MG;BELO HORIZONTE;3106200;Sistema individual;PEV fixo;Ativo;02/05/2021
3150158-000;MG;  Piedade de Caratinga ;3150158;ABREE;PEV fixo;Ativo;25/05/2019
5221197-000;GO;TEREZÓPOLIS DE GOIÁS;5221197;ABREE;Ponto de consolidação;Ativo;14/11/2020
2303402-000;CE;Carnaubal;2303402;ABREE;PEV fixo;Ativo;14/12/2021
3115607-000;MG;Cedro do Abaeté;3115607;Green Eletron;PEV fixo;Ativo;05/01/2020
2507309-000;PB;JACARAÚ;2507309;ABREE;PEV fixo;Ativo;04/09/2019
2909505-000;BA;CRAVOLÂNDIA;2909505;Green Eletron;PEV fixo;Ativo;23/05/2020
3304557-095;RJ;Rio de Janeiro;3304557;Green Eletron;Ponto de consolidação;Inativo;11/08/2021
4307807-000;RS;Estrela;4307807;Green Eletron;Ponto de consolidação;Ativo;04/09/2021
2910107-000;BA;DOM BASÍLIO;2910107;ABREE;PEV fixo;Ativo;05/09/2019
3533254-000;SP;Novais;3533254;ABREE;PEV fixo;Ativo;12/03/2020
4315750-000;RS;  Riozinho ;4315750;Green Eletron;Campanha itinerante;Ativo;28/03/2021
2605202-000;PE;Escada;2605202;ABREE;PEV fixo;Ativo;09/07/2019
2803807-000;SE;Malhada dos Bois;2803807;Sistema individual;PEV fixo;Ativo;24/05/2019
4319109-000;RS;São Martinho;4319109;ABREE;PEV fixo;Ativo;05/06/2019
3165560-000;MG;  Sem-Peixe ;3165560;ABREE;PEV fixo;Ativo;08/10/2020
1300029-005;AM;ALVARÃES;1300029;Green Eletron;PEV fixo;Ativo;23/07/2021
3135100-000;MG;Janaúba;3135100;Green Eletron;PEV fixo;Ativo;27/05/2020
2927408-064;BA;Salvador;2927408;ABREE;PEV fixo;Ativo;02/12/2020
3301405-002;RJ;Conceição de Macabu;3301405;ABREE;PEV fixo;Ativo;01/10/2019
2927408-076;BA;Salvador;2927408;ABREE;PEV fixo;Ativo;09/01/2021
3304557-058;RJ;Rio de Janeiro;3304557;Green Eletron;PEV fixo;Ativo;01/02/2020
2909901-000;BA;Curaca;2909901;ABREE;PEV fixo;Ativo;13/02/2020
2304251-002;CE;  Cruz ;2304251;ABREE;PEV fixo;Ativo;22/10/2019
4205407-032;SC;Florianópolis;4205407;Green Eletron;PEV fixo;Ativo;11/11/2020
2208502-000;PI;PORTO;2208502;Green Eletron;PEV fixo;Ativo;09/02/2019
2111300-031;MA;SÃO LUÍS;2111300;ABREE;Ponto de consolidação;Ativo;05/11/2019
3106200-037;MG;Belo Horizonte;3106200;ABREE;PEV fixo;Ativo;25/04/2020
3512506-000;SP;COROADOS;3512506;ABREE;PEV fixo;Ativo;20/10/2021
1721000-004;TO;Palmas;1721000;ABREE;PEV fixo;Ativo;11/03/2020
3550308-144;SP;São Paulo;3550308;Green Eletron;Campanha itinerante;Ativo;12/07/2020
2507507-000;PB;Joao Pessoa;2507507;Green Eletron;PEV fixo;Ativo;03/09/2019
3550308-208;SP;Sao Paulo;3550308;Sistema individual;PEV fixo;Ativo;15/11/2021
2112704-000;MA;VARGEM GRANDE;2112704;Green Eletron;PEV fixo;Ativo;27/02/2019
2111300-025;MA;São Luís;2111300;Green Eletron;PEV fixo;Ativo;26/01/2019
3101706-000;MG;Almenara;3101706;ABREE;Campanha itinerante;Ativo;14/07/2021
3205309-012;ES;  Vitória ;3205309;Green Eletron;PEV fixo;Ativo;03/08/2021
2308351-000;CE;MILHÃ;2308351;ABREE;PEV fixo;Ativo;06/10/2020
5300108-066;DF;Brasília;5300108;Sistema individual;PEV fixo;Ativo;14/02/2021
2306801-000;CE;Jaguaribara;2306801;Sistema individual;PEV fixo;Ativo;20/12/2019
4127957-001;PR;Tupãssi;4127957;Sistema individual;PEV fixo;Ativo;26/11/2021
2304400-045;CE;Fortaleza;2304400;Green Eletron;PEV fixo;Ativo;23/09/2020
3550308-175;SP;Sao Paulo;3550308;ABREE;PEV fixo;Ativo;08/03/2020
2927408-058;BA;Salvador;2927408;Green Eletron;PEV fixo;Ativo;14/01/2020
3519204-000;SP;Iacri;3519204;Green Eletron;Campanha itinerante;Ativo;07/11/2019
2408300-000;RN;Nova Cruz;2408300;ABREE;PEV fixo;Ativo;19/05/2019
3106200-050;MG;Belo Horizonte;3106200;ABREE;PEV fixo;Ativo;04/07/2020
3304557-062;RJ;RIO DE JANEIRO;3304557;ABREE;PEV fixo;Ativo;20/03/2020
2505808-000;PB;Duas Estradas;2505808;ABREE;PEV fixo;Ativo;07/08/2021
4205407-021;SC;Florianópolis;4205407;ABREE;PEV fixo;Ativo;27/12/2019
3547403-000;SP;Santa Rita d'Oeste;3547403;ABREE;Campanha itinerante;Ativo;14/06/2021
2616100-000;PE;Verdejante;2616100;Green Eletron;Campanha itinerante;Ativo;14/02/2019
3300159-000;RJ;  Aperibé ;;Green Eletron;PEV fixo;Ativo;11/05/2019
3508405-000;SP;CABREÚVA;3508405;ABREE;PEV fixo;Ativo;27/12/2021
3123528-003;MG;Durandé;3123528;Green Eletron;PEV fixo;Ativo;28/03/2021
3532306-003;SP;Natividade da Serra;3532306;Green Eletron;PEV fixo;Ativo;01/02/2020
2930154-000;BA;Serra do Ramalho;2930154;ABREE;PEV fixo;Ativo;10/03/2019
5103908-000;MT;General Carneiro;5103908;ABREE;PEV fixo;Ativo;08/09/2020
3124302-000;MG;Espinosa;3124302;ABREE;PEV fixo;Ativo;19/12/2021
5222302-000;GO;Vila Propicio;5222302;ABREE;PEV fixo;Ativo;22/11/2019
5300108-021;DF;Brasília;5300108;ABREE;PEV fixo;Ativo;15/01/2019
4310207-001;RS;IJUÍ;4310207;ABREE;PEV fixo;Ativo;21/12/2020
2800308-017;SE;Aracaju;2800308;Sistema individual;PEV fixo;Ativo;23/12/2021
5300108-029;DF;BRASÍLIA;5300108;Green Eletron;PEV fixo;Ativo;24/10/2019
2203701-000;PI;ESPERANTINA;2203701;Green Eletron;PEV fixo;Ativo;07/05/2019
3550308-122;SP;SÃO PAULO;3550308;Green Eletron;PEV fixo;Ativo;06/12/2020
2310902-000;CE;Piquet Carneiro;2310902;ABREE;PEV fixo;Ativo;26/04/2019
2111748-000;MA;SENADOR ALEXANDRE COSTA;2111748;Green Eletron;PEV fixo;Ativo;17/04/2021
3304557-087;RJ;Rio de Janeiro;3304557;Green Eletron;PEV fixo;Ativo;22/10/2021
2615409-000;PE;TORITAMA;2615409;ABREE;PEV fixo;Ativo;02/11/2021
5300108-003;DF;Brasília;5300108;ABREE;PEV fixo;Ativo;03/04/2019
3106200-148;MG;Belo Horizonte;3106200;Green Eletron;PEV fixo;Ativo;13/09/2021
4127882-000;PR;TUNAS DO PARANÁ;4127882;Sistema individual;PEV fixo;Ativo;13/01/2019
2408102-010;RN;Natal;2408102;ABREE;PEV fixo;Ativo;18/07/2021
4205001-000;SC;  Dionísio Cerqueira ;4205001;ABREE;Campanha itinerante;Ativo;28/10/2019
4314803-000;RS;Portão;4314803;Green Eletron;PEV fixo;Ativo;15/12/2021
3500600-000;SP;  Águas de São Pedro ;3500600;Green Eletron;PEV fixo;Ativo;20/10/2021
4314159-000;RS;Paverama;4314159;ABREE;PEV fixo;Ativo;17/09/2020
2708600-000;AL;Sao Miguel dos Campos;2708600;Green Eletron;PEV fixo;Ativo;23/11/2020
1502855-000;PA;Curuá;1502855;Green Eletron;PEV fixo;Ativo;06/08/2021
2304400-024;CE;  Fortaleza ;2304400;ABREE;PEV fixo;Ativo;15/10/2019
4208500-000;SC;Ituporanga;4208500;Green Eletron;Ponto de consolidação;Ativo;06/04/2021
5103403-007;MT;CUIABÁ;5103403;ABREE;PEV fixo;Ativo;14/01/2021
4314902-031;RS;Porto Alegre;4314902;Green Eletron;Ponto de consolidação;Ativo;06/12/2020
1506351-000;PA;Santa Barbara do Para;1506351;ABREE;Campanha itinerante;Ativo;24/11/2020
3550308-034;SP;Sao Paulo;3550308;Green Eletron;PEV fixo;Ativo;28/06/2019
2111300-027;MA;  São Luís ;2111300;Green Eletron;PEV fixo;Ativo;14/04/2019
3550308-039;SP;Sao Paulo;3550308;ABREE;PEV fixo;Ativo;13/01/2019
3170206-000;MG;Uberlandia;3170206;ABREE;PEV fixo;Ativo;15/08/2021
4314902-010;RS;PORTO ALEGRE;4314902;Green Eletron;PEV fixo;Ativo;10/08/2020
3201001-000;ES;Boa Esperança;3201001;Green Eletron;PEV fixo;Ativo;28/11/2020
2209658-000;PI;São Francisco de Assis do Piauí;2209658;ABREE;PEV fixo;Ativo;05/01/2020
3305307-008;RJ;São Sebastião do Alto;3305307;Green Eletron;PEV fixo;Ativo;13/05/2020
3550308-190;SP;Sao Paulo;3550308;Green Eletron;PEV fixo;Ativo;13/05/2021
3106002-000;MG;Bela Vista de Minas;3106002;Green Eletron;PEV fixo;Ativo;15/09/2021
3106200-032;MG;BELO HORIZONTE;3106200;Sistema individual;PEV fixo;Ativo;03/09/2020
2903003-000;BA;Barra do Mendes;2903003;Green Eletron;PEV fixo;Ativo;17/12/2021
1507151-002;PA;São Domingos do Araguaia;1507151;ABREE;Campanha itinerante;Ativo;15/10/2020
3550308-097;SP;São Paulo;3550308;ABREE;PEV fixo;Ativo;16/05/2019
5204607-000;GO;Campestre de Goias;5204607;ABREE;Campanha itinerante;Ativo;08/07/2020
2206951-000;PI;Novo Santo Antônio;2206951;ABREE;Ponto de consolidação;Ativo;01/08/2021
2611606-012;PE;Recife;2611606;ABREE;PEV fixo;Ativo;03/03/2020
3539509-000;SP;Pitangueiras;3539509;ABREE;PEV fixo;Ativo;25/06/2019
3512803-000;SP;COSMÓPOLIS;3512803;Green Eletron;PEV fixo;Ativo;26/11/2019
4314902-025;RS;PORTO ALEGRE;4314902;Sistema individual;PEV fixo;Ativo;06/11/2020
3106200-119;MG;Belo Horizonte;3106200;ABREE;Campanha itinerante;Ativo;05/07/2021
3106200-068;MG;BELO HORIZONTE;3106200;ABREE;Campanha itinerante;Inativo;04/10/2020
3106200-028;MG;Belo Horizonte;3106200;ABREE;PEV fixo;Ativo;03/06/2020
1505601-000;PA;Peixe-Boi;1505601;ABREE;PEV fixo;Ativo;27/07/2021
1503507-000;PA;Irituia;1503507;Green Eletron;PEV fixo;Ativo;17/07/2021
4209508-000;SC;Laurentino;4209508;Green Eletron;PEV fixo;Ativo;11/07/2021
3557006-000;SP;Votorantim;3557006;Green Eletron;PEV fixo;Ativo;19/02/2020
4122206-000;PR;  Rio Branco do Sul ;4122206;Green Eletron;PEV fixo;Ativo;23/03/2019
2106508-000;MA;MATINHA;2106508;ABREE;PEV fixo;Ativo;07/04/2020
3106200-133;MG;Belo Horizonte;3106200;ABREE;PEV fixo;Ativo;25/04/2021
2305902-000;CE;  Ipueiras ;2305902;Green Eletron;PEV fixo;Ativo;10/01/2021
5215207-005;GO;NOVO BRASIL;5215207;Green Eletron;PEV fixo;Ativo;09/12/2021
3118106-000;MG;  Congonhas do Norte ;3118106;ABREE;PEV fixo;Ativo;05/01/2019
3550308-239;SP;SÃO PAULO;3550308;Green Eletron;PEV fixo;Ativo;14/05/2021
2303956-000;CE;CHOROZINHO;2303956;Green Eletron;PEV fixo;Ativo;12/08/2021
4314902-024;RS;Porto Alegre;4314902;ABREE;PEV fixo;Ativo;07/02/2020
3549904-004;SP;SÃO JOSÉ DOS CAMPOS;3549904;Green Eletron;Ponto de consolidação;Ativo;01/05/2021
3304557-000;RJ;Rio de Janeiro;3304557;Green Eletron;PEV fixo;Ativo;16/02/2020
3300100-003;RJ;Angra dos Reis;3300100;Sistema individual;PEV fixo;Ativo;24/08/2021
4106902-040;PR;Curitiba;4106902;ABREE;PEV fixo;Ativo;02/06/2021
5300108-042;DF;Brasília;5300108;ABREE;Ponto de consolidação;Ativo;09/04/2020
3304557-020;RJ;Rio de Janeiro;3304557;Green Eletron;PEV fixo;Ativo;04/07/2020
3515509-000;SP;FERNANDÓPOLIS;3515509;Green Eletron;PEV fixo;Ativo;14/03/2019
2800308-015;SE;Aracaju;2800308;ABREE;PEV fixo;Ativo;09/10/2021
4218707-000;SC;Tubarao;4218707;Green Eletron;Campanha itinerante;Ativo;24/12/2020
3550308-054;SP;São Paulo;3550308;ABREE;PEV fixo;Ativo;27/11/2019
1501204-003;PA;  Baião ;1501204;ABREE;PEV fixo;Ativo;20/09/2019
2803708-000;SE;MACAMBIRA;2803708;ABREE;Ponto de consolidação;Ativo;10/11/2020
2304400-028;CE;FORTALEZA;2304400;Green Eletron;PEV fixo;Ativo;24/09/2019
4314902-053;RS;Porto Alegre;4314902;Sistema individual;PEV fixo;Ativo;23/04/2021
2309805-000;CE;PACOTI;2309805;ABREE;Campanha itinerante;Ativo;04/04/2020
2304400-048;CE;Fortaleza;2304400;Sistema individual;PEV fixo;Ativo;19/12/2020
2704906-000;AL;Mar Vermelho;2704906;Green Eletron;PEV fixo;Ativo;16/06/2021
5205208-000;GO;Caturaí;5205208;ABREE;Ponto de consolidação;Ativo;12/04/2020
3525607-001;SP;  João Ramalho ;3525607;Green Eletron;PEV fixo;Ativo;18/12/2019
4308433-000;RS;Forquetinha;4308433;Sistema individual;PEV fixo;Ativo;05/09/2019
4118501-000;PR;PATO BRANCO;4118501;ABREE;PEV fixo;Ativo;05/12/2019
2202703-000;PI;Cocal;2202703;ABREE;PEV fixo;Ativo;20/09/2019
3109709-000;MG;Cachoeira de Minas;3109709;Green Eletron;PEV fixo;Ativo;24/04/2021
4219309-000;SC;Videira;4219309;ABREE;PEV fixo;Ativo;26/11/2021
3300902-001;RJ;CAMBUCI;3300902;ABREE;PEV fixo;Ativo;22/05/2019
4300455-000;RS;ALEGRIA;4300455;ABREE;PEV fixo;Ativo;10/04/2019
3145372-000;MG;Novorizonte;3145372;ABREE;PEV fixo;Ativo;21/03/2020
3550308-041;SP;São Paulo;3550308;Green Eletron;PEV fixo;Ativo;07/07/2019
3106200-089;MG;BELO HORIZONTE;3106200;Sistema individual;PEV fixo;Ativo;02/04/2020
3302502-002;RJ;Mage;3302502;ABREE;PEV fixo;Ativo;28/11/2020
2611606-050;PE;Recife;2611606;Green Eletron;PEV fixo;Ativo;20/02/2021
2111300-057;MA;São Luís;2111300;Green Eletron;PEV fixo;Ativo;17/12/2021
1504208-002;PA;MARABÁ;1504208;Green Eletron;PEV fixo;Ativo;04/12/2020
1504208-003;PA;  Marabá ;1504208;Green Eletron;PEV fixo;Ativo;08/12/2021
2404903-000;RN;Itau;2404903;ABREE;PEV fixo;Ativo;06/01/2019
2304400-021;CE;Fortaleza;2304400;ABREE;PEV fixo;Ativo;27/01/2019
4107157-000;PR;Diamante D'Oeste;4107157;ABREE;PEV fixo;Ativo;04/07/2019
2927408-015;BA;Salvador;2927408;ABREE;PEV fixo;Ativo;16/04/2019
4314902-072;RS;Porto Alegre;4314902;Sistema individual;Ponto de consolidação;Ativo;11/10/2021
3550308-115;SP;Sao Paulo;3550308;Green Eletron;Ponto de consolidação;Ativo;05/12/2020
4308250-000;RS;Floriano Peixoto;4308250;Sistema individual;PEV fixo;Ativo;09/02/2019
2513000-000;PB;SALGADINHO;2513000;ABREE;Campanha itinerante;Ativo;02/10/2021
2404903-000;RN;Itau;2404903;ABREE;PEV fixo;Ativo;06/01/2019
3304144-000;RJ;Queimados;3304144;Sistema individual;Campanha itinerante;Ativo;04/12/2020
2800308-012;SE;Aracaju;2800308;ABREE;PEV fixo;Ativo;02/08/2020
2927408-097;BA;Salvador;2927408;Green Eletron;PEV fixo;Ativo;02/12/2021
3542602-002;SP;  Registro ;3542602;ABREE;PEV fixo;Ativo;16/07/2020
2927408-071;BA;Salvador;2927408;ABREE;Ponto de consolidação;Ativo;19/12/2020
3106200-074;MG;Belo Horizonte;3106200;ABREE;PEV fixo;Ativo;11/10/2020
4202578-000;SC;BOM JESUS DO OESTE;4202578;ABREE;PEV fixo;Ativo;27/11/2020
3304557-067;RJ;Rio de Janeiro;3304557;ABREE;PEV fixo;Ativo;26/06/2020
2602902-000;PE;Cabo de Santo Agostinho;2602902;Green Eletron;Campanha itinerante;Ativo;14/04/2019
2402105-000;RN;CAMPO REDONDO;2402105;ABREE;PEV fixo;Ativo;22/08/2019
4314902-040;RS;Porto Alegre;4314902;ABREE;PEV fixo;Ativo;16/11/2020
5202601-000;GO;AURILÂNDIA;5202601;Green Eletron;PEV fixo;Ativo;02/03/2019
4212403-000;SC;Pedras Grandes;4212403;Green Eletron;PEV fixo;Ativo;24/04/2021
3543204-000;SP;Ribeirao do Sul;3543204;ABREE;PEV fixo;Ativo;03/05/2021
4211702-000;SC;ORLEANS;4211702;ABREE;PEV fixo;Ativo;13/05/2019
3106200-052;MG;Belo Horizonte;3106200;ABREE;PEV fixo;Ativo;23/11/2020
2932903-000;BA;  Valença ;2932903;Green Eletron;PEV fixo;Ativo;04/12/2020
4314902-068;RS;Porto Alegre;4314902;Green Eletron;Campanha itinerante;Ativo;06/02/2021
3106200-105;MG;Belo Horizonte;3106200;Green Eletron;Ponto de consolidação;Ativo;04/03/2021
3106200-017;MG;BELO HORIZONTE;3106200;ABREE;PEV fixo;Ativo;28/10/2020
3129509-000;MG;Ibiá;3129509;ABREE;PEV fixo;Ativo;05/06/2020
2704302-000;AL;Maceió;2704302;ABREE;PEV fixo;Ativo;22/06/2020
3304557-101;RJ;Rio de Janeiro;3304557;ABREE;PEV fixo;Ativo;16/09/2021
3153707-000;MG;Quartel Geral;3153707;ABREE;PEV fixo;Ativo;25/03/2020
2312601-000;CE;Sao Luis do Curu;2312601;Green Eletron;PEV fixo;Ativo;19/07/2020
5201801-000;GO;  Aragoiânia ;5201801;Sistema individual;Ponto de consolidação;Ativo;27/07/2021
2922805-000;BA;Nova Itarana;2922805;Green Eletron;PEV fixo;Ativo;02/05/2019
3532157-000;SP;Nantes;3532157;ABREE;PEV fixo;Ativo;01/04/2019
1600303-000;AP;Macapá;;Green Eletron;PEV fixo;Ativo;26/06/2020
3556206-000;SP;  Valinhos ;3556206;ABREE;PEV fixo;Ativo;12/05/2020
5300108-002;DF;Brasília;5300108;Green Eletron;PEV fixo;Ativo;04/08/2019
4314902-080;RS;Porto Alegre;4314902;Green Eletron;PEV fixo;Ativo;17/03/2021
3304557-050;RJ;Rio de Janeiro;3304557;Green Eletron;PEV fixo;Ativo;16/07/2020
3300951-003;RJ;COMENDADOR LEVY GASPARIAN;3300951;Green Eletron;PEV fixo;Ativo;10/01/2021
4213708-000;SC;Pouso Redondo;4213708;Green Eletron;PEV fixo;Ativo;12/02/2021
4205407-020;SC;Florianopolis;4205407;Sistema individual;Campanha itinerante;Ativo;26/08/2019
3514106-000;SP;Dois Córregos;3514106;ABREE;PEV fixo;Ativo;12/09/2021
2605152-001;PE;Dormentes;2605152;Green Eletron;PEV fixo;Ativo;16/10/2021
4305603-000;RS;COLORADO;4305603;Green Eletron;PEV fixo;Ativo;07/02/2020
4201273-000;SC;Arabutã;4201273;ABREE;PEV fixo;Ativo;12/02/2021
4106902-002;PR;Curitiba;4106902;ABREE;PEV fixo;Ativo;18/09/2020
2102358-000;MA;Buritirana;2102358;ABREE;PEV fixo;Ativo;24/11/2019
3543006-001;SP;Ribeirao Branco;3543006;Green Eletron;Ponto de consolidação;Ativo;24/07/2019
2611606-028;PE;RECIFE;2611606;Green Eletron;PEV fixo;Ativo;24/01/2020
2111300-062;MA;São Luís;2111300;ABREE;PEV fixo;Ativo;05/11/2021
3304557-018;RJ;RIO DE JANEIRO;3304557;ABREE;PEV fixo;Ativo;03/05/2020
3106200-095;MG;Belo Horizonte;3106200;Green Eletron;PEV fixo;Ativo;04/03/2021
3550308-048;SP;Sao Paulo;3550308;ABREE;PEV fixo;Ativo;12/08/2019
4207684-000;SC;Ipuaçu;4207684;ABREE;PEV fixo;Ativo;20/07/2021
2805000-000;SE;Pedra Mole;2805000;ABREE;PEV fixo;Ativo;22/05/2020
5300108-013;DF;Brasília;5300108;ABREE;PEV fixo;Ativo;07/09/2019
3504602-000;SP;BADY BASSITT;3504602;Sistema individual;PEV fixo;Ativo;18/03/2019
2312700-000;CE;Senador Pompeu;2312700;ABREE;PEV fixo;Ativo;16/02/2019
2111300-041;MA;São Luís;2111300;ABREE;PEV fixo;Ativo;05/12/2020
2412500-000;RN;São Miguel;2412500;ABREE;PEV fixo;Ativo;20/11/2019
2611606-044;PE;RECIFE;2611606;Green Eletron;PEV fixo;Ativo;19/07/2021
3530102-003;SP;Mirandópolis;3530102;ABREE;PEV fixo;Ativo;21/05/2021
3532900-006;SP;Nova Europa;3532900;ABREE;PEV fixo;Ativo;10/08/2019
3550308-150;SP;São Paulo;3550308;Sistema individual;Campanha itinerante;Ativo;15/05/2020
5208152-000;GO;Gameleira de Goias;5208152;Green Eletron;PEV fixo;Ativo;22/08/2019
4314902-086;RS;Porto Alegre;4314902;ABREE;PEV fixo;Ativo;23/09/2021
3533304-000;SP;Nova Luzitânia;3533304;Green Eletron;Campanha itinerante;Ativo;17/10/2021
4308656-000;RS;GARRUCHOS;4308656;ABREE;PEV fixo;Ativo;08/07/2020
1505106-000;PA;ÓBIDOS;1505106;ABREE;PEV fixo;Ativo;07/09/2020
2604106-000;PE;Caruaru;2604106;Green Eletron;PEV fixo;Ativo;27/05/2021
3304557-064;RJ;Rio de Janeiro;3304557;Green Eletron;PEV fixo;Ativo;01/06/2020
2111300-008;MA;São Luís;2111300;ABREE;PEV fixo;Ativo;23/12/2019
4312658-000;RS;NÃO-ME-TOQUE;4312658;Sistema individual;PEV fixo;Ativo;24/03/2019
5212253-000;GO;Lagoa Santa;5212253;Green Eletron;PEV fixo;Ativo;28/12/2019
3161106-000;MG;SÃO FRANCISCO;3161106;ABREE;PEV fixo;Ativo;03/11/2021
2611606-001;PE;Recife;2611606;ABREE;PEV fixo;Ativo;26/06/2020
1501782-000;PA;Breu Branco;1501782;Green Eletron;PEV fixo;Ativo;27/05/2019
2406106-000;RN;Jucurutu;2406106;ABREE;PEV fixo;Ativo;03/02/2019
3545506-000;SP;Sandovalina;3545506;Green Eletron;Campanha itinerante;Ativo;21/01/2019
3106200-002;MG;BELO HORIZONTE;3106200;ABREE;PEV fixo;Ativo;21/06/2020
3509304-000;SP;Cajobi;3509304;ABREE;PEV fixo;Ativo;16/11/2019
2927408-036;BA;SALVADOR;;ABREE;Campanha itinerante;Ativo;14/03/2019
1508209-007;PA;  Vigia ;1508209;Green Eletron;Campanha itinerante;Ativo;21/12/2021
2927408-009;BA;Salvador;2927408;ABREE;PEV fixo;Ativo;03/07/2019
2301604-002;CE;Assaré;2301604;ABREE;PEV fixo;Ativo;10/01/2020
2611606-049;PE;RECIFE;2611606;ABREE;PEV fixo;Ativo;27/05/2021
1101484-000;RO;São Felipe D'Oeste;1101484;ABREE;PEV fixo;Ativo;25/05/2019
3108909-000;MG;Brazópolis;3108909;ABREE;PEV fixo;Ativo;11/11/2019
4314902-043;RS;  Porto Alegre ;4314902;Green Eletron;PEV fixo;Ativo;17/03/2020
3550308-024;SP;SÃO PAULO;3550308;Green Eletron;PEV fixo;Ativo;12/08/2019
2106672-000;MA;Milagres do Maranhão;2106672;Sistema individual;PEV fixo;Ativo;18/08/2021
3106200-065;MG;Belo Horizonte;3106200;ABREE;Ponto de consolidação;Ativo;01/07/2020
2918506-000;BA;Jussara;2918506;ABREE;PEV fixo;Ativo;17/11/2020
4205407-029;SC;Florianópolis;4205407;ABREE;PEV fixo;Ativo;15/11/2020
5300108-018;DF;  Brasília ;5300108;Green Eletron;PEV fixo;Ativo;07/03/2019
2304400-064;CE;Fortaleza;2304400;ABREE;PEV fixo;Ativo;13/04/2021
5214507-000;GO;Nerópolis;5214507;ABREE;PEV fixo;Ativo;13/03/2020
5300108-065;DF;BRASÍLIA;5300108;Green Eletron;PEV fixo;Ativo;28/09/2021
3507506-000;SP;BOTUCATU;3507506;Sistema individual;Campanha itinerante;Ativo;01/10/2020
3106200-157;MG;Belo Horizonte;3106200;Green Eletron;PEV fixo;Ativo;02/02/2021
3549003-000;SP;  São Francisco ;3549003;Green Eletron;PEV fixo;Ativo;18/03/2020
4107850-000;PR;Flor da Serra do Sul;4107850;ABREE;PEV fixo;Ativo;13/10/2019
4200408-000;SC;ÁGUA DOCE;4200408;Green Eletron;Campanha itinerante;Ativo;23/09/2020
2512721-000;PB;Pedro Régis;2512721;Green Eletron;PEV fixo;Ativo;05/12/2019
2408805-000;RN;PARAZINHO;2408805;ABREE;PEV fixo;Ativo;27/12/2020
5000203-000;MS;ÁGUA CLARA;5000203;Green Eletron;PEV fixo;Ativo;26/02/2020
4205407-056;SC;Florianopolis;4205407;ABREE;PEV fixo;Ativo;20/05/2021
2927408-026;BA;SALVADOR;2927408;Green Eletron;PEV fixo;Ativo;02/02/2019
3542602-005;SP;Registro;3542602;Sistema individual;PEV fixo;Ativo;09/04/2021
2928208-000;BA;SANTANA;2928208;ABREE;PEV fixo;Ativo;19/11/2021
2927408-070;BA;Salvador;2927408;ABREE;Ponto de consolidação;Ativo;13/07/2020
4318408-000;RS;SÃO JERÔNIMO;4318408;ABREE;PEV fixo;Ativo;14/01/2021
2604155-000;PE;Casinhas;2604155;ABREE;PEV fixo;Ativo;17/02/2021
3524402-001;SP;Jacareí;3524402;ABREE;PEV fixo;Ativo;13/02/2020
2804300-000;SE;MURIBECA;2804300;ABREE;PEV fixo;Ativo;09/09/2019
5002704-004;MS;CAMPO GRANDE;5002704;ABREE;PEV fixo;Inativo;13/03/2020
4127601-000;PR;Tijucas do Sul;4127601;Green Eletron;PEV fixo;Ativo;07/09/2020
3550308-159;SP;Sao Paulo;3550308;ABREE;PEV fixo;Ativo;17/05/2020
2800308-018;SE;Aracaju;2800308;Green Eletron;PEV fixo;Ativo;26/01/2021
3305406-002;RJ;SAPUCAIA;3305406;ABREE;PEV fixo;Ativo;24/04/2020
5208707-000;GO;Goiania;5208707;Green Eletron;PEV fixo;Ativo;11/06/2019
3305307-007;RJ;São Sebastião do Alto;3305307;ABREE;PEV fixo;Ativo;15/12/2020
3139003-000;MG;MACHADO;3139003;ABREE;Campanha itinerante;Ativo;15/06/2021
3550308-000;SP;SÃO PAULO;3550308;ABREE;PEV fixo;Ativo;18/11/2019
4105508-000;PR;Cianorte;4105508;Green Eletron;Ponto de consolidação;Ativo;04/08/2019
3302908-004;RJ;Miguel Pereira;3302908;Green Eletron;PEV fixo;Ativo;19/11/2021
4115804-000;PR;MEDIANEIRA;4115804;Green Eletron;PEV fixo;Ativo;27/02/2021
4314779-000;RS;PONTÃO;4314779;ABREE;PEV fixo;Ativo;21/09/2019
4314902-035;RS;Porto Alegre;4314902;ABREE;PEV fixo;Ativo;08/07/2020
2605707-000;PE;  Floresta ;2605707;ABREE;Campanha itinerante;Ativo;12/01/2021
3106200-079;MG;Belo Horizonte;3106200;ABREE;Ponto de consolidação;Ativo;04/05/2020
3550308-116;SP;Sao Paulo;3550308;Green Eletron;Ponto de consolidação;Ativo;28/06/2020
2210003-000;PI;Sao Joao do Piaui;2210003;Green Eletron;PEV fixo;Ativo;14/01/2021
4122701-000;PR;Sabáudia;4122701;Green Eletron;PEV fixo;Ativo;21/06/2019
3155207-000;MG;Rio Espera;3155207;ABREE;Ponto de consolidação;Ativo;01/11/2019
3504503-000;SP;AVARÉ;3504503;Green Eletron;PEV fixo;Ativo;12/05/2019
3550308-118;SP;Sao Paulo;3550308;Green Eletron;PEV fixo;Ativo;18/07/2020
4312807-000;RS;Nova Araçá;4312807;ABREE;Ponto de consolidação;Ativo;04/07/2020
4317905-000;RS;SANTO CRISTO;4317905;ABREE;Ponto de consolidação;Inativo;05/01/2020
2927408-093;BA;Salvador;2927408;ABREE;PEV fixo;Ativo;06/09/2021
2607653-000;PE;ITAMBÉ;2607653;Green Eletron;PEV fixo;Ativo;20/12/2019
3106200-092;MG;  Belo Horizonte ;3106200;ABREE;PEV fixo;Ativo;26/05/2020
4106902-021;PR;CURITIBA;4106902;ABREE;PEV fixo;Ativo;15/07/2020
4306130-000;RS;Cruzaltense;4306130;ABREE;PEV fixo;Ativo;27/01/2021
3164704-000;MG;Sao Sebastiao do Paraiso;3164704;ABREE;PEV fixo;Ativo;02/01/2020
3106200-073;MG;Belo Horizonte;3106200;ABREE;PEV fixo;Ativo;18/06/2020
2703601-000;AL;Japaratinga;2703601;ABREE;PEV fixo;Ativo;02/03/2021
2414803-000;RN;Vera Cruz;2414803;ABREE;PEV fixo;Ativo;18/12/2020
5002704-003;MS;  Campo Grande ;5002704;Green Eletron;PEV fixo;Ativo;08/06/2020
2304251-004;CE;Cruz;2304251;Green Eletron;PEV fixo;Ativo;03/09/2020
4119657-000;PR;PITANGUEIRAS;4119657;Green Eletron;Campanha itinerante;Ativo;01/01/2020
4314902-059;RS;Porto Alegre;4314902;Green Eletron;PEV fixo;Ativo;05/07/2021
2922656-004;BA;Nordestina;2922656;ABREE;PEV fixo;Ativo;20/09/2021
3113800-000;MG;Carmésia;3113800;Green Eletron;PEV fixo;Ativo;01/11/2019
4318309-000;RS;SÃO GABRIEL;;ABREE;PEV fixo;Ativo;09/03/2019
3550308-023;SP;SÃO PAULO;3550308;ABREE;Campanha itinerante;Ativo;04/04/2019
4305108-000;RS;Caxias do Sul;4305108;ABREE;PEV fixo;Ativo;24/09/2019
3550308-053;SP;São Paulo;3550308;ABREE;PEV fixo;Ativo;19/02/2019
3550308-246;SP;SÃO PAULO;3550308;ABREE;PEV fixo;Ativo;19/11/2021
3301108-007;RJ;Cantagalo;3301108;Green Eletron;Ponto de consolidação;Ativo;23/12/2020
3550308-158;SP;SÃO PAULO;3550308;Green Eletron;PEV fixo;Ativo;26/06/2020
2611606-016;PE;Recife;2611606;ABREE;Ponto de consolidação;Ativo;01/04/2020
3134103-000;MG;ITUETA;3134103;ABREE;PEV fixo;Ativo;18/10/2021
5005608-000;MS;  Miranda ;5005608;Green Eletron;PEV fixo;Ativo;19/10/2020
2921708-001;BA;Morro do Chapéu;2921708;Green Eletron;PEV fixo;Ativo;11/09/2021
3205309-005;ES;  Vitória ;3205309;ABREE;PEV fixo;Ativo;11/04/2020
2112274-000;MA;Tufilândia;2112274;Green Eletron;PEV fixo;Ativo;07/06/2020
4205407-046;SC;Florianópolis;4205407;ABREE;PEV fixo;Ativo;24/06/2021
2925501-000;BA;Prado;2925501;Green Eletron;PEV fixo;Ativo;05/08/2020
4314902-000;RS;Porto Alegre;4314902;Green Eletron;PEV fixo;Ativo;08/09/2020
1508209-006;PA;Vigia;1508209;ABREE;PEV fixo;Ativo;01/09/2021
5100805-000;MT;Apiacás;5100805;Green Eletron;PEV fixo;Ativo;18/07/2021
2304400-036;CE;FORTALEZA;2304400;ABREE;PEV fixo;Ativo;07/11/2020
4209151-000;SC;José Boiteux;4209151;Green Eletron;PEV fixo;Ativo;20/09/2020
4314902-019;RS;Porto Alegre;4314902;Green Eletron;PEV fixo;Ativo;22/03/2020
4310207-004;RS;Ijuí;4310207;Green Eletron;PEV fixo;Ativo;02/10/2020
3126000-000;MG;Florestal;3126000;ABREE;PEV fixo;Ativo;23/01/2020
2904704-000;BA;Buerarema;2904704;ABREE;PEV fixo;Ativo;08/12/2019
2904852-000;BA;CABACEIRAS DO PARAGUAÇU;2904852;Green Eletron;PEV fixo;Ativo;26/12/2020
2102150-000;MA;Brejo de Areia;2102150;Green Eletron;PEV fixo;Ativo;18/04/2021
2703759-000;AL;Jequiá da Praia;2703759;ABREE;Ponto de consolidação;Ativo;06/05/2020
4124806-000;PR;SÃO JOÃO;4124806;ABREE;PEV fixo;Ativo;03/01/2019
3147204-000;MG;Paraguaçu;3147204;ABREE;Campanha itinerante;Ativo;13/09/2020
3501103-000;SP;ALTO ALEGRE;3501103;ABREE;PEV fixo;Ativo;24/09/2020
2100709-000;MA;Anajatuba;2100709;ABREE;PEV fixo;Ativo;21/10/2019
3550308-109;SP;São Paulo;3550308;Sistema individual;PEV fixo;Ativo;08/12/2020
2408102-006;RN;Natal;2408102;Green Eletron;PEV fixo;Ativo;20/03/2020
3135506-000;MG;Jequeri;3135506;Green Eletron;PEV fixo;Ativo;11/12/2019
3538808-013;SP;Piraju;3538808;Green Eletron;Ponto de consolidação;Ativo;21/03/2020
3550308-060;SP;São Paulo;3550308;Green Eletron;PEV fixo;Ativo;09/03/2019
4103404-000;PR;Cafeara;4103404;Sistema individual;PEV fixo;Ativo;18/01/2021
2304400-061;CE;Fortaleza;2304400;ABREE;PEV fixo;Ativo;27/02/2021
5300108-043;DF;BRASÍLIA;;Green Eletron;Ponto de consolidação;Ativo;21/12/2020
2304400-069;CE;FORTALEZA;2304400;ABREE;PEV fixo;Ativo;26/02/2021
3130408-002;MG;IJACI;;Green Eletron;PEV fixo;Ativo;19/09/2021
3550308-040;SP;  São Paulo ;;Green Eletron;PEV fixo;Ativo;21/02/2019
2101939-003;MA;Bernardo do Mearim;2101939;Green Eletron;PEV fixo;Ativo;08/08/2021
2209302-000;PI;Santa Luz;2209302;ABREE;PEV fixo;Ativo;20/11/2019
5221452-000;GO;Trombas;5221452;Green Eletron;PEV fixo;Ativo;16/12/2020
3513009-005;SP;  Cotia ;3513009;ABREE;PEV fixo;Ativo;08/08/2020
4211876-001;SC;Paial;4211876;Green Eletron;PEV fixo;Ativo;15/08/2021
2604205-000;PE;Catende;2604205;Green Eletron;PEV fixo;Ativo;03/06/2020
5210109-000;GO;Ipameri;5210109;ABREE;PEV fixo;Ativo;11/05/2021
4106902-003;PR;Curitiba;4106902;ABREE;PEV fixo;Ativo;01/10/2020
3149002-000;MG;Pedra Dourada;3149002;ABREE;PEV fixo;Ativo;21/10/2019
3553955-001;SP;Tarumã;3553955;Green Eletron;PEV fixo;Ativo;25/09/2021
2927408-004;BA;Salvador;2927408;ABREE;PEV fixo;Ativo;21/06/2019
2902807-000;BA;Barra da Estiva;2902807;ABREE;PEV fixo;Ativo;18/07/2021
3305307-004;RJ;São Sebastião do Alto;3305307;Green Eletron;PEV fixo;Ativo;07/01/2019
3530201-000;SP;Mirante do Paranapanema;3530201;ABREE;PEV fixo;Ativo;01/04/2020
2311900-000;CE;  Saboeiro ;2311900;Green Eletron;PEV fixo;Ativo;09/03/2020
2101939-001;MA;BERNARDO DO MEARIM;2101939;Green Eletron;PEV fixo;Ativo;22/03/2019
4323002-000;RS;Viamão;4323002;ABREE;PEV fixo;Ativo;24/08/2019
3131158-000;MG;Ipaba;3131158;ABREE;PEV fixo;Ativo;05/06/2019
3545803-000;SP;Santa Bárbara d'Oeste;3545803;ABREE;PEV fixo;Ativo;21/08/2020
2927408-094;BA;  Salvador ;2927408;Green Eletron;PEV fixo;Inativo;17/07/2021
3550308-110;SP;SÃO PAULO;3550308;Green Eletron;PEV fixo;Ativo;18/06/2020
3304557-055;RJ;Rio de Janeiro;3304557;ABREE;PEV fixo;Ativo;25/12/2020
4126900-000;PR;Tapira;4126900;Green Eletron;Campanha itinerante;Inativo;13/03/2021
2305654-000;CE;Ipaporanga;2305654;Green Eletron;PEV fixo;Ativo;13/10/2020
1301001-000;AM;Carauari;1301001;ABREE;PEV fixo;Ativo;04/10/2019
3129004-000;MG;Guiricema;3129004;ABREE;PEV fixo;Ativo;19/02/2020
3304557-040;RJ;Rio de Janeiro;3304557;Green Eletron;PEV fixo;Ativo;10/08/2020
4106902-046;PR;Curitiba;4106902;ABREE;PEV fixo;Ativo;03/03/2021
3163300-000;MG;SÃO JOSÉ DO DIVINO;3163300;ABREE;PEV fixo;Ativo;04/01/2019
2802205-000;SE;FEIRA NOVA;2802205;Sistema individual;Ponto de consolidação;Ativo;09/12/2020
1301951-002;AM;Itamarati;1301951;ABREE;PEV fixo;Ativo;20/06/2021
1503093-000;PA;Goianésia do Pará;1503093;Green Eletron;Ponto de consolidação;Ativo;28/01/2020
3550308-161;SP;  São Paulo ;3550308;Green Eletron;PEV fixo;Ativo;05/05/2020
3550308-099;SP;  São Paulo ;3550308;Green Eletron;Campanha itinerante;Ativo;12/01/2019
3550308-231;SP;São Paulo;3550308;ABREE;PEV fixo;Ativo;04/01/2021
2927408-011;BA;Salvador;2927408;ABREE;Ponto de consolidação;Ativo;06/12/2019
3101631-000;MG;Alfredo Vasconcelos;3101631;ABREE;PEV fixo;Ativo;08/08/2019
2403400-000;RN;Equador;2403400;Green Eletron;PEV fixo;Ativo;12/07/2019
3170305-000;MG;Umburatiba;3170305;Green Eletron;PEV fixo;Ativo;19/06/2019
1505700-001;PA;Ponta de Pedras;1505700;Green Eletron;PEV fixo;Ativo;21/11/2021
3143906-000;MG;Muriaé;3143906;Green Eletron;PEV fixo;Ativo;05/01/2019
3204500-000;ES;  Santa Leopoldina ;3204500;ABREE;Ponto de consolidação;Ativo;25/01/2019
2704500-000;AL;MARAGOGI;2704500;Sistema individual;PEV fixo;Ativo;11/05/2019
5107768-000;MT;Santa Rita do Trivelato;5107768;Green Eletron;PEV fixo;Ativo;23/06/2019
3304557-063;RJ;RIO DE JANEIRO;3304557;ABREE;PEV fixo;Ativo;12/02/2020
1718659-000;TO;Rio da Conceição;1718659;ABREE;PEV fixo;Ativo;20/09/2021
5103403-002;MT;Cuiabá;5103403;Green Eletron;Campanha itinerante;Ativo;22/10/2019
1100924-000;RO;Chupinguaia;1100924;Green Eletron;PEV fixo;Ativo;13/11/2019
3551900-000;SP;Severínia;3551900;Green Eletron;PEV fixo;Ativo;28/08/2021
2201200-000;PI;BARRAS;2201200;Green Eletron;PEV fixo;Ativo;10/03/2021
3106200-076;MG;Belo Horizonte;3106200;ABREE;PEV fixo;Ativo;07/03/2020
2201929-000;PI;Bonfim do Piaui;2201929;Green Eletron;PEV fixo;Ativo;09/02/2020
4217907-000;SC;Tangará;4217907;Green Eletron;PEV fixo;Ativo;20/01/2019
2607000-000;PE;Inajá;2607000;ABREE;Ponto de consolidação;Ativo;11/03/2019
3537305-000;SP;PENÁPOLIS;3537305;ABREE;PEV fixo;Ativo;20/06/2019
3106200-023;MG;  Belo Horizonte ;3106200;Green Eletron;Campanha itinerante;Ativo;18/12/2020
3202900-000;ES;ITARANA;3202900;Green Eletron;PEV fixo;Ativo;13/10/2019
3536901-000;SP;Pedranopolis;3536901;Green Eletron;Ponto de consolidação;Ativo;14/11/2020
4314498-000;RS;Pinheirinho do Vale;4314498;ABREE;PEV fixo;Ativo;07/08/2019
3304557-080;RJ;RIO DE JANEIRO;3304557;Green Eletron;Ponto de consolidação;Ativo;20/03/2021
3550308-218;SP;São Paulo;3550308;Green Eletron;PEV fixo;Ativo;10/08/2021
2306603-000;CE;ITATIRA;2306603;Green Eletron;PEV fixo;Ativo;11/12/2019
2408003-000;RN;Mossoro;2408003;Green Eletron;PEV fixo;Ativo;14/06/2021
2616183-004;PE;  Vertente do Lério ;2616183;Sistema individual;PEV fixo;Ativo;19/06/2020
3555109-002;SP;Tupi Paulista;3555109;Sistema individual;PEV fixo;Ativo;20/07/2020
3304557-086;RJ;RIO DE JANEIRO;3304557;Green Eletron;PEV fixo;Ativo;17/09/2021
1718865-000;TO;SANTA FÉ DO ARAGUAIA;1718865;ABREE;Ponto de consolidação;Ativo;24/06/2019
3152131-000;MG;Ponto Chique;3152131;ABREE;PEV fixo;Ativo;25/09/2020
2906808-000;BA;Cansanção;2906808;ABREE;Ponto de consolidação;Ativo;19/09/2019
5207352-000;GO;Edealina;5207352;Green Eletron;PEV fixo;Ativo;17/11/2021
2401503-000;RN;Barcelona;2401503;Green Eletron;PEV fixo;Ativo;04/02/2021
3300100-002;RJ;ANGRA DOS REIS;3300100;ABREE;PEV fixo;Ativo;13/11/2021
4205407-013;SC;Florianópolis;4205407;Green Eletron;PEV fixo;Ativo;07/10/2019
4318614-000;RS;São José do Sul;4318614;Green Eletron;PEV fixo;Ativo;21/09/2019
5300108-035;DF;BRASÍLIA;5300108;ABREE;PEV fixo;Ativo;10/04/2020
3300308-006;RJ;BARRA DO PIRAÍ;3300308;Green Eletron;Campanha itinerante;Ativo;16/11/2021
4310652-000;RS;Itati;4310652;Sistema individual;PEV fixo;Ativo;12/03/2019
3116803-000;MG;COLUNA;3116803;ABREE;Ponto de consolidação;Ativo;08/06/2020
3138500-000;MG;LIBERDADE;3138500;ABREE;PEV fixo;Ativo;01/12/2020
3304557-059;RJ;RIO DE JANEIRO;3304557;ABREE;PEV fixo;Ativo;11/12/2020
4220000-000;SC;Balneário Rincão;4220000;ABREE;Campanha itinerante;Ativo;27/09/2021
1100205-002;RO;Porto Velho;1100205;ABREE;PEV fixo;Ativo;14/09/2020
3541653-003;SP;Quadra;3541653;Green Eletron;PEV fixo;Ativo;01/04/2021
2505238-000;PB;Cuité de Mamanguape;2505238;ABREE;PEV fixo;Ativo;18/12/2019
4322186-000;RS;TUPANCI DO SUL;4322186;Green Eletron;PEV fixo;Ativo;06/11/2019
2927804-000;BA;Santa Cruz da Vitória;2927804;Green Eletron;PEV fixo;Ativo;07/05/2020
2301604-000;CE;Assaré;2301604;ABREE;Campanha itinerante;Ativo;10/05/2020
3304557-005;RJ;Rio de Janeiro;3304557;ABREE;PEV fixo;Ativo;16/06/2020
1721000-000;TO;PALMAS;1721000;Green Eletron;PEV fixo;Ativo;24/06/2019
4310900-000;RS;Jacutinga;4310900;Green Eletron;PEV fixo;Ativo;25/09/2021
2304400-011;CE;Fortaleza;2304400;ABREE;PEV fixo;Ativo;03/06/2019
4206603-000;SC;GUARUJÁ DO SUL;4206603;Green Eletron;Ponto de consolidação;Ativo;28/03/2019
3550308-120;SP;São Paulo;3550308;ABREE;PEV fixo;Ativo;14/04/2020
3106200-014;MG;Belo Horizonte;3106200;ABREE;Ponto de consolidação;Ativo;21/01/2020
3134905-000;MG;  Jacutinga ;3134905;Sistema individual;PEV fixo;Ativo;25/05/2019
2601607-000;PE;Belém do São Francisco;2601607;ABREE;PEV fixo;Ativo;28/03/2019
3107307-000;MG;BOCAIÚVA;3107307;ABREE;PEV fixo;Ativo;14/07/2020
3550308-002;SP;São Paulo;3550308;Green Eletron;PEV fixo;Ativo;17/11/2019
3550308-014;SP;São Paulo;3550308;Green Eletron;PEV fixo;Inativo;14/09/2019
3305406-000;RJ;SAPUCAIA;3305406;Green Eletron;PEV fixo;Ativo;01/05/2019
3106200-041;MG;Belo Horizonte;3106200;ABREE;PEV fixo;Ativo;22/02/2020
3532009-001;SP;Morungaba;3532009;Sistema individual;Campanha itinerante;Ativo;24/08/2019
2101939-000;MA;Bernardo do Mearim;2101939;ABREE;PEV fixo;Ativo;20/12/2019
4114203-000;PR;Mandaguari;4114203;Green Eletron;PEV fixo;Ativo;11/06/2020
2111300-051;MA;São Luís;2111300;Green Eletron;Campanha itinerante;Ativo;20/02/2020
3129608-000;MG;Ibiaí;3129608;Green Eletron;Ponto de consolidação;Ativo;07/09/2020
2920502-002;BA;Maracás;2920502;Green Eletron;PEV fixo;Ativo;27/12/2021
4314902-042;RS;Porto Alegre;4314902;Sistema individual;Campanha itinerante;Ativo;27/07/2020
5215207-004;GO;Novo Brasil;5215207;Green Eletron;Campanha itinerante;Ativo;17/11/2020
4312203-000;RS;  Maximiliano de Almeida ;4312203;Green Eletron;PEV fixo;Inativo;07/04/2019
4314902-065;RS;Porto Alegre;4314902;Green Eletron;PEV fixo;Ativo;22/01/2021
4128500-000;PR;Wenceslau Braz;4128500;Green Eletron;PEV fixo;Ativo;04/11/2019
1304260-000;AM;Uarini;1304260;ABREE;PEV fixo;Ativo;06/01/2021
3556453-000;SP;  Vargem Grande Paulista ;3556453;Green Eletron;PEV fixo;Ativo;05/02/2019
2304400-004;CE;Fortaleza;2304400;ABREE;PEV fixo;Ativo;25/10/2019
3301108-006;RJ;CANTAGALO;3301108;ABREE;PEV fixo;Ativo;04/10/2020
3304557-051;RJ;RIO DE JANEIRO;3304557;ABREE;PEV fixo;Ativo;10/12/2020
3513009-001;SP;Cotia;3513009;Green Eletron;PEV fixo;Ativo;14/03/2019
4107801-000;PR;Floraí;4107801;ABREE;PEV fixo;Ativo;24/08/2021
3550308-037;SP;São Paulo;3550308;ABREE;PEV fixo;Ativo;25/08/2019
1502103-000;PA;Cametá;1502103;Green Eletron;Ponto de consolidação;Ativo;06/09/2021
3304557-008;RJ;Rio de Janeiro;3304557;Green Eletron;PEV fixo;Ativo;27/09/2020
2509503-000;PB;  Montadas ;2509503;Sistema individual;PEV fixo;Ativo;07/05/2019
3302700-000;RJ;Maricá;3302700;Green Eletron;PEV fixo;Ativo;23/09/2019
2601052-000;PE;Araçoiaba;2601052;ABREE;PEV fixo;Ativo;05/10/2020
3550308-067;SP;São Paulo;3550308;ABREE;PEV fixo;Ativo;24/12/2019
2611606-035;PE;Recife;2611606;Green Eletron;PEV fixo;Ativo;23/11/2021
1302801-000;AM;MARAÃ;1302801;ABREE;PEV fixo;Ativo;25/07/2020
3100906-000;MG;ÁGUAS FORMOSAS;3100906;ABREE;PEV fixo;Ativo;15/02/2019
5003900-000;MS;Figueirão;5003900;ABREE;PEV fixo;Ativo;27/07/2021
2517100-000;PB;Várzea;2517100;Green Eletron;Campanha itinerante;Ativo;26/09/2021
3302502-003;RJ;Magé;3302502;ABREE;PEV fixo;Ativo;26/03/2021
4122602-000;PR;Rondon;4122602;ABREE;PEV fixo;Ativo;16/06/2020
3120607-000;MG;Crucilândia;3120607;Sistema individual;Campanha itinerante;Ativo;21/09/2020
2700805-001;AL;Belem;;ABREE;PEV fixo;Ativo;16/09/2021
3503604-000;SP;  Areiópolis ;;Green Eletron;Ponto de consolidação;Ativo;26/07/2021
4116307-000;PR;Munhoz de Melo;4116307;Green Eletron;PEV fixo;Ativo;27/10/2019
2918308-000;BA;Jitauna;2918308;ABREE;PEV fixo;Ativo;26/08/2021
5105002-000;MT;Jauru;5105002;Green Eletron;Campanha itinerante;Ativo;01/10/2020
1707652-000;TO;  Figueirópolis ;1707652;ABREE;PEV fixo;Ativo;20/04/2020
4310207-000;RS;Ijuí;4310207;Green Eletron;PEV fixo;Ativo;12/06/2020
2927408-037;BA;Salvador;2927408;Green Eletron;Campanha itinerante;Ativo;25/01/2019
3557006-001;SP;Votorantim;3557006;ABREE;PEV fixo;Ativo;07/10/2020
3106200-090;MG;BELO HORIZONTE;3106200;Green Eletron;PEV fixo;Ativo;18/07/2020
4203709-000;SC;Canelinha;4203709;ABREE;PEV fixo;Ativo;09/10/2021
3304557-065;RJ;  Rio de Janeiro ;3304557;ABREE;PEV fixo;Ativo;09/09/2020
2800308-007;SE;Aracaju;2800308;ABREE;Campanha itinerante;Ativo;17/08/2019
5107206-000;MT;Rio Branco;5107206;ABREE;PEV fixo;Ativo;09/02/2019
2111300-029;MA;São Luís;2111300;ABREE;PEV fixo;Ativo;27/11/2019
3550308-248;SP;São Paulo;3550308;Green Eletron;PEV fixo;Ativo;01/06/2021
3304557-091;RJ;RIO DE JANEIRO;3304557;Green Eletron;PEV fixo;Ativo;27/12/2021
3532306-004;SP;NATIVIDADE DA SERRA;3532306;ABREE;PEV fixo;Ativo;09/01/2021
2408102-008;RN;Natal;2408102;ABREE;PEV fixo;Ativo;14/08/2021
3106200-145;MG;Belo Horizonte;3106200;ABREE;PEV fixo;Ativo;17/03/2021
3555208-000;SP;Turiuba;3555208;Green Eletron;PEV fixo;Ativo;09/02/2021
4314902-028;RS;Porto Alegre;4314902;ABREE;PEV fixo;Ativo;05/02/2020
3106200-101;MG;BELO HORIZONTE;3106200;Green Eletron;PEV fixo;Ativo;13/12/2021
3204351-000;ES;  Rio Bananal ;3204351;ABREE;PEV fixo;Ativo;06/04/2020
5002159-000;MS;Bodoquena;5002159;ABREE;PEV fixo;Ativo;02/06/2021
5300108-048;DF;Brasilia;5300108;ABREE;PEV fixo;Ativo;27/07/2020
2927408-047;BA;SALVADOR;2927408;Green Eletron;PEV fixo;Ativo;23/08/2020
3550308-176;SP;São Paulo;3550308;ABREE;PEV fixo;Ativo;22/11/2020
2507507-007;PB;João Pessoa;2507507;Green Eletron;PEV fixo;Ativo;28/02/2020
2704302-004;AL;MACEIÓ;2704302;ABREE;Ponto de consolidação;Ativo;11/12/2021
3137809-000;MG;Lambari;3137809;ABREE;PEV fixo;Ativo;20/04/2019
4106902-033;PR;Curitiba;4106902;Green Eletron;PEV fixo;Ativo;08/11/2021
3505203-004;SP;Bariri;3505203;ABREE;PEV fixo;Ativo;19/11/2021
3550308-167;SP;São Paulo;3550308;Green Eletron;Ponto de consolidação;Ativo;20/08/2020
3531308-001;SP;Monte Alto;3531308;Green Eletron;Campanha itinerante;Ativo;11/02/2020
2927408-019;BA;  Salvador ;2927408;Green Eletron;Campanha itinerante;Ativo;01/10/2019
4204806-000;SC;CURITIBANOS;4204806;Green Eletron;PEV fixo;Ativo;18/05/2019
1300144-000;AM;Apui;;Green Eletron;Campanha itinerante;Ativo;21/11/2019
5300108-057;DF;Brasília;5300108;ABREE;PEV fixo;Ativo;25/08/2021
1302603-006;AM;Manaus;1302603;ABREE;PEV fixo;Ativo;22/02/2021
3550308-171;SP;São Paulo;3550308;Green Eletron;PEV fixo;Inativo;25/11/2020
3550308-206;SP;São Paulo;3550308;ABREE;PEV fixo;Ativo;01/03/2021
2108405-000;MA;Peri Mirim;2108405;Green Eletron;PEV fixo;Ativo;03/03/2020
4205407-033;SC;Florianopolis;4205407;ABREE;PEV fixo;Ativo;03/09/2020
3167608-000;MG;SIMONÉSIA;3167608;Green Eletron;PEV fixo;Ativo;04/02/2021
4313490-000;RS;Novo Barreiro;4313490;Green Eletron;PEV fixo;Inativo;09/10/2019
4314902-049;RS;Porto Alegre;4314902;Sistema individual;Ponto de consolidação;Ativo;01/06/2020
3550308-004;SP;São Paulo;3550308;ABREE;PEV fixo;Ativo;18/10/2019
3304557-082;RJ;Rio de Janeiro;3304557;Sistema individual;Campanha itinerante;Ativo;17/02/2021
3521804-000;SP;Itaí;3521804;ABREE;PEV fixo;Ativo;21/04/2021
2927408-014;BA;Salvador;2927408;Green Eletron;PEV fixo;Ativo;18/07/2019
3304557-089;RJ;Rio de Janeiro;3304557;Green Eletron;Campanha itinerante;Ativo;23/07/2021
3541406-000;SP;PRESIDENTE PRUDENTE;3541406;Green Eletron;PEV fixo;Ativo;16/12/2019
3205101-000;ES;VIANA;3205101;Green Eletron;PEV fixo;Ativo;21/04/2020
2611606-045;PE;Recife;2611606;ABREE;Ponto de consolidação;Ativo;15/12/2021
4115457-004;PR;MARQUINHO;4115457;ABREE;PEV fixo;Ativo;24/05/2021
4206652-000;SC;GUATAMBÚ;4206652;ABREE;PEV fixo;Inativo;27/08/2020
1200013-000;AC;Acrelandia;1200013;ABREE;PEV fixo;Ativo;10/02/2021
3162005-000;MG;Sao Goncalo do Sapucai;3162005;Green Eletron;PEV fixo;Ativo;24/02/2019
2919207-000;BA;LAURO DE FREITAS;2919207;Green Eletron;PEV fixo;Ativo;01/06/2020
3550308-126;SP;São Paulo;3550308;Green Eletron;PEV fixo;Ativo;12/10/2020
4311429-000;RS;Lajeado do Bugre;4311429;Sistema individual;Campanha itinerante;Ativo;25/10/2019
2927408-096;BA;Salvador;2927408;ABREE;Ponto de consolidação;Ativo;14/08/2021
3302106-002;RJ;Itaocara;3302106;ABREE;PEV fixo;Ativo;17/11/2020
4305371-000;RS;Charrua;4305371;Green Eletron;PEV fixo;Ativo;17/10/2019
3304557-081;RJ;Rio de Janeiro;3304557;ABREE;PEV fixo;Ativo;20/04/2021
4205407-054;SC;Florianopolis;4205407;ABREE;PEV fixo;Ativo;21/05/2021
4314902-029;RS;Porto Alegre;4314902;Green Eletron;PEV fixo;Ativo;21/04/2020
2927408-033;BA;Salvador;2927408;ABREE;PEV fixo;Ativo;05/08/2019
2307635-000;CE;MADALENA;2307635;ABREE;Campanha itinerante;Ativo;01/05/2019
3555109-006;SP;Tupi Paulista;3555109;ABREE;PEV fixo;Ativo;26/08/2021
3150109-000;MG;Piau;3150109;ABREE;PEV fixo;Ativo;03/12/2019
2611606-023;PE;RECIFE;2611606;ABREE;Ponto de consolidação;Ativo;28/12/2020
3106200-086;MG;Belo Horizonte;3106200;ABREE;PEV fixo;Ativo;09/07/2020
2202851-000;PI;Coronel José Dias;2202851;ABREE;PEV fixo;Ativo;13/10/2019
3304557-054;RJ;Rio de Janeiro;3304557;Green Eletron;Campanha itinerante;Ativo;01/02/2020
3302908-002;RJ;MIGUEL PEREIRA;3302908;ABREE;PEV fixo;Ativo;06/07/2020
3550308-131;SP;São Paulo;3550308;Green Eletron;PEV fixo;Ativo;23/05/2020
3543006-003;SP;RIBEIRÃO BRANCO;3543006;Green Eletron;PEV fixo;Ativo;13/01/2021
3549250-003;SP;SÃO JOÃO DE IRACEMA;3549250;Green Eletron;PEV fixo;Ativo;11/07/2021
3550308-140;SP;São Paulo;3550308;ABREE;PEV fixo;Ativo;28/07/2020
1717206-000;TO;PIRAQUÊ;1717206;ABREE;PEV fixo;Ativo;09/12/2019
5104542-000;MT;Itanhanga;5104542;Green Eletron;PEV fixo;Ativo;03/02/2021
3522703-003;SP;Itapolis;3522703;Sistema individual;PEV fixo;Ativo;03/05/2021
4128559-000;PR;Vera Cruz do Oeste;4128559;ABREE;Ponto de consolidação;Ativo;14/05/2021
4120150-000;PR;  Porto Barreiro ;4120150;Green Eletron;PEV fixo;Ativo;06/12/2019
3127339-001;MG;Gameleiras;3127339;Green Eletron;Campanha itinerante;Ativo;24/01/2021
4303905-000;RS;Campo Bom;4303905;ABREE;PEV fixo;Ativo;15/05/2019
3106200-027;MG;BELO HORIZONTE;3106200;ABREE;PEV fixo;Ativo;22/01/2020
3160207-003;MG;Santo Antônio do Itambé;3160207;ABREE;Campanha itinerante;Ativo;15/10/2020
4314902-041;RS;  Porto Alegre ;4314902;Green Eletron;PEV fixo;Ativo;23/02/2020
3506409-000;SP;Bilac;3506409;ABREE;Campanha itinerante;Ativo;15/11/2020
2407708-000;RN;MONTANHAS;2407708;ABREE;PEV fixo;Ativo;18/04/2021
2109106-000;MA;Presidente Dutra;2109106;ABREE;PEV fixo;Ativo;16/12/2020
3537404-002;SP;Pereira Barreto;3537404;Green Eletron;PEV fixo;Ativo;19/01/2021
2113009-000;MA;Vitorino Freire;2113009;Green Eletron;Ponto de consolidação;Ativo;21/12/2020
2927408-063;BA;Salvador;2927408;Green Eletron;PEV fixo;Ativo;15/12/2020
5107909-000;MT;Sinop;5107909;Green Eletron;PEV fixo;Ativo;25/12/2019
4106902-016;PR;Curitiba;4106902;ABREE;Campanha itinerante;Ativo;26/04/2020
2615102-003;PE;Terezinha;2615102;ABREE;Campanha itinerante;Ativo;03/08/2020
2203230-000;PI;Currais;2203230;Green Eletron;PEV fixo;Ativo;02/04/2019
3147907-000;MG;PASSOS;3147907;Sistema individual;PEV fixo;Ativo;05/12/2020
3304557-028;RJ;RIO DE JANEIRO;3304557;Green Eletron;PEV fixo;Ativo;05/12/2020
3304201-001;RJ;  Resende ;3304201;ABREE;PEV fixo;Ativo;25/06/2021
5300108-036;DF;Brasilia;5300108;ABREE;PEV fixo;Ativo;26/01/2020
4314902-060;RS;Porto Alegre;4314902;ABREE;PEV fixo;Ativo;08/04/2021
3550308-147;SP;Sao Paulo;3550308;ABREE;Ponto de consolidação;Ativo;17/08/2020
3546009-001;SP;Santa Branca;3546009;ABREE;PEV fixo;Ativo;24/07/2019
3203130-000;ES;João Neiva;3203130;ABREE;PEV fixo;Ativo;04/07/2021
3123858-000;MG;Entre Folhas;3123858;ABREE;PEV fixo;Inativo;24/01/2020
2307403-000;CE;Jucás;2307403;Green Eletron;PEV fixo;Ativo;27/07/2021
4314902-082;RS;PORTO ALEGRE;4314902;ABREE;PEV fixo;Ativo;22/06/2021
3122454-000;MG;  Divisópolis ;3122454;ABREE;Ponto de consolidação;Ativo;13/03/2020
3550308-149;SP;Sao Paulo;3550308;ABREE;Ponto de consolidação;Ativo;17/02/2020
3300308-005;RJ;  Barra do Piraí ;3300308;Green Eletron;PEV fixo;Ativo;27/12/2020
2927408-045;BA;SALVADOR;2927408;Green Eletron;PEV fixo;Ativo;17/12/2020
2928307-000;BA;SANTANÓPOLIS;2928307;ABREE;PEV fixo;Ativo;01/09/2021
2927408-034;BA;Salvador;2927408;Sistema individual;PEV fixo;Ativo;24/06/2019
5300108-046;DF;BRASÍLIA;5300108;ABREE;PEV fixo;Ativo;26/03/2020
2304400-019;CE;Fortaleza;2304400;ABREE;Ponto de consolidação;Ativo;23/06/2019
4205407-027;SC;  Florianópolis ;4205407;ABREE;PEV fixo;Ativo;09/06/2020
2507507-009;PB;Joao Pessoa;2507507;ABREE;Ponto de consolidação;Ativo;27/03/2021
2513406-000;PB;SANTA LUZIA;2513406;Green Eletron;PEV fixo;Ativo;13/05/2020
3302106-001;RJ;Itaocara;3302106;ABREE;PEV fixo;Ativo;23/07/2020
3543006-004;SP;Ribeirão Branco;3543006;Green Eletron;Campanha itinerante;Ativo;07/02/2021
4210407-000;SC;MARACAJÁ;4210407;Green Eletron;PEV fixo;Ativo;23/04/2019
3303856-000;RJ;  Paty do Alferes ;3303856;ABREE;Campanha itinerante;Ativo;12/12/2021
3550308-098;SP;São Paulo;3550308;Green Eletron;PEV fixo;Ativo;20/11/2019
2927408-032;BA;SALVADOR;2927408;Green Eletron;PEV fixo;Ativo;26/09/2019
2611606-034;PE;Recife;2611606;Green Eletron;PEV fixo;Ativo;15/01/2021
5300108-041;DF;Brasília;5300108;Green Eletron;PEV fixo;Ativo;13/08/2020
3302403-009;RJ;Macaé;3302403;Green Eletron;PEV fixo;Ativo;25/02/2021
2922656-001;BA;Nordestina;2922656;ABREE;PEV fixo;Ativo;01/05/2019
5106232-000;MT;Nova Olímpia;5106232;Sistema individual;PEV fixo;Ativo;17/07/2020
4210308-000;SC;MAJOR VIEIRA;4210308;ABREE;PEV fixo;Ativo;23/11/2020
3550308-151;SP;São Paulo;3550308;Green Eletron;Campanha itinerante;Ativo;01/03/2020
3550308-117;SP;SÃO PAULO;3550308;Sistema individual;PEV fixo;Ativo;10/06/2020
3550308-123;SP;São Paulo;3550308;ABREE;PEV fixo;Ativo;11/06/2020
1703305-000;TO;Bom Jesus do Tocantins;1703305;Green Eletron;PEV fixo;Ativo;27/10/2019
3532009-008;SP;MORUNGABA;3532009;Green Eletron;Ponto de consolidação;Ativo;18/05/2020
2927408-035;BA;Salvador;2927408;ABREE;PEV fixo;Inativo;05/06/2019
2927408-080;BA;  Salvador ;2927408;Green Eletron;PEV fixo;Ativo;07/06/2021
3304144-001;RJ;Queimados;3304144;Green Eletron;PEV fixo;Ativo;16/09/2020
3542305-000;SP;Redenção da Serra;3542305;ABREE;PEV fixo;Ativo;14/12/2019
4219002-000;SC;Urussanga;4219002;ABREE;Campanha itinerante;Ativo;27/01/2019
3302403-005;RJ;  Macaé ;3302403;Green Eletron;PEV fixo;Ativo;22/09/2020
3205309-001;ES;Vitória;3205309;ABREE;PEV fixo;Ativo;25/12/2020
4311643-000;RS;Linha Nova;4311643;ABREE;PEV fixo;Ativo;13/09/2019
3106200-121;MG;Belo Horizonte;3106200;ABREE;PEV fixo;Ativo;16/07/2021
3550308-073;SP;SÃO PAULO;3550308;Green Eletron;PEV fixo;Ativo;09/04/2019
1703701-000;TO;BREJINHO DE NAZARÉ;1703701;Green Eletron;PEV fixo;Ativo;24/03/2020
4216354-000;SC;São João do Itaperiú;4216354;ABREE;PEV fixo;Ativo;18/12/2021
4106902-022;PR;Curitiba;4106902;Green Eletron;PEV fixo;Ativo;06/12/2020
2313807-000;CE;Uruburetama;2313807;ABREE;PEV fixo;Ativo;08/04/2021
2304400-039;CE;Fortaleza;2304400;ABREE;PEV fixo;Ativo;18/07/2020
5300108-008;DF;Brasília;5300108;Sistema individual;PEV fixo;Ativo;25/04/2019
3510302-000;SP;Capela do Alto;3510302;ABREE;PEV fixo;Ativo;17/05/2021
3541653-000;SP;QUADRA;3541653;ABREE;PEV fixo;Ativo;08/11/2020
1717008-000;TO;Pindorama do Tocantins;1717008;Green Eletron;PEV fixo;Ativo;26/01/2020
3514809-000;SP;  Eldorado ;3514809;ABREE;PEV fixo;Ativo;04/06/2020
2110278-000;MA;Santo Amaro do Maranhao;2110278;Green Eletron;Campanha itinerante;Ativo;04/09/2020
4315958-000;RS;Rolador;4315958;ABREE;PEV fixo;Ativo;01/09/2019
2304400-042;CE;Fortaleza;2304400;ABREE;PEV fixo;Ativo;28/07/2020
3303302-002;RJ;Niterói;3303302;Green Eletron;Campanha itinerante;Ativo;02/07/2020
2927408-017;BA;Salvador;2927408;ABREE;PEV fixo;Ativo;12/01/2019
4316006-000;RS;Rolante;4316006;Green Eletron;PEV fixo;Ativo;06/08/2019
1400506-000;RR;Sao Joao da Baliza;1400506;Green Eletron;PEV fixo;Ativo;06/01/2019
3550308-082;SP;Sao Paulo;3550308;Sistema individual;PEV fixo;Ativo;07/05/2019
3541653-001;SP;  Quadra ;3541653;ABREE;PEV fixo;Ativo;06/01/2020
3550308-003;SP;São Paulo;3550308;ABREE;PEV fixo;Ativo;21/12/2019
3304151-002;RJ;QUISSAMÃ;3304151;ABREE;PEV fixo;Ativo;15/09/2021
4201307-002;SC;Araquari;4201307;ABREE;PEV fixo;Ativo;02/06/2021
2508505-000;PB;Livramento;2508505;Sistema individual;PEV fixo;Ativo;06/02/2021
5002704-002;MS;Campo Grande;5002704;Green Eletron;PEV fixo;Ativo;01/04/2020
2403103-000;RN;  Currais Novos ;2403103;ABREE;PEV fixo;Ativo;13/06/2020
1300706-000;AM;Boca do Acre;1300706;Green Eletron;PEV fixo;Ativo;17/11/2020
2605806-001;PE;  Frei Miguelinho ;2605806;ABREE;PEV fixo;Ativo;13/07/2019
3106200-093;MG;  Belo Horizonte ;3106200;Green Eletron;Ponto de consolidação;Ativo;26/09/2020
3550308-051;SP;São Paulo;3550308;Green Eletron;PEV fixo;Ativo;19/12/2019
3106200-007;MG;  Belo Horizonte ;3106200;Green Eletron;PEV fixo;Ativo;06/03/2020
3557006-002;SP;VOTORANTIM;3557006;ABREE;PEV fixo;Ativo;17/10/2020
3300308-000;RJ;BARRA DO PIRAÍ;3300308;Green Eletron;PEV fixo;Ativo;04/03/2019
2600609-000;PE;Alagoinha;2600609;ABREE;PEV fixo;Ativo;06/09/2021
4205704-000;SC;Garopaba;4205704;ABREE;Ponto de consolidação;Ativo;06/08/2019
3304557-044;RJ;RIO DE JANEIRO;3304557;ABREE;PEV fixo;Ativo;15/05/2020
3511508-000;SP;Cerquilho;3511508;Green Eletron;PEV fixo;Ativo;19/03/2020
2924009-000;BA;Paulo Afonso;2924009;ABREE;PEV fixo;Ativo;03/10/2021
2503902-000;PB;CAMALAÚ;2503902;Green Eletron;Ponto de consolidação;Ativo;10/03/2020
2931103-000;BA;TANQUINHO;2931103;Green Eletron;PEV fixo;Ativo;20/02/2021
2910404-000;BA;Encruzilhada;2910404;ABREE;PEV fixo;Ativo;23/07/2020
4316436-000;RS;SALDANHA MARINHO;4316436;Green Eletron;PEV fixo;Ativo;02/02/2020
2926202-000;BA;RIACHÃO DAS NEVES;2926202;Sistema individual;Campanha itinerante;Ativo;08/02/2019
1708205-000;TO;FORMOSO DO ARAGUAIA;1708205;Green Eletron;Campanha itinerante;Ativo;14/10/2019
3500907-000;SP;ALTAIR;3500907;ABREE;PEV fixo;Ativo;15/11/2020
3305406-004;RJ;Sapucaia;3305406;Green Eletron;PEV fixo;Ativo;04/11/2021
3531407-000;SP;Monte Aprazível;3531407;ABREE;PEV fixo;Ativo;25/02/2020
3554656-000;SP;Torre de Pedra;3554656;ABREE;PEV fixo;Ativo;09/11/2021
4100707-000;PR;Alto Piquiri;4100707;ABREE;PEV fixo;Ativo;12/11/2019
2506202-000;PB;FREI MARTINHO;2506202;ABREE;Campanha itinerante;Ativo;05/06/2019
2605806-005;PE;FREI MIGUELINHO;2605806;Green Eletron;PEV fixo;Ativo;01/07/2021
2211001-006;PI;Teresina;2211001;Green Eletron;PEV fixo;Ativo;05/02/2019
3550308-080;SP;São Paulo;3550308;ABREE;PEV fixo;Ativo;20/12/2019
3131000-000;MG;Inhauma;3131000;ABREE;Campanha itinerante;Ativo;11/12/2021
2611606-025;PE;RECIFE;2611606;Green Eletron;PEV fixo;Ativo;08/11/2020
2612505-000;PE;Santa Cruz do Capibaribe;2612505;ABREE;PEV fixo;Ativo;26/11/2019
3532900-003;SP;Nova Europa;3532900;Green Eletron;PEV fixo;Ativo;12/05/2019
2709400-000;AL;Viçosa;2709400;Green Eletron;Campanha itinerante;Ativo;17/12/2021
3556404-000;SP;  Vargem Grande do Sul ;3556404;ABREE;PEV fixo;Ativo;11/07/2021
3304557-084;RJ;Rio de Janeiro;3304557;ABREE;PEV fixo;Ativo;18/09/2021
3304557-034;RJ;  Rio de Janeiro ;3304557;ABREE;PEV fixo;Ativo;15/10/2020
3541109-000;SP;Presidente Alves;3541109;Sistema individual;PEV fixo;Ativo;25/04/2019
5106190-000;MT;NOVA SANTA HELENA;5106190;Green Eletron;PEV fixo;Ativo;14/06/2019
4205407-031;SC;Florianópolis;4205407;ABREE;Ponto de consolidação;Ativo;24/05/2020
3532306-000;SP;  Natividade da Serra ;3532306;Green Eletron;PEV fixo;Ativo;25/09/2020
2103802-000;MA;DOM PEDRO;2103802;ABREE;PEV fixo;Ativo;16/04/2019
3500600-001;SP;Águas de São Pedro;3500600;Green Eletron;PEV fixo;Ativo;05/07/2021
1501204-004;PA;Baião;1501204;ABREE;PEV fixo;Ativo;18/10/2020
4314035-000;RS;Pareci Novo;4314035;ABREE;PEV fixo;Ativo;08/02/2021
2304400-037;CE;Fortaleza;2304400;Green Eletron;PEV fixo;Ativo;12/09/2020
2502300-000;PB;Bom Sucesso;2502300;ABREE;PEV fixo;Inativo;27/12/2020
3150703-000;MG;PIRAJUBA;3150703;Green Eletron;Ponto de consolidação;Ativo;04/11/2019
3106200-091;MG;Belo Horizonte;3106200;ABREE;PEV fixo;Ativo;11/01/2020
3512902-000;SP;Cosmorama;3512902;Green Eletron;PEV fixo;Ativo;16/12/2021
3164100-000;MG;Sao Pedro do Suacui;3164100;ABREE;PEV fixo;Ativo;20/02/2020
2100907-000;MA;Araioses;2100907;ABREE;PEV fixo;Ativo;26/08/2019
2408102-002;RN;Natal;2408102;Green Eletron;PEV fixo;Ativo;13/09/2020
3518602-000;SP;Guariba;3518602;Green Eletron;PEV fixo;Ativo;25/09/2020
4314902-003;RS;Porto Alegre;4314902;Green Eletron;PEV fixo;Ativo;16/06/2020
5007695-000;MS;São Gabriel do Oeste;5007695;ABREE;Campanha itinerante;Ativo;24/11/2020
2927408-054;BA;Salvador;2927408;Green Eletron;PEV fixo;Ativo;07/10/2020
3551306-000;SP;Sebastianopolis do Sul;3551306;ABREE;Campanha itinerante;Ativo;08/08/2019
4314902-084;RS;  Porto Alegre ;4314902;Green Eletron;PEV fixo;Ativo;17/02/2021
2507507-010;PB;Joao Pessoa;2507507;ABREE;PEV fixo;Ativo;22/09/2021
3550308-077;SP;São Paulo;3550308;ABREE;PEV fixo;Ativo;17/01/2019
2211001-008;PI;TERESINA;2211001;ABREE;PEV fixo;Ativo;11/12/2020
3550308-243;SP;SÃO PAULO;3550308;ABREE;PEV fixo;Ativo;20/11/2021
5221908-000;GO;VARJÃO;5221908;ABREE;PEV fixo;Ativo;26/01/2021
3304557-072;RJ;Rio de Janeiro;3304557;Green Eletron;PEV fixo;Ativo;20/04/2021
3126901-000;MG;FREI INOCÊNCIO;3126901;Green Eletron;PEV fixo;Ativo;08/04/2019
4207502-000;SC;INDAIAL;4207502;ABREE;Campanha itinerante;Ativo;09/04/2020
2410256-000;RN;PORTO DO MANGUE;2410256;ABREE;PEV fixo;Ativo;19/02/2020
3302700-012;RJ;MARICÁ;3302700;ABREE;PEV fixo;Ativo;27/11/2021
3106200-122;MG;BELO HORIZONTE;3106200;ABREE;Ponto de consolidação;Ativo;05/04/2021
4106902-037;PR;CURITIBA;4106902;ABREE;PEV fixo;Ativo;03/10/2021
2611606-051;PE;Recife;2611606;Green Eletron;PEV fixo;Ativo;01/12/2021
2209377-000;PI;Santa Rosa do Piauí;2209377;Green Eletron;Ponto de consolidação;Ativo;12/04/2021
4313334-001;RS;NOVA RAMADA;4313334;Sistema individual;PEV fixo;Ativo;11/06/2019
2931350-000;BA;Teixeira de Freitas;2931350;Green Eletron;PEV fixo;Ativo;11/03/2019
4104055-000;PR;Campo Bonito;4104055;Sistema individual;Campanha itinerante;Ativo;07/06/2020
3538808-012;SP;Piraju;3538808;Sistema individual;Campanha itinerante;Ativo;17/04/2020
4205407-039;SC;Florianópolis;4205407;Green Eletron;PEV fixo;Ativo;19/11/2020
3550308-031;SP;São Paulo;3550308;ABREE;PEV fixo;Ativo;18/04/2019
3532603-001;SP;Nhandeara;3532603;ABREE;PEV fixo;Ativo;11/10/2021
5104526-000;MT;Ipiranga do Norte;5104526;ABREE;PEV fixo;Ativo;06/09/2020
4305959-000;RS;  Cotiporã ;4305959;Green Eletron;PEV fixo;Ativo;07/09/2021
3109253-000;MG;  Bugre ;3109253;Green Eletron;PEV fixo;Ativo;08/06/2020
2913002-000;BA;Ibitiara;2913002;ABREE;PEV fixo;Ativo;23/05/2021
3301876-004;RJ;Iguaba Grande;3301876;ABREE;PEV fixo;Ativo;15/10/2021
5215256-000;GO;Novo Planalto;5215256;ABREE;Ponto de consolidação;Ativo;16/05/2019
4314902-078;RS;PORTO ALEGRE;4314902;ABREE;Ponto de consolidação;Ativo;21/10/2021
3304557-027;RJ;Rio de Janeiro;3304557;Green Eletron;PEV fixo;Ativo;20/12/2020
5300108-062;DF;Brasília;5300108;ABREE;PEV fixo;Inativo;07/05/2021
5208301-000;GO;DIVINÓPOLIS DE GOIÁS;5208301;Green Eletron;PEV fixo;Ativo;23/05/2020
5300108-001;DF;Brasília;5300108;Green Eletron;PEV fixo;Ativo;17/06/2019
4314902-057;RS;PORTO ALEGRE;4314902;Green Eletron;PEV fixo;Ativo;20/05/2021
4312708-000;RS;Nonoai;4312708;Green Eletron;PEV fixo;Ativo;23/01/2019
4314902-046;RS;PORTO ALEGRE;4314902;Sistema individual;PEV fixo;Ativo;23/10/2020
3139201-000;MG;  Malacacheta ;3139201;ABREE;PEV fixo;Ativo;13/07/2019
3550308-139;SP;  São Paulo ;3550308;ABREE;PEV fixo;Ativo;12/10/2020
2111300-036;MA;São Luís;2111300;Green Eletron;PEV fixo;Ativo;28/11/2020
3304151-000;RJ;Quissamã;3304151;ABREE;PEV fixo;Inativo;07/03/2020
3302403-008;RJ;Macaé;3302403;ABREE;PEV fixo;Ativo;08/03/2021
5103403-005;MT;  Cuiabá ;5103403;Green Eletron;Ponto de consolidação;Ativo;04/05/2020
3153301-000;MG;Presidente Kubitschek;3153301;ABREE;Campanha itinerante;Ativo;17/06/2019
3304557-035;RJ;Rio de Janeiro;3304557;ABREE;PEV fixo;Ativo;04/12/2020
2611606-033;PE;Recife;2611606;Green Eletron;PEV fixo;Ativo;15/09/2021
4120507-000;PR;Primeiro de Maio;;Green Eletron;Campanha itinerante;Ativo;25/03/2021
3513405-000;SP;CRUZEIRO;3513405;Green Eletron;PEV fixo;Ativo;25/03/2021
3550308-189;SP;São Paulo;3550308;ABREE;PEV fixo;Ativo;04/09/2021
3553104-000;SP;Taiaçu;3553104;ABREE;PEV fixo;Ativo;21/06/2019
2211001-009;PI;Teresina;2211001;Green Eletron;PEV fixo;Ativo;28/08/2020
3300258-002;RJ;Arraial do Cabo;3300258;Sistema individual;Ponto de consolidação;Ativo;05/04/2021
3302403-010;RJ;  Macaé ;3302403;ABREE;PEV fixo;Ativo;04/05/2021
3168705-000;MG;TIMÓTEO;3168705;ABREE;Campanha itinerante;Ativo;19/09/2020
4306809-000;RS;Encantado;4306809;Green Eletron;PEV fixo;Ativo;25/05/2019
4314902-023;RS;Porto Alegre;4314902;ABREE;Campanha itinerante;Ativo;19/09/2020
2304400-041;CE;FORTALEZA;2304400;Green Eletron;PEV fixo;Ativo;26/05/2020
2110807-000;MA;São Félix de Balsas;2110807;Green Eletron;Campanha itinerante;Ativo;21/10/2019
3305406-001;RJ;SAPUCAIA;3305406;Green Eletron;PEV fixo;Ativo;21/01/2019
2803609-000;SE;Laranjeiras;2803609;ABREE;PEV fixo;Ativo;03/09/2020
4314902-007;RS;Porto Alegre;4314902;ABREE;PEV fixo;Ativo;03/08/2020
2305332-000;CE;Ibicuitinga;2305332;ABREE;PEV fixo;Ativo;02/08/2019
5300108-009;DF;Brasília;5300108;ABREE;PEV fixo;Ativo;04/04/2019
2111300-058;MA;São Luís;2111300;ABREE;PEV fixo;Ativo;23/04/2021
3116001-000;MG;CHALÉ;3116001;ABREE;PEV fixo;Ativo;18/04/2019
2304400-009;CE;  Fortaleza ;2304400;Green Eletron;PEV fixo;Ativo;10/04/2019
4106803-000;PR;Cruz Machado;4106803;ABREE;PEV fixo;Ativo;19/11/2020
3532009-003;SP;Morungaba;3532009;Green Eletron;PEV fixo;Ativo;02/09/2019
5219902-000;GO;São Francisco de Goiás;5219902;Sistema individual;PEV fixo;Ativo;16/10/2019
2205516-000;PI;Juazeiro do Piauí;2205516;Sistema individual;PEV fixo;Ativo;05/05/2021
2304251-003;CE;Cruz;2304251;Green Eletron;PEV fixo;Ativo;26/10/2019
3106200-001;MG;Belo Horizonte;3106200;ABREE;Ponto de consolidação;Ativo;28/09/2020
3526209-000;SP;JUQUITIBA;3526209;Green Eletron;PEV fixo;Ativo;08/03/2020
5215207-001;GO;NOVO BRASIL;5215207;ABREE;PEV fixo;Ativo;09/01/2019
3511300-000;SP;Cedral;3511300;Green Eletron;Ponto de consolidação;Ativo;20/04/2020
4103909-000;PR;CAMPINA DA LAGOA;4103909;ABREE;PEV fixo;Ativo;20/02/2020
2304400-018;CE;Fortaleza;2304400;ABREE;PEV fixo;Ativo;25/10/2019
4317806-000;RS;SANTO AUGUSTO;4317806;ABREE;PEV fixo;Ativo;17/03/2020
3167202-001;MG;Sete Lagoas;3167202;ABREE;Campanha itinerante;Ativo;19/07/2021
4302402-000;RS;BOM RETIRO DO SUL;4302402;Green Eletron;Campanha itinerante;Ativo;26/06/2019
4323309-000;RS;Vila Flores;4323309;ABREE;PEV fixo;Ativo;04/07/2021
2927408-043;BA;Salvador;;Sistema individual;Ponto de consolidação;Ativo;21/10/2019
1710706-000;TO;  Itaguatins ;1710706;ABREE;PEV fixo;Ativo;11/05/2021
3160108-000;MG;Santo Antônio do Grama;3160108;Sistema individual;PEV fixo;Ativo;03/09/2019
4205407-035;SC;Florianópolis;4205407;Sistema individual;PEV fixo;Ativo;09/01/2020
3142502-000;MG;MONJOLOS;3142502;Green Eletron;PEV fixo;Ativo;21/05/2021
3302700-008;RJ;Maricá;3302700;ABREE;PEV fixo;Ativo;21/08/2020
3203007-000;ES;Iúna;3203007;ABREE;PEV fixo;Ativo;22/12/2020
3158706-000;MG;Santana do Garambéu;3158706;ABREE;PEV fixo;Ativo;16/12/2020
4218004-000;SC;Tijucas;4218004;ABREE;PEV fixo;Ativo;16/10/2021
3301108-009;RJ;Cantagalo;3301108;Green Eletron;Campanha itinerante;Ativo;18/08/2021
5208707-008;GO;GOIÂNIA;5208707;ABREE;PEV fixo;Ativo;13/02/2020
4218905-000;SC;Urubici;4218905;ABREE;PEV fixo;Ativo;22/10/2020
2611606-009;PE;RECIFE;2611606;ABREE;PEV fixo;Ativo;09/03/2020
2805901-000;SE;RIACHUELO;2805901;ABREE;PEV fixo;Ativo;17/09/2021
1304005-002;AM;Silves;1304005;Green Eletron;Ponto de consolidação;Ativo;19/10/2021
3106200-146;MG;  Belo Horizonte ;3106200;Green Eletron;Campanha itinerante;Inativo;15/01/2021
2111300-054;MA;São Luís;2111300;Green Eletron;PEV fixo;Ativo;25/06/2021
2927408-078;BA;SALVADOR;2927408;ABREE;PEV fixo;Ativo;12/10/2021
5208707-012;GO;Goiânia;5208707;ABREE;PEV fixo;Ativo;09/03/2021
2304400-015;CE;Fortaleza;2304400;Green Eletron;PEV fixo;Ativo;12/01/2019
3106200-063;MG;BELO HORIZONTE;3106200;ABREE;PEV fixo;Ativo;15/10/2020
3556503-000;SP;Várzea Paulista;3556503;ABREE;PEV fixo;Ativo;02/03/2019
2927408-025;BA;Salvador;2927408;ABREE;PEV fixo;Ativo;12/01/2019
3100807-000;MG;Aguanil;3100807;Green Eletron;PEV fixo;Ativo;25/03/2021
3542602-001;SP;REGISTRO;3542602;ABREE;PEV fixo;Ativo;07/12/2019
2925303-000;BA;PORTO SEGURO;2925303;Green Eletron;PEV fixo;Ativo;01/06/2019
3550308-164;SP;Sao Paulo;3550308;Green Eletron;PEV fixo;Ativo;06/06/2020
3124203-000;MG;ESPERA FELIZ;3124203;Green Eletron;PEV fixo;Ativo;09/09/2021
4205407-008;SC;FLORIANÓPOLIS;4205407;Green Eletron;PEV fixo;Ativo;11/09/2019
2933000-000;BA;VALENTE;2933000;ABREE;PEV fixo;Ativo;23/11/2020
2611606-005;PE;Recife;2611606;Green Eletron;PEV fixo;Ativo;01/05/2020
3530607-000;SP;Mogi das Cruzes;3530607;Sistema individual;Ponto de consolidação;Ativo;26/05/2021
3304557-105;RJ;RIO DE JANEIRO;3304557;Sistema individual;PEV fixo;Ativo;28/03/2021
3120102-000;MG;  Couto de Magalhães de Minas ;3120102;ABREE;PEV fixo;Ativo;01/11/2021
3171071-000;MG;Veredinha;3171071;ABREE;Ponto de consolidação;Ativo;03/02/2021
4220000-001;SC;Balneário Rincão;4220000;Green Eletron;PEV fixo;Ativo;06/11/2021
4114401-000;PR;Mangueirinha;4114401;ABREE;PEV fixo;Ativo;05/01/2021
2111300-003;MA;São Luís;2111300;ABREE;PEV fixo;Ativo;07/04/2019
3525201-005;SP;Jarinu;3525201;ABREE;PEV fixo;Ativo;16/06/2021
1101807-000;RO;VALE DO PARAÍSO;1101807;Green Eletron;PEV fixo;Ativo;17/10/2019
3550308-094;SP;Sao Paulo;3550308;ABREE;PEV fixo;Ativo;28/09/2019
2400208-000;RN;  Açu ;2400208;Green Eletron;Ponto de consolidação;Ativo;28/12/2019
5002704-006;MS;CAMPO GRANDE;5002704;Green Eletron;PEV fixo;Ativo;02/12/2021
3513603-000;SP;Cunha;3513603;ABREE;PEV fixo;Ativo;10/05/2021
2401651-000;RN;Bodó;2401651;Green Eletron;PEV fixo;Ativo;02/12/2019
2111300-007;MA;SÃO LUÍS;2111300;Green Eletron;PEV fixo;Inativo;12/07/2019
3551306-005;SP;Sebastianópolis do Sul;3551306;ABREE;PEV fixo;Ativo;21/03/2021
3303609-000;RJ;Paracambi;3303609;Sistema individual;Campanha itinerante;Ativo;25/01/2019
2304251-000;CE;  Cruz ;2304251;ABREE;Ponto de consolidação;Ativo;19/02/2019
3106200-109;MG;Belo Horizonte;3106200;ABREE;PEV fixo;Ativo;18/07/2021
3550308-199;SP;SÃO PAULO;3550308;ABREE;PEV fixo;Ativo;03/02/2021
3126752-000;MG;Franciscopolis;3126752;Green Eletron;PEV fixo;Ativo;28/06/2019
3106200-132;MG;Belo Horizonte;3106200;Green Eletron;PEV fixo;Ativo;21/09/2021
2927408-100;BA;Salvador;2927408;ABREE;PEV fixo;Ativo;16/06/2021
2411700-000;RN;São Bento do Trairí;2411700;Green Eletron;PEV fixo;Ativo;16/12/2019
4106902-045;PR;Curitiba;4106902;ABREE;PEV fixo;Ativo;04/11/2021
2616209-000;PE;Vertentes;2616209;ABREE;PEV fixo;Ativo;09/11/2019
4314902-044;RS;PORTO ALEGRE;4314902;ABREE;Ponto de consolidação;Ativo;23/01/2020
4310603-000;RS;ITAQUI;4310603;ABREE;Ponto de consolidação;Ativo;10/09/2020
3304508-002;RJ;Rio das Flores;3304508;ABREE;PEV fixo;Ativo;17/03/2020
2314003-000;CE;VÁRZEA ALEGRE;2314003;ABREE;PEV fixo;Ativo;15/02/2020
2917805-000;BA;Jaguaripe;2917805;ABREE;PEV fixo;Ativo;15/09/2019
1101559-000;RO;Teixeirópolis;1101559;ABREE;Ponto de consolidação;Ativo;20/12/2021
2701902-000;AL;Chã Preta;2701902;Sistema individual;PEV fixo;Ativo;03/09/2019
3550308-064;SP;São Paulo;3550308;Sistema individual;Ponto de consolidação;Ativo;06/11/2019
3205150-000;ES;VILA PAVÃO;3205150;ABREE;PEV fixo;Ativo;13/09/2020
3508306-002;SP;Cabrália Paulista;3508306;ABREE;Campanha itinerante;Ativo;12/06/2020
2927408-062;BA;SALVADOR;2927408;Green Eletron;PEV fixo;Ativo;09/02/2020
2111300-043;MA;SÃO LUÍS;2111300;ABREE;PEV fixo;Ativo;06/05/2020
3160900-000;MG;São Brás do Suaçuí;3160900;ABREE;PEV fixo;Ativo;20/11/2020
5300108-051;DF;Brasília;5300108;Green Eletron;Campanha itinerante;Ativo;18/10/2020
2600203-000;PE;  Afrânio ;2600203;Sistema individual;Ponto de consolidação;Ativo;28/07/2019
2304400-008;CE;Fortaleza;2304400;ABREE;PEV fixo;Ativo;20/06/2019
2304400-007;CE;Fortaleza;2304400;Green Eletron;PEV fixo;Ativo;01/02/2019
2905602-000;BA;Camacan;2905602;ABREE;PEV fixo;Ativo;08/02/2020
3541653-002;SP;Quadra;3541653;Green Eletron;Ponto de consolidação;Ativo;11/01/2020
3546504-000;SP;  Santa Ernestina ;3546504;Green Eletron;PEV fixo;Ativo;01/05/2021
2211001-004;PI;  Teresina ;2211001;Green Eletron;Campanha itinerante;Ativo;05/03/2019
2921401-000;BA;MIRANGABA;2921401;Green Eletron;Ponto de consolidação;Ativo;11/10/2020
3538808-023;SP;Piraju;3538808;ABREE;PEV fixo;Ativo;13/10/2021
2917508-000;BA;JACOBINA;2917508;ABREE;PEV fixo;Ativo;27/01/2020
2108058-000;MA;Paulino Neves;2108058;Sistema individual;Ponto de consolidação;Ativo;10/09/2021
5300108-000;DF;BRASÍLIA;5300108;ABREE;PEV fixo;Ativo;01/12/2019
2405900-000;RN;Joao Dias;2405900;ABREE;PEV fixo;Ativo;22/02/2019
1505650-000;PA;Placas;1505650;Green Eletron;PEV fixo;Ativo;16/05/2020
3166204-000;MG;  Senhora dos Remédios ;3166204;Sistema individual;PEV fixo;Ativo;25/03/2021
2611606-002;PE;RECIFE;2611606;Green Eletron;PEV fixo;Ativo;01/11/2020
2903508-002;BA;BELO CAMPO;2903508;Green Eletron;PEV fixo;Ativo;08/10/2021
2932101-000;BA;Ubaíra;2932101;ABREE;PEV fixo;Ativo;01/02/2021
3106200-083;MG;Belo Horizonte;3106200;ABREE;PEV fixo;Ativo;23/02/2020
3145901-000;MG;OURO BRANCO;3145901;Green Eletron;PEV fixo;Ativo;08/09/2021
3301157-000;RJ;CARDOSO MOREIRA;;ABREE;PEV fixo;Ativo;02/04/2019
4126405-000;PR;SERTANEJA;4126405;ABREE;PEV fixo;Ativo;23/05/2020
5208707-010;GO;Goiânia;5208707;Sistema individual;Ponto de consolidação;Inativo;26/07/2020
3304508-007;RJ;  Rio das Flores ;3304508;ABREE;PEV fixo;Ativo;02/08/2021
2309904-002;CE;Pacuja;2309904;ABREE;PEV fixo;Ativo;03/07/2020
5300108-026;DF;Brasília;5300108;ABREE;Ponto de consolidação;Ativo;07/11/2019
1302603-001;AM;Manaus;1302603;ABREE;PEV fixo;Ativo;14/07/2019
2304400-035;CE;  Fortaleza ;2304400;ABREE;PEV fixo;Ativo;08/08/2020
5215207-000;GO;NOVO BRASIL;5215207;ABREE;Ponto de consolidação;Ativo;20/05/2019
1302603-000;AM;Manaus;1302603;ABREE;Campanha itinerante;Ativo;19/04/2019
4103008-000;PR;Boa Esperança;4103008;ABREE;PEV fixo;Ativo;21/04/2019
3525607-004;SP;João Ramalho;3525607;Green Eletron;PEV fixo;Ativo;14/11/2021
1302603-004;AM;MANAUS;1302603;ABREE;PEV fixo;Ativo;14/07/2020
3106200-062;MG;Belo Horizonte;3106200;Sistema individual;Campanha itinerante;Ativo;17/08/2020
4207700-000;SC;Ipumirim;4207700;Green Eletron;PEV fixo;Ativo;20/11/2020
3522653-000;SP;Itapirapuã Paulista;3522653;ABREE;Ponto de consolidação;Ativo;10/10/2019
3106200-139;MG;Belo Horizonte;3106200;Green Eletron;Ponto de consolidação;Ativo;14/09/2021
3301108-012;RJ;Cantagalo;3301108;Green Eletron;PEV fixo;Ativo;18/09/2021
3106200-054;MG;BELO HORIZONTE;3106200;ABREE;PEV fixo;Ativo;28/05/2020
1500305-000;PA;Afua;1500305;Green Eletron;PEV fixo;Ativo;15/11/2019
3148301-000;MG;Paula Cândido;3148301;Green Eletron;PEV fixo;Ativo;16/04/2021
3106200-071;MG;Belo Horizonte;3106200;ABREE;PEV fixo;Ativo;10/03/2020
4306205-000;RS;Cruzeiro do Sul;4306205;ABREE;Campanha itinerante;Ativo;14/02/2021
1707306-000;TO;DUERÉ;1707306;Green Eletron;PEV fixo;Ativo;22/12/2021
3540507-000;SP;Porangaba;3540507;Green Eletron;PEV fixo;Ativo;24/12/2021
3162575-000;MG;São João do Manteninha;3162575;Green Eletron;PEV fixo;Ativo;21/03/2021
4205407-060;SC;Florianopolis;4205407;Green Eletron;PEV fixo;Ativo;22/06/2021
2507507-005;PB;João Pessoa;2507507;Green Eletron;PEV fixo;Ativo;04/12/2020
3141900-000;MG;Minduri;3141900;ABREE;PEV fixo;Ativo;26/04/2019
2304400-052;CE;Fortaleza;2304400;Sistema individual;PEV fixo;Ativo;07/12/2021
4306551-000;RS;Dom Pedro de Alcântara;4306551;Green Eletron;PEV fixo;Ativo;10/02/2021
2800308-016;SE;Aracaju;2800308;ABREE;PEV fixo;Ativo;27/07/2021
4114609-000;PR;Marechal Cândido Rondon;4114609;ABREE;PEV fixo;Ativo;16/11/2021
2408102-000;RN;NATAL;2408102;Green Eletron;PEV fixo;Ativo;07/11/2020
3525201-000;SP;JARINU;3525201;ABREE;PEV fixo;Ativo;27/10/2020
5202809-000;GO;AVELINÓPOLIS;5202809;ABREE;PEV fixo;Ativo;11/07/2021
3160207-002;MG;Santo Antônio do Itambé;3160207;Green Eletron;PEV fixo;Ativo;06/05/2019
3550605-000;SP;SÃO ROQUE;3550605;Green Eletron;Campanha itinerante;Ativo;10/05/2021
4121802-000;PR;Ribeirao Claro;4121802;ABREE;PEV fixo;Ativo;04/11/2020
3139409-000;MG;Manhuacu;3139409;Green Eletron;PEV fixo;Ativo;25/06/2021
3304557-004;RJ;Rio de Janeiro;3304557;Sistema individual;PEV fixo;Ativo;21/01/2020
4106902-027;PR;Curitiba;4106902;ABREE;PEV fixo;Ativo;15/06/2020
4316808-000;RS;Santa Cruz do Sul;4316808;ABREE;PEV fixo;Ativo;01/03/2020
2410801-000;RN;RIACHO DE SANTANA;2410801;ABREE;Ponto de consolidação;Ativo;13/10/2020
4106902-029;PR;CURITIBA;4106902;ABREE;PEV fixo;Ativo;24/04/2021
4123006-000;PR;SALTO DO LONTRA;4123006;Green Eletron;PEV fixo;Ativo;19/10/2019
4319604-000;RS;Sao Sepe;4319604;Green Eletron;Ponto de consolidação;Ativo;09/02/2021
3106200-156;MG;BELO HORIZONTE;3106200;Sistema individual;PEV fixo;Ativo;19/11/2021
3505203-003;SP;Bariri;3505203;Green Eletron;PEV fixo;Ativo;01/08/2021
4107702-000;PR;Fênix;4107702;ABREE;PEV fixo;Ativo;14/06/2020
2927408-048;BA;SALVADOR;2927408;Green Eletron;PEV fixo;Ativo;28/08/2020
5200308-000;GO;Alexânia;5200308;Green Eletron;PEV fixo;Ativo;11/01/2019
2111201-000;MA;São José de Ribamar;2111201;ABREE;PEV fixo;Ativo;22/07/2021
4215653-000;SC;Santa Rosa do Sul;4215653;ABREE;Ponto de consolidação;Ativo;11/10/2019
3538808-009;SP;Piraju;3538808;ABREE;PEV fixo;Ativo;09/01/2019
2108801-000;MA;Pirapemas;2108801;Green Eletron;PEV fixo;Ativo;20/09/2021
4205407-011;SC;Florianópolis;4205407;ABREE;PEV fixo;Ativo;03/11/2019
2701803-000;AL;Carneiros;2701803;ABREE;PEV fixo;Ativo;09/06/2019
3550308-170;SP;  São Paulo ;3550308;Green Eletron;Ponto de consolidação;Ativo;06/05/2020
1302603-005;AM;Manaus;1302603;Green Eletron;PEV fixo;Ativo;09/05/2020
2111300-014;MA;SÃO LUÍS;2111300;Green Eletron;PEV fixo;Ativo;19/12/2019
2102374-000;MA;Cachoeira Grande;2102374;ABREE;PEV fixo;Ativo;06/11/2019
5215207-003;GO;  Novo Brasil ;5215207;Green Eletron;Ponto de consolidação;Ativo;23/04/2020
2300705-004;CE;Alto Santo;2300705;ABREE;PEV fixo;Ativo;22/08/2020
5212204-000;GO;Jussara;5212204;Green Eletron;Campanha itinerante;Ativo;25/09/2020
4314548-000;RS;Pinto Bandeira;4314548;Green Eletron;Campanha itinerante;Ativo;13/12/2021
2413706-000;RN;Sítio Novo;2413706;Green Eletron;Campanha itinerante;Ativo;19/01/2020
3106200-012;MG;Belo Horizonte;3106200;Green Eletron;Ponto de consolidação;Ativo;05/12/2020
3550308-071;SP;  São Paulo ;3550308;Green Eletron;PEV fixo;Ativo;02/05/2019
2927408-085;BA;SALVADOR;2927408;ABREE;PEV fixo;Ativo;22/12/2021
2211001-017;PI;Teresina;2211001;Green Eletron;PEV fixo;Ativo;21/03/2021
2503506-000;PB;Cacimba de Dentro;2503506;Green Eletron;PEV fixo;Ativo;14/06/2019
4321469-000;RS;TIO HUGO;4321469;Green Eletron;PEV fixo;Ativo;07/07/2020
2211001-013;PI;Teresina;2211001;Green Eletron;Ponto de consolidação;Ativo;05/09/2021
4205407-006;SC;Florianópolis;4205407;Green Eletron;PEV fixo;Ativo;27/03/2019
3515004-000;SP;Embu das Artes;3515004;Green Eletron;PEV fixo;Ativo;22/06/2021
4302154-000;RS;Boa Vista das Missões;4302154;ABREE;PEV fixo;Ativo;05/03/2019
4122305-000;PR;RIO NEGRO;4122305;Green Eletron;PEV fixo;Ativo;23/07/2020
1501600-000;PA;BONITO;1501600;ABREE;Ponto de consolidação;Ativo;28/08/2020
2500601-000;PB;Alhandra;2500601;Sistema individual;PEV fixo;Ativo;28/10/2019
3508306-003;SP;Cabrália Paulista;3508306;Sistema individual;PEV fixo;Ativo;28/03/2021
2211001-001;PI;Teresina;2211001;ABREE;PEV fixo;Ativo;02/09/2019
3304557-077;RJ;Rio de Janeiro;3304557;Green Eletron;PEV fixo;Ativo;12/07/2021
2413557-000;RN;SERRINHA DOS PINTOS;2413557;Green Eletron;PEV fixo;Ativo;03/05/2020
2611606-047;PE;RECIFE;2611606;ABREE;PEV fixo;Ativo;18/06/2021
2918555-000;BA;Jussari;2918555;Green Eletron;PEV fixo;Ativo;23/06/2020
4310207-007;RS;Ijui;4310207;ABREE;PEV fixo;Ativo;08/05/2021
4106902-039;PR;Curitiba;4106902;ABREE;PEV fixo;Ativo;24/11/2021
4106902-041;PR;Curitiba;4106902;ABREE;PEV fixo;Ativo;26/04/2021
5300108-049;DF;Brasília;5300108;ABREE;PEV fixo;Ativo;07/05/2020
3106200-019;MG;Belo Horizonte;3106200;ABREE;PEV fixo;Ativo;17/06/2020
2111300-047;MA;São Luís;2111300;Green Eletron;PEV fixo;Ativo;06/04/2020
4205407-038;SC;FLORIANÓPOLIS;4205407;Green Eletron;PEV fixo;Ativo;11/05/2020
4106902-044;PR;Curitiba;4106902;Green Eletron;PEV fixo;Ativo;12/06/2021
1716208-000;TO;PARANÃ;1716208;ABREE;PEV fixo;Ativo;18/08/2019
2111300-021;MA;São Luís;2111300;Green Eletron;PEV fixo;Ativo;12/02/2019
4314902-069;RS;Porto Alegre;4314902;Sistema individual;Ponto de consolidação;Ativo;23/01/2021
4309159-000;RS;Gramado Xavier;4309159;ABREE;Campanha itinerante;Ativo;28/11/2020
3301876-002;RJ;IGUABA GRANDE;3301876;Sistema individual;PEV fixo;Ativo;02/12/2020
2302107-003;CE;BATURITÉ;2302107;Sistema individual;PEV fixo;Ativo;02/03/2020
3517802-000;SP;Guaraçaí;3517802;ABREE;PEV fixo;Ativo;25/09/2020
3201308-000;ES;  Cariacica ;3201308;Sistema individual;PEV fixo;Ativo;23/04/2021
3300951-000;RJ;Comendador Levy Gasparian;3300951;Sistema individual;Ponto de consolidação;Ativo;11/04/2019
3517000-000;SP;Getulina;3517000;Green Eletron;PEV fixo;Ativo;07/01/2021
3126505-000;MG;FRANCISCO BADARÓ;3126505;ABREE;Ponto de consolidação;Ativo;05/04/2020
3550308-142;SP;SÃO PAULO;3550308;ABREE;PEV fixo;Ativo;25/11/2020
4314902-033;RS;Porto Alegre;4314902;ABREE;PEV fixo;Ativo;20/03/2020
2611606-039;PE;RECIFE;2611606;ABREE;Ponto de consolidação;Ativo;20/10/2021
3106200-117;MG;Belo Horizonte;3106200;Green Eletron;PEV fixo;Ativo;21/05/2021
2304400-023;CE;FORTALEZA;2304400;ABREE;PEV fixo;Ativo;19/12/2019
3111903-000;MG;Cana Verde;3111903;Green Eletron;Ponto de consolidação;Ativo;24/11/2019
4310207-005;RS;IJUÍ;4310207;Green Eletron;Campanha itinerante;Ativo;16/04/2021
3119807-000;MG;Córrego Danta;3119807;ABREE;PEV fixo;Ativo;22/06/2019
3550308-047;SP;São Paulo;3550308;Green Eletron;PEV fixo;Ativo;23/12/2019
3302254-000;RJ;Itatiaia;3302254;Green Eletron;PEV fixo;Ativo;15/05/2020
3120151-000;MG;Crisólita;3120151;ABREE;Campanha itinerante;Ativo;05/11/2019
2611606-046;PE;Recife;2611606;Sistema individual;PEV fixo;Ativo;02/09/2021
3522406-000;SP;Itapeva;3522406;ABREE;PEV fixo;Ativo;28/04/2019
1501402-000;PA;Belém;1501402;Green Eletron;PEV fixo;Ativo;26/05/2020
3134509-000;MG;Itutinga;3134509;Sistema individual;PEV fixo;Ativo;19/04/2020
4106902-023;PR;Curitiba;4106902;Green Eletron;Ponto de consolidação;Ativo;19/10/2020
2200400-000;PI;ALTOS;2200400;ABREE;PEV fixo;Ativo;26/06/2021
4106902-018;PR;CURITIBA;4106902;ABREE;Ponto de consolidação;Ativo;20/11/2020
3303955-000;RJ;PINHEIRAL;3303955;Sistema individual;PEV fixo;Ativo;09/12/2019
2111300-048;MA;SÃO LUÍS;2111300;Green Eletron;Campanha itinerante;Ativo;20/06/2020
2308609-000;CE;Monsenhor Tabosa;2308609;ABREE;Campanha itinerante;Ativo;21/05/2021
4215356-001;SC;Saltinho;4215356;ABREE;PEV fixo;Ativo;23/12/2021
3106200-142;MG;Belo Horizonte;3106200;ABREE;PEV fixo;Ativo;18/12/2021
4322376-000;RS;Unistalda;4322376;ABREE;Ponto de consolidação;Ativo;18/01/2021
2516151-000;PB;SOSSÊGO;2516151;Sistema individual;PEV fixo;Ativo;28/03/2021
3539301-001;SP;Pirassununga;3539301;ABREE;PEV fixo;Ativo;15/03/2021
5108956-002;MT;Nova Monte Verde;5108956;ABREE;PEV fixo;Ativo;16/09/2021
3303302-006;RJ;  Niterói ;3303302;ABREE;PEV fixo;Ativo;12/02/2021
5106000-000;MT;  Nortelândia ;5106000;Green Eletron;Ponto de consolidação;Ativo;21/04/2021
1504208-004;PA;Marabá;1504208;ABREE;PEV fixo;Ativo;19/04/2021
5100300-000;MT;Alto Araguaia;5100300;Green Eletron;PEV fixo;Ativo;02/10/2020
2902609-000;BA;Baixa Grande;2902609;Green Eletron;PEV fixo;Ativo;15/09/2019
5300108-063;DF;BRASÍLIA;5300108;Green Eletron;PEV fixo;Ativo;24/01/2021
2913507-000;BA;Iguaí;2913507;Green Eletron;PEV fixo;Ativo;01/07/2019
4320453-000;RS;Sério;4320453;Green Eletron;Ponto de consolidação;Ativo;27/07/2019
5203906-000;GO;Buriti Alegre;5203906;Green Eletron;PEV fixo;Ativo;15/09/2021
3167509-000;MG;Simão Pereira;3167509;Sistema individual;PEV fixo;Ativo;06/09/2021
3532827-000;SP;Nova Campina;3532827;Green Eletron;Ponto de consolidação;Ativo;02/07/2020
2600708-000;PE;Aliança;2600708;ABREE;PEV fixo;Ativo;28/01/2020
3169307-003;MG;Três Corações;3169307;ABREE;PEV fixo;Ativo;24/03/2021
4205407-051;SC;Florianópolis;4205407;Green Eletron;PEV fixo;Ativo;04/11/2021
2927408-069;BA;Salvador;2927408;ABREE;PEV fixo;Ativo;01/02/2020
1501402-009;PA;Belém;1501402;ABREE;Ponto de consolidação;Ativo;04/12/2020
2211001-016;PI;Teresina;2211001;ABREE;PEV fixo;Ativo;09/03/2021
2924652-000;BA;PINTADAS;2924652;ABREE;PEV fixo;Ativo;19/01/2019
4205407-052;SC;Florianópolis;4205407;Green Eletron;PEV fixo;Ativo;21/05/2021
2903508-001;BA;Belo Campo;2903508;ABREE;Campanha itinerante;Ativo;27/10/2020
3304557-015;RJ;Rio de Janeiro;3304557;ABREE;Campanha itinerante;Ativo;08/06/2020
3146206-000;MG;Ouro Verde de Minas;3146206;Green Eletron;PEV fixo;Ativo;06/09/2020
3122702-000;MG;Dom Silvério;3122702;Green Eletron;Campanha itinerante;Ativo;10/09/2019
4119400-000;PR;PIRAÍ DO SUL;4119400;ABREE;PEV fixo;Ativo;06/04/2019
2111300-050;MA;SÃO LUÍS;2111300;ABREE;PEV fixo;Ativo;04/11/2020
5213855-000;GO;Morro Agudo de Goiás;5213855;Sistema individual;PEV fixo;Ativo;09/07/2021
3103108-000;MG;Antonio Prado de Minas;3103108;ABREE;PEV fixo;Ativo;12/02/2019
4126256-000;PR;Sarandi;4126256;Sistema individual;PEV fixo;Ativo;21/11/2020
3550308-072;SP;SÃO PAULO;3550308;Green Eletron;PEV fixo;Ativo;24/05/2019
2800308-008;SE;ARACAJU;2800308;Green Eletron;PEV fixo;Ativo;11/02/2020
3304557-110;RJ;Rio de Janeiro;3304557;ABREE;PEV fixo;Ativo;04/01/2021
2918407-000;BA;Juazeiro;2918407;ABREE;PEV fixo;Ativo;08/03/2020
3550308-148;SP;São Paulo;3550308;ABREE;PEV fixo;Ativo;21/05/2020
3106200-106;MG;Belo Horizonte;3106200;Green Eletron;PEV fixo;Ativo;16/09/2021
3106200-084;MG;Belo Horizonte;3106200;Green Eletron;PEV fixo;Ativo;03/03/2020
3550308-059;SP;SÃO PAULO;3550308;Green Eletron;PEV fixo;Ativo;16/02/2019
5219738-000;GO;Santo Antonio de Goias;5219738;ABREE;PEV fixo;Ativo;23/07/2020
3106200-150;MG;Belo Horizonte;3106200;ABREE;PEV fixo;Ativo;10/01/2021
2700409-000;AL;ATALAIA;2700409;Sistema individual;PEV fixo;Ativo;07/06/2021
2111300-005;MA;SÃO LUÍS;2111300;Sistema individual;PEV fixo;Ativo;22/10/2019
1600402-000;AP;Mazagão;1600402;ABREE;PEV fixo;Ativo;14/01/2019
2312007-001;CE;SANTANA DO ACARAÚ;2312007;Green Eletron;PEV fixo;Ativo;19/03/2021
4314902-050;RS;Porto Alegre;4314902;Green Eletron;PEV fixo;Ativo;14/01/2020
4205407-014;SC;Florianópolis;4205407;ABREE;PEV fixo;Ativo;08/03/2019
3550308-020;SP;São Paulo;3550308;Green Eletron;PEV fixo;Ativo;05/05/2019
3550308-093;SP;São Paulo;3550308;ABREE;PEV fixo;Ativo;08/04/2019
2111300-001;MA;São Luís;2111300;Green Eletron;PEV fixo;Ativo;24/10/2019
3550308-102;SP;SÃO PAULO;3550308;Green Eletron;Ponto de consolidação;Ativo;04/01/2019
1501402-015;PA;Belém;1501402;Green Eletron;PEV fixo;Ativo;05/10/2021
4212239-000;SC;Paraíso;4212239;Green Eletron;PEV fixo;Ativo;12/02/2019
3550308-127;SP;Sao Paulo;3550308;Green Eletron;PEV fixo;Ativo;23/03/2020
2514404-000;PB;São José de Espinharas;2514404;ABREE;PEV fixo;Ativo;26/06/2019
4314902-071;RS;Porto Alegre;4314902;ABREE;PEV fixo;Ativo;07/10/2021
2611606-019;PE;RECIFE;2611606;Green Eletron;PEV fixo;Ativo;22/09/2020
1501402-017;PA;Belem;1501402;Green Eletron;PEV fixo;Ativo;11/07/2021
1505205-000;PA;Oeiras do Pará;1505205;Green Eletron;Campanha itinerante;Ativo;23/06/2019
3304409-000;RJ;Rio Claro;3304409;Sistema individual;PEV fixo;Ativo;07/09/2021
2600708-001;PE;ALIANÇA;2600708;Green Eletron;Ponto de consolidação;Ativo;19/03/2021
2913804-000;BA;Ipecaetá;2913804;Green Eletron;Ponto de consolidação;Ativo;23/08/2021
3504701-000;SP;Balbinos;3504701;ABREE;PEV fixo;Ativo;04/07/2021
5002951-000;MS;CHAPADÃO DO SUL;5002951;ABREE;PEV fixo;Ativo;05/03/2019
3538808-014;SP;Piraju;3538808;ABREE;PEV fixo;Ativo;28/05/2020
5102603-000;MT;Campinápolis;5102603;ABREE;PEV fixo;Ativo;01/10/2020
2702900-000;AL;Girau do Ponciano;2702900;ABREE;PEV fixo;Ativo;26/03/2021
5103254-000;MT;Colniza;5103254;Green Eletron;PEV fixo;Ativo;22/02/2020
2111409-000;MA;Sao Luis Gonzaga do Maranhao;2111409;ABREE;Campanha itinerante;Ativo;02/08/2020
2610301-000;PE;Paranatama;2610301;ABREE;PEV fixo;Ativo;05/10/2020
5300108-010;DF;Brasilia;5300108;ABREE;PEV fixo;Ativo;23/01/2019
3550308-019;SP;São Paulo;3550308;ABREE;PEV fixo;Ativo;18/08/2019
4314902-002;RS;Porto Alegre;4314902;Green Eletron;PEV fixo;Ativo;12/03/2020
2927408-072;BA;Salvador;2927408;Green Eletron;PEV fixo;Ativo;11/08/2020
3121803-000;MG;Dionísio;3121803;ABREE;PEV fixo;Ativo;13/12/2019
3153400-000;MG;  Presidente Olegário ;3153400;Sistema individual;PEV fixo;Ativo;09/10/2021
1301209-000;AM;Coari;1301209;Green Eletron;PEV fixo;Ativo;18/02/2020
3304508-001;RJ;  Rio das Flores ;3304508;Green Eletron;PEV fixo;Ativo;05/11/2020
3201407-000;ES;Castelo;3201407;Green Eletron;PEV fixo;Ativo;19/11/2019
3550308-166;SP;São Paulo;3550308;Green Eletron;PEV fixo;Ativo;22/03/2020
2908200-000;BA;Conceição da Feira;2908200;Green Eletron;Ponto de consolidação;Ativo;14/11/2020
3144706-000;MG;Nova Era;3144706;ABREE;Campanha itinerante;Ativo;11/02/2020
2211001-005;PI;TERESINA;2211001;Green Eletron;PEV fixo;Inativo;19/10/2019
3547908-000;SP;SANTO ANTÔNIO DA ALEGRIA;3547908;ABREE;PEV fixo;Ativo;11/09/2020
2704302-002;AL;  Maceió ;2704302;ABREE;PEV fixo;Ativo;02/05/2020
2403806-000;RN;Florânia;2403806;Green Eletron;Ponto de consolidação;Ativo;09/07/2021
3503802-000;SP;ARTUR NOGUEIRA;3503802;ABREE;PEV fixo;Ativo;05/03/2019
3106200-080;MG;Belo Horizonte;3106200;ABREE;PEV fixo;Ativo;28/12/2020
3550308-018;SP;Sao Paulo;3550308;ABREE;PEV fixo;Ativo;20/07/2019
3543253-000;SP;Ribeirão Grande;3543253;ABREE;PEV fixo;Ativo;22/06/2021
2302404-000;CE;Boa Viagem;2302404;Green Eletron;PEV fixo;Ativo;25/11/2021
3533908-000;SP;Olímpia;3533908;ABREE;PEV fixo;Ativo;25/11/2020
3106200-066;MG;Belo Horizonte;3106200;Green Eletron;PEV fixo;Ativo;15/04/2020
3106200-022;MG;BELO HORIZONTE;3106200;ABREE;PEV fixo;Ativo;03/07/2020
3106606-000;MG;Bertopolis;3106606;ABREE;Ponto de consolidação;Ativo;12/04/2020
4106902-035;PR;Curitiba;4106902;ABREE;PEV fixo;Ativo;21/06/2021
5200605-000;GO;ALTO PARAÍSO DE GOIÁS;5200605;Green Eletron;Campanha itinerante;Ativo;22/04/2020
2407302-000;RN;Marcelino Vieira;2407302;ABREE;PEV fixo;Inativo;08/04/2019
3106804-000;MG;BIAS FORTES;3106804;ABREE;PEV fixo;Ativo;14/08/2021
3550308-105;SP;São Paulo;3550308;ABREE;PEV fixo;Inativo;15/10/2019
3542602-004;SP;REGISTRO;3542602;Green Eletron;PEV fixo;Ativo;10/02/2021
4109906-000;PR;Icaraíma;4109906;Green Eletron;PEV fixo;Ativo;23/01/2020
4218855-000;SC;União do Oeste;4218855;Green Eletron;PEV fixo;Ativo;04/07/2021
3136579-002;MG;Josenópolis;3136579;ABREE;PEV fixo;Ativo;26/12/2021
3532009-010;SP;Morungaba;3532009;ABREE;PEV fixo;Ativo;24/12/2021
4128104-000;PR;Umuarama;4128104;ABREE;PEV fixo;Ativo;01/02/2021
3550308-056;SP;SÃO PAULO;3550308;ABREE;PEV fixo;Ativo;13/07/2019
3550308-085;SP;São Paulo;3550308;ABREE;PEV fixo;Ativo;18/05/2019
5107305-000;MT;SÃO JOSÉ DO RIO CLARO;5107305;ABREE;Campanha itinerante;Ativo;07/01/2020
2916500-000;BA;Itapicuru;2916500;ABREE;PEV fixo;Ativo;01/10/2020
3205309-011;ES;Vitoria;3205309;ABREE;PEV fixo;Ativo;02/01/2021
1507151-001;PA;SÃO DOMINGOS DO ARAGUAIA;1507151;ABREE;PEV fixo;Ativo;06/09/2019
3550308-195;SP;Sao Paulo;3550308;Sistema individual;PEV fixo;Ativo;01/07/2021
2920700-000;BA;Maraú;2920700;Green Eletron;Ponto de consolidação;Ativo;25/10/2021
5106265-000;MT;Novo Mundo;5106265;ABREE;PEV fixo;Ativo;26/01/2021
3106200-003;MG;Belo Horizonte;3106200;ABREE;PEV fixo;Ativo;28/05/2020
1500909-000;PA;Augusto Corrêa;1500909;Green Eletron;PEV fixo;Ativo;10/10/2021
3106200-057;MG;Belo Horizonte;3106200;ABREE;PEV fixo;Ativo;24/07/2020
3508306-004;SP;CABRÁLIA PAULISTA;3508306;Green Eletron;PEV fixo;Ativo;07/07/2021
4317905-001;RS;Santo Cristo;4317905;ABREE;PEV fixo;Ativo;09/04/2021
3537206-000;SP;Pedro de Toledo;3537206;ABREE;PEV fixo;Ativo;25/11/2020
5106158-000;MT;  Nova Bandeirantes ;5106158;Green Eletron;PEV fixo;Ativo;22/12/2021
5300108-058;DF;Brasília;5300108;ABREE;PEV fixo;Ativo;28/09/2021
3106200-075;MG;BELO HORIZONTE;3106200;Sistema individual;Ponto de consolidação;Ativo;07/01/2020
2616183-007;PE;Vertente do Lerio;2616183;Green Eletron;Campanha itinerante;Ativo;14/07/2021
1721000-003;TO;PALMAS;1721000;ABREE;PEV fixo;Ativo;04/12/2019
3522703-002;SP;Itápolis;3522703;Sistema individual;Ponto de consolidação;Ativo;16/06/2021
2100303-000;MA;Aldeias Altas;2100303;ABREE;Ponto de consolidação;Ativo;22/09/2019
2111300-028;MA;São Luís;2111300;Green Eletron;PEV fixo;Ativo;21/10/2019
3300100-001;RJ;ANGRA DOS REIS;3300100;Green Eletron;PEV fixo;Ativo;26/11/2020
1507151-003;PA;São Domingos do Araguaia;1507151;Green Eletron;PEV fixo;Ativo;10/08/2020
1501402-006;PA;Belém;1501402;Green Eletron;PEV fixo;Ativo;21/07/2020
2515807-000;PB;Serra Redonda;2515807;ABREE;PEV fixo;Ativo;18/05/2020
3550308-172;SP;São Paulo;3550308;ABREE;PEV fixo;Ativo;27/12/2020
2927408-006;BA;Salvador;2927408;ABREE;PEV fixo;Ativo;21/08/2019
3549250-002;SP;São João de Iracema;3549250;ABREE;PEV fixo;Ativo;22/06/2020
2408102-011;RN;Natal;2408102;ABREE;PEV fixo;Ativo;01/10/2021
2927408-082;BA;Salvador;2927408;Green Eletron;PEV fixo;Ativo;01/12/2021
3304557-107;RJ;  Rio de Janeiro ;3304557;Green Eletron;PEV fixo;Ativo;14/12/2021
5300108-061;DF;Brasília;5300108;ABREE;PEV fixo;Ativo;03/03/2021
3302700-007;RJ;Maricá;3302700;Green Eletron;PEV fixo;Ativo;13/08/2020
3304557-088;RJ;Rio de Janeiro;3304557;Sistema individual;Ponto de consolidação;Ativo;04/08/2021
5300108-059;DF;Brasilia;5300108;ABREE;PEV fixo;Ativo;07/07/2021
2602803-000;PE;Buíque;2602803;Green Eletron;PEV fixo;Ativo;13/08/2019
3124609-000;MG;  Estrela Dalva ;3124609;ABREE;PEV fixo;Ativo;27/09/2021
2304400-056;CE;Fortaleza;;Green Eletron;PEV fixo;Ativo;07/10/2021
3509957-000;SP;Canas;3509957;ABREE;PEV fixo;Ativo;27/03/2021
4314902-018;RS;Porto Alegre;4314902;ABREE;Campanha itinerante;Ativo;05/07/2020
2927408-059;BA;Salvador;2927408;ABREE;PEV fixo;Ativo;08/12/2020
1301951-003;AM;ITAMARATI;1301951;Green Eletron;PEV fixo;Ativo;01/03/2021
1302553-000;AM;Manaquiri;1302553;ABREE;PEV fixo;Ativo;05/09/2020
3106200-155;MG;BELO HORIZONTE;3106200;Green Eletron;PEV fixo;Ativo;14/05/2021
3305752-001;RJ;TANGUÁ;3305752;Green Eletron;Ponto de consolidação;Inativo;09/05/2020
4205407-024;SC;Florianópolis;4205407;ABREE;PEV fixo;Ativo;17/09/2019
3106200-112;MG;Belo Horizonte;3106200;ABREE;PEV fixo;Ativo;23/03/2021
3545159-000;SP;Saltinho;3545159;ABREE;PEV fixo;Ativo;26/09/2020
2614303-000;PE;Moreilândia;2614303;ABREE;PEV fixo;Ativo;12/06/2019
4202453-000;SC;BOMBINHAS;4202453;ABREE;Ponto de consolidação;Ativo;02/07/2021
3538808-018;SP;Piraju;3538808;ABREE;PEV fixo;Ativo;10/12/2021
4314902-036;RS;PORTO ALEGRE;4314902;Green Eletron;PEV fixo;Ativo;11/11/2020
1200054-000;AC;Assis Brasil;1200054;ABREE;PEV fixo;Ativo;27/04/2021
4214607-000;SC;Rio do Oeste;4214607;ABREE;Ponto de consolidação;Ativo;19/09/2020
4308102-000;RS;FELIZ;4308102;Green Eletron;PEV fixo;Ativo;08/06/2019
5215207-006;GO;NOVO BRASIL;5215207;Sistema individual;PEV fixo;Ativo;15/06/2021
4206801-000;SC;Ibicaré;4206801;ABREE;Ponto de consolidação;Ativo;25/06/2020
3557006-003;SP;Votorantim;3557006;ABREE;PEV fixo;Ativo;26/12/2021
3539301-000;SP;  Pirassununga ;3539301;ABREE;Ponto de consolidação;Ativo;02/12/2021
4204178-000;SC;Cerro Negro;4204178;ABREE;PEV fixo;Ativo;09/07/2021
2211001-015;PI;TERESINA;2211001;Green Eletron;PEV fixo;Ativo;23/09/2021
5208707-001;GO;Goiânia;5208707;ABREE;PEV fixo;Ativo;06/06/2019
2929354-000;BA;São José da Vitória;2929354;ABREE;PEV fixo;Ativo;24/12/2020
2611606-000;PE;  Recife ;2611606;Green Eletron;PEV fixo;Inativo;09/12/2020
3160207-007;MG;Santo Antônio do Itambé;3160207;ABREE;PEV fixo;Ativo;10/02/2021
4300208-000;RS;Ajuricaba;4300208;Green Eletron;PEV fixo;Ativo;03/08/2019
4314902-085;RS;  Porto Alegre ;4314902;ABREE;PEV fixo;Ativo;27/06/2021
3550308-249;SP;São Paulo;3550308;Green Eletron;PEV fixo;Ativo;26/06/2021
1508407-000;PA;Xinguara;1508407;ABREE;PEV fixo;Ativo;27/01/2020
3555109-005;SP;Tupi Paulista;3555109;Green Eletron;PEV fixo;Ativo;10/06/2020
3550308-173;SP;São Paulo;;Green Eletron;PEV fixo;Ativo;14/08/2020
4205407-001;SC;FLORIANÓPOLIS;4205407;Green Eletron;Campanha itinerante;Ativo;02/02/2019
4205407-016;SC;Florianópolis;4205407;ABREE;PEV fixo;Ativo;18/03/2019
3526803-004;SP;LENÇÓIS PAULISTA;3526803;ABREE;PEV fixo;Ativo;06/01/2021
2927408-020;BA;SALVADOR;2927408;ABREE;PEV fixo;Ativo;22/03/2019
2111300-004;MA;SÃO LUÍS;2111300;ABREE;PEV fixo;Ativo;05/07/2019
3550308-100;SP;São Paulo;3550308;ABREE;PEV fixo;Ativo;10/01/2019
4211652-000;SC;Novo Horizonte;4211652;Green Eletron;PEV fixo;Ativo;21/11/2019
2111300-044;MA;São Luís;2111300;Green Eletron;Campanha itinerante;Ativo;24/05/2020
5103403-004;MT;Cuiaba;5103403;ABREE;PEV fixo;Ativo;26/12/2020
2405603-000;RN;Jardim de Piranhas;2405603;Sistema individual;PEV fixo;Ativo;23/07/2021
3304755-000;RJ;São Francisco de Itabapoana;3304755;Green Eletron;PEV fixo;Ativo;22/12/2021
5200902-000;GO;Amorinopolis;5200902;Green Eletron;PEV fixo;Ativo;17/06/2019
2800308-005;SE;ARACAJU;2800308;Green Eletron;PEV fixo;Ativo;08/03/2019
2304400-066;CE;Fortaleza;2304400;ABREE;PEV fixo;Ativo;08/11/2021
4205407-042;SC;FLORIANÓPOLIS;4205407;Green Eletron;Campanha itinerante;Ativo;13/01/2020
5006606-000;MS;Ponta Porã;5006606;Green Eletron;Campanha itinerante;Ativo;09/03/2019
2801108-000;SE;CANHOBA;2801108;Green Eletron;PEV fixo;Ativo;23/01/2020
4314902-048;RS;Porto Alegre;4314902;Green Eletron;Ponto de consolidação;Ativo;12/07/2020
2507507-003;PB;JOÃO PESSOA;2507507;Green Eletron;Ponto de consolidação;Ativo;06/11/2019
3161205-000;MG;São Francisco de Paula;3161205;ABREE;Ponto de consolidação;Ativo;18/04/2020
4120333-000;PR;PRADO FERREIRA;4120333;ABREE;Campanha itinerante;Ativo;11/07/2019
3128303-000;MG;Guaranésia;3128303;Green Eletron;PEV fixo;Ativo;10/02/2020
2906709-000;BA;  Cândido Sales ;2906709;Green Eletron;PEV fixo;Ativo;03/08/2020
5208707-016;GO;Goiânia;5208707;ABREE;PEV fixo;Ativo;28/09/2021
3550308-143;SP;Sao Paulo;3550308;ABREE;Ponto de consolidação;Ativo;26/01/2020
2509206-000;PB;Massaranduba;2509206;ABREE;PEV fixo;Ativo;18/03/2019
3144607-000;MG;Nepomuceno;3144607;Green Eletron;PEV fixo;Ativo;10/10/2020
1701051-000;TO;Angico;1701051;ABREE;PEV fixo;Ativo;27/06/2020
2927408-073;BA;Salvador;2927408;Green Eletron;PEV fixo;Ativo;05/05/2021
3304557-016;RJ;RIO DE JANEIRO;3304557;ABREE;Campanha itinerante;Ativo;20/02/2020
2927408-001;BA;Salvador;2927408;ABREE;PEV fixo;Ativo;19/04/2019
4201257-000;SC;Apiúna;4201257;ABREE;PEV fixo;Ativo;01/08/2021
3551306-004;SP;Sebastianopolis do Sul;3551306;Sistema individual;PEV fixo;Ativo;11/05/2021
3155603-000;MG;Rio Pardo de Minas;3155603;ABREE;PEV fixo;Ativo;24/04/2021
5002704-001;MS;Campo Grande;5002704;Green Eletron;PEV fixo;Ativo;18/05/2020
3131307-000;MG;Ipatinga;3131307;ABREE;PEV fixo;Ativo;13/11/2021
5220058-000;GO;São João da Paraúna;5220058;ABREE;Ponto de consolidação;Ativo;18/10/2019
3550308-029;SP;SÃO PAULO;3550308;ABREE;PEV fixo;Ativo;23/03/2019
3507407-000;SP;Borborema;3507407;Green Eletron;PEV fixo;Ativo;01/09/2021
3169307-002;MG;Três Corações;3169307;ABREE;PEV fixo;Ativo;13/11/2021
3550308-096;SP;SÃO PAULO;3550308;Green Eletron;PEV fixo;Ativo;27/03/2019
1721000-007;TO;Palmas;1721000;ABREE;Campanha itinerante;Ativo;14/08/2021
5103403-000;MT;CUIABÁ;5103403;Green Eletron;PEV fixo;Ativo;27/04/2019
1716109-000;TO;Paraíso do Tocantins;1716109;Green Eletron;PEV fixo;Ativo;24/07/2019
3532900-014;SP;NOVA EUROPA;3532900;ABREE;PEV fixo;Ativo;04/12/2021
3550308-223;SP;Sao Paulo;3550308;ABREE;Campanha itinerante;Ativo;12/08/2021
3302908-000;RJ;Miguel Pereira;3302908;Green Eletron;PEV fixo;Ativo;12/06/2019
4124509-000;PR;Santo Inácio;4124509;Green Eletron;PEV fixo;Ativo;07/12/2021
2304657-000;CE;Graça;2304657;Green Eletron;PEV fixo;Ativo;21/02/2019
5300108-067;DF;Brasilia;5300108;ABREE;PEV fixo;Ativo;21/08/2021
3304557-022;RJ;Rio de Janeiro;3304557;ABREE;Ponto de consolidação;Ativo;13/06/2020
3301876-003;RJ;Iguaba Grande;3301876;ABREE;Campanha itinerante;Ativo;17/03/2020
3106200-067;MG;Belo Horizonte;3106200;Green Eletron;PEV fixo;Ativo;21/07/2020
3550308-234;SP;Sao Paulo;3550308;ABREE;Campanha itinerante;Ativo;11/08/2021
3530102-002;SP;MIRANDÓPOLIS;3530102;Green Eletron;PEV fixo;Ativo;07/09/2020
3106200-118;MG;Belo Horizonte;3106200;Green Eletron;PEV fixo;Ativo;11/04/2021
2601201-000;PE;Arcoverde;2601201;Green Eletron;Ponto de consolidação;Ativo;11/07/2020
3525854-000;SP;Jumirim;3525854;Green Eletron;PEV fixo;Ativo;09/03/2021
3550308-146;SP;SÃO PAULO;3550308;Green Eletron;PEV fixo;Ativo;14/07/2020
3549508-002;SP;Sao Jose da Bela Vista;3549508;ABREE;PEV fixo;Ativo;26/02/2019
3141504-000;MG;MENDES PIMENTEL;3141504;Green Eletron;PEV fixo;Ativo;02/11/2021
3550308-107;SP;São Paulo;3550308;Green Eletron;PEV fixo;Ativo;03/01/2020
4209706-000;SC;Lebon Régis;4209706;Green Eletron;PEV fixo;Ativo;24/07/2020
2927408-077;BA;Salvador;2927408;Green Eletron;PEV fixo;Ativo;10/01/2021
3304557-070;RJ;Rio de Janeiro;3304557;Green Eletron;PEV fixo;Ativo;07/03/2021
3106200-153;MG;Belo Horizonte;3106200;ABREE;PEV fixo;Ativo;10/06/2021
2516508-000;PB;Taperoá;2516508;Green Eletron;PEV fixo;Ativo;02/10/2019
1705607-000;TO;  Conceição do Tocantins ;1705607;Green Eletron;PEV fixo;Ativo;12/11/2020
2924058-000;BA;Pe de Serra;2924058;Green Eletron;PEV fixo;Ativo;19/08/2019
4316907-000;RS;Santa Maria;4316907;Green Eletron;Ponto de consolidação;Ativo;20/02/2020
3106200-094;MG;Belo Horizonte;3106200;ABREE;PEV fixo;Ativo;23/06/2020
3304508-006;RJ;Rio das Flores;3304508;ABREE;PEV fixo;Ativo;22/03/2021
2305704-000;CE;Ipaumirim;2305704;Green Eletron;PEV fixo;Ativo;05/01/2021
3517703-002;SP;GUARÁ;3517703;ABREE;PEV fixo;Ativo;12/01/2021
2211001-014;PI;Teresina;2211001;ABREE;PEV fixo;Ativo;14/03/2021
5300108-004;DF;Brasília;5300108;ABREE;PEV fixo;Ativo;16/12/2019
4309126-000;RS;Gramado dos Loureiros;4309126;ABREE;PEV fixo;Ativo;27/10/2020
2927408-074;BA;SALVADOR;2927408;ABREE;PEV fixo;Ativo;07/03/2021
2111300-034;MA;São Luís;2111300;ABREE;PEV fixo;Ativo;25/11/2020
2925006-000;BA;PLANALTO;2925006;ABREE;Campanha itinerante;Ativo;02/04/2021
2910305-000;BA;Elisio Medrado;2910305;Green Eletron;PEV fixo;Ativo;04/09/2020
3302403-011;RJ;Macaé;3302403;Green Eletron;PEV fixo;Ativo;07/01/2021
2408607-000;RN;Paraná;2408607;Green Eletron;PEV fixo;Ativo;14/11/2021
3304557-038;RJ;RIO DE JANEIRO;3304557;Green Eletron;PEV fixo;Ativo;11/06/2020
3550308-119;SP;São Paulo;3550308;ABREE;Campanha itinerante;Ativo;09/04/2020
3504305-000;SP;Avaí;3504305;Green Eletron;PEV fixo;Ativo;10/12/2019
2601102-000;PE;Araripina;2601102;ABREE;PEV fixo;Ativo;15/04/2021
3304557-090;RJ;Rio de Janeiro;3304557;ABREE;PEV fixo;Ativo;26/10/2021
3550308-245;SP;Sao Paulo;3550308;ABREE;PEV fixo;Ativo;27/03/2021
2111300-066;MA;São Luís;2111300;Sistema individual;PEV fixo;Ativo;12/07/2021
2208601-000;PI;Prata do Piauí;2208601;ABREE;PEV fixo;Ativo;02/07/2019
3302700-010;RJ;MARICÁ;3302700;ABREE;PEV fixo;Inativo;12/11/2021
2516755-000;PB;Tenório;2516755;Green Eletron;PEV fixo;Ativo;08/02/2019
3512100-001;SP;Colombia;3512100;Green Eletron;Campanha itinerante;Ativo;16/05/2021
4205407-043;SC;Florianópolis;4205407;Green Eletron;PEV fixo;Ativo;08/08/2020
3106200-152;MG;BELO HORIZONTE;3106200;Green Eletron;Campanha itinerante;Ativo;13/12/2021
5218052-000;GO;Porteirão;5218052;Green Eletron;PEV fixo;Ativo;22/04/2020
2902203-000;BA;Aramari;2902203;Green Eletron;PEV fixo;Ativo;05/12/2019
3540200-000;SP;PONTAL;3540200;Green Eletron;Campanha itinerante;Ativo;05/11/2021
2927408-030;BA;SALVADOR;2927408;ABREE;PEV fixo;Ativo;08/07/2019
4307831-000;RS;  Eugênio de Castro ;4307831;ABREE;PEV fixo;Ativo;06/04/2020
3302908-001;RJ;Miguel Pereira;3302908;Sistema individual;PEV fixo;Ativo;01/12/2019
2304400-067;CE;Fortaleza;2304400;ABREE;Ponto de consolidação;Ativo;27/01/2021
2514008-000;PB;São João do Cariri;2514008;ABREE;Campanha itinerante;Ativo;23/09/2020
4110656-000;PR;IRACEMA DO OESTE;4110656;Green Eletron;PEV fixo;Ativo;22/03/2020
2513851-000;PB;Santo André;2513851;ABREE;Ponto de consolidação;Ativo;10/07/2021
3526803-002;SP;  Lençóis Paulista ;3526803;Green Eletron;Ponto de consolidação;Ativo;17/07/2019
2605152-000;PE;Dormentes;2605152;Green Eletron;PEV fixo;Ativo;02/10/2021
4210852-000;SC;Mirim Doce;4210852;ABREE;PEV fixo;Ativo;15/07/2020
4320578-000;RS;Sete de Setembro;4320578;ABREE;PEV fixo;Ativo;10/10/2020
3305307-005;RJ;São Sebastião do Alto;3305307;ABREE;Campanha itinerante;Ativo;18/11/2020
3550308-169;SP;São Paulo;3550308;ABREE;PEV fixo;Ativo;16/04/2020
2111300-052;MA;SÃO LUÍS;2111300;ABREE;PEV fixo;Ativo;05/05/2020
3106200-147;MG;Belo Horizonte;3106200;ABREE;PEV fixo;Ativo;24/08/2021
3129657-000;MG;  Ibiracatu ;3129657;ABREE;PEV fixo;Ativo;19/08/2019
3543006-000;SP;  Ribeirão Branco ;3543006;ABREE;PEV fixo;Ativo;23/04/2019
2410603-000;RN;Rafael Godeiro;2410603;ABREE;PEV fixo;Ativo;11/07/2019
3511409-000;SP;Cerqueira César;3511409;Sistema individual;PEV fixo;Ativo;16/08/2020
2920502-001;BA;Maracás;2920502;Green Eletron;Ponto de consolidação;Ativo;09/10/2020
3305752-003;RJ;Tanguá;3305752;Sistema individual;PEV fixo;Ativo;08/07/2021
3106200-128;MG;BELO HORIZONTE;3106200;ABREE;PEV fixo;Ativo;22/08/2021
2911600-000;BA;GOVERNADOR MANGABEIRA;2911600;ABREE;PEV fixo;Ativo;01/02/2020
3545803-001;SP;Santa Bárbara d'Oeste;3545803;Green Eletron;PEV fixo;Ativo;25/03/2021
2202778-000;PI;Colônia do Piauí;2202778;Green Eletron;PEV fixo;Ativo;02/10/2019
4115457-002;PR;Marquinho;4115457;ABREE;PEV fixo;Ativo;26/03/2019
3550308-063;SP;São Paulo;3550308;Sistema individual;PEV fixo;Ativo;15/05/2019
2504801-000;PB;Coremas;2504801;ABREE;Ponto de consolidação;Ativo;13/04/2019
3304557-001;RJ;RIO DE JANEIRO;3304557;ABREE;Ponto de consolidação;Ativo;09/09/2020
3551306-003;SP;Sebastianópolis do Sul;3551306;Green Eletron;PEV fixo;Ativo;07/10/2020
2300705-002;CE;ALTO SANTO;2300705;ABREE;PEV fixo;Ativo;18/12/2020
2304251-001;CE;  Cruz ;2304251;Green Eletron;PEV fixo;Ativo;12/07/2019
3532009-000;SP;Morungaba;3532009;Green Eletron;PEV fixo;Ativo;25/03/2019
3106200-006;MG;Belo Horizonte;3106200;ABREE;Ponto de consolidação;Ativo;06/12/2020
1304260-001;AM;Uarini;1304260;Green Eletron;PEV fixo;Ativo;03/01/2021
4212056-000;SC;  Palmeira ;4212056;ABREE;Ponto de consolidação;Ativo;05/11/2020
2927408-023;BA;Salvador;2927408;ABREE;PEV fixo;Ativo;06/12/2019
3550308-070;SP;SÃO PAULO;3550308;ABREE;PEV fixo;Ativo;24/07/2019
4124707-000;PR;Sao Jeronimo da Serra;4124707;Green Eletron;PEV fixo;Ativo;14/12/2020
3550308-198;SP;SÃO PAULO;3550308;Sistema individual;PEV fixo;Ativo;25/12/2021
3521101-000;SP;Ipeúna;3521101;ABREE;PEV fixo;Inativo;26/07/2019
4205506-000;SC;Fraiburgo;4205506;Green Eletron;PEV fixo;Ativo;02/05/2020
4315552-000;RS;Rio dos Índios;4315552;Green Eletron;PEV fixo;Ativo;09/04/2019
4314902-045;RS;Porto Alegre;4314902;ABREE;PEV fixo;Ativo;04/03/2020
5300108-069;DF;Brasília;5300108;ABREE;PEV fixo;Ativo;20/04/2021
3300308-004;RJ;Barra do Piraí;3300308;ABREE;PEV fixo;Ativo;19/07/2020
2106326-000;MA;Maracaçumé;2106326;Green Eletron;Campanha itinerante;Ativo;10/06/2021
2308401-000;CE;  Missão Velha ;2308401;ABREE;PEV fixo;Ativo;15/02/2021
3134202-000;MG;Ituiutaba;3134202;ABREE;PEV fixo;Ativo;09/08/2019
3538808-011;SP;Piraju;3538808;ABREE;PEV fixo;Ativo;03/08/2020
2604007-000;PE;CARPINA;2604007;Green Eletron;PEV fixo;Ativo;21/05/2019
3205309-013;ES;VITÓRIA;3205309;ABREE;PEV fixo;Ativo;27/05/2021
