id_ponto,ano,sigla_uf,nome_municipio,geocodigo,sistema,modalidade,status,inicio_operacao
3550308-073,2022,SP,São Paulo,3550308,Green Eletron,PEV fixo,Ativo,03/04/2019
2111300-031,2022,MA,São Luís,2111300,ABREE,Ponto de consolidação,Ativo,11/09/2019
2611606-026,2022,PE,RECIFE,2611606,ABREE,Campanha itinerante,Ativo,05/10/2020
5300108-043,2022,DF,BRASÍLIA,5300108,Green Eletron,Ponto de consolidação,Ativo,23/12/2020
2401651-000,2022,RN,BODÓ,2401651,Green Eletron,PEV fixo,Ativo,21/10/2019
2913804-000,2022,BA,Ipecaetá,2913804,Green Eletron,Ponto de consolidação,Ativo,23/04/2021
2201770-000,2022,PI,Boa Hora,2201770,Green Eletron,PEV fixo,Ativo,16/10/2022
3115201-000,2022,MG,Conceição da Barra de Minas,3115201,ABREE,PEV fixo,Ativo,15/09/2019
1200401-002,2022,AC,  Rio Branco ,1200401,Green Eletron,PEV fixo,Ativo,02/12/2020
4114401-000,2022,PR,Mangueirinha,4114401,ABREE,PEV fixo,Ativo,23/05/2021
3142601-000,2022,MG,Monsenhor Paulo,3142601,ABREE,PEV fixo,Ativo,01/02/2019
2611606-060,2022,PE,Recife,,Green Eletron,Ponto de consolidação,Ativo,06/10/2022
3302403-000,2022,RJ,Macaé,3302403,ABREE,PEV fixo,Ativo,23/03/2019
3106200-171,2022,MG,Belo Horizonte,3106200,ABREE,PEV fixo,Ativo,15/02/2022
2111300-085,2022,MA,São Luís,2111300,ABREE,Campanha itinerante,Ativo,15/09/2022
3550308-051,2022,SP,São Paulo,3550308,Green Eletron,PEV fixo,Ativo,14/07/2019
1501402-002,2022,PA,Belém,1501402,ABREE,Campanha itinerante,Ativo,18/04/2020
4110805-000,2022,PR,  Iretama ,4110805,ABREE,PEV fixo,Ativo,28/03/2021
3305307-002,2022,RJ,SÃO SEBASTIÃO DO ALTO,3305307,ABREE,Ponto de consolidação,Ativo,13/01/2019
5300108-024,2022,DF,Brasilia,5300108,Green Eletron,PEV fixo,Ativo,12/01/2019
2927408-055,2022,BA,Salvador,2927408,ABREE,PEV fixo,Ativo,06/09/2020
3107307-000,2022,MG,Bocaiúva,3107307,ABREE,PEV fixo,Ativo,08/02/2020
2705408-000,2022,AL,Monteirópolis,2705408,ABREE,PEV fixo,Ativo,17/01/2022
3304557-134,2022,RJ,Rio de Janeiro,3304557,Green Eletron,PEV fixo,Ativo,22/04/2022
4307708-000,2022,RS,  Esteio ,4307708,ABREE,PEV fixo,Ativo,02/12/2020
3305307-008,2022,RJ,  São Sebastião do Alto ,3305307,Green Eletron,PEV fixo,Ativo,15/03/2020
4310207-002,2022,RS,IJUÍ,4310207,Green Eletron,PEV fixo,Ativo,21/07/2020
2927408-060,2022,BA,Salvador,2927408,ABREE,PEV fixo,Ativo,05/08/2020
2208502-000,2022,PI,PORTO,2208502,Green Eletron,PEV fixo,Ativo,22/07/2019
5300108-028,2022,DF,BRASÍLIA,5300108,ABREE,PEV fixo,Ativo,02/04/2019
4306379-000,2022,RS,DILERMANDO DE AGUIAR,4306379,ABREE,PEV fixo,Ativo,23/07/2022
3302403-010,2022,RJ,Macaé,3302403,ABREE,PEV fixo,Ativo,01/10/2021
3538808-010,2022,SP,Piraju,3538808,Green Eletron,PEV fixo,Ativo,10/05/2019
4116307-000,2022,PR,Munhoz de Melo,4116307,Green Eletron,PEV fixo,Ativo,05/12/2019
3504602-000,2022,SP,BADY BASSITT,3504602,Sistema individual,PEV fixo,Ativo,20/10/2019
2112803-000,2022,MA,VIANA,2112803,Green Eletron,PEV fixo,Ativo,12/05/2019
2927408-122,2022,BA,Salvador,2927408,ABREE,PEV fixo,Ativo,25/01/2022
2513406-000,2022,PB,Santa Luzia,2513406,Green Eletron,PEV fixo,Ativo,24/11/2020
5204102-000,2022,GO,CACHOEIRA ALTA,5204102,Green Eletron,Campanha itinerante,Ativo,17/06/2020
3106200-132,2022,MG,  Belo Horizonte ,3106200,Green Eletron,PEV fixo,Ativo,15/02/2021
3137205-000,2022,MG,Lagoa da Prata,3137205,ABREE,PEV fixo,Ativo,12/04/2021
2604007-000,2022,PE,Carpina,2604007,Green Eletron,PEV fixo,Ativo,20/01/2019
4103800-000,2022,PR,Cambira,4103800,Green Eletron,PEV fixo,Ativo,21/11/2019
4205407-058,2022,SC,FLORIANÓPOLIS,4205407,ABREE,PEV fixo,Ativo,19/09/2021
3512001-001,2022,SP,Colina,3512001,Sistema individual,PEV fixo,Ativo,02/07/2021
2211001-003,2022,PI,Teresina,2211001,ABREE,PEV fixo,Ativo,01/04/2019
5202809-000,2022,GO,AVELINÓPOLIS,5202809,ABREE,PEV fixo,Inativo,08/04/2021
4314902-124,2022,RS,Porto Alegre,4314902,ABREE,Campanha itinerante,Ativo,20/04/2022
3304557-037,2022,RJ,RIO DE JANEIRO,3304557,Green Eletron,Ponto de consolidação,Ativo,19/10/2020
2107605-000,2022,MA,PALMEIRÂNDIA,2107605,ABREE,PEV fixo,Ativo,01/08/2019
2611606-052,2022,PE,Recife,2611606,ABREE,PEV fixo,Ativo,22/11/2022
2304400-058,2022,CE,Fortaleza,2304400,Sistema individual,Campanha itinerante,Ativo,12/04/2021
4106902-029,2022,PR,Curitiba,4106902,ABREE,PEV fixo,Ativo,04/02/2021
3538808-022,2022,SP,Piraju,3538808,Sistema individual,Campanha itinerante,Ativo,10/03/2021
3550308-162,2022,SP,  São Paulo ,3550308,ABREE,PEV fixo,Ativo,18/12/2020
3550308-284,2022,SP,São Paulo,3550308,Green Eletron,Campanha itinerante,Ativo,21/07/2022
4211009-000,2022,SC,Mondaí,4211009,ABREE,PEV fixo,Ativo,24/09/2022
3550308-179,2022,SP,São Paulo,3550308,Green Eletron,PEV fixo,Ativo,24/11/2021
1505106-001,2022,PA,ÓBIDOS,1505106,ABREE,PEV fixo,Ativo,22/03/2020
3512902-000,2022,SP,Cosmorama,3512902,Green Eletron,PEV fixo,Ativo,21/09/2021
2304400-088,2022,CE,Fortaleza,2304400,ABREE,Campanha itinerante,Ativo,15/11/2022
4310603-000,2022,RS,Itaqui,4310603,ABREE,Ponto de consolidação,Ativo,13/01/2020
2923209-000,2022,BA,Oliveira dos Brejinhos,2923209,ABREE,PEV fixo,Ativo,25/02/2019
4107157-000,2022,PR,Diamante D'Oeste,4107157,ABREE,PEV fixo,Ativo,18/11/2019
2111300-013,2022,MA,São Luís,2111300,Sistema individual,PEV fixo,Ativo,09/03/2019
3301306-001,2022,RJ,Casimiro de Abreu,3301306,ABREE,PEV fixo,Ativo,16/03/2022
3550308-247,2022,SP,Sao Paulo,3550308,Green Eletron,Ponto de consolidação,Ativo,08/11/2021
4313086-000,2022,RS,NOVA PÁDUA,4313086,Green Eletron,PEV fixo,Ativo,10/11/2020
2308500-000,2022,CE,Mombaça,2308500,ABREE,PEV fixo,Ativo,18/06/2019
5215207-006,2022,GO,Novo Brasil,5215207,Sistema individual,PEV fixo,Ativo,18/04/2021
4314902-057,2022,RS,Porto Alegre,4314902,Green Eletron,PEV fixo,Ativo,12/04/2021
2701902-000,2022,AL,Chã Preta,2701902,Sistema individual,PEV fixo,Ativo,23/04/2019
4201257-000,2022,SC,  Apiúna ,4201257,ABREE,PEV fixo,Ativo,08/12/2021
1303106-000,2022,AM,NOVA OLINDA DO NORTE,1303106,ABREE,Campanha itinerante,Ativo,12/01/2022
3205309-005,2022,ES,Vitória,3205309,ABREE,PEV fixo,Ativo,21/02/2020
4319364-000,2022,RS,São Pedro das Missões,4319364,Green Eletron,PEV fixo,Ativo,07/12/2019
4313334-003,2022,RS,Nova Ramada,4313334,ABREE,PEV fixo,Ativo,24/04/2021
3508405-001,2022,SP,  Cabreúva ,3508405,ABREE,PEV fixo,Ativo,16/01/2022
5200308-001,2022,GO,Alexânia,5200308,Green Eletron,PEV fixo,Ativo,06/01/2022
3167202-001,2022,MG,Sete Lagoas,3167202,ABREE,Campanha itinerante,Ativo,26/07/2021
5212253-000,2022,GO,  Lagoa Santa ,5212253,Green Eletron,PEV fixo,Ativo,11/04/2019
3125101-000,2022,MG,  Extrema ,3125101,ABREE,PEV fixo,Ativo,06/09/2020
3106200-199,2022,MG,  Belo Horizonte ,3106200,Green Eletron,PEV fixo,Ativo,03/08/2022
2610004-000,2022,PE,Palmares,2610004,Green Eletron,PEV fixo,Ativo,08/10/2020
4106902-015,2022,PR,CURITIBA,4106902,Green Eletron,PEV fixo,Ativo,03/08/2020
3304557-094,2022,RJ,Rio de Janeiro,3304557,Green Eletron,PEV fixo,Ativo,19/12/2021
4306007-000,2022,RS,  Crissiumal ,4306007,Green Eletron,PEV fixo,Ativo,23/02/2019
2611606-018,2022,PE,Recife,2611606,Green Eletron,PEV fixo,Ativo,03/09/2020
2907004-000,2022,BA,CARDEAL DA SILVA,2907004,Green Eletron,PEV fixo,Ativo,07/10/2022
3106200-047,2022,MG,Belo Horizonte,3106200,ABREE,PEV fixo,Ativo,10/02/2020
5300108-005,2022,DF,Brasília,5300108,Green Eletron,PEV fixo,Ativo,06/07/2019
2301307-000,2022,CE,Araripe,2301307,ABREE,Campanha itinerante,Ativo,13/08/2021
1507904-000,2022,PA,Soure,1507904,ABREE,PEV fixo,Ativo,08/03/2022
2111300-018,2022,MA,São Luís,2111300,ABREE,PEV fixo,Ativo,13/03/2019
3303302-000,2022,RJ,Niterói,3303302,Green Eletron,PEV fixo,Ativo,22/08/2020
5220264-000,2022,GO,São Miguel do Passa Quatro,5220264,ABREE,PEV fixo,Ativo,23/11/2022
5100359-000,2022,MT,ALTO BOA VISTA,5100359,Sistema individual,PEV fixo,Ativo,17/01/2021
3110400-000,2022,MG,Camacho,3110400,Green Eletron,PEV fixo,Ativo,03/07/2019
2103000-000,2022,MA,Caxias,2103000,ABREE,PEV fixo,Ativo,06/06/2020
2309300-000,2022,CE,Nova Russas,,Green Eletron,PEV fixo,Ativo,28/09/2022
2313104-000,2022,CE,Tabuleiro do Norte,2313104,ABREE,Campanha itinerante,Ativo,14/02/2020
2927408-103,2022,BA,Salvador,2927408,Green Eletron,Ponto de consolidação,Ativo,03/12/2022
3129806-000,2022,MG,Ibirité,3129806,Green Eletron,PEV fixo,Ativo,03/06/2019
5300108-089,2022,DF,BRASÍLIA,5300108,Sistema individual,PEV fixo,Ativo,02/03/2022
3136900-000,2022,MG,  Juruaia ,3136900,ABREE,PEV fixo,Ativo,04/11/2022
3205309-012,2022,ES,VITÓRIA,3205309,Green Eletron,PEV fixo,Ativo,20/04/2021
3202454-002,2022,ES,  Ibatiba ,3202454,Green Eletron,PEV fixo,Ativo,03/05/2022
3304557-064,2022,RJ,Rio de Janeiro,3304557,Green Eletron,PEV fixo,Ativo,16/02/2020
3305752-001,2022,RJ,Tanguá,3305752,Green Eletron,Ponto de consolidação,Ativo,17/11/2020
4205407-035,2022,SC,FLORIANÓPOLIS,4205407,Sistema individual,PEV fixo,Ativo,08/08/2020
4317905-000,2022,RS,Santo Cristo,4317905,ABREE,Ponto de consolidação,Ativo,12/02/2020
2611606-034,2022,PE,Recife,2611606,Green Eletron,PEV fixo,Ativo,11/07/2021
2903508-000,2022,BA,Belo Campo,2903508,ABREE,PEV fixo,Ativo,09/02/2020
5204607-000,2022,GO,Campestre de Goiás,5204607,ABREE,Campanha itinerante,Ativo,13/07/2020
1507003-000,2022,PA,  Santo Antônio do Tauá ,1507003,Green Eletron,PEV fixo,Ativo,05/06/2019
3550308-002,2022,SP,São Paulo,3550308,Green Eletron,PEV fixo,Ativo,25/12/2019
3508405-000,2022,SP,  Cabreúva ,3508405,ABREE,PEV fixo,Ativo,10/03/2021
3550308-033,2022,SP,Sao Paulo,3550308,Green Eletron,PEV fixo,Inativo,23/04/2019
2200707-000,2022,PI,Anísio de Abreu,2200707,Sistema individual,PEV fixo,Ativo,27/07/2022
2400208-000,2022,RN,Açu,2400208,Green Eletron,Ponto de consolidação,Ativo,17/12/2019
3106200-102,2022,MG,  Belo Horizonte ,3106200,Sistema individual,PEV fixo,Ativo,20/02/2021
3557006-005,2022,SP,Votorantim,3557006,ABREE,Ponto de consolidação,Ativo,06/08/2022
3134202-000,2022,MG,Ituiutaba,3134202,ABREE,PEV fixo,Ativo,01/01/2019
2924603-003,2022,BA,Pindobaçu,2924603,Green Eletron,PEV fixo,Ativo,28/04/2022
2803807-000,2022,SE,Malhada dos Bois,2803807,Sistema individual,PEV fixo,Ativo,14/10/2019
3513009-005,2022,SP,Cotia,3513009,ABREE,PEV fixo,Ativo,15/04/2020
3106200-013,2022,MG,Belo Horizonte,3106200,Green Eletron,PEV fixo,Ativo,17/07/2020
2300705-004,2022,CE,Alto Santo,2300705,ABREE,PEV fixo,Ativo,25/12/2020
2927408-042,2022,BA,Salvador,2927408,ABREE,PEV fixo,Ativo,25/07/2019
3160207-006,2022,MG,Santo Antonio do Itambe,3160207,ABREE,Campanha itinerante,Ativo,16/01/2021
2927408-056,2022,BA,Salvador,2927408,ABREE,PEV fixo,Ativo,28/12/2020
3549706-000,2022,SP,Sao Jose do Rio Pardo,3549706,ABREE,PEV fixo,Ativo,21/04/2021
4313334-002,2022,RS,Nova Ramada,4313334,Green Eletron,PEV fixo,Ativo,03/05/2020
2611606-054,2022,PE,Recife,2611606,Green Eletron,Campanha itinerante,Ativo,26/11/2022
5208707-011,2022,GO,Goiânia,5208707,Sistema individual,PEV fixo,Ativo,09/03/2020
5300108-086,2022,DF,Brasília,5300108,ABREE,PEV fixo,Ativo,25/01/2022
3532900-001,2022,SP,Nova Europa,3532900,ABREE,PEV fixo,Ativo,18/12/2019
1300144-000,2022,AM,Apui,1300144,Green Eletron,Campanha itinerante,Ativo,24/05/2019
3304557-030,2022,RJ,Rio de Janeiro,3304557,ABREE,PEV fixo,Ativo,04/08/2020
3550308-227,2022,SP,São Paulo,3550308,Green Eletron,PEV fixo,Ativo,20/11/2021
4103156-000,2022,PR,  Bom Jesus do Sul ,4103156,ABREE,PEV fixo,Ativo,23/09/2021
3304151-002,2022,RJ,Quissama,3304151,ABREE,PEV fixo,Ativo,13/04/2021
5107206-000,2022,MT,RIO BRANCO,5107206,ABREE,PEV fixo,Ativo,01/06/2019
3538808-008,2022,SP,PIRAJU,3538808,ABREE,PEV fixo,Ativo,04/11/2019
3106200-011,2022,MG,Belo Horizonte,3106200,Green Eletron,PEV fixo,Ativo,06/07/2020
2105708-001,2022,MA,Lago da Pedra,2105708,ABREE,PEV fixo,Ativo,06/02/2022
4123402-000,2022,PR,Santa Fe,4123402,Sistema individual,PEV fixo,Ativo,13/12/2019
2930154-001,2022,BA,Serra do Ramalho,2930154,ABREE,PEV fixo,Ativo,09/05/2022
3130051-000,2022,MG,ICARAÍ DE MINAS,3130051,Green Eletron,PEV fixo,Ativo,20/06/2022
2310902-000,2022,CE,Piquet Carneiro,2310902,ABREE,PEV fixo,Ativo,06/02/2019
2108801-000,2022,MA,PIRAPEMAS,2108801,Green Eletron,PEV fixo,Ativo,08/06/2021
2611606-039,2022,PE,Recife,2611606,ABREE,Ponto de consolidação,Ativo,15/07/2021
3301405-006,2022,RJ,CONCEIÇÃO DE MACABU,3301405,ABREE,PEV fixo,Ativo,15/06/2021
5300108-076,2022,DF,BRASÍLIA,5300108,ABREE,PEV fixo,Ativo,19/02/2022
4310504-000,2022,RS,Irai,4310504,Green Eletron,PEV fixo,Ativo,02/10/2022
4314902-121,2022,RS,Porto Alegre,4314902,Green Eletron,PEV fixo,Ativo,02/06/2022
3513504-000,2022,SP,Cubatão,3513504,ABREE,PEV fixo,Ativo,13/09/2021
3166956-000,2022,MG,Serranópolis de Minas,3166956,Green Eletron,PEV fixo,Ativo,27/09/2020
4106902-038,2022,PR,Curitiba,4106902,ABREE,PEV fixo,Ativo,28/11/2021
4212403-000,2022,SC,PEDRAS GRANDES,4212403,Green Eletron,PEV fixo,Ativo,17/03/2021
2304251-009,2022,CE,Cruz,2304251,ABREE,PEV fixo,Ativo,20/10/2022
1300508-001,2022,AM,BARREIRINHA,1300508,ABREE,PEV fixo,Ativo,18/02/2022
4202800-000,2022,SC,  Braço do Norte ,4202800,ABREE,PEV fixo,Ativo,25/03/2020
3535705-000,2022,SP,PARAÍSO,3535705,Green Eletron,PEV fixo,Ativo,20/08/2021
3550308-178,2022,SP,Sao Paulo,3550308,ABREE,PEV fixo,Ativo,21/07/2020
2908408-000,2022,BA,CONCEIÇÃO DO COITÉ,2908408,ABREE,PEV fixo,Ativo,24/04/2020
4205407-063,2022,SC,Florianópolis,4205407,Sistema individual,PEV fixo,Ativo,24/03/2022
2927408-090,2022,BA,Salvador,2927408,ABREE,PEV fixo,Ativo,04/11/2021
3129707-000,2022,MG,Ibiraci,3129707,Sistema individual,PEV fixo,Ativo,09/12/2019
5107156-000,2022,MT,Reserva do Cabaçal,5107156,Green Eletron,PEV fixo,Ativo,02/01/2020
3507605-000,2022,SP,Bragança Paulista,3507605,Sistema individual,PEV fixo,Ativo,20/07/2022
4106902-025,2022,PR,Curitiba,4106902,Sistema individual,PEV fixo,Ativo,09/09/2020
3550308-192,2022,SP,  São Paulo ,3550308,ABREE,PEV fixo,Ativo,18/05/2021
2616183-008,2022,PE,Vertente do Lério,2616183,Green Eletron,PEV fixo,Ativo,12/10/2022
3205309-015,2022,ES,Vitória,3205309,ABREE,PEV fixo,Ativo,15/01/2022
1501402-010,2022,PA,Belém,1501402,ABREE,PEV fixo,Ativo,11/10/2020
4314803-000,2022,RS,Portão,4314803,Green Eletron,PEV fixo,Ativo,05/11/2021
3550308-293,2022,SP,São Paulo,3550308,ABREE,PEV fixo,Ativo,27/04/2022
2800308-015,2022,SE,Aracaju,2800308,ABREE,PEV fixo,Ativo,03/04/2021
2910008-000,2022,BA,DÁRIO MEIRA,2910008,ABREE,PEV fixo,Ativo,03/01/2019
3511300-000,2022,SP,Cedral,3511300,Green Eletron,Ponto de consolidação,Ativo,03/03/2020
3304557-080,2022,RJ,Rio de Janeiro,3304557,Green Eletron,Ponto de consolidação,Ativo,20/08/2021
3154507-000,2022,MG,RIACHO DOS MACHADOS,3154507,Green Eletron,PEV fixo,Ativo,04/05/2022
3106200-009,2022,MG,Belo Horizonte,3106200,Green Eletron,PEV fixo,Ativo,25/04/2020
3123528-002,2022,MG,DURANDÉ,3123528,ABREE,Ponto de consolidação,Ativo,07/08/2020
2800308-002,2022,SE,  Aracaju ,2800308,Green Eletron,PEV fixo,Ativo,03/07/2019
2512903-000,2022,PB,Rio Tinto,2512903,ABREE,PEV fixo,Ativo,06/01/2022
5208707-001,2022,GO,Goiania,5208707,ABREE,PEV fixo,Ativo,03/02/2019
3525201-009,2022,SP,JARINU,3525201,ABREE,PEV fixo,Ativo,04/09/2022
2111300-061,2022,MA,SÃO LUÍS,2111300,Green Eletron,PEV fixo,Ativo,18/12/2021
3304557-142,2022,RJ,Rio de Janeiro,3304557,Green Eletron,PEV fixo,Ativo,18/12/2022
1302306-000,2022,AM,Jutaí,1302306,ABREE,PEV fixo,Ativo,20/03/2019
2309904-004,2022,CE,PACUJÁ,2309904,ABREE,PEV fixo,Ativo,12/04/2021
4205407-001,2022,SC,FLORIANÓPOLIS,4205407,Green Eletron,Campanha itinerante,Ativo,11/10/2019
4215687-000,2022,SC,Santa Terezinha do Progresso,4215687,ABREE,PEV fixo,Ativo,02/03/2021
2918308-000,2022,BA,Jitaúna,2918308,ABREE,PEV fixo,Ativo,17/02/2021
3304557-137,2022,RJ,Rio de Janeiro,3304557,ABREE,PEV fixo,Ativo,21/06/2022
2304400-004,2022,CE,  Fortaleza ,2304400,ABREE,PEV fixo,Ativo,02/06/2019
3550308-092,2022,SP,São Paulo,3550308,Green Eletron,PEV fixo,Ativo,12/08/2019
2700409-000,2022,AL,  Atalaia ,2700409,Sistema individual,PEV fixo,Ativo,02/08/2021
4106902-034,2022,PR,CURITIBA,4106902,Green Eletron,PEV fixo,Ativo,11/03/2021
2927408-011,2022,BA,Salvador,2927408,ABREE,Ponto de consolidação,Ativo,22/02/2019
4314902-068,2022,RS,Porto Alegre,4314902,Green Eletron,Campanha itinerante,Ativo,10/05/2021
3106200-160,2022,MG,Belo Horizonte,3106200,Green Eletron,Campanha itinerante,Ativo,23/09/2022
2304400-027,2022,CE,  Fortaleza ,2304400,ABREE,PEV fixo,Ativo,09/07/2019
2611606-032,2022,PE,Recife,2611606,ABREE,PEV fixo,Ativo,03/04/2021
2207959-000,2022,PI,  Nova Santa Rita ,2207959,ABREE,PEV fixo,Ativo,28/04/2022
2903508-003,2022,BA,Belo Campo,2903508,ABREE,PEV fixo,Ativo,07/09/2022
5002704-002,2022,MS,  Campo Grande ,5002704,Green Eletron,PEV fixo,Ativo,26/12/2020
1505700-001,2022,PA,Ponta de Pedras,,Green Eletron,PEV fixo,Ativo,01/06/2021
4313359-000,2022,RS,Nova Roma do Sul,4313359,ABREE,PEV fixo,Ativo,13/12/2022
1600501-000,2022,AP,Oiapoque,1600501,Green Eletron,PEV fixo,Ativo,10/12/2020
3537206-000,2022,SP,Pedro de Toledo,3537206,ABREE,PEV fixo,Ativo,06/06/2020
3121001-000,2022,MG,Datas,3121001,ABREE,PEV fixo,Ativo,14/02/2019
2510402-000,2022,PB,Olho d'Água,2510402,ABREE,PEV fixo,Ativo,15/12/2019
2414001-000,2022,RN,  Tangará ,2414001,Green Eletron,PEV fixo,Ativo,17/04/2021
3532603-000,2022,SP,Nhandeara,3532603,ABREE,PEV fixo,Ativo,27/08/2021
5200308-000,2022,GO,Alexânia,5200308,Green Eletron,PEV fixo,Ativo,07/12/2019
3550308-200,2022,SP,São Paulo,3550308,Green Eletron,PEV fixo,Inativo,03/03/2021
3169307-003,2022,MG,TRÊS CORAÇÕES,3169307,ABREE,PEV fixo,Ativo,07/04/2021
1303700-000,2022,AM,Santo Antônio do Içá,1303700,ABREE,PEV fixo,Ativo,05/02/2019
4316808-000,2022,RS,Santa Cruz do Sul,4316808,ABREE,PEV fixo,Ativo,24/03/2020
2616183-007,2022,PE,Vertente do Lério,2616183,Green Eletron,Campanha itinerante,Ativo,02/06/2021
4100707-000,2022,PR,Alto Piquiri,4100707,ABREE,PEV fixo,Ativo,05/12/2019
2910404-000,2022,BA,Encruzilhada,2910404,ABREE,PEV fixo,Ativo,19/12/2020
4106902-062,2022,PR,Curitiba,4106902,Green Eletron,PEV fixo,Ativo,22/01/2022
3135100-000,2022,MG,Janaúba,3135100,Green Eletron,PEV fixo,Ativo,01/06/2020
3302700-010,2022,RJ,Maricá,3302700,ABREE,PEV fixo,Ativo,12/11/2021
3302403-013,2022,RJ,Macae,3302403,ABREE,Ponto de consolidação,Ativo,25/05/2022
3300902-001,2022,RJ,Cambuci,3300902,ABREE,PEV fixo,Ativo,19/12/2019
2608107-000,2022,PE,Joao Alfredo,2608107,Green Eletron,Campanha itinerante,Ativo,25/07/2019
3106200-158,2022,MG,  Belo Horizonte ,3106200,Green Eletron,Campanha itinerante,Ativo,16/12/2022
1301951-000,2022,AM,Itamarati,1301951,Green Eletron,PEV fixo,Ativo,26/11/2020
5300108-073,2022,DF,BRASÍLIA,5300108,ABREE,PEV fixo,Ativo,12/02/2022
4113205-000,2022,PR,Lapa,4113205,ABREE,PEV fixo,Ativo,26/11/2020
3550308-153,2022,SP,São Paulo,3550308,ABREE,PEV fixo,Ativo,22/12/2020
3106200-071,2022,MG,BELO HORIZONTE,,ABREE,PEV fixo,Ativo,23/02/2020
3300308-000,2022,RJ,Barra do Pirai,3300308,Green Eletron,PEV fixo,Ativo,12/08/2019
3550308-098,2022,SP,São Paulo,3550308,Green Eletron,PEV fixo,Ativo,15/06/2019
4121752-000,2022,PR,RESERVA DO IGUAÇU,4121752,Green Eletron,PEV fixo,Ativo,28/07/2021
1501402-023,2022,PA,Belém,1501402,ABREE,Ponto de consolidação,Ativo,24/11/2022
3106200-065,2022,MG,Belo Horizonte,3106200,ABREE,Ponto de consolidação,Ativo,18/03/2020
3160108-001,2022,MG,Santo Antônio do Grama,3160108,Green Eletron,PEV fixo,Ativo,05/10/2022
3526803-004,2022,SP,LENÇÓIS PAULISTA,3526803,ABREE,PEV fixo,Ativo,22/10/2021
2932309-000,2022,BA,  Ubatã ,2932309,ABREE,PEV fixo,Ativo,07/05/2021
4314001-000,2022,RS,Paraí,4314001,ABREE,PEV fixo,Ativo,22/07/2022
3503703-005,2022,SP,ARIRANHA,3503703,ABREE,PEV fixo,Ativo,01/03/2022
4314779-000,2022,RS,Pontão,4314779,ABREE,PEV fixo,Ativo,18/05/2019
2805109-000,2022,SE,Pedrinhas,2805109,Green Eletron,PEV fixo,Ativo,26/06/2019
4314902-015,2022,RS,  Porto Alegre ,4314902,ABREE,PEV fixo,Ativo,13/05/2020
4304630-000,2022,RS,Capão da Canoa,4304630,ABREE,PEV fixo,Ativo,27/07/2022
3205309-014,2022,ES,Vitória,3205309,Green Eletron,PEV fixo,Ativo,28/06/2022
3304508-002,2022,RJ,RIO DAS FLORES,3304508,ABREE,PEV fixo,Ativo,26/12/2020
3135001-000,2022,MG,JAGUARAÇU,3135001,ABREE,PEV fixo,Ativo,25/08/2021
2301406-000,2022,CE,  Aratuba ,2301406,Green Eletron,Ponto de consolidação,Ativo,11/01/2021
2800100-000,2022,SE,Amparo de São Francisco,2800100,ABREE,PEV fixo,Ativo,15/02/2019
4106902-010,2022,PR,CURITIBA,4106902,ABREE,PEV fixo,Ativo,07/12/2020
3106200-038,2022,MG,Belo Horizonte,3106200,ABREE,PEV fixo,Ativo,12/11/2020
3550308-160,2022,SP,São Paulo,3550308,ABREE,PEV fixo,Ativo,28/12/2020
2614501-000,2022,PE,SURUBIM,2614501,Green Eletron,Campanha itinerante,Ativo,16/10/2022
3542800-000,2022,SP,Ribeira,3542800,Sistema individual,PEV fixo,Ativo,21/02/2022
3302700-006,2022,RJ,Marica,3302700,Green Eletron,PEV fixo,Ativo,10/04/2020
3539400-001,2022,SP,Piratininga,3539400,ABREE,PEV fixo,Ativo,08/01/2022
2210938-000,2022,PI,Sussuapara,2210938,Green Eletron,PEV fixo,Ativo,27/01/2020
3550308-054,2022,SP,Sao Paulo,3550308,ABREE,PEV fixo,Ativo,16/07/2019
3304557-035,2022,RJ,Rio de Janeiro,3304557,ABREE,PEV fixo,Inativo,12/08/2020
3112109-000,2022,MG,Caparaó,3112109,ABREE,PEV fixo,Ativo,12/02/2021
1302603-002,2022,AM,Manaus,1302603,Green Eletron,PEV fixo,Ativo,16/09/2019
2202653-000,2022,PI,CAXINGÓ,2202653,ABREE,PEV fixo,Ativo,28/09/2021
3301306-000,2022,RJ,Casimiro de Abreu,3301306,Green Eletron,PEV fixo,Ativo,04/12/2022
2926202-000,2022,BA,RIACHÃO DAS NEVES,2926202,Sistema individual,Campanha itinerante,Ativo,26/02/2019
4205407-010,2022,SC,Florianopolis,4205407,ABREE,PEV fixo,Ativo,21/12/2019
3538808-012,2022,SP,  Piraju ,3538808,Sistema individual,Campanha itinerante,Ativo,03/12/2020
3152204-000,2022,MG,Porteirinha,3152204,ABREE,PEV fixo,Ativo,17/06/2020
4312385-000,2022,RS,Monte Belo do Sul,4312385,Sistema individual,PEV fixo,Ativo,04/04/2020
3301876-008,2022,RJ,  Iguaba Grande ,3301876,ABREE,PEV fixo,Ativo,09/04/2022
4205407-066,2022,SC,Florianópolis,4205407,Green Eletron,PEV fixo,Ativo,11/11/2022
3555109-004,2022,SP,Tupi Paulista,3555109,ABREE,PEV fixo,Ativo,17/04/2020
3550308-167,2022,SP,São Paulo,3550308,Green Eletron,Ponto de consolidação,Ativo,01/09/2020
3301405-003,2022,RJ,  Conceição de Macabu ,3301405,ABREE,PEV fixo,Ativo,12/02/2019
3106200-046,2022,MG,Belo Horizonte,3106200,ABREE,PEV fixo,Inativo,07/08/2020
3536109-000,2022,SP,PARDINHO,3536109,ABREE,PEV fixo,Ativo,17/05/2021
3529708-000,2022,SP,Miguelopolis,3529708,Green Eletron,PEV fixo,Ativo,15/05/2021
2611606-014,2022,PE,RECIFE,2611606,ABREE,PEV fixo,Ativo,25/04/2020
2111706-000,2022,MA,São Vicente Ferrer,2111706,ABREE,Ponto de consolidação,Ativo,18/03/2019
1300029-000,2022,AM,  Alvarães ,1300029,ABREE,PEV fixo,Ativo,03/03/2019
2304400-080,2022,CE,FORTALEZA,2304400,Sistema individual,Ponto de consolidação,Ativo,22/12/2022
3508306-006,2022,SP,CABRÁLIA PAULISTA,3508306,Green Eletron,PEV fixo,Ativo,14/07/2022
2105302-000,2022,MA,Imperatriz,2105302,Sistema individual,PEV fixo,Ativo,11/07/2022
3118908-000,2022,MG,Cordisburgo,3118908,Green Eletron,Ponto de consolidação,Ativo,06/08/2019
2611606-002,2022,PE,RECIFE,2611606,Green Eletron,PEV fixo,Ativo,27/04/2020
3548500-000,2022,SP,Santos,3548500,ABREE,PEV fixo,Ativo,25/06/2022
3136579-001,2022,MG,Josenópolis,3136579,Green Eletron,PEV fixo,Ativo,04/10/2020
3550308-007,2022,SP,  São Paulo ,3550308,Green Eletron,PEV fixo,Ativo,19/09/2019
5300108-006,2022,DF,BRASÍLIA,5300108,Green Eletron,PEV fixo,Ativo,04/05/2019
3542602-000,2022,SP,REGISTRO,3542602,Green Eletron,PEV fixo,Ativo,24/07/2019
4108700-000,2022,PR,Grandes Rios,4108700,Sistema individual,PEV fixo,Ativo,04/04/2019
2614105-003,2022,PE,SERTÂNIA,2614105,Green Eletron,PEV fixo,Ativo,17/02/2022
3510104-000,2022,SP,CÂNDIDO RODRIGUES,3510104,ABREE,PEV fixo,Ativo,12/10/2022
1300706-004,2022,AM,  Boca do Acre ,1300706,Sistema individual,PEV fixo,Ativo,06/05/2022
4114807-000,2022,PR,Marialva,4114807,ABREE,PEV fixo,Ativo,09/06/2022
1302553-001,2022,AM,Manaquiri,1302553,ABREE,PEV fixo,Ativo,28/03/2022
4311130-000,2022,RS,Jari,4311130,ABREE,PEV fixo,Inativo,19/07/2019
4120200-000,2022,PR,Porto Rico,4120200,ABREE,PEV fixo,Ativo,02/04/2020
4314902-107,2022,RS,PORTO ALEGRE,4314902,Green Eletron,PEV fixo,Ativo,07/06/2022
4205407-042,2022,SC,Florianópolis,4205407,Green Eletron,Campanha itinerante,Ativo,07/02/2020
2504702-000,2022,PB,Congo,2504702,Green Eletron,PEV fixo,Ativo,03/08/2021
4314902-081,2022,RS,Porto Alegre,4314902,Green Eletron,PEV fixo,Ativo,15/10/2021
3110806-000,2022,MG,  Campanário ,3110806,Green Eletron,PEV fixo,Ativo,15/01/2021
4314902-099,2022,RS,Porto Alegre,4314902,ABREE,Ponto de consolidação,Ativo,03/02/2022
2616183-004,2022,PE,Vertente do Lério,2616183,Sistema individual,PEV fixo,Ativo,14/11/2020
3205309-010,2022,ES,Vitória,3205309,ABREE,PEV fixo,Ativo,12/06/2021
5205497-000,2022,GO,Cidade Ocidental,5205497,ABREE,PEV fixo,Ativo,08/07/2019
3541653-004,2022,SP,Quadra,3541653,ABREE,PEV fixo,Ativo,25/02/2021
3532900-008,2022,SP,NOVA EUROPA,3532900,Green Eletron,PEV fixo,Ativo,05/05/2020
2304400-077,2022,CE,FORTALEZA,2304400,ABREE,Ponto de consolidação,Ativo,18/06/2022
1501303-000,2022,PA,Barcarena,1501303,ABREE,PEV fixo,Ativo,11/05/2021
2927408-037,2022,BA,Salvador,2927408,Green Eletron,Campanha itinerante,Ativo,25/10/2019
1508001-001,2022,PA,Tomé-Açu,1508001,Green Eletron,PEV fixo,Ativo,24/10/2022
3525607-000,2022,SP,João Ramalho,3525607,Green Eletron,Ponto de consolidação,Ativo,09/04/2019
2404101-000,2022,RN,Galinhos,2404101,Green Eletron,PEV fixo,Ativo,19/08/2019
3304557-009,2022,RJ,Rio de Janeiro,3304557,ABREE,PEV fixo,Ativo,12/12/2020
4205407-020,2022,SC,FLORIANÓPOLIS,4205407,Sistema individual,Campanha itinerante,Ativo,27/08/2019
2706505-000,2022,AL,Passo de Camaragibe,2706505,Green Eletron,PEV fixo,Ativo,12/07/2021
3106200-120,2022,MG,BELO HORIZONTE,3106200,Green Eletron,PEV fixo,Ativo,26/05/2021
3530607-000,2022,SP,MOGI DAS CRUZES,3530607,Sistema individual,Ponto de consolidação,Ativo,04/11/2021
3106200-177,2022,MG,Belo Horizonte,3106200,Green Eletron,PEV fixo,Ativo,12/01/2022
3550308-263,2022,SP,São Paulo,3550308,Sistema individual,PEV fixo,Ativo,20/07/2022
3305307-015,2022,RJ,Sao Sebastiao do Alto,3305307,ABREE,PEV fixo,Ativo,24/01/2022
1100205-007,2022,RO,Porto Velho,1100205,ABREE,PEV fixo,Ativo,16/12/2022
4107124-000,2022,PR,Diamante do Sul,4107124,Green Eletron,Ponto de consolidação,Inativo,10/01/2020
2611606-015,2022,PE,Recife,2611606,ABREE,PEV fixo,Ativo,07/03/2020
3541109-001,2022,SP,PRESIDENTE ALVES,3541109,ABREE,Ponto de consolidação,Ativo,17/05/2022
2609907-000,2022,PE,Ouricuri,2609907,ABREE,PEV fixo,Ativo,24/05/2019
3165578-000,2022,MG,SENADOR AMARAL,3165578,Green Eletron,PEV fixo,Ativo,14/10/2021
1706100-000,2022,TO,Cristalandia,1706100,Green Eletron,PEV fixo,Ativo,20/06/2022
2613503-000,2022,PE,São José do Belmonte,2613503,Green Eletron,Campanha itinerante,Ativo,16/09/2020
5003488-000,2022,MS,Dois Irmãos do Buriti,5003488,Green Eletron,PEV fixo,Ativo,22/02/2021
3304557-156,2022,RJ,Rio de Janeiro,3304557,Sistema individual,PEV fixo,Ativo,17/12/2022
3513009-000,2022,SP,Cotia,3513009,Sistema individual,PEV fixo,Ativo,16/04/2019
2611606-026,2022,PE,RECIFE,2611606,ABREE,Campanha itinerante,Ativo,05/10/2020
3549904-004,2022,SP,  São José dos Campos ,3549904,Green Eletron,Ponto de consolidação,Ativo,25/01/2021
3550308-308,2022,SP,SÃO PAULO,3550308,Green Eletron,PEV fixo,Ativo,02/04/2022
3301876-007,2022,RJ,Iguaba Grande,3301876,ABREE,PEV fixo,Ativo,08/03/2022
5106653-000,2022,MT,Pontal do Araguaia,5106653,ABREE,PEV fixo,Ativo,22/05/2022
3542602-005,2022,SP,Registro,3542602,Sistema individual,PEV fixo,Ativo,01/02/2021
3303104-000,2022,RJ,Natividade,3303104,Green Eletron,PEV fixo,Ativo,10/02/2021
4205407-052,2022,SC,Florianópolis,4205407,Green Eletron,PEV fixo,Ativo,02/04/2021
3120151-000,2022,MG,CRISÓLITA,3120151,ABREE,Campanha itinerante,Ativo,25/10/2019
2111300-089,2022,MA,São Luís,2111300,Green Eletron,PEV fixo,Ativo,23/05/2022
2403202-000,2022,RN,Doutor Severiano,2403202,Green Eletron,Ponto de consolidação,Ativo,21/11/2022
3545100-000,2022,SP,Salmourao,3545100,Sistema individual,PEV fixo,Ativo,21/11/2022
3165560-000,2022,MG,Sem-Peixe,3165560,ABREE,PEV fixo,Ativo,27/09/2020
3169059-000,2022,MG,TOCOS DO MOJI,3169059,ABREE,Ponto de consolidação,Ativo,25/04/2021
3550308-008,2022,SP,  São Paulo ,3550308,Sistema individual,PEV fixo,Ativo,27/11/2019
2200103-000,2022,PI,Agricolândia,2200103,ABREE,Ponto de consolidação,Ativo,18/10/2022
3141702-000,2022,MG,Mesquita,3141702,ABREE,PEV fixo,Ativo,13/12/2021
3106200-101,2022,MG,BELO HORIZONTE,3106200,Green Eletron,PEV fixo,Ativo,28/08/2021
2110278-000,2022,MA,Santo Amaro do Maranhão,2110278,Green Eletron,Campanha itinerante,Ativo,23/05/2020
2908507-000,2022,BA,CONCEIÇÃO DO JACUÍPE,2908507,ABREE,Ponto de consolidação,Ativo,13/05/2022
3121803-000,2022,MG,Dionisio,3121803,ABREE,PEV fixo,Ativo,27/07/2019
2800308-011,2022,SE,ARACAJU,2800308,ABREE,PEV fixo,Ativo,22/11/2020
3104304-000,2022,MG,Areado,3104304,Green Eletron,PEV fixo,Ativo,24/04/2022
3538808-000,2022,SP,PIRAJU,3538808,ABREE,PEV fixo,Ativo,16/09/2019
2304400-040,2022,CE,FORTALEZA,2304400,Green Eletron,PEV fixo,Ativo,05/02/2020
2615706-000,2022,PE,Triunfo,2615706,ABREE,PEV fixo,Ativo,21/10/2022
2111300-075,2022,MA,São Luís,2111300,ABREE,PEV fixo,Ativo,08/10/2022
3106200-127,2022,MG,Belo Horizonte,3106200,ABREE,PEV fixo,Ativo,25/06/2021
3550308-191,2022,SP,SÃO PAULO,3550308,ABREE,PEV fixo,Ativo,09/02/2021
2902401-000,2022,BA,AURELINO LEAL,2902401,ABREE,PEV fixo,Ativo,28/09/2020
3170305-000,2022,MG,UMBURATIBA,3170305,Green Eletron,PEV fixo,Ativo,20/08/2019
3520442-001,2022,SP,Ilha Solteira,3520442,ABREE,Campanha itinerante,Ativo,22/06/2022
3550308-070,2022,SP,São Paulo,3550308,ABREE,PEV fixo,Ativo,09/08/2019
2513208-000,2022,PB,  Santa Cruz ,2513208,Green Eletron,PEV fixo,Ativo,11/04/2022
3304557-123,2022,RJ,Rio de Janeiro,3304557,ABREE,PEV fixo,Ativo,28/01/2022
3528007-001,2022,SP,Macatuba,3528007,ABREE,PEV fixo,Ativo,26/08/2022
4220000-002,2022,SC,Balneario Rincao,4220000,ABREE,PEV fixo,Ativo,07/12/2022
4303301-000,2022,RS,Caibaté,4303301,Green Eletron,PEV fixo,Ativo,01/02/2022
3550308-106,2022,SP,São Paulo,3550308,ABREE,PEV fixo,Ativo,13/05/2019
4104253-000,2022,PR,  Campo Magro ,4104253,Green Eletron,PEV fixo,Ativo,18/06/2019
2927408-086,2022,BA,Salvador,2927408,ABREE,PEV fixo,Ativo,18/04/2021
2410405-000,2022,RN,Pureza,2410405,Sistema individual,PEV fixo,Ativo,14/11/2020
3514924-000,2022,SP,Elisiário,3514924,ABREE,PEV fixo,Ativo,22/03/2020
3545506-000,2022,SP,Sandovalina,3545506,Green Eletron,Campanha itinerante,Ativo,13/05/2019
4203402-000,2022,SC,Campo Belo do Sul,4203402,Green Eletron,PEV fixo,Ativo,06/05/2022
2103257-000,2022,MA,Cidelândia,2103257,ABREE,PEV fixo,Ativo,08/12/2022
4219101-001,2022,SC,Vargeão,4219101,Green Eletron,Campanha itinerante,Ativo,24/03/2022
1716604-000,2022,TO,Peixe,1716604,ABREE,Ponto de consolidação,Ativo,16/10/2022
3550308-086,2022,SP,Sao Paulo,3550308,ABREE,PEV fixo,Ativo,24/06/2019
3106200-219,2022,MG,Belo Horizonte,3106200,Green Eletron,PEV fixo,Ativo,12/10/2022
3514106-000,2022,SP,Dois Córregos,3514106,ABREE,PEV fixo,Ativo,18/03/2021
3522703-001,2022,SP,Itapolis,3522703,Green Eletron,PEV fixo,Ativo,07/02/2020
2101939-003,2022,MA,Bernardo do Mearim,2101939,Green Eletron,PEV fixo,Ativo,20/06/2021
2304400-039,2022,CE,Fortaleza,2304400,ABREE,PEV fixo,Ativo,28/04/2020
2605152-001,2022,PE,  Dormentes ,2605152,Green Eletron,PEV fixo,Ativo,21/06/2021
4205407-066,2022,SC,Florianópolis,4205407,Green Eletron,PEV fixo,Ativo,11/11/2022
2611606-010,2022,PE,Recife,2611606,ABREE,PEV fixo,Ativo,03/10/2020
3304557-140,2022,RJ,RIO DE JANEIRO,3304557,Green Eletron,PEV fixo,Ativo,20/12/2022
4321352-000,2022,RS,Tavares,4321352,ABREE,PEV fixo,Ativo,06/07/2020
1501204-007,2022,PA,Baião,1501204,ABREE,PEV fixo,Ativo,17/10/2021
2602902-006,2022,PE,CABO DE SANTO AGOSTINHO,2602902,Green Eletron,PEV fixo,Ativo,13/10/2021
5300108-075,2022,DF,BRASÍLIA,5300108,Green Eletron,PEV fixo,Ativo,16/12/2022
3532900-016,2022,SP,Nova Europa,3532900,Green Eletron,PEV fixo,Ativo,27/07/2021
2407302-000,2022,RN,MARCELINO VIEIRA,2407302,ABREE,PEV fixo,Ativo,24/07/2019
3500600-002,2022,SP,ÁGUAS DE SÃO PEDRO,3500600,ABREE,PEV fixo,Ativo,20/11/2022
4106902-007,2022,PR,CURITIBA,4106902,ABREE,PEV fixo,Ativo,28/01/2020
3550308-032,2022,SP,São Paulo,3550308,ABREE,PEV fixo,Ativo,05/03/2019
3135050-000,2022,MG,Jaíba,3135050,Green Eletron,PEV fixo,Ativo,21/12/2022
1505601-002,2022,PA,Peixe-Boi,1505601,Green Eletron,PEV fixo,Ativo,27/01/2022
3557006-000,2022,SP,VOTORANTIM,3557006,Green Eletron,PEV fixo,Ativo,02/03/2020
3106200-167,2022,MG,Belo Horizonte,3106200,Green Eletron,PEV fixo,Ativo,11/02/2022
5002704-010,2022,MS,CAMPO GRANDE,5002704,Green Eletron,Ponto de consolidação,Ativo,02/07/2022
3110202-000,2022,MG,Cajuri,3110202,Green Eletron,PEV fixo,Ativo,06/05/2020
2408102-014,2022,RN,NATAL,2408102,ABREE,PEV fixo,Ativo,01/12/2022
2610608-000,2022,PE,PAUDALHO,2610608,Green Eletron,PEV fixo,Ativo,22/05/2021
2922656-004,2022,BA,Nordestina,2922656,ABREE,PEV fixo,Ativo,01/10/2021
4106902-060,2022,PR,Curitiba,4106902,Green Eletron,PEV fixo,Ativo,20/09/2022
3550308-018,2022,SP,São Paulo,3550308,ABREE,PEV fixo,Ativo,22/11/2019
2611606-040,2022,PE,RECIFE,2611606,Green Eletron,Campanha itinerante,Ativo,05/04/2021
2601102-000,2022,PE,Araripina,2601102,ABREE,PEV fixo,Ativo,03/11/2021
3164001-000,2022,MG,  São Pedro dos Ferros ,3164001,ABREE,Ponto de consolidação,Ativo,07/07/2022
2614006-000,2022,PE,SERRITA,2614006,Green Eletron,PEV fixo,Ativo,10/11/2022
3121308-000,2022,MG,Descoberto,3121308,Sistema individual,PEV fixo,Ativo,27/05/2020
4311791-000,2022,RS,MARATÁ,4311791,ABREE,PEV fixo,Ativo,28/11/2020
5107040-000,2022,MT,PRIMAVERA DO LESTE,5107040,ABREE,PEV fixo,Ativo,05/08/2020
4205407-000,2022,SC,Florianópolis,4205407,ABREE,PEV fixo,Ativo,09/08/2019
2611606-029,2022,PE,Recife,2611606,ABREE,PEV fixo,Ativo,04/05/2020
3106200-194,2022,MG,Belo Horizonte,3106200,Green Eletron,PEV fixo,Ativo,20/05/2022
2511103-000,2022,PB,Pedra Lavrada,2511103,Green Eletron,PEV fixo,Ativo,06/05/2019
3300308-004,2022,RJ,Barra do Piraí,3300308,ABREE,PEV fixo,Ativo,19/06/2020
3531308-002,2022,SP,Monte Alto,3531308,Green Eletron,Campanha itinerante,Ativo,01/06/2022
3550605-000,2022,SP,São Roque,3550605,Green Eletron,Campanha itinerante,Ativo,01/05/2021
2920809-000,2022,BA,Marcionílio Souza,2920809,Sistema individual,PEV fixo,Ativo,05/06/2019
4316907-000,2022,RS,SANTA MARIA,4316907,Green Eletron,Ponto de consolidação,Ativo,20/02/2020
3550308-298,2022,SP,Sao Paulo,3550308,Green Eletron,PEV fixo,Ativo,02/02/2022
3301207-001,2022,RJ,Carmo,3301207,ABREE,PEV fixo,Ativo,20/07/2021
3106200-029,2022,MG,Belo Horizonte,3106200,Green Eletron,PEV fixo,Ativo,23/12/2020
3301108-006,2022,RJ,Cantagalo,3301108,ABREE,PEV fixo,Ativo,23/03/2020
3550308-145,2022,SP,São Paulo,3550308,ABREE,PEV fixo,Ativo,26/01/2020
1302405-000,2022,AM,Lábrea,1302405,ABREE,Campanha itinerante,Ativo,04/09/2020
4314902-090,2022,RS,PORTO ALEGRE,4314902,Green Eletron,PEV fixo,Ativo,26/06/2022
3106200-050,2022,MG,Belo Horizonte,,ABREE,PEV fixo,Ativo,09/11/2020
2927408-068,2022,BA,Salvador,2927408,Green Eletron,PEV fixo,Ativo,14/09/2020
2927408-089,2022,BA,SALVADOR,2927408,Green Eletron,PEV fixo,Ativo,13/05/2021
4103008-000,2022,PR,Boa Esperança,4103008,ABREE,PEV fixo,Ativo,20/08/2019
4304804-000,2022,RS,CARLOS BARBOSA,4304804,ABREE,PEV fixo,Ativo,07/10/2022
2111300-091,2022,MA,Sao Luis,2111300,Sistema individual,PEV fixo,Ativo,24/10/2022
3557006-002,2022,SP,Votorantim,3557006,ABREE,PEV fixo,Ativo,27/11/2020
1702406-000,2022,TO,ARRAIAS,1702406,Green Eletron,PEV fixo,Ativo,22/12/2022
3509304-000,2022,SP,CAJOBI,3509304,ABREE,PEV fixo,Ativo,12/09/2019
3550308-233,2022,SP,Sao Paulo,3550308,Green Eletron,PEV fixo,Ativo,02/01/2021
3304557-073,2022,RJ,RIO DE JANEIRO,3304557,ABREE,PEV fixo,Ativo,25/10/2021
2807105-001,2022,SE,Simão Dias,2807105,ABREE,PEV fixo,Ativo,13/12/2022
4314902-056,2022,RS,Porto Alegre,4314902,ABREE,Ponto de consolidação,Ativo,17/02/2021
3550308-041,2022,SP,São Paulo,3550308,Green Eletron,PEV fixo,Ativo,22/09/2019
2304400-070,2022,CE,  Fortaleza ,2304400,Green Eletron,Ponto de consolidação,Ativo,21/05/2021
2600708-001,2022,PE,Aliança,2600708,Green Eletron,Ponto de consolidação,Ativo,19/12/2021
2112001-000,2022,MA,TASSO FRAGOSO,2112001,ABREE,PEV fixo,Ativo,16/02/2022
5106281-000,2022,MT,  Novo São Joaquim ,5106281,ABREE,PEV fixo,Ativo,23/08/2022
3106200-132,2022,MG,  Belo Horizonte ,3106200,Green Eletron,PEV fixo,Ativo,15/02/2021
2304400-056,2022,CE,Fortaleza,2304400,Green Eletron,PEV fixo,Ativo,16/08/2021
4215802-000,2022,SC,SÃO BENTO DO SUL,4215802,Green Eletron,Campanha itinerante,Ativo,25/08/2022
3550308-315,2022,SP,São Paulo,3550308,Green Eletron,PEV fixo,Ativo,11/01/2022
3532306-004,2022,SP,Natividade da Serra,3532306,ABREE,PEV fixo,Ativo,01/12/2021
2927408-046,2022,BA,Salvador,2927408,ABREE,PEV fixo,Ativo,16/10/2020
3304557-007,2022,RJ,Rio de Janeiro,3304557,ABREE,PEV fixo,Ativo,03/02/2020
2304400-028,2022,CE,Fortaleza,2304400,Green Eletron,PEV fixo,Ativo,09/04/2019
1721000-008,2022,TO,Palmas,1721000,ABREE,Campanha itinerante,Ativo,06/05/2021
4216909-000,2022,SC,São Lourenço do Oeste,4216909,Green Eletron,Campanha itinerante,Ativo,25/06/2022
3300225-000,2022,RJ,AREAL,3300225,ABREE,PEV fixo,Ativo,05/01/2022
2605806-004,2022,PE,Frei Miguelinho,2605806,Green Eletron,PEV fixo,Ativo,05/05/2021
3532009-014,2022,SP,Morungaba,3532009,ABREE,PEV fixo,Ativo,10/06/2022
3304557-155,2022,RJ,Rio de Janeiro,3304557,ABREE,PEV fixo,Ativo,14/07/2022
2113009-000,2022,MA,Vitorino Freire,2113009,Green Eletron,Ponto de consolidação,Ativo,09/10/2020
5103437-000,2022,MT,CURVELÂNDIA,5103437,Green Eletron,PEV fixo,Ativo,20/12/2021
3304557-146,2022,RJ,Rio de Janeiro,3304557,ABREE,PEV fixo,Ativo,27/12/2022
2927408-004,2022,BA,Salvador,2927408,ABREE,PEV fixo,Ativo,22/02/2019
2304251-006,2022,CE,Cruz,2304251,ABREE,PEV fixo,Ativo,04/02/2021
2410256-000,2022,RN,  Porto do Mangue ,2410256,ABREE,PEV fixo,Ativo,27/11/2020
5300108-069,2022,DF,Brasília,5300108,ABREE,PEV fixo,Ativo,23/08/2021
4107850-000,2022,PR,  Flor da Serra do Sul ,4107850,ABREE,PEV fixo,Ativo,26/02/2019
5107107-000,2022,MT,Sao Jose dos Quatro Marcos,5107107,Sistema individual,PEV fixo,Ativo,28/01/2020
2927408-025,2022,BA,SALVADOR,2927408,ABREE,PEV fixo,Ativo,12/10/2019
1101807-000,2022,RO,  Vale do Paraíso ,1101807,Green Eletron,PEV fixo,Ativo,24/07/2019
4120507-000,2022,PR,Primeiro de Maio,4120507,Green Eletron,Campanha itinerante,Ativo,19/12/2021
3106200-197,2022,MG,Belo Horizonte,3106200,Green Eletron,Campanha itinerante,Ativo,09/02/2022
3549508-007,2022,SP,  São José da Bela Vista ,3549508,ABREE,PEV fixo,Ativo,17/08/2022
3301108-010,2022,RJ,Cantagalo,3301108,Green Eletron,PEV fixo,Ativo,09/12/2021
3544251-001,2022,SP,Rosana,3544251,Sistema individual,PEV fixo,Ativo,25/04/2022
1100080-000,2022,RO,Costa Marques,1100080,Green Eletron,PEV fixo,Ativo,22/02/2022
3302700-002,2022,RJ,Maricá,3302700,ABREE,PEV fixo,Ativo,25/07/2019
5105903-000,2022,MT,Nobres,5105903,ABREE,PEV fixo,Ativo,09/08/2021
2927408-048,2022,BA,Salvador,2927408,Green Eletron,PEV fixo,Ativo,19/03/2020
2408102-006,2022,RN,Natal,2408102,Green Eletron,PEV fixo,Ativo,26/09/2020
2909406-000,2022,BA,Cotegipe,2909406,ABREE,Campanha itinerante,Ativo,28/12/2021
2304400-063,2022,CE,FORTALEZA,,ABREE,PEV fixo,Ativo,27/05/2021
4205407-078,2022,SC,Florianópolis,4205407,ABREE,PEV fixo,Ativo,15/08/2022
3549508-009,2022,SP,São José da Bela Vista,3549508,Green Eletron,PEV fixo,Ativo,08/12/2022
3304557-041,2022,RJ,RIO DE JANEIRO,3304557,ABREE,PEV fixo,Ativo,25/04/2020
3134905-000,2022,MG,Jacutinga,3134905,Sistema individual,PEV fixo,Ativo,28/05/2019
4218707-000,2022,SC,  Tubarão ,4218707,Green Eletron,Campanha itinerante,Ativo,14/08/2020
2800308-021,2022,SE,ARACAJU,2800308,ABREE,PEV fixo,Ativo,22/05/2022
4120606-000,2022,PR,PRUDENTÓPOLIS,4120606,ABREE,PEV fixo,Ativo,04/08/2022
5102678-000,2022,MT,Campo Verde,5102678,Green Eletron,Campanha itinerante,Ativo,07/06/2019
5205109-000,2022,GO,Catalão,5205109,ABREE,Ponto de consolidação,Ativo,23/02/2021
2927408-028,2022,BA,Salvador,2927408,Green Eletron,Ponto de consolidação,Ativo,22/02/2019
1100205-009,2022,RO,PORTO VELHO,1100205,ABREE,PEV fixo,Ativo,14/03/2022
2704302-005,2022,AL,Maceio,2704302,Green Eletron,PEV fixo,Ativo,10/02/2021
2924306-000,2022,BA,PIATÃ,2924306,Green Eletron,PEV fixo,Ativo,15/06/2019
2806305-000,2022,SE,Santa Luzia do Itanhy,2806305,Green Eletron,PEV fixo,Ativo,03/01/2020
3550308-238,2022,SP,Sao Paulo,3550308,ABREE,PEV fixo,Ativo,11/08/2021
1200013-000,2022,AC,ACRELÂNDIA,1200013,ABREE,PEV fixo,Ativo,21/03/2021
2309904-005,2022,CE,Pacujá,2309904,ABREE,Ponto de consolidação,Ativo,02/12/2022
4106902-018,2022,PR,  Curitiba ,4106902,ABREE,Ponto de consolidação,Ativo,07/08/2020
1720200-000,2022,TO,São Miguel do Tocantins,1720200,Green Eletron,PEV fixo,Ativo,08/11/2020
3550308-176,2022,SP,São Paulo,3550308,ABREE,PEV fixo,Ativo,27/10/2020
4314902-011,2022,RS,PORTO ALEGRE,4314902,ABREE,PEV fixo,Inativo,22/11/2020
2610301-004,2022,PE,Paranatama,2610301,ABREE,PEV fixo,Ativo,26/04/2022
3203130-000,2022,ES,João Neiva,3203130,ABREE,PEV fixo,Ativo,16/09/2021
3501103-002,2022,SP,Alto Alegre,3501103,Green Eletron,Campanha itinerante,Ativo,18/08/2021
5103403-005,2022,MT,  Cuiabá ,5103403,Green Eletron,Ponto de consolidação,Ativo,17/12/2020
3304557-111,2022,RJ,RIO DE JANEIRO,3304557,ABREE,PEV fixo,Ativo,05/07/2021
1703701-000,2022,TO,Brejinho de Nazaré,1703701,Green Eletron,PEV fixo,Ativo,07/08/2020
2413706-000,2022,RN,Sítio Novo,2413706,Green Eletron,Campanha itinerante,Ativo,25/09/2020
5300108-033,2022,DF,Brasilia,5300108,Green Eletron,PEV fixo,Ativo,24/03/2020
5006309-000,2022,MS,Paranaíba,5006309,ABREE,PEV fixo,Ativo,26/02/2021
3304151-003,2022,RJ,Quissama,3304151,Green Eletron,Campanha itinerante,Ativo,03/10/2022
3506904-001,2022,SP,BOFETE,3506904,ABREE,PEV fixo,Ativo,28/10/2021
3516606-000,2022,SP,Gália,3516606,ABREE,PEV fixo,Ativo,03/05/2021
4205407-047,2022,SC,Florianópolis,4205407,ABREE,Ponto de consolidação,Ativo,26/05/2021
3553807-000,2022,SP,TAQUARITUBA,3553807,ABREE,PEV fixo,Inativo,02/03/2022
2610301-003,2022,PE,Paranatama,2610301,ABREE,PEV fixo,Ativo,08/03/2021
3304508-001,2022,RJ,RIO DAS FLORES,3304508,Green Eletron,PEV fixo,Ativo,23/01/2020
3550308-151,2022,SP,São Paulo,3550308,Green Eletron,Campanha itinerante,Ativo,01/10/2020
2704807-000,2022,AL,MARIBONDO,2704807,Green Eletron,PEV fixo,Ativo,14/06/2019
2211001-016,2022,PI,TERESINA,2211001,ABREE,PEV fixo,Ativo,01/02/2021
3304557-031,2022,RJ,RIO DE JANEIRO,3304557,ABREE,PEV fixo,Ativo,19/06/2020
3143906-000,2022,MG,MURIAÉ,3143906,Green Eletron,PEV fixo,Ativo,21/05/2019
3550308-291,2022,SP,São Paulo,3550308,ABREE,Campanha itinerante,Ativo,28/08/2022
3550308-259,2022,SP,São Paulo,3550308,ABREE,PEV fixo,Ativo,23/11/2022
3164407-000,2022,MG,Sao Sebastiao da Bela Vista,3164407,Green Eletron,PEV fixo,Ativo,13/02/2022
3304557-157,2022,RJ,Rio de Janeiro,3304557,Green Eletron,PEV fixo,Ativo,23/11/2022
3106200-051,2022,MG,Belo Horizonte,3106200,ABREE,PEV fixo,Ativo,09/01/2020
3304557-020,2022,RJ,Rio de Janeiro,3304557,Green Eletron,PEV fixo,Ativo,09/05/2020
3202900-000,2022,ES,  Itarana ,3202900,Green Eletron,PEV fixo,Ativo,19/09/2019
2111300-027,2022,MA,São Luís,,Green Eletron,PEV fixo,Ativo,13/10/2019
2304400-023,2022,CE,Fortaleza,2304400,ABREE,PEV fixo,Ativo,28/08/2019
3544251-000,2022,SP,Rosana,3544251,Green Eletron,PEV fixo,Ativo,26/11/2021
1600808-000,2022,AP,VITÓRIA DO JARI,1600808,Green Eletron,PEV fixo,Ativo,15/03/2021
3302700-013,2022,RJ,MARICÁ,3302700,Green Eletron,PEV fixo,Ativo,10/04/2022
3525201-000,2022,SP,Jarinu,3525201,ABREE,PEV fixo,Ativo,13/08/2020
2905008-000,2022,BA,Caculé,2905008,Green Eletron,PEV fixo,Ativo,12/09/2021
2927408-085,2022,BA,  Salvador ,2927408,ABREE,PEV fixo,Ativo,05/01/2021
2607802-000,2022,PE,Itaquitinga,2607802,ABREE,PEV fixo,Ativo,26/08/2022
1301951-004,2022,AM,Itamarati,1301951,Green Eletron,PEV fixo,Ativo,14/10/2022
3513009-008,2022,SP,COTIA,3513009,ABREE,PEV fixo,Ativo,27/11/2022
3114600-000,2022,MG,Carrancas,3114600,ABREE,PEV fixo,Ativo,20/09/2020
5006275-000,2022,MS,Paraiso das Aguas,5006275,Green Eletron,PEV fixo,Ativo,14/07/2019
3106200-097,2022,MG,BELO HORIZONTE,3106200,ABREE,PEV fixo,Ativo,16/12/2021
1701002-000,2022,TO,  Ananás ,1701002,Green Eletron,PEV fixo,Ativo,25/10/2022
5300108-079,2022,DF,  Brasília ,5300108,Green Eletron,PEV fixo,Ativo,11/04/2022
3530102-005,2022,SP,Mirandópolis,3530102,ABREE,Campanha itinerante,Ativo,26/05/2022
2202778-000,2022,PI,  Colônia do Piauí ,2202778,Green Eletron,PEV fixo,Ativo,11/07/2019
3535804-000,2022,SP,Paranapanema,3535804,ABREE,PEV fixo,Ativo,13/12/2020
5205208-000,2022,GO,Caturaí,5205208,ABREE,Ponto de consolidação,Ativo,04/08/2020
2910107-000,2022,BA,DOM BASÍLIO,2910107,ABREE,PEV fixo,Ativo,23/12/2019
4314902-116,2022,RS,Porto Alegre,4314902,Green Eletron,PEV fixo,Ativo,05/03/2022
2307908-000,2022,CE,MARTINÓPOLE,2307908,ABREE,PEV fixo,Ativo,03/07/2019
4205407-016,2022,SC,Florianópolis,4205407,ABREE,PEV fixo,Ativo,16/06/2019
3300936-000,2022,RJ,CARAPEBUS,3300936,Green Eletron,PEV fixo,Inativo,14/04/2022
5208707-018,2022,GO,Goiânia,5208707,ABREE,PEV fixo,Ativo,09/02/2022
3302908-003,2022,RJ,MIGUEL PEREIRA,3302908,ABREE,PEV fixo,Ativo,23/11/2021
4123956-000,2022,PR,SANTA MÔNICA,4123956,ABREE,PEV fixo,Ativo,28/05/2019
1301506-000,2022,AM,Envira,1301506,Green Eletron,PEV fixo,Ativo,23/07/2022
4205407-071,2022,SC,Florianópolis,4205407,ABREE,PEV fixo,Ativo,10/12/2022
3557006-001,2022,SP,Votorantim,3557006,ABREE,PEV fixo,Ativo,21/05/2020
3141900-000,2022,MG,Minduri,3141900,ABREE,PEV fixo,Ativo,11/03/2019
4319901-000,2022,RS,Sapiranga,4319901,Sistema individual,PEV fixo,Ativo,01/12/2019
2927408-053,2022,BA,Salvador,2927408,Green Eletron,Ponto de consolidação,Ativo,16/03/2020
4106902-049,2022,PR,CURITIBA,4106902,ABREE,PEV fixo,Ativo,03/03/2022
1716208-000,2022,TO,Parana,1716208,ABREE,PEV fixo,Ativo,15/09/2019
1506500-000,2022,PA,SANTA IZABEL DO PARÁ,1506500,ABREE,PEV fixo,Ativo,13/12/2019
3532900-014,2022,SP,Nova Europa,3532900,ABREE,PEV fixo,Ativo,11/11/2021
3545159-000,2022,SP,Saltinho,3545159,ABREE,PEV fixo,Ativo,26/09/2020
2409407-000,2022,RN,PAU DOS FERROS,2409407,Green Eletron,PEV fixo,Ativo,20/10/2022
3525607-002,2022,SP,JOÃO RAMALHO,3525607,Green Eletron,PEV fixo,Ativo,26/08/2020
2402105-001,2022,RN,Campo Redondo,2402105,Green Eletron,PEV fixo,Ativo,21/08/2022
3550308-177,2022,SP,SÃO PAULO,3550308,Green Eletron,PEV fixo,Ativo,15/12/2020
4115457-004,2022,PR,MARQUINHO,4115457,ABREE,PEV fixo,Ativo,17/04/2021
2925303-000,2022,BA,Porto Seguro,2925303,Green Eletron,PEV fixo,Ativo,21/02/2019
2921708-002,2022,BA,MORRO DO CHAPÉU,2921708,Sistema individual,PEV fixo,Ativo,10/05/2022
3520301-000,2022,SP,Iguape,3520301,ABREE,PEV fixo,Ativo,14/07/2020
2927408-128,2022,BA,Salvador,2927408,ABREE,PEV fixo,Ativo,28/12/2022
4205407-039,2022,SC,Florianópolis,4205407,Green Eletron,PEV fixo,Ativo,08/06/2020
3161908-000,2022,MG,São Gonçalo do Rio Abaixo,3161908,Green Eletron,PEV fixo,Ativo,15/03/2019
2111300-068,2022,MA,São Luís,2111300,ABREE,PEV fixo,Ativo,18/12/2021
3555109-010,2022,SP,Tupi Paulista,3555109,ABREE,PEV fixo,Ativo,11/12/2022
4122503-000,2022,PR,Roncador,4122503,ABREE,PEV fixo,Ativo,04/02/2021
4322533-000,2022,RS,Vale do Sol,4322533,ABREE,PEV fixo,Ativo,25/07/2021
3532009-004,2022,SP,MORUNGABA,3532009,Green Eletron,PEV fixo,Ativo,02/11/2019
3503703-001,2022,SP,Ariranha,3503703,Green Eletron,PEV fixo,Inativo,21/10/2020
4205407-021,2022,SC,Florianópolis,4205407,ABREE,PEV fixo,Ativo,15/09/2019
3507506-000,2022,SP,Botucatu,3507506,Sistema individual,Campanha itinerante,Ativo,09/05/2020
3546009-001,2022,SP,SANTA BRANCA,3546009,ABREE,PEV fixo,Ativo,06/04/2019
3538808-013,2022,SP,Piraju,3538808,Green Eletron,Ponto de consolidação,Ativo,15/05/2020
4207304-000,2022,SC,IMBITUBA,4207304,Green Eletron,Ponto de consolidação,Ativo,05/03/2020
3106200-203,2022,MG,Belo Horizonte,3106200,ABREE,PEV fixo,Ativo,23/12/2022
3550308-156,2022,SP,  São Paulo ,3550308,Green Eletron,PEV fixo,Ativo,13/06/2020
2514206-000,2022,PB,São José da Lagoa Tapada,2514206,ABREE,PEV fixo,Ativo,13/03/2022
3524907-000,2022,SP,Jambeiro,3524907,Green Eletron,PEV fixo,Ativo,17/11/2020
4114203-000,2022,PR,Mandaguari,4114203,Green Eletron,PEV fixo,Ativo,19/06/2020
3506706-000,2022,SP,Boa Esperança do Sul,3506706,Green Eletron,PEV fixo,Ativo,07/03/2022
3106200-100,2022,MG,BELO HORIZONTE,3106200,ABREE,PEV fixo,Ativo,07/03/2021
2927408-047,2022,BA,Salvador,2927408,Green Eletron,PEV fixo,Ativo,22/02/2020
4205407-007,2022,SC,FLORIANÓPOLIS,4205407,ABREE,PEV fixo,Ativo,11/05/2019
1721000-002,2022,TO,Palmas,1721000,ABREE,PEV fixo,Ativo,21/01/2019
3539608-000,2022,SP,PLANALTO,3539608,Green Eletron,PEV fixo,Ativo,01/06/2022
1508209-009,2022,PA,Vigia,1508209,Green Eletron,Campanha itinerante,Ativo,10/04/2022
4310405-000,2022,RS,Independência,4310405,Green Eletron,PEV fixo,Ativo,16/09/2021
2615102-006,2022,PE,TEREZINHA,2615102,Sistema individual,PEV fixo,Ativo,07/11/2022
3148301-000,2022,MG,Paula Cândido,3148301,Green Eletron,PEV fixo,Ativo,24/10/2021
3539301-002,2022,SP,PIRASSUNUNGA,3539301,Green Eletron,PEV fixo,Ativo,19/05/2022
4314902-035,2022,RS,PORTO ALEGRE,4314902,ABREE,PEV fixo,Ativo,17/12/2020
3100906-000,2022,MG,ÁGUAS FORMOSAS,3100906,ABREE,PEV fixo,Ativo,16/08/2019
1717503-000,2022,TO,Pium,1717503,ABREE,PEV fixo,Ativo,20/08/2019
3132206-000,2022,MG,  Itaguara ,3132206,Green Eletron,PEV fixo,Ativo,27/02/2019
5104526-000,2022,MT,Ipiranga do Norte,5104526,ABREE,PEV fixo,Ativo,18/04/2020
3550308-180,2022,SP,Sao Paulo,3550308,ABREE,PEV fixo,Ativo,27/12/2021
3544202-000,2022,SP,Riolândia,3544202,ABREE,Ponto de consolidação,Ativo,01/10/2022
3106200-096,2022,MG,BELO HORIZONTE,3106200,Green Eletron,PEV fixo,Ativo,16/03/2021
2204659-000,2022,PI,Ilha Grande,2204659,Green Eletron,PEV fixo,Ativo,25/07/2022
3106606-000,2022,MG,Bertópolis,3106606,ABREE,Ponto de consolidação,Ativo,13/07/2020
3536257-000,2022,SP,Parisi,3536257,Green Eletron,PEV fixo,Ativo,24/12/2019
3302502-002,2022,RJ,Magé,3302502,ABREE,PEV fixo,Ativo,27/03/2020
4106902-033,2022,PR,Curitiba,4106902,Green Eletron,PEV fixo,Ativo,10/04/2021
2927408-008,2022,BA,Salvador,2927408,Green Eletron,PEV fixo,Ativo,28/12/2019
3532306-001,2022,SP,Natividade da Serra,3532306,ABREE,PEV fixo,Ativo,15/11/2020
3512506-000,2022,SP,  Coroados ,3512506,ABREE,PEV fixo,Ativo,19/09/2021
2413557-000,2022,RN,SERRINHA DOS PINTOS,2413557,Green Eletron,PEV fixo,Ativo,19/08/2020
1506807-000,2022,PA,  Santarém ,1506807,ABREE,PEV fixo,Ativo,13/02/2020
1302553-000,2022,AM,Manaquiri,1302553,ABREE,PEV fixo,Ativo,08/04/2020
3106200-136,2022,MG,BELO HORIZONTE,3106200,Green Eletron,PEV fixo,Ativo,07/03/2021
2509503-000,2022,PB,Montadas,2509503,Sistema individual,PEV fixo,Ativo,14/12/2019
2804102-000,2022,SE,Moita Bonita,2804102,Green Eletron,Campanha itinerante,Ativo,13/06/2022
3557105-000,2022,SP,Votuporanga,3557105,ABREE,PEV fixo,Ativo,22/06/2020
5002951-000,2022,MS,Chapadão do Sul,5002951,ABREE,PEV fixo,Ativo,05/08/2019
1703107-000,2022,TO,  Barrolândia ,1703107,ABREE,Ponto de consolidação,Ativo,08/11/2021
3303302-001,2022,RJ,Niterói,3303302,Green Eletron,Ponto de consolidação,Ativo,06/12/2020
3302403-009,2022,RJ,MACAÉ,3302403,Green Eletron,PEV fixo,Ativo,02/05/2021
3503406-000,2022,SP,Arealva,3503406,ABREE,PEV fixo,Ativo,27/07/2022
4314902-034,2022,RS,Porto Alegre,4314902,ABREE,PEV fixo,Ativo,24/09/2020
3140001-000,2022,MG,Mariana,3140001,Green Eletron,PEV fixo,Ativo,23/04/2021
3543006-002,2022,SP,Ribeirao Branco,3543006,ABREE,PEV fixo,Inativo,07/01/2020
2300705-003,2022,CE,Alto Santo,2300705,Green Eletron,PEV fixo,Ativo,18/01/2020
4205407-024,2022,SC,FLORIANÓPOLIS,4205407,ABREE,PEV fixo,Ativo,25/08/2019
2927408-083,2022,BA,SALVADOR,2927408,ABREE,PEV fixo,Ativo,01/10/2021
5209606-000,2022,GO,Heitoraí,5209606,ABREE,PEV fixo,Ativo,11/08/2019
3519253-000,2022,SP,Iaras,3519253,ABREE,PEV fixo,Ativo,07/07/2022
4209151-000,2022,SC,José Boiteux,4209151,Green Eletron,PEV fixo,Ativo,06/01/2020
3528007-000,2022,SP,Macatuba,3528007,ABREE,PEV fixo,Ativo,19/03/2022
2410801-000,2022,RN,Riacho de Santana,2410801,ABREE,Ponto de consolidação,Ativo,27/07/2020
4318614-000,2022,RS,São José do Sul,4318614,Green Eletron,PEV fixo,Ativo,13/07/2019
3550308-108,2022,SP,São Paulo,3550308,Green Eletron,PEV fixo,Ativo,13/08/2020
3202405-000,2022,ES,Guarapari,3202405,Green Eletron,PEV fixo,Ativo,15/07/2020
3525201-000,2022,SP,Jarinu,3525201,ABREE,PEV fixo,Ativo,13/08/2020
4205407-056,2022,SC,FLORIANÓPOLIS,4205407,ABREE,PEV fixo,Ativo,14/04/2021
4302154-000,2022,RS,  Boa Vista das Missões ,4302154,ABREE,PEV fixo,Ativo,09/10/2019
2927408-110,2022,BA,Salvador,2927408,ABREE,Campanha itinerante,Ativo,24/08/2022
3550308-190,2022,SP,Sao Paulo,3550308,Green Eletron,PEV fixo,Ativo,08/05/2021
2931509-001,2022,BA,Teofilandia,2931509,Green Eletron,PEV fixo,Ativo,24/03/2022
2604502-000,2022,PE,Chã Grande,2604502,Green Eletron,PEV fixo,Ativo,18/06/2021
3303302-005,2022,RJ,Niterói,3303302,Green Eletron,PEV fixo,Ativo,04/08/2021
3106200-130,2022,MG,Belo Horizonte,3106200,ABREE,PEV fixo,Ativo,10/11/2021
4106902-012,2022,PR,Curitiba,4106902,Green Eletron,PEV fixo,Ativo,15/01/2020
3106200-099,2022,MG,BELO HORIZONTE,3106200,Sistema individual,PEV fixo,Ativo,23/02/2021
3124203-000,2022,MG,Espera Feliz,3124203,Green Eletron,PEV fixo,Ativo,21/11/2021
3550308-288,2022,SP,SÃO PAULO,3550308,Green Eletron,PEV fixo,Ativo,21/04/2022
3552809-000,2022,SP,Taboao da Serra,3552809,Green Eletron,PEV fixo,Ativo,25/05/2022
5107768-000,2022,MT,SANTA RITA DO TRIVELATO,5107768,Green Eletron,PEV fixo,Ativo,09/07/2019
3550308-036,2022,SP,São Paulo,3550308,Sistema individual,PEV fixo,Ativo,07/07/2019
3548005-000,2022,SP,Santo Antônio de Posse,3548005,ABREE,PEV fixo,Ativo,28/03/2021
1100304-000,2022,RO,Vilhena,1100304,Green Eletron,Campanha itinerante,Ativo,21/06/2019
3304557-028,2022,RJ,RIO DE JANEIRO,3304557,Green Eletron,PEV fixo,Ativo,10/06/2020
3106200-086,2022,MG,BELO HORIZONTE,3106200,ABREE,PEV fixo,Ativo,05/12/2020
4309159-000,2022,RS,Gramado Xavier,4309159,ABREE,Campanha itinerante,Ativo,26/05/2020
2927408-078,2022,BA,SALVADOR,2927408,ABREE,PEV fixo,Ativo,16/04/2021
4211405-000,2022,SC,Nova Erechim,4211405,Green Eletron,PEV fixo,Ativo,28/05/2022
4307807-000,2022,RS,ESTRELA,4307807,Green Eletron,Ponto de consolidação,Ativo,15/09/2021
2605459-000,2022,PE,Fernando de Noronha,2605459,ABREE,PEV fixo,Ativo,07/03/2020
3550308-189,2022,SP,SÃO PAULO,3550308,ABREE,PEV fixo,Ativo,11/05/2021
1504000-000,2022,PA,Limoeiro do Ajuru,1504000,ABREE,PEV fixo,Ativo,02/11/2022
3539509-000,2022,SP,PITANGUEIRAS,3539509,ABREE,PEV fixo,Ativo,20/05/2019
4104055-000,2022,PR,Campo Bonito,4104055,Sistema individual,Campanha itinerante,Ativo,27/12/2020
4319406-000,2022,RS,SÃO PEDRO DO SUL,4319406,ABREE,PEV fixo,Ativo,22/08/2019
3123528-001,2022,MG,  Durandé ,3123528,Green Eletron,PEV fixo,Ativo,19/05/2020
2615102-000,2022,PE,Terezinha,2615102,ABREE,PEV fixo,Inativo,04/12/2019
3502606-000,2022,SP,Aparecida d'Oeste,3502606,Green Eletron,PEV fixo,Ativo,07/09/2021
2202075-000,2022,PI,Cajazeiras do Piauí,2202075,ABREE,PEV fixo,Ativo,26/04/2022
2211001-011,2022,PI,TERESINA,2211001,ABREE,PEV fixo,Ativo,02/12/2020
4106308-000,2022,PR,Corbélia,4106308,ABREE,PEV fixo,Ativo,17/08/2019
3302403-012,2022,RJ,MACAÉ,3302403,Green Eletron,Ponto de consolidação,Ativo,25/09/2022
4219853-000,2022,SC,ZORTÉA,4219853,ABREE,Ponto de consolidação,Ativo,10/03/2021
1501402-013,2022,PA,Belém,1501402,Green Eletron,PEV fixo,Ativo,02/06/2021
4106902-066,2022,PR,Curitiba,4106902,ABREE,PEV fixo,Ativo,03/05/2022
3547908-003,2022,SP,Santo Antonio da Alegria,3547908,Green Eletron,PEV fixo,Ativo,18/02/2022
2927408-048,2022,BA,Salvador,2927408,Green Eletron,PEV fixo,Ativo,19/03/2020
3538808-001,2022,SP,PIRAJU,3538808,ABREE,PEV fixo,Ativo,16/05/2019
3301405-002,2022,RJ,CONCEIÇÃO DE MACABU,3301405,ABREE,PEV fixo,Ativo,09/01/2019
3106200-216,2022,MG,Belo Horizonte,3106200,ABREE,PEV fixo,Ativo,26/06/2022
3153608-000,2022,MG,Prudente de Morais,3153608,Sistema individual,PEV fixo,Ativo,28/12/2020
3302106-005,2022,RJ,ITAOCARA,3302106,ABREE,Campanha itinerante,Ativo,22/03/2022
3550308-183,2022,SP,SÃO PAULO,3550308,Sistema individual,PEV fixo,Ativo,15/04/2021
5000203-000,2022,MS,ÁGUA CLARA,5000203,Green Eletron,PEV fixo,Ativo,27/04/2020
4205407-034,2022,SC,FLORIANÓPOLIS,4205407,Sistema individual,Ponto de consolidação,Ativo,26/10/2020
3505203-007,2022,SP,  Bariri ,3505203,ABREE,PEV fixo,Ativo,07/05/2022
4320578-000,2022,RS,Sete de Setembro,4320578,ABREE,PEV fixo,Ativo,09/05/2020
3550308-255,2022,SP,São Paulo,3550308,ABREE,Campanha itinerante,Ativo,23/07/2022
4312625-000,2022,RS,  Muliterno ,4312625,ABREE,PEV fixo,Ativo,11/06/2022
3300605-000,2022,RJ,Bom Jesus do Itabapoana,3300605,Green Eletron,Campanha itinerante,Ativo,11/02/2021
2206951-000,2022,PI,NOVO SANTO ANTÔNIO,2206951,ABREE,Ponto de consolidação,Ativo,24/03/2021
3130408-001,2022,MG,IJACI,3130408,Green Eletron,PEV fixo,Ativo,01/12/2020
3543006-003,2022,SP,Ribeirão Branco,3543006,Green Eletron,PEV fixo,Ativo,18/03/2021
3126752-000,2022,MG,Franciscópolis,3126752,Green Eletron,PEV fixo,Ativo,13/07/2019
2927408-016,2022,BA,  Salvador ,,ABREE,PEV fixo,Ativo,16/09/2019
2305266-000,2022,CE,Ibaretama,2305266,ABREE,PEV fixo,Ativo,04/07/2021
3550308-060,2022,SP,SÃO PAULO,3550308,Green Eletron,PEV fixo,Ativo,16/12/2019
4120853-000,2022,PR,Quatro Pontes,4120853,Sistema individual,PEV fixo,Ativo,13/07/2022
2517100-000,2022,PB,Várzea,2517100,Green Eletron,Campanha itinerante,Ativo,22/07/2021
2927408-044,2022,BA,  Salvador ,2927408,ABREE,Ponto de consolidação,Ativo,14/12/2020
3304557-146,2022,RJ,Rio de Janeiro,3304557,ABREE,PEV fixo,Ativo,27/12/2022
4106902-019,2022,PR,Curitiba,4106902,Green Eletron,PEV fixo,Ativo,18/01/2020
3551504-000,2022,SP,Serrana,3551504,Green Eletron,PEV fixo,Ativo,16/06/2019
4106902-013,2022,PR,Curitiba,4106902,ABREE,PEV fixo,Ativo,14/02/2020
2304400-014,2022,CE,FORTALEZA,2304400,Green Eletron,PEV fixo,Ativo,09/01/2019
1721000-010,2022,TO,PALMAS,1721000,ABREE,PEV fixo,Ativo,04/08/2022
2111300-073,2022,MA,SÃO LUÍS,2111300,ABREE,PEV fixo,Ativo,26/10/2021
3531308-002,2022,SP,Monte Alto,3531308,Green Eletron,Campanha itinerante,Ativo,01/06/2022
3302858-001,2022,RJ,Mesquita,3302858,ABREE,PEV fixo,Ativo,15/04/2021
3201902-000,2022,ES,Domingos Martins,3201902,ABREE,PEV fixo,Ativo,25/02/2020
2102077-000,2022,MA,Bom Lugar,2102077,ABREE,PEV fixo,Ativo,25/10/2019
3304144-003,2022,RJ,Queimados,3304144,Green Eletron,PEV fixo,Ativo,10/02/2022
2927408-107,2022,BA,Salvador,2927408,Green Eletron,Campanha itinerante,Ativo,06/10/2022
3515509-000,2022,SP,Fernandopolis,3515509,Green Eletron,PEV fixo,Ativo,27/12/2019
4314902-091,2022,RS,  Porto Alegre ,4314902,ABREE,Campanha itinerante,Ativo,19/05/2022
4205407-018,2022,SC,Florianópolis,4205407,Green Eletron,PEV fixo,Ativo,12/01/2019
3550308-210,2022,SP,São Paulo,3550308,ABREE,Campanha itinerante,Ativo,17/09/2021
3106200-137,2022,MG,  Belo Horizonte ,3106200,Green Eletron,PEV fixo,Ativo,11/08/2021
3539509-001,2022,SP,PITANGUEIRAS,3539509,ABREE,PEV fixo,Ativo,03/11/2020
4314902-021,2022,RS,Porto Alegre,4314902,Green Eletron,PEV fixo,Ativo,21/10/2020
3126505-000,2022,MG,FRANCISCO BADARÓ,3126505,ABREE,Ponto de consolidação,Ativo,01/04/2020
3113800-000,2022,MG,Carmésia,3113800,Green Eletron,PEV fixo,Ativo,19/07/2019
2611606-023,2022,PE,Recife,2611606,ABREE,Ponto de consolidação,Ativo,03/11/2020
5300108-010,2022,DF,BRASÍLIA,5300108,ABREE,PEV fixo,Ativo,28/11/2019
3540200-000,2022,SP,PONTAL,3540200,Green Eletron,Campanha itinerante,Ativo,04/04/2021
4106902-006,2022,PR,CURITIBA,4106902,ABREE,Campanha itinerante,Ativo,07/06/2020
3550308-207,2022,SP,SÃO PAULO,3550308,ABREE,PEV fixo,Ativo,09/05/2021
3205309-003,2022,ES,Vitoria,3205309,Green Eletron,PEV fixo,Ativo,11/11/2020
3167608-000,2022,MG,Simonesia,3167608,Green Eletron,PEV fixo,Ativo,26/07/2021
4314902-112,2022,RS,  Porto Alegre ,4314902,Green Eletron,PEV fixo,Ativo,10/12/2022
2702504-000,2022,AL,Dois Riachos,2702504,ABREE,PEV fixo,Ativo,27/06/2022
5103957-000,2022,MT,Glória D'Oeste,5103957,ABREE,PEV fixo,Ativo,22/05/2022
3146008-000,2022,MG,Ouro Fino,3146008,ABREE,PEV fixo,Ativo,06/09/2019
3202652-000,2022,ES,IRUPI,3202652,Green Eletron,PEV fixo,Ativo,22/05/2022
2611606-020,2022,PE,  Recife ,2611606,ABREE,PEV fixo,Ativo,15/03/2020
3127339-002,2022,MG,GAMELEIRAS,3127339,Green Eletron,PEV fixo,Ativo,05/12/2022
3305752-003,2022,RJ,Tanguá,3305752,Sistema individual,PEV fixo,Ativo,09/09/2021
3126901-000,2022,MG,FREI INOCÊNCIO,,Green Eletron,PEV fixo,Ativo,03/09/2019
3506904-002,2022,SP,BOFETE,3506904,Green Eletron,PEV fixo,Ativo,09/07/2021
3205309-008,2022,ES,VITÓRIA,3205309,ABREE,PEV fixo,Ativo,15/10/2021
3106200-089,2022,MG,Belo Horizonte,3106200,Sistema individual,PEV fixo,Ativo,27/09/2020
3302700-005,2022,RJ,  Maricá ,3302700,Green Eletron,Campanha itinerante,Ativo,28/04/2019
5300108-066,2022,DF,  Brasília ,5300108,Sistema individual,PEV fixo,Ativo,18/12/2021
4301008-000,2022,RS,Arroio do Meio,4301008,Green Eletron,PEV fixo,Ativo,21/12/2019
3147006-000,2022,MG,Paracatu,3147006,Green Eletron,PEV fixo,Inativo,16/07/2022
1508126-000,2022,PA,ULIANÓPOLIS,1508126,Green Eletron,PEV fixo,Ativo,24/07/2019
2905206-000,2022,BA,Caetité,2905206,Sistema individual,PEV fixo,Ativo,16/04/2019
4205407-009,2022,SC,FLORIANÓPOLIS,4205407,ABREE,PEV fixo,Ativo,02/04/2019
2611705-000,2022,PE,Riacho das Almas,2611705,Green Eletron,PEV fixo,Ativo,09/01/2022
5108501-000,2022,MT,Vera,5108501,ABREE,PEV fixo,Ativo,19/11/2019
2302107-005,2022,CE,BATURITÉ,2302107,ABREE,PEV fixo,Ativo,16/07/2022
2101939-001,2022,MA,Bernardo do Mearim,2101939,Green Eletron,PEV fixo,Ativo,21/12/2019
2507507-014,2022,PB,João Pessoa,2507507,ABREE,PEV fixo,Ativo,18/03/2022
3501103-004,2022,SP,ALTO ALEGRE,3501103,Sistema individual,Ponto de consolidação,Ativo,22/01/2022
2501104-000,2022,PB,Areia,2501104,Green Eletron,PEV fixo,Ativo,26/07/2019
4120333-000,2022,PR,Prado Ferreira,4120333,ABREE,Campanha itinerante,Ativo,06/03/2019
1501204-006,2022,PA,Baiao,1501204,Green Eletron,PEV fixo,Ativo,17/12/2021
3550308-142,2022,SP,São Paulo,3550308,ABREE,PEV fixo,Ativo,08/10/2020
3200359-000,2022,ES,Alto Rio Novo,3200359,ABREE,PEV fixo,Ativo,12/05/2022
4119657-000,2022,PR,Pitangueiras,4119657,Green Eletron,Campanha itinerante,Ativo,19/04/2020
2112506-000,2022,MA,Tutoia,,ABREE,PEV fixo,Ativo,03/09/2022
3106200-073,2022,MG,Belo Horizonte,3106200,ABREE,PEV fixo,Ativo,22/07/2020
4205704-000,2022,SC,Garopaba,4205704,ABREE,Ponto de consolidação,Ativo,10/05/2019
4212106-000,2022,SC,PALMITOS,4212106,ABREE,PEV fixo,Ativo,22/09/2019
2922102-000,2022,BA,Mundo Novo,2922102,ABREE,PEV fixo,Ativo,21/02/2021
3532504-003,2022,SP,Neves Paulista,3532504,ABREE,PEV fixo,Ativo,27/08/2021
5106216-000,2022,MT,Nova Canaã do Norte,5106216,ABREE,PEV fixo,Ativo,01/11/2019
4205407-073,2022,SC,Florianópolis,4205407,ABREE,PEV fixo,Ativo,24/01/2022
3510708-002,2022,SP,Cardoso,3510708,ABREE,PEV fixo,Ativo,16/06/2022
4205407-057,2022,SC,  Florianópolis ,4205407,ABREE,Campanha itinerante,Ativo,27/06/2021
5211701-000,2022,GO,Jandaia,5211701,ABREE,Campanha itinerante,Ativo,01/01/2021
2304400-061,2022,CE,FORTALEZA,2304400,ABREE,PEV fixo,Ativo,27/11/2021
4314902-113,2022,RS,Porto Alegre,4314902,Green Eletron,PEV fixo,Ativo,20/08/2022
5210802-000,2022,GO,ITAJÁ,5210802,ABREE,PEV fixo,Ativo,23/05/2022
4321709-000,2022,RS,TRÊS COROAS,4321709,ABREE,PEV fixo,Ativo,12/08/2020
2927408-032,2022,BA,Salvador,2927408,Green Eletron,PEV fixo,Ativo,22/10/2019
2302800-000,2022,CE,Canindé,2302800,Sistema individual,PEV fixo,Ativo,12/09/2021
5106000-000,2022,MT,Nortelândia,5106000,Green Eletron,Ponto de consolidação,Ativo,11/05/2021
3150539-000,2022,MG,Pingo-d'Água,3150539,Green Eletron,Campanha itinerante,Ativo,23/01/2019
3304557-061,2022,RJ,Rio de Janeiro,3304557,Sistema individual,PEV fixo,Ativo,20/09/2020
2207207-000,2022,PI,Padre Marcos,2207207,Green Eletron,Ponto de consolidação,Ativo,18/09/2022
5208707-012,2022,GO,Goiânia,5208707,ABREE,PEV fixo,Ativo,23/09/2021
3551405-000,2022,SP,SERRA AZUL,3551405,Green Eletron,PEV fixo,Ativo,13/04/2022
3162906-000,2022,MG,São João Nepomuceno,3162906,Sistema individual,PEV fixo,Ativo,14/09/2020
3543006-004,2022,SP,RIBEIRÃO BRANCO,3543006,Green Eletron,Campanha itinerante,Ativo,21/04/2021
4218004-000,2022,SC,Tijucas,4218004,ABREE,PEV fixo,Ativo,05/12/2021
2800308-005,2022,SE,Aracaju,2800308,Green Eletron,PEV fixo,Ativo,07/09/2019
3203304-000,2022,ES,  Mantenópolis ,3203304,ABREE,Campanha itinerante,Ativo,14/10/2022
3106200-145,2022,MG,Belo Horizonte,3106200,ABREE,PEV fixo,Ativo,13/12/2021
3302502-003,2022,RJ,MAGÉ,3302502,ABREE,PEV fixo,Ativo,15/09/2021
3106200-140,2022,MG,Belo Horizonte,3106200,Sistema individual,PEV fixo,Ativo,13/02/2021
3164100-000,2022,MG,Sao Pedro do Suacui,3164100,ABREE,PEV fixo,Ativo,18/04/2020
1303205-000,2022,AM,Novo Airao,1303205,ABREE,PEV fixo,Ativo,07/02/2020
3109253-000,2022,MG,Bugre,3109253,Green Eletron,PEV fixo,Ativo,20/02/2020
1502103-000,2022,PA,Cametá,1502103,Green Eletron,Ponto de consolidação,Ativo,12/02/2021
3554102-000,2022,SP,Taubaté,3554102,ABREE,Ponto de consolidação,Ativo,08/04/2019
5007307-000,2022,MS,RIO NEGRO,5007307,Sistema individual,PEV fixo,Ativo,19/12/2022
3533007-000,2022,SP,NOVA GRANADA,3533007,ABREE,PEV fixo,Ativo,26/11/2019
5102603-000,2022,MT,CAMPINÁPOLIS,5102603,ABREE,PEV fixo,Ativo,06/09/2020
1200203-000,2022,AC,  Cruzeiro do Sul ,1200203,ABREE,PEV fixo,Ativo,19/05/2019
3154150-000,2022,MG,REDUTO,3154150,ABREE,PEV fixo,Ativo,09/06/2022
3106200-104,2022,MG,Belo Horizonte,3106200,ABREE,PEV fixo,Ativo,19/06/2021
4306734-000,2022,RS,DOUTOR MAURÍCIO CARDOSO,4306734,ABREE,PEV fixo,Ativo,22/12/2019
1506104-000,2022,PA,  Primavera ,1506104,Green Eletron,PEV fixo,Ativo,20/02/2021
3106200-095,2022,MG,Belo Horizonte,3106200,Green Eletron,PEV fixo,Ativo,02/01/2021
2611606-043,2022,PE,Recife,2611606,ABREE,Ponto de consolidação,Ativo,25/11/2021
3170206-000,2022,MG,Uberlândia,3170206,ABREE,PEV fixo,Ativo,04/02/2021
3305307-012,2022,RJ,Sao Sebastiao do Alto,3305307,ABREE,Ponto de consolidação,Ativo,06/11/2022
4115457-003,2022,PR,Marquinho,4115457,ABREE,PEV fixo,Ativo,12/09/2020
3550308-225,2022,SP,São Paulo,3550308,ABREE,PEV fixo,Ativo,15/10/2021
3162955-000,2022,MG,SÃO JOSÉ DA LAPA,3162955,Green Eletron,PEV fixo,Ativo,13/11/2022
2513604-000,2022,PB,Santana dos Garrotes,2513604,ABREE,PEV fixo,Ativo,14/04/2022
2800308-017,2022,SE,Aracaju,,Sistema individual,PEV fixo,Ativo,10/10/2021
2927408-125,2022,BA,Salvador,2927408,Green Eletron,PEV fixo,Ativo,03/08/2022
1303304-000,2022,AM,Novo Aripuanã,1303304,ABREE,PEV fixo,Ativo,18/02/2019
3522653-000,2022,SP,Itapirapua Paulista,3522653,ABREE,Ponto de consolidação,Ativo,14/06/2019
3550308-029,2022,SP,Sao Paulo,3550308,ABREE,PEV fixo,Ativo,15/01/2019
2917300-000,2022,BA,Ituberá,2917300,ABREE,PEV fixo,Ativo,18/12/2022
1400605-000,2022,RR,SÃO LUIZ,1400605,ABREE,PEV fixo,Ativo,09/12/2022
3304557-099,2022,RJ,Rio de Janeiro,,Green Eletron,Campanha itinerante,Ativo,24/08/2021
3110608-000,2022,MG,CAMBUÍ,3110608,Green Eletron,PEV fixo,Ativo,07/06/2022
1718659-000,2022,TO,  Rio da Conceição ,1718659,ABREE,PEV fixo,Ativo,19/08/2021
2304400-079,2022,CE,Fortaleza,2304400,Green Eletron,Ponto de consolidação,Ativo,26/01/2022
4305587-000,2022,RS,Colinas,4305587,ABREE,PEV fixo,Ativo,26/09/2022
3304557-048,2022,RJ,Rio de Janeiro,3304557,ABREE,PEV fixo,Ativo,26/06/2020
2111300-029,2022,MA,São Luís,2111300,ABREE,PEV fixo,Ativo,15/03/2019
3106200-116,2022,MG,BELO HORIZONTE,3106200,Sistema individual,PEV fixo,Ativo,14/08/2021
4205407-040,2022,SC,FLORIANÓPOLIS,4205407,Green Eletron,Ponto de consolidação,Ativo,23/02/2020
3301207-000,2022,RJ,Carmo,3301207,Green Eletron,PEV fixo,Ativo,23/02/2020
3168051-000,2022,MG,Taparuba,3168051,ABREE,Campanha itinerante,Ativo,03/10/2022
3302858-000,2022,RJ,Mesquita,3302858,Green Eletron,PEV fixo,Ativo,19/12/2020
2901957-000,2022,BA,  Apuarema ,2901957,Green Eletron,PEV fixo,Ativo,16/10/2022
3160207-007,2022,MG,  Santo Antônio do Itambé ,3160207,ABREE,PEV fixo,Ativo,08/01/2021
3102308-000,2022,MG,ALVINÓPOLIS,3102308,Green Eletron,PEV fixo,Ativo,09/09/2021
2109106-000,2022,MA,PRESIDENTE DUTRA,2109106,ABREE,PEV fixo,Ativo,03/11/2020
3304557-125,2022,RJ,Rio de Janeiro,3304557,ABREE,PEV fixo,Ativo,28/11/2022
1507151-004,2022,PA,São Domingos do Araguaia,1507151,Green Eletron,PEV fixo,Ativo,12/11/2021
2200202-000,2022,PI,  Água Branca ,2200202,ABREE,PEV fixo,Ativo,12/06/2020
2105906-000,2022,MA,Lago Verde,2105906,ABREE,PEV fixo,Ativo,05/06/2021
2304400-081,2022,CE,FORTALEZA,2304400,ABREE,PEV fixo,Ativo,17/08/2022
4106902-027,2022,PR,  Curitiba ,4106902,ABREE,PEV fixo,Ativo,15/08/2020
3500303-000,2022,SP,Aguaí,3500303,Sistema individual,PEV fixo,Ativo,04/10/2021
3158102-000,2022,MG,Santa Maria do Salto,3158102,ABREE,PEV fixo,Ativo,09/03/2021
4306056-000,2022,RS,Cristal,4306056,Green Eletron,Campanha itinerante,Ativo,19/11/2019
2304707-000,2022,CE,Granja,2304707,Green Eletron,PEV fixo,Ativo,26/07/2022
2930006-000,2022,BA,Sebastião Laranjeiras,2930006,ABREE,PEV fixo,Ativo,04/08/2022
4308250-000,2022,RS,FLORIANO PEIXOTO,4308250,Sistema individual,PEV fixo,Ativo,27/11/2019
4323408-000,2022,RS,VILA MARIA,4323408,Sistema individual,Campanha itinerante,Ativo,25/08/2022
3549102-000,2022,SP,SÃO JOÃO DA BOA VISTA,3549102,ABREE,PEV fixo,Ativo,08/05/2022
4211702-000,2022,SC,Orleans,4211702,ABREE,PEV fixo,Ativo,12/01/2019
2304400-007,2022,CE,Fortaleza,2304400,Green Eletron,PEV fixo,Ativo,19/07/2019
3532009-000,2022,SP,MORUNGABA,3532009,Green Eletron,PEV fixo,Ativo,28/12/2019
3304755-001,2022,RJ,SÃO FRANCISCO DE ITABAPOANA,3304755,ABREE,PEV fixo,Ativo,16/04/2022
3167509-000,2022,MG,Simao Pereira,3167509,Sistema individual,PEV fixo,Ativo,21/09/2021
3304144-002,2022,RJ,Queimados,3304144,Green Eletron,PEV fixo,Inativo,03/11/2021
5218052-003,2022,GO,PORTEIRÃO,5218052,ABREE,PEV fixo,Ativo,02/11/2022
1704105-000,2022,TO,Centenario,1704105,Green Eletron,PEV fixo,Ativo,25/03/2021
2501153-000,2022,PB,Areia de Baraúnas,2501153,ABREE,PEV fixo,Ativo,03/07/2020
5002100-000,2022,MS,Bela Vista,5002100,ABREE,PEV fixo,Ativo,06/11/2021
4115457-006,2022,PR,MARQUINHO,4115457,ABREE,Ponto de consolidação,Ativo,02/09/2022
3106200-055,2022,MG,Belo Horizonte,3106200,Green Eletron,PEV fixo,Ativo,21/05/2020
3551306-005,2022,SP,Sebastianópolis do Sul,3551306,ABREE,PEV fixo,Ativo,20/06/2021
5215652-000,2022,GO,Palestina de Goiás,5215652,Green Eletron,PEV fixo,Ativo,12/05/2021
3106200-064,2022,MG,Belo Horizonte,3106200,Green Eletron,PEV fixo,Ativo,20/08/2020
2304251-000,2022,CE,Cruz,2304251,ABREE,Ponto de consolidação,Ativo,01/07/2019
3106200-200,2022,MG,Belo Horizonte,3106200,Green Eletron,PEV fixo,Ativo,06/07/2022
2303956-000,2022,CE,Chorozinho,2303956,Green Eletron,PEV fixo,Ativo,08/08/2021
5105002-000,2022,MT,Jauru,5105002,Green Eletron,Campanha itinerante,Ativo,09/07/2020
2304400-003,2022,CE,Fortaleza,2304400,ABREE,PEV fixo,Ativo,14/08/2019
2611606-019,2022,PE,Recife,2611606,Green Eletron,PEV fixo,Ativo,20/05/2020
3304557-039,2022,RJ,Rio de Janeiro,3304557,Green Eletron,PEV fixo,Inativo,27/06/2020
4317806-000,2022,RS,SANTO AUGUSTO,4317806,ABREE,PEV fixo,Ativo,04/06/2020
1505403-000,2022,PA,Ourém,1505403,Green Eletron,PEV fixo,Ativo,19/09/2021
2611606-056,2022,PE,  Recife ,2611606,Green Eletron,PEV fixo,Ativo,18/09/2022
3169307-000,2022,MG,Três Corações,3169307,Green Eletron,PEV fixo,Ativo,07/02/2020
2922656-005,2022,BA,Nordestina,2922656,ABREE,PEV fixo,Ativo,13/07/2022
3532009-001,2022,SP,Morungaba,3532009,Sistema individual,Campanha itinerante,Ativo,15/06/2019
3550308-240,2022,SP,SÃO PAULO,3550308,Green Eletron,PEV fixo,Ativo,11/03/2021
3553955-001,2022,SP,TARUMÃ,3553955,Green Eletron,PEV fixo,Ativo,22/08/2021
2205953-000,2022,PI,  Marcolândia ,2205953,Green Eletron,PEV fixo,Ativo,28/05/2020
4306700-000,2022,RS,DONA FRANCISCA,4306700,ABREE,PEV fixo,Ativo,10/06/2020
3549508-004,2022,SP,São José da Bela Vista,3549508,ABREE,PEV fixo,Ativo,15/10/2020
3546009-000,2022,SP,Santa Branca,3546009,ABREE,PEV fixo,Ativo,01/05/2019
1100304-001,2022,RO,Vilhena,1100304,Green Eletron,PEV fixo,Ativo,10/06/2022
3122405-000,2022,MG,  Divisa Nova ,3122405,ABREE,PEV fixo,Ativo,19/04/2019
5108956-004,2022,MT,NOVA MONTE VERDE,5108956,ABREE,PEV fixo,Ativo,20/11/2022
3550308-089,2022,SP,  São Paulo ,3550308,Green Eletron,PEV fixo,Ativo,14/08/2019
3304557-043,2022,RJ,Rio de Janeiro,3304557,ABREE,PEV fixo,Ativo,27/06/2020
3106200-187,2022,MG,Belo Horizonte,3106200,ABREE,PEV fixo,Ativo,04/04/2022
3109105-000,2022,MG,BUENO BRANDÃO,3109105,Green Eletron,Ponto de consolidação,Ativo,24/06/2022
3106200-025,2022,MG,Belo Horizonte,3106200,ABREE,PEV fixo,Ativo,13/09/2020
2300705-002,2022,CE,Alto Santo,2300705,ABREE,PEV fixo,Ativo,26/12/2020
4205407-019,2022,SC,Florianópolis,4205407,Green Eletron,Campanha itinerante,Ativo,17/08/2019
3530201-000,2022,SP,Mirante do Paranapanema,3530201,ABREE,PEV fixo,Ativo,22/02/2020
2408102-010,2022,RN,NATAL,2408102,ABREE,PEV fixo,Ativo,21/08/2021
2804300-000,2022,SE,Muribeca,2804300,ABREE,PEV fixo,Ativo,28/10/2019
3167202-002,2022,MG,Sete Lagoas,3167202,ABREE,PEV fixo,Ativo,03/04/2022
3550308-088,2022,SP,São Paulo,3550308,Green Eletron,PEV fixo,Ativo,11/05/2019
1505700-002,2022,PA,  Ponta de Pedras ,1505700,ABREE,PEV fixo,Ativo,05/07/2022
3502606-001,2022,SP,  Aparecida d'Oeste ,,ABREE,PEV fixo,Ativo,04/02/2022
1716703-000,2022,TO,Colmeia,1716703,Sistema individual,PEV fixo,Ativo,21/08/2019
2927408-049,2022,BA,Salvador,2927408,Green Eletron,PEV fixo,Ativo,21/11/2020
2804409-000,2022,SE,Neopolis,2804409,Sistema individual,PEV fixo,Ativo,11/06/2019
4305173-000,2022,RS,CERRO GRANDE DO SUL,4305173,ABREE,PEV fixo,Ativo,22/12/2020
4207684-000,2022,SC,Ipuaçu,4207684,ABREE,PEV fixo,Ativo,10/11/2021
3123528-004,2022,MG,Durandé,3123528,ABREE,Ponto de consolidação,Ativo,18/09/2022
3304557-101,2022,RJ,  Rio de Janeiro ,3304557,ABREE,PEV fixo,Ativo,05/04/2021
2901304-000,2022,BA,ANDARAÍ,2901304,Green Eletron,PEV fixo,Ativo,04/11/2020
4127957-001,2022,PR,Tupãssi,4127957,Sistema individual,PEV fixo,Ativo,05/07/2021
1300029-004,2022,AM,Alvarães,1300029,ABREE,PEV fixo,Ativo,05/04/2021
3302403-008,2022,RJ,MACAÉ,3302403,ABREE,PEV fixo,Ativo,23/09/2021
1508209-002,2022,PA,Vigia,1508209,ABREE,PEV fixo,Ativo,21/02/2019
2611606-057,2022,PE,Recife,2611606,Green Eletron,PEV fixo,Ativo,21/04/2022
3300902-000,2022,RJ,Cambuci,,Green Eletron,Campanha itinerante,Ativo,06/06/2019
5100300-000,2022,MT,ALTO ARAGUAIA,5100300,Green Eletron,PEV fixo,Ativo,24/10/2020
3116407-000,2022,MG,CLARAVAL,3116407,ABREE,PEV fixo,Ativo,25/09/2020
4319000-000,2022,RS,SÃO MARCOS,4319000,Green Eletron,PEV fixo,Ativo,26/10/2021
4314902-080,2022,RS,Porto Alegre,4314902,Green Eletron,PEV fixo,Ativo,14/09/2021
4301925-000,2022,RS,BARRA DO RIO AZUL,4301925,ABREE,PEV fixo,Ativo,14/06/2019
2611606-044,2022,PE,Recife,2611606,Green Eletron,PEV fixo,Ativo,27/08/2021
2111300-032,2022,MA,São Luís,2111300,Green Eletron,PEV fixo,Ativo,24/07/2020
2414803-000,2022,RN,Vera Cruz,2414803,ABREE,PEV fixo,Ativo,16/09/2020
2605806-002,2022,PE,Frei Miguelinho,2605806,Green Eletron,PEV fixo,Ativo,01/11/2019
4323804-000,2022,RS,XANGRI-LÁ,4323804,ABREE,PEV fixo,Ativo,03/02/2022
3532157-000,2022,SP,Nantes,3532157,ABREE,PEV fixo,Ativo,25/05/2019
5002704-007,2022,MS,CAMPO GRANDE,,ABREE,PEV fixo,Ativo,21/08/2021
5208707-012,2022,GO,Goiânia,5208707,ABREE,PEV fixo,Ativo,23/09/2021
3106200-131,2022,MG,Belo Horizonte,3106200,Green Eletron,PEV fixo,Ativo,11/12/2021
2409704-000,2022,RN,Pedro Avelino,2409704,Green Eletron,PEV fixo,Ativo,14/10/2022
2304400-021,2022,CE,Fortaleza,2304400,ABREE,PEV fixo,Ativo,05/01/2019
2111300-044,2022,MA,São Luís,2111300,Green Eletron,Campanha itinerante,Ativo,18/11/2020
2211001-012,2022,PI,Teresina,2211001,ABREE,PEV fixo,Ativo,13/10/2020
2914000-000,2022,BA,Ipirá,2914000,Green Eletron,PEV fixo,Ativo,20/05/2022
2201929-000,2022,PI,Bonfim do Piauí,2201929,Green Eletron,PEV fixo,Ativo,16/05/2020
2312007-000,2022,CE,Santana do Acaraú,2312007,ABREE,PEV fixo,Ativo,22/10/2021
3550308-215,2022,SP,São Paulo,3550308,Green Eletron,PEV fixo,Ativo,06/12/2021
3304557-081,2022,RJ,Rio de Janeiro,3304557,ABREE,PEV fixo,Ativo,26/11/2021
3304557-002,2022,RJ,Rio de Janeiro,3304557,Green Eletron,PEV fixo,Ativo,21/09/2020
3170503-000,2022,MG,URUCÂNIA,3170503,Green Eletron,PEV fixo,Ativo,15/06/2021
3302700-001,2022,RJ,Maricá,3302700,Sistema individual,Campanha itinerante,Ativo,14/10/2019
5208707-010,2022,GO,Goiania,5208707,Sistema individual,Ponto de consolidação,Ativo,15/08/2020
1501402-024,2022,PA,Belém,1501402,Green Eletron,PEV fixo,Ativo,12/02/2022
3550308-075,2022,SP,Sao Paulo,3550308,Green Eletron,PEV fixo,Ativo,28/03/2019
1703305-001,2022,TO,BOM JESUS DO TOCANTINS,1703305,ABREE,Campanha itinerante,Ativo,18/02/2022
2800308-003,2022,SE,  Aracaju ,2800308,Sistema individual,PEV fixo,Ativo,19/08/2019
2616183-006,2022,PE,Vertente do Lério,2616183,Green Eletron,PEV fixo,Ativo,15/11/2021
4209805-000,2022,SC,LEOBERTO LEAL,4209805,Green Eletron,Ponto de consolidação,Ativo,20/07/2019
1504208-002,2022,PA,Maraba,1504208,Green Eletron,PEV fixo,Ativo,13/02/2020
3106200-048,2022,MG,Belo Horizonte,3106200,Green Eletron,Campanha itinerante,Ativo,13/06/2020
4111803-000,2022,PR,JACAREZINHO,4111803,Sistema individual,PEV fixo,Ativo,21/03/2022
1302603-006,2022,AM,Manaus,1302603,ABREE,PEV fixo,Ativo,23/07/2021
3106200-098,2022,MG,Belo Horizonte,3106200,ABREE,PEV fixo,Ativo,07/09/2021
1508407-000,2022,PA,XINGUARA,1508407,ABREE,PEV fixo,Ativo,24/01/2020
4205456-000,2022,SC,FORQUILHINHA,4205456,ABREE,PEV fixo,Ativo,26/11/2019
4205407-012,2022,SC,FLORIANÓPOLIS,4205407,ABREE,PEV fixo,Ativo,07/11/2019
3304557-089,2022,RJ,Rio de Janeiro,3304557,Green Eletron,Campanha itinerante,Ativo,20/03/2021
3533601-000,2022,SP,NUPORANGA,3533601,Green Eletron,PEV fixo,Ativo,03/11/2021
5106703-000,2022,MT,Ponte Branca,5106703,ABREE,PEV fixo,Ativo,08/06/2022
2920502-002,2022,BA,Maracás,2920502,Green Eletron,PEV fixo,Ativo,28/03/2021
3204351-000,2022,ES,RIO BANANAL,3204351,ABREE,PEV fixo,Ativo,06/03/2020
3550308-314,2022,SP,  São Paulo ,3550308,Green Eletron,PEV fixo,Ativo,24/05/2022
2927408-013,2022,BA,Salvador,2927408,ABREE,Campanha itinerante,Ativo,08/02/2019
4319604-000,2022,RS,São Sepé,4319604,Green Eletron,Ponto de consolidação,Ativo,08/06/2021
3550308-226,2022,SP,São Paulo,3550308,ABREE,PEV fixo,Ativo,19/08/2021
3123528-003,2022,MG,Durandé,3123528,Green Eletron,PEV fixo,Ativo,21/10/2021
3306008-000,2022,RJ,TRÊS RIOS,3306008,ABREE,PEV fixo,Ativo,08/09/2022
3302700-004,2022,RJ,MARICÁ,3302700,Green Eletron,Ponto de consolidação,Ativo,01/07/2019
3118502-000,2022,MG,Consolação,3118502,ABREE,PEV fixo,Ativo,26/06/2019
2611606-063,2022,PE,  Recife ,2611606,ABREE,PEV fixo,Ativo,18/11/2022
4306106-000,2022,RS,CRUZ ALTA,4306106,ABREE,PEV fixo,Ativo,27/03/2019
3550308-193,2022,SP,SÃO PAULO,3550308,ABREE,Campanha itinerante,Ativo,02/08/2021
3300258-002,2022,RJ,Arraial do Cabo,3300258,Sistema individual,Ponto de consolidação,Ativo,07/06/2021
3168101-000,2022,MG,  Tapira ,3168101,Sistema individual,Ponto de consolidação,Ativo,06/04/2022
4107900-000,2022,PR,  Floresta ,4107900,ABREE,PEV fixo,Ativo,01/08/2022
2602704-001,2022,PE,BUENOS AIRES,2602704,Green Eletron,PEV fixo,Ativo,20/05/2022
3205309-004,2022,ES,Vitória,3205309,Green Eletron,PEV fixo,Ativo,21/03/2020
2511707-000,2022,PB,PILÕEZINHOS,2511707,Green Eletron,PEV fixo,Ativo,14/07/2020
2413607-000,2022,RN,SEVERIANO MELO,2413607,Sistema individual,Ponto de consolidação,Ativo,02/02/2020
2515807-000,2022,PB,Serra Redonda,2515807,ABREE,PEV fixo,Ativo,07/02/2020
2905602-000,2022,BA,Camacan,2905602,ABREE,PEV fixo,Ativo,10/04/2020
2904100-000,2022,BA,Boquira,2904100,Green Eletron,PEV fixo,Ativo,12/02/2022
3136009-000,2022,MG,Joaíma,3136009,ABREE,PEV fixo,Ativo,21/05/2021
2927408-040,2022,BA,Salvador,2927408,ABREE,PEV fixo,Ativo,28/12/2019
4220000-000,2022,SC,Balneário Rincão,4220000,ABREE,Campanha itinerante,Ativo,13/09/2021
1505635-000,2022,PA,Piçarra,1505635,ABREE,PEV fixo,Ativo,23/11/2021
4313334-001,2022,RS,Nova Ramada,4313334,Sistema individual,PEV fixo,Ativo,25/03/2019
2312007-001,2022,CE,Santana do Acaraú,2312007,Green Eletron,PEV fixo,Ativo,20/10/2021
3550308-235,2022,SP,São Paulo,3550308,Green Eletron,PEV fixo,Ativo,23/08/2021
3549250-003,2022,SP,São João de Iracema,3549250,Green Eletron,PEV fixo,Ativo,10/03/2021
2111300-067,2022,MA,São Luís,2111300,ABREE,PEV fixo,Ativo,28/03/2021
3505203-006,2022,SP,Bariri,3505203,ABREE,PEV fixo,Ativo,15/01/2022
5103254-000,2022,MT,Colniza,5103254,Green Eletron,PEV fixo,Ativo,02/01/2020
4124103-000,2022,PR,SANTO ANTÔNIO DA PLATINA,4124103,Green Eletron,PEV fixo,Ativo,16/08/2019
2209153-000,2022,PI,Santa Cruz dos Milagres,2209153,ABREE,PEV fixo,Ativo,28/11/2021
2111300-081,2022,MA,  São Luís ,2111300,ABREE,PEV fixo,Ativo,09/05/2022
3534302-000,2022,SP,Orlândia,3534302,ABREE,PEV fixo,Ativo,20/11/2022
2511004-000,2022,PB,Pedra Branca,2511004,Green Eletron,PEV fixo,Ativo,23/10/2019
2611606-041,2022,PE,Recife,2611606,ABREE,PEV fixo,Ativo,18/01/2021
3121407-000,2022,MG,Desterro de Entre Rios,3121407,ABREE,PEV fixo,Ativo,16/05/2021
3301405-009,2022,RJ,CONCEIÇÃO DE MACABU,3301405,ABREE,Ponto de consolidação,Ativo,23/09/2022
2111300-093,2022,MA,São Luís,2111300,Green Eletron,PEV fixo,Ativo,13/04/2022
2304400-065,2022,CE,Fortaleza,2304400,Green Eletron,Ponto de consolidação,Ativo,19/12/2021
2509701-000,2022,PB,Monteiro,2509701,ABREE,PEV fixo,Ativo,17/10/2022
3304557-092,2022,RJ,Rio de Janeiro,3304557,Sistema individual,PEV fixo,Ativo,25/04/2021
4314902-087,2022,RS,Porto Alegre,4314902,ABREE,Ponto de consolidação,Ativo,23/02/2021
2920502-001,2022,BA,Maracás,2920502,Green Eletron,Ponto de consolidação,Ativo,18/04/2020
4304622-000,2022,RS,Capão Bonito do Sul,4304622,Green Eletron,Campanha itinerante,Ativo,12/04/2019
4213807-000,2022,SC,Praia Grande,4213807,ABREE,PEV fixo,Ativo,27/01/2021
3537305-000,2022,SP,PENÁPOLIS,3537305,ABREE,PEV fixo,Ativo,25/07/2019
3301405-007,2022,RJ,Conceição de Macabu,3301405,Green Eletron,PEV fixo,Ativo,27/11/2021
3550308-126,2022,SP,São Paulo,3550308,Green Eletron,PEV fixo,Ativo,17/01/2020
1506195-000,2022,PA,Rurópolis,1506195,Green Eletron,PEV fixo,Ativo,12/02/2022
2304400-086,2022,CE,Fortaleza,2304400,Green Eletron,PEV fixo,Ativo,03/03/2022
2304400-049,2022,CE,Fortaleza,2304400,Green Eletron,PEV fixo,Ativo,27/05/2020
2800308-024,2022,SE,ARACAJU,2800308,ABREE,PEV fixo,Ativo,20/01/2022
3304557-017,2022,RJ,RIO DE JANEIRO,3304557,ABREE,Ponto de consolidação,Ativo,14/10/2020
2111300-041,2022,MA,São Luís,2111300,ABREE,PEV fixo,Ativo,06/04/2020
3550308-182,2022,SP,São Paulo,3550308,Green Eletron,PEV fixo,Ativo,11/08/2021
3525409-000,2022,SP,Jeriquara,3525409,Green Eletron,PEV fixo,Ativo,21/08/2019
2200806-000,2022,PI,Antônio Almeida,2200806,ABREE,PEV fixo,Ativo,09/12/2019
5103403-000,2022,MT,Cuiabá,5103403,Green Eletron,PEV fixo,Ativo,07/05/2019
4118501-000,2022,PR,Pato Branco,4118501,ABREE,PEV fixo,Ativo,16/10/2019
3512100-000,2022,SP,Colômbia,3512100,Sistema individual,PEV fixo,Ativo,04/03/2021
2304400-057,2022,CE,  Fortaleza ,2304400,Green Eletron,PEV fixo,Ativo,15/11/2021
2610103-000,2022,PE,PALMEIRINA,2610103,Green Eletron,PEV fixo,Ativo,03/08/2021
3550308-009,2022,SP,São Paulo,3550308,Green Eletron,Campanha itinerante,Ativo,23/09/2019
4314902-001,2022,RS,PORTO ALEGRE,4314902,Sistema individual,PEV fixo,Ativo,24/03/2020
3304201-002,2022,RJ,RESENDE,3304201,ABREE,PEV fixo,Ativo,13/11/2022
5103403-007,2022,MT,Cuiabá,5103403,ABREE,PEV fixo,Ativo,16/04/2021
2504801-000,2022,PB,COREMAS,2504801,ABREE,Ponto de consolidação,Ativo,23/07/2019
2611606-033,2022,PE,Recife,,Green Eletron,PEV fixo,Ativo,05/06/2021
2111300-017,2022,MA,São Luís,2111300,ABREE,PEV fixo,Ativo,07/05/2019
3542206-000,2022,SP,Rancharia,3542206,ABREE,PEV fixo,Ativo,10/03/2020
3106200-142,2022,MG,BELO HORIZONTE,3106200,ABREE,PEV fixo,Ativo,24/12/2021
3550308-184,2022,SP,SÃO PAULO,3550308,ABREE,PEV fixo,Ativo,17/07/2021
2708303-000,2022,AL,  São José da Laje ,2708303,Green Eletron,PEV fixo,Ativo,18/04/2020
2304400-019,2022,CE,FORTALEZA,2304400,ABREE,Ponto de consolidação,Ativo,06/08/2019
2902807-000,2022,BA,Barra da Estiva,2902807,ABREE,PEV fixo,Ativo,19/01/2021
3515608-000,2022,SP,Fernando Prestes,3515608,ABREE,PEV fixo,Ativo,04/09/2020
2804904-000,2022,SE,Pacatuba,2804904,ABREE,PEV fixo,Ativo,13/03/2020
4207700-000,2022,SC,Ipumirim,4207700,Green Eletron,PEV fixo,Ativo,07/06/2020
2205706-000,2022,PI,LUÍS CORREIA,2205706,ABREE,Ponto de consolidação,Ativo,11/04/2020
4313904-000,2022,RS,PANAMBI,4313904,ABREE,PEV fixo,Ativo,26/02/2019
4103453-000,2022,PR,Cafelândia,4103453,Green Eletron,PEV fixo,Ativo,28/11/2021
2514008-000,2022,PB,São João do Cariri,2514008,ABREE,Campanha itinerante,Ativo,13/10/2020
2605152-002,2022,PE,Dormentes,2605152,Green Eletron,PEV fixo,Ativo,25/05/2022
4123501-000,2022,PR,Santa Helena,4123501,Green Eletron,PEV fixo,Ativo,07/01/2021
2927408-130,2022,BA,Salvador,2927408,Sistema individual,PEV fixo,Ativo,26/03/2022
1717206-000,2022,TO,Piraquê,1717206,ABREE,PEV fixo,Ativo,05/02/2019
5108055-000,2022,MT,Terra Nova do Norte,5108055,Green Eletron,PEV fixo,Ativo,11/03/2019
3106200-080,2022,MG,  Belo Horizonte ,3106200,ABREE,PEV fixo,Ativo,05/08/2020
2929909-000,2022,BA,  Seabra ,2929909,ABREE,PEV fixo,Ativo,18/01/2019
2307635-000,2022,CE,Madalena,2307635,ABREE,Campanha itinerante,Ativo,10/12/2019
3106200-176,2022,MG,BELO HORIZONTE,3106200,ABREE,PEV fixo,Ativo,03/11/2022
2602308-000,2022,PE,Bonito,2602308,Green Eletron,PEV fixo,Ativo,02/01/2021
3544103-001,2022,SP,Rio Grande da Serra,3544103,Green Eletron,PEV fixo,Ativo,06/04/2022
2108058-000,2022,MA,Paulino Neves,2108058,Sistema individual,Ponto de consolidação,Ativo,02/04/2021
2927408-063,2022,BA,SALVADOR,2927408,Green Eletron,PEV fixo,Ativo,01/03/2020
2932705-000,2022,BA,Uruçuca,2932705,Green Eletron,PEV fixo,Ativo,28/11/2022
3136579-000,2022,MG,Josenópolis,3136579,ABREE,Ponto de consolidação,Ativo,11/10/2020
2208601-000,2022,PI,Prata do Piauí,,ABREE,PEV fixo,Ativo,06/06/2019
3106200-015,2022,MG,  Belo Horizonte ,3106200,ABREE,PEV fixo,Ativo,11/03/2020
5202601-000,2022,GO,  Aurilândia ,5202601,Green Eletron,PEV fixo,Ativo,03/12/2019
3304557-086,2022,RJ,Rio de Janeiro,3304557,Green Eletron,PEV fixo,Ativo,22/05/2021
2103802-000,2022,MA,Dom Pedro,2103802,ABREE,PEV fixo,Ativo,22/01/2019
3150109-000,2022,MG,Piau,3150109,ABREE,PEV fixo,Ativo,20/06/2019
2611606-056,2022,PE,  Recife ,2611606,Green Eletron,PEV fixo,Ativo,18/09/2022
3550308-312,2022,SP,São Paulo,3550308,ABREE,PEV fixo,Ativo,09/10/2022
2905909-000,2022,BA,  Campo Alegre de Lourdes ,2905909,Green Eletron,Ponto de consolidação,Ativo,10/01/2020
5300108-052,2022,DF,Brasília,5300108,Green Eletron,PEV fixo,Ativo,16/07/2021
5300108-088,2022,DF,Brasília,5300108,ABREE,PEV fixo,Ativo,08/11/2022
2108454-000,2022,MA,Peritoró,2108454,Green Eletron,PEV fixo,Ativo,17/09/2022
3304557-144,2022,RJ,Rio de Janeiro,3304557,Sistema individual,PEV fixo,Ativo,17/08/2022
2916500-000,2022,BA,Itapicuru,2916500,ABREE,PEV fixo,Ativo,24/10/2020
3301900-000,2022,RJ,Itaboraí,3301900,Sistema individual,PEV fixo,Ativo,20/02/2022
2927408-012,2022,BA,Salvador,2927408,Green Eletron,PEV fixo,Ativo,10/10/2019
5104500-000,2022,MT,Indiavaí,5104500,ABREE,PEV fixo,Ativo,10/12/2021
3301108-021,2022,RJ,CANTAGALO,3301108,ABREE,PEV fixo,Ativo,27/11/2022
2209377-000,2022,PI,Santa Rosa do Piaui,2209377,Green Eletron,Ponto de consolidação,Ativo,23/03/2021
2806909-000,2022,SE,São Francisco,2806909,ABREE,PEV fixo,Ativo,17/05/2019
2103901-000,2022,MA,Duque Bacelar,2103901,Sistema individual,PEV fixo,Inativo,27/04/2021
2616183-002,2022,PE,Vertente do Lério,2616183,Sistema individual,PEV fixo,Ativo,20/07/2019
3550308-319,2022,SP,  São Paulo ,3550308,ABREE,PEV fixo,Ativo,10/11/2022
2407708-000,2022,RN,  Montanhas ,2407708,ABREE,PEV fixo,Ativo,06/01/2021
4207106-000,2022,SC,ILHOTA,4207106,Green Eletron,Campanha itinerante,Ativo,06/04/2022
3529708-001,2022,SP,Miguelopolis,3529708,Green Eletron,PEV fixo,Ativo,07/06/2021
3106200-205,2022,MG,Belo Horizonte,3106200,Sistema individual,PEV fixo,Ativo,20/06/2022
4323358-000,2022,RS,Vila Lângaro,4323358,Green Eletron,PEV fixo,Inativo,18/06/2022
2931301-001,2022,BA,Tapiramutá,2931301,Green Eletron,PEV fixo,Ativo,18/11/2022
3550308-043,2022,SP,São Paulo,3550308,ABREE,PEV fixo,Ativo,16/06/2019
3550308-292,2022,SP,Sao Paulo,3550308,Sistema individual,PEV fixo,Ativo,25/04/2022
3112703-000,2022,MG,CAPITÃO ENÉAS,3112703,ABREE,PEV fixo,Ativo,16/12/2022
3106200-083,2022,MG,Belo Horizonte,3106200,ABREE,PEV fixo,Ativo,09/10/2020
3550308-138,2022,SP,Sao Paulo,3550308,Green Eletron,PEV fixo,Ativo,02/08/2020
4110300-000,2022,PR,Inajá,4110300,ABREE,PEV fixo,Ativo,07/10/2021
3303302-008,2022,RJ,Niterói,3303302,Green Eletron,PEV fixo,Ativo,14/06/2022
4123006-001,2022,PR,Salto do Lontra,4123006,ABREE,PEV fixo,Ativo,14/03/2022
2504355-000,2022,PB,  Caturité ,2504355,Green Eletron,Campanha itinerante,Ativo,10/02/2022
2800308-019,2022,SE,ARACAJU,2800308,Green Eletron,PEV fixo,Ativo,13/08/2022
4114609-000,2022,PR,Marechal Cândido Rondon,4114609,ABREE,PEV fixo,Ativo,02/02/2021
3515152-000,2022,SP,Engenheiro Coelho,3515152,Sistema individual,PEV fixo,Ativo,03/05/2020
4303202-000,2022,RS,Cacique Doble,4303202,ABREE,PEV fixo,Ativo,07/10/2021
2304251-001,2022,CE,Cruz,2304251,Green Eletron,PEV fixo,Ativo,08/05/2019
2904704-000,2022,BA,  Buerarema ,2904704,ABREE,PEV fixo,Ativo,02/04/2019
1300706-001,2022,AM,  Boca do Acre ,1300706,Sistema individual,PEV fixo,Ativo,21/06/2020
3550308-023,2022,SP,São Paulo,3550308,ABREE,Campanha itinerante,Ativo,08/12/2019
3106200-028,2022,MG,Belo Horizonte,3106200,ABREE,PEV fixo,Ativo,06/12/2020
4205407-059,2022,SC,FLORIANÓPOLIS,4205407,Sistema individual,Ponto de consolidação,Ativo,05/07/2021
4205407-014,2022,SC,Florianópolis,4205407,ABREE,PEV fixo,Ativo,24/02/2019
2930600-000,2022,BA,Serrolândia,2930600,ABREE,PEV fixo,Ativo,15/03/2022
4106902-034,2022,PR,CURITIBA,4106902,Green Eletron,PEV fixo,Ativo,11/03/2021
3532009-013,2022,SP,Morungaba,3532009,Green Eletron,Ponto de consolidação,Ativo,04/05/2022
3106200-068,2022,MG,BELO HORIZONTE,3106200,ABREE,Campanha itinerante,Ativo,06/01/2020
3550308-198,2022,SP,Sao Paulo,3550308,Sistema individual,PEV fixo,Ativo,13/12/2021
2614105-002,2022,PE,SERTÂNIA,2614105,Green Eletron,PEV fixo,Ativo,08/02/2021
3303609-000,2022,RJ,Paracambi,3303609,Sistema individual,Campanha itinerante,Ativo,15/04/2019
2300606-002,2022,CE,Altaneira,2300606,Green Eletron,PEV fixo,Ativo,09/01/2022
3535309-000,2022,SP,Palmital,3535309,ABREE,PEV fixo,Ativo,21/12/2021
5300108-047,2022,DF,Brasilia,5300108,Green Eletron,PEV fixo,Ativo,02/02/2020
2102374-001,2022,MA,Cachoeira Grande,2102374,ABREE,PEV fixo,Ativo,06/03/2022
3547502-001,2022,SP,Santa Rita do Passa Quatro,3547502,ABREE,PEV fixo,Ativo,27/06/2022
3501103-001,2022,SP,Alto Alegre,3501103,Green Eletron,PEV fixo,Ativo,27/03/2020
3516507-000,2022,SP,Gabriel Monteiro,3516507,Green Eletron,PEV fixo,Ativo,27/07/2022
3550308-078,2022,SP,  São Paulo ,3550308,Green Eletron,PEV fixo,Ativo,09/01/2019
3550308-256,2022,SP,  São Paulo ,3550308,Sistema individual,PEV fixo,Ativo,14/05/2022
1302603-000,2022,AM,Manaus,1302603,ABREE,Campanha itinerante,Ativo,26/01/2019
3304557-027,2022,RJ,Rio de Janeiro,3304557,Green Eletron,PEV fixo,Ativo,22/06/2020
1711902-000,2022,TO,Lagoa da Confusão,1711902,Green Eletron,Ponto de consolidação,Ativo,14/07/2021
3106200-091,2022,MG,Belo Horizonte,3106200,ABREE,PEV fixo,Ativo,14/10/2020
5107297-000,2022,MT,Sao Jose do Povo,5107297,ABREE,PEV fixo,Ativo,17/02/2020
4314902-061,2022,RS,Porto Alegre,4314902,ABREE,PEV fixo,Ativo,05/10/2021
3550308-063,2022,SP,SÃO PAULO,3550308,Sistema individual,PEV fixo,Ativo,27/09/2019
3550308-239,2022,SP,São Paulo,3550308,Green Eletron,PEV fixo,Ativo,13/09/2021
3106200-149,2022,MG,Belo Horizonte,3106200,ABREE,PEV fixo,Ativo,07/11/2021
3127339-001,2022,MG,Gameleiras,3127339,Green Eletron,Campanha itinerante,Ativo,16/01/2021
4115457-001,2022,PR,Marquinho,4115457,Green Eletron,PEV fixo,Inativo,03/04/2019
4314902-082,2022,RS,Porto Alegre,4314902,ABREE,PEV fixo,Ativo,05/08/2021
3106200-072,2022,MG,Belo Horizonte,3106200,Sistema individual,PEV fixo,Ativo,06/08/2020
2111300-006,2022,MA,São Luís,2111300,ABREE,PEV fixo,Ativo,06/06/2019
3549508-001,2022,SP,São José da Bela Vista,3549508,ABREE,PEV fixo,Ativo,05/12/2019
3550308-163,2022,SP,SÃO PAULO,3550308,ABREE,PEV fixo,Ativo,15/03/2020
4127205-001,2022,PR,Terra Boa,4127205,Green Eletron,PEV fixo,Ativo,15/02/2022
3301876-004,2022,RJ,Iguaba Grande,3301876,ABREE,PEV fixo,Ativo,09/11/2021
3532306-006,2022,SP,Natividade da Serra,3532306,ABREE,PEV fixo,Ativo,12/07/2021
3304557-107,2022,RJ,RIO DE JANEIRO,3304557,Green Eletron,PEV fixo,Ativo,16/02/2021
3302403-006,2022,RJ,Macaé,3302403,ABREE,PEV fixo,Ativo,03/05/2020
1600402-001,2022,AP,Mazagão,1600402,Green Eletron,PEV fixo,Ativo,25/01/2022
3127503-000,2022,MG,GONZAGA,3127503,Green Eletron,PEV fixo,Ativo,16/03/2022
3550308-165,2022,SP,São Paulo,3550308,ABREE,PEV fixo,Ativo,16/05/2020
2600708-000,2022,PE,ALIANÇA,2600708,ABREE,PEV fixo,Ativo,03/10/2020
3550308-310,2022,SP,  São Paulo ,3550308,ABREE,PEV fixo,Ativo,02/05/2022
3106200-207,2022,MG,Belo Horizonte,3106200,ABREE,PEV fixo,Ativo,10/12/2022
3300605-001,2022,RJ,Bom Jesus do Itabapoana,3300605,Green Eletron,Campanha itinerante,Ativo,11/12/2022
3304557-015,2022,RJ,Rio de Janeiro,3304557,ABREE,Campanha itinerante,Ativo,20/02/2020
3304557-012,2022,RJ,Rio de Janeiro,3304557,Green Eletron,Ponto de consolidação,Ativo,15/03/2020
3507100-000,2022,SP,Bom Jesus dos Perdões,3507100,ABREE,PEV fixo,Inativo,19/08/2021
2922656-006,2022,BA,NORDESTINA,2922656,ABREE,PEV fixo,Ativo,17/07/2022
3106200-213,2022,MG,BELO HORIZONTE,3106200,ABREE,Campanha itinerante,Ativo,17/01/2022
2708006-000,2022,AL,Santana do Ipanema,2708006,ABREE,Ponto de consolidação,Ativo,05/11/2020
1501600-000,2022,PA,BONITO,1501600,ABREE,Ponto de consolidação,Ativo,14/09/2020
3162005-000,2022,MG,SÃO GONÇALO DO SAPUCAÍ,3162005,Green Eletron,PEV fixo,Ativo,21/01/2019
3556404-000,2022,SP,VARGEM GRANDE DO SUL,3556404,ABREE,PEV fixo,Ativo,08/12/2021
2704302-006,2022,AL,Maceió,2704302,Green Eletron,PEV fixo,Ativo,20/11/2021
1707652-000,2022,TO,FIGUEIRÓPOLIS,1707652,ABREE,PEV fixo,Ativo,12/12/2020
4205407-031,2022,SC,Florianópolis,4205407,ABREE,Ponto de consolidação,Ativo,24/10/2020
1507151-001,2022,PA,São Domingos do Araguaia,1507151,ABREE,PEV fixo,Ativo,01/03/2019
2306603-000,2022,CE,Itatira,2306603,Green Eletron,PEV fixo,Inativo,11/01/2019
3305307-011,2022,RJ,SÃO SEBASTIÃO DO ALTO,3305307,Green Eletron,PEV fixo,Ativo,25/09/2021
2901205-001,2022,BA,Anage,2901205,Green Eletron,PEV fixo,Ativo,16/04/2022
5000906-000,2022,MS,  Antônio João ,5000906,Sistema individual,PEV fixo,Ativo,19/10/2022
3106200-210,2022,MG,Belo Horizonte,3106200,ABREE,PEV fixo,Ativo,16/10/2022
3303302-007,2022,RJ,Niterói,3303302,ABREE,Campanha itinerante,Ativo,05/08/2021
5214507-000,2022,GO,Nerópolis,5214507,ABREE,PEV fixo,Ativo,04/05/2020
4213708-000,2022,SC,Pouso Redondo,4213708,Green Eletron,PEV fixo,Ativo,09/10/2021
2304400-059,2022,CE,FORTALEZA,2304400,Green Eletron,Ponto de consolidação,Ativo,18/06/2021
1718808-000,2022,TO,  Sampaio ,1718808,Green Eletron,PEV fixo,Ativo,13/12/2020
1304260-003,2022,AM,UARINI,1304260,Green Eletron,PEV fixo,Ativo,08/09/2022
2304400-005,2022,CE,Fortaleza,2304400,ABREE,PEV fixo,Ativo,05/04/2019
3532801-000,2022,SP,Nova Aliança,3532801,Sistema individual,PEV fixo,Ativo,19/08/2022
3304557-124,2022,RJ,RIO DE JANEIRO,3304557,ABREE,Campanha itinerante,Ativo,09/04/2022
3525854-000,2022,SP,Jumirim,3525854,Green Eletron,PEV fixo,Ativo,10/03/2021
3550308-228,2022,SP,São Paulo,3550308,ABREE,PEV fixo,Ativo,21/06/2021
3529708-002,2022,SP,Miguelópolis,3529708,ABREE,PEV fixo,Ativo,17/01/2022
3304557-131,2022,RJ,  Rio de Janeiro ,3304557,ABREE,PEV fixo,Ativo,08/07/2022
1501204-005,2022,PA,Baião,1501204,Green Eletron,PEV fixo,Ativo,07/07/2020
3106200-193,2022,MG,  Belo Horizonte ,3106200,ABREE,Campanha itinerante,Ativo,19/08/2022
2304251-004,2022,CE,Cruz,2304251,Green Eletron,PEV fixo,Ativo,23/02/2020
3304557-132,2022,RJ,Rio de Janeiro,3304557,ABREE,PEV fixo,Ativo,08/08/2022
3171808-000,2022,MG,VIRGINÓPOLIS,3171808,ABREE,PEV fixo,Ativo,02/12/2021
2211001-001,2022,PI,Teresina,2211001,ABREE,PEV fixo,Ativo,23/02/2019
4122602-000,2022,PR,Rondon,4122602,ABREE,PEV fixo,Ativo,02/06/2020
5215207-005,2022,GO,NOVO BRASIL,5215207,Green Eletron,PEV fixo,Ativo,07/09/2021
2404606-000,2022,RN,Ielmo Marinho,2404606,ABREE,Ponto de consolidação,Ativo,06/06/2022
2803609-000,2022,SE,Laranjeiras,2803609,ABREE,PEV fixo,Ativo,06/04/2020
5208707-016,2022,GO,Goiânia,5208707,ABREE,PEV fixo,Ativo,04/11/2021
3532827-000,2022,SP,Nova Campina,3532827,Green Eletron,Ponto de consolidação,Ativo,24/09/2020
2206720-000,2022,PI,Nazária,2206720,Green Eletron,PEV fixo,Ativo,10/07/2022
4122107-000,2022,PR,Rio Bom,4122107,Green Eletron,PEV fixo,Ativo,12/08/2020
3202454-003,2022,ES,Ibatiba,3202454,Green Eletron,PEV fixo,Ativo,15/09/2022
1714302-000,2022,TO,Nazare,1714302,Green Eletron,PEV fixo,Ativo,04/04/2019
3106200-060,2022,MG,Belo Horizonte,3106200,ABREE,Campanha itinerante,Ativo,01/03/2020
3169307-001,2022,MG,TRÊS CORAÇÕES,3169307,Sistema individual,PEV fixo,Ativo,05/09/2020
3301108-005,2022,RJ,Cantagalo,3301108,Green Eletron,PEV fixo,Ativo,11/07/2020
3161056-000,2022,MG,São Félix de Minas,3161056,ABREE,Ponto de consolidação,Ativo,05/04/2021
4106902-004,2022,PR,CURITIBA,4106902,Green Eletron,PEV fixo,Ativo,06/02/2020
3544004-003,2022,SP,Rio das Pedras,3544004,ABREE,PEV fixo,Ativo,09/02/2022
1507151-000,2022,PA,SÃO DOMINGOS DO ARAGUAIA,1507151,Green Eletron,PEV fixo,Ativo,15/06/2019
3106200-108,2022,MG,Belo Horizonte,3106200,ABREE,PEV fixo,Ativo,26/06/2021
3304557-098,2022,RJ,Rio de Janeiro,3304557,Sistema individual,PEV fixo,Ativo,25/08/2021
2304400-013,2022,CE,Fortaleza,2304400,Green Eletron,PEV fixo,Ativo,08/03/2019
2927408-009,2022,BA,Salvador,2927408,ABREE,PEV fixo,Ativo,12/06/2019
3106200-106,2022,MG,Belo Horizonte,3106200,Green Eletron,PEV fixo,Ativo,11/04/2021
3555109-013,2022,SP,TUPI PAULISTA,3555109,Green Eletron,PEV fixo,Inativo,13/09/2022
1501402-021,2022,PA,Belém,1501402,Green Eletron,PEV fixo,Ativo,05/03/2022
1400175-000,2022,RR,Cantá,1400175,ABREE,PEV fixo,Ativo,18/12/2022
1300680-000,2022,AM,BOA VISTA DO RAMOS,1300680,ABREE,PEV fixo,Ativo,15/01/2022
3304557-115,2022,RJ,RIO DE JANEIRO,3304557,Green Eletron,Ponto de consolidação,Ativo,15/06/2022
3538808-002,2022,SP,Piraju,3538808,ABREE,Campanha itinerante,Ativo,25/07/2019
2708709-000,2022,AL,SÃO MIGUEL DOS MILAGRES,2708709,ABREE,PEV fixo,Ativo,11/01/2021
3106200-041,2022,MG,Belo Horizonte,3106200,ABREE,PEV fixo,Ativo,26/05/2020
2802205-000,2022,SE,Feira Nova,2802205,Sistema individual,Ponto de consolidação,Ativo,07/07/2020
3305752-000,2022,RJ,Tanguá,3305752,Green Eletron,PEV fixo,Ativo,06/10/2020
3109709-000,2022,MG,CACHOEIRA DE MINAS,3109709,Green Eletron,PEV fixo,Ativo,21/08/2021
5215306-000,2022,GO,Orizona,5215306,Green Eletron,Campanha itinerante,Ativo,28/03/2022
4117701-000,2022,PR,Palmeira,4117701,ABREE,PEV fixo,Ativo,02/04/2021
4205407-038,2022,SC,Florianópolis,4205407,Green Eletron,PEV fixo,Ativo,27/06/2020
5103403-009,2022,MT,Cuiaba,5103403,Green Eletron,Ponto de consolidação,Ativo,18/01/2022
3142254-000,2022,MG,MIRAVÂNIA,3142254,Green Eletron,PEV fixo,Ativo,27/05/2022
2927408-093,2022,BA,Salvador,2927408,ABREE,PEV fixo,Ativo,22/05/2021
3501103-003,2022,SP,Alto Alegre,3501103,ABREE,PEV fixo,Ativo,14/11/2022
3302908-004,2022,RJ,Miguel Pereira,3302908,Green Eletron,PEV fixo,Ativo,15/05/2021
3108305-000,2022,MG,Borda da Mata,3108305,ABREE,PEV fixo,Ativo,24/09/2019
2111300-008,2022,MA,Sao Luis,2111300,ABREE,PEV fixo,Ativo,02/12/2019
3135209-000,2022,MG,JANUÁRIA,3135209,ABREE,PEV fixo,Ativo,13/03/2020
2106672-000,2022,MA,MILAGRES DO MARANHÃO,2106672,Sistema individual,PEV fixo,Ativo,23/01/2021
2611606-067,2022,PE,  Recife ,2611606,ABREE,Ponto de consolidação,Ativo,23/11/2022
2927408-020,2022,BA,SALVADOR,2927408,ABREE,PEV fixo,Ativo,07/01/2019
2210631-000,2022,PI,Sebastiao Leal,2210631,Green Eletron,PEV fixo,Ativo,03/07/2020
5300108-040,2022,DF,Brasília,5300108,ABREE,PEV fixo,Ativo,15/02/2020
2604106-000,2022,PE,CARUARU,2604106,Green Eletron,PEV fixo,Ativo,18/05/2021
3550308-266,2022,SP,São Paulo,3550308,ABREE,PEV fixo,Ativo,03/05/2022
2927408-021,2022,BA,Salvador,2927408,Sistema individual,PEV fixo,Ativo,10/01/2019
4210407-000,2022,SC,Maracaja,4210407,Green Eletron,PEV fixo,Ativo,12/03/2019
3301108-004,2022,RJ,  Cantagalo ,3301108,Green Eletron,PEV fixo,Ativo,14/02/2020
4205407-064,2022,SC,Florianópolis,4205407,Green Eletron,PEV fixo,Ativo,16/08/2022
4106902-030,2022,PR,Curitiba,4106902,ABREE,PEV fixo,Ativo,01/10/2021
3550308-320,2022,SP,  São Paulo ,,Green Eletron,PEV fixo,Ativo,08/06/2022
5300108-032,2022,DF,Brasilia,5300108,Green Eletron,PEV fixo,Ativo,08/09/2020
2503753-000,2022,PB,CAJAZEIRINHAS,2503753,Green Eletron,Ponto de consolidação,Ativo,09/08/2019
3301108-007,2022,RJ,  Cantagalo ,3301108,Green Eletron,Ponto de consolidação,Ativo,21/04/2020
2408102-017,2022,RN,  Natal ,2408102,ABREE,PEV fixo,Ativo,03/02/2022
3532843-000,2022,SP,NOVA CANAÃ PAULISTA,3532843,ABREE,PEV fixo,Ativo,17/10/2020
4309126-000,2022,RS,Gramado dos Loureiros,4309126,ABREE,PEV fixo,Ativo,15/05/2020
2800308-013,2022,SE,Aracaju,2800308,ABREE,Ponto de consolidação,Ativo,20/03/2020
3306305-000,2022,RJ,Volta Redonda,3306305,Green Eletron,PEV fixo,Ativo,11/09/2022
3141504-000,2022,MG,  Mendes Pimentel ,3141504,Green Eletron,PEV fixo,Ativo,12/08/2021
2408102-012,2022,RN,Natal,2408102,Green Eletron,PEV fixo,Ativo,07/07/2021
3106200-094,2022,MG,Belo Horizonte,3106200,ABREE,PEV fixo,Ativo,06/07/2020
2111300-060,2022,MA,São Luís,2111300,ABREE,PEV fixo,Ativo,18/11/2021
2904050-000,2022,BA,  Bonito ,2904050,ABREE,PEV fixo,Ativo,19/05/2021
4305447-000,2022,RS,  Chuvisca ,4305447,Green Eletron,Ponto de consolidação,Ativo,04/06/2022
5106158-000,2022,MT,Nova Bandeirantes,5106158,Green Eletron,PEV fixo,Ativo,12/09/2021
4305371-000,2022,RS,Charrua,4305371,Green Eletron,PEV fixo,Ativo,25/08/2019
2205953-000,2022,PI,  Marcolândia ,2205953,Green Eletron,PEV fixo,Ativo,28/05/2020
3538808-028,2022,SP,PIRAJU,3538808,ABREE,PEV fixo,Ativo,26/07/2022
4313334-004,2022,RS,Nova Ramada,4313334,ABREE,PEV fixo,Ativo,13/08/2022
5002902-001,2022,MS,CASSILÂNDIA,5002902,ABREE,PEV fixo,Ativo,28/01/2022
3165206-000,2022,MG,São Thomé das Letras,3165206,Green Eletron,PEV fixo,Inativo,08/04/2020
4118006-000,2022,PR,Paraíso do Norte,4118006,ABREE,PEV fixo,Ativo,03/09/2019
2611606-003,2022,PE,RECIFE,2611606,ABREE,Campanha itinerante,Ativo,08/03/2020
3550308-223,2022,SP,  São Paulo ,3550308,ABREE,Campanha itinerante,Ativo,20/12/2021
2921005-000,2022,BA,Mata de São João,2921005,ABREE,Campanha itinerante,Ativo,03/09/2021
3531308-001,2022,SP,Monte Alto,3531308,Green Eletron,Campanha itinerante,Ativo,03/01/2020
4213203-000,2022,SC,Pomerode,4213203,ABREE,PEV fixo,Ativo,27/07/2022
2609709-000,2022,PE,OROBÓ,2609709,ABREE,PEV fixo,Ativo,26/01/2022
2616183-000,2022,PE,Vertente do Lério,2616183,Sistema individual,PEV fixo,Ativo,28/01/2019
2611606-049,2022,PE,Recife,2611606,ABREE,PEV fixo,Ativo,24/03/2021
4314902-040,2022,RS,Porto Alegre,4314902,ABREE,PEV fixo,Ativo,07/11/2020
3143708-000,2022,MG,MORRO DO PILAR,3143708,ABREE,Campanha itinerante,Ativo,03/09/2022
2100303-000,2022,MA,Aldeias Altas,2100303,ABREE,Ponto de consolidação,Ativo,12/02/2019
1701051-000,2022,TO,Angico,1701051,ABREE,PEV fixo,Ativo,05/09/2020
3106200-036,2022,MG,Belo Horizonte,3106200,ABREE,PEV fixo,Ativo,06/09/2020
3106200-019,2022,MG,Belo Horizonte,3106200,ABREE,PEV fixo,Ativo,22/01/2020
3167400-000,2022,MG,Silvianopolis,3167400,Green Eletron,PEV fixo,Ativo,22/02/2022
3557006-004,2022,SP,VOTORANTIM,3557006,ABREE,PEV fixo,Ativo,21/06/2022
2610103-001,2022,PE,Palmeirina,2610103,ABREE,PEV fixo,Ativo,10/08/2021
3550308-006,2022,SP,  São Paulo ,3550308,ABREE,PEV fixo,Ativo,22/02/2019
3142908-000,2022,MG,Monte Azul,3142908,Green Eletron,PEV fixo,Ativo,08/01/2020
2209104-000,2022,PI,  Santa Cruz do Piauí ,2209104,ABREE,PEV fixo,Ativo,16/01/2022
3556909-000,2022,SP,  Vista Alegre do Alto ,3556909,Sistema individual,PEV fixo,Ativo,03/06/2019
3304557-065,2022,RJ,Rio de Janeiro,3304557,ABREE,PEV fixo,Ativo,21/12/2020
2922805-001,2022,BA,Nova Itarana,2922805,Green Eletron,PEV fixo,Ativo,17/02/2022
3302106-002,2022,RJ,Itaocara,3302106,ABREE,PEV fixo,Ativo,10/08/2020
2800308-022,2022,SE,  Aracaju ,2800308,Green Eletron,PEV fixo,Ativo,08/11/2022
4204400-000,2022,SC,Coronel Freitas,4204400,Green Eletron,PEV fixo,Ativo,26/04/2019
3304557-053,2022,RJ,Rio de Janeiro,3304557,ABREE,PEV fixo,Ativo,15/03/2020
3160207-004,2022,MG,Santo Antonio do Itambe,3160207,ABREE,PEV fixo,Ativo,03/11/2020
4205407-028,2022,SC,FLORIANÓPOLIS,4205407,Green Eletron,Campanha itinerante,Ativo,15/10/2020
3550308-265,2022,SP,Sao Paulo,3550308,Green Eletron,PEV fixo,Ativo,28/07/2022
3106200-084,2022,MG,Belo Horizonte,3106200,Green Eletron,PEV fixo,Ativo,05/06/2020
2109304-000,2022,MA,Presidente Vargas,2109304,ABREE,PEV fixo,Ativo,01/02/2021
2927408-064,2022,BA,Salvador,2927408,ABREE,PEV fixo,Ativo,23/03/2020
3518503-000,2022,SP,Guareí,3518503,ABREE,PEV fixo,Ativo,09/07/2022
2304400-036,2022,CE,  Fortaleza ,2304400,ABREE,PEV fixo,Ativo,13/11/2020
3550308-027,2022,SP,Sao Paulo,3550308,Green Eletron,Campanha itinerante,Ativo,12/12/2019
2406106-000,2022,RN,Jucurutu,2406106,ABREE,PEV fixo,Ativo,03/03/2019
2509206-000,2022,PB,Massaranduba,2509206,ABREE,PEV fixo,Ativo,28/09/2019
4106902-044,2022,PR,Curitiba,4106902,Green Eletron,PEV fixo,Ativo,19/05/2021
3521507-000,2022,SP,Irapuã,3521507,Green Eletron,PEV fixo,Ativo,22/11/2019
3302502-000,2022,RJ,Magé,3302502,Green Eletron,PEV fixo,Ativo,24/07/2020
4126678-000,2022,PR,Tamarana,4126678,ABREE,PEV fixo,Ativo,12/09/2022
2314102-000,2022,CE,Viçosa do Ceará,2314102,Green Eletron,PEV fixo,Ativo,13/09/2019
2925501-000,2022,BA,Prado,,Green Eletron,PEV fixo,Ativo,17/03/2020
4310652-000,2022,RS,ITATI,4310652,Sistema individual,PEV fixo,Inativo,14/09/2019
3532504-002,2022,SP,  Neves Paulista ,3532504,ABREE,PEV fixo,Ativo,05/08/2020
2513901-000,2022,PB,São Bento,2513901,ABREE,PEV fixo,Ativo,05/01/2020
3506904-003,2022,SP,Bofete,3506904,Green Eletron,Ponto de consolidação,Ativo,21/11/2022
3550308-164,2022,SP,SÃO PAULO,3550308,Green Eletron,PEV fixo,Ativo,04/08/2020
3542404-000,2022,SP,Regente Feijo,3542404,ABREE,PEV fixo,Inativo,25/07/2022
3547403-000,2022,SP,SANTA RITA D'OESTE,3547403,ABREE,Campanha itinerante,Ativo,19/11/2021
2211001-022,2022,PI,Teresina,2211001,Green Eletron,PEV fixo,Ativo,09/08/2022
3153301-000,2022,MG,PRESIDENTE KUBITSCHEK,3153301,ABREE,Campanha itinerante,Ativo,13/07/2019
2210409-000,2022,PI,São Miguel do Tapuio,2210409,Green Eletron,PEV fixo,Ativo,23/02/2019
3538808-005,2022,SP,Piraju,3538808,Sistema individual,PEV fixo,Ativo,04/03/2019
5300108-081,2022,DF,Brasília,5300108,ABREE,PEV fixo,Ativo,04/06/2022
3300902-004,2022,RJ,Cambuci,3300902,ABREE,Ponto de consolidação,Ativo,21/03/2021
1721000-005,2022,TO,Palmas,1721000,Green Eletron,PEV fixo,Ativo,18/08/2020
2209500-000,2022,PI,Santo Inácio do Piauí,2209500,ABREE,PEV fixo,Ativo,08/08/2020
3205176-000,2022,ES,Vila Valério,3205176,Green Eletron,PEV fixo,Ativo,06/11/2021
1504059-000,2022,PA,Mãe do Rio,1504059,ABREE,PEV fixo,Ativo,15/04/2022
1507151-005,2022,PA,SÃO DOMINGOS DO ARAGUAIA,1507151,Green Eletron,PEV fixo,Ativo,26/07/2022
2107209-000,2022,MA,Nina Rodrigues,2107209,ABREE,PEV fixo,Ativo,06/11/2021
3556453-000,2022,SP,  Vargem Grande Paulista ,3556453,Green Eletron,PEV fixo,Ativo,15/01/2019
4314902-030,2022,RS,Porto Alegre,4314902,ABREE,PEV fixo,Ativo,15/02/2020
5215207-003,2022,GO,Novo Brasil,5215207,Green Eletron,Ponto de consolidação,Ativo,27/05/2020
2932101-000,2022,BA,UBAÍRA,2932101,ABREE,PEV fixo,Ativo,05/12/2021
3550308-079,2022,SP,São Paulo,3550308,Green Eletron,PEV fixo,Ativo,11/07/2019
3550308-286,2022,SP,SÃO PAULO,3550308,ABREE,Campanha itinerante,Inativo,04/03/2022
3550308-085,2022,SP,  São Paulo ,3550308,ABREE,PEV fixo,Ativo,26/08/2019
2501401-000,2022,PB,BAÍA DA TRAIÇÃO,2501401,ABREE,PEV fixo,Ativo,26/07/2022
4314902-027,2022,RS,PORTO ALEGRE,4314902,ABREE,PEV fixo,Ativo,11/12/2020
3167905-000,2022,MG,Tabuleiro,3167905,Green Eletron,PEV fixo,Ativo,26/02/2019
2608602-000,2022,PE,LAGOA DO OURO,2608602,ABREE,PEV fixo,Ativo,23/08/2022
2104057-000,2022,MA,Estreito,2104057,Green Eletron,PEV fixo,Ativo,03/10/2021
3550308-132,2022,SP,SÃO PAULO,3550308,ABREE,PEV fixo,Ativo,26/05/2020
2910909-000,2022,BA,Firmino Alves,2910909,Green Eletron,PEV fixo,Ativo,09/03/2020
2313559-000,2022,CE,Tururu,2313559,ABREE,PEV fixo,Ativo,05/03/2022
3125804-000,2022,MG,Fernandes Tourinho,3125804,ABREE,PEV fixo,Ativo,07/09/2022
2111300-057,2022,MA,São Luís,2111300,Green Eletron,PEV fixo,Ativo,08/03/2021
3106200-151,2022,MG,Belo Horizonte,3106200,ABREE,PEV fixo,Ativo,20/11/2021
4128401-002,2022,PR,Uraí,4128401,ABREE,PEV fixo,Ativo,05/03/2021
4205407-049,2022,SC,Florianópolis,4205407,ABREE,PEV fixo,Ativo,20/05/2021
5300108-039,2022,DF,Brasília,5300108,Green Eletron,PEV fixo,Ativo,06/07/2020
5208707-000,2022,GO,  Goiânia ,5208707,Green Eletron,PEV fixo,Ativo,02/04/2019
4106902-051,2022,PR,Curitiba,4106902,Sistema individual,PEV fixo,Ativo,03/10/2022
4308078-000,2022,RS,FAZENDA VILANOVA,4308078,ABREE,PEV fixo,Ativo,12/08/2019
2111300-083,2022,MA,São Luís,2111300,Sistema individual,PEV fixo,Ativo,05/05/2022
2308609-000,2022,CE,MONSENHOR TABOSA,2308609,ABREE,Campanha itinerante,Ativo,03/11/2021
2103158-000,2022,MA,  Centro do Guilherme ,2103158,ABREE,Ponto de consolidação,Ativo,17/02/2022
3550308-107,2022,SP,São Paulo,3550308,Green Eletron,PEV fixo,Ativo,15/01/2020
2612604-000,2022,PE,Santa Maria da Boa Vista,2612604,ABREE,Ponto de consolidação,Ativo,21/01/2020
3106200-168,2022,MG,Belo Horizonte,3106200,Green Eletron,PEV fixo,Ativo,11/06/2022
5007802-000,2022,MS,Selvíria,5007802,Sistema individual,PEV fixo,Ativo,10/12/2022
3550308-244,2022,SP,Sao Paulo,3550308,Green Eletron,PEV fixo,Ativo,22/02/2021
3552106-000,2022,SP,Socorro,3552106,ABREE,PEV fixo,Ativo,15/10/2020
3550308-260,2022,SP,  São Paulo ,3550308,Green Eletron,Campanha itinerante,Ativo,16/04/2022
2207850-001,2022,PI,Pavussu,2207850,Green Eletron,PEV fixo,Ativo,21/02/2022
3106200-112,2022,MG,Belo Horizonte,3106200,ABREE,PEV fixo,Ativo,20/05/2021
2903102-000,2022,BA,Barra do Rocha,2903102,ABREE,PEV fixo,Ativo,07/09/2020
3539301-000,2022,SP,Pirassununga,3539301,ABREE,Ponto de consolidação,Ativo,17/01/2021
3302502-005,2022,RJ,Magé,3302502,ABREE,Ponto de consolidação,Ativo,09/05/2022
2414407-000,2022,RN,Touros,2414407,ABREE,PEV fixo,Ativo,04/06/2022
2304400-010,2022,CE,Fortaleza,2304400,Green Eletron,PEV fixo,Ativo,23/04/2019
4205407-076,2022,SC,Florianópolis,4205407,Green Eletron,Campanha itinerante,Ativo,27/04/2022
2108900-000,2022,MA,Poção de Pedras,2108900,Green Eletron,PEV fixo,Ativo,25/10/2022
3527108-000,2022,SP,Lins,3527108,ABREE,PEV fixo,Ativo,18/04/2019
3550308-001,2022,SP,São Paulo,3550308,ABREE,PEV fixo,Ativo,01/11/2019
5300108-027,2022,DF,Brasília,5300108,ABREE,Campanha itinerante,Ativo,23/01/2019
2507507-011,2022,PB,Joao Pessoa,2507507,Green Eletron,PEV fixo,Ativo,18/05/2022
2704302-008,2022,AL,Maceio,2704302,Green Eletron,Ponto de consolidação,Ativo,14/09/2022
4211603-000,2022,SC,NOVA VENEZA,4211603,Green Eletron,PEV fixo,Ativo,28/10/2019
4106902-001,2022,PR,Curitiba,4106902,Green Eletron,PEV fixo,Ativo,28/05/2020
3515152-000,2022,SP,Engenheiro Coelho,3515152,Sistema individual,PEV fixo,Ativo,03/05/2020
5300108-030,2022,DF,Brasília,5300108,ABREE,PEV fixo,Ativo,22/07/2019
3119906-000,2022,MG,Corrego do Bom Jesus,3119906,Green Eletron,PEV fixo,Ativo,26/11/2019
3119005-000,2022,MG,Cordislândia,3119005,Green Eletron,PEV fixo,Ativo,03/03/2022
2111300-021,2022,MA,SÃO LUÍS,2111300,Green Eletron,PEV fixo,Ativo,08/03/2019
3124807-000,2022,MG,Estrela do Sul,3124807,ABREE,PEV fixo,Ativo,13/02/2022
1503093-002,2022,PA,  Goianésia do Pará ,1503093,ABREE,PEV fixo,Ativo,03/03/2022
3201001-000,2022,ES,BOA ESPERANÇA,3201001,Green Eletron,PEV fixo,Ativo,27/10/2020
3514403-000,2022,SP,Dracena,3514403,ABREE,PEV fixo,Ativo,03/03/2019
3106200-181,2022,MG,Belo Horizonte,3106200,Green Eletron,PEV fixo,Ativo,16/10/2022
4321667-000,2022,RS,  Três Cachoeiras ,4321667,ABREE,Campanha itinerante,Ativo,27/03/2020
4309100-000,2022,RS,GRAMADO,4309100,Green Eletron,PEV fixo,Ativo,10/04/2021
1500909-000,2022,PA,Augusto Corrêa,1500909,Green Eletron,PEV fixo,Ativo,18/04/2021
2612208-000,2022,PE,SALGUEIRO,2612208,Sistema individual,PEV fixo,Ativo,24/06/2022
3540002-000,2022,SP,Pompéia,3540002,ABREE,PEV fixo,Ativo,15/02/2022
1200401-005,2022,AC,RIO BRANCO,1200401,Green Eletron,PEV fixo,Ativo,07/02/2022
5208707-017,2022,GO,Goiânia,5208707,Green Eletron,PEV fixo,Ativo,19/04/2022
2606408-000,2022,PE,Gravatá,2606408,ABREE,PEV fixo,Ativo,02/02/2021
2207306-000,2022,PI,PAES LANDIM,2207306,Green Eletron,PEV fixo,Ativo,26/08/2019
1508209-006,2022,PA,Vigia,1508209,ABREE,PEV fixo,Ativo,19/04/2021
1717909-000,2022,TO,Ponte Alta do Tocantins,1717909,ABREE,PEV fixo,Ativo,21/12/2019
2929354-000,2022,BA,São José da Vitória,2929354,ABREE,PEV fixo,Ativo,11/07/2020
2406809-000,2022,RN,  Lajes Pintadas ,2406809,ABREE,PEV fixo,Ativo,21/10/2022
3534708-000,2022,SP,  Ourinhos ,3534708,ABREE,PEV fixo,Ativo,22/02/2019
5300108-046,2022,DF,BRASÍLIA,5300108,ABREE,PEV fixo,Ativo,20/11/2020
4305959-000,2022,RS,Cotiporã,4305959,Green Eletron,PEV fixo,Ativo,06/12/2021
1707702-000,2022,TO,FILADÉLFIA,1707702,ABREE,PEV fixo,Ativo,02/02/2021
3530102-001,2022,SP,Mirandópolis,3530102,ABREE,PEV fixo,Ativo,05/08/2020
3304557-046,2022,RJ,  Rio de Janeiro ,3304557,ABREE,Campanha itinerante,Ativo,03/09/2020
5300108-048,2022,DF,BRASÍLIA,5300108,ABREE,PEV fixo,Ativo,26/01/2020
4218855-000,2022,SC,UNIÃO DO OESTE,4218855,Green Eletron,PEV fixo,Ativo,03/12/2021
3541653-002,2022,SP,QUADRA,3541653,Green Eletron,Ponto de consolidação,Ativo,14/06/2020
2302107-002,2022,CE,BATURITÉ,2302107,ABREE,PEV fixo,Ativo,01/02/2020
3158409-000,2022,MG,  Santana de Cataguases ,3158409,Green Eletron,Campanha itinerante,Ativo,17/01/2019
3304557-085,2022,RJ,RIO DE JANEIRO,3304557,ABREE,Ponto de consolidação,Ativo,18/09/2021
2921302-000,2022,BA,Milagres,2921302,ABREE,PEV fixo,Ativo,27/10/2022
3115474-000,2022,MG,Catuti,3115474,ABREE,PEV fixo,Ativo,16/04/2021
1502855-000,2022,PA,CURUÁ,1502855,Green Eletron,PEV fixo,Ativo,14/03/2021
3523701-000,2022,SP,  Itirapuã ,3523701,ABREE,PEV fixo,Ativo,10/05/2022
2511004-000,2022,PB,Pedra Branca,2511004,Green Eletron,PEV fixo,Ativo,23/10/2019
4215752-000,2022,SC,São Bernardino,4215752,Green Eletron,PEV fixo,Ativo,13/04/2019
4122206-000,2022,PR,RIO BRANCO DO SUL,4122206,Green Eletron,PEV fixo,Ativo,28/07/2019
3168200-000,2022,MG,TAPIRAÍ,3168200,Green Eletron,PEV fixo,Ativo,22/07/2019
4322186-000,2022,RS,Tupanci do Sul,4322186,Green Eletron,PEV fixo,Ativo,05/04/2019
2307106-000,2022,CE,JARDIM,2307106,Sistema individual,PEV fixo,Ativo,03/05/2020
4304853-000,2022,RS,Carlos Gomes,4304853,ABREE,PEV fixo,Ativo,02/08/2022
1302603-004,2022,AM,MANAUS,1302603,ABREE,PEV fixo,Ativo,12/10/2020
3550308-039,2022,SP,SÃO PAULO,3550308,ABREE,PEV fixo,Ativo,25/11/2019
4306320-000,2022,RS,Derrubadas,4306320,Green Eletron,PEV fixo,Ativo,11/05/2019
3111903-000,2022,MG,Cana Verde,3111903,Green Eletron,Ponto de consolidação,Ativo,04/07/2019
3538808-020,2022,SP,Piraju,3538808,ABREE,PEV fixo,Ativo,10/06/2021
4312658-001,2022,RS,Não-Me-Toque,4312658,ABREE,PEV fixo,Ativo,04/12/2022
4106902-052,2022,PR,Curitiba,4106902,ABREE,PEV fixo,Ativo,01/06/2022
5106190-000,2022,MT,NOVA SANTA HELENA,,Green Eletron,PEV fixo,Ativo,25/12/2019
3304557-078,2022,RJ,Rio de Janeiro,3304557,ABREE,Ponto de consolidação,Ativo,28/08/2021
3551900-001,2022,SP,Severínia,3551900,ABREE,PEV fixo,Ativo,09/10/2021
4314902-022,2022,RS,  Porto Alegre ,4314902,ABREE,PEV fixo,Ativo,19/10/2020
1304005-004,2022,AM,Silves,1304005,ABREE,Campanha itinerante,Ativo,02/07/2022
2304608-000,2022,CE,General Sampaio,2304608,Green Eletron,PEV fixo,Ativo,28/10/2021
2800308-014,2022,SE,  Aracaju ,2800308,Green Eletron,PEV fixo,Ativo,03/03/2021
2304251-003,2022,CE,Cruz,2304251,Green Eletron,PEV fixo,Ativo,18/05/2019
4106902-064,2022,PR,Curitiba,4106902,Green Eletron,Ponto de consolidação,Ativo,02/09/2022
4304309-000,2022,RS,  Cândido Godói ,4304309,ABREE,PEV fixo,Ativo,19/11/2022
2800308-012,2022,SE,Aracaju,2800308,ABREE,PEV fixo,Ativo,02/11/2020
3304557-102,2022,RJ,  Rio de Janeiro ,3304557,Sistema individual,PEV fixo,Ativo,21/01/2021
3301702-001,2022,RJ,Duque de Caxias,3301702,Green Eletron,Ponto de consolidação,Ativo,18/06/2022
3553302-000,2022,SP,Tambaú,3553302,Green Eletron,PEV fixo,Ativo,15/09/2022
3142502-000,2022,MG,MONJOLOS,3142502,Green Eletron,PEV fixo,Ativo,20/05/2021
3550308-058,2022,SP,SÃO PAULO,3550308,ABREE,PEV fixo,Ativo,15/02/2019
4323002-000,2022,RS,Viamao,4323002,ABREE,PEV fixo,Ativo,07/01/2019
3517703-002,2022,SP,  Guará ,3517703,ABREE,PEV fixo,Ativo,03/02/2021
4314902-064,2022,RS,Porto Alegre,4314902,ABREE,PEV fixo,Ativo,14/09/2021
4315206-001,2022,RS,Putinga,4315206,ABREE,Ponto de consolidação,Ativo,18/12/2022
4314902-095,2022,RS,PORTO ALEGRE,4314902,ABREE,PEV fixo,Ativo,24/03/2022
3106200-201,2022,MG,BELO HORIZONTE,3106200,Green Eletron,PEV fixo,Ativo,03/03/2022
1302702-000,2022,AM,Manicoré,1302702,ABREE,PEV fixo,Ativo,09/06/2022
2304400-074,2022,CE,Fortaleza,2304400,ABREE,PEV fixo,Ativo,21/10/2022
3300258-003,2022,RJ,Arraial do Cabo,3300258,Green Eletron,PEV fixo,Ativo,11/08/2022
4108601-000,2022,PR,Goioerê,4108601,ABREE,PEV fixo,Ativo,21/04/2022
2507507-010,2022,PB,Joao Pessoa,2507507,ABREE,PEV fixo,Ativo,16/03/2021
4307559-000,2022,RS,ESTAÇÃO,4307559,ABREE,PEV fixo,Ativo,27/10/2020
2111300-040,2022,MA,São Luís,2111300,ABREE,PEV fixo,Ativo,11/04/2020
2111300-054,2022,MA,São Luís,2111300,Green Eletron,PEV fixo,Ativo,14/09/2021
4309308-000,2022,RS,Guaiba,4309308,ABREE,PEV fixo,Ativo,27/09/2019
3302908-000,2022,RJ,MIGUEL PEREIRA,3302908,Green Eletron,PEV fixo,Ativo,01/09/2019
3302858-002,2022,RJ,Mesquita,3302858,ABREE,PEV fixo,Ativo,23/11/2022
2932002-000,2022,BA,UAUÁ,2932002,Green Eletron,PEV fixo,Ativo,24/12/2020
4124400-000,2022,PR,SANTO ANTÔNIO DO SUDOESTE,4124400,ABREE,PEV fixo,Ativo,15/04/2019
2108405-000,2022,MA,Peri Mirim,2108405,Green Eletron,PEV fixo,Ativo,26/08/2020
2927408-101,2022,BA,Salvador,2927408,Green Eletron,Campanha itinerante,Ativo,12/06/2021
2903300-000,2022,BA,Barro Preto,2903300,ABREE,PEV fixo,Ativo,01/09/2022
2304400-033,2022,CE,Fortaleza,2304400,Green Eletron,PEV fixo,Ativo,14/02/2020
4311429-000,2022,RS,LAJEADO DO BUGRE,4311429,Sistema individual,Campanha itinerante,Ativo,13/07/2019
2927408-015,2022,BA,Salvador,2927408,ABREE,PEV fixo,Ativo,10/08/2019
3550308-047,2022,SP,  São Paulo ,3550308,Green Eletron,PEV fixo,Ativo,17/12/2019
3532009-010,2022,SP,Morungaba,3532009,ABREE,PEV fixo,Ativo,24/12/2021
4106902-056,2022,PR,Curitiba,4106902,Sistema individual,PEV fixo,Ativo,05/12/2022
3549250-001,2022,SP,SÃO JOÃO DE IRACEMA,3549250,ABREE,PEV fixo,Ativo,18/02/2019
4106902-045,2022,PR,Curitiba,4106902,ABREE,PEV fixo,Ativo,20/02/2021
3513009-010,2022,SP,  Cotia ,3513009,ABREE,PEV fixo,Ativo,04/04/2022
4120150-000,2022,PR,Porto Barreiro,4120150,Green Eletron,PEV fixo,Ativo,07/08/2019
3301876-001,2022,RJ,Iguaba Grande,3301876,ABREE,PEV fixo,Ativo,25/04/2020
3169307-004,2022,MG,Três Corações,3169307,Green Eletron,PEV fixo,Ativo,22/10/2022
2313708-000,2022,CE,Umari,2313708,Green Eletron,PEV fixo,Ativo,10/12/2019
1508209-008,2022,PA,Vigia,1508209,ABREE,PEV fixo,Ativo,22/05/2022
2916609-000,2022,BA,Itapitanga,2916609,ABREE,PEV fixo,Ativo,09/10/2019
4103909-000,2022,PR,Campina da Lagoa,4103909,ABREE,PEV fixo,Ativo,18/07/2020
3500600-000,2022,SP,Aguas de Sao Pedro,3500600,Green Eletron,PEV fixo,Ativo,11/09/2021
3301405-000,2022,RJ,Conceição de Macabu,3301405,ABREE,PEV fixo,Ativo,03/06/2019
3300308-003,2022,RJ,Barra do Pirai,3300308,Sistema individual,PEV fixo,Ativo,25/02/2019
4310439-000,2022,RS,Ipe,4310439,ABREE,PEV fixo,Ativo,01/07/2019
4314902-109,2022,RS,Porto Alegre,4314902,ABREE,PEV fixo,Ativo,16/06/2022
3304557-090,2022,RJ,Rio de Janeiro,3304557,ABREE,PEV fixo,Ativo,02/06/2021
2611606-048,2022,PE,Recife,2611606,ABREE,PEV fixo,Ativo,05/08/2021
1708205-000,2022,TO,  Formoso do Araguaia ,1708205,Green Eletron,Campanha itinerante,Ativo,24/07/2019
3546009-005,2022,SP,Santa Branca,3546009,Green Eletron,Campanha itinerante,Ativo,23/12/2021
4320263-000,2022,RS,Segredo,,ABREE,PEV fixo,Ativo,12/09/2022
2302107-004,2022,CE,Baturité,2302107,Green Eletron,PEV fixo,Ativo,13/05/2021
3136579-003,2022,MG,  Josenópolis ,3136579,ABREE,PEV fixo,Ativo,19/04/2022
3106002-001,2022,MG,Bela Vista de Minas,3106002,Green Eletron,PEV fixo,Ativo,17/03/2022
1300805-000,2022,AM,Borba,1300805,Green Eletron,PEV fixo,Ativo,13/09/2021
3550308-053,2022,SP,Sao Paulo,3550308,ABREE,PEV fixo,Ativo,02/01/2019
3109204-001,2022,MG,Buenópolis,3109204,ABREE,PEV fixo,Ativo,24/03/2022
3304557-116,2022,RJ,Rio de Janeiro,3304557,ABREE,PEV fixo,Inativo,03/05/2022
4314902-036,2022,RS,PORTO ALEGRE,4314902,Green Eletron,PEV fixo,Ativo,13/03/2020
3548401-000,2022,SP,Santópolis do Aguapeí,3548401,ABREE,Ponto de consolidação,Ativo,23/12/2021
3508306-004,2022,SP,CABRÁLIA PAULISTA,3508306,Green Eletron,PEV fixo,Ativo,02/10/2021
4112702-000,2022,PR,Jataizinho,4112702,Green Eletron,PEV fixo,Ativo,01/06/2022
3547908-000,2022,SP,Santo Antônio da Alegria,3547908,ABREE,PEV fixo,Ativo,17/05/2020
3528106-000,2022,SP,Macaubal,3528106,Sistema individual,PEV fixo,Ativo,20/12/2019
4205506-000,2022,SC,Fraiburgo,4205506,Green Eletron,PEV fixo,Ativo,27/09/2020
5300108-074,2022,DF,Brasília,5300108,ABREE,PEV fixo,Ativo,10/05/2022
4217501-000,2022,SC,Seara,4217501,ABREE,Campanha itinerante,Ativo,16/04/2019
3550308-134,2022,SP,SÃO PAULO,3550308,Sistema individual,PEV fixo,Ativo,18/04/2020
4310207-005,2022,RS,Ijuí,4310207,Green Eletron,Campanha itinerante,Ativo,16/09/2021
3550308-152,2022,SP,SÃO PAULO,3550308,Green Eletron,PEV fixo,Ativo,09/08/2020
5300108-044,2022,DF,Brasília,5300108,ABREE,Ponto de consolidação,Ativo,01/08/2020
4205407-027,2022,SC,  Florianópolis ,4205407,ABREE,PEV fixo,Ativo,23/09/2020
2703759-000,2022,AL,JEQUIÁ DA PRAIA,2703759,ABREE,Ponto de consolidação,Ativo,05/02/2020
3550308-025,2022,SP,  São Paulo ,3550308,Green Eletron,PEV fixo,Ativo,20/10/2019
3527801-001,2022,SP,Lupercio,3527801,Sistema individual,PEV fixo,Ativo,25/12/2020
3304557-135,2022,RJ,Rio de Janeiro,3304557,ABREE,PEV fixo,Ativo,21/03/2022
2611606-013,2022,PE,Recife,2611606,Green Eletron,PEV fixo,Ativo,07/09/2020
1304005-003,2022,AM,Silves,1304005,ABREE,PEV fixo,Ativo,26/03/2022
5103908-000,2022,MT,General Carneiro,5103908,ABREE,PEV fixo,Ativo,10/03/2020
2927408-069,2022,BA,SALVADOR,2927408,ABREE,PEV fixo,Ativo,08/10/2020
2905503-001,2022,BA,  Caldeirão Grande ,2905503,Green Eletron,PEV fixo,Ativo,01/11/2020
3162450-000,2022,MG,  São João das Missões ,3162450,Green Eletron,PEV fixo,Ativo,01/09/2021
3132800-000,2022,MG,Itambé do Mato Dentro,3132800,Green Eletron,PEV fixo,Ativo,04/10/2020
3300506-000,2022,RJ,BOM JARDIM,3300506,ABREE,Campanha itinerante,Ativo,14/08/2022
2901205-000,2022,BA,Anage,2901205,ABREE,PEV fixo,Ativo,03/05/2019
3106200-160,2022,MG,Belo Horizonte,3106200,Green Eletron,Campanha itinerante,Ativo,23/09/2022
4313334-000,2022,RS,Nova Ramada,4313334,ABREE,PEV fixo,Ativo,07/07/2019
3157906-000,2022,MG,SANTA MARGARIDA,3157906,Green Eletron,PEV fixo,Ativo,08/09/2022
2507507-007,2022,PB,João Pessoa,2507507,Green Eletron,PEV fixo,Ativo,28/07/2020
5103403-001,2022,MT,Cuiabá,5103403,ABREE,PEV fixo,Ativo,24/10/2019
3149002-000,2022,MG,PEDRA DOURADA,3149002,ABREE,PEV fixo,Ativo,27/07/2019
2507804-000,2022,PB,JUNCO DO SERIDÓ,2507804,ABREE,PEV fixo,Ativo,15/01/2020
3550308-166,2022,SP,São Paulo,3550308,Green Eletron,PEV fixo,Ativo,08/10/2020
4106001-000,2022,PR,CONGONHINHAS,4106001,ABREE,PEV fixo,Ativo,23/01/2019
3526803-007,2022,SP,Lençóis Paulista,3526803,Green Eletron,PEV fixo,Ativo,14/02/2022
3550308-066,2022,SP,Sao Paulo,3550308,ABREE,PEV fixo,Ativo,22/04/2019
1508209-004,2022,PA,VIGIA,1508209,Green Eletron,PEV fixo,Ativo,28/06/2020
2505808-001,2022,PB,Duas Estradas,2505808,ABREE,PEV fixo,Ativo,12/04/2022
3555109-005,2022,SP,Tupi Paulista,3555109,Green Eletron,PEV fixo,Ativo,24/01/2020
2301950-000,2022,CE,Barreira,2301950,ABREE,Campanha itinerante,Ativo,22/07/2020
3551306-001,2022,SP,Sebastianópolis do Sul,3551306,Sistema individual,PEV fixo,Ativo,12/06/2019
3109907-000,2022,MG,Caetanópolis,3109907,ABREE,PEV fixo,Ativo,16/11/2021
4314902-054,2022,RS,Porto Alegre,4314902,ABREE,PEV fixo,Ativo,24/08/2021
2513984-000,2022,PB,Sao Francisco,2513984,Sistema individual,PEV fixo,Ativo,14/12/2020
5300108-065,2022,DF,Brasília,5300108,Green Eletron,PEV fixo,Ativo,07/06/2021
3532900-018,2022,SP,Nova Europa,3532900,Sistema individual,PEV fixo,Ativo,09/05/2022
2902005-000,2022,BA,Aracatu,2902005,ABREE,PEV fixo,Ativo,02/07/2020
3106200-003,2022,MG,Belo Horizonte,3106200,ABREE,PEV fixo,Ativo,13/02/2020
4211108-000,2022,SC,MONTE CASTELO,4211108,Green Eletron,PEV fixo,Ativo,22/08/2022
5103403-006,2022,MT,Cuiabá,5103403,Green Eletron,PEV fixo,Inativo,21/04/2021
2903508-001,2022,BA,BELO CAMPO,2903508,ABREE,Campanha itinerante,Ativo,02/08/2020
2614709-000,2022,PE,Tacaimbo,2614709,ABREE,Ponto de consolidação,Ativo,18/07/2019
1200302-000,2022,AC,Feijó,1200302,ABREE,Ponto de consolidação,Ativo,06/07/2021
2903003-000,2022,BA,Barra do Mendes,2903003,Green Eletron,PEV fixo,Ativo,03/08/2021
3305505-002,2022,RJ,Saquarema,3305505,ABREE,PEV fixo,Ativo,15/05/2022
4122701-000,2022,PR,Sabaudia,4122701,Green Eletron,PEV fixo,Ativo,22/07/2019
3507100-001,2022,SP,BOM JESUS DOS PERDÕES,3507100,Green Eletron,PEV fixo,Ativo,16/06/2022
3106200-035,2022,MG,Belo Horizonte,3106200,ABREE,Ponto de consolidação,Ativo,03/02/2020
4310207-007,2022,RS,Ijuí,4310207,ABREE,PEV fixo,Ativo,18/07/2021
3550308-087,2022,SP,SÃO PAULO,3550308,ABREE,PEV fixo,Ativo,13/07/2019
3304557-110,2022,RJ,Rio de Janeiro,3304557,ABREE,PEV fixo,Ativo,05/02/2021
3163102-000,2022,MG,São José da Varginha,3163102,Green Eletron,PEV fixo,Ativo,04/06/2019
3168705-000,2022,MG,Timóteo,3168705,ABREE,Campanha itinerante,Ativo,13/01/2020
3305406-000,2022,RJ,Sapucaia,3305406,Green Eletron,PEV fixo,Ativo,24/12/2019
3117702-000,2022,MG,Conceição do Rio Verde,3117702,Green Eletron,PEV fixo,Ativo,23/02/2021
3106200-057,2022,MG,Belo Horizonte,3106200,ABREE,PEV fixo,Ativo,01/12/2020
4314902-114,2022,RS,Porto Alegre,4314902,ABREE,PEV fixo,Ativo,25/08/2022
3148400-000,2022,MG,Paulistas,3148400,ABREE,PEV fixo,Ativo,19/03/2022
3205309-013,2022,ES,Vitoria,3205309,ABREE,PEV fixo,Ativo,20/05/2021
3302700-007,2022,RJ,  Maricá ,3302700,Green Eletron,PEV fixo,Ativo,20/06/2020
3139102-000,2022,MG,Madre de Deus de Minas,3139102,Green Eletron,PEV fixo,Ativo,04/06/2022
4107546-000,2022,PR,Espigão Alto do Iguaçu,4107546,Green Eletron,PEV fixo,Ativo,08/03/2022
3304557-114,2022,RJ,RIO DE JANEIRO,3304557,ABREE,PEV fixo,Ativo,05/08/2022
3304557-057,2022,RJ,Rio de Janeiro,3304557,Green Eletron,PEV fixo,Ativo,17/11/2020
4313490-000,2022,RS,Novo Barreiro,4313490,Green Eletron,PEV fixo,Ativo,24/01/2019
3305307-003,2022,RJ,São Sebastião do Alto,3305307,ABREE,PEV fixo,Ativo,09/04/2019
3204500-000,2022,ES,  Santa Leopoldina ,3204500,ABREE,Ponto de consolidação,Ativo,10/08/2019
5220058-000,2022,GO,São João da Paraúna,5220058,ABREE,Ponto de consolidação,Ativo,02/07/2019
3507209-000,2022,SP,Borá,3507209,ABREE,Ponto de consolidação,Ativo,11/03/2020
3160009-000,2022,MG,Santo Antônio do Aventureiro,3160009,ABREE,PEV fixo,Ativo,15/02/2022
2411700-000,2022,RN,SÃO BENTO DO TRAIRÍ,2411700,Green Eletron,PEV fixo,Ativo,25/06/2019
4322343-000,2022,RS,Ubiretama,4322343,Green Eletron,PEV fixo,Ativo,26/03/2021
3106200-066,2022,MG,BELO HORIZONTE,3106200,Green Eletron,PEV fixo,Ativo,28/02/2020
3537404-000,2022,SP,Pereira Barreto,3537404,Sistema individual,Ponto de consolidação,Ativo,18/10/2020
2611606-030,2022,PE,Recife,2611606,Sistema individual,PEV fixo,Ativo,21/02/2020
3162922-000,2022,MG,SÃO JOAQUIM DE BICAS,3162922,ABREE,PEV fixo,Ativo,12/10/2022
1721000-007,2022,TO,Palmas,1721000,ABREE,Campanha itinerante,Ativo,07/02/2021
3526803-000,2022,SP,LENÇÓIS PAULISTA,3526803,ABREE,Campanha itinerante,Ativo,28/11/2019
2504157-000,2022,PB,Casserengue,2504157,Green Eletron,PEV fixo,Ativo,20/04/2021
4215703-000,2022,SC,Santo Amaro da Imperatriz,4215703,ABREE,Ponto de consolidação,Ativo,13/06/2019
2202752-000,2022,PI,Colonia do Gurgueia,2202752,Green Eletron,PEV fixo,Ativo,06/05/2019
3304557-042,2022,RJ,Rio de Janeiro,3304557,Green Eletron,PEV fixo,Ativo,19/09/2020
2602803-000,2022,PE,BUÍQUE,2602803,Green Eletron,PEV fixo,Ativo,09/07/2019
2304400-064,2022,CE,Fortaleza,2304400,ABREE,PEV fixo,Ativo,27/12/2021
3300803-000,2022,RJ,Cachoeiras de Macacu,3300803,ABREE,PEV fixo,Ativo,25/09/2020
3201902-002,2022,ES,Domingos Martins,3201902,Green Eletron,PEV fixo,Ativo,17/12/2022
3106200-133,2022,MG,Belo Horizonte,3106200,ABREE,PEV fixo,Ativo,17/01/2021
2702702-000,2022,AL,FELIZ DESERTO,2702702,Green Eletron,PEV fixo,Ativo,25/07/2022
3549904-000,2022,SP,São José dos Campos,3549904,ABREE,PEV fixo,Ativo,02/08/2020
4320800-000,2022,RS,Soledade,4320800,Sistema individual,PEV fixo,Ativo,12/02/2020
4106902-024,2022,PR,CURITIBA,4106902,Green Eletron,PEV fixo,Ativo,26/09/2020
2305654-000,2022,CE,Ipaporanga,2305654,Green Eletron,PEV fixo,Ativo,28/10/2020
3304557-024,2022,RJ,Rio de Janeiro,3304557,ABREE,Ponto de consolidação,Ativo,18/09/2020
3549904-005,2022,SP,  São José dos Campos ,3549904,ABREE,PEV fixo,Ativo,17/10/2022
3550308-252,2022,SP,São Paulo,3550308,ABREE,Campanha itinerante,Ativo,06/07/2022
3550308-045,2022,SP,SÃO PAULO,3550308,Green Eletron,PEV fixo,Ativo,07/10/2019
1721000-003,2022,TO,Palmas,1721000,ABREE,PEV fixo,Ativo,11/07/2019
2507507-013,2022,PB,João Pessoa,2507507,ABREE,PEV fixo,Ativo,09/07/2022
4201109-000,2022,SC,Anitapolis,4201109,Green Eletron,PEV fixo,Ativo,19/07/2020
3512001-000,2022,SP,Colina,3512001,ABREE,PEV fixo,Ativo,13/10/2021
2516508-000,2022,PB,Taperoá,2516508,Green Eletron,PEV fixo,Ativo,19/10/2019
3300100-004,2022,RJ,ANGRA DOS REIS,3300100,Green Eletron,PEV fixo,Ativo,11/01/2022
3517703-000,2022,SP,Guará,3517703,ABREE,PEV fixo,Ativo,21/10/2019
2800308-016,2022,SE,Aracaju,2800308,ABREE,PEV fixo,Ativo,07/02/2021
3550308-020,2022,SP,São Paulo,3550308,Green Eletron,PEV fixo,Ativo,18/03/2019
3301108-003,2022,RJ,Cantagalo,3301108,Sistema individual,PEV fixo,Ativo,01/02/2020
4208005-000,2022,SC,ITÁ,,ABREE,Ponto de consolidação,Ativo,21/04/2019
3525607-001,2022,SP,JOÃO RAMALHO,3525607,Green Eletron,PEV fixo,Inativo,18/11/2019
3123858-000,2022,MG,ENTRE FOLHAS,3123858,ABREE,PEV fixo,Ativo,15/08/2020
3304557-133,2022,RJ,Rio de Janeiro,3304557,Green Eletron,PEV fixo,Ativo,21/06/2022
4115358-000,2022,PR,Maripá,4115358,Green Eletron,PEV fixo,Ativo,06/10/2022
3521101-000,2022,SP,Ipeúna,3521101,ABREE,PEV fixo,Ativo,26/02/2019
4306809-000,2022,RS,ENCANTADO,4306809,Green Eletron,PEV fixo,Ativo,08/03/2019
4323705-000,2022,RS,Vista Gaucha,4323705,Green Eletron,PEV fixo,Ativo,21/04/2022
3203007-001,2022,ES,IÚNA,3203007,ABREE,PEV fixo,Ativo,27/03/2022
1301951-002,2022,AM,  Itamarati ,1301951,ABREE,PEV fixo,Ativo,23/11/2021
3160207-009,2022,MG,Santo Antônio do Itambé,3160207,Sistema individual,PEV fixo,Ativo,18/01/2022
2605806-001,2022,PE,FREI MIGUELINHO,2605806,ABREE,PEV fixo,Ativo,20/11/2019
3304557-063,2022,RJ,RIO DE JANEIRO,3304557,ABREE,PEV fixo,Ativo,27/09/2020
5106232-000,2022,MT,Nova Olímpia,5106232,Sistema individual,PEV fixo,Ativo,24/01/2020
1505106-003,2022,PA,Óbidos,1505106,Green Eletron,Campanha itinerante,Ativo,13/12/2022
3532900-009,2022,SP,Nova Europa,3532900,Green Eletron,PEV fixo,Ativo,28/03/2020
3106200-184,2022,MG,Belo Horizonte,3106200,ABREE,PEV fixo,Ativo,08/07/2022
4106902-008,2022,PR,Curitiba,4106902,ABREE,PEV fixo,Ativo,28/04/2020
4123006-000,2022,PR,Salto do Lontra,4123006,Green Eletron,PEV fixo,Ativo,07/04/2019
1501402-025,2022,PA,Belém,1501402,Green Eletron,PEV fixo,Ativo,27/01/2022
3555109-011,2022,SP,  Tupi Paulista ,3555109,Green Eletron,PEV fixo,Ativo,01/12/2022
4308102-001,2022,RS,Feliz,4308102,Green Eletron,PEV fixo,Ativo,21/10/2022
4204509-000,2022,SC,Corupa,4204509,Green Eletron,PEV fixo,Ativo,25/09/2019
2511509-000,2022,PB,Pilar,2511509,ABREE,PEV fixo,Ativo,25/12/2022
1100205-004,2022,RO,PORTO VELHO,1100205,ABREE,PEV fixo,Ativo,18/05/2021
4220000-001,2022,SC,Balneário Rincão,4220000,Green Eletron,PEV fixo,Ativo,17/01/2021
2922656-000,2022,BA,Nordestina,2922656,Green Eletron,Ponto de consolidação,Ativo,28/03/2019
2707008-000,2022,AL,Pindoba,2707008,ABREE,PEV fixo,Ativo,04/05/2022
2607406-000,2022,PE,Itacuruba,2607406,Green Eletron,Ponto de consolidação,Ativo,22/10/2020
3525201-002,2022,SP,Jarinu,3525201,Green Eletron,PEV fixo,Ativo,01/07/2020
1703305-000,2022,TO,Bom Jesus do Tocantins,1703305,Green Eletron,PEV fixo,Ativo,10/02/2019
3507407-000,2022,SP,Borborema,3507407,Green Eletron,PEV fixo,Ativo,10/11/2021
1501402-020,2022,PA,Belém,1501402,ABREE,PEV fixo,Ativo,08/04/2022
2111300-079,2022,MA,Sao Luis,2111300,ABREE,PEV fixo,Ativo,20/11/2022
3106200-076,2022,MG,BELO HORIZONTE,3106200,ABREE,PEV fixo,Ativo,03/11/2020
3122603-000,2022,MG,Dom Joaquim,3122603,Green Eletron,PEV fixo,Ativo,13/06/2022
3532900-003,2022,SP,Nova Europa,3532900,Green Eletron,PEV fixo,Ativo,22/10/2019
5005608-000,2022,MS,Miranda,5005608,Green Eletron,PEV fixo,Ativo,20/09/2020
2304251-007,2022,CE,CRUZ,2304251,ABREE,PEV fixo,Ativo,23/11/2021
5212204-000,2022,GO,Jussara,5212204,Green Eletron,Campanha itinerante,Ativo,17/07/2020
5300108-037,2022,DF,Brasilia,5300108,ABREE,PEV fixo,Ativo,03/07/2020
4205407-075,2022,SC,Florianópolis,4205407,ABREE,PEV fixo,Ativo,18/04/2022
2408102-018,2022,RN,Natal,2408102,ABREE,PEV fixo,Ativo,25/03/2022
2304251-002,2022,CE,CRUZ,2304251,ABREE,PEV fixo,Inativo,15/04/2019
3536505-000,2022,SP,Paulínia,3536505,ABREE,PEV fixo,Ativo,12/07/2020
2408003-000,2022,RN,Mossoró,2408003,Green Eletron,PEV fixo,Ativo,18/08/2021
4211876-002,2022,SC,PAIAL,4211876,Green Eletron,PEV fixo,Ativo,22/07/2021
1705607-000,2022,TO,Conceição do Tocantins,1705607,Green Eletron,PEV fixo,Ativo,23/01/2020
2202000-000,2022,PI,BURITI DOS LOPES,2202000,ABREE,PEV fixo,Ativo,24/04/2021
3305505-000,2022,RJ,Saquarema,3305505,Sistema individual,PEV fixo,Ativo,02/05/2021
3550308-131,2022,SP,SÃO PAULO,3550308,Green Eletron,PEV fixo,Ativo,28/07/2020
2804201-000,2022,SE,  Monte Alegre de Sergipe ,2804201,Green Eletron,PEV fixo,Ativo,10/04/2022
3553104-000,2022,SP,Taiaçu,3553104,ABREE,PEV fixo,Ativo,20/05/2019
3550308-306,2022,SP,Sao Paulo,3550308,Green Eletron,PEV fixo,Ativo,19/01/2022
3527801-002,2022,SP,Lupércio,3527801,Green Eletron,PEV fixo,Ativo,12/12/2021
3555109-006,2022,SP,Tupi Paulista,3555109,ABREE,PEV fixo,Ativo,08/12/2021
2209609-000,2022,PI,São Félix do Piauí,2209609,ABREE,PEV fixo,Ativo,25/12/2022
3149309-000,2022,MG,Pedro Leopoldo,3149309,Green Eletron,PEV fixo,Ativo,17/06/2019
2611606-012,2022,PE,Recife,2611606,ABREE,PEV fixo,Ativo,24/04/2020
3550308-236,2022,SP,São Paulo,3550308,Green Eletron,PEV fixo,Ativo,17/07/2021
4320404-000,2022,RS,Serafina Corrêa,4320404,Sistema individual,Campanha itinerante,Ativo,04/01/2019
4314902-066,2022,RS,Porto Alegre,4314902,Sistema individual,PEV fixo,Ativo,27/12/2021
2927408-080,2022,BA,Salvador,2927408,Green Eletron,PEV fixo,Ativo,11/09/2021
2303808-000,2022,CE,Cedro,2303808,ABREE,PEV fixo,Ativo,12/06/2019
3550308-110,2022,SP,São Paulo,3550308,Green Eletron,PEV fixo,Ativo,20/01/2020
1600303-001,2022,AP,Macapa,1600303,ABREE,PEV fixo,Ativo,26/06/2021
2209500-000,2022,PI,Santo Inácio do Piauí,2209500,ABREE,PEV fixo,Ativo,08/08/2020
2902708-000,2022,BA,Barra,2902708,ABREE,PEV fixo,Ativo,04/01/2020
3148509-000,2022,MG,PAVÃO,3148509,Green Eletron,PEV fixo,Ativo,20/02/2021
3144672-000,2022,MG,Nova Belém,3144672,ABREE,PEV fixo,Ativo,13/03/2022
3538808-017,2022,SP,Piraju,3538808,Sistema individual,PEV fixo,Ativo,10/05/2020
2612471-000,2022,PE,Santa Cruz da Baixa Verde,2612471,Green Eletron,PEV fixo,Ativo,26/02/2022
4314902-042,2022,RS,Porto Alegre,4314902,Sistema individual,Campanha itinerante,Ativo,26/05/2020
5300108-056,2022,DF,BRASÍLIA,5300108,ABREE,PEV fixo,Ativo,21/06/2021
4202578-000,2022,SC,Bom Jesus do Oeste,4202578,ABREE,PEV fixo,Ativo,11/06/2020
4314902-020,2022,RS,PORTO ALEGRE,4314902,Green Eletron,PEV fixo,Ativo,25/03/2020
3503604-000,2022,SP,Areiopolis,3503604,Green Eletron,Ponto de consolidação,Ativo,01/06/2021
4106902-061,2022,PR,CURITIBA,4106902,Green Eletron,Campanha itinerante,Ativo,07/02/2022
4201307-001,2022,SC,Araquari,4201307,ABREE,PEV fixo,Ativo,27/07/2020
5300108-035,2022,DF,BRASÍLIA,5300108,ABREE,PEV fixo,Ativo,16/05/2020
3556503-000,2022,SP,Várzea Paulista,3556503,ABREE,PEV fixo,Ativo,04/04/2019
4110656-000,2022,PR,  Iracema do Oeste ,4110656,Green Eletron,PEV fixo,Ativo,17/03/2020
3153707-000,2022,MG,Quartel Geral,3153707,ABREE,PEV fixo,Ativo,15/04/2020
2611606-006,2022,PE,RECIFE,2611606,ABREE,PEV fixo,Ativo,16/02/2020
3116001-000,2022,MG,Chalé,3116001,ABREE,PEV fixo,Ativo,01/05/2019
1502939-000,2022,PA,  Dom Eliseu ,1502939,Green Eletron,PEV fixo,Ativo,17/01/2019
2408805-000,2022,RN,Parazinho,2408805,ABREE,PEV fixo,Ativo,09/10/2020
2412203-000,2022,RN,São José de Mipibu,2412203,Green Eletron,PEV fixo,Ativo,28/05/2021
4314902-105,2022,RS,PORTO ALEGRE,4314902,ABREE,PEV fixo,Ativo,18/12/2022
4219507-000,2022,SC,XANXERÊ,4219507,ABREE,PEV fixo,Ativo,15/05/2021
2700805-001,2022,AL,BELÉM,2700805,ABREE,PEV fixo,Ativo,19/03/2021
2304400-050,2022,CE,Fortaleza,2304400,ABREE,PEV fixo,Ativo,27/03/2020
2902203-000,2022,BA,  Aramari ,2902203,Green Eletron,PEV fixo,Ativo,22/07/2019
4106902-003,2022,PR,Curitiba,4106902,ABREE,PEV fixo,Ativo,04/10/2020
3549250-005,2022,SP,São João de Iracema,3549250,Green Eletron,PEV fixo,Ativo,14/12/2022
3150703-000,2022,MG,Pirajuba,3150703,Green Eletron,Ponto de consolidação,Ativo,23/08/2019
4126256-000,2022,PR,Sarandi,4126256,Sistema individual,PEV fixo,Ativo,27/10/2020
2308351-000,2022,CE,Milhã,2308351,ABREE,PEV fixo,Ativo,12/08/2020
4314902-060,2022,RS,Porto Alegre,4314902,ABREE,PEV fixo,Ativo,04/01/2021
5300108-045,2022,DF,BRASÍLIA,5300108,ABREE,PEV fixo,Ativo,11/02/2020
2919900-000,2022,BA,Macurure,2919900,ABREE,PEV fixo,Ativo,03/07/2020
3550308-067,2022,SP,Sao Paulo,3550308,ABREE,PEV fixo,Ativo,23/05/2019
2302107-003,2022,CE,BATURITÉ,2302107,Sistema individual,PEV fixo,Ativo,25/10/2020
3169307-002,2022,MG,Três Corações,3169307,ABREE,PEV fixo,Ativo,03/05/2021
3305505-001,2022,RJ,Saquarema,3305505,Green Eletron,PEV fixo,Ativo,02/05/2021
3205309-000,2022,ES,Vitória,3205309,ABREE,PEV fixo,Ativo,16/08/2020
4127908-000,2022,PR,Tuneiras do Oeste,4127908,Green Eletron,Campanha itinerante,Ativo,16/11/2019
4205407-023,2022,SC,Florianopolis,4205407,ABREE,PEV fixo,Ativo,01/05/2019
3549904-002,2022,SP,  São José dos Campos ,3549904,ABREE,PEV fixo,Ativo,19/02/2020
3553955-002,2022,SP,TARUMÃ,3553955,Green Eletron,PEV fixo,Ativo,03/02/2022
5300108-038,2022,DF,BRASÍLIA,5300108,Green Eletron,PEV fixo,Ativo,25/03/2020
4314902-012,2022,RS,PORTO ALEGRE,4314902,ABREE,PEV fixo,Ativo,18/12/2020
4211876-003,2022,SC,Paial,4211876,ABREE,PEV fixo,Ativo,21/01/2022
1506351-000,2022,PA,Santa Bárbara do Pará,1506351,ABREE,Campanha itinerante,Ativo,27/02/2020
2515104-000,2022,PB,SÃO SEBASTIÃO DE LAGOA DE ROÇA,2515104,Green Eletron,PEV fixo,Ativo,07/08/2022
2805000-000,2022,SE,PEDRA MOLE,2805000,ABREE,PEV fixo,Ativo,13/03/2020
2927408-127,2022,BA,Salvador,2927408,ABREE,PEV fixo,Ativo,10/08/2022
3538808-016,2022,SP,PIRAJU,3538808,Green Eletron,PEV fixo,Inativo,27/08/2020
3541000-000,2022,SP,Praia Grande,3541000,ABREE,PEV fixo,Ativo,02/12/2022
3501608-001,2022,SP,Americana,3501608,ABREE,PEV fixo,Ativo,20/11/2022
3543204-001,2022,SP,  Ribeirão do Sul ,,Green Eletron,PEV fixo,Ativo,24/02/2022
2111300-087,2022,MA,  São Luís ,2111300,ABREE,PEV fixo,Ativo,15/02/2022
3512803-000,2022,SP,Cosmópolis,3512803,Green Eletron,PEV fixo,Ativo,07/10/2019
2611606-059,2022,PE,Recife,2611606,Green Eletron,PEV fixo,Ativo,05/02/2022
2918555-000,2022,BA,Jussari,2918555,Green Eletron,PEV fixo,Ativo,08/02/2020
3532009-008,2022,SP,Morungaba,3532009,Green Eletron,Ponto de consolidação,Ativo,13/03/2020
3301108-011,2022,RJ,Cantagalo,3301108,Green Eletron,PEV fixo,Ativo,09/03/2021
1501402-022,2022,PA,Belém,1501402,Green Eletron,PEV fixo,Ativo,11/10/2022
3106200-027,2022,MG,BELO HORIZONTE,3106200,ABREE,PEV fixo,Ativo,01/04/2020
3302858-001,2022,RJ,Mesquita,3302858,ABREE,PEV fixo,Ativo,15/04/2021
3550308-174,2022,SP,São Paulo,3550308,Sistema individual,PEV fixo,Ativo,14/02/2020
5300108-061,2022,DF,Brasilia,5300108,ABREE,PEV fixo,Ativo,22/07/2021
4205407-007,2022,SC,FLORIANÓPOLIS,4205407,ABREE,PEV fixo,Ativo,11/05/2019
3545803-002,2022,SP,Santa Bárbara d'Oeste,3545803,Green Eletron,Ponto de consolidação,Ativo,28/07/2022
3302700-014,2022,RJ,Maricá,3302700,Sistema individual,PEV fixo,Ativo,24/10/2022
2606507-000,2022,PE,Iati,2606507,ABREE,Ponto de consolidação,Ativo,14/06/2022
4320206-000,2022,RS,  Seberi ,4320206,Green Eletron,PEV fixo,Ativo,12/04/2019
2207850-000,2022,PI,Pavussu,2207850,Green Eletron,PEV fixo,Ativo,11/01/2022
3550308-074,2022,SP,São Paulo,3550308,Green Eletron,PEV fixo,Ativo,26/06/2019
3304557-118,2022,RJ,Rio de Janeiro,3304557,ABREE,Campanha itinerante,Ativo,12/12/2022
4314902-028,2022,RS,Porto Alegre,4314902,ABREE,PEV fixo,Ativo,04/12/2020
2208874-000,2022,PI,Ribeira do Piauí,2208874,ABREE,PEV fixo,Ativo,25/05/2022
3516903-000,2022,SP,General Salgado,3516903,Green Eletron,PEV fixo,Ativo,19/02/2019
2111300-052,2022,MA,SÃO LUÍS,2111300,ABREE,PEV fixo,Ativo,05/06/2020
2111748-000,2022,MA,Senador Alexandre Costa,2111748,Green Eletron,PEV fixo,Ativo,16/08/2021
4106902-005,2022,PR,Curitiba,4106902,Green Eletron,PEV fixo,Ativo,04/05/2020
5300108-058,2022,DF,Brasília,5300108,ABREE,PEV fixo,Ativo,28/08/2021
2611606-007,2022,PE,Recife,2611606,Sistema individual,PEV fixo,Ativo,20/02/2020
4101804-000,2022,PR,Araucária,4101804,ABREE,Campanha itinerante,Ativo,28/06/2021
2933406-000,2022,BA,WAGNER,2933406,ABREE,PEV fixo,Ativo,20/05/2019
3301157-000,2022,RJ,  Cardoso Moreira ,3301157,ABREE,PEV fixo,Ativo,10/03/2019
3532009-009,2022,SP,Morungaba,3532009,Sistema individual,Ponto de consolidação,Ativo,19/03/2021
3137809-000,2022,MG,  Lambari ,3137809,ABREE,PEV fixo,Ativo,28/02/2019
2930766-000,2022,BA,Sítio do Quinto,2930766,Sistema individual,PEV fixo,Ativo,28/06/2019
3128105-000,2022,MG,GUAPÉ,3128105,Green Eletron,Ponto de consolidação,Ativo,13/08/2019
5215207-002,2022,GO,Novo Brasil,5215207,Sistema individual,PEV fixo,Ativo,22/12/2019
2408102-000,2022,RN,NATAL,2408102,Green Eletron,PEV fixo,Ativo,07/04/2020
3106200-192,2022,MG,Belo Horizonte,3106200,ABREE,PEV fixo,Ativo,23/10/2022
2611606-024,2022,PE,Recife,2611606,ABREE,PEV fixo,Ativo,04/03/2020
3152131-000,2022,MG,PONTO CHIQUE,3152131,ABREE,PEV fixo,Ativo,09/05/2020
3304201-001,2022,RJ,Resende,3304201,ABREE,PEV fixo,Ativo,16/02/2021
4314902-059,2022,RS,Porto Alegre,4314902,Green Eletron,PEV fixo,Ativo,28/12/2021
5101001-001,2022,MT,Araguaiana,5101001,Green Eletron,PEV fixo,Ativo,08/05/2022
4314902-005,2022,RS,Porto Alegre,4314902,Sistema individual,PEV fixo,Ativo,06/09/2020
3304557-149,2022,RJ,Rio de Janeiro,3304557,ABREE,PEV fixo,Ativo,07/01/2022
3304557-154,2022,RJ,Rio de Janeiro,3304557,ABREE,PEV fixo,Ativo,18/07/2022
4317558-000,2022,RS,Santo Antonio do Palma,4317558,Green Eletron,PEV fixo,Ativo,14/10/2022
3550308-157,2022,SP,Sao Paulo,3550308,ABREE,PEV fixo,Ativo,22/12/2020
1100205-005,2022,RO,PORTO VELHO,1100205,ABREE,Ponto de consolidação,Ativo,02/01/2021
3508306-000,2022,SP,CABRÁLIA PAULISTA,3508306,Green Eletron,PEV fixo,Ativo,21/01/2020
3301108-015,2022,RJ,Cantagalo,3301108,ABREE,PEV fixo,Ativo,10/01/2022
3511508-000,2022,SP,Cerquilho,3511508,Green Eletron,PEV fixo,Ativo,27/04/2020
5300108-018,2022,DF,BRASÍLIA,5300108,Green Eletron,PEV fixo,Ativo,07/09/2019
3301108-008,2022,RJ,Cantagalo,3301108,Green Eletron,PEV fixo,Ativo,20/03/2020
4201307-002,2022,SC,Araquari,4201307,ABREE,PEV fixo,Ativo,09/09/2021
3501301-000,2022,SP,  Álvares Machado ,3501301,Green Eletron,PEV fixo,Ativo,16/01/2019
2201200-000,2022,PI,Barras,2201200,Green Eletron,PEV fixo,Ativo,28/03/2021
4314902-019,2022,RS,Porto Alegre,4314902,Green Eletron,PEV fixo,Ativo,25/12/2020
4100509-001,2022,PR,Altonia,4100509,Green Eletron,Ponto de consolidação,Ativo,09/05/2022
1504208-000,2022,PA,Marabá,1504208,Green Eletron,PEV fixo,Ativo,27/09/2019
3550308-273,2022,SP,São Paulo,3550308,Sistema individual,PEV fixo,Ativo,06/07/2022
2614303-000,2022,PE,Moreilândia,2614303,ABREE,PEV fixo,Ativo,26/04/2019
4304663-000,2022,RS,Capão do Leão,4304663,ABREE,Campanha itinerante,Ativo,17/12/2022
3538808-024,2022,SP,Piraju,3538808,ABREE,PEV fixo,Ativo,12/02/2021
3550308-280,2022,SP,Sao Paulo,3550308,Green Eletron,PEV fixo,Ativo,18/01/2022
1720309-000,2022,TO,São Sebastião do Tocantins,1720309,ABREE,PEV fixo,Ativo,02/11/2021
2513000-001,2022,PB,Salgadinho,2513000,Green Eletron,PEV fixo,Ativo,11/06/2022
5203575-000,2022,GO,Bonópolis,5203575,ABREE,PEV fixo,Ativo,16/03/2022
3532900-004,2022,SP,NOVA EUROPA,3532900,Sistema individual,Ponto de consolidação,Ativo,15/05/2019
2409506-000,2022,RN,PEDRA GRANDE,2409506,Green Eletron,Ponto de consolidação,Ativo,12/02/2022
3533254-000,2022,SP,NOVAIS,3533254,ABREE,PEV fixo,Ativo,26/04/2020
2800308-000,2022,SE,Aracaju,,ABREE,PEV fixo,Ativo,08/01/2019
4126405-000,2022,PR,Sertaneja,4126405,ABREE,PEV fixo,Ativo,04/10/2020
4205407-060,2022,SC,Florianópolis,4205407,Green Eletron,PEV fixo,Ativo,13/09/2021
2106300-000,2022,MA,  Magalhães de Almeida ,2106300,Green Eletron,PEV fixo,Ativo,09/10/2020
2704302-004,2022,AL,MACEIÓ,2704302,ABREE,Ponto de consolidação,Ativo,09/01/2021
3302700-012,2022,RJ,Maricá,3302700,ABREE,PEV fixo,Ativo,20/06/2021
3304409-000,2022,RJ,Rio Claro,3304409,Sistema individual,PEV fixo,Ativo,03/12/2021
4202453-000,2022,SC,Bombinhas,4202453,ABREE,Ponto de consolidação,Ativo,09/05/2021
4314902-050,2022,RS,PORTO ALEGRE,4314902,Green Eletron,PEV fixo,Ativo,03/03/2020
3532504-004,2022,SP,Neves Paulista,3532504,ABREE,PEV fixo,Ativo,27/07/2021
3550308-055,2022,SP,SÃO PAULO,3550308,ABREE,PEV fixo,Ativo,18/03/2019
3550308-010,2022,SP,São Paulo,3550308,ABREE,PEV fixo,Ativo,13/08/2019
4209706-000,2022,SC,LEBON RÉGIS,4209706,Green Eletron,PEV fixo,Ativo,01/06/2020
4112900-000,2022,PR,Jundiai do Sul,4112900,ABREE,PEV fixo,Ativo,13/05/2019
2112209-002,2022,MA,Timon,2112209,ABREE,PEV fixo,Ativo,27/03/2022
4200903-000,2022,SC,Angelina,4200903,ABREE,PEV fixo,Ativo,23/02/2022
3126109-000,2022,MG,FORMIGA,3126109,ABREE,Ponto de consolidação,Ativo,19/01/2019
4314902-089,2022,RS,Porto Alegre,4314902,Green Eletron,PEV fixo,Ativo,28/08/2022
2616209-000,2022,PE,Vertentes,2616209,ABREE,PEV fixo,Ativo,13/04/2019
2304400-030,2022,CE,Fortaleza,2304400,Green Eletron,PEV fixo,Ativo,05/05/2020
3532306-000,2022,SP,Natividade da Serra,3532306,Green Eletron,PEV fixo,Ativo,04/05/2020
3546009-002,2022,SP,Santa Branca,3546009,Green Eletron,PEV fixo,Ativo,16/05/2019
2111300-012,2022,MA,São Luís,2111300,ABREE,PEV fixo,Ativo,11/10/2019
4314498-000,2022,RS,PINHEIRINHO DO VALE,4314498,ABREE,PEV fixo,Inativo,28/11/2019
2202703-000,2022,PI,  Cocal ,2202703,ABREE,PEV fixo,Ativo,12/09/2019
5006358-000,2022,MS,Paranhos,5006358,Green Eletron,PEV fixo,Ativo,15/03/2021
2309300-001,2022,CE,NOVA RUSSAS,2309300,Green Eletron,PEV fixo,Ativo,13/03/2022
4210308-000,2022,SC,Major Vieira,4210308,ABREE,PEV fixo,Ativo,24/01/2020
2204709-000,2022,PI,Inhuma,2204709,Green Eletron,PEV fixo,Ativo,03/11/2019
3160108-000,2022,MG,Santo Antônio do Grama,,Sistema individual,PEV fixo,Ativo,08/06/2019
3150158-001,2022,MG,Piedade de Caratinga,3150158,ABREE,PEV fixo,Ativo,28/01/2022
4318705-000,2022,RS,São Leopoldo,4318705,Green Eletron,PEV fixo,Ativo,21/11/2021
4205407-013,2022,SC,Florianópolis,4205407,Green Eletron,PEV fixo,Ativo,10/02/2019
2304400-006,2022,CE,Fortaleza,2304400,ABREE,Ponto de consolidação,Ativo,21/05/2019
2504306-000,2022,PB,Catolé do Rocha,2504306,ABREE,PEV fixo,Ativo,20/05/2021
3532900-005,2022,SP,Nova Europa,3532900,ABREE,Campanha itinerante,Inativo,08/09/2019
4205407-070,2022,SC,Florianópolis,4205407,ABREE,PEV fixo,Ativo,21/12/2022
5218904-000,2022,GO,Rubiataba,5218904,ABREE,PEV fixo,Ativo,11/01/2019
4319307-000,2022,RS,  São Paulo das Missões ,4319307,ABREE,PEV fixo,Ativo,20/05/2020
2931350-000,2022,BA,Teixeira de Freitas,2931350,Green Eletron,PEV fixo,Ativo,04/09/2019
4314902-058,2022,RS,Porto Alegre,4314902,Green Eletron,PEV fixo,Ativo,19/10/2021
3106200-045,2022,MG,BELO HORIZONTE,3106200,Green Eletron,PEV fixo,Ativo,01/11/2020
4216008-000,2022,SC,São Carlos,4216008,Green Eletron,PEV fixo,Ativo,09/07/2019
1501402-000,2022,PA,Belém,1501402,Green Eletron,PEV fixo,Ativo,06/04/2020
1501253-000,2022,PA,BANNACH,1501253,Green Eletron,PEV fixo,Ativo,05/01/2022
3300308-001,2022,RJ,BARRA DO PIRAÍ,3300308,Green Eletron,PEV fixo,Ativo,18/03/2019
4201505-000,2022,SC,Armazém,4201505,Sistema individual,PEV fixo,Ativo,11/10/2020
2928307-001,2022,BA,SANTANÓPOLIS,2928307,ABREE,Campanha itinerante,Ativo,25/10/2022
1300029-001,2022,AM,Alvarães,1300029,Green Eletron,PEV fixo,Ativo,28/05/2019
2211209-000,2022,PI,Uruçuí,2211209,Green Eletron,PEV fixo,Ativo,20/09/2021
2927408-082,2022,BA,SALVADOR,2927408,Green Eletron,PEV fixo,Ativo,05/05/2021
2906808-000,2022,BA,Cansanção,2906808,ABREE,Ponto de consolidação,Ativo,20/07/2019
3551306-002,2022,SP,Sebastianópolis do Sul,3551306,Sistema individual,PEV fixo,Ativo,01/06/2019
1505650-000,2022,PA,Placas,1505650,Green Eletron,PEV fixo,Ativo,01/09/2020
3106200-113,2022,MG,Belo Horizonte,3106200,Green Eletron,PEV fixo,Ativo,25/07/2021
2502300-000,2022,PB,BOM SUCESSO,2502300,ABREE,PEV fixo,Ativo,25/08/2020
2304400-037,2022,CE,Fortaleza,2304400,Green Eletron,PEV fixo,Ativo,14/06/2020
5300108-068,2022,DF,Brasilia,,ABREE,Campanha itinerante,Ativo,06/06/2021
2111300-080,2022,MA,São Luís,2111300,ABREE,PEV fixo,Ativo,07/10/2022
4304671-000,2022,RS,Capivari do Sul,4304671,Green Eletron,PEV fixo,Ativo,10/10/2022
1101492-000,2022,RO,SÃO FRANCISCO DO GUAPORÉ,1101492,Green Eletron,Ponto de consolidação,Ativo,01/12/2019
3550308-258,2022,SP,São Paulo,3550308,ABREE,PEV fixo,Ativo,26/10/2022
2301604-002,2022,CE,Assare,2301604,ABREE,PEV fixo,Ativo,03/10/2020
2304400-034,2022,CE,Fortaleza,2304400,Green Eletron,PEV fixo,Ativo,08/07/2020
4322509-000,2022,RS,Vacaria,4322509,Green Eletron,PEV fixo,Ativo,28/08/2019
2927408-023,2022,BA,Salvador,2927408,ABREE,PEV fixo,Ativo,20/08/2019
3106200-209,2022,MG,Belo Horizonte,3106200,ABREE,Ponto de consolidação,Ativo,07/10/2022
3553104-001,2022,SP,TAIAÇU,3553104,ABREE,PEV fixo,Ativo,06/03/2022
3549904-006,2022,SP,São José dos Campos,3549904,ABREE,Ponto de consolidação,Ativo,05/12/2022
3524402-003,2022,SP,  Jacareí ,3524402,ABREE,PEV fixo,Ativo,02/09/2022
2211001-021,2022,PI,Teresina,2211001,ABREE,PEV fixo,Ativo,19/07/2022
3550308-094,2022,SP,São Paulo,3550308,ABREE,PEV fixo,Ativo,03/09/2019
2516755-000,2022,PB,TENÓRIO,2516755,Green Eletron,PEV fixo,Ativo,07/06/2019
3543204-000,2022,SP,Ribeirão do Sul,3543204,ABREE,PEV fixo,Ativo,16/08/2021
2112704-000,2022,MA,Vargem Grande,2112704,Green Eletron,PEV fixo,Ativo,08/07/2019
3501103-000,2022,SP,Alto Alegre,3501103,ABREE,PEV fixo,Ativo,12/09/2020
2402105-000,2022,RN,CAMPO REDONDO,2402105,ABREE,PEV fixo,Ativo,14/07/2019
5300108-022,2022,DF,Brasília,5300108,ABREE,PEV fixo,Ativo,11/02/2019
4212304-000,2022,SC,Paulo Lopes,4212304,Green Eletron,Ponto de consolidação,Ativo,16/02/2021
2912202-000,2022,BA,Ibicoara,2912202,Green Eletron,Ponto de consolidação,Ativo,01/10/2022
2304400-035,2022,CE,Fortaleza,2304400,ABREE,PEV fixo,Ativo,05/07/2020
4205407-036,2022,SC,Florianopolis,4205407,ABREE,PEV fixo,Ativo,20/02/2020
4115457-007,2022,PR,Marquinho,4115457,ABREE,Campanha itinerante,Ativo,27/07/2022
2111300-078,2022,MA,São Luís,2111300,ABREE,PEV fixo,Ativo,04/10/2022
2304004-000,2022,CE,COREAÚ,2304004,Green Eletron,Campanha itinerante,Ativo,27/05/2019
3202900-000,2022,ES,  Itarana ,3202900,Green Eletron,PEV fixo,Ativo,19/09/2019
3526704-000,2022,SP,Leme,3526704,Green Eletron,PEV fixo,Inativo,22/06/2019
4106902-036,2022,PR,Curitiba,4106902,ABREE,Campanha itinerante,Ativo,07/12/2021
3550308-281,2022,SP,SÃO PAULO,3550308,ABREE,PEV fixo,Ativo,20/06/2022
4315800-000,2022,RS,  Roca Sales ,4315800,ABREE,PEV fixo,Ativo,21/01/2019
2605806-000,2022,PE,Frei Miguelinho,2605806,Green Eletron,Ponto de consolidação,Ativo,20/11/2019
4300638-000,2022,RS,Amaral Ferrador,,Sistema individual,PEV fixo,Ativo,27/02/2022
3201605-001,2022,ES,CONCEIÇÃO DA BARRA,3201605,ABREE,PEV fixo,Ativo,02/03/2022
3106200-026,2022,MG,Belo Horizonte,3106200,ABREE,PEV fixo,Ativo,08/03/2020
3106200-206,2022,MG,Belo Horizonte,3106200,ABREE,PEV fixo,Ativo,25/03/2022
3304557-112,2022,RJ,Rio de Janeiro,3304557,ABREE,PEV fixo,Ativo,03/06/2021
3106200-022,2022,MG,Belo Horizonte,3106200,ABREE,PEV fixo,Ativo,13/11/2020
3138674-000,2022,MG,LUISBURGO,3138674,Green Eletron,PEV fixo,Ativo,23/07/2022
2904605-000,2022,BA,  Brumado ,2904605,ABREE,PEV fixo,Ativo,23/04/2022
2104206-001,2022,MA,Fortuna,2104206,ABREE,PEV fixo,Ativo,11/01/2022
3550308-230,2022,SP,São Paulo,3550308,Green Eletron,PEV fixo,Ativo,19/07/2021
2927408-027,2022,BA,Salvador,2927408,ABREE,PEV fixo,Ativo,07/05/2019
3304557-141,2022,RJ,RIO DE JANEIRO,3304557,Green Eletron,PEV fixo,Ativo,18/09/2022
1718550-000,2022,TO,Riachinho,1718550,Green Eletron,PEV fixo,Ativo,19/05/2020
2408102-001,2022,RN,Natal,2408102,Sistema individual,PEV fixo,Ativo,15/03/2020
2903235-001,2022,BA,Barro Alto,2903235,Green Eletron,PEV fixo,Ativo,12/10/2021
3304557-056,2022,RJ,RIO DE JANEIRO,3304557,ABREE,PEV fixo,Ativo,10/06/2020
2413102-000,2022,RN,SENADOR ELÓI DE SOUZA,2413102,Sistema individual,PEV fixo,Ativo,11/04/2020
2924652-000,2022,BA,PINTADAS,2924652,ABREE,PEV fixo,Ativo,23/04/2019
3544004-001,2022,SP,Rio das Pedras,3544004,Green Eletron,PEV fixo,Ativo,19/08/2020
3204302-000,2022,ES,Presidente Kennedy,3204302,ABREE,PEV fixo,Ativo,03/09/2022
4106902-048,2022,PR,CURITIBA,4106902,Sistema individual,PEV fixo,Ativo,05/07/2022
2507507-008,2022,PB,João Pessoa,2507507,ABREE,PEV fixo,Ativo,16/06/2021
4314902-013,2022,RS,Porto Alegre,4314902,Sistema individual,Campanha itinerante,Ativo,15/10/2020
3550308-181,2022,SP,Sao Paulo,3550308,ABREE,Ponto de consolidação,Ativo,04/12/2021
3517703-001,2022,SP,Guara,3517703,ABREE,PEV fixo,Ativo,17/08/2020
2309904-002,2022,CE,Pacujá,2309904,ABREE,PEV fixo,Ativo,18/08/2020
3550308-216,2022,SP,São Paulo,3550308,Green Eletron,Ponto de consolidação,Ativo,22/05/2021
4106902-023,2022,PR,CURITIBA,4106902,Green Eletron,Ponto de consolidação,Ativo,17/01/2020
2927408-095,2022,BA,Salvador,,Green Eletron,PEV fixo,Ativo,08/02/2021
1200401-001,2022,AC,Rio Branco,1200401,Green Eletron,PEV fixo,Ativo,26/12/2019
3106200-138,2022,MG,Belo Horizonte,3106200,Green Eletron,PEV fixo,Ativo,25/08/2021
5002704-002,2022,MS,  Campo Grande ,5002704,Green Eletron,PEV fixo,Ativo,26/12/2020
2111300-014,2022,MA,SÃO LUÍS,2111300,Green Eletron,PEV fixo,Ativo,08/06/2019
4119905-000,2022,PR,Ponta Grossa,4119905,Sistema individual,Campanha itinerante,Ativo,22/12/2019
3504800-000,2022,SP,Bálsamo,3504800,ABREE,PEV fixo,Ativo,04/05/2022
3550308-093,2022,SP,São Paulo,3550308,ABREE,PEV fixo,Ativo,27/09/2019
3552502-001,2022,SP,Suzano,3552502,ABREE,PEV fixo,Ativo,12/03/2022
4205407-032,2022,SC,Florianópolis,4205407,Green Eletron,PEV fixo,Ativo,03/06/2020
2902658-000,2022,BA,Banzaê,2902658,ABREE,PEV fixo,Ativo,20/05/2021
3538808-006,2022,SP,PIRAJU,3538808,ABREE,PEV fixo,Ativo,22/04/2019
4111209-000,2022,PR,ITAPEJARA D'OESTE,4111209,Green Eletron,PEV fixo,Ativo,12/06/2020
3550308-028,2022,SP,Sao Paulo,3550308,ABREE,PEV fixo,Ativo,27/07/2019
2906006-001,2022,BA,Campo Formoso,2906006,ABREE,PEV fixo,Ativo,03/10/2022
2931509-001,2022,BA,Teofilandia,2931509,Green Eletron,PEV fixo,Ativo,24/03/2022
3102506-000,2022,MG,AMPARO DO SERRA,3102506,ABREE,PEV fixo,Inativo,24/07/2022
3547908-001,2022,SP,Santo Antônio da Alegria,3547908,ABREE,PEV fixo,Ativo,16/07/2020
2304400-025,2022,CE,Fortaleza,2304400,Green Eletron,PEV fixo,Ativo,20/09/2019
5207808-000,2022,GO,  Firminópolis ,5207808,Green Eletron,PEV fixo,Ativo,01/11/2019
3304557-111,2022,RJ,RIO DE JANEIRO,3304557,ABREE,PEV fixo,Ativo,05/07/2021
2901908-002,2022,BA,  Aporá ,2901908,ABREE,PEV fixo,Ativo,22/07/2022
3551900-000,2022,SP,SEVERÍNIA,3551900,Green Eletron,PEV fixo,Ativo,07/02/2021
3300308-008,2022,RJ,Barra do Pirai,3300308,Green Eletron,PEV fixo,Ativo,13/02/2022
2906709-000,2022,BA,CÂNDIDO SALES,2906709,Green Eletron,PEV fixo,Ativo,09/03/2020
3550308-194,2022,SP,Sao Paulo,3550308,Green Eletron,PEV fixo,Ativo,09/02/2021
3500808-000,2022,SP,Alfredo Marcondes,3500808,ABREE,PEV fixo,Ativo,17/12/2022
3518602-000,2022,SP,Guariba,3518602,Green Eletron,PEV fixo,Ativo,25/03/2020
2110658-000,2022,MA,São Domingos do Azeitão,2110658,ABREE,PEV fixo,Ativo,05/05/2020
3136579-002,2022,MG,Josenópolis,3136579,ABREE,PEV fixo,Ativo,05/04/2021
2305332-000,2022,CE,IBICUITINGA,2305332,ABREE,PEV fixo,Ativo,01/09/2019
1507102-000,2022,PA,São Caetano de Odivelas,1507102,Sistema individual,PEV fixo,Ativo,27/04/2022
4205407-015,2022,SC,Florianópolis,4205407,ABREE,PEV fixo,Ativo,25/07/2019
2205516-000,2022,PI,JUAZEIRO DO PIAUÍ,2205516,Sistema individual,PEV fixo,Ativo,03/07/2021
3539509-003,2022,SP,Pitangueiras,3539509,Sistema individual,PEV fixo,Ativo,08/08/2022
3304557-105,2022,RJ,Rio de Janeiro,3304557,Sistema individual,PEV fixo,Ativo,21/01/2021
3550308-300,2022,SP,São Paulo,3550308,ABREE,PEV fixo,Ativo,12/10/2022
3550308-015,2022,SP,São Paulo,3550308,ABREE,PEV fixo,Ativo,05/07/2019
1100205-002,2022,RO,Porto Velho,1100205,ABREE,PEV fixo,Ativo,28/05/2020
3115003-000,2022,MG,Cascalho Rico,3115003,ABREE,Ponto de consolidação,Ativo,10/02/2022
3550308-026,2022,SP,São Paulo,3550308,ABREE,PEV fixo,Ativo,09/08/2019
4215307-000,2022,SC,Salete,4215307,ABREE,PEV fixo,Ativo,06/03/2022
2605806-005,2022,PE,FREI MIGUELINHO,2605806,Green Eletron,PEV fixo,Ativo,10/01/2021
2201572-000,2022,PI,Belém do Piauí,2201572,ABREE,PEV fixo,Ativo,25/02/2021
3124302-000,2022,MG,Espinosa,3124302,ABREE,PEV fixo,Ativo,05/07/2021
2408102-011,2022,RN,Natal,2408102,ABREE,PEV fixo,Ativo,26/09/2021
4314902-098,2022,RS,Porto Alegre,4314902,Green Eletron,PEV fixo,Ativo,07/07/2022
4205407-004,2022,SC,Florianópolis,4205407,ABREE,PEV fixo,Ativo,21/06/2019
2309904-003,2022,CE,PACUJÁ,2309904,ABREE,PEV fixo,Ativo,20/02/2020
1501402-006,2022,PA,Belem,1501402,Green Eletron,PEV fixo,Ativo,15/03/2020
3301504-000,2022,RJ,Cordeiro,3301504,Green Eletron,PEV fixo,Ativo,03/09/2019
3106200-069,2022,MG,Belo Horizonte,3106200,Green Eletron,PEV fixo,Ativo,19/04/2020
4314902-076,2022,RS,  Porto Alegre ,4314902,Green Eletron,PEV fixo,Ativo,09/04/2021
4315131-000,2022,RS,Pouso Novo,4315131,ABREE,PEV fixo,Ativo,19/11/2019
1101450-000,2022,RO,Parecis,1101450,ABREE,PEV fixo,Ativo,21/01/2021
1303700-001,2022,AM,Santo Antônio do Içá,1303700,ABREE,Campanha itinerante,Ativo,20/10/2020
3166204-000,2022,MG,Senhora dos Remédios,3166204,Sistema individual,PEV fixo,Ativo,18/10/2021
3106200-175,2022,MG,Belo Horizonte,3106200,Green Eletron,PEV fixo,Ativo,03/10/2022
3305307-014,2022,RJ,São Sebastião do Alto,3305307,ABREE,PEV fixo,Ativo,25/01/2022
3130804-000,2022,MG,Ingaí,3130804,Green Eletron,PEV fixo,Ativo,24/01/2022
5108956-003,2022,MT,Nova Monte Verde,5108956,Green Eletron,PEV fixo,Ativo,12/04/2021
2927408-087,2022,BA,Salvador,2927408,Green Eletron,PEV fixo,Ativo,13/03/2021
4310900-000,2022,RS,Jacutinga,4310900,Green Eletron,PEV fixo,Ativo,27/09/2021
4209151-000,2022,SC,José Boiteux,4209151,Green Eletron,PEV fixo,Ativo,06/01/2020
3303005-000,2022,RJ,MIRACEMA,3303005,Green Eletron,PEV fixo,Ativo,24/02/2022
2927408-017,2022,BA,Salvador,2927408,ABREE,PEV fixo,Ativo,01/03/2019
3302700-016,2022,RJ,MARICÁ,3302700,Green Eletron,PEV fixo,Ativo,16/02/2022
2933307-000,2022,BA,VITÓRIA DA CONQUISTA,2933307,Green Eletron,PEV fixo,Ativo,28/06/2019
2505238-000,2022,PB,CUITÉ DE MAMANGUAPE,2505238,ABREE,PEV fixo,Ativo,05/08/2019
4105300-000,2022,PR,Céu Azul,4105300,ABREE,PEV fixo,Ativo,28/04/2022
3550308-056,2022,SP,São Paulo,3550308,ABREE,PEV fixo,Ativo,04/04/2019
2801900-000,2022,SE,CUMBE,2801900,Sistema individual,PEV fixo,Ativo,15/04/2021
2605152-000,2022,PE,Dormentes,2605152,Green Eletron,PEV fixo,Ativo,10/02/2021
2927408-041,2022,BA,Salvador,2927408,Green Eletron,PEV fixo,Ativo,16/07/2019
3201001-001,2022,ES,Boa Esperança,3201001,ABREE,PEV fixo,Ativo,17/09/2022
2303907-000,2022,CE,Chaval,2303907,Green Eletron,PEV fixo,Ativo,14/01/2019
3301405-004,2022,RJ,Conceição de Macabu,3301405,ABREE,PEV fixo,Ativo,12/01/2020
4314902-117,2022,RS,Porto Alegre,4314902,Sistema individual,PEV fixo,Ativo,02/02/2022
3532900-006,2022,SP,Nova Europa,3532900,ABREE,PEV fixo,Ativo,12/12/2019
3145000-000,2022,MG,Nova Ponte,3145000,Green Eletron,PEV fixo,Ativo,03/09/2020
5208707-009,2022,GO,GOIÂNIA,5208707,Green Eletron,PEV fixo,Ativo,14/07/2020
2909505-000,2022,BA,Cravolândia,2909505,Green Eletron,PEV fixo,Ativo,18/12/2020
1302603-010,2022,AM,Manaus,1302603,ABREE,Ponto de consolidação,Ativo,26/08/2022
3549508-000,2022,SP,São José da Bela Vista,3549508,ABREE,PEV fixo,Ativo,19/11/2019
4209458-000,2022,SC,Lajeado Grande,4209458,Green Eletron,PEV fixo,Ativo,16/09/2021
2304400-024,2022,CE,FORTALEZA,2304400,ABREE,PEV fixo,Ativo,09/03/2019
2800308-006,2022,SE,  Aracaju ,2800308,ABREE,PEV fixo,Ativo,17/03/2019
3163300-000,2022,MG,São José do Divino,3163300,ABREE,PEV fixo,Ativo,03/07/2019
3304557-130,2022,RJ,RIO DE JANEIRO,3304557,ABREE,PEV fixo,Ativo,21/09/2022
2203230-000,2022,PI,CURRAIS,2203230,Green Eletron,PEV fixo,Ativo,27/05/2019
4212239-000,2022,SC,Paraíso,4212239,Green Eletron,PEV fixo,Ativo,21/10/2019
2302305-000,2022,CE,Bela Cruz,2302305,Green Eletron,PEV fixo,Ativo,01/01/2022
2304400-022,2022,CE,Fortaleza,2304400,Green Eletron,PEV fixo,Ativo,12/09/2019
4205407-044,2022,SC,Florianópolis,4205407,ABREE,Ponto de consolidação,Ativo,16/02/2021
3550308-114,2022,SP,São Paulo,3550308,ABREE,PEV fixo,Ativo,23/07/2020
2915700-000,2022,BA,Itamari,2915700,Green Eletron,Ponto de consolidação,Ativo,18/04/2019
3106200-118,2022,MG,BELO HORIZONTE,3106200,Green Eletron,PEV fixo,Ativo,16/07/2021
4106902-014,2022,PR,CURITIBA,4106902,ABREE,PEV fixo,Ativo,13/06/2020
2902609-000,2022,BA,Baixa Grande,2902609,Green Eletron,PEV fixo,Ativo,06/05/2019
2506608-000,2022,PB,IBIARA,2506608,ABREE,PEV fixo,Ativo,19/12/2020
3304557-145,2022,RJ,RIO DE JANEIRO,3304557,ABREE,PEV fixo,Ativo,28/01/2022
2708204-000,2022,AL,São Brás,2708204,ABREE,PEV fixo,Ativo,02/10/2021
2111300-022,2022,MA,  São Luís ,2111300,ABREE,PEV fixo,Ativo,04/01/2019
2304400-067,2022,CE,Fortaleza,2304400,ABREE,Ponto de consolidação,Ativo,15/04/2021
3541653-005,2022,SP,Quadra,3541653,ABREE,PEV fixo,Ativo,08/08/2022
3106200-218,2022,MG,  Belo Horizonte ,3106200,ABREE,PEV fixo,Ativo,02/11/2022
3550308-296,2022,SP,Sao Paulo,3550308,Sistema individual,PEV fixo,Ativo,17/09/2022
5300108-083,2022,DF,Brasilia,5300108,Green Eletron,PEV fixo,Ativo,02/03/2022
4314902-102,2022,RS,Porto Alegre,4314902,Green Eletron,PEV fixo,Ativo,24/03/2022
3304557-119,2022,RJ,Rio de Janeiro,3304557,Green Eletron,PEV fixo,Ativo,07/07/2022
3106200-208,2022,MG,Belo Horizonte,3106200,Green Eletron,PEV fixo,Ativo,23/01/2022
3550308-187,2022,SP,São Paulo,3550308,ABREE,PEV fixo,Ativo,22/11/2021
2100600-000,2022,MA,Amarante do Maranhão,2100600,ABREE,Ponto de consolidação,Ativo,10/10/2020
1721000-000,2022,TO,PALMAS,1721000,Green Eletron,PEV fixo,Ativo,20/02/2019
3538808-011,2022,SP,Piraju,3538808,ABREE,PEV fixo,Ativo,22/04/2020
2111409-000,2022,MA,São Luís Gonzaga do Maranhão,2111409,ABREE,Campanha itinerante,Ativo,20/11/2020
5300108-087,2022,DF,Brasília,5300108,Green Eletron,PEV fixo,Ativo,26/08/2022
2111300-000,2022,MA,São Luís,2111300,Sistema individual,PEV fixo,Ativo,02/10/2019
5202353-000,2022,GO,  Arenópolis ,5202353,ABREE,Campanha itinerante,Ativo,14/02/2021
4205407-061,2022,SC,Florianópolis,4205407,Green Eletron,PEV fixo,Ativo,13/01/2022
3526209-000,2022,SP,  Juquitiba ,3526209,Green Eletron,PEV fixo,Ativo,19/03/2020
5103403-008,2022,MT,Cuiabá,5103403,Green Eletron,PEV fixo,Ativo,26/12/2021
3551306-006,2022,SP,Sebastianópolis do Sul,3551306,Green Eletron,PEV fixo,Ativo,21/12/2022
2611606-005,2022,PE,Recife,2611606,Green Eletron,PEV fixo,Ativo,08/07/2020
3522901-001,2022,SP,Itapuí,3522901,Green Eletron,PEV fixo,Ativo,13/12/2021
2903276-000,2022,BA,BARROCAS,2903276,ABREE,PEV fixo,Ativo,14/01/2022
3303302-011,2022,RJ,  Niterói ,3303302,Sistema individual,PEV fixo,Ativo,08/12/2022
4314902-049,2022,RS,PORTO ALEGRE,4314902,Sistema individual,Ponto de consolidação,Ativo,19/03/2020
4314902-052,2022,RS,  Porto Alegre ,4314902,ABREE,PEV fixo,Ativo,24/01/2020
3118601-000,2022,MG,Contagem,3118601,Green Eletron,PEV fixo,Ativo,20/06/2019
2403004-000,2022,RN,Cruzeta,2403004,ABREE,PEV fixo,Ativo,09/06/2022
4314902-075,2022,RS,Porto Alegre,4314902,Green Eletron,Campanha itinerante,Ativo,13/04/2021
3170602-000,2022,MG,Vargem Bonita,3170602,Green Eletron,PEV fixo,Ativo,25/12/2021
3550308-050,2022,SP,São Paulo,3550308,ABREE,PEV fixo,Ativo,12/06/2019
1501402-014,2022,PA,Belem,1501402,ABREE,PEV fixo,Ativo,21/02/2021
4203105-000,2022,SC,Caibi,4203105,ABREE,PEV fixo,Ativo,28/06/2019
5002704-006,2022,MS,CAMPO GRANDE,5002704,Green Eletron,PEV fixo,Ativo,24/06/2021
3549508-003,2022,SP,São José da Bela Vista,3549508,Sistema individual,PEV fixo,Ativo,03/10/2020
3550308-082,2022,SP,São Paulo,3550308,Sistema individual,PEV fixo,Ativo,28/02/2019
2304400-076,2022,CE,Fortaleza,2304400,ABREE,PEV fixo,Ativo,27/03/2022
2800308-009,2022,SE,Aracaju,,ABREE,Ponto de consolidação,Ativo,07/10/2020
4128708-000,2022,PR,Vitorino,4128708,Green Eletron,PEV fixo,Ativo,06/01/2020
4314902-017,2022,RS,  Porto Alegre ,4314902,ABREE,PEV fixo,Ativo,10/12/2020
3552502-000,2022,SP,Suzano,3552502,Sistema individual,PEV fixo,Ativo,24/10/2021
3304557-021,2022,RJ,Rio de Janeiro,3304557,Green Eletron,Ponto de consolidação,Ativo,23/09/2020
3524006-000,2022,SP,Itupeva,3524006,Green Eletron,PEV fixo,Ativo,01/06/2022
2911659-000,2022,BA,Guajeru,2911659,Green Eletron,PEV fixo,Ativo,14/09/2020
3106200-170,2022,MG,BELO HORIZONTE,3106200,Green Eletron,Ponto de consolidação,Ativo,10/05/2022
2210979-000,2022,PI,Tanque do Piauí,2210979,ABREE,Campanha itinerante,Ativo,09/07/2020
3304557-075,2022,RJ,Rio de Janeiro,3304557,Green Eletron,PEV fixo,Ativo,23/07/2021
2409803-000,2022,RN,Pedro Velho,2409803,ABREE,Campanha itinerante,Ativo,02/08/2021
1200807-000,2022,AC,Porto Acre,1200807,ABREE,PEV fixo,Ativo,25/09/2021
2504405-000,2022,PB,CONCEIÇÃO,2504405,ABREE,PEV fixo,Ativo,02/11/2022
4205407-050,2022,SC,Florianópolis,4205407,ABREE,PEV fixo,Ativo,10/11/2021
5219357-000,2022,GO,Santa Isabel,5219357,ABREE,PEV fixo,Ativo,24/04/2020
3503158-000,2022,SP,Arapeí,3503158,Green Eletron,Campanha itinerante,Ativo,03/06/2021
2616183-001,2022,PE,Vertente do Lério,2616183,ABREE,Ponto de consolidação,Ativo,05/02/2019
2927408-003,2022,BA,Salvador,2927408,ABREE,PEV fixo,Ativo,28/04/2019
4314902-025,2022,RS,Porto Alegre,4314902,Sistema individual,PEV fixo,Ativo,22/07/2020
4314787-000,2022,RS,PONTE PRETA,4314787,ABREE,PEV fixo,Ativo,11/10/2022
2930154-000,2022,BA,SERRA DO RAMALHO,2930154,ABREE,PEV fixo,Ativo,16/09/2019
3541653-003,2022,SP,Quadra,3541653,Green Eletron,PEV fixo,Ativo,07/05/2021
3550308-069,2022,SP,São Paulo,3550308,ABREE,PEV fixo,Ativo,20/08/2019
3550308-303,2022,SP,São Paulo,3550308,Green Eletron,PEV fixo,Ativo,10/02/2022
3158706-000,2022,MG,SANTANA DO GARAMBÉU,3158706,ABREE,PEV fixo,Ativo,09/01/2020
4304713-000,2022,RS,Caraá,4304713,ABREE,Campanha itinerante,Ativo,02/12/2019
3550308-242,2022,SP,SÃO PAULO,3550308,ABREE,PEV fixo,Ativo,17/08/2021
3106200-189,2022,MG,Belo Horizonte,3106200,Green Eletron,Ponto de consolidação,Ativo,06/08/2022
3202454-001,2022,ES,  Ibatiba ,3202454,ABREE,PEV fixo,Ativo,08/04/2021
3500600-001,2022,SP,Aguas de Sao Pedro,3500600,Green Eletron,PEV fixo,Ativo,26/10/2021
3550308-272,2022,SP,Sao Paulo,3550308,ABREE,PEV fixo,Ativo,10/04/2022
2918407-000,2022,BA,Juazeiro,2918407,ABREE,PEV fixo,Ativo,11/10/2020
2412609-000,2022,RN,São Paulo do Potengi,2412609,Sistema individual,PEV fixo,Ativo,08/09/2019
2211001-018,2022,PI,Teresina,2211001,ABREE,Campanha itinerante,Ativo,24/07/2022
3506201-000,2022,SP,Bento de Abreu,3506201,ABREE,PEV fixo,Ativo,14/10/2022
3526704-001,2022,SP,Leme,3526704,Green Eletron,PEV fixo,Ativo,20/01/2022
3533908-000,2022,SP,Olímpia,3533908,ABREE,PEV fixo,Ativo,12/01/2020
5300108-063,2022,DF,Brasília,5300108,Green Eletron,PEV fixo,Ativo,22/11/2021
3158953-000,2022,MG,SANTANA DO PARAÍSO,3158953,ABREE,PEV fixo,Ativo,26/08/2022
3156502-000,2022,MG,Rubelita,3156502,Green Eletron,PEV fixo,Ativo,20/10/2022
4314902-108,2022,RS,Porto Alegre,4314902,Green Eletron,PEV fixo,Ativo,27/11/2022
3532306-005,2022,SP,Natividade da Serra,3532306,Sistema individual,PEV fixo,Ativo,13/04/2021
3303302-010,2022,RJ,NITERÓI,3303302,ABREE,PEV fixo,Ativo,12/04/2022
4306205-000,2022,RS,Cruzeiro do Sul,4306205,ABREE,Campanha itinerante,Ativo,09/03/2021
2605806-003,2022,PE,FREI MIGUELINHO,2605806,ABREE,PEV fixo,Ativo,11/02/2020
2918704-000,2022,BA,Lafaiete Coutinho,2918704,Green Eletron,PEV fixo,Ativo,19/01/2019
3160207-003,2022,MG,Santo Antonio do Itambe,3160207,ABREE,Campanha itinerante,Ativo,09/04/2020
1501782-000,2022,PA,BREU BRANCO,1501782,Green Eletron,PEV fixo,Ativo,28/06/2019
2111300-043,2022,MA,SÃO LUÍS,2111300,ABREE,PEV fixo,Ativo,18/06/2020
1508209-001,2022,PA,VIGIA,1508209,Green Eletron,PEV fixo,Inativo,01/04/2019
4323309-000,2022,RS,VILA FLORES,4323309,ABREE,PEV fixo,Ativo,03/04/2021
4207759-000,2022,SC,Iraceminha,4207759,Green Eletron,PEV fixo,Ativo,05/01/2019
2602902-008,2022,PE,Cabo de Santo Agostinho,2602902,ABREE,Ponto de consolidação,Ativo,27/04/2022
2111300-045,2022,MA,São Luís,2111300,ABREE,PEV fixo,Ativo,23/12/2020
4314902-122,2022,RS,Porto Alegre,4314902,ABREE,PEV fixo,Ativo,12/10/2022
2503506-000,2022,PB,Cacimba de Dentro,2503506,Green Eletron,PEV fixo,Ativo,26/08/2019
3555109-002,2022,SP,Tupi Paulista,3555109,Sistema individual,PEV fixo,Ativo,06/07/2020
1303700-001,2022,AM,Santo Antônio do Içá,1303700,ABREE,Campanha itinerante,Ativo,20/10/2020
4308656-000,2022,RS,Garruchos,4308656,ABREE,PEV fixo,Ativo,01/11/2020
5215207-004,2022,GO,Novo Brasil,5215207,Green Eletron,Campanha itinerante,Ativo,27/10/2020
4115457-002,2022,PR,  Marquinho ,4115457,ABREE,PEV fixo,Ativo,09/10/2019
1300029-003,2022,AM,ALVARÃES,1300029,Green Eletron,PEV fixo,Ativo,15/03/2020
3550308-149,2022,SP,  São Paulo ,3550308,ABREE,Ponto de consolidação,Ativo,18/08/2020
5205406-000,2022,GO,Ceres,5205406,Green Eletron,PEV fixo,Ativo,16/02/2022
3201605-000,2022,ES,Conceicao da Barra,,ABREE,PEV fixo,Ativo,24/03/2022
5300108-008,2022,DF,Brasília,5300108,Sistema individual,PEV fixo,Ativo,04/02/2019
3543006-001,2022,SP,Ribeirao Branco,3543006,Green Eletron,Ponto de consolidação,Ativo,12/04/2019
1301951-002,2022,AM,  Itamarati ,1301951,ABREE,PEV fixo,Ativo,23/11/2021
3167202-000,2022,MG,Sete Lagoas,3167202,Sistema individual,PEV fixo,Ativo,24/09/2021
2611606-065,2022,PE,Recife,2611606,Green Eletron,Campanha itinerante,Ativo,19/11/2022
3304557-095,2022,RJ,Rio de Janeiro,3304557,Green Eletron,Ponto de consolidação,Ativo,16/04/2021
2601508-000,2022,PE,Belem de Maria,2601508,ABREE,PEV fixo,Ativo,24/01/2020
5002605-000,2022,MS,Camapua,5002605,ABREE,Campanha itinerante,Ativo,06/11/2022
3106200-212,2022,MG,Belo Horizonte,3106200,ABREE,PEV fixo,Inativo,20/07/2022
5300108-064,2022,DF,  Brasília ,5300108,Green Eletron,PEV fixo,Ativo,15/06/2021
2307650-000,2022,CE,Maracanaú,2307650,Sistema individual,PEV fixo,Ativo,19/10/2022
3302403-004,2022,RJ,Macaé,3302403,ABREE,PEV fixo,Ativo,20/08/2019
3550308-140,2022,SP,São Paulo,3550308,ABREE,PEV fixo,Ativo,08/08/2020
2923035-000,2022,BA,Novo Horizonte,2923035,ABREE,PEV fixo,Ativo,15/08/2021
3106200-006,2022,MG,Belo Horizonte,3106200,ABREE,Ponto de consolidação,Ativo,03/09/2020
5208707-014,2022,GO,  Goiânia ,5208707,Green Eletron,Ponto de consolidação,Ativo,12/11/2021
1301209-000,2022,AM,Coari,1301209,Green Eletron,PEV fixo,Ativo,23/07/2020
4323507-000,2022,RS,Vista Alegre,4323507,ABREE,PEV fixo,Ativo,09/06/2019
2927408-018,2022,BA,SALVADOR,2927408,ABREE,PEV fixo,Ativo,18/05/2019
3532900-000,2022,SP,Nova Europa,3532900,ABREE,PEV fixo,Ativo,07/06/2019
2513000-000,2022,PB,Salgadinho,2513000,ABREE,Campanha itinerante,Ativo,06/10/2021
3530102-000,2022,SP,MIRANDÓPOLIS,3530102,Green Eletron,PEV fixo,Ativo,27/08/2020
3160207-001,2022,MG,Santo Antônio do Itambé,3160207,Green Eletron,PEV fixo,Ativo,06/07/2019
3524402-001,2022,SP,Jacareí,3524402,ABREE,PEV fixo,Ativo,13/01/2020
4128633-000,2022,PR,  Doutor Ulysses ,4128633,ABREE,PEV fixo,Ativo,07/05/2022
3202553-001,2022,ES,IBITIRAMA,3202553,Green Eletron,PEV fixo,Ativo,24/07/2022
3512100-002,2022,SP,Colômbia,3512100,Green Eletron,Ponto de consolidação,Ativo,21/10/2022
2614105-000,2022,PE,  Sertânia ,2614105,ABREE,PEV fixo,Ativo,24/06/2019
2927408-112,2022,BA,  Salvador ,2927408,ABREE,PEV fixo,Ativo,10/02/2022
2927408-083,2022,BA,SALVADOR,2927408,ABREE,PEV fixo,Ativo,01/10/2021
3513603-000,2022,SP,  Cunha ,3513603,ABREE,PEV fixo,Ativo,25/09/2021
2107456-000,2022,MA,Olinda Nova do Maranhão,2107456,ABREE,PEV fixo,Ativo,28/11/2021
3304201-000,2022,RJ,Resende,3304201,ABREE,PEV fixo,Ativo,20/04/2021
3109204-000,2022,MG,BUENÓPOLIS,3109204,ABREE,PEV fixo,Ativo,09/12/2019
5107792-000,2022,MT,Santo Antônio do Leste,5107792,Sistema individual,PEV fixo,Ativo,06/10/2020
2927408-081,2022,BA,SALVADOR,2927408,Green Eletron,PEV fixo,Ativo,27/10/2021
4108403-000,2022,PR,Francisco Beltrão,4108403,Sistema individual,PEV fixo,Ativo,26/02/2022
4314902-055,2022,RS,Porto Alegre,4314902,Green Eletron,PEV fixo,Ativo,19/01/2021
2110609-000,2022,MA,SÃO BERNARDO,2110609,Green Eletron,PEV fixo,Ativo,12/12/2021
4205308-000,2022,SC,Faxinal dos Guedes,4205308,Green Eletron,Campanha itinerante,Ativo,18/03/2021
3532009-002,2022,SP,MORUNGABA,3532009,Green Eletron,PEV fixo,Ativo,05/12/2019
5300108-026,2022,DF,  Brasília ,5300108,ABREE,Ponto de consolidação,Ativo,22/02/2019
3550308-212,2022,SP,SÃO PAULO,3550308,ABREE,PEV fixo,Ativo,02/04/2021
2616100-000,2022,PE,  Verdejante ,2616100,Green Eletron,Campanha itinerante,Ativo,20/01/2019
3513009-001,2022,SP,COTIA,3513009,Green Eletron,PEV fixo,Ativo,02/09/2019
3121506-000,2022,MG,Desterro do Melo,3121506,ABREE,PEV fixo,Ativo,04/02/2020
2701308-000,2022,AL,Cajueiro,2701308,Green Eletron,Ponto de consolidação,Ativo,12/06/2019
2927408-076,2022,BA,Salvador,2927408,ABREE,PEV fixo,Ativo,13/08/2021
3106200-090,2022,MG,Belo Horizonte,3106200,Green Eletron,PEV fixo,Ativo,07/02/2020
4205407-022,2022,SC,Florianópolis,4205407,ABREE,PEV fixo,Ativo,13/12/2019
2111300-070,2022,MA,São Luís,2111300,ABREE,PEV fixo,Ativo,11/12/2021
3304557-109,2022,RJ,Rio de Janeiro,3304557,ABREE,PEV fixo,Ativo,26/08/2021
3142007-000,2022,MG,MIRABELA,3142007,Green Eletron,PEV fixo,Ativo,05/06/2019
1504406-000,2022,PA,MARAPANIM,1504406,ABREE,PEV fixo,Ativo,08/10/2019
5300108-011,2022,DF,BRASÍLIA,5300108,ABREE,PEV fixo,Ativo,17/12/2019
1100601-000,2022,RO,Cacaulandia,,ABREE,PEV fixo,Ativo,13/04/2021
1721000-009,2022,TO,Palmas,1721000,Green Eletron,PEV fixo,Ativo,27/10/2022
2111300-048,2022,MA,SÃO LUÍS,2111300,Green Eletron,Campanha itinerante,Ativo,13/01/2020
2906006-000,2022,BA,  Campo Formoso ,2906006,ABREE,PEV fixo,Ativo,03/01/2019
4314902-118,2022,RS,Porto Alegre,4314902,Green Eletron,Ponto de consolidação,Ativo,26/01/2022
2304400-048,2022,CE,FORTALEZA,2304400,Sistema individual,PEV fixo,Ativo,21/12/2020
3304557-058,2022,RJ,Rio de Janeiro,,Green Eletron,PEV fixo,Ativo,23/07/2020
2929107-000,2022,BA,São Felipe,2929107,ABREE,PEV fixo,Ativo,24/04/2020
2304400-089,2022,CE,Fortaleza,2304400,ABREE,PEV fixo,Ativo,28/08/2022
2300705-006,2022,CE,  Alto Santo ,2300705,ABREE,PEV fixo,Ativo,23/05/2021
3550308-052,2022,SP,SÃO PAULO,3550308,Green Eletron,PEV fixo,Ativo,18/01/2019
3140159-000,2022,MG,Mário Campos,3140159,ABREE,PEV fixo,Ativo,01/03/2020
4300901-000,2022,RS,Aratiba,4300901,Sistema individual,PEV fixo,Ativo,11/10/2020
3106200-202,2022,MG,BELO HORIZONTE,3106200,ABREE,PEV fixo,Ativo,18/12/2022
3550308-064,2022,SP,São Paulo,3550308,Sistema individual,Ponto de consolidação,Inativo,13/08/2019
2905503-003,2022,BA,CALDEIRÃO GRANDE,2905503,Green Eletron,PEV fixo,Ativo,13/06/2022
3304557-074,2022,RJ,Rio de Janeiro,3304557,ABREE,Ponto de consolidação,Ativo,18/06/2021
2406601-000,2022,RN,Lagoa Salgada,2406601,ABREE,PEV fixo,Ativo,19/08/2022
4205407-048,2022,SC,Florianópolis,4205407,Sistema individual,Ponto de consolidação,Ativo,19/06/2021
3205309-001,2022,ES,VITÓRIA,3205309,ABREE,PEV fixo,Ativo,21/11/2020
2209302-001,2022,PI,Santa Luz,2209302,Sistema individual,PEV fixo,Ativo,03/01/2022
5108956-000,2022,MT,Nova Monte Verde,5108956,ABREE,PEV fixo,Ativo,17/05/2020
3301108-002,2022,RJ,Cantagalo,3301108,ABREE,Ponto de consolidação,Ativo,19/10/2020
3304557-010,2022,RJ,Rio de Janeiro,3304557,ABREE,PEV fixo,Ativo,11/06/2020
4319356-000,2022,RS,São Pedro da Serra,4319356,Green Eletron,Campanha itinerante,Ativo,15/01/2019
4115853-000,2022,PR,Mercedes,4115853,ABREE,Campanha itinerante,Ativo,27/01/2022
2709103-000,2022,AL,TAQUARANA,2709103,Sistema individual,Ponto de consolidação,Ativo,02/02/2020
2111300-094,2022,MA,São Luís,2111300,Green Eletron,PEV fixo,Inativo,19/09/2022
1505536-000,2022,PA,Parauapebas,1505536,ABREE,PEV fixo,Ativo,18/03/2021
3502903-000,2022,SP,ARAÇOIABA DA SERRA,3502903,ABREE,PEV fixo,Ativo,12/12/2019
5300108-050,2022,DF,Brasília,5300108,Green Eletron,PEV fixo,Ativo,17/03/2020
1504208-003,2022,PA,Marabá,1504208,Green Eletron,PEV fixo,Ativo,25/10/2021
3304144-004,2022,RJ,Queimados,3304144,ABREE,PEV fixo,Ativo,07/02/2022
3101706-000,2022,MG,Almenara,3101706,ABREE,Campanha itinerante,Ativo,18/03/2021
2304400-087,2022,CE,Fortaleza,2304400,Green Eletron,Campanha itinerante,Ativo,11/12/2022
3160207-000,2022,MG,Santo Antonio do Itambe,3160207,ABREE,PEV fixo,Ativo,14/12/2019
3530300-000,2022,SP,Mirassol,3530300,Green Eletron,PEV fixo,Ativo,03/12/2022
2921609-000,2022,BA,Morpará,2921609,ABREE,PEV fixo,Ativo,09/02/2022
2304400-043,2022,CE,Fortaleza,2304400,ABREE,PEV fixo,Ativo,11/04/2020
4314902-053,2022,RS,Porto Alegre,4314902,Sistema individual,PEV fixo,Ativo,15/12/2021
3533304-000,2022,SP,  Nova Luzitânia ,3533304,Green Eletron,Campanha itinerante,Ativo,15/01/2021
4106902-054,2022,PR,Curitiba,4106902,Green Eletron,PEV fixo,Ativo,25/09/2022
4314902-044,2022,RS,PORTO ALEGRE,4314902,ABREE,Ponto de consolidação,Ativo,04/07/2020
4124509-000,2022,PR,  Santo Inácio ,4124509,Green Eletron,PEV fixo,Ativo,03/03/2021
2927606-000,2022,BA,Santa Brígida,2927606,ABREE,PEV fixo,Ativo,22/10/2020
4219002-000,2022,SC,Urussanga,4219002,ABREE,Campanha itinerante,Ativo,19/03/2019
2304400-002,2022,CE,Fortaleza,2304400,ABREE,PEV fixo,Inativo,12/03/2019
2919207-000,2022,BA,LAURO DE FREITAS,2919207,Green Eletron,PEV fixo,Ativo,13/12/2020
3550308-081,2022,SP,SÃO PAULO,3550308,Sistema individual,PEV fixo,Ativo,20/09/2019
5219100-000,2022,GO,Santa Barbara de Goias,5219100,ABREE,PEV fixo,Ativo,25/03/2022
2927408-084,2022,BA,Salvador,2927408,Sistema individual,PEV fixo,Ativo,15/03/2021
2611606-046,2022,PE,RECIFE,2611606,Sistema individual,PEV fixo,Ativo,26/09/2021
3157302-000,2022,MG,Santa Bárbara do Tugúrio,3157302,Sistema individual,PEV fixo,Ativo,25/08/2022
3526803-003,2022,SP,Lençóis Paulista,3526803,Green Eletron,PEV fixo,Ativo,20/11/2020
5200258-000,2022,GO,Águas Lindas de Goiás,5200258,Green Eletron,PEV fixo,Ativo,19/02/2021
2909000-000,2022,BA,Cordeiros,2909000,ABREE,PEV fixo,Ativo,16/07/2021
3304557-113,2022,RJ,RIO DE JANEIRO,3304557,Green Eletron,PEV fixo,Ativo,26/12/2022
3550308-117,2022,SP,  São Paulo ,3550308,Sistema individual,PEV fixo,Ativo,09/12/2020
2408102-004,2022,RN,Natal,2408102,ABREE,PEV fixo,Ativo,11/09/2020
2111300-050,2022,MA,SÃO LUÍS,2111300,ABREE,PEV fixo,Ativo,06/04/2020
2302107-001,2022,CE,BATURITÉ,2302107,Green Eletron,PEV fixo,Ativo,08/06/2019
5215207-001,2022,GO,NOVO BRASIL,5215207,ABREE,PEV fixo,Ativo,01/10/2019
3550308-077,2022,SP,  São Paulo ,3550308,ABREE,PEV fixo,Ativo,02/11/2019
3168309-000,2022,MG,TAQUARAÇU DE MINAS,3168309,ABREE,Campanha itinerante,Ativo,12/10/2019
2608701-000,2022,PE,  Lagoa dos Gatos ,2608701,ABREE,PEV fixo,Ativo,23/01/2020
1501907-000,2022,PA,Bujaru,1501907,ABREE,PEV fixo,Ativo,11/12/2021
2930501-000,2022,BA,Serrinha,2930501,ABREE,Ponto de consolidação,Ativo,28/04/2021
2605400-000,2022,PE,Feira Nova,2605400,Green Eletron,PEV fixo,Ativo,24/05/2022
4214607-000,2022,SC,Rio do Oeste,4214607,ABREE,Ponto de consolidação,Ativo,09/07/2020
5300108-012,2022,DF,BRASÍLIA,5300108,ABREE,PEV fixo,Ativo,19/12/2019
3304557-122,2022,RJ,Rio de Janeiro,3304557,ABREE,PEV fixo,Ativo,14/08/2022
3302403-003,2022,RJ,Macaé,3302403,ABREE,PEV fixo,Ativo,18/12/2019
2931301-000,2022,BA,Tapiramutá,2931301,ABREE,PEV fixo,Ativo,01/07/2022
4322376-000,2022,RS,  Unistalda ,4322376,ABREE,Ponto de consolidação,Ativo,08/05/2021
2107001-000,2022,MA,Montes Altos,2107001,ABREE,Ponto de consolidação,Ativo,11/02/2021
1503507-000,2022,PA,IRITUIA,1503507,Green Eletron,PEV fixo,Ativo,08/08/2021
5208707-008,2022,GO,GOIÂNIA,5208707,ABREE,PEV fixo,Ativo,28/08/2020
3102100-000,2022,MG,Alto Rio Doce,3102100,ABREE,PEV fixo,Ativo,19/03/2022
2303105-000,2022,CE,Cariré,2303105,ABREE,PEV fixo,Ativo,08/04/2021
2922656-001,2022,BA,Nordestina,2922656,ABREE,PEV fixo,Ativo,14/11/2019
1300706-002,2022,AM,Boca do Acre,1300706,Green Eletron,PEV fixo,Ativo,18/10/2021
3137809-001,2022,MG,Lambari,3137809,ABREE,Campanha itinerante,Ativo,01/11/2022
2200400-000,2022,PI,Altos,2200400,ABREE,PEV fixo,Ativo,06/02/2021
3106200-150,2022,MG,BELO HORIZONTE,3106200,ABREE,PEV fixo,Ativo,16/09/2021
4118808-000,2022,PR,Peabiru,4118808,Sistema individual,PEV fixo,Ativo,09/05/2021
2927408-089,2022,BA,SALVADOR,2927408,Green Eletron,PEV fixo,Ativo,13/05/2021
1503077-000,2022,PA,GARRAFÃO DO NORTE,1503077,Green Eletron,PEV fixo,Ativo,07/04/2019
2701803-000,2022,AL,Carneiros,2701803,ABREE,PEV fixo,Ativo,11/05/2019
3530102-003,2022,SP,Mirandopolis,3530102,ABREE,PEV fixo,Ativo,27/01/2021
3304557-156,2022,RJ,Rio de Janeiro,3304557,Sistema individual,PEV fixo,Ativo,17/12/2022
3550308-302,2022,SP,SÃO PAULO,3550308,Green Eletron,PEV fixo,Ativo,20/06/2022
3537404-001,2022,SP,PEREIRA BARRETO,3537404,Green Eletron,PEV fixo,Ativo,12/10/2020
3550308-123,2022,SP,São Paulo,3550308,ABREE,PEV fixo,Ativo,07/08/2020
3304557-034,2022,RJ,RIO DE JANEIRO,3304557,ABREE,PEV fixo,Ativo,25/01/2020
2111300-077,2022,MA,São Luís,2111300,ABREE,Campanha itinerante,Ativo,25/12/2022
5210109-000,2022,GO,Ipameri,5210109,ABREE,PEV fixo,Ativo,27/02/2021
3550308-049,2022,SP,São Paulo,3550308,ABREE,Campanha itinerante,Ativo,28/12/2019
4314902-051,2022,RS,PORTO ALEGRE,4314902,Green Eletron,PEV fixo,Ativo,20/08/2020
5300108-091,2022,DF,Brasília,5300108,ABREE,PEV fixo,Ativo,27/07/2022
3103009-000,2022,MG,Antônio Dias,3103009,Green Eletron,PEV fixo,Ativo,20/01/2021
3532900-011,2022,SP,Nova Europa,3532900,ABREE,PEV fixo,Ativo,18/12/2020
3106200-062,2022,MG,Belo Horizonte,3106200,Sistema individual,Campanha itinerante,Ativo,25/11/2020
3550308-243,2022,SP,São Paulo,3550308,ABREE,PEV fixo,Ativo,05/09/2021
4306452-000,2022,RS,  Dois Lajeados ,4306452,ABREE,PEV fixo,Ativo,08/02/2021
2111300-028,2022,MA,São Luís,2111300,Green Eletron,PEV fixo,Ativo,10/12/2019
2910727-000,2022,BA,Eunápolis,2910727,ABREE,PEV fixo,Ativo,16/10/2021
3550308-224,2022,SP,SÃO PAULO,3550308,ABREE,PEV fixo,Ativo,19/09/2021
3550308-267,2022,SP,São Paulo,3550308,ABREE,PEV fixo,Ativo,24/04/2022
2505238-001,2022,PB,  Cuité de Mamanguape ,2505238,Green Eletron,PEV fixo,Ativo,14/01/2022
3550308-196,2022,SP,São Paulo,3550308,ABREE,PEV fixo,Ativo,03/10/2021
5300108-049,2022,DF,Brasilia,5300108,ABREE,PEV fixo,Ativo,11/11/2020
3304524-000,2022,RJ,RIO DAS OSTRAS,3304524,Green Eletron,PEV fixo,Ativo,02/06/2019
1720978-000,2022,TO,TALISMÃ,1720978,ABREE,PEV fixo,Ativo,24/08/2020
2927408-100,2022,BA,SALVADOR,2927408,ABREE,PEV fixo,Ativo,18/03/2021
3300308-009,2022,RJ,Barra do Pirai,3300308,Green Eletron,Campanha itinerante,Ativo,01/09/2022
2612000-000,2022,PE,SAIRÉ,2612000,Sistema individual,PEV fixo,Ativo,21/03/2019
2919926-000,2022,BA,MADRE DE DEUS,2919926,Green Eletron,PEV fixo,Ativo,26/07/2022
3106200-128,2022,MG,Belo Horizonte,3106200,ABREE,PEV fixo,Ativo,04/12/2021
3106200-053,2022,MG,BELO HORIZONTE,3106200,Green Eletron,PEV fixo,Ativo,06/02/2020
5000708-000,2022,MS,Anastácio,5000708,Green Eletron,PEV fixo,Ativo,18/10/2019
4314902-071,2022,RS,Porto Alegre,4314902,ABREE,PEV fixo,Ativo,02/02/2021
3302403-011,2022,RJ,Macae,3302403,Green Eletron,PEV fixo,Ativo,07/06/2021
3106200-217,2022,MG,Belo Horizonte,3106200,ABREE,PEV fixo,Ativo,09/11/2022
2408102-008,2022,RN,Natal,2408102,ABREE,PEV fixo,Ativo,18/05/2021
2611606-000,2022,PE,Recife,2611606,Green Eletron,PEV fixo,Ativo,14/06/2020
5208707-002,2022,GO,GOIÂNIA,5208707,Green Eletron,PEV fixo,Ativo,12/12/2019
4128104-000,2022,PR,Umuarama,4128104,ABREE,PEV fixo,Ativo,23/03/2021
4308102-000,2022,RS,Feliz,4308102,Green Eletron,PEV fixo,Ativo,20/01/2019
3304557-008,2022,RJ,Rio de Janeiro,3304557,Green Eletron,PEV fixo,Ativo,13/07/2020
2311405-000,2022,CE,Quixeramobim,2311405,Green Eletron,PEV fixo,Ativo,22/08/2022
2405900-000,2022,RN,JOÃO DIAS,2405900,ABREE,PEV fixo,Ativo,22/03/2019
3538808-003,2022,SP,Piraju,3538808,ABREE,PEV fixo,Ativo,27/01/2019
3301405-001,2022,RJ,Conceição de Macabu,3301405,ABREE,PEV fixo,Ativo,12/01/2019
3304557-004,2022,RJ,Rio de Janeiro,3304557,Sistema individual,PEV fixo,Ativo,17/10/2020
3505203-002,2022,SP,BARIRI,3505203,ABREE,PEV fixo,Ativo,12/10/2020
2927408-109,2022,BA,Salvador,2927408,Green Eletron,PEV fixo,Ativo,26/05/2022
4211652-000,2022,SC,Novo Horizonte,4211652,Green Eletron,PEV fixo,Ativo,01/09/2019
3532900-015,2022,SP,NOVA EUROPA,3532900,Green Eletron,Campanha itinerante,Ativo,06/12/2021
4205407-025,2022,SC,Florianópolis,4205407,Green Eletron,PEV fixo,Ativo,06/09/2019
3304557-049,2022,RJ,RIO DE JANEIRO,3304557,Sistema individual,PEV fixo,Ativo,28/01/2020
2918506-000,2022,BA,Jussara,2918506,ABREE,PEV fixo,Ativo,16/03/2020
3550308-316,2022,SP,Sao Paulo,3550308,Green Eletron,PEV fixo,Ativo,14/09/2022
2901908-000,2022,BA,Aporá,2901908,Sistema individual,Ponto de consolidação,Ativo,21/04/2021
3106200-005,2022,MG,Belo Horizonte,3106200,ABREE,Campanha itinerante,Ativo,06/07/2020
3550308-217,2022,SP,Sao Paulo,3550308,ABREE,PEV fixo,Ativo,15/01/2021
3513009-009,2022,SP,COTIA,3513009,Green Eletron,PEV fixo,Ativo,23/10/2022
4115457-000,2022,PR,MARQUINHO,4115457,ABREE,PEV fixo,Ativo,07/04/2019
3304557-019,2022,RJ,Rio de Janeiro,,ABREE,PEV fixo,Ativo,12/06/2020
3171071-000,2022,MG,Veredinha,3171071,ABREE,Ponto de consolidação,Ativo,17/09/2021
3155504-000,2022,MG,Rio Paranaiba,3155504,ABREE,Campanha itinerante,Ativo,21/08/2022
2611606-038,2022,PE,Recife,2611606,Green Eletron,PEV fixo,Ativo,28/10/2021
3302908-003,2022,RJ,MIGUEL PEREIRA,3302908,ABREE,PEV fixo,Ativo,23/11/2021
3550308-257,2022,SP,São Paulo,3550308,Green Eletron,PEV fixo,Ativo,27/09/2022
2927408-010,2022,BA,Salvador,2927408,Green Eletron,PEV fixo,Ativo,26/02/2019
2111300-034,2022,MA,SÃO LUÍS,2111300,ABREE,PEV fixo,Ativo,11/11/2020
2611606-025,2022,PE,Recife,2611606,Green Eletron,PEV fixo,Ativo,05/01/2020
3532900-021,2022,SP,Nova Europa,3532900,ABREE,PEV fixo,Ativo,08/12/2022
2800407-000,2022,SE,ARAUÁ,2800407,Green Eletron,PEV fixo,Ativo,13/09/2021
3550308-197,2022,SP,Sao Paulo,3550308,ABREE,PEV fixo,Ativo,16/02/2021
3144706-000,2022,MG,Nova Era,3144706,ABREE,Campanha itinerante,Ativo,04/08/2020
5300108-080,2022,DF,Brasília,5300108,Green Eletron,Ponto de consolidação,Ativo,06/06/2022
5007406-000,2022,MS,Rio Verde de Mato Grosso,5007406,Green Eletron,PEV fixo,Ativo,07/12/2021
1300029-002,2022,AM,Alvaraes,1300029,Green Eletron,PEV fixo,Ativo,14/12/2019
3140852-000,2022,MG,  Matias Cardoso ,3140852,Sistema individual,PEV fixo,Ativo,14/12/2020
3305752-005,2022,RJ,Tanguá,3305752,ABREE,PEV fixo,Ativo,22/11/2021
3547403-001,2022,SP,SANTA RITA D'OESTE,3547403,Green Eletron,Ponto de consolidação,Ativo,07/05/2022
3533205-000,2022,SP,Nova Independência,3533205,ABREE,Campanha itinerante,Ativo,22/11/2022
4314902-123,2022,RS,Porto Alegre,4314902,Sistema individual,PEV fixo,Ativo,02/10/2022
2111003-000,2022,MA,São João Batista,2111003,Green Eletron,PEV fixo,Ativo,19/04/2021
3305802-000,2022,RJ,Teresópolis,3305802,Green Eletron,PEV fixo,Ativo,17/06/2022
3556602-000,2022,SP,Vera Cruz,3556602,Green Eletron,PEV fixo,Ativo,11/12/2022
2111300-035,2022,MA,São Luís,2111300,ABREE,PEV fixo,Ativo,07/02/2020
5300108-060,2022,DF,Brasília,5300108,ABREE,PEV fixo,Ativo,02/09/2021
2927408-129,2022,BA,SALVADOR,2927408,ABREE,PEV fixo,Ativo,17/06/2022
3302403-001,2022,RJ,Macae,3302403,Green Eletron,Ponto de consolidação,Ativo,18/11/2019
1300086-000,2022,AM,ANAMÃ,1300086,ABREE,PEV fixo,Ativo,26/09/2020
2913457-000,2022,BA,Igrapiúna,2913457,Green Eletron,Ponto de consolidação,Ativo,11/12/2020
4106902-002,2022,PR,Curitiba,4106902,ABREE,PEV fixo,Ativo,21/08/2020
3541059-000,2022,SP,Pratania,3541059,ABREE,PEV fixo,Ativo,08/06/2019
2601052-000,2022,PE,ARAÇOIABA,2601052,ABREE,PEV fixo,Ativo,19/10/2020
4314902-093,2022,RS,Porto Alegre,4314902,Green Eletron,PEV fixo,Ativo,03/06/2022
1501402-015,2022,PA,BELÉM,1501402,Green Eletron,PEV fixo,Ativo,11/09/2021
2304400-073,2022,CE,FORTALEZA,2304400,Green Eletron,PEV fixo,Ativo,27/09/2022
2917904-000,2022,BA,Jandaíra,2917904,Green Eletron,PEV fixo,Ativo,27/10/2019
2111300-016,2022,MA,São Luís,2111300,Green Eletron,PEV fixo,Ativo,09/02/2019
2608206-000,2022,PE,JOAQUIM NABUCO,2608206,ABREE,PEV fixo,Ativo,16/07/2022
3301108-009,2022,RJ,Cantagalo,3301108,Green Eletron,Campanha itinerante,Ativo,05/10/2021
2211001-004,2022,PI,Teresina,2211001,Green Eletron,Campanha itinerante,Ativo,02/06/2019
3106200-152,2022,MG,Belo Horizonte,3106200,Green Eletron,Campanha itinerante,Ativo,14/05/2021
3503703-004,2022,SP,Ariranha,3503703,Green Eletron,Ponto de consolidação,Ativo,27/08/2021
2111300-046,2022,MA,São Luís,2111300,ABREE,PEV fixo,Ativo,03/04/2020
3304557-036,2022,RJ,Rio de Janeiro,3304557,Green Eletron,PEV fixo,Ativo,01/04/2020
1501402-019,2022,PA,BELÉM,1501402,Green Eletron,PEV fixo,Ativo,19/10/2022
4205407-055,2022,SC,Florianópolis,4205407,ABREE,PEV fixo,Ativo,06/04/2021
4314902-103,2022,RS,Porto Alegre,4314902,Green Eletron,PEV fixo,Ativo,22/04/2022
3111150-000,2022,MG,Campo Azul,3111150,ABREE,PEV fixo,Ativo,18/02/2021
3302403-005,2022,RJ,Macaé,3302403,Green Eletron,PEV fixo,Inativo,02/08/2020
3106200-087,2022,MG,BELO HORIZONTE,3106200,Sistema individual,Campanha itinerante,Ativo,21/04/2020
3513009-004,2022,SP,Cotia,3513009,Green Eletron,PEV fixo,Ativo,24/08/2020
5219738-000,2022,GO,Santo Antônio de Goiás,5219738,ABREE,PEV fixo,Ativo,12/02/2020
5002001-000,2022,MS,Batayporã,5002001,Sistema individual,PEV fixo,Ativo,07/09/2022
4312252-000,2022,RS,Minas do Leão,4312252,ABREE,PEV fixo,Ativo,27/03/2022
5002704-008,2022,MS,Campo Grande,5002704,Green Eletron,PEV fixo,Ativo,27/11/2022
4315750-000,2022,RS,Riozinho,4315750,Green Eletron,Campanha itinerante,Ativo,02/11/2021
1500701-000,2022,PA,Anajás,1500701,Green Eletron,PEV fixo,Ativo,18/04/2022
3304557-022,2022,RJ,Rio de Janeiro,3304557,ABREE,Ponto de consolidação,Ativo,23/04/2020
2928208-000,2022,BA,Santana,2928208,ABREE,PEV fixo,Ativo,05/02/2021
5107305-000,2022,MT,São José do Rio Claro,5107305,ABREE,Campanha itinerante,Ativo,26/06/2020
2111300-055,2022,MA,São Luís,2111300,ABREE,Ponto de consolidação,Ativo,20/06/2021
3304508-012,2022,RJ,Rio das Flores,3304508,Green Eletron,PEV fixo,Ativo,17/02/2022
3537404-003,2022,SP,Pereira Barreto,3537404,ABREE,PEV fixo,Ativo,04/01/2022
4205407-011,2022,SC,FLORIANÓPOLIS,4205407,ABREE,PEV fixo,Ativo,06/05/2019
4314902-101,2022,RS,Porto Alegre,4314902,ABREE,PEV fixo,Ativo,08/11/2022
3531308-000,2022,SP,MONTE ALTO,3531308,Green Eletron,Ponto de consolidação,Ativo,18/03/2019
3303856-000,2022,RJ,Paty do Alferes,3303856,ABREE,Campanha itinerante,Ativo,10/11/2021
2611606-058,2022,PE,Recife,2611606,ABREE,PEV fixo,Ativo,24/02/2022
2706505-000,2022,AL,Passo de Camaragibe,2706505,Green Eletron,PEV fixo,Ativo,12/07/2021
2507507-009,2022,PB,João Pessoa,2507507,ABREE,Ponto de consolidação,Ativo,15/08/2021
3532900-023,2022,SP,Nova Europa,3532900,Green Eletron,PEV fixo,Ativo,05/12/2022
1300029-006,2022,AM,ALVARÃES,1300029,Green Eletron,PEV fixo,Ativo,27/06/2022
1507151-000,2022,PA,SÃO DOMINGOS DO ARAGUAIA,1507151,Green Eletron,PEV fixo,Ativo,15/06/2019
2314003-000,2022,CE,VÁRZEA ALEGRE,2314003,ABREE,PEV fixo,Ativo,09/01/2020
3550308-214,2022,SP,Sao Paulo,3550308,ABREE,Ponto de consolidação,Ativo,27/02/2021
3550308-277,2022,SP,SÃO PAULO,3550308,ABREE,PEV fixo,Ativo,01/12/2022
2514404-000,2022,PB,Sao Jose de Espinharas,2514404,ABREE,PEV fixo,Ativo,24/04/2019
2701357-000,2022,AL,Campestre,2701357,ABREE,PEV fixo,Ativo,07/04/2020
1300904-000,2022,AM,Canutama,1300904,ABREE,Campanha itinerante,Ativo,10/08/2020
4211256-000,2022,SC,Morro Grande,4211256,Green Eletron,PEV fixo,Ativo,17/02/2021
3304508-004,2022,RJ,Rio das Flores,3304508,Green Eletron,PEV fixo,Ativo,16/05/2020
1300508-000,2022,AM,Barreirinha,1300508,ABREE,PEV fixo,Ativo,02/05/2019
4109906-000,2022,PR,Icaraíma,4109906,Green Eletron,PEV fixo,Ativo,03/10/2020
4311304-000,2022,RS,LAGOA VERMELHA,4311304,Green Eletron,PEV fixo,Ativo,16/02/2022
2801207-000,2022,SE,Caninde de Sao Francisco,2801207,Green Eletron,PEV fixo,Ativo,21/04/2021
3301702-000,2022,RJ,Duque de Caxias,3301702,ABREE,PEV fixo,Ativo,20/03/2019
2927408-098,2022,BA,SALVADOR,2927408,Green Eletron,PEV fixo,Ativo,11/01/2021
3201407-000,2022,ES,Castelo,3201407,Green Eletron,PEV fixo,Ativo,15/09/2019
4106902-020,2022,PR,Curitiba,4106902,ABREE,PEV fixo,Ativo,05/04/2020
3501152-000,2022,SP,ALUMÍNIO,3501152,ABREE,PEV fixo,Ativo,19/04/2021
2304400-052,2022,CE,Fortaleza,2304400,Sistema individual,PEV fixo,Ativo,25/03/2021
3305109-000,2022,RJ,SÃO JOÃO DE MERITI,3305109,ABREE,Ponto de consolidação,Ativo,13/10/2022
4112207-000,2022,PR,Janiopolis,4112207,ABREE,PEV fixo,Ativo,21/04/2022
2704302-003,2022,AL,Maceio,2704302,Sistema individual,Ponto de consolidação,Ativo,07/12/2020
3106200-023,2022,MG,BELO HORIZONTE,3106200,Green Eletron,Campanha itinerante,Ativo,23/10/2020
2912608-000,2022,BA,Ibiquera,2912608,Green Eletron,PEV fixo,Ativo,27/11/2022
4205407-026,2022,SC,Florianopolis,4205407,Green Eletron,PEV fixo,Ativo,13/08/2020
3102407-000,2022,MG,Alvorada de Minas,3102407,Green Eletron,PEV fixo,Ativo,25/08/2022
4300455-000,2022,RS,Alegria,4300455,ABREE,PEV fixo,Ativo,27/03/2019
4314902-031,2022,RS,Porto Alegre,4314902,Green Eletron,Ponto de consolidação,Ativo,18/12/2020
3102209-000,2022,MG,Alvarenga,3102209,ABREE,PEV fixo,Ativo,09/12/2022
1501204-009,2022,PA,Baião,1501204,ABREE,PEV fixo,Ativo,06/03/2022
3131802-000,2022,MG,ITABIRINHA,3131802,Green Eletron,PEV fixo,Ativo,06/06/2021
2505352-000,2022,PB,Damiao,2505352,ABREE,Campanha itinerante,Ativo,18/04/2019
3550308-170,2022,SP,Sao Paulo,3550308,Green Eletron,Ponto de consolidação,Ativo,23/08/2020
4104451-000,2022,PR,Cantagalo,4104451,ABREE,PEV fixo,Ativo,12/11/2020
4212056-000,2022,SC,Palmeira,4212056,ABREE,Ponto de consolidação,Ativo,21/07/2020
2211001-013,2022,PI,TERESINA,2211001,Green Eletron,Ponto de consolidação,Ativo,18/10/2021
1304203-000,2022,AM,Tefé,1304203,ABREE,PEV fixo,Ativo,12/08/2022
2507507-003,2022,PB,JOÃO PESSOA,2507507,Green Eletron,Ponto de consolidação,Ativo,03/07/2019
2312007-002,2022,CE,SANTANA DO ACARAÚ,2312007,Sistema individual,Ponto de consolidação,Ativo,10/10/2022
4308433-000,2022,RS,FORQUETINHA,4308433,Sistema individual,PEV fixo,Ativo,06/10/2019
3541109-000,2022,SP,Presidente Alves,3541109,Sistema individual,PEV fixo,Ativo,11/07/2019
5208301-000,2022,GO,DIVINÓPOLIS DE GOIÁS,5208301,Green Eletron,PEV fixo,Ativo,06/07/2020
4317608-000,2022,RS,SANTO ANTÔNIO DA PATRULHA,4317608,ABREE,PEV fixo,Ativo,24/09/2020
2914901-000,2022,BA,Itacaré,2914901,ABREE,PEV fixo,Ativo,11/05/2019
2611606-037,2022,PE,Recife,2611606,ABREE,PEV fixo,Ativo,10/10/2021
1508209-010,2022,PA,Vigia,1508209,ABREE,Ponto de consolidação,Ativo,26/01/2022
2800308-023,2022,SE,Aracaju,2800308,ABREE,PEV fixo,Ativo,17/07/2022
3510302-001,2022,SP,Capela do Alto,3510302,ABREE,PEV fixo,Ativo,19/07/2022
2110807-000,2022,MA,São Félix de Balsas,2110807,Green Eletron,Campanha itinerante,Ativo,16/07/2019
2301604-003,2022,CE,Assaré,2301604,Green Eletron,PEV fixo,Ativo,24/08/2021
3165800-000,2022,MG,Senador José Bento,3165800,ABREE,PEV fixo,Ativo,25/07/2022
5201306-000,2022,GO,ANICUNS,5201306,Green Eletron,PEV fixo,Ativo,18/02/2022
2301604-000,2022,CE,Assare,2301604,ABREE,Campanha itinerante,Ativo,28/06/2020
3302403-007,2022,RJ,Macaé,3302403,Green Eletron,PEV fixo,Inativo,12/05/2020
4312708-000,2022,RS,Nonoai,4312708,Green Eletron,PEV fixo,Ativo,28/10/2019
1503093-001,2022,PA,Goianesia do Para,1503093,Green Eletron,PEV fixo,Ativo,21/11/2021
2210391-000,2022,PI,São Miguel do Fidalgo,2210391,Sistema individual,PEV fixo,Ativo,14/06/2019
5007901-000,2022,MS,Sidrolândia,5007901,Green Eletron,PEV fixo,Ativo,19/01/2022
3550308-146,2022,SP,São Paulo,3550308,Green Eletron,PEV fixo,Ativo,19/07/2020
5108956-002,2022,MT,  Nova Monte Verde ,5108956,ABREE,PEV fixo,Ativo,17/01/2021
5300108-093,2022,DF,Brasília,,ABREE,Campanha itinerante,Ativo,27/12/2022
3550308-095,2022,SP,São Paulo,3550308,ABREE,PEV fixo,Ativo,06/09/2019
4118907-000,2022,PR,Pérola,,ABREE,PEV fixo,Ativo,16/03/2021
3550308-113,2022,SP,São Paulo,3550308,ABREE,PEV fixo,Ativo,11/01/2020
2909901-000,2022,BA,Curaçá,2909901,ABREE,PEV fixo,Ativo,24/08/2020
4307831-000,2022,RS,Eugênio de Castro,4307831,ABREE,PEV fixo,Ativo,06/06/2020
2304400-069,2022,CE,Fortaleza,2304400,ABREE,PEV fixo,Ativo,04/08/2021
3506904-000,2022,SP,Bofete,3506904,ABREE,PEV fixo,Ativo,14/09/2021
2305209-000,2022,CE,Hidrolandia,2305209,ABREE,PEV fixo,Ativo,27/05/2019
3123528-005,2022,MG,DURANDÉ,3123528,ABREE,PEV fixo,Ativo,10/01/2022
4207403-000,2022,SC,Imbuia,4207403,Green Eletron,PEV fixo,Ativo,26/01/2020
2515708-000,2022,PB,Serra Grande,2515708,Sistema individual,PEV fixo,Ativo,04/01/2022
3550308-100,2022,SP,São Paulo,3550308,ABREE,PEV fixo,Ativo,13/07/2019
2111300-025,2022,MA,Sao Luis,2111300,Green Eletron,PEV fixo,Ativo,01/01/2019
4203709-000,2022,SC,Canelinha,4203709,ABREE,PEV fixo,Ativo,25/05/2021
2918605-000,2022,BA,Jussiape,2918605,Green Eletron,PEV fixo,Ativo,02/05/2022
2927408-111,2022,BA,Salvador,2927408,Green Eletron,PEV fixo,Ativo,02/12/2022
3122702-000,2022,MG,DOM SILVÉRIO,3122702,Green Eletron,Campanha itinerante,Ativo,12/11/2019
4323200-000,2022,RS,VICTOR GRAEFF,4323200,Green Eletron,PEV fixo,Ativo,10/10/2021
2311504-000,2022,CE,Quixeré,2311504,ABREE,PEV fixo,Ativo,27/12/2021
2927408-033,2022,BA,SALVADOR,2927408,ABREE,PEV fixo,Ativo,11/07/2019
3304557-023,2022,RJ,  Rio de Janeiro ,3304557,Green Eletron,PEV fixo,Ativo,12/02/2020
2611606-055,2022,PE,RECIFE,2611606,ABREE,Ponto de consolidação,Ativo,13/12/2022
2927408-019,2022,BA,Salvador,2927408,Green Eletron,Campanha itinerante,Ativo,25/04/2019
2927408-079,2022,BA,SALVADOR,2927408,ABREE,PEV fixo,Ativo,21/10/2021
5205901-001,2022,GO,Corumbaíba,5205901,ABREE,PEV fixo,Ativo,16/07/2022
3526803-005,2022,SP,Lençóis Paulista,3526803,ABREE,PEV fixo,Ativo,01/04/2021
3550308-099,2022,SP,SÃO PAULO,3550308,Green Eletron,Campanha itinerante,Ativo,02/05/2019
2914208-001,2022,BA,IRAJUBA,2914208,ABREE,PEV fixo,Ativo,19/01/2022
2208205-000,2022,PI,PIO IX,2208205,ABREE,PEV fixo,Ativo,18/06/2022
3550308-219,2022,SP,São Paulo,3550308,ABREE,Ponto de consolidação,Ativo,08/01/2021
3500600-003,2022,SP,Águas de São Pedro,3500600,Green Eletron,PEV fixo,Ativo,25/03/2022
3550308-297,2022,SP,SÃO PAULO,3550308,Green Eletron,PEV fixo,Ativo,14/07/2022
4219309-000,2022,SC,Videira,4219309,ABREE,PEV fixo,Ativo,04/10/2021
1304005-001,2022,AM,SILVES,1304005,ABREE,Campanha itinerante,Ativo,19/02/2020
2921401-000,2022,BA,Mirangaba,2921401,Green Eletron,Ponto de consolidação,Ativo,16/08/2020
2611606-004,2022,PE,  Recife ,2611606,ABREE,PEV fixo,Ativo,03/11/2020
3135076-000,2022,MG,Jampruca,3135076,ABREE,PEV fixo,Ativo,22/05/2019
4119657-000,2022,PR,Pitangueiras,4119657,Green Eletron,Campanha itinerante,Ativo,19/04/2020
2505808-000,2022,PB,Duas Estradas,2505808,ABREE,PEV fixo,Ativo,01/11/2021
2927408-035,2022,BA,SALVADOR,2927408,ABREE,PEV fixo,Ativo,04/02/2019
3550308-321,2022,SP,  São Paulo ,3550308,ABREE,Ponto de consolidação,Ativo,28/12/2022
2927408-005,2022,BA,Salvador,2927408,Green Eletron,PEV fixo,Ativo,06/11/2019
3550308-119,2022,SP,São Paulo,3550308,ABREE,Campanha itinerante,Ativo,18/10/2020
3304557-055,2022,RJ,Rio de Janeiro,3304557,ABREE,PEV fixo,Ativo,28/01/2020
1302603-001,2022,AM,Manaus,1302603,ABREE,PEV fixo,Ativo,01/11/2019
1300805-001,2022,AM,Borba,1300805,Green Eletron,PEV fixo,Ativo,25/03/2021
2311355-000,2022,CE,Quixelo,2311355,Sistema individual,PEV fixo,Ativo,02/09/2022
3302502-007,2022,RJ,MAGÉ,3302502,ABREE,Campanha itinerante,Ativo,17/05/2022
4106902-040,2022,PR,Curitiba,4106902,ABREE,PEV fixo,Ativo,19/08/2021
3550308-035,2022,SP,Sao Paulo,3550308,Sistema individual,PEV fixo,Ativo,01/10/2019
2408102-003,2022,RN,NATAL,2408102,ABREE,Ponto de consolidação,Ativo,21/03/2020
3106200-079,2022,MG,Belo Horizonte,3106200,ABREE,Ponto de consolidação,Ativo,19/03/2020
3552551-000,2022,SP,Suzanápolis,3552551,ABREE,PEV fixo,Ativo,12/01/2021
2704302-001,2022,AL,Maceió,2704302,Green Eletron,PEV fixo,Ativo,25/12/2020
1304062-000,2022,AM,Tabatinga,1304062,ABREE,PEV fixo,Ativo,17/03/2022
3305307-007,2022,RJ,São Sebastião do Alto,3305307,ABREE,PEV fixo,Ativo,05/02/2020
4127908-001,2022,PR,  Tuneiras do Oeste ,4127908,Green Eletron,Campanha itinerante,Ativo,25/11/2022
2413359-001,2022,RN,Serra do Mel,2413359,Green Eletron,PEV fixo,Ativo,25/04/2022
3304557-011,2022,RJ,RIO DE JANEIRO,3304557,Green Eletron,PEV fixo,Ativo,18/03/2020
2805901-000,2022,SE,Riachuelo,2805901,ABREE,PEV fixo,Ativo,10/06/2021
2927408-088,2022,BA,Salvador,2927408,ABREE,PEV fixo,Ativo,12/05/2021
2802007-000,2022,SE,Divina Pastora,2802007,ABREE,PEV fixo,Ativo,20/01/2021
3204005-000,2022,ES,PANCAS,3204005,ABREE,PEV fixo,Ativo,27/10/2022
2111300-066,2022,MA,  São Luís ,2111300,Sistema individual,PEV fixo,Ativo,11/07/2021
2209302-000,2022,PI,Santa Luz,2209302,ABREE,PEV fixo,Ativo,07/05/2019
2602902-007,2022,PE,Cabo de Santo Agostinho,2602902,ABREE,PEV fixo,Ativo,15/04/2022
2916203-000,2022,BA,Itapé,2916203,Green Eletron,PEV fixo,Ativo,25/08/2020
3302502-001,2022,RJ,MAGÉ,3302502,Sistema individual,PEV fixo,Ativo,07/08/2020
3302106-000,2022,RJ,ITAOCARA,3302106,Sistema individual,PEV fixo,Ativo,16/05/2020
5002704-005,2022,MS,Campo Grande,5002704,Green Eletron,PEV fixo,Ativo,18/05/2021
3505203-000,2022,SP,Bariri,3505203,ABREE,PEV fixo,Ativo,06/12/2020
2103406-000,2022,MA,COELHO NETO,2103406,ABREE,PEV fixo,Ativo,14/04/2022
3132008-000,2022,MG,Itacambira,3132008,Green Eletron,Ponto de consolidação,Ativo,01/02/2022
3550308-005,2022,SP,São Paulo,3550308,Green Eletron,Ponto de consolidação,Ativo,21/04/2019
2919157-000,2022,BA,Lapao,2919157,Sistema individual,PEV fixo,Ativo,21/03/2022
1303957-000,2022,AM,Sao Sebastiao do Uatuma,1303957,Green Eletron,PEV fixo,Ativo,06/01/2020
5212055-000,2022,GO,Jesúpolis,5212055,Green Eletron,PEV fixo,Ativo,05/01/2022
3125952-000,2022,MG,Fervedouro,3125952,Green Eletron,PEV fixo,Ativo,10/04/2021
3305307-013,2022,RJ,SÃO SEBASTIÃO DO ALTO,3305307,ABREE,PEV fixo,Ativo,14/11/2022
3546207-000,2022,SP,Santa Cruz da Conceição,3546207,Green Eletron,PEV fixo,Ativo,04/11/2021
3533106-000,2022,SP,Nova Guataporanga,3533106,Green Eletron,PEV fixo,Ativo,04/03/2021
3304557-153,2022,RJ,RIO DE JANEIRO,3304557,ABREE,PEV fixo,Ativo,04/09/2022
4128500-000,2022,PR,WENCESLAU BRAZ,4128500,Green Eletron,PEV fixo,Ativo,06/06/2019
2602902-001,2022,PE,Cabo de Santo Agostinho,2602902,Green Eletron,Ponto de consolidação,Ativo,19/02/2019
5300108-001,2022,DF,Brasília,5300108,Green Eletron,PEV fixo,Ativo,02/02/2019
4119707-000,2022,PR,Planaltina do Parana,4119707,ABREE,PEV fixo,Ativo,11/09/2019
4205407-046,2022,SC,Florianópolis,4205407,ABREE,PEV fixo,Inativo,06/02/2021
2927408-050,2022,BA,Salvador,2927408,ABREE,Ponto de consolidação,Ativo,06/05/2020
3550308-251,2022,SP,  São Paulo ,3550308,Green Eletron,PEV fixo,Ativo,16/06/2022
2910305-000,2022,BA,  Elísio Medrado ,2910305,Green Eletron,PEV fixo,Ativo,08/07/2020
2107506-000,2022,MA,Paço do Lumiar,2107506,ABREE,PEV fixo,Ativo,04/02/2019
2211001-007,2022,PI,Teresina,2211001,ABREE,PEV fixo,Ativo,12/06/2019
4219101-000,2022,SC,Vargeão,4219101,Green Eletron,PEV fixo,Ativo,20/02/2019
3549250-004,2022,SP,Sao Joao de Iracema,3549250,ABREE,PEV fixo,Ativo,24/08/2021
2302305-001,2022,CE,BELA CRUZ,2302305,Sistema individual,Ponto de consolidação,Ativo,10/08/2022
3106200-147,2022,MG,Belo Horizonte,3106200,ABREE,PEV fixo,Ativo,07/07/2021
3106200-088,2022,MG,Belo Horizonte,3106200,Green Eletron,PEV fixo,Ativo,13/05/2020
4106902-055,2022,PR,Curitiba,4106902,ABREE,PEV fixo,Ativo,06/08/2022
3158201-000,2022,MG,Santa Maria do Suaçuí,3158201,ABREE,Campanha itinerante,Ativo,02/03/2022
3556701-000,2022,SP,Vinhedo,3556701,ABREE,PEV fixo,Ativo,19/03/2022
2202133-000,2022,PI,Campo Grande do Piauí,2202133,ABREE,PEV fixo,Ativo,14/01/2022
3304557-001,2022,RJ,RIO DE JANEIRO,3304557,ABREE,Ponto de consolidação,Ativo,06/02/2020
2304400-038,2022,CE,Fortaleza,2304400,Green Eletron,PEV fixo,Ativo,09/01/2020
1301803-000,2022,AM,Ipixuna,1301803,Green Eletron,PEV fixo,Ativo,15/10/2019
3550308-042,2022,SP,São Paulo,3550308,ABREE,PEV fixo,Ativo,05/05/2019
4318309-000,2022,RS,São Gabriel,4318309,ABREE,PEV fixo,Ativo,23/09/2019
3304557-072,2022,RJ,Rio de Janeiro,3304557,Green Eletron,PEV fixo,Ativo,03/06/2021
3544004-002,2022,SP,Rio das Pedras,3544004,Green Eletron,PEV fixo,Ativo,09/02/2021
3115607-000,2022,MG,Cedro do Abaeté,3115607,Green Eletron,PEV fixo,Ativo,17/10/2020
4128534-000,2022,PR,Ventania,4128534,Green Eletron,PEV fixo,Ativo,10/04/2019
4314027-000,2022,RS,PARAÍSO DO SUL,4314027,Green Eletron,PEV fixo,Ativo,28/11/2020
3301876-000,2022,RJ,IGUABA GRANDE,3301876,ABREE,PEV fixo,Ativo,12/02/2020
2800308-010,2022,SE,Aracaju,2800308,Green Eletron,Ponto de consolidação,Ativo,07/06/2020
4115754-000,2022,PR,Maua da Serra,4115754,ABREE,PEV fixo,Ativo,05/06/2019
2925006-000,2022,BA,Planalto,2925006,ABREE,Campanha itinerante,Ativo,19/08/2021
3538808-004,2022,SP,Piraju,3538808,Green Eletron,PEV fixo,Ativo,06/06/2019
5104500-001,2022,MT,INDIAVAÍ,5104500,Green Eletron,PEV fixo,Ativo,22/07/2022
3106200-092,2022,MG,Belo Horizonte,3106200,ABREE,PEV fixo,Ativo,24/02/2020
3551504-001,2022,SP,SERRANA,3551504,Green Eletron,PEV fixo,Ativo,10/08/2022
3535606-000,2022,SP,  Paraibuna ,3535606,ABREE,PEV fixo,Ativo,15/03/2019
1506401-000,2022,PA,Santa Cruz do Arari,1506401,Green Eletron,PEV fixo,Ativo,09/04/2022
3550308-222,2022,SP,Sao Paulo,3550308,Green Eletron,PEV fixo,Ativo,18/12/2021
2500775-000,2022,PB,Aparecida,2500775,ABREE,PEV fixo,Ativo,10/12/2020
3550308-013,2022,SP,SÃO PAULO,3550308,ABREE,PEV fixo,Ativo,06/02/2019
3110103-000,2022,MG,Caiana,3110103,Green Eletron,PEV fixo,Ativo,10/11/2021
4215208-000,2022,SC,Romelândia,4215208,Green Eletron,PEV fixo,Inativo,23/06/2019
1508084-000,2022,PA,  Tucumã ,1508084,ABREE,PEV fixo,Ativo,06/08/2019
3122454-000,2022,MG,DIVISÓPOLIS,3122454,ABREE,Ponto de consolidação,Ativo,02/04/2020
3163805-000,2022,MG,São Miguel do Anta,3163805,ABREE,PEV fixo,Ativo,23/07/2019
4323457-000,2022,RS,  Vila Nova do Sul ,4323457,Green Eletron,PEV fixo,Ativo,05/02/2020
3550308-116,2022,SP,São Paulo,3550308,Green Eletron,Ponto de consolidação,Ativo,26/01/2020
4305108-000,2022,RS,Caxias do Sul,4305108,ABREE,PEV fixo,Ativo,03/04/2019
4314902-104,2022,RS,Porto Alegre,4314902,ABREE,PEV fixo,Ativo,23/04/2022
4311270-000,2022,RS,Lagoa dos Três Cantos,4311270,ABREE,PEV fixo,Ativo,01/06/2021
3304557-052,2022,RJ,Rio de Janeiro,3304557,Green Eletron,Ponto de consolidação,Ativo,06/10/2020
2904308-000,2022,BA,Brejões,2904308,Green Eletron,Ponto de consolidação,Ativo,26/04/2019
4204202-000,2022,SC,Chapecó,4204202,Green Eletron,PEV fixo,Ativo,13/01/2020
3503000-000,2022,SP,ARAMINA,3503000,ABREE,PEV fixo,Ativo,20/08/2022
2111300-003,2022,MA,SÃO LUÍS,2111300,ABREE,PEV fixo,Ativo,06/03/2019
4127205-000,2022,PR,Terra Boa,4127205,ABREE,Ponto de consolidação,Ativo,03/07/2021
2804508-000,2022,SE,Nossa Senhora da Glória,2804508,ABREE,PEV fixo,Ativo,09/04/2022
2310803-000,2022,CE,PEREIRO,2310803,Sistema individual,PEV fixo,Ativo,17/06/2019
3301108-001,2022,RJ,Cantagalo,3301108,ABREE,PEV fixo,Ativo,04/04/2020
5300108-017,2022,DF,BRASÍLIA,5300108,ABREE,PEV fixo,Ativo,05/09/2019
4313953-000,2022,RS,Pantano Grande,4313953,ABREE,PEV fixo,Ativo,21/03/2019
3521903-000,2022,SP,ITAJOBI,3521903,Green Eletron,PEV fixo,Ativo,08/05/2019
2927408-092,2022,BA,  Salvador ,2927408,Green Eletron,PEV fixo,Ativo,13/04/2021
2411056-000,2022,RN,Tibau,2411056,ABREE,PEV fixo,Ativo,08/08/2022
2111300-036,2022,MA,São Luís,2111300,Green Eletron,PEV fixo,Ativo,14/02/2020
3546603-001,2022,SP,Santa Fé do Sul,3546603,ABREE,PEV fixo,Ativo,24/08/2021
2408102-013,2022,RN,Natal,2408102,Green Eletron,PEV fixo,Ativo,11/07/2021
2301604-004,2022,CE,ASSARÉ,2301604,ABREE,PEV fixo,Ativo,05/05/2022
2922755-000,2022,BA,  Nova Ibiá ,2922755,Green Eletron,Campanha itinerante,Ativo,17/11/2022
2502805-000,2022,PB,Brejo do Cruz,2502805,ABREE,PEV fixo,Ativo,20/09/2019
3549706-004,2022,SP,Sao Jose do Rio Pardo,3549706,ABREE,PEV fixo,Ativo,05/09/2022
3550308-188,2022,SP,São Paulo,3550308,ABREE,PEV fixo,Ativo,13/04/2021
3129004-000,2022,MG,Guiricema,3129004,ABREE,PEV fixo,Ativo,22/10/2020
4106902-016,2022,PR,Curitiba,4106902,ABREE,Campanha itinerante,Ativo,08/10/2020
2922656-003,2022,BA,Nordestina,2922656,Green Eletron,PEV fixo,Ativo,19/01/2020
4107751-000,2022,PR,Figueira,4107751,ABREE,PEV fixo,Ativo,18/04/2019
3534203-000,2022,SP,Orindiúva,3534203,ABREE,PEV fixo,Ativo,06/09/2020
3305307-000,2022,RJ,São Sebastião do Alto,3305307,ABREE,PEV fixo,Ativo,22/05/2019
4106902-043,2022,PR,Curitiba,4106902,Green Eletron,PEV fixo,Ativo,23/08/2021
1200401-004,2022,AC,Rio Branco,1200401,Green Eletron,PEV fixo,Ativo,15/12/2021
2922300-000,2022,BA,Muritiba,2922300,ABREE,PEV fixo,Ativo,04/01/2022
4119608-000,2022,PR,PITANGA,4119608,ABREE,PEV fixo,Ativo,18/11/2019
2927408-120,2022,BA,SALVADOR,2927408,Green Eletron,PEV fixo,Ativo,05/08/2022
4209805-001,2022,SC,  Leoberto Leal ,4209805,ABREE,PEV fixo,Ativo,13/03/2022
3150505-000,2022,MG,Pimenta,3150505,ABREE,PEV fixo,Ativo,05/07/2021
3304557-148,2022,RJ,Rio de Janeiro,3304557,Green Eletron,PEV fixo,Ativo,12/03/2022
1501402-018,2022,PA,BELÉM,1501402,Green Eletron,PEV fixo,Ativo,07/02/2022
3133501-000,2022,MG,Itapecerica,3133501,ABREE,PEV fixo,Ativo,15/09/2019
3150406-000,2022,MG,Piedade dos Gerais,3150406,Green Eletron,Ponto de consolidação,Ativo,11/07/2020
2504603-000,2022,PB,CONDE,2504603,Green Eletron,Campanha itinerante,Ativo,01/08/2021
3106200-032,2022,MG,Belo Horizonte,3106200,Sistema individual,PEV fixo,Ativo,13/10/2020
2101939-005,2022,MA,BERNARDO DO MEARIM,2101939,Green Eletron,PEV fixo,Ativo,18/04/2022
1100205-000,2022,RO,Porto Velho,1100205,Green Eletron,PEV fixo,Ativo,01/02/2020
3546009-003,2022,SP,SANTA BRANCA,3546009,Green Eletron,PEV fixo,Ativo,10/03/2020
2304251-005,2022,CE,Cruz,2304251,ABREE,PEV fixo,Ativo,17/04/2020
3549706-002,2022,SP,São José do Rio Pardo,3549706,Green Eletron,PEV fixo,Ativo,18/06/2021
2601607-000,2022,PE,BELÉM DO SÃO FRANCISCO,2601607,ABREE,PEV fixo,Ativo,11/08/2019
2927408-001,2022,BA,SALVADOR,,ABREE,PEV fixo,Ativo,01/07/2019
5001508-000,2022,MS,BANDEIRANTES,5001508,ABREE,PEV fixo,Ativo,01/03/2022
2304400-071,2022,CE,Fortaleza,2304400,ABREE,PEV fixo,Ativo,27/09/2022
3550308-135,2022,SP,São Paulo,3550308,Green Eletron,PEV fixo,Ativo,16/08/2020
1100700-000,2022,RO,CAMPO NOVO DE RONDÔNIA,1100700,Green Eletron,PEV fixo,Ativo,08/04/2022
2603207-000,2022,PE,Caetes,2603207,ABREE,PEV fixo,Ativo,25/08/2019
2920700-000,2022,BA,  Maraú ,2920700,Green Eletron,Ponto de consolidação,Ativo,10/12/2021
1200179-000,2022,AC,Capixaba,1200179,Sistema individual,Campanha itinerante,Ativo,27/06/2022
5002159-000,2022,MS,Bodoquena,5002159,ABREE,PEV fixo,Ativo,09/07/2021
3550308-017,2022,SP,Sao Paulo,3550308,Green Eletron,PEV fixo,Ativo,12/10/2019
3550308-283,2022,SP,SÃO PAULO,3550308,Sistema individual,PEV fixo,Ativo,27/03/2022
3551306-000,2022,SP,SEBASTIANÓPOLIS DO SUL,3551306,ABREE,Campanha itinerante,Ativo,04/01/2019
3514924-000,2022,SP,Elisiário,3514924,ABREE,PEV fixo,Ativo,22/03/2020
3550308-144,2022,SP,São Paulo,3550308,Green Eletron,Campanha itinerante,Ativo,03/01/2020
2306900-000,2022,CE,Jaguaribe,2306900,ABREE,PEV fixo,Ativo,09/03/2019
2910800-000,2022,BA,  Feira de Santana ,2910800,Green Eletron,PEV fixo,Ativo,14/12/2019
2513851-000,2022,PB,SANTO ANDRÉ,2513851,ABREE,Ponto de consolidação,Ativo,25/09/2021
2111300-062,2022,MA,São Luís,2111300,ABREE,PEV fixo,Ativo,07/06/2021
4316436-000,2022,RS,  Saldanha Marinho ,4316436,Green Eletron,PEV fixo,Inativo,12/04/2020
2111102-000,2022,MA,São João dos Patos,2111102,ABREE,PEV fixo,Ativo,11/08/2019
4302659-001,2022,RS,Brochier,4302659,Green Eletron,PEV fixo,Ativo,17/07/2022
2927408-105,2022,BA,Salvador,2927408,ABREE,PEV fixo,Ativo,21/06/2022
3106200-144,2022,MG,Belo Horizonte,3106200,Green Eletron,PEV fixo,Ativo,26/12/2021
3135506-000,2022,MG,Jequeri,3135506,Green Eletron,PEV fixo,Ativo,23/12/2019
1505205-000,2022,PA,  Oeiras do Pará ,1505205,Green Eletron,Campanha itinerante,Ativo,06/03/2019
3144607-000,2022,MG,NEPOMUCENO,3144607,Green Eletron,PEV fixo,Ativo,12/11/2020
3106200-148,2022,MG,BELO HORIZONTE,3106200,Green Eletron,PEV fixo,Ativo,05/10/2021
4302055-000,2022,RS,  Benjamin Constant do Sul ,4302055,Green Eletron,Ponto de consolidação,Ativo,06/07/2022
3528908-000,2022,SP,Mariápolis,3528908,Green Eletron,PEV fixo,Ativo,04/11/2020
3521804-000,2022,SP,Itaí,3521804,ABREE,PEV fixo,Ativo,20/10/2021
4205407-068,2022,SC,  Florianópolis ,4205407,ABREE,PEV fixo,Ativo,12/01/2022
2111300-059,2022,MA,São Luís,2111300,Green Eletron,Campanha itinerante,Ativo,05/08/2021
2927408-043,2022,BA,SALVADOR,2927408,Sistema individual,Ponto de consolidação,Ativo,25/11/2019
3117801-000,2022,MG,CONCEIÇÃO DOS OUROS,3117801,Sistema individual,PEV fixo,Ativo,06/03/2020
4300034-000,2022,RS,Acegua,4300034,ABREE,PEV fixo,Ativo,12/08/2022
3301876-005,2022,RJ,Iguaba Grande,3301876,Green Eletron,PEV fixo,Ativo,13/09/2021
2611606-008,2022,PE,Recife,2611606,Sistema individual,PEV fixo,Ativo,28/06/2020
3515004-000,2022,SP,Embu das Artes,3515004,Green Eletron,PEV fixo,Ativo,12/01/2021
3106200-161,2022,MG,Belo Horizonte,3106200,ABREE,PEV fixo,Ativo,09/10/2022
1703883-000,2022,TO,CARMOLÂNDIA,1703883,ABREE,PEV fixo,Ativo,11/01/2021
3502002-000,2022,SP,Analandia,3502002,Green Eletron,PEV fixo,Ativo,23/12/2020
1100205-001,2022,RO,Porto Velho,1100205,Green Eletron,PEV fixo,Ativo,17/01/2020
2911600-000,2022,BA,Governador Mangabeira,2911600,ABREE,PEV fixo,Ativo,18/11/2020
3300951-003,2022,RJ,Comendador Levy Gasparian,3300951,Green Eletron,PEV fixo,Ativo,16/02/2021
5104542-000,2022,MT,Itanhangá,5104542,Green Eletron,PEV fixo,Ativo,07/11/2021
4314902-062,2022,RS,PORTO ALEGRE,,Green Eletron,PEV fixo,Ativo,19/08/2021
2933505-000,2022,BA,Wenceslau Guimarães,2933505,ABREE,Ponto de consolidação,Ativo,26/01/2020
3519204-000,2022,SP,Iacri,3519204,Green Eletron,Campanha itinerante,Ativo,06/02/2019
5002704-003,2022,MS,CAMPO GRANDE,5002704,Green Eletron,PEV fixo,Ativo,22/06/2020
3304508-007,2022,RJ,RIO DAS FLORES,3304508,ABREE,PEV fixo,Ativo,25/01/2021
3304557-026,2022,RJ,Rio de Janeiro,3304557,Green Eletron,PEV fixo,Ativo,01/03/2020
2111300-072,2022,MA,Sao Luis,2111300,ABREE,PEV fixo,Ativo,18/01/2021
5204557-000,2022,GO,Caldazinha,5204557,Green Eletron,Ponto de consolidação,Ativo,28/08/2020
1501725-000,2022,PA,Brasil Novo,1501725,ABREE,PEV fixo,Ativo,24/03/2021
2412005-000,2022,RN,SÃO GONÇALO DO AMARANTE,2412005,ABREE,PEV fixo,Ativo,22/12/2022
4128559-000,2022,PR,Vera Cruz do Oeste,4128559,ABREE,Ponto de consolidação,Ativo,10/12/2021
5107701-000,2022,MT,ROSÁRIO OESTE,5107701,Green Eletron,PEV fixo,Ativo,25/12/2020
2927408-052,2022,BA,Salvador,2927408,Green Eletron,PEV fixo,Ativo,09/03/2020
4314902-072,2022,RS,Porto Alegre,4314902,Sistema individual,Ponto de consolidação,Ativo,12/02/2021
2611606-047,2022,PE,RECIFE,2611606,ABREE,PEV fixo,Ativo,22/07/2021
3106200-074,2022,MG,Belo Horizonte,3106200,ABREE,PEV fixo,Ativo,05/04/2020
3148905-000,2022,MG,Pedra do Indaiá,3148905,ABREE,PEV fixo,Ativo,06/08/2021
1504208-001,2022,PA,Marabá,1504208,ABREE,PEV fixo,Ativo,14/10/2019
4314902-024,2022,RS,Porto Alegre,4314902,ABREE,PEV fixo,Ativo,22/11/2020
3525201-001,2022,SP,Jarinu,3525201,ABREE,PEV fixo,Ativo,25/05/2020
5007695-000,2022,MS,São Gabriel do Oeste,5007695,ABREE,Campanha itinerante,Ativo,20/12/2020
3139201-000,2022,MG,MALACACHETA,3139201,ABREE,PEV fixo,Ativo,24/07/2019
3304508-009,2022,RJ,Rio das Flores,3304508,ABREE,PEV fixo,Ativo,11/07/2022
2611606-042,2022,PE,Recife,2611606,ABREE,PEV fixo,Ativo,10/08/2021
2612109-000,2022,PE,SALGADINHO,2612109,ABREE,PEV fixo,Ativo,25/01/2019
4316006-000,2022,RS,Rolante,4316006,Green Eletron,PEV fixo,Ativo,15/07/2019
2100808-000,2022,MA,Anapurus,2100808,ABREE,PEV fixo,Ativo,25/11/2021
3106200-195,2022,MG,  Belo Horizonte ,3106200,ABREE,PEV fixo,Ativo,09/07/2022
1600303-000,2022,AP,  Macapá ,1600303,Green Eletron,PEV fixo,Ativo,16/08/2020
2924603-000,2022,BA,Pindobaçu,2924603,ABREE,PEV fixo,Ativo,07/06/2019
4315206-000,2022,RS,  Putinga ,4315206,ABREE,Campanha itinerante,Ativo,21/08/2019
3304557-079,2022,RJ,Rio de Janeiro,3304557,Green Eletron,PEV fixo,Ativo,17/08/2021
4321832-000,2022,RS,Três Forquilhas,4321832,Sistema individual,PEV fixo,Ativo,18/12/2021
5300108-028,2022,DF,BRASÍLIA,5300108,ABREE,PEV fixo,Ativo,02/04/2019
2111300-074,2022,MA,Sao Luis,2111300,ABREE,PEV fixo,Ativo,21/04/2022
5107909-000,2022,MT,SINOP,5107909,Green Eletron,PEV fixo,Ativo,02/03/2019
4314902-086,2022,RS,Porto Alegre,4314902,ABREE,PEV fixo,Ativo,04/02/2021
2500536-000,2022,PB,Alcantil,2500536,ABREE,PEV fixo,Ativo,12/08/2019
4102307-000,2022,PR,Balsa Nova,4102307,ABREE,PEV fixo,Ativo,25/07/2019
4205407-069,2022,SC,Florianópolis,4205407,ABREE,PEV fixo,Ativo,22/05/2022
2931509-000,2022,BA,Teofilandia,2931509,Green Eletron,Ponto de consolidação,Ativo,17/12/2019
3304557-129,2022,RJ,RIO DE JANEIRO,3304557,ABREE,Ponto de consolidação,Ativo,09/10/2022
5300108-084,2022,DF,Brasília,5300108,ABREE,Ponto de consolidação,Ativo,20/01/2022
3205309-007,2022,ES,VITÓRIA,3205309,Green Eletron,PEV fixo,Ativo,18/01/2020
2612901-000,2022,PE,  São Benedito do Sul ,2612901,ABREE,PEV fixo,Ativo,22/05/2019
5108956-004,2022,MT,NOVA MONTE VERDE,5108956,ABREE,PEV fixo,Ativo,20/11/2022
3116803-000,2022,MG,Coluna,3116803,ABREE,Ponto de consolidação,Ativo,25/03/2020
2615102-004,2022,PE,Terezinha,2615102,ABREE,PEV fixo,Ativo,17/04/2021
3546009-007,2022,SP,Santa Branca,3546009,ABREE,PEV fixo,Ativo,07/04/2022
1704600-000,2022,TO,CHAPADA DE AREIA,1704600,ABREE,Campanha itinerante,Ativo,12/04/2021
2111300-090,2022,MA,Sao Luis,2111300,Green Eletron,PEV fixo,Ativo,04/05/2022
3304557-084,2022,RJ,Rio de Janeiro,3304557,ABREE,PEV fixo,Inativo,07/03/2021
1301951-003,2022,AM,ITAMARATI,1301951,Green Eletron,PEV fixo,Ativo,06/12/2021
3550308-076,2022,SP,SÃO PAULO,3550308,Green Eletron,PEV fixo,Ativo,15/05/2019
5200803-000,2022,GO,Alvorada do Norte,5200803,ABREE,PEV fixo,Ativo,04/11/2020
3304557-003,2022,RJ,RIO DE JANEIRO,3304557,Green Eletron,PEV fixo,Ativo,26/10/2020
4205407-002,2022,SC,Florianópolis,4205407,ABREE,PEV fixo,Ativo,14/10/2019
3126000-000,2022,MG,Florestal,3126000,ABREE,PEV fixo,Ativo,02/08/2020
3154705-000,2022,MG,Ribeirão Vermelho,3154705,ABREE,Campanha itinerante,Ativo,22/02/2022
3550308-254,2022,SP,São Paulo,3550308,ABREE,PEV fixo,Ativo,18/01/2022
4217402-000,2022,SC,Schroeder,4217402,Green Eletron,Ponto de consolidação,Ativo,24/05/2019
3106200-146,2022,MG,BELO HORIZONTE,3106200,Green Eletron,Campanha itinerante,Ativo,19/11/2021
3160207-008,2022,MG,Santo Antônio do Itambé,3160207,Sistema individual,PEV fixo,Ativo,04/11/2022
2203701-000,2022,PI,Esperantina,2203701,Green Eletron,PEV fixo,Ativo,19/11/2019
3163904-000,2022,MG,São Pedro da União,3163904,Sistema individual,PEV fixo,Ativo,12/10/2020
2903508-002,2022,BA,  Belo Campo ,2903508,Green Eletron,PEV fixo,Ativo,11/07/2021
3300159-000,2022,RJ,Aperibe,3300159,Green Eletron,PEV fixo,Ativo,13/12/2019
2616183-003,2022,PE,Vertente do Lério,2616183,Green Eletron,PEV fixo,Ativo,13/11/2019
2101939-000,2022,MA,Bernardo do Mearim,2101939,ABREE,PEV fixo,Inativo,19/01/2019
3106200-077,2022,MG,Belo Horizonte,3106200,ABREE,PEV fixo,Ativo,03/09/2020
2206902-000,2022,PI,Novo Oriente do Piauí,2206902,Green Eletron,PEV fixo,Ativo,18/12/2022
2907707-000,2022,BA,Chorrochó,2907707,Green Eletron,PEV fixo,Ativo,14/09/2022
3305752-004,2022,RJ,Tanguá,3305752,ABREE,PEV fixo,Ativo,28/08/2021
1300144-001,2022,AM,APUÍ,1300144,ABREE,PEV fixo,Ativo,06/01/2022
3550308-237,2022,SP,Sao Paulo,3550308,Sistema individual,PEV fixo,Ativo,18/10/2021
3304557-077,2022,RJ,Rio de Janeiro,3304557,Green Eletron,PEV fixo,Ativo,09/10/2021
3304557-096,2022,RJ,Rio de Janeiro,3304557,ABREE,PEV fixo,Ativo,21/04/2021
3513009-002,2022,SP,COTIA,3513009,Green Eletron,PEV fixo,Ativo,26/11/2019
3513009-007,2022,SP,Cotia,3513009,Green Eletron,PEV fixo,Ativo,23/11/2021
3550308-220,2022,SP,São Paulo,3550308,ABREE,PEV fixo,Ativo,28/06/2021
4306130-000,2022,RS,Cruzaltense,4306130,ABREE,PEV fixo,Ativo,03/10/2021
3124104-000,2022,MG,Esmeraldas,3124104,Green Eletron,PEV fixo,Ativo,05/09/2019
3541653-001,2022,SP,  Quadra ,3541653,ABREE,PEV fixo,Ativo,01/07/2020
5213855-000,2022,GO,  Morro Agudo de Goiás ,5213855,Sistema individual,PEV fixo,Ativo,14/02/2021
2111300-053,2022,MA,  São Luís ,2111300,Green Eletron,PEV fixo,Ativo,16/07/2021
3550308-289,2022,SP,SÃO PAULO,3550308,ABREE,PEV fixo,Ativo,25/10/2022
4314902-018,2022,RS,Porto Alegre,4314902,ABREE,Campanha itinerante,Ativo,09/07/2020
2928505-000,2022,BA,Santa Teresinha,2928505,ABREE,PEV fixo,Ativo,11/11/2022
1702000-000,2022,TO,Araguaçu,1702000,Green Eletron,PEV fixo,Ativo,17/05/2019
3111002-000,2022,MG,Campestre,3111002,ABREE,PEV fixo,Ativo,18/03/2019
3302502-006,2022,RJ,Magé,3302502,Green Eletron,PEV fixo,Ativo,18/08/2022
3129301-000,2022,MG,IAPU,3129301,ABREE,PEV fixo,Ativo,26/09/2022
3550308-059,2022,SP,SÃO PAULO,3550308,Green Eletron,PEV fixo,Ativo,25/03/2019
2406908-000,2022,RN,Lucrecia,2406908,Green Eletron,PEV fixo,Ativo,07/12/2022
3550308-268,2022,SP,Sao Paulo,3550308,Sistema individual,PEV fixo,Ativo,26/04/2022
5300108-029,2022,DF,BRASÍLIA,5300108,Green Eletron,PEV fixo,Ativo,09/10/2019
3505351-000,2022,SP,  Barra do Chapéu ,3505351,Sistema individual,PEV fixo,Ativo,12/06/2019
2312601-000,2022,CE,São Luís do Curu,2312601,Green Eletron,PEV fixo,Ativo,06/11/2020
3553955-000,2022,SP,Tarumã,3553955,ABREE,PEV fixo,Ativo,17/11/2021
5300108-057,2022,DF,Brasília,5300108,ABREE,PEV fixo,Ativo,19/07/2021
3550308-125,2022,SP,  São Paulo ,3550308,ABREE,PEV fixo,Ativo,09/09/2020
3550308-313,2022,SP,  São Paulo ,3550308,ABREE,PEV fixo,Ativo,02/05/2022
3543006-000,2022,SP,  Ribeirão Branco ,3543006,ABREE,PEV fixo,Ativo,07/02/2019
3538808-019,2022,SP,Piraju,3538808,Sistema individual,Ponto de consolidação,Ativo,25/11/2021
4310207-004,2022,RS,Ijuí,4310207,Green Eletron,PEV fixo,Ativo,04/06/2020
1600154-000,2022,AP,Pedra Branca do Amapari,1600154,Green Eletron,PEV fixo,Ativo,28/02/2020
3539400-000,2022,SP,PIRATININGA,3539400,Green Eletron,PEV fixo,Ativo,15/08/2021
4204178-000,2022,SC,CERRO NEGRO,4204178,ABREE,PEV fixo,Ativo,28/04/2021
2918209-000,2022,BA,Jiquiriçá,2918209,Green Eletron,PEV fixo,Ativo,12/08/2021
3304144-001,2022,RJ,Queimados,3304144,Green Eletron,PEV fixo,Ativo,22/03/2020
5200902-000,2022,GO,Amorinópolis,5200902,Green Eletron,PEV fixo,Ativo,13/03/2019
2412401-000,2022,RN,São José do Seridó,2412401,ABREE,PEV fixo,Ativo,14/03/2019
1301001-000,2022,AM,Carauari,1301001,ABREE,PEV fixo,Ativo,28/08/2019
5214838-000,2022,GO,Nova Crixás,5214838,ABREE,PEV fixo,Ativo,23/07/2022
3123809-000,2022,MG,Engenheiro Navarro,3123809,Green Eletron,PEV fixo,Ativo,08/10/2022
2610301-000,2022,PE,Paranatama,2610301,ABREE,PEV fixo,Ativo,06/10/2020
1501402-016,2022,PA,Belém,1501402,ABREE,PEV fixo,Ativo,14/06/2021
2508000-000,2022,PB,Juru,2508000,ABREE,PEV fixo,Ativo,08/05/2020
3304508-011,2022,RJ,RIO DAS FLORES,3304508,Sistema individual,PEV fixo,Ativo,13/02/2022
3106200-012,2022,MG,Belo Horizonte,3106200,Green Eletron,Ponto de consolidação,Ativo,08/11/2020
1304260-001,2022,AM,UARINI,1304260,Green Eletron,PEV fixo,Ativo,17/11/2021
2927408-066,2022,BA,SALVADOR,2927408,ABREE,PEV fixo,Ativo,25/06/2020
3546603-002,2022,SP,Santa Fé do Sul,3546603,Green Eletron,PEV fixo,Ativo,24/03/2022
3527801-003,2022,SP,LUPÉRCIO,3527801,ABREE,PEV fixo,Ativo,18/06/2022
4314035-000,2022,RS,PARECI NOVO,4314035,ABREE,PEV fixo,Ativo,15/04/2021
4115457-005,2022,PR,Marquinho,4115457,Green Eletron,PEV fixo,Ativo,21/11/2021
2913705-000,2022,BA,Inhambupe,2913705,ABREE,PEV fixo,Ativo,07/05/2020
2616308-000,2022,PE,VICÊNCIA,2616308,Sistema individual,PEV fixo,Ativo,18/11/2022
3510401-000,2022,SP,  Capivari ,3510401,ABREE,PEV fixo,Ativo,19/06/2022
3108602-000,2022,MG,Brasília de Minas,3108602,ABREE,PEV fixo,Ativo,14/12/2021
3548203-000,2022,SP,  Santo Antônio do Pinhal ,3548203,ABREE,Ponto de consolidação,Ativo,04/02/2020
3301108-016,2022,RJ,CANTAGALO,3301108,Sistema individual,PEV fixo,Inativo,23/01/2022
2103406-000,2022,MA,COELHO NETO,2103406,ABREE,PEV fixo,Ativo,14/04/2022
3301876-003,2022,RJ,Iguaba Grande,3301876,ABREE,Campanha itinerante,Ativo,07/04/2020
3300100-001,2022,RJ,Angra dos Reis,3300100,Green Eletron,PEV fixo,Ativo,14/11/2020
2927408-075,2022,BA,SALVADOR,2927408,ABREE,PEV fixo,Ativo,16/10/2021
2502201-000,2022,PB,Bom Jesus,2502201,ABREE,PEV fixo,Ativo,09/07/2021
1303007-000,2022,AM,Nhamundá,1303007,ABREE,PEV fixo,Ativo,07/01/2022
4311809-000,2022,RS,Marau,4311809,Sistema individual,PEV fixo,Ativo,15/11/2022
3532504-005,2022,SP,NEVES PAULISTA,3532504,Green Eletron,PEV fixo,Ativo,09/03/2022
3509254-000,2022,SP,Cajati,3509254,ABREE,PEV fixo,Ativo,08/12/2022
3201100-000,2022,ES,Bom Jesus do Norte,3201100,ABREE,Ponto de consolidação,Ativo,28/10/2022
4214151-000,2022,SC,  Princesa ,4214151,Sistema individual,PEV fixo,Ativo,13/01/2022
5105309-000,2022,MT,Luciara,5105309,Green Eletron,PEV fixo,Ativo,17/10/2022
2112209-000,2022,MA,Timon,2112209,ABREE,PEV fixo,Ativo,28/10/2021
3522901-000,2022,SP,ITAPUÍ,3522901,Green Eletron,Ponto de consolidação,Ativo,02/08/2021
4322806-000,2022,RS,VERANÓPOLIS,,ABREE,PEV fixo,Ativo,24/01/2022
3304557-100,2022,RJ,Rio de Janeiro,3304557,ABREE,PEV fixo,Ativo,13/09/2021
2109700-000,2022,MA,SAMBAÍBA,2109700,ABREE,Ponto de consolidação,Ativo,23/03/2020
2604809-000,2022,PE,CORTÊS,2604809,Green Eletron,Campanha itinerante,Ativo,05/08/2022
1716109-000,2022,TO,Paraíso do Tocantins,1716109,Green Eletron,PEV fixo,Ativo,19/08/2019
3161205-000,2022,MG,São Francisco de Paula,3161205,ABREE,Ponto de consolidação,Ativo,07/04/2020
4106902-029,2022,PR,Curitiba,4106902,ABREE,PEV fixo,Ativo,04/02/2021
4106902-019,2022,PR,Curitiba,4106902,Green Eletron,PEV fixo,Ativo,18/01/2020
2604205-000,2022,PE,CATENDE,2604205,Green Eletron,PEV fixo,Ativo,02/09/2020
4314175-000,2022,RS,Pedras Altas,4314175,Green Eletron,PEV fixo,Ativo,21/12/2022
1300805-002,2022,AM,Borba,1300805,Green Eletron,PEV fixo,Ativo,12/07/2022
3550308-037,2022,SP,  São Paulo ,3550308,ABREE,PEV fixo,Ativo,13/05/2019
2924603-001,2022,BA,PINDOBAÇU,2924603,Green Eletron,PEV fixo,Ativo,12/11/2020
2933000-000,2022,BA,Valente,2933000,ABREE,PEV fixo,Ativo,16/05/2020
4317905-001,2022,RS,Santo Cristo,4317905,ABREE,PEV fixo,Ativo,18/06/2021
5300108-007,2022,DF,Brasilia,5300108,Green Eletron,Campanha itinerante,Ativo,03/01/2019
2310001-001,2022,CE,Palhano,2310001,Green Eletron,PEV fixo,Ativo,24/10/2022
3526803-002,2022,SP,LENÇÓIS PAULISTA,3526803,Green Eletron,Ponto de consolidação,Inativo,07/10/2019
2106102-000,2022,MA,Loreto,2106102,Green Eletron,PEV fixo,Ativo,23/08/2019
4314902-029,2022,RS,Porto Alegre,4314902,Green Eletron,PEV fixo,Ativo,17/04/2020
2900801-000,2022,BA,ALCOBAÇA,2900801,Green Eletron,PEV fixo,Ativo,12/10/2020
2403400-000,2022,RN,EQUADOR,2403400,Green Eletron,PEV fixo,Ativo,20/06/2019
3106200-198,2022,MG,BELO HORIZONTE,3106200,ABREE,PEV fixo,Ativo,13/10/2022
2305902-000,2022,CE,Ipueiras,2305902,Green Eletron,PEV fixo,Ativo,22/10/2021
3550308-120,2022,SP,São Paulo,3550308,ABREE,PEV fixo,Ativo,05/03/2020
2802403-000,2022,SE,  Gararu ,2802403,Green Eletron,PEV fixo,Ativo,21/05/2020
2105153-000,2022,MA,Igarape do Meio,2105153,Sistema individual,PEV fixo,Ativo,01/11/2019
4106902-031,2022,PR,Curitiba,4106902,ABREE,PEV fixo,Ativo,17/03/2021
1303700-002,2022,AM,Santo Antonio do Ica,1303700,Sistema individual,Ponto de consolidação,Ativo,18/07/2022
2924009-000,2022,BA,Paulo Afonso,2924009,ABREE,PEV fixo,Ativo,06/09/2021
4314902-007,2022,RS,Porto Alegre,4314902,ABREE,PEV fixo,Inativo,02/08/2020
2604601-000,2022,PE,  Condado ,,ABREE,PEV fixo,Ativo,04/05/2022
2313807-000,2022,CE,Uruburetama,2313807,ABREE,PEV fixo,Ativo,03/04/2021
2928307-000,2022,BA,SANTANÓPOLIS,2928307,ABREE,PEV fixo,Ativo,19/10/2021
3543808-000,2022,SP,Rinopolis,3543808,ABREE,PEV fixo,Ativo,02/05/2022
3543253-000,2022,SP,RIBEIRÃO GRANDE,3543253,ABREE,PEV fixo,Ativo,04/12/2021
4200804-000,2022,SC,Anchieta,4200804,Green Eletron,PEV fixo,Ativo,24/04/2022
2615102-001,2022,PE,TEREZINHA,2615102,Green Eletron,PEV fixo,Ativo,13/11/2019
2905503-000,2022,BA,  Caldeirão Grande ,2905503,ABREE,PEV fixo,Ativo,14/11/2020
2613701-000,2022,PE,São Lourenço da Mata,2613701,ABREE,PEV fixo,Ativo,20/07/2022
3106200-124,2022,MG,BELO HORIZONTE,3106200,ABREE,PEV fixo,Ativo,27/04/2021
5002308-000,2022,MS,  Brasilândia ,5002308,Sistema individual,PEV fixo,Ativo,13/03/2020
3107703-000,2022,MG,Bom Jesus do Amparo,3107703,Sistema individual,PEV fixo,Ativo,06/07/2021
3304151-001,2022,RJ,Quissamã,,Green Eletron,PEV fixo,Ativo,26/02/2020
2706208-000,2022,AL,  Palestina ,2706208,ABREE,PEV fixo,Ativo,11/07/2021
3147600-000,2022,MG,PASSA QUATRO,3147600,Green Eletron,PEV fixo,Ativo,20/09/2021
3550308-112,2022,SP,São Paulo,3550308,Sistema individual,Campanha itinerante,Ativo,07/05/2020
3550308-104,2022,SP,São Paulo,3550308,ABREE,Campanha itinerante,Ativo,03/05/2019
2304400-078,2022,CE,Fortaleza,2304400,Green Eletron,PEV fixo,Ativo,17/11/2022
4209409-000,2022,SC,  Laguna ,4209409,Green Eletron,PEV fixo,Ativo,11/09/2021
2210623-000,2022,PI,  Sebastião Barros ,2210623,ABREE,PEV fixo,Ativo,26/10/2022
3545100-001,2022,SP,Salmourão,3545100,Green Eletron,PEV fixo,Ativo,06/08/2022
3165909-000,2022,MG,Senador Modestino Gonçalves,3165909,Sistema individual,PEV fixo,Ativo,13/05/2019
3131307-000,2022,MG,Ipatinga,3131307,ABREE,PEV fixo,Ativo,13/07/2021
4106902-059,2022,PR,Curitiba,4106902,ABREE,PEV fixo,Ativo,10/03/2022
3540705-000,2022,SP,Porto Ferreira,3540705,ABREE,PEV fixo,Ativo,09/10/2021
3546009-006,2022,SP,SANTA BRANCA,,Sistema individual,PEV fixo,Ativo,14/04/2022
2211704-000,2022,PI,Wall Ferraz,2211704,ABREE,Campanha itinerante,Ativo,02/03/2021
2914703-000,2022,BA,ITABERABA,2914703,Green Eletron,PEV fixo,Ativo,24/05/2022
4217758-000,2022,SC,Sul Brasil,4217758,Green Eletron,Ponto de consolidação,Ativo,25/09/2021
2927408-051,2022,BA,Salvador,2927408,ABREE,Campanha itinerante,Ativo,03/02/2020
4101804-000,2022,PR,Araucária,4101804,ABREE,Campanha itinerante,Ativo,28/06/2021
2408300-000,2022,RN,NOVA CRUZ,2408300,ABREE,PEV fixo,Ativo,27/03/2019
3201902-001,2022,ES,Domingos Martins,3201902,ABREE,PEV fixo,Ativo,12/03/2021
2111300-086,2022,MA,São Luís,2111300,Green Eletron,Ponto de consolidação,Ativo,13/10/2022
5002704-004,2022,MS,  Campo Grande ,5002704,ABREE,PEV fixo,Ativo,16/02/2020
3549904-001,2022,SP,Sao Jose dos Campos,3549904,ABREE,PEV fixo,Ativo,28/10/2020
3300308-002,2022,RJ,Barra do Pirai,3300308,ABREE,PEV fixo,Ativo,01/10/2019
3550308-021,2022,SP,São Paulo,3550308,ABREE,PEV fixo,Ativo,28/11/2019
3302254-000,2022,RJ,ITATIAIA,3302254,Green Eletron,PEV fixo,Ativo,09/02/2020
2111300-024,2022,MA,Sao Luis,2111300,Green Eletron,PEV fixo,Ativo,06/04/2019
2305357-000,2022,CE,ICAPUÍ,2305357,Green Eletron,PEV fixo,Ativo,26/06/2020
4314902-032,2022,RS,Porto Alegre,4314902,Green Eletron,PEV fixo,Ativo,01/06/2020
1300706-003,2022,AM,Boca do Acre,1300706,ABREE,PEV fixo,Ativo,05/07/2021
3555109-007,2022,SP,Tupi Paulista,3555109,ABREE,PEV fixo,Ativo,14/10/2021
4202107-000,2022,SC,Barra Velha,4202107,Green Eletron,Campanha itinerante,Ativo,09/07/2020
3149606-000,2022,MG,Pequi,3149606,Green Eletron,PEV fixo,Ativo,10/08/2022
4127957-000,2022,PR,Tupãssi,4127957,ABREE,Campanha itinerante,Ativo,16/02/2019
3160900-000,2022,MG,SÃO BRÁS DO SUAÇUÍ,3160900,ABREE,PEV fixo,Ativo,10/04/2020
2609154-000,2022,PE,MANARI,2609154,Green Eletron,PEV fixo,Inativo,11/02/2022
2211001-005,2022,PI,Teresina,2211001,Green Eletron,PEV fixo,Inativo,26/03/2019
2917334-000,2022,BA,  Iuiú ,2917334,ABREE,PEV fixo,Ativo,01/10/2022
1400506-000,2022,RR,Sao Joao da Baliza,1400506,Green Eletron,PEV fixo,Ativo,23/03/2019
3302908-005,2022,RJ,Miguel Pereira,3302908,Green Eletron,Campanha itinerante,Ativo,03/06/2022
3145877-000,2022,MG,Orizânia,3145877,ABREE,PEV fixo,Ativo,15/03/2022
4302402-000,2022,RS,  Bom Retiro do Sul ,4302402,Green Eletron,Campanha itinerante,Ativo,22/07/2019
2702009-000,2022,AL,Coité do Nóia,2702009,ABREE,Campanha itinerante,Ativo,26/02/2022
2211001-002,2022,PI,TERESINA,2211001,Green Eletron,PEV fixo,Ativo,23/01/2019
2507309-000,2022,PB,  Jacaraú ,2507309,ABREE,PEV fixo,Ativo,08/06/2019
3303302-003,2022,RJ,NITERÓI,3303302,Green Eletron,PEV fixo,Ativo,28/07/2020
3549607-000,2022,SP,SÃO JOSÉ DO BARREIRO,3549607,ABREE,Campanha itinerante,Ativo,14/04/2021
2111607-000,2022,MA,São Raimundo das Mangabeiras,2111607,ABREE,PEV fixo,Ativo,22/02/2020
3550308-143,2022,SP,SÃO PAULO,3550308,ABREE,Ponto de consolidação,Ativo,04/01/2020
2111300-002,2022,MA,São Luís,2111300,ABREE,PEV fixo,Ativo,26/12/2019
2611606-069,2022,PE,  Recife ,2611606,ABREE,PEV fixo,Ativo,17/01/2022
4205407-067,2022,SC,Florianópolis,4205407,Green Eletron,PEV fixo,Ativo,20/02/2022
4314902-088,2022,RS,  Porto Alegre ,4314902,Green Eletron,PEV fixo,Ativo,25/02/2021
3525201-010,2022,SP,  Jarinu ,3525201,ABREE,Ponto de consolidação,Ativo,17/10/2022
3304557-014,2022,RJ,Rio de Janeiro,3304557,ABREE,PEV fixo,Ativo,22/06/2020
2924603-002,2022,BA,Pindobaçu,2924603,ABREE,Campanha itinerante,Ativo,07/06/2021
3542602-006,2022,SP,Registro,3542602,ABREE,PEV fixo,Ativo,14/06/2022
1301951-001,2022,AM,ITAMARATI,,ABREE,PEV fixo,Ativo,10/03/2020
2307403-000,2022,CE,JUCÁS,2307403,Green Eletron,PEV fixo,Ativo,03/09/2021
3128303-000,2022,MG,Guaranesia,3128303,Green Eletron,PEV fixo,Ativo,17/10/2020
3525201-004,2022,SP,JARINU,,Green Eletron,Campanha itinerante,Ativo,12/08/2020
5201801-000,2022,GO,Aragoiânia,5201801,Sistema individual,Ponto de consolidação,Ativo,23/07/2021
3130903-000,2022,MG,INHAPIM,3130903,ABREE,PEV fixo,Ativo,06/06/2022
2611606-068,2022,PE,Recife,2611606,ABREE,PEV fixo,Ativo,21/10/2022
2410009-000,2022,RN,Pilões,2410009,ABREE,PEV fixo,Ativo,26/12/2022
2927408-124,2022,BA,  Salvador ,2927408,Green Eletron,PEV fixo,Ativo,23/11/2022
3142205-000,2022,MG,  Miraí ,3142205,Green Eletron,PEV fixo,Ativo,05/11/2021
2304400-009,2022,CE,Fortaleza,2304400,Green Eletron,PEV fixo,Ativo,23/07/2019
2304400-075,2022,CE,FORTALEZA,2304400,Green Eletron,PEV fixo,Ativo,28/09/2022
4125605-000,2022,PR,São Mateus do Sul,4125605,ABREE,PEV fixo,Ativo,10/07/2021
2705200-000,2022,AL,Messias,2705200,ABREE,PEV fixo,Ativo,06/03/2019
3106200-125,2022,MG,BELO HORIZONTE,3106200,ABREE,PEV fixo,Ativo,22/04/2021
3550308-264,2022,SP,  São Paulo ,3550308,ABREE,PEV fixo,Ativo,14/03/2022
3555109-000,2022,SP,  Tupi Paulista ,3555109,ABREE,PEV fixo,Ativo,15/04/2020
2923605-000,2022,BA,Paramirim,2923605,Green Eletron,PEV fixo,Ativo,26/06/2019
4316972-000,2022,RS,Santa Margarida do Sul,4316972,Green Eletron,PEV fixo,Ativo,09/10/2020
5215256-001,2022,GO,Novo Planalto,5215256,Sistema individual,Ponto de consolidação,Ativo,17/04/2022
3107000-000,2022,MG,BIQUINHAS,3107000,ABREE,PEV fixo,Ativo,04/04/2020
2927408-108,2022,BA,Salvador,2927408,Green Eletron,PEV fixo,Ativo,24/01/2022
1100023-000,2022,RO,Ariquemes,1100023,ABREE,PEV fixo,Ativo,23/12/2021
2304400-047,2022,CE,  Fortaleza ,2304400,Green Eletron,PEV fixo,Ativo,24/10/2020
2927408-097,2022,BA,  Salvador ,2927408,Green Eletron,PEV fixo,Ativo,11/04/2021
3550308-136,2022,SP,São Paulo,3550308,ABREE,Campanha itinerante,Ativo,15/04/2020
4302709-000,2022,RS,  Butiá ,4302709,ABREE,PEV fixo,Ativo,19/08/2021
3106200-191,2022,MG,BELO HORIZONTE,3106200,Sistema individual,PEV fixo,Ativo,03/09/2022
2603926-000,2022,PE,Carnaubeira da Penha,2603926,Sistema individual,Ponto de consolidação,Ativo,07/10/2021
4314902-083,2022,RS,Porto Alegre,4314902,ABREE,PEV fixo,Ativo,16/01/2021
4118709-000,2022,PR,Paulo Frontin,4118709,Green Eletron,PEV fixo,Ativo,22/03/2020
5208707-013,2022,GO,  Goiânia ,5208707,ABREE,PEV fixo,Ativo,27/09/2021
4106902-017,2022,PR,CURITIBA,4106902,ABREE,Campanha itinerante,Ativo,13/11/2020
2927408-094,2022,BA,Salvador,2927408,Green Eletron,PEV fixo,Ativo,25/04/2021
3545803-000,2022,SP,SANTA BÁRBARA D'OESTE,3545803,ABREE,PEV fixo,Ativo,21/06/2020
3106200-215,2022,MG,Belo Horizonte,3106200,Green Eletron,PEV fixo,Ativo,07/02/2022
3145356-000,2022,MG,Novo Oriente de Minas,3145356,ABREE,PEV fixo,Ativo,17/08/2022
3305307-006,2022,RJ,SÃO SEBASTIÃO DO ALTO,3305307,Green Eletron,PEV fixo,Ativo,07/07/2020
4305439-000,2022,RS,CHUÍ,4305439,Green Eletron,PEV fixo,Ativo,08/08/2022
3151503-000,2022,MG,Piumhi,3151503,ABREE,PEV fixo,Ativo,23/02/2022
3205309-017,2022,ES,Vitória,3205309,Green Eletron,Ponto de consolidação,Ativo,12/05/2022
2105708-000,2022,MA,Lago da Pedra,2105708,Green Eletron,PEV fixo,Ativo,10/08/2019
5300108-013,2022,DF,Brasilia,5300108,ABREE,PEV fixo,Ativo,18/11/2019
3549508-005,2022,SP,São José da Bela Vista,3549508,Sistema individual,PEV fixo,Ativo,03/06/2021
3160207-002,2022,MG,Santo Antônio do Itambé,3160207,Green Eletron,PEV fixo,Ativo,22/06/2019
3304557-083,2022,RJ,Rio de Janeiro,3304557,ABREE,PEV fixo,Ativo,03/08/2021
2304400-031,2022,CE,FORTALEZA,2304400,ABREE,PEV fixo,Ativo,10/10/2020
3503901-000,2022,SP,Aruja,3503901,ABREE,PEV fixo,Ativo,18/11/2019
3147204-000,2022,MG,Paraguaçu,3147204,ABREE,Campanha itinerante,Ativo,24/06/2020
3542602-001,2022,SP,Registro,3542602,ABREE,PEV fixo,Ativo,21/01/2019
3550308-071,2022,SP,Sao Paulo,3550308,Green Eletron,PEV fixo,Ativo,05/02/2019
2614303-001,2022,PE,Moreilandia,2614303,Sistema individual,PEV fixo,Ativo,14/12/2022
1508209-005,2022,PA,Vigia,1508209,Green Eletron,Ponto de consolidação,Ativo,09/11/2020
2609600-000,2022,PE,Olinda,2609600,Green Eletron,PEV fixo,Ativo,03/04/2020
2204501-000,2022,PI,Guadalupe,2204501,Green Eletron,PEV fixo,Ativo,01/01/2022
2513802-000,2022,PB,Santa Teresinha,2513802,Green Eletron,PEV fixo,Ativo,27/01/2022
4112306-000,2022,PR,Japira,4112306,ABREE,PEV fixo,Ativo,24/01/2020
3300951-000,2022,RJ,COMENDADOR LEVY GASPARIAN,3300951,Sistema individual,Ponto de consolidação,Ativo,14/06/2019
3509452-000,2022,SP,CAMPINA DO MONTE ALEGRE,3509452,ABREE,PEV fixo,Ativo,25/11/2019
2304251-008,2022,CE,Cruz,2304251,ABREE,Ponto de consolidação,Ativo,01/03/2022
3166808-000,2022,MG,SERRA DO SALITRE,3166808,Sistema individual,PEV fixo,Ativo,03/03/2019
2511608-000,2022,PB,Pilões,2511608,Green Eletron,PEV fixo,Ativo,03/03/2021
3106200-114,2022,MG,Belo Horizonte,3106200,ABREE,PEV fixo,Ativo,07/09/2021
3303302-002,2022,RJ,Niterói,3303302,Green Eletron,Campanha itinerante,Ativo,13/05/2020
1507151-003,2022,PA,São Domingos do Araguaia,1507151,Green Eletron,PEV fixo,Ativo,24/04/2020
1502004-000,2022,PA,  Cachoeira do Arari ,1502004,Green Eletron,PEV fixo,Ativo,05/02/2022
2611606-072,2022,PE,Recife,2611606,ABREE,PEV fixo,Ativo,02/08/2022
3550308-169,2022,SP,Sao Paulo,3550308,ABREE,PEV fixo,Ativo,26/02/2020
2611606-031,2022,PE,RECIFE,2611606,ABREE,PEV fixo,Ativo,24/01/2021
4100202-000,2022,PR,ADRIANÓPOLIS,4100202,Green Eletron,Campanha itinerante,Ativo,02/10/2021
3508108-000,2022,SP,BURITAMA,3508108,ABREE,PEV fixo,Ativo,25/02/2022
3302700-008,2022,RJ,Maricá,3302700,ABREE,PEV fixo,Ativo,22/05/2020
3106002-000,2022,MG,Bela Vista de Minas,3106002,Green Eletron,PEV fixo,Ativo,07/03/2021
2401453-000,2022,RN,Barauna,2401453,Sistema individual,PEV fixo,Ativo,27/01/2020
3549706-003,2022,SP,São José do Rio Pardo,3549706,ABREE,PEV fixo,Ativo,05/10/2022
3157278-000,2022,MG,SANTA BÁRBARA DO MONTE VERDE,3157278,Green Eletron,PEV fixo,Ativo,16/11/2022
2903235-000,2022,BA,Barro Alto,2903235,Green Eletron,PEV fixo,Inativo,21/08/2021
2919801-000,2022,BA,Macaúbas,2919801,Green Eletron,PEV fixo,Ativo,09/03/2019
3126901-001,2022,MG,FREI INOCÊNCIO,3126901,Sistema individual,PEV fixo,Ativo,11/07/2022
1302603-005,2022,AM,  Manaus ,1302603,Green Eletron,PEV fixo,Ativo,05/05/2020
4108650-000,2022,PR,Goioxim,4108650,Green Eletron,PEV fixo,Ativo,02/10/2019
5208707-007,2022,GO,  Goiânia ,5208707,Green Eletron,PEV fixo,Ativo,16/09/2020
2304400-032,2022,CE,Fortaleza,2304400,Green Eletron,PEV fixo,Ativo,05/05/2020
3106200-129,2022,MG,Belo Horizonte,3106200,ABREE,PEV fixo,Ativo,19/01/2021
5000856-000,2022,MS,Angélica,5000856,Green Eletron,PEV fixo,Ativo,25/05/2019
2927408-117,2022,BA,Salvador,2927408,ABREE,Campanha itinerante,Ativo,13/03/2022
3530102-002,2022,SP,Mirandópolis,3530102,Green Eletron,PEV fixo,Ativo,18/10/2020
3301108-020,2022,RJ,CANTAGALO,3301108,Green Eletron,PEV fixo,Ativo,07/01/2022
2800308-001,2022,SE,ARACAJU,2800308,Green Eletron,Ponto de consolidação,Ativo,02/12/2019
3522505-000,2022,SP,Itapevi,3522505,Green Eletron,PEV fixo,Ativo,23/02/2022
5101001-000,2022,MT,Araguaiana,5101001,Sistema individual,PEV fixo,Ativo,26/09/2021
3302700-000,2022,RJ,Maricá,3302700,Green Eletron,PEV fixo,Ativo,04/04/2019
3106200-044,2022,MG,BELO HORIZONTE,3106200,Green Eletron,PEV fixo,Ativo,10/12/2020
3550308-186,2022,SP,Sao Paulo,3550308,ABREE,PEV fixo,Ativo,14/01/2021
3550308-044,2022,SP,São Paulo,3550308,ABREE,PEV fixo,Ativo,22/12/2019
3106200-063,2022,MG,BELO HORIZONTE,3106200,ABREE,PEV fixo,Ativo,11/10/2020
2704302-002,2022,AL,MACEIÓ,2704302,ABREE,PEV fixo,Ativo,24/01/2020
1304260-002,2022,AM,Uarini,1304260,ABREE,PEV fixo,Ativo,01/03/2022
3550308-229,2022,SP,Sao Paulo,3550308,Green Eletron,PEV fixo,Ativo,21/11/2021
2500601-000,2022,PB,Alhandra,2500601,Sistema individual,PEV fixo,Ativo,14/10/2019
3519501-000,2022,SP,IBIRAREMA,3519501,ABREE,PEV fixo,Ativo,18/09/2020
2304400-072,2022,CE,FORTALEZA,2304400,ABREE,PEV fixo,Ativo,21/04/2022
3555109-001,2022,SP,  Tupi Paulista ,3555109,ABREE,PEV fixo,Ativo,07/02/2020
4102703-000,2022,PR,Barra do Jacare,4102703,Green Eletron,PEV fixo,Ativo,07/04/2022
4201307-003,2022,SC,  Araquari ,4201307,ABREE,PEV fixo,Ativo,28/09/2022
3555109-012,2022,SP,Tupi Paulista,3555109,Green Eletron,PEV fixo,Ativo,25/04/2022
2102358-000,2022,MA,  Buritirana ,2102358,ABREE,PEV fixo,Ativo,09/08/2019
5100250-000,2022,MT,Alta Floresta,5100250,Green Eletron,PEV fixo,Ativo,25/11/2022
3106200-164,2022,MG,Belo Horizonte,3106200,ABREE,PEV fixo,Inativo,28/09/2022
3101631-000,2022,MG,Alfredo Vasconcelos,3101631,ABREE,PEV fixo,Ativo,07/09/2019
2917805-000,2022,BA,Jaguaripe,2917805,ABREE,PEV fixo,Ativo,06/02/2019
2927408-096,2022,BA,Salvador,2927408,ABREE,Ponto de consolidação,Ativo,05/04/2021
2503902-000,2022,PB,Camalaú,2503902,Green Eletron,Ponto de consolidação,Ativo,07/11/2020
2408102-016,2022,RN,Natal,2408102,Green Eletron,PEV fixo,Ativo,23/10/2022
3304557-147,2022,RJ,RIO DE JANEIRO,3304557,Green Eletron,PEV fixo,Ativo,04/08/2022
3503703-002,2022,SP,Ariranha,3503703,ABREE,Ponto de consolidação,Ativo,02/12/2020
5300108-019,2022,DF,Brasília,5300108,ABREE,Ponto de consolidação,Ativo,16/08/2019
2922656-002,2022,BA,Nordestina,2922656,ABREE,PEV fixo,Inativo,21/12/2020
2304400-020,2022,CE,FORTALEZA,2304400,Green Eletron,PEV fixo,Ativo,19/12/2019
2100105-000,2022,MA,Afonso Cunha,2100105,ABREE,PEV fixo,Ativo,25/10/2021
3129657-000,2022,MG,Ibiracatu,3129657,ABREE,PEV fixo,Ativo,06/12/2019
3511706-000,2022,SP,Charqueada,3511706,ABREE,PEV fixo,Ativo,28/11/2021
2930105-000,2022,BA,Senhor do Bonfim,2930105,ABREE,Campanha itinerante,Ativo,23/01/2021
2106607-000,2022,MA,MATÕES,2106607,Green Eletron,PEV fixo,Ativo,12/03/2021
2500700-000,2022,PB,São João do Rio do Peixe,2500700,Sistema individual,PEV fixo,Ativo,08/08/2019
2507002-000,2022,PB,Itaporanga,2507002,Green Eletron,PEV fixo,Ativo,03/04/2022
1501402-005,2022,PA,BELÉM,1501402,ABREE,PEV fixo,Ativo,07/05/2020
3550308-274,2022,SP,Sao Paulo,3550308,Green Eletron,PEV fixo,Ativo,09/02/2022
1507953-000,2022,PA,TAILÂNDIA,1507953,ABREE,PEV fixo,Ativo,17/09/2022
2703106-000,2022,AL,IGACI,2703106,Green Eletron,PEV fixo,Ativo,04/01/2022
2308302-000,2022,CE,Milagres,2308302,Green Eletron,PEV fixo,Ativo,13/08/2022
2303303-000,2022,CE,Cariús,2303303,ABREE,Ponto de consolidação,Ativo,18/08/2019
5215256-000,2022,GO,NOVO PLANALTO,5215256,ABREE,Ponto de consolidação,Ativo,09/09/2019
3108909-000,2022,MG,BRAZÓPOLIS,3108909,ABREE,PEV fixo,Ativo,20/01/2019
3550308-201,2022,SP,Sao Paulo,3550308,Green Eletron,PEV fixo,Ativo,17/08/2021
2611606-022,2022,PE,Recife,2611606,ABREE,PEV fixo,Ativo,18/12/2020
4205407-077,2022,SC,FLORIANÓPOLIS,4205407,ABREE,PEV fixo,Ativo,07/10/2022
4314902-004,2022,RS,Porto Alegre,4314902,ABREE,Ponto de consolidação,Ativo,24/01/2020
2211001-014,2022,PI,Teresina,2211001,ABREE,PEV fixo,Ativo,09/03/2021
2703205-000,2022,AL,IGREJA NOVA,2703205,ABREE,PEV fixo,Ativo,21/03/2022
2616183-009,2022,PE,VERTENTE DO LÉRIO,,ABREE,PEV fixo,Ativo,12/04/2022
4127882-000,2022,PR,Tunas do Paraná,4127882,Sistema individual,PEV fixo,Ativo,04/04/2019
3139904-000,2022,MG,Maria da Fé,3139904,ABREE,Campanha itinerante,Ativo,02/08/2021
3103751-000,2022,MG,  Araporã ,3103751,ABREE,PEV fixo,Ativo,19/12/2022
2304400-042,2022,CE,Fortaleza,2304400,ABREE,PEV fixo,Ativo,15/02/2020
2501351-000,2022,PB,ASSUNÇÃO,2501351,Green Eletron,PEV fixo,Ativo,20/06/2020
2927408-045,2022,BA,SALVADOR,2927408,Green Eletron,PEV fixo,Ativo,05/05/2020
3169505-000,2022,MG,Tumiritinga,3169505,ABREE,PEV fixo,Ativo,08/09/2019
4106902-021,2022,PR,Curitiba,4106902,ABREE,PEV fixo,Ativo,11/11/2020
3305307-001,2022,RJ,São Sebastião do Alto,3305307,Green Eletron,PEV fixo,Ativo,01/06/2019
2927408-031,2022,BA,Salvador,2927408,ABREE,PEV fixo,Ativo,05/02/2019
2304400-053,2022,CE,Fortaleza,2304400,ABREE,Ponto de consolidação,Ativo,23/10/2021
2702900-000,2022,AL,GIRAU DO PONCIANO,2702900,ABREE,PEV fixo,Ativo,12/07/2021
3546603-000,2022,SP,Santa Fé do Sul,3546603,Green Eletron,Ponto de consolidação,Ativo,13/07/2020
2211001-017,2022,PI,Teresina,2211001,Green Eletron,PEV fixo,Ativo,12/04/2021
3121902-000,2022,MG,DIVINÉSIA,3121902,ABREE,PEV fixo,Ativo,15/06/2019
4106902-050,2022,PR,Curitiba,4106902,ABREE,PEV fixo,Ativo,12/07/2022
3304557-121,2022,RJ,RIO DE JANEIRO,3304557,ABREE,Ponto de consolidação,Ativo,14/02/2022
3123601-000,2022,MG,Elói Mendes,3123601,Green Eletron,PEV fixo,Ativo,13/10/2020
3553302-001,2022,SP,TAMBAÚ,3553302,ABREE,PEV fixo,Ativo,08/05/2022
3550308-109,2022,SP,SÃO PAULO,3550308,Sistema individual,PEV fixo,Ativo,21/08/2020
2408102-002,2022,RN,Natal,2408102,Green Eletron,PEV fixo,Ativo,18/11/2020
3121902-001,2022,MG,DIVINÉSIA,3121902,ABREE,PEV fixo,Ativo,23/01/2022
4301206-000,2022,RS,Arroio do Tigre,4301206,ABREE,PEV fixo,Ativo,16/04/2020
3172004-000,2022,MG,Visconde do Rio Branco,3172004,Green Eletron,PEV fixo,Ativo,23/08/2019
1712454-000,2022,TO,LUZINÓPOLIS,1712454,Sistema individual,PEV fixo,Ativo,03/05/2021
3550308-295,2022,SP,São Paulo,3550308,Green Eletron,PEV fixo,Ativo,27/05/2022
3557006-003,2022,SP,VOTORANTIM,3557006,ABREE,PEV fixo,Ativo,23/11/2021
2111300-047,2022,MA,São Luís,2111300,Green Eletron,PEV fixo,Ativo,05/09/2020
3300258-000,2022,RJ,Arraial do Cabo,3300258,ABREE,PEV fixo,Ativo,05/09/2019
3153004-000,2022,MG,Pratinha,3153004,ABREE,PEV fixo,Ativo,01/10/2022
3300902-002,2022,RJ,Cambuci,3300902,ABREE,PEV fixo,Inativo,03/11/2020
3302700-003,2022,RJ,Maricá,3302700,Green Eletron,PEV fixo,Ativo,27/12/2019
1501204-001,2022,PA,Baião,1501204,ABREE,PEV fixo,Ativo,16/01/2019
2708600-000,2022,AL,SÃO MIGUEL DOS CAMPOS,2708600,Green Eletron,PEV fixo,Ativo,14/11/2020
3106200-169,2022,MG,BELO HORIZONTE,3106200,Sistema individual,PEV fixo,Ativo,12/10/2022
2304400-044,2022,CE,Fortaleza,2304400,ABREE,PEV fixo,Ativo,19/09/2020
3300951-001,2022,RJ,Comendador Levy Gasparian,3300951,ABREE,PEV fixo,Ativo,17/01/2019
3300308-007,2022,RJ,Barra do Piraí,3300308,ABREE,Ponto de consolidação,Ativo,11/06/2021
3121100-000,2022,MG,  Delfim Moreira ,3121100,ABREE,Ponto de consolidação,Ativo,20/04/2020
2408102-015,2022,RN,Natal,2408102,ABREE,PEV fixo,Ativo,28/07/2022
3116001-001,2022,MG,Chale,3116001,Green Eletron,Ponto de consolidação,Ativo,18/12/2022
1709500-000,2022,TO,Gurupi,1709500,ABREE,PEV fixo,Ativo,19/01/2020
2611606-045,2022,PE,Recife,2611606,ABREE,Ponto de consolidação,Ativo,07/03/2021
1500107-000,2022,PA,Abaetetuba,1500107,ABREE,PEV fixo,Ativo,27/03/2021
3550308-000,2022,SP,SÃO PAULO,3550308,ABREE,PEV fixo,Ativo,17/12/2019
2211001-000,2022,PI,Teresina,2211001,Green Eletron,PEV fixo,Ativo,13/05/2019
3202306-000,2022,ES,Guaçuí,3202306,ABREE,PEV fixo,Ativo,06/09/2022
2601201-000,2022,PE,Arcoverde,2601201,Green Eletron,Ponto de consolidação,Ativo,06/06/2020
3547304-000,2022,SP,Santana de Parnaíba,3547304,ABREE,PEV fixo,Ativo,21/10/2019
3304557-120,2022,RJ,  Rio de Janeiro ,3304557,Green Eletron,Campanha itinerante,Ativo,20/03/2022
2304400-029,2022,CE,Fortaleza,2304400,Green Eletron,PEV fixo,Ativo,24/07/2019
3301108-018,2022,RJ,Cantagalo,3301108,ABREE,PEV fixo,Ativo,23/07/2022
3550308-185,2022,SP,SÃO PAULO,3550308,Green Eletron,PEV fixo,Ativo,26/12/2021
2305704-000,2022,CE,Ipaumirim,2305704,Green Eletron,PEV fixo,Ativo,27/05/2021
3304557-128,2022,RJ,Rio de Janeiro,3304557,ABREE,PEV fixo,Ativo,10/09/2022
2927408-057,2022,BA,Salvador,2927408,ABREE,PEV fixo,Ativo,22/11/2020
3205309-018,2022,ES,Vitória,3205309,ABREE,Campanha itinerante,Ativo,26/08/2022
3524402-000,2022,SP,Jacareí,3524402,ABREE,PEV fixo,Ativo,26/08/2020
4205407-030,2022,SC,Florianópolis,4205407,Green Eletron,PEV fixo,Ativo,24/06/2020
5300108-031,2022,DF,Brasília,5300108,ABREE,PEV fixo,Ativo,04/10/2020
2500205-000,2022,PB,Aguiar,2500205,ABREE,PEV fixo,Ativo,19/11/2020
2112209-001,2022,MA,Timon,2112209,ABREE,PEV fixo,Ativo,20/07/2021
2613602-000,2022,PE,SÃO JOSÉ DO EGITO,2613602,ABREE,PEV fixo,Ativo,22/11/2021
3106200-034,2022,MG,Belo Horizonte,3106200,Green Eletron,Campanha itinerante,Ativo,04/06/2020
4314902-038,2022,RS,PORTO ALEGRE,4314902,ABREE,PEV fixo,Ativo,18/05/2020
3171709-000,2022,MG,Virginia,3171709,Green Eletron,PEV fixo,Ativo,01/03/2021
2311231-000,2022,CE,Potiretama,2311231,Green Eletron,Ponto de consolidação,Ativo,15/05/2022
1717008-000,2022,TO,Pindorama do Tocantins,1717008,Green Eletron,PEV fixo,Ativo,20/02/2020
3202405-001,2022,ES,  Guarapari ,3202405,ABREE,Ponto de consolidação,Ativo,10/08/2022
4117255-000,2022,PR,Nova Prata do Iguacu,4117255,ABREE,PEV fixo,Ativo,04/01/2020
3304557-029,2022,RJ,RIO DE JANEIRO,3304557,ABREE,PEV fixo,Ativo,27/12/2020
2610202-001,2022,PE,Panelas,2610202,Green Eletron,PEV fixo,Ativo,04/06/2022
3107604-000,2022,MG,Bom Jesus da Penha,3107604,Green Eletron,Campanha itinerante,Ativo,01/05/2022
2800308-018,2022,SE,Aracaju,2800308,Green Eletron,PEV fixo,Ativo,28/11/2021
5208707-004,2022,GO,Goiania,5208707,ABREE,PEV fixo,Ativo,11/12/2019
2107100-000,2022,MA,MORROS,2107100,Green Eletron,PEV fixo,Ativo,26/12/2020
4321105-000,2022,RS,Tapes,4321105,ABREE,Ponto de consolidação,Ativo,19/01/2022
2203008-000,2022,PI,Cristalândia do Piauí,2203008,Green Eletron,PEV fixo,Ativo,16/09/2021
2504074-000,2022,PB,Caraúbas,2504074,ABREE,PEV fixo,Ativo,13/11/2019
4309050-000,2022,RS,Glorinha,4309050,Green Eletron,PEV fixo,Ativo,05/02/2021
3304508-008,2022,RJ,Rio das Flores,3304508,Green Eletron,PEV fixo,Ativo,02/11/2021
3532108-000,2022,SP,Murutinga do Sul,3532108,Green Eletron,PEV fixo,Ativo,01/07/2020
2927408-039,2022,BA,Salvador,2927408,Green Eletron,PEV fixo,Ativo,24/07/2019
1501204-008,2022,PA,Baiao,1501204,ABREE,PEV fixo,Ativo,24/06/2021
3550308-171,2022,SP,São Paulo,3550308,Green Eletron,PEV fixo,Ativo,01/04/2020
3550308-141,2022,SP,São Paulo,,Sistema individual,PEV fixo,Ativo,19/10/2020
2611606-017,2022,PE,RECIFE,2611606,Green Eletron,PEV fixo,Ativo,22/02/2020
2402808-000,2022,RN,Coronel Ezequiel,2402808,ABREE,PEV fixo,Ativo,27/01/2022
2611606-009,2022,PE,Recife,2611606,ABREE,PEV fixo,Ativo,22/07/2020
3164704-000,2022,MG,São Sebastião do Paraíso,3164704,ABREE,PEV fixo,Ativo,01/01/2020
3106200-153,2022,MG,Belo Horizonte,3106200,ABREE,PEV fixo,Ativo,23/05/2021
3108701-000,2022,MG,Bras Pires,3108701,ABREE,Ponto de consolidação,Ativo,11/03/2022
2909604-000,2022,BA,CRISÓPOLIS,2909604,Sistema individual,PEV fixo,Ativo,19/07/2019
3205309-002,2022,ES,VITÓRIA,3205309,ABREE,PEV fixo,Ativo,14/08/2020
3301108-017,2022,RJ,Cantagalo,3301108,ABREE,PEV fixo,Ativo,20/03/2022
4315552-000,2022,RS,Rio dos Indios,4315552,Green Eletron,PEV fixo,Ativo,03/03/2019
4106902-022,2022,PR,Curitiba,4106902,Green Eletron,PEV fixo,Ativo,22/03/2020
3302106-006,2022,RJ,Itaocara,3302106,ABREE,PEV fixo,Ativo,05/11/2022
1200104-000,2022,AC,Brasileia,1200104,Green Eletron,PEV fixo,Ativo,03/01/2020
2111201-000,2022,MA,São José de Ribamar,2111201,ABREE,PEV fixo,Ativo,09/08/2021
3542305-000,2022,SP,Redenção da Serra,3542305,ABREE,PEV fixo,Ativo,21/11/2019
5300108-082,2022,DF,BRASÍLIA,5300108,ABREE,Ponto de consolidação,Ativo,26/02/2022
3550308-096,2022,SP,SÃO PAULO,3550308,Green Eletron,PEV fixo,Ativo,02/05/2019
3164803-000,2022,MG,São Sebastião do Rio Preto,3164803,ABREE,PEV fixo,Ativo,28/09/2021
3549508-008,2022,SP,São José da Bela Vista,3549508,ABREE,PEV fixo,Ativo,16/11/2022
3119807-000,2022,MG,CÓRREGO DANTA,3119807,ABREE,PEV fixo,Ativo,15/01/2019
2307205-000,2022,CE,Jati,2307205,ABREE,PEV fixo,Ativo,26/06/2022
2110203-000,2022,MA,Santa Rita,2110203,Green Eletron,Ponto de consolidação,Ativo,16/05/2022
5300108-071,2022,DF,BRASÍLIA,5300108,ABREE,PEV fixo,Ativo,07/01/2021
2304657-000,2022,CE,Graça,2304657,Green Eletron,PEV fixo,Ativo,11/01/2019
3106200-157,2022,MG,  Belo Horizonte ,3106200,Green Eletron,PEV fixo,Ativo,10/08/2021
2615102-005,2022,PE,Terezinha,2615102,Green Eletron,PEV fixo,Ativo,14/03/2021
3143104-000,2022,MG,MONTE CARMELO,3143104,ABREE,PEV fixo,Ativo,17/10/2020
3523602-000,2022,SP,  Itirapina ,3523602,Green Eletron,Campanha itinerante,Ativo,04/04/2019
3532900-010,2022,SP,Nova Europa,3532900,Green Eletron,PEV fixo,Ativo,26/12/2020
2304400-000,2022,CE,Fortaleza,2304400,ABREE,PEV fixo,Ativo,17/11/2019
3106200-204,2022,MG,Belo Horizonte,3106200,Green Eletron,PEV fixo,Ativo,28/07/2022
3532306-002,2022,SP,Natividade da Serra,3532306,ABREE,PEV fixo,Ativo,20/10/2020
3304557-040,2022,RJ,RIO DE JANEIRO,3304557,Green Eletron,PEV fixo,Ativo,15/10/2020
2111300-063,2022,MA,SÃO LUÍS,2111300,ABREE,PEV fixo,Ativo,06/06/2021
2304400-082,2022,CE,Fortaleza,2304400,ABREE,PEV fixo,Ativo,20/12/2022
3202553-000,2022,ES,Ibitirama,3202553,Green Eletron,PEV fixo,Ativo,08/01/2021
3202454-000,2022,ES,Ibatiba,3202454,Green Eletron,PEV fixo,Ativo,18/03/2021
2300606-000,2022,CE,Altaneira,2300606,Green Eletron,PEV fixo,Ativo,17/11/2021
3304557-151,2022,RJ,RIO DE JANEIRO,3304557,ABREE,Campanha itinerante,Ativo,16/05/2022
3506409-000,2022,SP,Bilac,3506409,ABREE,Campanha itinerante,Ativo,04/07/2020
3550308-203,2022,SP,  São Paulo ,3550308,ABREE,PEV fixo,Ativo,21/06/2021
2927408-106,2022,BA,Salvador,2927408,Green Eletron,PEV fixo,Ativo,24/05/2022
2921708-000,2022,BA,MORRO DO CHAPÉU,2921708,Green Eletron,PEV fixo,Ativo,20/10/2021
3106200-054,2022,MG,BELO HORIZONTE,3106200,ABREE,PEV fixo,Ativo,13/01/2020
2914208-000,2022,BA,Irajuba,2914208,ABREE,PEV fixo,Ativo,22/10/2020
3155900-000,2022,MG,Rio Preto,3155900,ABREE,Ponto de consolidação,Ativo,10/03/2019
2615102-003,2022,PE,TEREZINHA,2615102,ABREE,Campanha itinerante,Ativo,14/04/2020
3550308-275,2022,SP,  São Paulo ,3550308,ABREE,PEV fixo,Ativo,05/02/2022
2927408-007,2022,BA,SALVADOR,2927408,Green Eletron,PEV fixo,Ativo,03/11/2019
2111789-000,2022,MA,SERRANO DO MARANHÃO,2111789,Green Eletron,PEV fixo,Ativo,14/01/2020
4308201-000,2022,RS,Flores da Cunha,4308201,ABREE,PEV fixo,Ativo,28/12/2021
2602902-002,2022,PE,Cabo de Santo Agostinho,2602902,Green Eletron,PEV fixo,Ativo,07/06/2019
4315800-001,2022,RS,ROCA SALES,4315800,ABREE,PEV fixo,Ativo,20/11/2022
2611606-028,2022,PE,Recife,2611606,Green Eletron,PEV fixo,Ativo,17/03/2020
3300308-010,2022,RJ,  Barra do Piraí ,3300308,Green Eletron,PEV fixo,Ativo,02/06/2022
2411908-000,2022,RN,São Francisco do Oeste,2411908,ABREE,PEV fixo,Ativo,03/08/2020
4314902-033,2022,RS,Porto Alegre,4314902,ABREE,PEV fixo,Ativo,18/08/2020
2304400-083,2022,CE,Fortaleza,2304400,ABREE,PEV fixo,Ativo,02/10/2022
2616183-010,2022,PE,Vertente do Lério,2616183,Green Eletron,PEV fixo,Ativo,05/09/2022
2111300-001,2022,MA,São Luís,2111300,Green Eletron,PEV fixo,Ativo,01/07/2019
2303402-000,2022,CE,Carnaubal,2303402,ABREE,PEV fixo,Ativo,07/11/2021
4205407-005,2022,SC,  Florianópolis ,4205407,ABREE,PEV fixo,Ativo,12/09/2019
3550308-290,2022,SP,Sao Paulo,3550308,Green Eletron,PEV fixo,Ativo,17/05/2022
4318051-000,2022,RS,  São Domingos do Sul ,4318051,ABREE,PEV fixo,Ativo,01/04/2020
3550308-218,2022,SP,SÃO PAULO,3550308,Green Eletron,PEV fixo,Ativo,22/10/2021
3139003-000,2022,MG,MACHADO,3139003,ABREE,Campanha itinerante,Ativo,08/02/2021
2927408-121,2022,BA,Salvador,2927408,ABREE,PEV fixo,Ativo,13/01/2022
2505204-000,2022,PB,CUITEGI,2505204,ABREE,PEV fixo,Ativo,08/03/2022
2406155-000,2022,RN,JUNDIÁ,2406155,ABREE,PEV fixo,Ativo,04/04/2022
2204204-000,2022,PI,  Francisco Santos ,2204204,Green Eletron,PEV fixo,Ativo,21/06/2022
5300108-077,2022,DF,Brasília,5300108,Green Eletron,PEV fixo,Inativo,04/05/2022
3300100-002,2022,RJ,Angra dos Reis,3300100,ABREE,PEV fixo,Ativo,26/04/2021
3531803-000,2022,SP,MONTE MOR,3531803,Green Eletron,PEV fixo,Ativo,10/12/2020
3538808-031,2022,SP,Piraju,3538808,ABREE,Campanha itinerante,Ativo,20/05/2022
2614808-000,2022,PE,Tacaratu,2614808,Green Eletron,PEV fixo,Ativo,21/04/2022
3106200-135,2022,MG,Belo Horizonte,3106200,Sistema individual,PEV fixo,Ativo,18/02/2021
3302908-001,2022,RJ,Miguel Pereira,3302908,Sistema individual,PEV fixo,Ativo,26/09/2019
3304557-070,2022,RJ,Rio de Janeiro,3304557,Green Eletron,PEV fixo,Ativo,11/07/2021
3550308-202,2022,SP,São Paulo,3550308,Green Eletron,PEV fixo,Ativo,15/07/2021
3138500-000,2022,MG,Liberdade,3138500,ABREE,PEV fixo,Ativo,10/08/2020
3106200-001,2022,MG,Belo Horizonte,3106200,ABREE,Ponto de consolidação,Ativo,20/12/2020
3532009-011,2022,SP,Morungaba,3532009,ABREE,PEV fixo,Ativo,02/06/2021
3136405-000,2022,MG,Joaquim Felício,3136405,ABREE,Campanha itinerante,Ativo,27/10/2019
1505601-001,2022,PA,Peixe-Boi,1505601,Green Eletron,PEV fixo,Ativo,19/07/2021
3304557-150,2022,RJ,Rio de Janeiro,3304557,ABREE,PEV fixo,Ativo,22/04/2022
3525201-006,2022,SP,Jarinu,3525201,ABREE,PEV fixo,Ativo,11/05/2021
3525201-007,2022,SP,JARINU,3525201,ABREE,PEV fixo,Ativo,03/03/2021
2309904-006,2022,CE,Pacujá,2309904,ABREE,PEV fixo,Ativo,08/01/2022
5105259-000,2022,MT,LUCAS DO RIO VERDE,,ABREE,PEV fixo,Ativo,12/01/2021
3520905-000,2022,SP,IPAUSSU,3520905,ABREE,PEV fixo,Ativo,25/08/2022
3106200-002,2022,MG,Belo Horizonte,3106200,ABREE,PEV fixo,Ativo,19/10/2020
5300108-054,2022,DF,Brasília,5300108,Green Eletron,Ponto de consolidação,Ativo,10/11/2021
1505601-000,2022,PA,  Peixe-Boi ,1505601,ABREE,PEV fixo,Ativo,16/12/2021
3146206-000,2022,MG,Ouro Verde de Minas,,Green Eletron,PEV fixo,Inativo,03/07/2020
2920502-003,2022,BA,Maracás,2920502,ABREE,Campanha itinerante,Ativo,05/06/2022
3106200-110,2022,MG,Belo Horizonte,3106200,ABREE,PEV fixo,Ativo,26/12/2021
4112959-000,2022,PR,Juranda,4112959,Green Eletron,PEV fixo,Ativo,15/05/2020
3106200-174,2022,MG,BELO HORIZONTE,3106200,Green Eletron,PEV fixo,Ativo,24/03/2022
4106902-041,2022,PR,Curitiba,4106902,ABREE,PEV fixo,Ativo,20/03/2021
2509206-001,2022,PB,Massaranduba,2509206,ABREE,PEV fixo,Ativo,28/03/2022
2306405-000,2022,CE,Itapipoca,2306405,Green Eletron,PEV fixo,Ativo,10/06/2022
4106902-042,2022,PR,  Curitiba ,4106902,Sistema individual,Ponto de consolidação,Ativo,12/06/2021
4215356-000,2022,SC,Saltinho,4215356,ABREE,PEV fixo,Ativo,10/09/2020
3157500-000,2022,MG,Santa Efigenia de Minas,3157500,Green Eletron,Campanha itinerante,Ativo,19/02/2019
3304557-104,2022,RJ,Rio de Janeiro,3304557,Green Eletron,PEV fixo,Ativo,05/02/2021
2304400-017,2022,CE,Fortaleza,2304400,Sistema individual,PEV fixo,Ativo,23/01/2019
2804458-000,2022,SE,Nossa Senhora Aparecida,2804458,Green Eletron,PEV fixo,Ativo,10/05/2019
4120002-000,2022,PR,  Porecatu ,4120002,ABREE,PEV fixo,Ativo,04/07/2019
4314902-045,2022,RS,Porto Alegre,4314902,ABREE,PEV fixo,Ativo,27/06/2020
4316733-000,2022,RS,  Santa Cecília do Sul ,4316733,Green Eletron,Ponto de consolidação,Ativo,27/11/2021
3302106-004,2022,RJ,Itaocara,3302106,Green Eletron,PEV fixo,Ativo,16/08/2021
4314902-043,2022,RS,PORTO ALEGRE,4314902,Green Eletron,PEV fixo,Ativo,26/01/2020
3106200-052,2022,MG,Belo Horizonte,3106200,ABREE,PEV fixo,Ativo,09/06/2020
4312104-000,2022,RS,Mata,4312104,ABREE,PEV fixo,Ativo,23/02/2019
2205250-000,2022,PI,Jardim do Mulato,2205250,Green Eletron,Ponto de consolidação,Ativo,04/10/2022
3550308-209,2022,SP,Sao Paulo,3550308,ABREE,PEV fixo,Ativo,03/11/2021
3170800-000,2022,MG,Varzea da Palma,3170800,Green Eletron,Campanha itinerante,Ativo,08/07/2022
3542602-004,2022,SP,Registro,3542602,Green Eletron,PEV fixo,Ativo,12/05/2021
4314902-092,2022,RS,PORTO ALEGRE,4314902,ABREE,PEV fixo,Ativo,05/09/2022
5203906-000,2022,GO,BURITI ALEGRE,5203906,Green Eletron,PEV fixo,Ativo,19/05/2021
3305307-004,2022,RJ,São Sebastião do Alto,3305307,Green Eletron,PEV fixo,Ativo,21/10/2019
3106200-059,2022,MG,Belo Horizonte,3106200,ABREE,PEV fixo,Ativo,12/08/2020
5221452-000,2022,GO,Trombas,5221452,Green Eletron,PEV fixo,Ativo,14/02/2020
2111300-082,2022,MA,SÃO LUÍS,2111300,ABREE,Campanha itinerante,Ativo,02/09/2022
4202909-000,2022,SC,BRUSQUE,4202909,Green Eletron,PEV fixo,Ativo,05/08/2022
3538808-009,2022,SP,Piraju,3538808,ABREE,PEV fixo,Ativo,07/01/2019
3117009-000,2022,MG,Comercinho,3117009,ABREE,PEV fixo,Ativo,27/09/2019
2927804-000,2022,BA,  Santa Cruz da Vitória ,2927804,Green Eletron,PEV fixo,Ativo,04/09/2020
2700805-002,2022,AL,BELÉM,2700805,ABREE,PEV fixo,Ativo,17/12/2022
2205359-000,2022,PI,João Costa,2205359,ABREE,PEV fixo,Ativo,25/04/2020
2927408-002,2022,BA,Salvador,2927408,ABREE,PEV fixo,Ativo,24/05/2019
3304557-106,2022,RJ,Rio de Janeiro,3304557,ABREE,PEV fixo,Ativo,21/10/2021
3507803-000,2022,SP,Brodowski,3507803,ABREE,PEV fixo,Ativo,07/12/2020
3532900-007,2022,SP,Nova Europa,3532900,ABREE,PEV fixo,Ativo,03/07/2019
1200336-000,2022,AC,Mâncio Lima,1200336,Green Eletron,PEV fixo,Ativo,21/02/2022
1501402-008,2022,PA,BELÉM,1501402,Green Eletron,PEV fixo,Ativo,20/02/2020
5205307-000,2022,GO,Cavalcante,5205307,Green Eletron,PEV fixo,Ativo,15/05/2022
3106200-121,2022,MG,BELO HORIZONTE,3106200,ABREE,PEV fixo,Ativo,04/08/2021
3532009-005,2022,SP,Morungaba,3532009,Sistema individual,PEV fixo,Inativo,09/06/2020
3169406-000,2022,MG,Três Pontas,3169406,Green Eletron,Ponto de consolidação,Ativo,16/06/2021
3106200-163,2022,MG,BELO HORIZONTE,3106200,Green Eletron,PEV fixo,Ativo,21/10/2022
2611606-021,2022,PE,Recife,2611606,ABREE,PEV fixo,Ativo,15/04/2020
3502408-000,2022,SP,ANHUMAS,3502408,Green Eletron,PEV fixo,Ativo,13/03/2021
2300705-007,2022,CE,Alto Santo,2300705,Sistema individual,PEV fixo,Ativo,10/09/2021
2927408-116,2022,BA,Salvador,2927408,ABREE,PEV fixo,Ativo,09/12/2022
2507507-002,2022,PB,Joao Pessoa,2507507,Green Eletron,PEV fixo,Ativo,24/12/2019
2927408-022,2022,BA,Salvador,2927408,ABREE,PEV fixo,Ativo,26/07/2019
1718006-000,2022,TO,PORTO ALEGRE DO TOCANTINS,1718006,Green Eletron,PEV fixo,Ativo,07/08/2020
2602902-003,2022,PE,Cabo de Santo Agostinho,2602902,Green Eletron,Ponto de consolidação,Ativo,19/05/2020
2403509-000,2022,RN,Espírito Santo,2403509,Green Eletron,PEV fixo,Ativo,20/04/2021
5213087-000,2022,GO,Minaçu,5213087,Sistema individual,PEV fixo,Ativo,24/06/2020
3550308-004,2022,SP,SÃO PAULO,3550308,ABREE,PEV fixo,Ativo,26/09/2019
2611606-071,2022,PE,Recife,2611606,ABREE,PEV fixo,Ativo,08/09/2022
3527702-000,2022,SP,Luiziânia,3527702,Green Eletron,PEV fixo,Ativo,16/10/2019
3522703-003,2022,SP,Itápolis,3522703,Sistema individual,PEV fixo,Ativo,15/02/2021
3304557-047,2022,RJ,Rio de Janeiro,3304557,ABREE,PEV fixo,Ativo,08/08/2020
3301876-002,2022,RJ,Iguaba Grande,3301876,Sistema individual,PEV fixo,Ativo,21/09/2020
2101939-004,2022,MA,BERNARDO DO MEARIM,2101939,ABREE,PEV fixo,Ativo,02/10/2021
2704906-000,2022,AL,Mar Vermelho,2704906,Green Eletron,PEV fixo,Ativo,21/03/2021
3124005-000,2022,MG,ERVÁLIA,3124005,Green Eletron,PEV fixo,Ativo,17/02/2021
3304557-087,2022,RJ,Rio de Janeiro,3304557,Green Eletron,PEV fixo,Ativo,15/06/2021
3106200-220,2022,MG,Belo Horizonte,3106200,ABREE,Ponto de consolidação,Ativo,01/10/2022
5208707-005,2022,GO,Goiânia,5208707,ABREE,PEV fixo,Ativo,28/07/2019
2508505-000,2022,PB,LIVRAMENTO,2508505,Sistema individual,PEV fixo,Ativo,16/03/2021
3303955-000,2022,RJ,Pinheiral,3303955,Sistema individual,PEV fixo,Ativo,06/04/2019
4211876-000,2022,SC,Paial,4211876,ABREE,Campanha itinerante,Ativo,12/12/2021
4205407-029,2022,SC,FLORIANÓPOLIS,4205407,ABREE,PEV fixo,Ativo,22/07/2020
3305307-005,2022,RJ,São Sebastião do Alto,3305307,ABREE,Campanha itinerante,Ativo,08/12/2020
2111300-065,2022,MA,São Luís,2111300,ABREE,PEV fixo,Ativo,18/04/2021
4314902-120,2022,RS,  Porto Alegre ,4314902,Green Eletron,PEV fixo,Ativo,20/03/2022
5207501-000,2022,GO,ESTRELA DO NORTE,5207501,Sistema individual,Campanha itinerante,Ativo,20/11/2021
3304557-066,2022,RJ,Rio de Janeiro,3304557,ABREE,PEV fixo,Ativo,28/04/2020
5200829-000,2022,GO,Amaralina,5200829,Green Eletron,PEV fixo,Ativo,01/10/2020
3106200-188,2022,MG,Belo Horizonte,3106200,Sistema individual,PEV fixo,Ativo,05/03/2022
1200401-000,2022,AC,Rio Branco,1200401,Green Eletron,PEV fixo,Ativo,19/06/2019
2704302-000,2022,AL,Maceió,2704302,ABREE,PEV fixo,Ativo,20/12/2020
1501402-001,2022,PA,Belém,1501402,ABREE,PEV fixo,Ativo,07/10/2020
3305208-000,2022,RJ,São Pedro da Aldeia,3305208,ABREE,PEV fixo,Ativo,04/11/2022
3550308-148,2022,SP,  São Paulo ,3550308,ABREE,PEV fixo,Ativo,03/06/2020
2610103-003,2022,PE,PALMEIRINA,2610103,Green Eletron,PEV fixo,Ativo,01/05/2022
2709400-000,2022,AL,Viçosa,2709400,Green Eletron,Campanha itinerante,Ativo,04/04/2021
2205557-000,2022,PI,Lagoa Alegre,2205557,Green Eletron,PEV fixo,Ativo,09/03/2022
1300029-007,2022,AM,  Alvarães ,1300029,Green Eletron,PEV fixo,Ativo,25/01/2022
4215075-000,2022,SC,  Riqueza ,4215075,ABREE,PEV fixo,Ativo,25/01/2020
3304557-103,2022,RJ,RIO DE JANEIRO,3304557,Green Eletron,PEV fixo,Ativo,22/02/2021
3549953-000,2022,SP,São Lourenço da Serra,3549953,Green Eletron,Ponto de consolidação,Ativo,08/04/2022
3106200-183,2022,MG,Belo Horizonte,3106200,ABREE,PEV fixo,Ativo,05/12/2022
4104907-000,2022,PR,CASTRO,4104907,Sistema individual,Ponto de consolidação,Ativo,25/12/2019
3550308-205,2022,SP,São Paulo,3550308,ABREE,PEV fixo,Ativo,14/02/2021
2211001-008,2022,PI,Teresina,2211001,ABREE,PEV fixo,Ativo,04/12/2020
3550308-294,2022,SP,SÃO PAULO,3550308,Green Eletron,Campanha itinerante,Ativo,21/12/2022
3520442-000,2022,SP,Ilha Solteira,3520442,Green Eletron,PEV fixo,Ativo,21/12/2022
3106200-134,2022,MG,Belo Horizonte,3106200,Green Eletron,PEV fixo,Ativo,20/01/2021
2302107-006,2022,CE,BATURITÉ,2302107,Green Eletron,Ponto de consolidação,Ativo,04/03/2022
2616001-000,2022,PE,Venturosa,2616001,ABREE,PEV fixo,Ativo,01/07/2020
3538808-021,2022,SP,Piraju,3538808,ABREE,PEV fixo,Ativo,06/08/2021
4109203-000,2022,PR,Guaraci,4109203,Green Eletron,PEV fixo,Inativo,17/09/2022
3120870-000,2022,MG,CURRAL DE DENTRO,3120870,ABREE,Campanha itinerante,Ativo,05/11/2020
4309803-000,2022,RS,Ibiaçá,4309803,Green Eletron,PEV fixo,Ativo,15/06/2022
5300108-042,2022,DF,Brasília,5300108,ABREE,Ponto de consolidação,Ativo,14/01/2020
2300705-009,2022,CE,Alto Santo,2300705,ABREE,PEV fixo,Ativo,16/04/2022
1707306-000,2022,TO,DUERÉ,1707306,Green Eletron,PEV fixo,Ativo,19/09/2021
4210852-000,2022,SC,Mirim Doce,4210852,ABREE,PEV fixo,Ativo,17/12/2020
3305406-005,2022,RJ,Sapucaia,3305406,Green Eletron,PEV fixo,Ativo,24/01/2022
4315149-000,2022,RS,Presidente Lucena,4315149,ABREE,PEV fixo,Ativo,22/12/2019
3123304-000,2022,MG,DORES DO TURVO,3123304,Green Eletron,PEV fixo,Ativo,08/06/2020
2601003-000,2022,PE,Angelim,2601003,ABREE,PEV fixo,Ativo,19/12/2019
3550308-133,2022,SP,São Paulo,3550308,ABREE,PEV fixo,Ativo,26/12/2020
2913507-000,2022,BA,Iguaí,2913507,Green Eletron,PEV fixo,Ativo,01/11/2019
3106200-139,2022,MG,BELO HORIZONTE,3106200,Green Eletron,Ponto de consolidação,Ativo,20/11/2021
4310207-009,2022,RS,Ijuí,4310207,ABREE,PEV fixo,Ativo,07/04/2022
3162559-000,2022,MG,São João do Manhuaçu,3162559,Green Eletron,PEV fixo,Ativo,03/01/2021
3550308-080,2022,SP,SÃO PAULO,3550308,ABREE,PEV fixo,Ativo,11/04/2019
3541406-000,2022,SP,PRESIDENTE PRUDENTE,3541406,Green Eletron,PEV fixo,Ativo,13/05/2019
3515194-002,2022,SP,Espírito Santo do Turvo,3515194,Sistema individual,PEV fixo,Ativo,23/10/2021
5215207-007,2022,GO,Novo Brasil,5215207,ABREE,PEV fixo,Ativo,14/03/2022
5105606-000,2022,MT,MATUPÁ,5105606,ABREE,PEV fixo,Ativo,16/08/2020
2209856-000,2022,PI,São João da Canabrava,2209856,Green Eletron,PEV fixo,Ativo,11/01/2019
4106902-047,2022,PR,CURITIBA,4106902,ABREE,PEV fixo,Ativo,16/04/2021
3155603-000,2022,MG,Rio Pardo de Minas,3155603,ABREE,PEV fixo,Ativo,20/06/2021
3134509-000,2022,MG,Itutinga,3134509,Sistema individual,PEV fixo,Ativo,27/04/2020
3140605-000,2022,MG,Materlândia,3140605,ABREE,Campanha itinerante,Ativo,01/11/2021
2927408-038,2022,BA,Salvador,,Green Eletron,PEV fixo,Ativo,23/03/2019
3125507-000,2022,MG,SÃO GONÇALO DO RIO PRETO,3125507,Sistema individual,PEV fixo,Ativo,16/11/2020
2611101-000,2022,PE,  Petrolina ,2611101,Green Eletron,PEV fixo,Ativo,01/03/2020
2304400-018,2022,CE,FORTALEZA,2304400,ABREE,PEV fixo,Ativo,18/07/2019
2412500-000,2022,RN,São Miguel,2412500,ABREE,PEV fixo,Ativo,09/08/2019
3106200-123,2022,MG,Belo Horizonte,3106200,Green Eletron,PEV fixo,Ativo,05/06/2021
3542602-003,2022,SP,Registro,,ABREE,PEV fixo,Ativo,16/10/2020
3303302-009,2022,RJ,NITERÓI,3303302,Green Eletron,Ponto de consolidação,Ativo,18/05/2022
2405603-000,2022,RN,Jardim de Piranhas,2405603,Sistema individual,PEV fixo,Ativo,04/05/2021
2304400-084,2022,CE,Fortaleza,2304400,Green Eletron,PEV fixo,Ativo,27/01/2022
3508306-002,2022,SP,Cabrália Paulista,3508306,ABREE,Campanha itinerante,Ativo,16/08/2020
2600203-000,2022,PE,  Afrânio ,2600203,Sistema individual,Ponto de consolidação,Ativo,13/12/2019
3305307-010,2022,RJ,São Sebastião do Alto,3305307,ABREE,PEV fixo,Ativo,20/09/2021
4300208-000,2022,RS,AJURICABA,4300208,Green Eletron,PEV fixo,Ativo,28/06/2019
3302106-003,2022,RJ,ITAOCARA,3302106,ABREE,PEV fixo,Ativo,23/03/2021
5005152-000,2022,MS,JUTI,5005152,Green Eletron,PEV fixo,Ativo,13/05/2019
3550506-000,2022,SP,SÃO PEDRO DO TURVO,3550506,ABREE,Ponto de consolidação,Ativo,02/12/2019
3110707-000,2022,MG,Cambuquira,3110707,Sistema individual,PEV fixo,Ativo,18/09/2019
4200705-000,2022,SC,  Alfredo Wagner ,4200705,Green Eletron,PEV fixo,Ativo,02/02/2020
3549508-002,2022,SP,São José da Bela Vista,3549508,ABREE,PEV fixo,Ativo,23/12/2019
5106265-000,2022,MT,Novo Mundo,5106265,ABREE,PEV fixo,Ativo,16/01/2021
2304251-010,2022,CE,Cruz,2304251,ABREE,PEV fixo,Ativo,15/01/2022
1501204-010,2022,PA,Baião,1501204,ABREE,PEV fixo,Ativo,28/04/2022
4314902-070,2022,RS,PORTO ALEGRE,4314902,Green Eletron,PEV fixo,Inativo,15/10/2021
2304400-041,2022,CE,FORTALEZA,2304400,Green Eletron,PEV fixo,Ativo,20/05/2020
5300108-014,2022,DF,Brasilia,5300108,ABREE,PEV fixo,Ativo,05/12/2019
4314902-009,2022,RS,Porto Alegre,4314902,ABREE,PEV fixo,Ativo,20/04/2020
3106200-141,2022,MG,Belo Horizonte,3106200,ABREE,PEV fixo,Ativo,07/12/2021
3550308-287,2022,SP,Sao Paulo,3550308,ABREE,PEV fixo,Ativo,01/02/2022
3104601-000,2022,MG,Astolfo Dutra,3104601,ABREE,PEV fixo,Inativo,28/09/2022
2707602-000,2022,AL,Quebrangulo,2707602,ABREE,PEV fixo,Ativo,03/10/2019
3156304-000,2022,MG,RODEIRO,3156304,Green Eletron,PEV fixo,Ativo,21/05/2022
4314902-041,2022,RS,PORTO ALEGRE,4314902,Green Eletron,PEV fixo,Ativo,06/01/2020
3550308-279,2022,SP,Sao Paulo,3550308,ABREE,PEV fixo,Ativo,09/02/2022
3142403-000,2022,MG,Moema,3142403,Green Eletron,PEV fixo,Ativo,19/03/2021
4314902-079,2022,RS,PORTO ALEGRE,4314902,ABREE,PEV fixo,Ativo,11/03/2021
3518503-001,2022,SP,Guareí,3518503,Green Eletron,Campanha itinerante,Ativo,25/06/2022
3549250-002,2022,SP,São João de Iracema,3549250,ABREE,PEV fixo,Ativo,21/02/2020
2304236-000,2022,CE,CROATÁ,2304236,ABREE,PEV fixo,Ativo,05/12/2021
3304557-117,2022,RJ,Rio de Janeiro,3304557,Green Eletron,PEV fixo,Ativo,17/08/2022
3304557-138,2022,RJ,Rio de Janeiro,3304557,Green Eletron,Campanha itinerante,Ativo,17/08/2022
4128401-001,2022,PR,Uraí,4128401,ABREE,PEV fixo,Inativo,10/07/2020
2902104-000,2022,BA,Araci,2902104,ABREE,PEV fixo,Ativo,06/09/2021
2605806-006,2022,PE,FREI MIGUELINHO,2605806,ABREE,PEV fixo,Ativo,08/06/2022
3304557-062,2022,RJ,Rio de Janeiro,3304557,ABREE,PEV fixo,Ativo,26/04/2020
3302700-009,2022,RJ,Maricá,3302700,ABREE,PEV fixo,Ativo,26/04/2021
2112852-000,2022,MA,Vila Nova dos Martírios,2112852,ABREE,PEV fixo,Ativo,22/05/2019
2927408-118,2022,BA,SALVADOR,2927408,ABREE,PEV fixo,Ativo,11/05/2022
3550308-241,2022,SP,  São Paulo ,3550308,Sistema individual,PEV fixo,Ativo,27/12/2021
3156908-000,2022,MG,Sacramento,3156908,Green Eletron,Ponto de consolidação,Ativo,27/01/2022
3503950-000,2022,SP,ASPÁSIA,3503950,ABREE,PEV fixo,Ativo,15/08/2021
3106200-067,2022,MG,Belo Horizonte,3106200,Green Eletron,PEV fixo,Ativo,06/11/2020
1304005-002,2022,AM,Silves,1304005,Green Eletron,Ponto de consolidação,Ativo,06/03/2021
1101708-000,2022,RO,URUPÁ,1101708,Green Eletron,PEV fixo,Ativo,25/02/2019
3100807-000,2022,MG,Aguanil,3100807,Green Eletron,PEV fixo,Ativo,16/12/2021
3556354-000,2022,SP,Vargem,3556354,ABREE,PEV fixo,Ativo,12/09/2020
2611606-051,2022,PE,Recife,2611606,Green Eletron,PEV fixo,Ativo,01/02/2021
1400100-000,2022,RR,Boa Vista,1400100,ABREE,PEV fixo,Ativo,21/07/2021
4111506-000,2022,PR,IVAIPORÃ,4111506,ABREE,PEV fixo,Ativo,27/09/2020
4126900-000,2022,PR,Tapira,4126900,Green Eletron,Campanha itinerante,Ativo,04/09/2021
3525607-004,2022,SP,Joao Ramalho,3525607,Green Eletron,PEV fixo,Ativo,18/11/2021
4122305-000,2022,PR,RIO NEGRO,4122305,Green Eletron,PEV fixo,Ativo,02/04/2020
4207908-000,2022,SC,Irineopolis,4207908,ABREE,Ponto de consolidação,Ativo,24/09/2022
2800308-020,2022,SE,Aracaju,2800308,ABREE,PEV fixo,Ativo,13/07/2022
2704302-007,2022,AL,Maceio,2704302,Green Eletron,Ponto de consolidação,Ativo,19/09/2022
3549250-000,2022,SP,Sao Joao de Iracema,3549250,Sistema individual,Campanha itinerante,Ativo,06/03/2019
3110509-000,2022,MG,CAMANDUCAIA,3110509,Green Eletron,PEV fixo,Ativo,05/09/2019
2933257-000,2022,BA,Vereda,2933257,ABREE,Ponto de consolidação,Ativo,11/05/2019
4209508-000,2022,SC,Laurentino,4209508,Green Eletron,PEV fixo,Ativo,17/12/2021
2931103-000,2022,BA,Tanquinho,2931103,Green Eletron,PEV fixo,Ativo,02/05/2021
2615409-000,2022,PE,TORITAMA,2615409,ABREE,PEV fixo,Ativo,28/01/2021
2924207-000,2022,BA,Pedro Alexandre,2924207,Green Eletron,PEV fixo,Ativo,12/05/2020
2107258-000,2022,MA,Nova Colinas,2107258,ABREE,PEV fixo,Ativo,24/02/2019
3536505-001,2022,SP,Paulínia,3536505,Green Eletron,PEV fixo,Ativo,18/03/2022
2800308-008,2022,SE,Aracaju,2800308,Green Eletron,PEV fixo,Ativo,19/07/2020
2515906-000,2022,PB,Serraria,2515906,Green Eletron,PEV fixo,Ativo,26/03/2021
3106200-024,2022,MG,Belo Horizonte,3106200,Green Eletron,Ponto de consolidação,Ativo,11/12/2020
2208106-000,2022,PI,Pimenteiras,2208106,Green Eletron,Campanha itinerante,Ativo,19/02/2022
3513306-000,2022,SP,Cruzalia,3513306,ABREE,Ponto de consolidação,Ativo,08/01/2022
1200328-000,2022,AC,  Jordão ,1200328,ABREE,Ponto de consolidação,Ativo,09/07/2022
5103502-000,2022,MT,Diamantino,5103502,Green Eletron,PEV fixo,Ativo,12/09/2019
3525607-005,2022,SP,João Ramalho,3525607,ABREE,PEV fixo,Ativo,15/05/2022
2927408-000,2022,BA,Salvador,2927408,Sistema individual,PEV fixo,Ativo,24/03/2019
4314902-094,2022,RS,PORTO ALEGRE,4314902,Sistema individual,PEV fixo,Ativo,03/07/2022
4312658-000,2022,RS,Não-Me-Toque,4312658,Sistema individual,PEV fixo,Ativo,25/12/2019
4106902-035,2022,PR,Curitiba,4106902,ABREE,PEV fixo,Ativo,22/11/2021
3152808-000,2022,MG,Prata,3152808,ABREE,PEV fixo,Ativo,02/10/2022
2707701-000,2022,AL,Rio Largo,2707701,ABREE,PEV fixo,Ativo,24/02/2022
3304557-071,2022,RJ,Rio de Janeiro,3304557,ABREE,Ponto de consolidação,Ativo,25/08/2021
3153400-000,2022,MG,Presidente Olegário,3153400,Sistema individual,PEV fixo,Ativo,15/08/2021
2105922-000,2022,MA,LAGOA DO MATO,2105922,Green Eletron,Ponto de consolidação,Ativo,08/09/2019
3159209-000,2022,MG,Santa Rita de Caldas,3159209,Green Eletron,PEV fixo,Ativo,05/07/2020
3303104-001,2022,RJ,Natividade,3303104,Green Eletron,PEV fixo,Ativo,16/11/2022
2200459-000,2022,PI,Alvorada do Gurguéia,2200459,ABREE,PEV fixo,Ativo,18/08/2022
2606903-000,2022,PE,Iguaracy,2606903,ABREE,PEV fixo,Ativo,14/08/2019
5300108-034,2022,DF,Brasília,5300108,Green Eletron,PEV fixo,Ativo,16/09/2020
2601706-000,2022,PE,Belo Jardim,2601706,ABREE,PEV fixo,Ativo,02/05/2020
2112605-000,2022,MA,URBANO SANTOS,2112605,Green Eletron,PEV fixo,Ativo,07/12/2022
2308401-000,2022,CE,MISSÃO VELHA,2308401,ABREE,PEV fixo,Ativo,18/10/2021
2507101-000,2022,PB,Itapororoca,2507101,Sistema individual,PEV fixo,Ativo,19/02/2022
2402709-000,2022,RN,CERRO CORÁ,2402709,Green Eletron,PEV fixo,Inativo,08/03/2022
4314902-096,2022,RS,PORTO ALEGRE,4314902,Green Eletron,PEV fixo,Ativo,22/04/2022
3550308-102,2022,SP,SÃO PAULO,3550308,Green Eletron,Ponto de consolidação,Ativo,19/10/2019
2927408-074,2022,BA,Salvador,2927408,ABREE,PEV fixo,Ativo,24/02/2021
3550308-262,2022,SP,São Paulo,3550308,ABREE,PEV fixo,Ativo,19/06/2022
3550308-249,2022,SP,Sao Paulo,3550308,Green Eletron,PEV fixo,Ativo,23/08/2021
2304400-062,2022,CE,Fortaleza,2304400,Green Eletron,PEV fixo,Ativo,19/06/2021
3304557-097,2022,RJ,Rio de Janeiro,,Green Eletron,PEV fixo,Ativo,25/02/2021
2700607-000,2022,AL,Barra de Sao Miguel,2700607,ABREE,PEV fixo,Ativo,15/03/2021
2311900-000,2022,CE,Saboeiro,2311900,Green Eletron,PEV fixo,Ativo,09/04/2020
5105622-000,2022,MT,Mirassol d'Oeste,5105622,Sistema individual,PEV fixo,Ativo,01/06/2021
4214508-000,2022,SC,RIO DO CAMPO,4214508,Green Eletron,PEV fixo,Ativo,22/09/2022
2927408-070,2022,BA,Salvador,2927408,ABREE,Ponto de consolidação,Ativo,18/10/2020
2304400-045,2022,CE,Fortaleza,2304400,Green Eletron,PEV fixo,Ativo,05/11/2020
3515905-000,2022,SP,Floreal,3515905,ABREE,Campanha itinerante,Ativo,24/09/2020
3142304-000,2022,MG,Moeda,3142304,ABREE,PEV fixo,Ativo,13/05/2019
4314902-097,2022,RS,PORTO ALEGRE,4314902,Green Eletron,PEV fixo,Ativo,07/11/2022
2100709-000,2022,MA,Anajatuba,2100709,ABREE,PEV fixo,Ativo,13/09/2019
1501204-003,2022,PA,Baião,1501204,ABREE,PEV fixo,Ativo,19/08/2019
3169356-000,2022,MG,Três Marias,3169356,Sistema individual,PEV fixo,Ativo,20/09/2020
4304705-000,2022,RS,Carazinho,4304705,Green Eletron,PEV fixo,Ativo,13/05/2020
2927408-059,2022,BA,SALVADOR,2927408,ABREE,PEV fixo,Ativo,04/05/2020
3508306-001,2022,SP,Cabrália Paulista,3508306,ABREE,PEV fixo,Ativo,03/08/2020
3304557-127,2022,RJ,RIO DE JANEIRO,3304557,Green Eletron,PEV fixo,Ativo,05/03/2022
3520608-000,2022,SP,INDIANA,3520608,Sistema individual,Ponto de consolidação,Ativo,25/11/2020
3505203-003,2022,SP,  Bariri ,3505203,Green Eletron,PEV fixo,Ativo,24/05/2021
4305454-000,2022,RS,Cidreira,4305454,ABREE,PEV fixo,Ativo,26/02/2020
3130101-000,2022,MG,Igarapé,3130101,Green Eletron,Campanha itinerante,Ativo,27/04/2019
3544103-000,2022,SP,RIO GRANDE DA SERRA,3544103,ABREE,PEV fixo,Ativo,21/09/2021
1100924-000,2022,RO,Chupinguaia,1100924,Green Eletron,PEV fixo,Ativo,06/06/2019
3304557-025,2022,RJ,Rio de Janeiro,3304557,Green Eletron,PEV fixo,Ativo,25/11/2020
3304557-005,2022,RJ,Rio de Janeiro,3304557,ABREE,PEV fixo,Ativo,19/02/2020
1721000-007,2022,TO,Palmas,1721000,ABREE,Campanha itinerante,Ativo,07/02/2021
5108956-001,2022,MT,Nova Monte Verde,,ABREE,PEV fixo,Inativo,25/05/2020
3550308-253,2022,SP,São Paulo,3550308,Green Eletron,PEV fixo,Ativo,16/01/2022
3302502-004,2022,RJ,Magé,3302502,ABREE,PEV fixo,Ativo,12/03/2021
2927408-030,2022,BA,Salvador,2927408,ABREE,PEV fixo,Ativo,10/01/2019
3532900-002,2022,SP,NOVA EUROPA,3532900,Green Eletron,PEV fixo,Ativo,26/12/2019
3504305-000,2022,SP,Avaí,3504305,Green Eletron,PEV fixo,Ativo,10/04/2019
3501608-000,2022,SP,AMERICANA,3501608,Green Eletron,PEV fixo,Ativo,26/04/2022
1720101-000,2022,TO,SÃO BENTO DO TOCANTINS,1720101,Green Eletron,PEV fixo,Ativo,05/09/2022
2408102-009,2022,RN,  Natal ,2408102,Green Eletron,PEV fixo,Ativo,16/07/2021
4314902-006,2022,RS,Porto Alegre,4314902,ABREE,Campanha itinerante,Ativo,05/05/2020
3106200-155,2022,MG,Belo Horizonte,3106200,Green Eletron,PEV fixo,Ativo,27/08/2021
3303302-004,2022,RJ,Niterói,3303302,ABREE,Campanha itinerante,Ativo,07/11/2020
1721000-006,2022,TO,PALMAS,1721000,ABREE,PEV fixo,Ativo,23/06/2020
4310108-000,2022,RS,IGREJINHA,4310108,Green Eletron,PEV fixo,Ativo,07/10/2021
3127339-000,2022,MG,Gameleiras,3127339,Green Eletron,PEV fixo,Ativo,05/01/2021
3106200-154,2022,MG,Belo Horizonte,3106200,ABREE,PEV fixo,Ativo,05/08/2021
4314902-014,2022,RS,Porto Alegre,4314902,Sistema individual,PEV fixo,Ativo,13/09/2020
4205407-051,2022,SC,FLORIANÓPOLIS,4205407,Green Eletron,PEV fixo,Ativo,16/10/2021
1302603-003,2022,AM,Manaus,1302603,Green Eletron,PEV fixo,Ativo,12/01/2019
1304005-000,2022,AM,Silves,1304005,ABREE,PEV fixo,Ativo,11/05/2020
2211100-000,2022,PI,União,2211100,ABREE,PEV fixo,Ativo,23/02/2022
2111300-039,2022,MA,São Luís,2111300,Green Eletron,PEV fixo,Ativo,11/11/2020
3145372-000,2022,MG,  Novorizonte ,3145372,ABREE,PEV fixo,Ativo,14/11/2020
3514403-001,2022,SP,Dracena,3514403,Green Eletron,PEV fixo,Ativo,17/06/2022
2927408-119,2022,BA,Salvador,2927408,ABREE,PEV fixo,Ativo,23/02/2022
3305406-002,2022,RJ,SAPUCAIA,3305406,ABREE,PEV fixo,Ativo,10/05/2020
3205309-006,2022,ES,  Vitória ,3205309,ABREE,PEV fixo,Ativo,15/11/2020
2501104-000,2022,PB,Areia,2501104,Green Eletron,PEV fixo,Ativo,26/07/2019
2927408-024,2022,BA,  Salvador ,2927408,ABREE,PEV fixo,Ativo,01/07/2019
3301108-000,2022,RJ,Cantagalo,3301108,ABREE,PEV fixo,Ativo,24/11/2020
3106200-008,2022,MG,  Belo Horizonte ,3106200,Sistema individual,PEV fixo,Ativo,08/06/2020
3550308-208,2022,SP,Sao Paulo,3550308,Sistema individual,PEV fixo,Ativo,02/12/2021
3155603-001,2022,MG,Rio Pardo de Minas,3155603,Green Eletron,PEV fixo,Ativo,18/10/2022
4106902-026,2022,PR,CURITIBA,4106902,Green Eletron,PEV fixo,Ativo,01/04/2020
3301207-002,2022,RJ,  Carmo ,3301207,ABREE,PEV fixo,Ativo,14/05/2022
4201273-000,2022,SC,Arabutã,4201273,ABREE,PEV fixo,Ativo,11/07/2021
2311207-001,2022,CE,  Potengi ,2311207,Green Eletron,Ponto de consolidação,Ativo,28/05/2022
4316501-000,2022,RS,Salvador do Sul,4316501,Green Eletron,PEV fixo,Ativo,21/09/2022
1501204-004,2022,PA,Baião,1501204,ABREE,PEV fixo,Ativo,08/02/2020
5300108-059,2022,DF,Brasília,5300108,ABREE,PEV fixo,Ativo,06/11/2021
3301876-006,2022,RJ,Iguaba Grande,3301876,Green Eletron,PEV fixo,Ativo,05/01/2022
3550308-115,2022,SP,São Paulo,3550308,Green Eletron,Ponto de consolidação,Ativo,09/12/2020
3147709-000,2022,MG,Passa Tempo,3147709,ABREE,PEV fixo,Ativo,12/10/2022
4314902-037,2022,RS,Porto Alegre,4314902,Green Eletron,PEV fixo,Inativo,28/09/2020
4128401-003,2022,PR,Uraí,4128401,Green Eletron,PEV fixo,Ativo,23/05/2022
4302600-000,2022,RS,Braga,4302600,Green Eletron,PEV fixo,Ativo,11/03/2019
3138351-000,2022,MG,Leme do Prado,3138351,ABREE,Ponto de consolidação,Ativo,06/09/2020
3304557-018,2022,RJ,Rio de Janeiro,3304557,ABREE,PEV fixo,Ativo,26/07/2020
2300754-000,2022,CE,AMONTADA,2300754,ABREE,PEV fixo,Ativo,18/12/2022
2611606-027,2022,PE,  Recife ,2611606,ABREE,PEV fixo,Ativo,13/06/2020
3538808-014,2022,SP,Piraju,3538808,ABREE,PEV fixo,Ativo,01/03/2020
4314902-085,2022,RS,PORTO ALEGRE,4314902,ABREE,PEV fixo,Ativo,17/03/2021
3200136-000,2022,ES,Aguia Branca,3200136,ABREE,PEV fixo,Ativo,05/04/2020
4119152-000,2022,PR,Pinhais,4119152,ABREE,PEV fixo,Ativo,22/08/2022
4204806-000,2022,SC,  Curitibanos ,4204806,Green Eletron,PEV fixo,Ativo,01/06/2019
3128006-000,2022,MG,Guanhães,3128006,Green Eletron,PEV fixo,Ativo,10/02/2022
1400159-000,2022,RR,Bonfim,,ABREE,PEV fixo,Ativo,12/08/2022
3116902-000,2022,MG,Comendador Gomes,3116902,ABREE,PEV fixo,Ativo,24/06/2022
3106200-085,2022,MG,Belo Horizonte,3106200,Green Eletron,PEV fixo,Ativo,19/01/2020
3515194-001,2022,SP,ESPÍRITO SANTO DO TURVO,3515194,ABREE,Ponto de consolidação,Ativo,20/02/2020
2927408-102,2022,BA,SALVADOR,2927408,Green Eletron,PEV fixo,Ativo,08/02/2022
2804458-001,2022,SE,Nossa Senhora Aparecida,2804458,ABREE,PEV fixo,Ativo,09/05/2022
3105400-000,2022,MG,Barão de Cocais,3105400,ABREE,PEV fixo,Ativo,10/11/2022
2301604-001,2022,CE,Assaré,2301604,ABREE,PEV fixo,Ativo,28/02/2020
4205407-033,2022,SC,Florianópolis,4205407,ABREE,PEV fixo,Ativo,06/03/2020
5103403-010,2022,MT,Cuiabá,5103403,ABREE,PEV fixo,Ativo,24/03/2022
4310207-008,2022,RS,IJUÍ,4310207,Green Eletron,PEV fixo,Ativo,05/07/2022
2513158-000,2022,PB,  Santa Cecília ,2513158,Green Eletron,PEV fixo,Ativo,21/05/2019
2304400-012,2022,CE,FORTALEZA,2304400,Green Eletron,PEV fixo,Ativo,28/11/2019
3517703-003,2022,SP,Guará,3517703,Green Eletron,PEV fixo,Ativo,23/12/2022
3543907-000,2022,SP,Rio Claro,3543907,Green Eletron,PEV fixo,Ativo,23/01/2021
3303302-006,2022,RJ,Niterói,3303302,ABREE,PEV fixo,Ativo,12/10/2021
4302808-000,2022,RS,Caçapava do Sul,4302808,Green Eletron,PEV fixo,Ativo,04/06/2022
3106200-061,2022,MG,Belo Horizonte,3106200,Sistema individual,PEV fixo,Ativo,28/09/2020
3106200-093,2022,MG,Belo Horizonte,3106200,Green Eletron,Ponto de consolidação,Ativo,19/06/2020
3106200-014,2022,MG,Belo Horizonte,3106200,ABREE,Ponto de consolidação,Ativo,27/05/2020
3120102-000,2022,MG,Couto de Magalhães de Minas,3120102,ABREE,PEV fixo,Ativo,15/06/2021
1718840-000,2022,TO,  Sandolândia ,1718840,ABREE,PEV fixo,Ativo,03/11/2019
3550308-318,2022,SP,  São Paulo ,3550308,Green Eletron,PEV fixo,Ativo,10/01/2022
5300108-085,2022,DF,Brasília,5300108,ABREE,PEV fixo,Ativo,01/02/2022
3106200-010,2022,MG,Belo Horizonte,3106200,ABREE,PEV fixo,Ativo,16/07/2020
4301107-000,2022,RS,Arroio dos Ratos,4301107,Green Eletron,Campanha itinerante,Ativo,16/05/2019
3304557-054,2022,RJ,Rio de Janeiro,3304557,Green Eletron,Campanha itinerante,Ativo,13/08/2020
3550308-309,2022,SP,SÃO PAULO,3550308,Green Eletron,PEV fixo,Ativo,17/02/2022
3532900-012,2022,SP,Nova Europa,3532900,Green Eletron,PEV fixo,Ativo,18/11/2020
3304557-088,2022,RJ,Rio de Janeiro,3304557,Sistema individual,Ponto de consolidação,Ativo,18/05/2021
2602506-000,2022,PE,Brejinho,2602506,Green Eletron,PEV fixo,Ativo,10/09/2022
2507507-005,2022,PB,JOÃO PESSOA,2507507,Green Eletron,PEV fixo,Ativo,09/12/2020
2410207-000,2022,RN,Portalegre,2410207,ABREE,PEV fixo,Ativo,23/02/2021
4100608-000,2022,PR,Alto Parana,4100608,Green Eletron,PEV fixo,Ativo,28/01/2022
3106200-021,2022,MG,Belo Horizonte,3106200,Green Eletron,Ponto de consolidação,Ativo,12/07/2020
4301958-000,2022,RS,Barra Funda,4301958,Green Eletron,PEV fixo,Ativo,23/03/2022
3106200-143,2022,MG,Belo Horizonte,3106200,ABREE,Ponto de consolidação,Ativo,07/02/2021
3500105-000,2022,SP,ADAMANTINA,3500105,Green Eletron,PEV fixo,Ativo,11/09/2021
4318507-000,2022,RS,São José do Norte,4318507,ABREE,PEV fixo,Ativo,21/04/2019
3101631-001,2022,MG,  Alfredo Vasconcelos ,3101631,Sistema individual,PEV fixo,Ativo,21/05/2022
3106200-058,2022,MG,BELO HORIZONTE,3106200,ABREE,PEV fixo,Ativo,22/01/2020
3142809-000,2022,MG,MONTE ALEGRE DE MINAS,3142809,Green Eletron,Ponto de consolidação,Ativo,05/02/2020
2901908-001,2022,BA,Aporá,2901908,ABREE,PEV fixo,Ativo,19/06/2021
3550308-127,2022,SP,SÃO PAULO,3550308,Green Eletron,PEV fixo,Ativo,20/08/2020
3302106-001,2022,RJ,ITAOCARA,3302106,ABREE,PEV fixo,Ativo,13/01/2020
3106200-117,2022,MG,Belo Horizonte,3106200,Green Eletron,PEV fixo,Ativo,18/10/2021
3125200-000,2022,MG,Fama,3125200,ABREE,PEV fixo,Ativo,22/02/2022
4310207-006,2022,RS,Ijuí,4310207,Sistema individual,PEV fixo,Ativo,05/03/2021
2604304-000,2022,PE,CEDRO,2604304,ABREE,Ponto de consolidação,Ativo,23/04/2020
3514809-000,2022,SP,Eldorado,3514809,ABREE,PEV fixo,Ativo,02/09/2020
3550308-118,2022,SP,SÃO PAULO,3550308,Green Eletron,PEV fixo,Ativo,16/05/2020
3106200-039,2022,MG,  Belo Horizonte ,3106200,Green Eletron,PEV fixo,Ativo,06/05/2020
2112274-000,2022,MA,Tufilândia,2112274,Green Eletron,PEV fixo,Ativo,27/04/2020
3106200-180,2022,MG,Belo Horizonte,3106200,Green Eletron,PEV fixo,Ativo,06/12/2022
5300108-067,2022,DF,Brasília,5300108,ABREE,PEV fixo,Ativo,14/01/2021
1304260-000,2022,AM,Uarini,1304260,ABREE,PEV fixo,Ativo,19/10/2021
3537404-002,2022,SP,PEREIRA BARRETO,3537404,Green Eletron,PEV fixo,Ativo,24/04/2021
3524105-000,2022,SP,ITUVERAVA,3524105,ABREE,PEV fixo,Ativo,23/08/2021
2111300-011,2022,MA,São Luís,2111300,Green Eletron,PEV fixo,Ativo,13/10/2019
3106200-031,2022,MG,Belo Horizonte,3106200,Green Eletron,PEV fixo,Ativo,21/03/2020
2513653-000,2022,PB,  Joca Claudino ,2513653,ABREE,PEV fixo,Ativo,12/08/2022
2602902-004,2022,PE,  Cabo de Santo Agostinho ,2602902,Sistema individual,PEV fixo,Inativo,05/10/2020
3106200-103,2022,MG,Belo Horizonte,3106200,ABREE,PEV fixo,Ativo,17/07/2021
2111300-071,2022,MA,São Luís,2111300,ABREE,PEV fixo,Ativo,01/12/2021
3532009-007,2022,SP,MORUNGABA,3532009,ABREE,PEV fixo,Ativo,07/12/2020
3300308-005,2022,RJ,Barra do Pirai,3300308,Green Eletron,PEV fixo,Ativo,27/10/2020
3106200-156,2022,MG,Belo Horizonte,3106200,Sistema individual,PEV fixo,Ativo,17/04/2021
2507507-006,2022,PB,João Pessoa,2507507,ABREE,PEV fixo,Ativo,27/11/2020
1200450-000,2022,AC,Senador Guiomard,1200450,ABREE,PEV fixo,Ativo,16/04/2022
3304557-032,2022,RJ,RIO DE JANEIRO,3304557,ABREE,PEV fixo,Ativo,22/03/2020
1504901-000,2022,PA,MUANÁ,1504901,ABREE,PEV fixo,Ativo,27/04/2020
2300705-010,2022,CE,  Alto Santo ,2300705,Sistema individual,PEV fixo,Ativo,27/02/2022
2302107-000,2022,CE,Baturité,2302107,ABREE,PEV fixo,Ativo,15/10/2019
4200507-000,2022,SC,ÁGUAS DE CHAPECÓ,4200507,ABREE,PEV fixo,Ativo,06/01/2019
2401503-000,2022,RN,BARCELONA,2401503,Green Eletron,PEV fixo,Ativo,17/06/2021
4211207-000,2022,SC,Morro da Fumaça,4211207,ABREE,PEV fixo,Ativo,14/03/2022
2111300-004,2022,MA,São Luís,2111300,ABREE,PEV fixo,Ativo,07/06/2019
3550308-245,2022,SP,  São Paulo ,3550308,ABREE,PEV fixo,Ativo,20/02/2021
1300706-000,2022,AM,BOCA DO ACRE,1300706,Green Eletron,PEV fixo,Ativo,10/11/2020
2100907-000,2022,MA,  Araioses ,,ABREE,PEV fixo,Ativo,15/01/2019
2507507-012,2022,PB,João Pessoa,2507507,Green Eletron,PEV fixo,Ativo,02/12/2022
3525201-003,2022,SP,Jarinu,3525201,Green Eletron,PEV fixo,Ativo,11/11/2020
2403103-000,2022,RN,Currais Novos,2403103,ABREE,PEV fixo,Ativo,23/07/2020
3305406-004,2022,RJ,Sapucaia,3305406,Green Eletron,PEV fixo,Ativo,04/12/2021
3127800-000,2022,MG,Grao Mogol,3127800,ABREE,PEV fixo,Ativo,17/07/2022
5002704-000,2022,MS,Campo Grande,5002704,ABREE,PEV fixo,Ativo,12/11/2020
4205407-074,2022,SC,Florianopolis,4205407,ABREE,PEV fixo,Ativo,17/02/2022
3301108-012,2022,RJ,Cantagalo,3301108,Green Eletron,PEV fixo,Ativo,06/05/2021
3304557-000,2022,RJ,  Rio de Janeiro ,3304557,Green Eletron,PEV fixo,Ativo,19/11/2020
2207777-000,2022,PI,Patos do Piauí,2207777,ABREE,PEV fixo,Ativo,03/11/2022
4310207-010,2022,RS,IJUÍ,4310207,ABREE,PEV fixo,Ativo,03/01/2022
2306009-000,2022,CE,IRACEMA,2306009,ABREE,PEV fixo,Ativo,27/07/2020
4314068-000,2022,RS,  Passa Sete ,4314068,ABREE,PEV fixo,Ativo,08/11/2020
2111300-033,2022,MA,São Luís,2111300,Green Eletron,PEV fixo,Ativo,24/05/2020
1300029-002,2022,AM,Alvaraes,1300029,Green Eletron,PEV fixo,Ativo,14/12/2019
5006606-000,2022,MS,PONTA PORÃ,5006606,Green Eletron,Campanha itinerante,Ativo,08/03/2019
3532504-001,2022,SP,Neves Paulista,3532504,ABREE,Ponto de consolidação,Ativo,28/02/2020
4113106-000,2022,PR,Kaloré,4113106,Green Eletron,PEV fixo,Ativo,08/07/2022
3129509-000,2022,MG,Ibiá,3129509,ABREE,PEV fixo,Ativo,02/05/2020
3106200-122,2022,MG,BELO HORIZONTE,3106200,ABREE,Ponto de consolidação,Ativo,27/03/2021
2111300-064,2022,MA,São Luís,2111300,Green Eletron,PEV fixo,Ativo,03/05/2021
4103404-000,2022,PR,CAFEARA,4103404,Sistema individual,PEV fixo,Ativo,21/04/2021
3111101-000,2022,MG,CAMPINA VERDE,3111101,ABREE,PEV fixo,Ativo,11/02/2022
2204154-000,2022,PI,Francisco Macedo,2204154,ABREE,PEV fixo,Ativo,13/10/2019
2927408-099,2022,BA,Salvador,2927408,Green Eletron,PEV fixo,Ativo,13/02/2021
2111300-005,2022,MA,SÃO LUÍS,2111300,Sistema individual,PEV fixo,Ativo,22/03/2019
3508306-003,2022,SP,CABRÁLIA PAULISTA,3508306,Sistema individual,PEV fixo,Ativo,20/11/2021
2708501-000,2022,AL,São Luís do Quitunde,2708501,ABREE,Ponto de consolidação,Ativo,21/08/2020
3304557-108,2022,RJ,Rio de Janeiro,3304557,ABREE,PEV fixo,Ativo,24/03/2021
2202604-000,2022,PI,Castelo do Piauí,2202604,Green Eletron,PEV fixo,Ativo,14/10/2022
1508209-000,2022,PA,Vigia,1508209,Sistema individual,PEV fixo,Ativo,15/12/2019
4314902-065,2022,RS,Porto Alegre,4314902,Green Eletron,PEV fixo,Ativo,12/03/2021
4205407-054,2022,SC,Florianópolis,4205407,ABREE,PEV fixo,Ativo,28/10/2021
2607000-000,2022,PE,Inajá,2607000,ABREE,Ponto de consolidação,Ativo,15/08/2019
2611606-050,2022,PE,Recife,2611606,Green Eletron,PEV fixo,Ativo,05/06/2021
3106200-214,2022,MG,Belo Horizonte,3106200,ABREE,Ponto de consolidação,Ativo,22/08/2022
2507507-000,2022,PB,JOÃO PESSOA,2507507,Green Eletron,PEV fixo,Ativo,21/09/2019
2111300-056,2022,MA,SÃO LUÍS,2111300,Green Eletron,PEV fixo,Ativo,18/02/2021
3550308-307,2022,SP,SÃO PAULO,3550308,ABREE,PEV fixo,Ativo,01/03/2022
2904902-000,2022,BA,Cachoeira,2904902,ABREE,PEV fixo,Ativo,15/02/2022
2611002-000,2022,PE,Petrolândia,2611002,Sistema individual,Campanha itinerante,Ativo,12/03/2022
4106902-009,2022,PR,CURITIBA,4106902,ABREE,PEV fixo,Ativo,09/01/2020
3550308-072,2022,SP,São Paulo,3550308,Green Eletron,PEV fixo,Ativo,13/11/2019
3550308-105,2022,SP,São Paulo,3550308,ABREE,PEV fixo,Ativo,22/05/2019
2901700-000,2022,BA,Antonio Cardoso,2901700,ABREE,PEV fixo,Ativo,17/06/2020
5208707-003,2022,GO,Goiânia,5208707,Green Eletron,PEV fixo,Ativo,25/05/2019
3550308-234,2022,SP,São Paulo,3550308,ABREE,Campanha itinerante,Ativo,28/04/2021
4205407-037,2022,SC,FLORIANÓPOLIS,4205407,ABREE,PEV fixo,Ativo,15/08/2020
3538808-030,2022,SP,PIRAJU,3538808,Green Eletron,PEV fixo,Ativo,09/09/2022
2604155-000,2022,PE,CASINHAS,2604155,ABREE,PEV fixo,Ativo,21/05/2021
2611606-016,2022,PE,Recife,2611606,ABREE,Ponto de consolidação,Ativo,15/09/2020
4204400-000,2022,SC,Coronel Freitas,4204400,Green Eletron,PEV fixo,Ativo,26/04/2019
2930774-000,2022,BA,Sobradinho,2930774,Green Eletron,Ponto de consolidação,Ativo,22/09/2022
1300029-005,2022,AM,Alvaraes,1300029,Green Eletron,PEV fixo,Ativo,14/08/2021
3555109-009,2022,SP,Tupi Paulista,3555109,Green Eletron,PEV fixo,Ativo,05/06/2021
3550308-159,2022,SP,São Paulo,3550308,ABREE,PEV fixo,Ativo,10/03/2020
3106200-040,2022,MG,Belo Horizonte,3106200,Green Eletron,PEV fixo,Ativo,16/05/2020
5002704-001,2022,MS,Campo Grande,5002704,Green Eletron,PEV fixo,Ativo,20/02/2020
4106902-063,2022,PR,Curitiba,4106902,Green Eletron,PEV fixo,Ativo,26/04/2022
3155207-000,2022,MG,Rio Espera,3155207,ABREE,Ponto de consolidação,Ativo,13/10/2019
5300108-078,2022,DF,Brasília,5300108,Green Eletron,PEV fixo,Ativo,26/06/2022
2905503-002,2022,BA,Caldeirão Grande,2905503,Green Eletron,PEV fixo,Ativo,15/07/2021
2900207-000,2022,BA,Abaré,,Green Eletron,PEV fixo,Ativo,08/03/2022
3203007-000,2022,ES,Iúna,3203007,ABREE,PEV fixo,Ativo,10/01/2020
4100509-000,2022,PR,Altônia,4100509,Green Eletron,PEV fixo,Ativo,11/12/2022
2611606-062,2022,PE,RECIFE,2611606,ABREE,Ponto de consolidação,Ativo,09/03/2022
3550308-285,2022,SP,  São Paulo ,3550308,ABREE,PEV fixo,Ativo,18/01/2022
4107553-000,2022,PR,Farol,4107553,ABREE,PEV fixo,Ativo,15/09/2019
3512001-002,2022,SP,Colina,3512001,ABREE,PEV fixo,Ativo,12/06/2022
2111300-049,2022,MA,São Luís,2111300,Green Eletron,PEV fixo,Ativo,14/07/2020
3550308-172,2022,SP,São Paulo,3550308,ABREE,PEV fixo,Ativo,18/02/2020
3101409-000,2022,MG,Albertina,3101409,Green Eletron,PEV fixo,Ativo,17/04/2019
2210375-000,2022,PI,São Luis do Piauí,2210375,ABREE,PEV fixo,Ativo,12/07/2022
4307906-000,2022,RS,FARROUPILHA,4307906,ABREE,PEV fixo,Ativo,01/05/2019
2610301-001,2022,PE,PARANATAMA,2610301,Green Eletron,PEV fixo,Ativo,07/08/2020
2707206-000,2022,AL,Poço das Trincheiras,2707206,ABREE,PEV fixo,Ativo,08/07/2020
3131158-000,2022,MG,  Ipaba ,3131158,ABREE,PEV fixo,Ativo,03/07/2019
4128401-000,2022,PR,Urai,4128401,ABREE,Ponto de consolidação,Ativo,21/09/2020
5300108-062,2022,DF,Brasília,5300108,ABREE,PEV fixo,Ativo,01/05/2021
2615102-007,2022,PE,Terezinha,2615102,ABREE,PEV fixo,Ativo,25/07/2022
3508306-005,2022,SP,Cabrália Paulista,3508306,Green Eletron,Ponto de consolidação,Ativo,12/04/2022
4106902-053,2022,PR,  Curitiba ,4106902,ABREE,Ponto de consolidação,Ativo,28/11/2022
3550308-046,2022,SP,São Paulo,3550308,ABREE,PEV fixo,Ativo,04/12/2019
1501402-004,2022,PA,Belém,1501402,Green Eletron,PEV fixo,Ativo,05/12/2020
2413359-000,2022,RN,SERRA DO MEL,2413359,ABREE,PEV fixo,Ativo,23/04/2020
3301108-014,2022,RJ,Cantagalo,3301108,Green Eletron,PEV fixo,Ativo,12/09/2021
3118106-000,2022,MG,Congonhas do Norte,3118106,ABREE,PEV fixo,Ativo,01/12/2019
2111300-007,2022,MA,São Luís,2111300,Green Eletron,PEV fixo,Ativo,18/04/2019
2611606-011,2022,PE,Recife,2611606,Green Eletron,PEV fixo,Ativo,26/07/2020
2512705-000,2022,PB,Remígio,2512705,ABREE,PEV fixo,Ativo,25/10/2021
5004502-000,2022,MS,ITAPORÃ,5004502,ABREE,Ponto de consolidação,Ativo,09/12/2022
4303905-000,2022,RS,Campo Bom,4303905,ABREE,PEV fixo,Ativo,05/12/2019
3509957-000,2022,SP,Canas,3509957,ABREE,PEV fixo,Ativo,11/05/2021
2605509-000,2022,PE,  Ferreiros ,2605509,ABREE,PEV fixo,Ativo,27/11/2021
4306304-000,2022,RS,David Canabarro,4306304,Green Eletron,PEV fixo,Ativo,05/04/2022
3139409-000,2022,MG,Manhuaçu,3139409,Green Eletron,PEV fixo,Ativo,08/05/2021
5300108-009,2022,DF,Brasilia,5300108,ABREE,PEV fixo,Ativo,17/08/2019
3304557-013,2022,RJ,Rio de Janeiro,3304557,ABREE,Ponto de consolidação,Ativo,26/06/2020
2927408-062,2022,BA,SALVADOR,2927408,Green Eletron,PEV fixo,Ativo,06/04/2020
4206801-000,2022,SC,Ibicaré,4206801,ABREE,Ponto de consolidação,Ativo,14/06/2020
2602902-000,2022,PE,Cabo de Santo Agostinho,2602902,Green Eletron,Campanha itinerante,Ativo,07/04/2019
3550308-128,2022,SP,São Paulo,3550308,ABREE,PEV fixo,Ativo,21/08/2020
2927408-104,2022,BA,Salvador,2927408,ABREE,PEV fixo,Ativo,23/01/2022
5300108-051,2022,DF,BRASÍLIA,5300108,Green Eletron,Campanha itinerante,Ativo,01/07/2020
3106200-190,2022,MG,BELO HORIZONTE,3106200,Green Eletron,Ponto de consolidação,Ativo,16/06/2022
3550308-271,2022,SP,São Paulo,3550308,ABREE,PEV fixo,Ativo,06/03/2022
3106200-119,2022,MG,Belo Horizonte,3106200,ABREE,Campanha itinerante,Ativo,20/07/2021
2306801-000,2022,CE,JAGUARIBARA,2306801,Sistema individual,PEV fixo,Ativo,14/06/2019
3304557-044,2022,RJ,RIO DE JANEIRO,3304557,ABREE,PEV fixo,Ativo,16/05/2020
3519907-000,2022,SP,Iepê,3519907,ABREE,PEV fixo,Ativo,27/12/2021
3304557-136,2022,RJ,RIO DE JANEIRO,3304557,ABREE,PEV fixo,Ativo,14/11/2022
4126652-000,2022,PR,Sulina,4126652,Green Eletron,PEV fixo,Ativo,07/09/2022
4121802-000,2022,PR,Ribeirão Claro,4121802,ABREE,PEV fixo,Ativo,27/09/2020
5300108-004,2022,DF,  Brasília ,5300108,ABREE,PEV fixo,Ativo,27/01/2019
1500347-000,2022,PA,Água Azul do Norte,1500347,Green Eletron,PEV fixo,Ativo,12/04/2019
3130408-003,2022,MG,Ijaci,3130408,ABREE,PEV fixo,Ativo,08/04/2022
3555505-000,2022,SP,UBIRAJARA,3555505,Green Eletron,PEV fixo,Ativo,07/09/2020
2106326-000,2022,MA,Maracaçumé,2106326,Green Eletron,Campanha itinerante,Ativo,09/02/2021
4108320-000,2022,PR,Francisco Alves,4108320,Green Eletron,PEV fixo,Ativo,24/09/2022
2921500-000,2022,BA,Monte Santo,2921500,ABREE,PEV fixo,Ativo,16/05/2019
3538808-025,2022,SP,PIRAJU,3538808,ABREE,PEV fixo,Ativo,14/01/2021
3106200-172,2022,MG,BELO HORIZONTE,3106200,Green Eletron,PEV fixo,Ativo,07/08/2022
5103403-002,2022,MT,Cuiaba,5103403,Green Eletron,Campanha itinerante,Inativo,21/06/2019
4205001-001,2022,SC,Dionísio Cerqueira,4205001,Green Eletron,PEV fixo,Ativo,04/02/2022
2310001-000,2022,CE,Palhano,2310001,ABREE,PEV fixo,Ativo,27/03/2020
4314902-110,2022,RS,PORTO ALEGRE,4314902,Green Eletron,PEV fixo,Ativo,19/11/2022
2205458-000,2022,PI,  Joca Marques ,2205458,Green Eletron,PEV fixo,Ativo,11/07/2020
3532009-012,2022,SP,Morungaba,3532009,Green Eletron,PEV fixo,Ativo,07/11/2022
2502102-000,2022,PB,BOA VENTURA,2502102,Green Eletron,Campanha itinerante,Ativo,09/11/2020
2615805-000,2022,PE,Tupanatinga,2615805,ABREE,PEV fixo,Ativo,25/09/2021
2104073-000,2022,MA,Feira Nova do Maranhão,2104073,ABREE,PEV fixo,Ativo,11/07/2021
2300705-001,2022,CE,Alto Santo,2300705,Green Eletron,Ponto de consolidação,Ativo,07/09/2020
3205309-009,2022,ES,Vitória,3205309,ABREE,PEV fixo,Ativo,18/11/2021
3540507-000,2022,SP,Porangaba,3540507,Green Eletron,PEV fixo,Ativo,15/06/2021
3304557-068,2022,RJ,Rio de Janeiro,,ABREE,Ponto de consolidação,Ativo,17/01/2021
3145208-000,2022,MG,Nova Serrana,3145208,Green Eletron,Campanha itinerante,Ativo,26/09/2022
5003900-000,2022,MS,  Figueirão ,5003900,ABREE,PEV fixo,Ativo,10/10/2021
3304557-143,2022,RJ,Rio de Janeiro,3304557,ABREE,PEV fixo,Ativo,09/12/2022
3300308-006,2022,RJ,BARRA DO PIRAÍ,3300308,Green Eletron,Campanha itinerante,Ativo,19/05/2021
3106200-109,2022,MG,Belo Horizonte,3106200,ABREE,PEV fixo,Ativo,06/11/2021
2511004-001,2022,PB,Pedra Branca,2511004,ABREE,PEV fixo,Ativo,06/04/2022
3505401-000,2022,SP,Barra do Turvo,3505401,ABREE,PEV fixo,Ativo,24/07/2022
5103403-003,2022,MT,CUIABÁ,5103403,Green Eletron,PEV fixo,Ativo,25/05/2019
4101853-000,2022,PR,Ariranha do Ivai,4101853,Green Eletron,PEV fixo,Ativo,24/03/2019
3532603-002,2022,SP,NHANDEARA,3532603,Sistema individual,Ponto de consolidação,Ativo,16/05/2022
1100098-000,2022,RO,Espigão D'Oeste,1100098,Green Eletron,PEV fixo,Ativo,24/02/2020
2304400-015,2022,CE,FORTALEZA,2304400,Green Eletron,PEV fixo,Ativo,01/01/2019
4205001-000,2022,SC,Dionísio Cerqueira,4205001,ABREE,Campanha itinerante,Ativo,22/04/2019
3532900-019,2022,SP,Nova Europa,3532900,Green Eletron,PEV fixo,Ativo,11/02/2022
3538808-032,2022,SP,PIRAJU,3538808,Green Eletron,PEV fixo,Ativo,20/08/2022
2611606-052,2022,PE,Recife,2611606,ABREE,PEV fixo,Ativo,22/11/2022
2607505-000,2022,PE,ITAÍBA,2607505,Green Eletron,PEV fixo,Ativo,16/06/2019
2410603-000,2022,RN,Rafael Godeiro,2410603,ABREE,PEV fixo,Ativo,10/12/2019
3131000-000,2022,MG,INHAÚMA,3131000,ABREE,Campanha itinerante,Ativo,05/06/2021
1100205-003,2022,RO,Porto Velho,1100205,Green Eletron,PEV fixo,Inativo,10/04/2020
2608404-000,2022,PE,Jurema,2608404,ABREE,PEV fixo,Ativo,27/05/2019
3300902-005,2022,RJ,CAMBUCI,3300902,Green Eletron,PEV fixo,Ativo,05/05/2022
2302404-000,2022,CE,Boa Viagem,2302404,Green Eletron,PEV fixo,Ativo,04/07/2021
2304400-026,2022,CE,Fortaleza,2304400,ABREE,PEV fixo,Ativo,01/11/2019
2106508-000,2022,MA,Matinha,2106508,ABREE,PEV fixo,Ativo,27/01/2020
2408607-000,2022,RN,Paraná,2408607,Green Eletron,PEV fixo,Ativo,26/09/2021
3530102-004,2022,SP,Mirandópolis,3530102,Green Eletron,PEV fixo,Ativo,24/08/2022
3109501-000,2022,MG,CABO VERDE,3109501,ABREE,PEV fixo,Ativo,25/04/2022
3138625-000,2022,MG,LIMEIRA DO OESTE,3138625,ABREE,PEV fixo,Ativo,21/03/2019
4217253-000,2022,SC,Sao Pedro de Alcantara,4217253,Green Eletron,Campanha itinerante,Ativo,28/08/2019
2211001-015,2022,PI,  Teresina ,2211001,Green Eletron,PEV fixo,Ativo,23/11/2021
3532306-007,2022,SP,Natividade da Serra,3532306,ABREE,PEV fixo,Ativo,20/06/2022
3144656-000,2022,MG,Ninheira,3144656,ABREE,PEV fixo,Ativo,16/12/2022
4312674-000,2022,RS,Nicolau Vergueiro,4312674,ABREE,PEV fixo,Ativo,13/08/2020
1200401-006,2022,AC,Rio Branco,1200401,Green Eletron,PEV fixo,Ativo,14/03/2022
3508900-000,2022,SP,Caiabu,3508900,ABREE,PEV fixo,Ativo,14/05/2022
2614105-001,2022,PE,Sertania,2614105,Green Eletron,PEV fixo,Ativo,25/11/2020
4314902-077,2022,RS,Porto Alegre,4314902,ABREE,Ponto de consolidação,Ativo,04/02/2021
5212956-000,2022,GO,MATRINCHÃ,5212956,Green Eletron,Ponto de consolidação,Ativo,13/03/2019
3514205-000,2022,SP,Dolcinopolis,3514205,ABREE,PEV fixo,Ativo,18/03/2021
4205407-045,2022,SC,  Florianópolis ,4205407,Green Eletron,PEV fixo,Ativo,04/06/2021
2211001-020,2022,PI,Teresina,2211001,ABREE,PEV fixo,Ativo,06/09/2022
2920304-000,2022,BA,Malhada de Pedras,2920304,ABREE,PEV fixo,Ativo,07/04/2021
4314548-000,2022,RS,Pinto Bandeira,4314548,Green Eletron,Campanha itinerante,Ativo,28/06/2021
3304557-038,2022,RJ,RIO DE JANEIRO,3304557,Green Eletron,PEV fixo,Ativo,01/09/2020
3515129-000,2022,SP,Emilianopolis,3515129,Green Eletron,Ponto de consolidação,Ativo,16/10/2020
2304400-066,2022,CE,Fortaleza,2304400,ABREE,PEV fixo,Ativo,08/01/2021
2609006-000,2022,PE,Macaparana,2609006,Green Eletron,PEV fixo,Ativo,07/01/2019
3300951-004,2022,RJ,COMENDADOR LEVY GASPARIAN,3300951,ABREE,PEV fixo,Ativo,02/05/2022
4319109-000,2022,RS,São Martinho,4319109,ABREE,PEV fixo,Ativo,08/05/2019
3151107-000,2022,MG,Pirapetinga,3151107,ABREE,PEV fixo,Ativo,03/09/2022
3550308-034,2022,SP,SÃO PAULO,3550308,Green Eletron,PEV fixo,Ativo,25/12/2019
3162575-000,2022,MG,Sao Joao do Manteninha,3162575,Green Eletron,PEV fixo,Ativo,13/04/2021
2927408-036,2022,BA,Salvador,2927408,ABREE,Campanha itinerante,Ativo,26/03/2019
3538808-023,2022,SP,Piraju,3538808,ABREE,PEV fixo,Ativo,26/07/2021
2304400-060,2022,CE,FORTALEZA,2304400,ABREE,PEV fixo,Ativo,24/11/2021
3106200-042,2022,MG,Belo Horizonte,3106200,ABREE,PEV fixo,Ativo,16/08/2020
3539301-001,2022,SP,Pirassununga,3539301,ABREE,PEV fixo,Ativo,10/03/2021
3532009-006,2022,SP,MORUNGABA,3532009,Green Eletron,PEV fixo,Ativo,02/04/2020
3105608-000,2022,MG,  Barbacena ,3105608,ABREE,PEV fixo,Ativo,24/01/2021
2104008-000,2022,MA,Esperantinópolis,2104008,ABREE,PEV fixo,Ativo,25/09/2019
2203750-000,2022,PI,Fartura do Piauí,2203750,ABREE,PEV fixo,Ativo,15/01/2021
3555208-000,2022,SP,Turiuba,3555208,Green Eletron,PEV fixo,Ativo,14/09/2021
2203305-000,2022,PI,DEMERVAL LOBÃO,2203305,ABREE,PEV fixo,Ativo,09/03/2020
3304144-000,2022,RJ,  Queimados ,3304144,Sistema individual,Campanha itinerante,Ativo,01/01/2020
3550308-317,2022,SP,SÃO PAULO,3550308,ABREE,PEV fixo,Ativo,22/02/2022
2927408-061,2022,BA,Salvador,2927408,Green Eletron,PEV fixo,Ativo,12/10/2020
3106200-043,2022,MG,Belo Horizonte,3106200,Green Eletron,PEV fixo,Ativo,15/03/2020
4205704-001,2022,SC,GAROPABA,4205704,Green Eletron,PEV fixo,Ativo,09/06/2022
3134103-000,2022,MG,Itueta,3134103,ABREE,PEV fixo,Ativo,27/05/2021
4205407-003,2022,SC,FLORIANÓPOLIS,4205407,Green Eletron,PEV fixo,Ativo,28/06/2019
3201308-000,2022,ES,CARIACICA,3201308,Sistema individual,PEV fixo,Ativo,14/11/2021
5300108-092,2022,DF,Brasilia,5300108,ABREE,PEV fixo,Ativo,18/03/2022
2705101-000,2022,AL,Matriz de Camaragibe,2705101,Green Eletron,Ponto de consolidação,Ativo,03/04/2021
3550308-261,2022,SP,São Paulo,3550308,Sistema individual,PEV fixo,Ativo,06/04/2022
1100205-008,2022,RO,Porto Velho,1100205,ABREE,PEV fixo,Ativo,16/10/2022
3304557-016,2022,RJ,RIO DE JANEIRO,3304557,ABREE,Campanha itinerante,Ativo,26/04/2020
2507507-001,2022,PB,João Pessoa,2507507,ABREE,PEV fixo,Ativo,04/11/2019
2505709-000,2022,PB,Dona Inês,2505709,ABREE,Campanha itinerante,Ativo,22/08/2020
5221007-000,2022,GO,Taquaral de Goiás,5221007,Sistema individual,PEV fixo,Ativo,20/08/2022
2603603-000,2022,PE,Camutanga,2603603,ABREE,PEV fixo,Ativo,20/02/2019
1501402-012,2022,PA,Belém,1501402,ABREE,PEV fixo,Ativo,23/07/2021
4311106-000,2022,RS,Jaguari,4311106,Green Eletron,PEV fixo,Ativo,18/12/2022
2610202-000,2022,PE,Panelas,2610202,ABREE,PEV fixo,Ativo,26/11/2021
3167707-000,2022,MG,SOBRÁLIA,3167707,ABREE,PEV fixo,Ativo,06/01/2019
3550308-246,2022,SP,São Paulo,3550308,ABREE,PEV fixo,Ativo,18/10/2021
3205010-000,2022,ES,Sooretama,3205010,ABREE,Campanha itinerante,Ativo,13/10/2020
2102408-000,2022,MA,Cajapio,2102408,Green Eletron,PEV fixo,Ativo,07/12/2019
5208152-000,2022,GO,GAMELEIRA DE GOIÁS,5208152,Green Eletron,PEV fixo,Ativo,02/03/2019
2105609-000,2022,MA,Joselandia,2105609,ABREE,PEV fixo,Ativo,08/06/2022
1711951-000,2022,TO,Lagoa do Tocantins,1711951,ABREE,PEV fixo,Ativo,24/10/2019
2801108-000,2022,SE,Canhoba,2801108,Green Eletron,PEV fixo,Ativo,12/01/2020
3525607-003,2022,SP,João Ramalho,3525607,ABREE,PEV fixo,Ativo,12/05/2020
1600402-000,2022,AP,Mazagao,1600402,ABREE,PEV fixo,Ativo,15/09/2019
3160702-000,2022,MG,Santos Dumont,3160702,ABREE,Campanha itinerante,Ativo,01/12/2019
3105707-000,2022,MG,Barra Longa,3105707,ABREE,PEV fixo,Ativo,06/06/2022
3550308-221,2022,SP,  São Paulo ,3550308,Sistema individual,PEV fixo,Ativo,11/01/2021
4106902-011,2022,PR,Curitiba,4106902,Green Eletron,PEV fixo,Ativo,08/10/2020
5208103-000,2022,GO,Formoso,5208103,Green Eletron,PEV fixo,Ativo,02/10/2020
3532900-022,2022,SP,Nova Europa,3532900,ABREE,PEV fixo,Ativo,08/10/2022
4322103-000,2022,RS,Tucunduva,4322103,Green Eletron,PEV fixo,Ativo,17/07/2022
1508209-007,2022,PA,Vigia,1508209,Green Eletron,Campanha itinerante,Ativo,27/12/2021
2612505-000,2022,PE,Santa Cruz do Capibaribe,2612505,ABREE,PEV fixo,Ativo,17/12/2019
2515609-001,2022,PB,Serra da Raiz,2515609,ABREE,PEV fixo,Ativo,27/08/2022
3302700-015,2022,RJ,Marica,3302700,Green Eletron,PEV fixo,Ativo,25/05/2022
2101939-002,2022,MA,Bernardo do Mearim,2101939,ABREE,Campanha itinerante,Ativo,27/01/2020
2304400-046,2022,CE,Fortaleza,2304400,Green Eletron,PEV fixo,Ativo,27/02/2020
2102150-000,2022,MA,Brejo de Areia,2102150,Green Eletron,PEV fixo,Ativo,07/01/2021
4310207-001,2022,RS,Ijuí,4310207,ABREE,PEV fixo,Ativo,26/04/2020
2610301-002,2022,PE,  Paranatama ,2610301,ABREE,PEV fixo,Ativo,21/02/2021
4302303-000,2022,RS,Bom Jesus,4302303,Green Eletron,Ponto de consolidação,Ativo,25/09/2020
4314902-003,2022,RS,Porto Alegre,4314902,Green Eletron,PEV fixo,Ativo,14/06/2020
3551306-007,2022,SP,Sebastianópolis do Sul,3551306,Green Eletron,PEV fixo,Ativo,28/03/2022
1302603-009,2022,AM,Manaus,1302603,ABREE,PEV fixo,Ativo,09/11/2022
2611606-035,2022,PE,Recife,2611606,Green Eletron,PEV fixo,Ativo,19/03/2021
3302403-014,2022,RJ,Macaé,3302403,ABREE,PEV fixo,Ativo,09/06/2022
3157377-000,2022,MG,Santa Cruz de Salinas,3157377,Green Eletron,PEV fixo,Ativo,09/04/2020
1505700-000,2022,PA,Ponta de Pedras,1505700,ABREE,PEV fixo,Ativo,18/08/2021
3550308-199,2022,SP,São Paulo,3550308,ABREE,PEV fixo,Ativo,02/06/2021
3171501-000,2022,MG,Mathias Lobato,3171501,Green Eletron,PEV fixo,Ativo,14/03/2020
3550308-139,2022,SP,Sao Paulo,3550308,ABREE,PEV fixo,Ativo,05/12/2020
3555109-003,2022,SP,  Tupi Paulista ,3555109,ABREE,PEV fixo,Ativo,26/05/2020
4314902-115,2022,RS,Porto Alegre,4314902,Green Eletron,PEV fixo,Ativo,07/09/2022
5005152-001,2022,MS,  Juti ,5005152,Green Eletron,PEV fixo,Ativo,10/11/2022
3106804-000,2022,MG,  Bias Fortes ,3106804,ABREE,PEV fixo,Ativo,16/12/2021
3550308-248,2022,SP,  São Paulo ,3550308,Green Eletron,PEV fixo,Ativo,18/12/2021
2304400-068,2022,CE,Fortaleza,2304400,ABREE,PEV fixo,Ativo,26/09/2021
5300108-003,2022,DF,  Brasília ,5300108,ABREE,PEV fixo,Ativo,12/08/2019
2611606-061,2022,PE,Recife,2611606,ABREE,PEV fixo,Ativo,25/02/2022
3508207-000,2022,SP,Buritizal,3508207,Green Eletron,PEV fixo,Ativo,04/03/2022
3503703-000,2022,SP,Ariranha,3503703,ABREE,PEV fixo,Ativo,14/06/2020
2514651-000,2022,PB,São José do Brejo do Cruz,2514651,ABREE,Campanha itinerante,Ativo,15/10/2019
2104628-000,2022,MA,Governador Luiz Rocha,2104628,Sistema individual,PEV fixo,Ativo,05/08/2021
3514502-000,2022,SP,Duartina,3514502,ABREE,PEV fixo,Ativo,17/06/2022
2414456-000,2022,RN,Triunfo Potiguar,2414456,ABREE,Ponto de consolidação,Ativo,01/04/2020
3532009-003,2022,SP,Morungaba,3532009,Green Eletron,PEV fixo,Ativo,07/03/2019
5205901-000,2022,GO,Corumbaíba,5205901,ABREE,Ponto de consolidação,Ativo,22/05/2020
3554656-000,2022,SP,Torre de Pedra,3554656,ABREE,PEV fixo,Ativo,11/08/2021
2111300-015,2022,MA,São Luís,2111300,ABREE,PEV fixo,Ativo,28/08/2019
2927408-126,2022,BA,Salvador,2927408,Green Eletron,PEV fixo,Ativo,17/06/2022
3510708-001,2022,SP,Cardoso,3510708,ABREE,PEV fixo,Ativo,21/09/2021
4106902-037,2022,PR,Curitiba,4106902,ABREE,PEV fixo,Ativo,15/08/2021
4102406-000,2022,PR,Bandeirantes,4102406,Green Eletron,PEV fixo,Ativo,20/05/2020
3304557-051,2022,RJ,Rio de Janeiro,3304557,ABREE,PEV fixo,Ativo,08/10/2020
4312203-000,2022,RS,Maximiliano de Almeida,4312203,Green Eletron,PEV fixo,Ativo,12/07/2019
3106200-173,2022,MG,Belo Horizonte,3106200,ABREE,PEV fixo,Ativo,24/08/2022
4314902-106,2022,RS,  Porto Alegre ,4314902,ABREE,PEV fixo,Ativo,06/03/2022
2300705-005,2022,CE,Alto Santo,2300705,Green Eletron,Ponto de consolidação,Ativo,16/07/2021
2203271-000,2022,PI,CURRAL NOVO DO PIAUÍ,2203271,Green Eletron,PEV fixo,Ativo,26/06/2021
4124400-001,2022,PR,Santo Antônio do Sudoeste,4124400,Sistema individual,Campanha itinerante,Ativo,04/01/2022
3550308-299,2022,SP,São Paulo,3550308,Green Eletron,Ponto de consolidação,Ativo,26/01/2022
4314902-000,2022,RS,PORTO ALEGRE,4314902,Green Eletron,PEV fixo,Ativo,06/03/2020
4314902-002,2022,RS,Porto Alegre,4314902,Green Eletron,PEV fixo,Ativo,12/02/2020
4119954-000,2022,PR,Pontal do Paraná,4119954,Green Eletron,PEV fixo,Ativo,08/07/2022
3533908-001,2022,SP,Olímpia,3533908,ABREE,PEV fixo,Ativo,14/06/2021
3550308-030,2022,SP,SÃO PAULO,3550308,ABREE,PEV fixo,Ativo,28/08/2019
3300100-003,2022,RJ,ANGRA DOS REIS,3300100,Sistema individual,PEV fixo,Ativo,14/10/2021
2927408-026,2022,BA,SALVADOR,2927408,Green Eletron,PEV fixo,Ativo,04/06/2019
3161007-000,2022,MG,São Domingos do Prata,3161007,Green Eletron,PEV fixo,Ativo,03/08/2019
2503605-000,2022,PB,Caiçara,2503605,Sistema individual,PEV fixo,Ativo,21/11/2020
4314159-000,2022,RS,Paverama,4314159,ABREE,PEV fixo,Ativo,23/11/2020
2111300-058,2022,MA,SÃO LUÍS,2111300,ABREE,PEV fixo,Ativo,22/05/2021
3304508-005,2022,RJ,Rio das Flores,3304508,ABREE,PEV fixo,Ativo,14/03/2020
3516309-000,2022,SP,Francisco Morato,3516309,ABREE,PEV fixo,Ativo,18/06/2019
4313060-000,2022,RS,Nova Hartz,4313060,Green Eletron,PEV fixo,Ativo,24/05/2020
3128709-000,2022,MG,  Guaxupé ,3128709,Green Eletron,PEV fixo,Ativo,03/12/2022
2605806-007,2022,PE,Frei Miguelinho,,ABREE,PEV fixo,Ativo,03/04/2022
2917508-000,2022,BA,JACOBINA,2917508,ABREE,PEV fixo,Ativo,18/05/2020
3100708-000,2022,MG,Água Comprida,3100708,Green Eletron,PEV fixo,Ativo,27/10/2022
2927408-065,2022,BA,SALVADOR,2927408,ABREE,PEV fixo,Ativo,08/02/2020
5002704-009,2022,MS,Campo Grande,5002704,Green Eletron,PEV fixo,Ativo,24/04/2022
4314902-074,2022,RS,Porto Alegre,4314902,Sistema individual,PEV fixo,Ativo,04/02/2021
1100205-006,2022,RO,Porto Velho,1100205,ABREE,PEV fixo,Ativo,16/02/2021
5206701-000,2022,GO,  Damianópolis ,5206701,Green Eletron,PEV fixo,Ativo,16/12/2020
3517000-000,2022,SP,Getulina,3517000,Green Eletron,PEV fixo,Ativo,21/06/2021
1500602-000,2022,PA,Altamira,1500602,Green Eletron,Campanha itinerante,Ativo,18/01/2021
4115804-000,2022,PR,Medianeira,4115804,Green Eletron,PEV fixo,Ativo,26/08/2021
3302908-002,2022,RJ,Miguel Pereira,3302908,ABREE,PEV fixo,Ativo,09/09/2020
4127601-000,2022,PR,TIJUCAS DO SUL,4127601,Green Eletron,PEV fixo,Ativo,19/02/2020
2412708-000,2022,RN,  São Pedro ,2412708,ABREE,PEV fixo,Ativo,26/10/2019
2512721-000,2022,PB,Pedro Régis,2512721,Green Eletron,PEV fixo,Ativo,27/08/2019
3106200-107,2022,MG,Belo Horizonte,3106200,ABREE,PEV fixo,Ativo,25/03/2021
1501402-011,2022,PA,Belem,1501402,Green Eletron,Ponto de consolidação,Ativo,03/08/2021
4211892-000,2022,SC,PAINEL,4211892,ABREE,PEV fixo,Ativo,27/11/2019
2932408-000,2022,BA,Uibai,2932408,Green Eletron,PEV fixo,Ativo,07/01/2021
5300108-041,2022,DF,Brasília,5300108,Green Eletron,PEV fixo,Ativo,17/01/2020
5209457-000,2022,GO,Guarinos,5209457,Green Eletron,PEV fixo,Ativo,08/11/2022
4207502-000,2022,SC,INDAIAL,4207502,ABREE,Campanha itinerante,Ativo,25/10/2020
4117297-000,2022,PR,NOVO ITACOLOMI,4117297,Green Eletron,PEV fixo,Ativo,10/05/2020
1705102-000,2022,TO,CHAPADA DA NATIVIDADE,1705102,ABREE,Campanha itinerante,Ativo,13/02/2019
2602704-000,2022,PE,Buenos Aires,2602704,ABREE,PEV fixo,Ativo,11/01/2021
3550308-016,2022,SP,São Paulo,3550308,ABREE,PEV fixo,Ativo,02/10/2019
3145901-000,2022,MG,  Ouro Branco ,3145901,Green Eletron,PEV fixo,Ativo,18/02/2021
2111300-076,2022,MA,São Luís,2111300,ABREE,PEV fixo,Ativo,06/06/2022
4205407-065,2022,SC,Florianópolis,4205407,ABREE,Campanha itinerante,Ativo,22/04/2022
5006408-000,2022,MS,Pedro Gomes,5006408,Green Eletron,PEV fixo,Ativo,17/07/2019
2803708-000,2022,SE,  Macambira ,2803708,ABREE,Ponto de consolidação,Ativo,06/11/2020
3525201-005,2022,SP,Jarinu,3525201,ABREE,PEV fixo,Ativo,24/07/2021
4314902-010,2022,RS,Porto Alegre,4314902,Green Eletron,PEV fixo,Ativo,26/12/2020
3532603-001,2022,SP,Nhandeara,3532603,ABREE,PEV fixo,Inativo,23/06/2021
5203559-000,2022,GO,Bonfinópolis,5203559,ABREE,Ponto de consolidação,Ativo,14/12/2021
2905503-004,2022,BA,Caldeirao Grande,2905503,Green Eletron,PEV fixo,Ativo,02/06/2022
3106200-070,2022,MG,Belo Horizonte,3106200,Green Eletron,Campanha itinerante,Ativo,03/03/2020
5300108-021,2022,DF,Brasília,5300108,ABREE,PEV fixo,Ativo,17/04/2019
3130408-002,2022,MG,IJACI,3130408,Green Eletron,PEV fixo,Ativo,22/07/2021
5215207-000,2022,GO,NOVO BRASIL,5215207,ABREE,Ponto de consolidação,Ativo,24/05/2019
2111300-088,2022,MA,São Luís,2111300,ABREE,Ponto de consolidação,Ativo,02/03/2022
3550308-305,2022,SP,SÃO PAULO,3550308,ABREE,PEV fixo,Ativo,28/04/2022
3546009-004,2022,SP,Santa Branca,3546009,Green Eletron,PEV fixo,Inativo,25/03/2021
2104206-000,2022,MA,Fortuna,2104206,ABREE,Ponto de consolidação,Ativo,28/02/2022
3304557-050,2022,RJ,Rio de Janeiro,3304557,Green Eletron,PEV fixo,Ativo,02/05/2020
2806800-000,2022,SE,São Domingos,2806800,Green Eletron,Ponto de consolidação,Ativo,14/07/2019
3106200-030,2022,MG,BELO HORIZONTE,3106200,Green Eletron,PEV fixo,Ativo,26/07/2020
3550308-204,2022,SP,São Paulo,3550308,ABREE,PEV fixo,Ativo,18/11/2021
3152907-000,2022,MG,PRATÁPOLIS,3152907,Green Eletron,PEV fixo,Inativo,15/11/2022
4312807-000,2022,RS,Nova Araçá,4312807,ABREE,Ponto de consolidação,Ativo,21/10/2020
3550308-231,2022,SP,São Paulo,3550308,ABREE,PEV fixo,Ativo,26/05/2021
3504701-000,2022,SP,BALBINOS,3504701,ABREE,PEV fixo,Ativo,06/04/2021
1505106-002,2022,PA,Óbidos,1505106,ABREE,PEV fixo,Ativo,12/06/2021
3106200-078,2022,MG,Belo Horizonte,3106200,ABREE,Ponto de consolidação,Ativo,02/05/2020
3538808-027,2022,SP,Piraju,3538808,ABREE,PEV fixo,Ativo,07/12/2022
3538808-018,2022,SP,Piraju,3538808,ABREE,PEV fixo,Ativo,26/05/2021
4119400-000,2022,PR,Piraí do Sul,4119400,ABREE,PEV fixo,Ativo,01/07/2019
2408102-007,2022,RN,Natal,2408102,Green Eletron,Ponto de consolidação,Ativo,27/04/2020
2506202-000,2022,PB,Frei Martinho,2506202,ABREE,Campanha itinerante,Inativo,08/09/2019
4102604-000,2022,PR,Barracao,4102604,ABREE,PEV fixo,Ativo,23/04/2022
1200054-000,2022,AC,Assis Brasil,,ABREE,PEV fixo,Ativo,18/01/2021
3304508-006,2022,RJ,Rio das Flores,3304508,ABREE,PEV fixo,Ativo,16/04/2021
5105150-000,2022,MT,Juína,5105150,Green Eletron,PEV fixo,Ativo,04/07/2021
2407203-000,2022,RN,MACAU,2407203,ABREE,PEV fixo,Ativo,26/01/2019
1721000-001,2022,TO,PALMAS,1721000,ABREE,PEV fixo,Ativo,21/07/2019
3550308-137,2022,SP,Sao Paulo,3550308,Green Eletron,Ponto de consolidação,Ativo,21/09/2020
5101803-000,2022,MT,Barra do Garças,5101803,Sistema individual,Ponto de consolidação,Inativo,05/09/2020
4314902-047,2022,RS,  Porto Alegre ,4314902,ABREE,PEV fixo,Ativo,09/07/2020
5221197-000,2022,GO,Terezopolis de Goias,5221197,ABREE,Ponto de consolidação,Ativo,18/12/2020
3551306-004,2022,SP,  Sebastianópolis do Sul ,3551306,Sistema individual,PEV fixo,Ativo,03/06/2021
3513009-006,2022,SP,COTIA,3513009,Green Eletron,Campanha itinerante,Ativo,23/02/2021
3103900-000,2022,MG,Araújos,3103900,ABREE,PEV fixo,Ativo,21/09/2019
3522000-000,2022,SP,Itaju,3522000,Green Eletron,PEV fixo,Ativo,07/01/2021
4106902-065,2022,PR,Curitiba,4106902,ABREE,PEV fixo,Ativo,16/11/2022
3106200-037,2022,MG,Belo Horizonte,3106200,ABREE,PEV fixo,Ativo,17/06/2020
3530409-000,2022,SP,Mirassolândia,3530409,ABREE,PEV fixo,Ativo,10/06/2022
4322541-000,2022,RS,VALE REAL,4322541,ABREE,PEV fixo,Ativo,18/11/2021
3118304-000,2022,MG,Conselheiro Lafaiete,3118304,Green Eletron,PEV fixo,Ativo,14/07/2019
3106200-111,2022,MG,Belo Horizonte,3106200,ABREE,PEV fixo,Inativo,11/12/2021
3512001-003,2022,SP,Colina,3512001,ABREE,Campanha itinerante,Ativo,27/07/2022
2927408-054,2022,BA,Salvador,2927408,Green Eletron,PEV fixo,Inativo,07/12/2020
2927408-091,2022,BA,  Salvador ,2927408,ABREE,PEV fixo,Ativo,08/01/2021
3301108-019,2022,RJ,Cantagalo,3301108,ABREE,PEV fixo,Ativo,23/05/2022
3550308-097,2022,SP,SÃO PAULO,3550308,ABREE,PEV fixo,Ativo,17/03/2019
3550308-278,2022,SP,SÃO PAULO,3550308,Green Eletron,Ponto de consolidação,Ativo,21/04/2022
3504503-000,2022,SP,  Avaré ,3504503,Green Eletron,PEV fixo,Ativo,25/08/2019
2611606-064,2022,PE,Recife,2611606,Green Eletron,Campanha itinerante,Ativo,02/05/2022
3205309-016,2022,ES,  Vitória ,3205309,ABREE,PEV fixo,Ativo,27/02/2022
4201307-000,2022,SC,Araquari,4201307,Green Eletron,PEV fixo,Ativo,22/06/2019
1501204-000,2022,PA,Baiao,1501204,ABREE,PEV fixo,Ativo,01/04/2019
2111300-042,2022,MA,SÃO LUÍS,2111300,Green Eletron,PEV fixo,Ativo,15/05/2020
4314902-063,2022,RS,Porto Alegre,4314902,Green Eletron,PEV fixo,Ativo,28/06/2021
5200134-000,2022,GO,  Acreúna ,5200134,Green Eletron,PEV fixo,Ativo,23/10/2019
3503703-006,2022,SP,ARIRANHA,3503703,Green Eletron,PEV fixo,Ativo,25/02/2022
3531407-000,2022,SP,Monte Aprazivel,3531407,ABREE,PEV fixo,Ativo,17/08/2020
2211001-006,2022,PI,TERESINA,2211001,Green Eletron,PEV fixo,Inativo,07/02/2019
3301405-008,2022,RJ,Conceição de Macabu,3301405,ABREE,PEV fixo,Ativo,15/01/2022
2927408-058,2022,BA,Salvador,2927408,Green Eletron,PEV fixo,Ativo,11/12/2020
4208500-000,2022,SC,ITUPORANGA,4208500,Green Eletron,Ponto de consolidação,Inativo,13/08/2021
3550308-175,2022,SP,São Paulo,3550308,ABREE,PEV fixo,Ativo,05/12/2020
1200401-003,2022,AC,Rio Branco,1200401,ABREE,PEV fixo,Ativo,23/12/2020
5300108-016,2022,DF,Brasília,5300108,Green Eletron,PEV fixo,Ativo,28/05/2019
2611606-053,2022,PE,  Recife ,2611606,ABREE,PEV fixo,Ativo,10/01/2022
4307302-000,2022,RS,Erval Seco,4307302,Green Eletron,PEV fixo,Ativo,11/12/2022
4106902-028,2022,PR,Curitiba,4106902,ABREE,Ponto de consolidação,Ativo,07/07/2020
2516409-000,2022,PB,Tacima,2516409,Green Eletron,PEV fixo,Ativo,23/09/2021
4314902-046,2022,RS,PORTO ALEGRE,4314902,Sistema individual,PEV fixo,Ativo,21/01/2020
3550308-168,2022,SP,São Paulo,3550308,Green Eletron,Ponto de consolidação,Ativo,05/12/2020
3549508-006,2022,SP,SÃO JOSÉ DA BELA VISTA,3549508,Green Eletron,PEV fixo,Ativo,24/10/2021
5106315-000,2022,MT,Novo Santo Antônio,5106315,ABREE,PEV fixo,Ativo,16/05/2022
2309904-001,2022,CE,Pacujá,2309904,ABREE,PEV fixo,Ativo,16/06/2019
1718865-000,2022,TO,Santa Fé do Araguaia,1718865,ABREE,Ponto de consolidação,Ativo,14/05/2019
3515004-000,2022,SP,Embu das Artes,3515004,Green Eletron,PEV fixo,Ativo,12/01/2021
3503703-005,2022,SP,ARIRANHA,3503703,ABREE,PEV fixo,Ativo,01/03/2022
3305406-001,2022,RJ,Sapucaia,3305406,Green Eletron,PEV fixo,Ativo,17/02/2019
3203106-000,2022,ES,Jerônimo Monteiro,3203106,ABREE,PEV fixo,Ativo,18/09/2022
3550308-061,2022,SP,Sao Paulo,3550308,Green Eletron,PEV fixo,Ativo,09/06/2019
2111300-023,2022,MA,SÃO LUÍS,2111300,Green Eletron,PEV fixo,Ativo,25/10/2019
2927408-034,2022,BA,Salvador,2927408,Sistema individual,PEV fixo,Ativo,14/05/2019
3550308-121,2022,SP,  São Paulo ,3550308,ABREE,PEV fixo,Ativo,14/03/2020
3553500-000,2022,SP,Tapiraí,3553500,Green Eletron,PEV fixo,Ativo,25/10/2020
2204550-000,2022,PI,Guaribas,2204550,Green Eletron,PEV fixo,Ativo,02/05/2021
2111300-084,2022,MA,São Luís,2111300,ABREE,PEV fixo,Ativo,02/07/2022
3300951-002,2022,RJ,Comendador Levy Gasparian,3300951,ABREE,Campanha itinerante,Ativo,10/04/2020
2924058-000,2022,BA,Pe de Serra,2924058,Green Eletron,PEV fixo,Ativo,17/05/2019
2927408-115,2022,BA,SALVADOR,2927408,Sistema individual,PEV fixo,Ativo,22/04/2022
3106200-162,2022,MG,Belo Horizonte,3106200,Sistema individual,PEV fixo,Ativo,18/06/2022
3551306-003,2022,SP,  Sebastianópolis do Sul ,3551306,Green Eletron,PEV fixo,Ativo,18/06/2020
4204350-000,2022,SC,Cordilheira Alta,4204350,Green Eletron,PEV fixo,Ativo,05/10/2022
3542602-002,2022,SP,Registro,3542602,ABREE,PEV fixo,Ativo,08/02/2020
2927408-123,2022,BA,Salvador,2927408,ABREE,PEV fixo,Ativo,25/08/2022
4103040-000,2022,PR,  Boa Ventura de São Roque ,4103040,ABREE,PEV fixo,Ativo,28/05/2019
4125803-000,2022,PR,SÃO PEDRO DO IVAÍ,4125803,ABREE,PEV fixo,Ativo,01/08/2022
3304557-059,2022,RJ,  Rio de Janeiro ,3304557,ABREE,PEV fixo,Ativo,01/03/2020
3106200-033,2022,MG,BELO HORIZONTE,3106200,ABREE,PEV fixo,Ativo,20/12/2020
3160207-005,2022,MG,Santo Antônio do Itambé,3160207,Green Eletron,Ponto de consolidação,Ativo,17/06/2020
3106200-178,2022,MG,Belo Horizonte,3106200,Green Eletron,PEV fixo,Ativo,19/12/2022
1721000-004,2022,TO,Palmas,1721000,ABREE,PEV fixo,Ativo,03/07/2020
2311207-000,2022,CE,Potengi,2311207,ABREE,PEV fixo,Ativo,26/07/2022
3304755-000,2022,RJ,SÃO FRANCISCO DE ITABAPOANA,3304755,Green Eletron,PEV fixo,Ativo,23/01/2021
1101484-000,2022,RO,SÃO FELIPE D'OESTE,1101484,ABREE,PEV fixo,Ativo,19/08/2019
5007109-000,2022,MS,Ribas do Rio Pardo,5007109,Green Eletron,PEV fixo,Ativo,15/03/2022
3304557-093,2022,RJ,RIO DE JANEIRO,3304557,Green Eletron,PEV fixo,Ativo,02/04/2021
4106902-000,2022,PR,Curitiba,4106902,ABREE,Campanha itinerante,Ativo,10/09/2020
3106200-115,2022,MG,Belo Horizonte,3106200,Green Eletron,PEV fixo,Ativo,04/04/2021
4311643-000,2022,RS,Linha Nova,4311643,ABREE,PEV fixo,Ativo,12/06/2019
4107702-000,2022,PR,Fênix,4107702,ABREE,PEV fixo,Ativo,13/04/2020
3546504-000,2022,SP,Santa Ernestina,3546504,Green Eletron,PEV fixo,Ativo,26/07/2021
3514908-000,2022,SP,Elias Fausto,3514908,ABREE,PEV fixo,Ativo,11/11/2021
3550308-161,2022,SP,SÃO PAULO,,Green Eletron,PEV fixo,Ativo,15/03/2020
3525508-000,2022,SP,  Joanópolis ,3525508,Green Eletron,PEV fixo,Ativo,10/05/2022
5300108-090,2022,DF,Brasilia,5300108,ABREE,PEV fixo,Ativo,02/04/2022
3106200-185,2022,MG,Belo Horizonte,3106200,Green Eletron,PEV fixo,Ativo,21/04/2022
2903235-002,2022,BA,Barro Alto,2903235,ABREE,PEV fixo,Ativo,26/03/2022
2104081-000,2022,MA,Fernando Falcao,2104081,Green Eletron,PEV fixo,Ativo,05/11/2019
5221700-000,2022,GO,URUANA,5221700,ABREE,PEV fixo,Ativo,22/12/2022
5209705-000,2022,GO,Hidrolândia,5209705,ABREE,PEV fixo,Ativo,22/11/2022
3522802-000,2022,SP,Itaporanga,3522802,ABREE,PEV fixo,Ativo,23/01/2022
2300705-008,2022,CE,Alto Santo,2300705,Green Eletron,PEV fixo,Ativo,07/10/2022
3529708-003,2022,SP,Miguelópolis,3529708,Green Eletron,PEV fixo,Ativo,19/06/2022
4300802-000,2022,RS,Antônio Prado,4300802,ABREE,PEV fixo,Ativo,17/08/2022
3550308-150,2022,SP,São Paulo,3550308,Sistema individual,Campanha itinerante,Ativo,18/05/2020
5221908-000,2022,GO,Varjão,5221908,ABREE,PEV fixo,Ativo,15/02/2021
3550308-040,2022,SP,São Paulo,3550308,Green Eletron,PEV fixo,Ativo,19/09/2019
5214705-000,2022,GO,Nova América,5214705,ABREE,PEV fixo,Ativo,15/12/2022
2611606-001,2022,PE,Recife,2611606,ABREE,PEV fixo,Ativo,23/06/2020
2709004-000,2022,AL,Tanque d'Arca,2709004,Sistema individual,PEV fixo,Ativo,15/01/2019
4121257-000,2022,PR,Ramilândia,4121257,ABREE,PEV fixo,Ativo,20/04/2019
2919009-000,2022,BA,Lajedinho,2919009,ABREE,Ponto de consolidação,Ativo,17/09/2019
4105102-000,2022,PR,Centenario do Sul,4105102,Green Eletron,PEV fixo,Ativo,11/06/2020
1507151-002,2022,PA,São Domingos do Araguaia,1507151,ABREE,Campanha itinerante,Ativo,03/12/2020
3106200-196,2022,MG,Belo Horizonte,3106200,ABREE,PEV fixo,Ativo,16/02/2022
4315958-000,2022,RS,Rolador,4315958,ABREE,PEV fixo,Ativo,27/03/2019
4314902-016,2022,RS,  Porto Alegre ,4314902,Sistema individual,PEV fixo,Ativo,23/02/2020
3505203-001,2022,SP,Bariri,3505203,ABREE,Ponto de consolidação,Ativo,08/01/2020
3538808-007,2022,SP,Piraju,3538808,ABREE,PEV fixo,Ativo,11/02/2019
4106209-000,2022,PR,  Contenda ,4106209,ABREE,PEV fixo,Ativo,19/02/2022
4317103-000,2022,RS,Sant'Ana do Livramento,4317103,Sistema individual,PEV fixo,Ativo,14/10/2020
3127388-000,2022,MG,Goianá,3127388,Green Eletron,PEV fixo,Ativo,27/08/2019
3106200-126,2022,MG,Belo Horizonte,3106200,Green Eletron,PEV fixo,Ativo,23/04/2021
2605202-000,2022,PE,ESCADA,2605202,ABREE,PEV fixo,Ativo,02/11/2019
3305752-007,2022,RJ,TANGUÁ,3305752,Green Eletron,PEV fixo,Ativo,25/12/2022
2927408-113,2022,BA,Salvador,2927408,ABREE,PEV fixo,Ativo,28/05/2022
3106200-165,2022,MG,  Belo Horizonte ,3106200,ABREE,PEV fixo,Ativo,03/08/2022
2207801-000,2022,PI,  Paulistana ,2207801,Green Eletron,PEV fixo,Ativo,16/10/2022
4305603-000,2022,RS,COLORADO,4305603,Green Eletron,PEV fixo,Ativo,09/04/2020
3101003-000,2022,MG,Águas Vermelhas,3101003,ABREE,PEV fixo,Ativo,13/08/2022
3550308-012,2022,SP,São Paulo,3550308,Green Eletron,PEV fixo,Ativo,12/11/2019
4314902-008,2022,RS,Porto Alegre,4314902,ABREE,PEV fixo,Ativo,16/07/2020
3550308-101,2022,SP,SÃO PAULO,3550308,Green Eletron,PEV fixo,Ativo,06/10/2019
2307007-000,2022,CE,Jaguaruana,2307007,ABREE,PEV fixo,Ativo,12/12/2019
3539509-002,2022,SP,PITANGUEIRAS,3539509,ABREE,Ponto de consolidação,Ativo,26/04/2021
3205101-000,2022,ES,VIANA,3205101,Green Eletron,PEV fixo,Ativo,15/05/2020
2103307-000,2022,MA,CODÓ,2103307,ABREE,PEV fixo,Ativo,16/02/2021
3547601-000,2022,SP,Santa Rosa de Viterbo,3547601,Green Eletron,PEV fixo,Ativo,20/09/2022
3511409-000,2022,SP,CERQUEIRA CÉSAR,3511409,Sistema individual,PEV fixo,Ativo,06/12/2020
3550308-038,2022,SP,São Paulo,3550308,ABREE,PEV fixo,Ativo,26/03/2019
4206652-000,2022,SC,Guatambu,4206652,ABREE,PEV fixo,Ativo,23/09/2020
5300108-025,2022,DF,  Brasília ,5300108,Green Eletron,PEV fixo,Ativo,27/04/2019
3146107-000,2022,MG,OURO PRETO,3146107,Green Eletron,PEV fixo,Ativo,10/05/2020
3522901-002,2022,SP,ITAPUÍ,3522901,Green Eletron,PEV fixo,Ativo,14/04/2022
3550308-232,2022,SP,São Paulo,3550308,Green Eletron,Ponto de consolidação,Ativo,26/07/2021
5300108-055,2022,DF,Brasília,5300108,Green Eletron,PEV fixo,Ativo,27/03/2021
2800308-004,2022,SE,ARACAJU,2800308,Green Eletron,Campanha itinerante,Ativo,24/10/2019
5300108-015,2022,DF,Brasília,5300108,ABREE,PEV fixo,Ativo,27/01/2019
4100459-000,2022,PR,Altamira do Paraná,4100459,Green Eletron,Ponto de consolidação,Ativo,06/01/2022
3547502-000,2022,SP,SANTA RITA DO PASSA QUATRO,3547502,ABREE,PEV fixo,Ativo,16/04/2019
3106200-075,2022,MG,Belo Horizonte,3106200,Sistema individual,Ponto de consolidação,Ativo,21/06/2020
1705508-000,2022,TO,COLINAS DO TOCANTINS,1705508,Green Eletron,PEV fixo,Ativo,11/10/2019
1500859-000,2022,PA,Anapu,1500859,Sistema individual,PEV fixo,Ativo,04/01/2020
3543006-005,2022,SP,Ribeirão Branco,3543006,ABREE,PEV fixo,Ativo,07/11/2022
4103370-000,2022,PR,Brasilandia do Sul,4103370,ABREE,PEV fixo,Ativo,08/04/2021
2300408-000,2022,CE,Aiuaba,2300408,ABREE,PEV fixo,Ativo,14/09/2020
3512100-001,2022,SP,Colômbia,3512100,Green Eletron,Campanha itinerante,Ativo,22/05/2021
2503001-000,2022,PB,  Caaporã ,2503001,ABREE,PEV fixo,Ativo,24/02/2022
5300108-023,2022,DF,BRASÍLIA,5300108,ABREE,PEV fixo,Ativo,11/01/2019
3532504-000,2022,SP,Neves Paulista,3532504,Green Eletron,PEV fixo,Ativo,11/05/2020
4128625-000,2022,PR,ALTO PARAÍSO,4128625,Green Eletron,PEV fixo,Ativo,17/03/2022
3518800-000,2022,SP,GUARULHOS,3518800,Sistema individual,PEV fixo,Ativo,27/03/2019
3304557-126,2022,RJ,RIO DE JANEIRO,3304557,ABREE,PEV fixo,Ativo,24/11/2022
5209200-000,2022,GO,Guapó,5209200,Sistema individual,PEV fixo,Ativo,01/03/2021
3500907-000,2022,SP,Altair,3500907,ABREE,PEV fixo,Ativo,13/06/2020
3550308-155,2022,SP,SÃO PAULO,3550308,ABREE,Campanha itinerante,Ativo,08/08/2020
3550308-311,2022,SP,SÃO PAULO,3550308,ABREE,PEV fixo,Ativo,01/08/2022
4301552-000,2022,RS,Áurea,4301552,Green Eletron,Campanha itinerante,Inativo,17/07/2021
2922805-000,2022,BA,  Nova Itarana ,2922805,Green Eletron,PEV fixo,Ativo,13/09/2019
2927408-067,2022,BA,SALVADOR,2927408,ABREE,Ponto de consolidação,Ativo,27/03/2020
3201159-000,2022,ES,BREJETUBA,3201159,ABREE,PEV fixo,Ativo,19/03/2022
2111300-037,2022,MA,São Luís,2111300,Green Eletron,PEV fixo,Ativo,05/08/2020
5215207-008,2022,GO,Novo Brasil,5215207,ABREE,Campanha itinerante,Ativo,18/06/2022
3513009-003,2022,SP,Cotia,3513009,Green Eletron,PEV fixo,Ativo,25/03/2019
2304400-055,2022,CE,Fortaleza,2304400,ABREE,PEV fixo,Ativo,15/07/2021
2600609-000,2022,PE,ALAGOINHA,2600609,ABREE,PEV fixo,Ativo,14/07/2021
3532900-013,2022,SP,Nova Europa,3532900,Sistema individual,Ponto de consolidação,Ativo,08/04/2021
4106902-057,2022,PR,Curitiba,4106902,ABREE,PEV fixo,Ativo,10/01/2022
3305406-003,2022,RJ,Sapucaia,3305406,ABREE,PEV fixo,Inativo,12/03/2021
2927101-000,2022,BA,Rodelas,2927101,Green Eletron,PEV fixo,Ativo,18/07/2020
2207751-000,2022,PI,Passagem Franca do Piaui,2207751,ABREE,PEV fixo,Ativo,15/03/2021
2208403-000,2022,PI,  Piripiri ,2208403,Green Eletron,PEV fixo,Ativo,13/10/2022
3130606-000,2022,MG,Inconfidentes,3130606,ABREE,PEV fixo,Ativo,01/03/2020
4127403-000,2022,PR,Terra Roxa,4127403,ABREE,PEV fixo,Ativo,28/10/2022
3304557-067,2022,RJ,Rio de Janeiro,3304557,ABREE,PEV fixo,Ativo,24/12/2020
3124609-000,2022,MG,Estrela Dalva,3124609,ABREE,PEV fixo,Ativo,05/06/2021
3304557-060,2022,RJ,RIO DE JANEIRO,3304557,ABREE,PEV fixo,Ativo,23/06/2020
3161106-000,2022,MG,SÃO FRANCISCO,3161106,ABREE,PEV fixo,Ativo,20/10/2021
4205175-000,2022,SC,Entre Rios,4205175,Green Eletron,Campanha itinerante,Ativo,22/11/2021
4314902-067,2022,RS,PORTO ALEGRE,4314902,Green Eletron,PEV fixo,Ativo,08/02/2021
4215653-000,2022,SC,Santa Rosa do Sul,4215653,ABREE,Ponto de consolidação,Ativo,12/12/2019
1200427-000,2022,AC,Rodrigues Alves,1200427,ABREE,PEV fixo,Ativo,11/05/2022
2919306-000,2022,BA,  Lençóis ,2919306,ABREE,PEV fixo,Ativo,23/01/2021
2304400-016,2022,CE,Fortaleza,2304400,Green Eletron,PEV fixo,Ativo,05/09/2019
3550308-014,2022,SP,São Paulo,3550308,Green Eletron,PEV fixo,Ativo,07/06/2019
3158904-000,2022,MG,SANTANA DO MANHUAÇU,3158904,Green Eletron,PEV fixo,Ativo,17/03/2019
3106200-049,2022,MG,BELO HORIZONTE,3106200,Green Eletron,PEV fixo,Ativo,26/03/2020
3300258-001,2022,RJ,Arraial do Cabo,3300258,Green Eletron,PEV fixo,Ativo,22/03/2020
2704500-000,2022,AL,Maragogi,2704500,Sistema individual,PEV fixo,Ativo,14/01/2019
1505700-003,2022,PA,Ponta de Pedras,1505700,ABREE,PEV fixo,Ativo,23/12/2022
4205407-072,2022,SC,Florianópolis,4205407,Green Eletron,PEV fixo,Ativo,10/04/2022
3553807-001,2022,SP,TAQUARITUBA,3553807,ABREE,PEV fixo,Ativo,07/03/2022
2106706-000,2022,MA,MIRADOR,2106706,ABREE,PEV fixo,Ativo,07/08/2022
3523503-000,2022,SP,Itatinga,3523503,Green Eletron,Ponto de consolidação,Ativo,28/05/2021
2111300-038,2022,MA,Sao Luis,2111300,Green Eletron,PEV fixo,Ativo,08/02/2020
3550308-091,2022,SP,São Paulo,3550308,Green Eletron,PEV fixo,Ativo,08/04/2019
3505203-004,2022,SP,Bariri,3505203,ABREE,PEV fixo,Ativo,20/02/2021
4102000-000,2022,PR,Assis Chateaubriand,4102000,ABREE,PEV fixo,Ativo,14/08/2022
3304557-152,2022,RJ,Rio de Janeiro,3304557,Green Eletron,PEV fixo,Ativo,25/02/2022
3304805-000,2022,RJ,São Fidélis,3304805,ABREE,PEV fixo,Ativo,09/12/2021
2920502-000,2022,BA,Maracás,2920502,Green Eletron,PEV fixo,Ativo,13/04/2020
2102374-000,2022,MA,Cachoeira Grande,2102374,ABREE,PEV fixo,Ativo,22/12/2019
1500305-000,2022,PA,Afua,1500305,Green Eletron,PEV fixo,Ativo,09/02/2019
1302603-007,2022,AM,Manaus,1302603,ABREE,PEV fixo,Ativo,10/08/2021
4314902-100,2022,RS,Porto Alegre,4314902,ABREE,PEV fixo,Ativo,28/06/2022
1501402-017,2022,PA,Belém,1501402,Green Eletron,PEV fixo,Ativo,15/07/2021
4106902-058,2022,PR,Curitiba,4106902,Green Eletron,PEV fixo,Ativo,04/02/2022
3550308-022,2022,SP,Sao Paulo,3550308,Green Eletron,PEV fixo,Ativo,13/12/2019
3526803-001,2022,SP,LENÇÓIS PAULISTA,3526803,ABREE,Ponto de consolidação,Ativo,13/02/2019
3200607-000,2022,ES,Aracruz,3200607,ABREE,Ponto de consolidação,Ativo,08/04/2021
3550308-154,2022,SP,São Paulo,3550308,Green Eletron,PEV fixo,Ativo,25/11/2020
1721000-011,2022,TO,Palmas,1721000,Sistema individual,PEV fixo,Ativo,16/03/2022
4126272-000,2022,PR,Saudade do Iguacu,4126272,Green Eletron,PEV fixo,Ativo,16/03/2021
2111300-020,2022,MA,São Luís,2111300,Green Eletron,Campanha itinerante,Ativo,08/11/2019
3522703-004,2022,SP,Itápolis,3522703,Green Eletron,PEV fixo,Ativo,13/12/2022
3304557-069,2022,RJ,Rio de Janeiro,3304557,ABREE,Campanha itinerante,Ativo,05/09/2021
3304151-000,2022,RJ,Quissamã,3304151,ABREE,PEV fixo,Ativo,08/07/2020
3536901-000,2022,SP,Pedranópolis,3536901,Green Eletron,Ponto de consolidação,Ativo,19/06/2020
3550308-019,2022,SP,São Paulo,3550308,ABREE,PEV fixo,Ativo,02/07/2019
3106200-007,2022,MG,BELO HORIZONTE,,Green Eletron,PEV fixo,Ativo,18/06/2020
2909208-000,2022,BA,CORONEL JOÃO SÁ,2909208,Green Eletron,Ponto de consolidação,Ativo,28/03/2019
2111300-069,2022,MA,SÃO LUÍS,2111300,ABREE,PEV fixo,Ativo,01/05/2021
1504208-005,2022,PA,Marabá,1504208,Green Eletron,Campanha itinerante,Ativo,26/12/2022
3139508-000,2022,MG,Manhumirim,3139508,ABREE,Ponto de consolidação,Ativo,13/02/2019
3117306-000,2022,MG,Conceição das Alagoas,3117306,ABREE,PEV fixo,Ativo,04/06/2020
3302403-002,2022,RJ,Macaé,3302403,Green Eletron,PEV fixo,Ativo,23/10/2019
5201454-000,2022,GO,Aparecida do Rio Doce,5201454,ABREE,PEV fixo,Ativo,22/09/2022
3304508-003,2022,RJ,Rio das Flores,3304508,ABREE,PEV fixo,Ativo,23/08/2020
4314902-023,2022,RS,Porto Alegre,4314902,ABREE,Campanha itinerante,Ativo,11/10/2020
3545803-001,2022,SP,Santa Bárbara d'Oeste,3545803,Green Eletron,PEV fixo,Ativo,16/03/2021
5218052-001,2022,GO,  Porteirão ,5218052,ABREE,PEV fixo,Ativo,07/01/2020
3556206-000,2022,SP,Valinhos,3556206,ABREE,PEV fixo,Ativo,06/02/2020
3146404-000,2022,MG,Paineiras,3146404,ABREE,PEV fixo,Ativo,26/01/2022
3300100-000,2022,RJ,Angra dos Reis,3300100,Green Eletron,PEV fixo,Ativo,13/10/2020
2904852-000,2022,BA,CABACEIRAS DO PARAGUAÇU,2904852,Green Eletron,PEV fixo,Ativo,23/08/2020
3544004-000,2022,SP,Rio das Pedras,3544004,Green Eletron,PEV fixo,Ativo,07/03/2020
2924678-000,2022,BA,Piraí do Norte,2924678,Green Eletron,Campanha itinerante,Ativo,11/11/2022
3304557-091,2022,RJ,RIO DE JANEIRO,3304557,Green Eletron,PEV fixo,Ativo,14/07/2021
3304557-076,2022,RJ,Rio de Janeiro,3304557,ABREE,PEV fixo,Ativo,12/02/2021
4321469-000,2022,RS,Tio Hugo,4321469,Green Eletron,PEV fixo,Ativo,19/08/2020
4124301-000,2022,PR,Santo Antonio do Paraiso,4124301,ABREE,PEV fixo,Ativo,07/01/2020
4217907-000,2022,SC,TANGARÁ,4217907,Green Eletron,PEV fixo,Ativo,06/10/2019
2515609-000,2022,PB,Serra da Raiz,2515609,ABREE,PEV fixo,Ativo,05/08/2022
3301405-010,2022,RJ,Conceição de Macabu,3301405,Sistema individual,PEV fixo,Ativo,22/11/2022
3522208-000,2022,SP,ITAPECERICA DA SERRA,3522208,ABREE,PEV fixo,Ativo,09/02/2020
1502707-000,2022,PA,Conceicao do Araguaia,1502707,ABREE,PEV fixo,Ativo,15/07/2019
3510708-000,2022,SP,Cardoso,3510708,ABREE,PEV fixo,Ativo,04/01/2021
2414209-000,2022,RN,TIBAU DO SUL,2414209,ABREE,PEV fixo,Ativo,23/08/2022
4314902-084,2022,RS,PORTO ALEGRE,4314902,Green Eletron,PEV fixo,Ativo,07/07/2021
5002902-000,2022,MS,CASSILÂNDIA,5002902,Green Eletron,PEV fixo,Ativo,08/07/2022
5300108-002,2022,DF,Brasília,5300108,Green Eletron,PEV fixo,Ativo,14/07/2019
2408102-005,2022,RN,Natal,2408102,Green Eletron,PEV fixo,Ativo,17/10/2020
5300108-036,2022,DF,Brasília,5300108,ABREE,PEV fixo,Ativo,09/09/2020
2107803-000,2022,MA,Parnarama,2107803,Green Eletron,PEV fixo,Ativo,18/02/2021
2509107-000,2022,PB,Mari,2509107,ABREE,Campanha itinerante,Ativo,28/06/2020
2703304-000,2022,AL,  Inhapi ,2703304,ABREE,PEV fixo,Ativo,06/08/2022
2605707-000,2022,PE,Floresta,2605707,ABREE,Campanha itinerante,Ativo,17/12/2021
2610905-000,2022,PE,Pesqueira,2610905,ABREE,PEV fixo,Ativo,01/10/2022
3106200-020,2022,MG,Belo Horizonte,3106200,ABREE,PEV fixo,Ativo,15/11/2020
2927408-029,2022,BA,Salvador,2927408,ABREE,PEV fixo,Ativo,03/10/2019
3526803-006,2022,SP,Lençóis Paulista,3526803,Green Eletron,PEV fixo,Ativo,10/08/2022
5300108-070,2022,DF,Brasília,5300108,Green Eletron,PEV fixo,Ativo,09/12/2021
3305752-002,2022,RJ,Tanguá,3305752,Sistema individual,PEV fixo,Ativo,04/03/2020
2211605-000,2022,PI,VILA NOVA DO PIAUÍ,2211605,Green Eletron,Campanha itinerante,Ativo,16/09/2020
3550308-304,2022,SP,São Paulo,3550308,ABREE,PEV fixo,Ativo,16/10/2022
2927408-114,2022,BA,Salvador,2927408,ABREE,Ponto de consolidação,Ativo,16/06/2022
3520707-000,2022,SP,INDIAPORÃ,3520707,ABREE,PEV fixo,Ativo,14/08/2022
4124707-000,2022,PR,Sao Jeronimo da Serra,4124707,Green Eletron,PEV fixo,Ativo,03/07/2020
2908200-000,2022,BA,Conceicao da Feira,2908200,Green Eletron,Ponto de consolidação,Inativo,16/08/2020
2203420-000,2022,PI,DOMINGOS MOURÃO,2203420,ABREE,Ponto de consolidação,Ativo,04/03/2020
5102702-000,2022,MT,Canarana,5102702,ABREE,PEV fixo,Ativo,06/04/2022
5208707-015,2022,GO,Goiânia,5208707,ABREE,PEV fixo,Ativo,26/08/2021
4124806-000,2022,PR,São João,4124806,ABREE,PEV fixo,Ativo,26/10/2019
2928901-000,2022,BA,São Desidério,2928901,ABREE,PEV fixo,Ativo,12/05/2020
3106200-017,2022,MG,Belo Horizonte,3106200,ABREE,PEV fixo,Ativo,20/09/2020
5207352-000,2022,GO,  Edealina ,5207352,Green Eletron,PEV fixo,Ativo,17/11/2021
4314902-111,2022,RS,PORTO ALEGRE,4314902,Green Eletron,PEV fixo,Ativo,15/07/2022
3522703-002,2022,SP,Itápolis,3522703,Sistema individual,Ponto de consolidação,Ativo,26/09/2021
4305306-000,2022,RS,Chapada,4305306,Sistema individual,PEV fixo,Ativo,24/08/2020
3550308-003,2022,SP,São Paulo,3550308,ABREE,PEV fixo,Ativo,16/01/2019
3106200-082,2022,MG,BELO HORIZONTE,3106200,Green Eletron,Ponto de consolidação,Ativo,25/04/2020
3136959-000,2022,MG,JUVENÍLIA,3136959,Green Eletron,Campanha itinerante,Ativo,28/11/2021
3510302-000,2022,SP,CAPELA DO ALTO,3510302,ABREE,PEV fixo,Ativo,05/12/2021
5300108-020,2022,DF,Brasília,5300108,ABREE,PEV fixo,Ativo,26/09/2019
4205407-006,2022,SC,Florianópolis,4205407,Green Eletron,PEV fixo,Ativo,24/04/2019
4212700-000,2022,SC,Petrolândia,4212700,Green Eletron,PEV fixo,Ativo,19/08/2020
2921906-000,2022,BA,Mucugê,2921906,ABREE,PEV fixo,Ativo,05/06/2021
3521903-001,2022,SP,Itajobi,3521903,Green Eletron,PEV fixo,Ativo,17/12/2022
1400100-001,2022,RR,Boa Vista,1400100,Green Eletron,PEV fixo,Ativo,18/09/2022
5106505-000,2022,MT,POCONÉ,5106505,ABREE,Ponto de consolidação,Ativo,16/02/2020
4313037-000,2022,RS,Nova Esperança do Sul,4313037,Green Eletron,PEV fixo,Inativo,19/06/2022
3550308-130,2022,SP,Sao Paulo,3550308,Green Eletron,PEV fixo,Ativo,10/03/2020
3538808-015,2022,SP,Piraju,3538808,Sistema individual,Campanha itinerante,Ativo,20/11/2020
1101559-000,2022,RO,Teixeirópolis,1101559,ABREE,Ponto de consolidação,Ativo,26/06/2021
1713700-000,2022,TO,Monte Santo do Tocantins,1713700,Green Eletron,PEV fixo,Ativo,20/05/2020
2111300-030,2022,MA,SÃO LUÍS,2111300,Green Eletron,PEV fixo,Ativo,16/04/2019
2927408-014,2022,BA,  Salvador ,2927408,Green Eletron,PEV fixo,Ativo,13/08/2019
2205003-000,2022,PI,ITAINÓPOLIS,2205003,ABREE,PEV fixo,Ativo,14/05/2021
2506509-000,2022,PB,Gurjao,2506509,ABREE,PEV fixo,Ativo,11/06/2021
2111300-092,2022,MA,São Luís,2111300,Sistema individual,Ponto de consolidação,Ativo,10/04/2022
3304557-139,2022,RJ,RIO DE JANEIRO,3304557,ABREE,PEV fixo,Ativo,25/04/2022
4308706-000,2022,RS,Gaurama,4308706,ABREE,PEV fixo,Ativo,02/02/2022
1505106-000,2022,PA,ÓBIDOS,1505106,ABREE,PEV fixo,Ativo,15/01/2020
3505500-000,2022,SP,  Barretos ,3505500,Green Eletron,PEV fixo,Ativo,08/07/2022
4314902-069,2022,RS,Porto Alegre,4314902,Sistema individual,Ponto de consolidação,Ativo,12/12/2021
2403806-000,2022,RN,Florânia,2403806,Green Eletron,Ponto de consolidação,Ativo,13/01/2021
3549300-000,2022,SP,SÃO JOÃO DO PAU D'ALHO,3549300,Sistema individual,PEV fixo,Ativo,03/03/2021
3304557-045,2022,RJ,Rio de Janeiro,3304557,Sistema individual,PEV fixo,Ativo,10/05/2020
3538808-026,2022,SP,Piraju,3538808,ABREE,PEV fixo,Ativo,05/02/2022
3118403-000,2022,MG,Conselheiro Pena,3118403,ABREE,Campanha itinerante,Ativo,16/05/2020
3513405-000,2022,SP,Cruzeiro,3513405,Green Eletron,PEV fixo,Ativo,21/08/2021
3114006-000,2022,MG,Carmo da Mata,3114006,Green Eletron,PEV fixo,Ativo,05/08/2019
4310207-003,2022,RS,Ijuí,4310207,Green Eletron,PEV fixo,Ativo,06/02/2020
2303931-000,2022,CE,CHORÓ,2303931,ABREE,PEV fixo,Ativo,28/07/2022
1302801-000,2022,AM,Maraã,1302801,ABREE,PEV fixo,Ativo,24/12/2020
3106200-081,2022,MG,Belo Horizonte,3106200,ABREE,PEV fixo,Ativo,11/04/2020
2211001-019,2022,PI,Teresina,2211001,ABREE,PEV fixo,Ativo,04/06/2022
2211001-009,2022,PI,Teresina,2211001,Green Eletron,PEV fixo,Ativo,10/03/2020
4218905-000,2022,SC,Urubici,4218905,ABREE,PEV fixo,Ativo,23/06/2020
1501402-007,2022,PA,Belém,1501402,ABREE,PEV fixo,Ativo,27/08/2020
3130408-000,2022,MG,IJACI,3130408,ABREE,Ponto de consolidação,Ativo,13/11/2020
3550308-124,2022,SP,SÃO PAULO,3550308,ABREE,PEV fixo,Ativo,14/08/2020
5218052-002,2022,GO,Porteirão,5218052,Green Eletron,PEV fixo,Ativo,01/09/2021
2310308-000,2022,CE,PARAMBU,2310308,Green Eletron,PEV fixo,Ativo,11/07/2020
4211876-001,2022,SC,Paial,4211876,Green Eletron,PEV fixo,Ativo,05/07/2021
3550308-270,2022,SP,  São Paulo ,3550308,Sistema individual,PEV fixo,Ativo,25/04/2022
3515194-000,2022,SP,  Espírito Santo do Turvo ,3515194,ABREE,PEV fixo,Ativo,07/02/2019
3550308-158,2022,SP,São Paulo,3550308,Green Eletron,PEV fixo,Ativo,17/02/2020
3106200-000,2022,MG,Belo Horizonte,3106200,Green Eletron,PEV fixo,Ativo,06/06/2020
1508001-000,2022,PA,Tomé-Açu,1508001,Green Eletron,PEV fixo,Ativo,25/01/2022
3550308-206,2022,SP,São Paulo,3550308,ABREE,PEV fixo,Ativo,13/09/2021
5200605-000,2022,GO,  Alto Paraíso de Goiás ,5200605,Green Eletron,Campanha itinerante,Ativo,26/06/2020
4314902-119,2022,RS,Porto Alegre,4314902,ABREE,PEV fixo,Ativo,20/11/2022
3147907-000,2022,MG,PASSOS,3147907,Sistema individual,PEV fixo,Ativo,25/11/2020
3550308-084,2022,SP,São Paulo,3550308,Green Eletron,PEV fixo,Ativo,28/08/2019
4109104-000,2022,PR,Guaporema,4109104,Green Eletron,Campanha itinerante,Ativo,18/09/2021
3205150-000,2022,ES,VILA PAVÃO,3205150,ABREE,PEV fixo,Ativo,25/05/2020
3550308-068,2022,SP,SÃO PAULO,3550308,Green Eletron,PEV fixo,Ativo,26/01/2019
3515806-000,2022,SP,FLORA RICA,3515806,ABREE,PEV fixo,Ativo,14/10/2021
2504009-000,2022,PB,Campina Grande,2504009,Green Eletron,PEV fixo,Ativo,06/12/2022
3505203-005,2022,SP,Bariri,3505203,ABREE,Campanha itinerante,Ativo,02/09/2021
1302603-008,2022,AM,  Manaus ,1302603,ABREE,PEV fixo,Ativo,20/09/2021
2111300-019,2022,MA,São Luís,,ABREE,PEV fixo,Ativo,08/03/2019
2300705-000,2022,CE,Alto Santo,2300705,ABREE,PEV fixo,Inativo,05/02/2020
2210003-000,2022,PI,SÃO JOÃO DO PIAUÍ,2210003,Green Eletron,PEV fixo,Ativo,27/06/2021
1504208-004,2022,PA,  Marabá ,1504208,ABREE,PEV fixo,Ativo,25/08/2021
3550308-282,2022,SP,São Paulo,3550308,Green Eletron,PEV fixo,Ativo,19/12/2022
2209658-000,2022,PI,São Francisco de Assis do Piauí,2209658,ABREE,PEV fixo,Ativo,07/02/2020
5207535-000,2022,GO,FAINA,5207535,Green Eletron,PEV fixo,Ativo,27/01/2022
3528700-000,2022,SP,MARABÁ PAULISTA,3528700,ABREE,PEV fixo,Ativo,07/08/2019
3536570-000,2022,SP,Paulistânia,3536570,Sistema individual,Ponto de consolidação,Ativo,28/01/2022
5217104-000,2022,GO,Piracanjuba,5217104,Green Eletron,PEV fixo,Ativo,27/02/2021
3527801-000,2022,SP,Lupércio,3527801,Sistema individual,Campanha itinerante,Ativo,14/05/2019
2111300-026,2022,MA,São Luís,2111300,Green Eletron,PEV fixo,Ativo,22/05/2019
1503093-000,2022,PA,Goianesia do Para,1503093,Green Eletron,Ponto de consolidação,Ativo,22/12/2020
4318408-000,2022,RS,São Jerônimo,4318408,ABREE,PEV fixo,Ativo,04/12/2021
3304557-006,2022,RJ,  Rio de Janeiro ,3304557,ABREE,PEV fixo,Ativo,12/03/2020
5208707-021,2022,GO,Goiânia,5208707,ABREE,PEV fixo,Ativo,16/08/2022
3205309-011,2022,ES,  Vitória ,3205309,ABREE,PEV fixo,Ativo,23/08/2021
2304400-051,2022,CE,Fortaleza,2304400,Green Eletron,PEV fixo,Ativo,06/09/2021
5222302-000,2022,GO,Vila Propício,5222302,ABREE,PEV fixo,Ativo,28/11/2019
2921708-001,2022,BA,Morro do Chapeu,2921708,Green Eletron,PEV fixo,Ativo,02/07/2021
3550308-057,2022,SP,Sao Paulo,3550308,ABREE,PEV fixo,Ativo,24/06/2019
2932903-000,2022,BA,VALENÇA,2932903,Green Eletron,PEV fixo,Ativo,23/09/2020
2919504-000,2022,BA,Livramento de Nossa Senhora,2919504,Green Eletron,PEV fixo,Ativo,10/01/2019
2311009-000,2022,CE,Poranga,2311009,Green Eletron,PEV fixo,Ativo,24/04/2021
2101731-000,2022,MA,Belágua,2101731,ABREE,PEV fixo,Ativo,19/03/2020
2611606-070,2022,PE,Recife,2611606,ABREE,PEV fixo,Ativo,05/10/2022
5201504-000,2022,GO,Aporé,5201504,Sistema individual,PEV fixo,Ativo,15/03/2022
1506906-000,2022,PA,Santarém Novo,1506906,ABREE,PEV fixo,Ativo,17/04/2020
2703601-000,2022,AL,  Japaratinga ,2703601,ABREE,PEV fixo,Ativo,18/08/2021
5300108-072,2022,DF,Brasília,5300108,Green Eletron,PEV fixo,Ativo,20/01/2021
3550308-065,2022,SP,SÃO PAULO,3550308,ABREE,PEV fixo,Ativo,15/12/2019
3525201-008,2022,SP,Jarinu,3525201,Green Eletron,PEV fixo,Ativo,04/03/2022
3550308-111,2022,SP,Sao Paulo,3550308,ABREE,PEV fixo,Ativo,17/08/2020
3555109-008,2022,SP,Tupi Paulista,3555109,ABREE,PEV fixo,Ativo,08/10/2021
4200408-000,2022,SC,Água Doce,4200408,Green Eletron,Campanha itinerante,Ativo,02/06/2020
2616183-005,2022,PE,Vertente do Lério,2616183,Green Eletron,PEV fixo,Ativo,05/05/2020
2211001-010,2022,PI,TERESINA,2211001,ABREE,PEV fixo,Ativo,22/08/2020
3304508-010,2022,RJ,RIO DAS FLORES,3304508,ABREE,PEV fixo,Ativo,08/03/2022
3550308-276,2022,SP,São Paulo,3550308,Green Eletron,PEV fixo,Ativo,05/12/2022
3106200-105,2022,MG,  Belo Horizonte ,3106200,Green Eletron,Ponto de consolidação,Ativo,01/08/2021
3550308-122,2022,SP,SÃO PAULO,3550308,Green Eletron,PEV fixo,Ativo,08/02/2020
3513702-000,2022,SP,Descalvado,3513702,Green Eletron,PEV fixo,Ativo,12/12/2021
2610103-002,2022,PE,Palmeirina,2610103,ABREE,PEV fixo,Ativo,07/05/2022
3550308-103,2022,SP,Sao Paulo,3550308,Green Eletron,PEV fixo,Ativo,23/10/2019
3550308-213,2022,SP,Sao Paulo,3550308,Green Eletron,PEV fixo,Ativo,13/12/2021
3304557-082,2022,RJ,Rio de Janeiro,3304557,Sistema individual,Campanha itinerante,Ativo,14/04/2021
3304508-000,2022,RJ,Rio das Flores,3304508,Green Eletron,PEV fixo,Ativo,19/11/2020
3106200-004,2022,MG,Belo Horizonte,3106200,Green Eletron,PEV fixo,Ativo,22/05/2020
3129608-000,2022,MG,Ibiaí,3129608,Green Eletron,Ponto de consolidação,Ativo,19/07/2020
2607653-000,2022,PE,Itambe,2607653,Green Eletron,PEV fixo,Ativo,08/03/2019
2304400-001,2022,CE,Fortaleza,2304400,Green Eletron,PEV fixo,Ativo,16/09/2019
3300902-003,2022,RJ,CAMBUCI,3300902,Green Eletron,PEV fixo,Ativo,14/08/2021
3106200-159,2022,MG,Belo Horizonte,3106200,ABREE,PEV fixo,Ativo,13/09/2022
3163201-000,2022,MG,  São José do Alegre ,3163201,Green Eletron,PEV fixo,Ativo,02/09/2021
4106902-032,2022,PR,  Curitiba ,4106902,ABREE,PEV fixo,Ativo,11/10/2021
4205407-062,2022,SC,Florianopolis,4205407,Green Eletron,PEV fixo,Ativo,14/11/2022
3165305-000,2022,MG,São Vicente de Minas,3165305,Green Eletron,PEV fixo,Ativo,01/12/2021
2927408-077,2022,BA,SALVADOR,2927408,Green Eletron,PEV fixo,Ativo,06/10/2021
2602902-005,2022,PE,CABO DE SANTO AGOSTINHO,2602902,Green Eletron,PEV fixo,Ativo,06/12/2021
2913002-000,2022,BA,Ibitiara,2913002,ABREE,PEV fixo,Ativo,07/01/2021
3106200-016,2022,MG,Belo Horizonte,3106200,Green Eletron,Ponto de consolidação,Ativo,02/10/2020
2210052-000,2022,PI,  São José do Divino ,2210052,ABREE,PEV fixo,Ativo,08/09/2019
3302700-011,2022,RJ,MARICÁ,3302700,Green Eletron,PEV fixo,Ativo,22/05/2021
1501402-003,2022,PA,Belém,1501402,Green Eletron,PEV fixo,Ativo,04/08/2020
3120607-000,2022,MG,Crucilandia,3120607,Sistema individual,Campanha itinerante,Ativo,09/02/2020
4217956-000,2022,SC,Tigrinhos,4217956,ABREE,PEV fixo,Ativo,14/03/2019
3522703-000,2022,SP,Itápolis,3522703,ABREE,PEV fixo,Ativo,25/07/2020
2927408-073,2022,BA,SALVADOR,2927408,Green Eletron,PEV fixo,Ativo,05/04/2021
1710706-000,2022,TO,Itaguatins,1710706,ABREE,PEV fixo,Ativo,05/12/2021
2933307-001,2022,BA,Vitória da Conquista,2933307,ABREE,PEV fixo,Ativo,05/05/2022
3549706-001,2022,SP,São José do Rio Pardo,3549706,ABREE,Ponto de consolidação,Ativo,14/02/2021
2304400-090,2022,CE,FORTALEZA,2304400,ABREE,PEV fixo,Ativo,17/09/2022
3515103-000,2022,SP,EMBU-GUAÇU,3515103,ABREE,PEV fixo,Ativo,12/04/2021
2507507-004,2022,PB,JOÃO PESSOA,2507507,Green Eletron,PEV fixo,Ativo,09/09/2019
4310207-000,2022,RS,IJUÍ,4310207,Green Eletron,PEV fixo,Ativo,24/06/2020
3549003-000,2022,SP,SÃO FRANCISCO,3549003,Green Eletron,PEV fixo,Ativo,03/08/2020
2405801-000,2022,RN,João Câmara,2405801,Green Eletron,Ponto de consolidação,Ativo,09/09/2020
3503802-000,2022,SP,ARTUR NOGUEIRA,3503802,ABREE,PEV fixo,Inativo,22/02/2019
5208707-020,2022,GO,Goiânia,5208707,Sistema individual,PEV fixo,Ativo,18/08/2022
3127909-000,2022,MG,Grupiara,3127909,ABREE,Campanha itinerante,Ativo,18/03/2019
4319125-000,2022,RS,São Martinho da Serra,4319125,ABREE,PEV fixo,Ativo,16/05/2019
3526407-000,2022,SP,Laranjal Paulista,3526407,ABREE,PEV fixo,Ativo,28/03/2020
3106200-166,2022,MG,Belo Horizonte,3106200,Green Eletron,PEV fixo,Ativo,18/01/2022
2406205-000,2022,RN,Lagoa d'Anta,2406205,ABREE,PEV fixo,Ativo,01/08/2021
3507753-000,2022,SP,Brejo Alegre,3507753,ABREE,PEV fixo,Ativo,09/02/2022
2905305-000,2022,BA,Cafarnaum,2905305,ABREE,PEV fixo,Ativo,11/01/2019
2504207-000,2022,PB,Catingueira,2504207,Green Eletron,Campanha itinerante,Ativo,28/10/2020
4115200-000,2022,PR,Maringá,4115200,ABREE,PEV fixo,Ativo,11/10/2021
3550308-129,2022,SP,São Paulo,3550308,ABREE,PEV fixo,Ativo,06/10/2020
4314902-073,2022,RS,Porto Alegre,4314902,Green Eletron,PEV fixo,Ativo,17/03/2021
3305752-006,2022,RJ,Tanguá,3305752,ABREE,PEV fixo,Ativo,23/04/2022
2304400-085,2022,CE,FORTALEZA,2304400,ABREE,PEV fixo,Ativo,12/09/2022
5103403-004,2022,MT,Cuiabá,5103403,ABREE,PEV fixo,Ativo,28/12/2020
3550308-083,2022,SP,São Paulo,3550308,Green Eletron,Ponto de consolidação,Ativo,01/11/2019
2309904-000,2022,CE,Pacujá,2309904,Green Eletron,Ponto de consolidação,Ativo,21/01/2019
3167103-000,2022,MG,Serro,3167103,Sistema individual,PEV fixo,Ativo,06/02/2019
3550308-250,2022,SP,São Paulo,3550308,ABREE,Campanha itinerante,Inativo,05/12/2021
2111300-009,2022,MA,São Luís,2111300,ABREE,PEV fixo,Ativo,25/06/2019
2927408-071,2022,BA,Salvador,2927408,ABREE,Ponto de consolidação,Ativo,27/10/2020
3155900-001,2022,MG,Rio Preto,3155900,Green Eletron,PEV fixo,Ativo,26/11/2022
1501402-009,2022,PA,Belém,1501402,ABREE,Ponto de consolidação,Ativo,19/10/2020
3550308-031,2022,SP,São Paulo,3550308,ABREE,PEV fixo,Ativo,15/05/2019
2927408-072,2022,BA,Salvador,2927408,Green Eletron,PEV fixo,Ativo,22/06/2020
2301109-000,2022,CE,Aracati,2301109,Green Eletron,PEV fixo,Ativo,12/08/2020
4205407-041,2022,SC,Florianópolis,4205407,Green Eletron,PEV fixo,Ativo,12/02/2020
5100805-000,2022,MT,APIACÁS,5100805,Green Eletron,PEV fixo,Ativo,11/10/2021
4314902-048,2022,RS,Porto Alegre,4314902,Green Eletron,Ponto de consolidação,Ativo,07/03/2020
2800308-007,2022,SE,Aracaju,2800308,ABREE,Campanha itinerante,Ativo,15/09/2019
4319737-000,2022,RS,São Valério do Sul,4319737,ABREE,PEV fixo,Ativo,11/09/2021
3538808-029,2022,SP,Piraju,3538808,Green Eletron,PEV fixo,Ativo,26/06/2022
5300108-000,2022,DF,  Brasília ,5300108,ABREE,PEV fixo,Ativo,16/04/2019
5219902-000,2022,GO,SÃO FRANCISCO DE GOIÁS,5219902,Sistema individual,PEV fixo,Ativo,19/06/2019
2312700-000,2022,CE,Senador Pompeu,2312700,ABREE,PEV fixo,Ativo,18/06/2019
3106200-182,2022,MG,BELO HORIZONTE,3106200,ABREE,PEV fixo,Ativo,01/05/2022
4314902-026,2022,RS,PORTO ALEGRE,4314902,ABREE,PEV fixo,Ativo,15/08/2020
4205407-043,2022,SC,FLORIANÓPOLIS,4205407,Green Eletron,PEV fixo,Ativo,14/09/2020
2210508-000,2022,PI,Sao Pedro do Piaui,2210508,Green Eletron,PEV fixo,Ativo,28/03/2021
3522406-000,2022,SP,  Itapeva ,3522406,ABREE,PEV fixo,Ativo,05/02/2019
2611606-036,2022,PE,Recife,2611606,ABREE,PEV fixo,Ativo,03/01/2021
3106200-018,2022,MG,BELO HORIZONTE,3106200,ABREE,PEV fixo,Ativo,16/08/2020
4314902-039,2022,RS,Porto Alegre,4314902,Green Eletron,PEV fixo,Ativo,23/02/2020
4216354-000,2022,SC,Sao Joao do Itaperiu,4216354,ABREE,PEV fixo,Ativo,25/03/2021
2914901-001,2022,BA,Itacaré,2914901,ABREE,Ponto de consolidação,Ativo,28/10/2022
1501204-002,2022,PA,Baiao,1501204,Green Eletron,PEV fixo,Ativo,06/07/2019
3541901-000,2022,SP,Queluz,3541901,ABREE,PEV fixo,Ativo,28/02/2020
3550308-195,2022,SP,São Paulo,3550308,Sistema individual,PEV fixo,Ativo,19/09/2021
1502806-000,2022,PA,Curralinho,1502806,ABREE,PEV fixo,Ativo,26/12/2022
3532306-008,2022,SP,NATIVIDADE DA SERRA,3532306,ABREE,PEV fixo,Ativo,16/05/2022
5208707-006,2022,GO,Goiânia,5208707,Green Eletron,PEV fixo,Ativo,01/05/2019
2514107-000,2022,PB,Sao Joao do Tigre,2514107,Green Eletron,PEV fixo,Ativo,02/04/2022
3532900-020,2022,SP,NOVA EUROPA,3532900,Green Eletron,PEV fixo,Ativo,01/05/2022
2300606-001,2022,CE,  Altaneira ,2300606,ABREE,PEV fixo,Ativo,25/01/2021
4302659-000,2022,RS,Brochier,4302659,Green Eletron,PEV fixo,Ativo,26/09/2019
2111300-010,2022,MA,São Luís,2111300,ABREE,PEV fixo,Ativo,16/05/2019
2202851-000,2022,PI,  Coronel José Dias ,2202851,ABREE,PEV fixo,Ativo,14/04/2019
3303005-001,2022,RJ,Miracema,3303005,ABREE,PEV fixo,Ativo,13/11/2022
4306551-000,2022,RS,Dom Pedro de Alcântara,4306551,Green Eletron,PEV fixo,Ativo,19/10/2021
4205407-017,2022,SC,Florianopolis,4205407,Green Eletron,PEV fixo,Ativo,26/03/2019
2927408-006,2022,BA,Salvador,2927408,ABREE,PEV fixo,Ativo,09/12/2019
2700805-000,2022,AL,Belém,2700805,ABREE,PEV fixo,Ativo,26/04/2020
2111300-051,2022,MA,  São Luís ,2111300,Green Eletron,Campanha itinerante,Ativo,09/07/2020
2304400-008,2022,CE,FORTALEZA,2304400,ABREE,PEV fixo,Ativo,10/06/2019
1304401-000,2022,AM,Urucurituba,1304401,ABREE,Ponto de consolidação,Ativo,17/11/2021
2309805-000,2022,CE,Pacoti,2309805,ABREE,Campanha itinerante,Ativo,12/02/2020
4206603-000,2022,SC,GUARUJÁ DO SUL,4206603,Green Eletron,Ponto de consolidação,Ativo,28/10/2019
2305407-000,2022,CE,Icó,2305407,Green Eletron,PEV fixo,Ativo,25/11/2022
1506708-000,2022,PA,Santana do Araguaia,1506708,Green Eletron,Ponto de consolidação,Ativo,21/10/2019
3301108-013,2022,RJ,CANTAGALO,3301108,ABREE,PEV fixo,Ativo,12/03/2021
2301604-005,2022,CE,Assaré,2301604,Green Eletron,PEV fixo,Ativo,16/10/2022
4300851-000,2022,RS,Arambaré,4300851,Green Eletron,Campanha itinerante,Ativo,26/09/2021
3506003-000,2022,SP,Bauru,3506003,Green Eletron,PEV fixo,Ativo,15/04/2022
3125606-000,2022,MG,Felisburgo,3125606,ABREE,PEV fixo,Ativo,21/07/2019
2404903-000,2022,RN,  Itaú ,2404903,ABREE,PEV fixo,Ativo,24/06/2019
3304557-033,2022,RJ,Rio de Janeiro,3304557,Green Eletron,Ponto de consolidação,Ativo,05/05/2020
3104403-000,2022,MG,Argirita,3104403,Green Eletron,PEV fixo,Ativo,03/01/2020
3523305-000,2022,SP,Itariri,3523305,ABREE,PEV fixo,Ativo,10/05/2022
4215356-001,2022,SC,Saltinho,4215356,ABREE,PEV fixo,Ativo,28/04/2021
3515194-003,2022,SP,Espírito Santo do Turvo,3515194,ABREE,PEV fixo,Ativo,12/08/2022
4304408-000,2022,RS,Canela,4304408,Green Eletron,PEV fixo,Ativo,14/05/2021
3524402-002,2022,SP,Jacarei,3524402,ABREE,PEV fixo,Ativo,04/08/2021
3160009-000,2022,MG,Santo Antônio do Aventureiro,3160009,ABREE,PEV fixo,Ativo,15/02/2022
2610509-000,2022,PE,PASSIRA,2610509,Green Eletron,PEV fixo,Ativo,14/01/2019
3106200-186,2022,MG,Belo Horizonte,3106200,ABREE,PEV fixo,Ativo,22/08/2022
2602605-000,2022,PE,Brejo da Madre de Deus,2602605,ABREE,Ponto de consolidação,Ativo,26/10/2021
2611606-066,2022,PE,RECIFE,2611606,ABREE,PEV fixo,Ativo,06/07/2022
4117909-000,2022,PR,PALOTINA,4117909,ABREE,PEV fixo,Ativo,27/05/2020
3550308-062,2022,SP,São Paulo,3550308,Green Eletron,PEV fixo,Inativo,11/04/2019
3532306-003,2022,SP,Natividade da Serra,3532306,Green Eletron,PEV fixo,Ativo,24/10/2020
2210805-000,2022,PI,Simplicio Mendes,2210805,ABREE,PEV fixo,Ativo,01/01/2022
3551900-002,2022,SP,Severinia,3551900,ABREE,PEV fixo,Ativo,11/11/2022
4320453-000,2022,RS,SÉRIO,4320453,Green Eletron,Ponto de consolidação,Ativo,10/06/2019
4205407-008,2022,SC,FLORIANÓPOLIS,4205407,Green Eletron,PEV fixo,Ativo,11/03/2019
3547908-002,2022,SP,Santo Antônio da Alegria,3547908,ABREE,PEV fixo,Ativo,21/12/2021
4111258-000,2022,PR,Itaperuçu,4111258,Green Eletron,PEV fixo,Ativo,28/06/2019
2202703-001,2022,PI,Cocal,2202703,ABREE,Ponto de consolidação,Ativo,16/07/2022
3106309-000,2022,MG,Belo Oriente,3106309,Green Eletron,PEV fixo,Ativo,07/01/2022
3305307-009,2022,RJ,SÃO SEBASTIÃO DO ALTO,3305307,ABREE,PEV fixo,Ativo,02/12/2021
2807105-000,2022,SE,Simão Dias,2807105,Green Eletron,Ponto de consolidação,Ativo,19/09/2019
2508109-000,2022,PB,  Lagoa ,2508109,ABREE,PEV fixo,Ativo,16/01/2022
3134301-000,2022,MG,ITUMIRIM,3134301,ABREE,Ponto de consolidação,Ativo,06/12/2019
5217401-000,2022,GO,Pires do Rio,5217401,ABREE,Ponto de consolidação,Ativo,21/06/2022
4106902-039,2022,PR,Curitiba,4106902,ABREE,PEV fixo,Ativo,02/02/2021
4303608-000,2022,RS,Cambará do Sul,4303608,Green Eletron,PEV fixo,Ativo,01/03/2022
4107801-000,2022,PR,Floraí,4107801,ABREE,PEV fixo,Ativo,21/02/2021
1508209-003,2022,PA,Vigia,1508209,Green Eletron,Campanha itinerante,Ativo,05/04/2019
4106902-046,2022,PR,Curitiba,4106902,ABREE,PEV fixo,Ativo,04/06/2021
5220504-000,2022,GO,Serranópolis,5220504,ABREE,PEV fixo,Ativo,25/06/2022
1718451-000,2022,TO,Pugmil,1718451,ABREE,PEV fixo,Ativo,27/07/2022
3106200-211,2022,MG,BELO HORIZONTE,3106200,ABREE,PEV fixo,Ativo,11/10/2022
3541653-000,2022,SP,QUADRA,3541653,ABREE,PEV fixo,Ativo,15/12/2020
3532900-017,2022,SP,Nova Europa,3532900,ABREE,Campanha itinerante,Ativo,23/01/2021
5208707-019,2022,GO,GOIÂNIA,5208707,ABREE,PEV fixo,Ativo,03/05/2022
5300108-053,2022,DF,BRASÍLIA,,Green Eletron,PEV fixo,Ativo,06/12/2021
2516151-000,2022,PB,Sossêgo,2516151,Sistema individual,PEV fixo,Ativo,08/03/2021
4105508-000,2022,PR,Cianorte,4105508,Green Eletron,Ponto de consolidação,Ativo,21/07/2019
3550308-269,2022,SP,São Paulo,3550308,ABREE,PEV fixo,Ativo,18/07/2022
4314902-078,2022,RS,PORTO ALEGRE,4314902,ABREE,Ponto de consolidação,Ativo,26/02/2021
3550308-090,2022,SP,São Paulo,3550308,Sistema individual,PEV fixo,Ativo,19/01/2019
2207793-000,2022,PI,Pau D'Arco do Piauí,2207793,ABREE,PEV fixo,Ativo,18/09/2020
3550308-301,2022,SP,SÃO PAULO,3550308,ABREE,PEV fixo,Ativo,03/11/2022
3301405-005,2022,RJ,CONCEIÇÃO DE MACABU,3301405,Green Eletron,Ponto de consolidação,Ativo,10/04/2020
3550308-211,2022,SP,Sao Paulo,3550308,ABREE,PEV fixo,Ativo,17/02/2021
2304400-011,2022,CE,Fortaleza,2304400,ABREE,PEV fixo,Ativo,15/04/2019
3106200-056,2022,MG,Belo Horizonte,3106200,Sistema individual,PEV fixo,Ativo,21/06/2020
2304400-054,2022,CE,Fortaleza,2304400,Green Eletron,PEV fixo,Ativo,13/11/2021
3103108-000,2022,MG,Antônio Prado de Minas,3103108,ABREE,PEV fixo,Ativo,10/09/2019
2605004-000,2022,PE,CUPIRA,2605004,ABREE,PEV fixo,Ativo,26/07/2019
3503703-003,2022,SP,Ariranha,3503703,ABREE,PEV fixo,Ativo,12/08/2021
3106200-179,2022,MG,BELO HORIZONTE,3106200,ABREE,PEV fixo,Ativo,17/10/2022
3504008-000,2022,SP,Assis,3504008,ABREE,PEV fixo,Ativo,06/01/2019
3124104-001,2022,MG,Esmeraldas,,Green Eletron,PEV fixo,Ativo,15/09/2022
3123528-000,2022,MG,DURANDÉ,3123528,ABREE,PEV fixo,Ativo,19/10/2020
3127206-000,2022,MG,Funilandia,3127206,Sistema individual,PEV fixo,Ativo,17/05/2021
4106803-000,2022,PR,Cruz Machado,4106803,ABREE,PEV fixo,Ativo,25/01/2020
2705705-000,2022,AL,Olho d'Água das Flores,2705705,ABREE,PEV fixo,Ativo,20/05/2019
2615102-002,2022,PE,Terezinha,2615102,Green Eletron,PEV fixo,Ativo,22/07/2019
4310553-000,2022,RS,Itacurubi,4310553,Green Eletron,PEV fixo,Ativo,19/08/2021
3550308-147,2022,SP,São Paulo,3550308,ABREE,Ponto de consolidação,Ativo,12/03/2020
3550308-048,2022,SP,São Paulo,3550308,ABREE,PEV fixo,Ativo,26/01/2019
4318440-000,2022,RS,SÃO JORGE,4318440,ABREE,Ponto de consolidação,Ativo,15/09/2019
4120903-000,2022,PR,Quedas do Iguaçu,4120903,Green Eletron,PEV fixo,Ativo,27/01/2019
3549904-003,2022,SP,São José dos Campos,3549904,ABREE,PEV fixo,Ativo,08/11/2021
3550308-011,2022,SP,Sao Paulo,,Sistema individual,PEV fixo,Ativo,08/10/2019
3517802-000,2022,SP,Guaracai,3517802,ABREE,PEV fixo,Ativo,17/08/2020
3150158-000,2022,MG,Piedade de Caratinga,3150158,ABREE,PEV fixo,Ativo,05/12/2019
3550308-024,2022,SP,São Paulo,3550308,Green Eletron,PEV fixo,Ativo,18/01/2019
5218052-000,2022,GO,PORTEIRÃO,5218052,Green Eletron,PEV fixo,Ativo,12/06/2020
3550308-173,2022,SP,SÃO PAULO,3550308,Green Eletron,PEV fixo,Ativo,17/04/2020
4205407-053,2022,SC,FLORIANÓPOLIS,4205407,ABREE,PEV fixo,Ativo,05/01/2021
