id_ponto,ano,sigla_uf,nome_municipio,geocodigo,sistema,modalidade,status,inicio_operacao
2704302-011,2023,AL,MACEIÓ,2704302,Sistema individual,Campanha itinerante,Ativo,19/02/2023
3304557-061,2023,RJ,RIO DE JANEIRO,3304557,Sistema individual,PEV fixo,Ativo,16/10/2020
3548500-000,2023,SP,SANTOS,3548500,ABREE,PEV fixo,Ativo,07/09/2022
3148301-000,2023,MG,PAULA CÂNDIDO,3148301,Green Eletron,PEV fixo,Ativo,23/04/2021
3550308-158,2023,SP,SÃO PAULO,3550308,Green Eletron,PEV fixo,Ativo,11/07/2020
1505601-002,2023,PA,Peixe-Boi,1505601,Green Eletron,PEV fixo,Ativo,20/01/2022
2610103-001,2023,PE,Palmeirina,2610103,ABREE,PEV fixo,Ativo,15/08/2021
4314902-077,2023,RS,PORTO ALEGRE,4314902,ABREE,Ponto de consolidação,Ativo,15/02/2021
4219150-000,2023,SC,Vargem,4219150,ABREE,Campanha itinerante,Ativo,18/03/2023
2927408-110,2023,BA,Salvador,2927408,ABREE,Campanha itinerante,Ativo,26/02/2022
4114302-000,2023,PR,MANDIRITUBA,4114302,ABREE,PEV fixo,Ativo,12/04/2023
2925303-000,2023,BA,PORTO SEGURO,2925303,Green Eletron,PEV fixo,Ativo,20/09/2019
3546009-006,2023,SP,SANTA BRANCA,3546009,Sistema individual,PEV fixo,Ativo,10/03/2022
2909901-001,2023,BA,Curaçá,2909901,ABREE,PEV fixo,Ativo,20/06/2023
3550308-284,2023,SP,São Paulo,3550308,Green Eletron,Campanha itinerante,Ativo,09/09/2022
3301876-001,2023,RJ,IGUABA GRANDE,3301876,ABREE,PEV fixo,Ativo,23/02/2020
5300108-020,2023,DF,Brasilia,5300108,ABREE,PEV fixo,Ativo,05/07/2019
2513406-000,2023,PB,Santa Luzia,2513406,Green Eletron,PEV fixo,Ativo,26/09/2020
3303856-000,2023,RJ,Paty do Alferes,3303856,ABREE,Campanha itinerante,Ativo,08/11/2021
1300144-000,2023,AM,Apuí,1300144,Green Eletron,Campanha itinerante,Ativo,24/04/2019
3171204-000,2023,MG,Vespasiano,3171204,Green Eletron,PEV fixo,Ativo,17/02/2023
4315958-000,2023,RS,Rolador,4315958,ABREE,PEV fixo,Ativo,10/01/2019
2914208-002,2023,BA,IRAJUBA,2914208,ABREE,PEV fixo,Ativo,22/07/2023
4205407-023,2023,SC,FLORIANÓPOLIS,4205407,ABREE,PEV fixo,Ativo,02/06/2019
3302403-007,2023,RJ,Macaé,3302403,Green Eletron,PEV fixo,Ativo,01/05/2020
3305307-007,2023,RJ,São Sebastião do Alto,3305307,ABREE,PEV fixo,Ativo,28/08/2020
2302107-006,2023,CE,Baturite,2302107,Green Eletron,Ponto de consolidação,Ativo,10/02/2022
3546207-000,2023,SP,  Santa Cruz da Conceição ,3546207,Green Eletron,PEV fixo,Ativo,17/07/2021
3541653-005,2023,SP,Quadra,3541653,ABREE,PEV fixo,Ativo,07/04/2022
1303700-003,2023,AM,SANTO ANTÔNIO DO IÇÁ,1303700,ABREE,PEV fixo,Ativo,21/11/2023
3205309-008,2023,ES,Vitória,3205309,ABREE,PEV fixo,Ativo,21/08/2021
3304557-045,2023,RJ,Rio de Janeiro,3304557,Sistema individual,PEV fixo,Ativo,21/04/2020
1501402-011,2023,PA,BELÉM,1501402,Green Eletron,Ponto de consolidação,Inativo,20/05/2021
3303302-008,2023,RJ,Niteroi,3303302,Green Eletron,PEV fixo,Ativo,23/07/2022
5211909-000,2023,GO,Jatai,5211909,Green Eletron,Ponto de consolidação,Ativo,16/05/2023
3538808-008,2023,SP,Piraju,3538808,ABREE,PEV fixo,Ativo,04/02/2019
3106200-215,2023,MG,BELO HORIZONTE,3106200,Green Eletron,PEV fixo,Ativo,22/05/2022
2509503-000,2023,PB,Montadas,2509503,Sistema individual,PEV fixo,Ativo,08/11/2019
3156502-000,2023,MG,Rubelita,3156502,Green Eletron,PEV fixo,Ativo,14/09/2022
2612505-000,2023,PE,Santa Cruz do Capibaribe,2612505,ABREE,PEV fixo,Ativo,12/11/2019
3524402-002,2023,SP,  Jacareí ,3524402,ABREE,PEV fixo,Ativo,07/03/2021
3301108-008,2023,RJ,Cantagalo,3301108,Green Eletron,PEV fixo,Ativo,23/12/2020
2924009-000,2023,BA,Paulo Afonso,2924009,ABREE,PEV fixo,Ativo,27/03/2021
2909901-000,2023,BA,Curaçá,2909901,ABREE,PEV fixo,Ativo,13/05/2020
2611606-081,2023,PE,Recife,2611606,ABREE,Campanha itinerante,Ativo,18/11/2023
4314902-096,2023,RS,PORTO ALEGRE,,Green Eletron,PEV fixo,Ativo,10/12/2022
4313334-002,2023,RS,Nova Ramada,4313334,Green Eletron,PEV fixo,Ativo,28/08/2020
2605806-001,2023,PE,Frei Miguelinho,2605806,ABREE,PEV fixo,Ativo,10/04/2019
3524105-000,2023,SP,Ituverava,3524105,ABREE,PEV fixo,Ativo,24/04/2021
1721000-006,2023,TO,PALMAS,1721000,ABREE,PEV fixo,Ativo,19/11/2020
3532306-001,2023,SP,Natividade da Serra,3532306,ABREE,PEV fixo,Inativo,24/07/2020
3106200-222,2023,MG,Belo Horizonte,3106200,Green Eletron,Campanha itinerante,Ativo,23/06/2023
4120853-000,2023,PR,Quatro Pontes,4120853,Sistema individual,PEV fixo,Ativo,10/07/2022
3550308-309,2023,SP,Sao Paulo,3550308,Green Eletron,PEV fixo,Ativo,22/11/2022
3106200-082,2023,MG,BELO HORIZONTE,3106200,Green Eletron,Ponto de consolidação,Ativo,08/10/2020
3300936-000,2023,RJ,Carapebus,3300936,Green Eletron,PEV fixo,Ativo,21/02/2022
4115804-000,2023,PR,Medianeira,4115804,Green Eletron,PEV fixo,Ativo,07/02/2021
4103909-001,2023,PR,Campina da Lagoa,4103909,ABREE,PEV fixo,Ativo,06/08/2023
3525607-003,2023,SP,JOÃO RAMALHO,3525607,ABREE,PEV fixo,Ativo,23/10/2020
4204806-000,2023,SC,  Curitibanos ,4204806,Green Eletron,PEV fixo,Ativo,11/05/2019
3522901-000,2023,SP,ITAPUÍ,3522901,Green Eletron,Ponto de consolidação,Ativo,23/02/2021
1400100-002,2023,RR,Boa Vista,1400100,ABREE,PEV fixo,Ativo,08/04/2023
3304557-167,2023,RJ,  Rio de Janeiro ,3304557,ABREE,PEV fixo,Ativo,06/11/2023
3504008-000,2023,SP,Assis,3504008,ABREE,PEV fixo,Ativo,24/01/2019
3106200-116,2023,MG,Belo Horizonte,3106200,Sistema individual,PEV fixo,Ativo,13/07/2021
3304557-200,2023,RJ,RIO DE JANEIRO,3304557,ABREE,PEV fixo,Ativo,09/12/2023
4309654-000,2023,RS,Hulha Negra,4309654,ABREE,PEV fixo,Ativo,27/11/2023
3302700-015,2023,RJ,MARICÁ,3302700,Green Eletron,PEV fixo,Ativo,19/05/2022
3550308-167,2023,SP,São Paulo,3550308,Green Eletron,Ponto de consolidação,Ativo,12/11/2020
5300108-032,2023,DF,Brasília,5300108,Green Eletron,PEV fixo,Ativo,17/01/2020
2927408-075,2023,BA,Salvador,2927408,ABREE,PEV fixo,Ativo,06/08/2021
5214861-000,2023,GO,NOVA GLÓRIA,5214861,ABREE,PEV fixo,Ativo,09/04/2023
4306056-000,2023,RS,Cristal,4306056,Green Eletron,Campanha itinerante,Ativo,27/07/2019
2202505-000,2023,PI,  Caracol ,2202505,Green Eletron,Campanha itinerante,Ativo,02/11/2023
4106902-030,2023,PR,  Curitiba ,4106902,ABREE,PEV fixo,Ativo,07/01/2021
4314902-017,2023,RS,Porto Alegre,4314902,ABREE,PEV fixo,Ativo,17/06/2020
3538808-023,2023,SP,Piraju,3538808,ABREE,PEV fixo,Ativo,11/06/2021
3530102-002,2023,SP,Mirandópolis,3530102,Green Eletron,PEV fixo,Ativo,02/03/2020
4214508-000,2023,SC,RIO DO CAMPO,4214508,Green Eletron,PEV fixo,Ativo,01/01/2022
2615102-000,2023,PE,TEREZINHA,2615102,ABREE,PEV fixo,Ativo,24/09/2019
2907004-000,2023,BA,Cardeal da Silva,2907004,Green Eletron,PEV fixo,Ativo,14/10/2022
2505238-001,2023,PB,Cuité de Mamanguape,2505238,Green Eletron,PEV fixo,Ativo,03/05/2022
3550308-107,2023,SP,São Paulo,3550308,Green Eletron,PEV fixo,Ativo,12/01/2020
2513851-000,2023,PB,Santo André,2513851,ABREE,Ponto de consolidação,Ativo,18/12/2021
4311304-000,2023,RS,Lagoa Vermelha,4311304,Green Eletron,PEV fixo,Ativo,07/03/2022
3160207-001,2023,MG,Santo Antônio do Itambé,3160207,Green Eletron,PEV fixo,Ativo,06/01/2019
3512506-001,2023,SP,COROADOS,3512506,Sistema individual,Ponto de consolidação,Ativo,28/05/2023
4205407-044,2023,SC,FLORIANÓPOLIS,4205407,ABREE,Ponto de consolidação,Ativo,28/01/2021
4313037-000,2023,RS,Nova Esperança do Sul,4313037,Green Eletron,PEV fixo,Ativo,27/04/2022
2304400-040,2023,CE,Fortaleza,2304400,Green Eletron,PEV fixo,Ativo,14/11/2020
4320206-000,2023,RS,Seberi,4320206,Green Eletron,PEV fixo,Ativo,26/09/2019
3202553-001,2023,ES,IBITIRAMA,3202553,Green Eletron,PEV fixo,Ativo,01/11/2022
4112207-001,2023,PR,Janiópolis,4112207,ABREE,PEV fixo,Ativo,26/12/2023
3538808-028,2023,SP,Piraju,3538808,ABREE,PEV fixo,Ativo,25/03/2022
3550308-252,2023,SP,São Paulo,3550308,ABREE,Campanha itinerante,Ativo,19/01/2022
3304557-153,2023,RJ,Rio de Janeiro,3304557,ABREE,PEV fixo,Ativo,08/03/2022
5300108-103,2023,DF,Brasília,5300108,ABREE,PEV fixo,Ativo,22/01/2023
3301405-011,2023,RJ,CONCEIÇÃO DE MACABU,3301405,Sistema individual,PEV fixo,Ativo,15/05/2023
4323804-000,2023,RS,Xangri-lá,4323804,ABREE,PEV fixo,Ativo,19/04/2022
3162575-000,2023,MG,São João do Manteninha,3162575,Green Eletron,PEV fixo,Ativo,19/10/2021
4323408-000,2023,RS,Vila Maria,,Sistema individual,Campanha itinerante,Ativo,05/07/2022
3106200-081,2023,MG,Belo Horizonte,3106200,ABREE,PEV fixo,Ativo,10/06/2020
3508405-002,2023,SP,CABREÚVA,,Sistema individual,PEV fixo,Ativo,19/05/2023
3119302-000,2023,MG,  Coromandel ,3119302,ABREE,Ponto de consolidação,Ativo,27/10/2023
3512803-000,2023,SP,Cosmópolis,3512803,Green Eletron,PEV fixo,Ativo,14/12/2019
3550308-176,2023,SP,  São Paulo ,3550308,ABREE,PEV fixo,Ativo,13/01/2020
3527801-000,2023,SP,Lupércio,3527801,Sistema individual,Campanha itinerante,Ativo,23/12/2019
3201100-000,2023,ES,Bom Jesus do Norte,3201100,ABREE,Ponto de consolidação,Ativo,09/02/2022
4212056-000,2023,SC,Palmeira,4212056,ABREE,Ponto de consolidação,Ativo,10/09/2020
4106902-050,2023,PR,Curitiba,4106902,ABREE,PEV fixo,Inativo,09/01/2022
3106200-255,2023,MG,Belo Horizonte,3106200,Green Eletron,PEV fixo,Ativo,25/12/2023
2401651-000,2023,RN,Bodó,2401651,Green Eletron,PEV fixo,Ativo,17/04/2019
3106200-076,2023,MG,Belo Horizonte,3106200,ABREE,PEV fixo,Ativo,25/05/2020
1302603-009,2023,AM,Manaus,1302603,ABREE,PEV fixo,Ativo,21/07/2022
3550308-314,2023,SP,São Paulo,3550308,Green Eletron,PEV fixo,Ativo,07/10/2022
3136579-003,2023,MG,Josenópolis,3136579,ABREE,PEV fixo,Ativo,12/01/2022
3509254-000,2023,SP,Cajati,3509254,ABREE,PEV fixo,Ativo,14/12/2022
2605202-000,2023,PE,Escada,2605202,ABREE,PEV fixo,Ativo,25/03/2019
2104677-000,2023,MA,Governador Nunes Freire,2104677,ABREE,PEV fixo,Ativo,15/06/2023
3200136-000,2023,ES,ÁGUIA BRANCA,3200136,ABREE,PEV fixo,Ativo,08/05/2020
4211892-000,2023,SC,Painel,4211892,ABREE,PEV fixo,Ativo,10/06/2019
4306700-001,2023,RS,DONA FRANCISCA,4306700,ABREE,Campanha itinerante,Inativo,18/10/2023
1503077-000,2023,PA,GARRAFÃO DO NORTE,1503077,Green Eletron,PEV fixo,Ativo,23/06/2019
3106200-003,2023,MG,BELO HORIZONTE,3106200,ABREE,PEV fixo,Ativo,15/10/2020
5103254-000,2023,MT,Colniza,5103254,Green Eletron,PEV fixo,Ativo,07/11/2020
3305307-002,2023,RJ,SÃO SEBASTIÃO DO ALTO,3305307,ABREE,Ponto de consolidação,Ativo,19/09/2019
4106902-064,2023,PR,Curitiba,4106902,Green Eletron,Ponto de consolidação,Ativo,06/02/2022
3522901-001,2023,SP,Itapuí,3522901,Green Eletron,PEV fixo,Ativo,10/07/2021
1721000-002,2023,TO,  Palmas ,1721000,ABREE,PEV fixo,Ativo,18/04/2019
4205407-036,2023,SC,FLORIANÓPOLIS,4205407,ABREE,PEV fixo,Ativo,24/07/2020
3122603-000,2023,MG,DOM JOAQUIM,3122603,Green Eletron,PEV fixo,Ativo,25/07/2022
3302809-000,2023,RJ,Mendes,3302809,ABREE,Ponto de consolidação,Ativo,27/12/2023
2513984-000,2023,PB,São Francisco,2513984,Sistema individual,PEV fixo,Ativo,10/03/2020
3550308-014,2023,SP,São Paulo,3550308,Green Eletron,PEV fixo,Ativo,07/01/2019
5300108-006,2023,DF,BRASÍLIA,,Green Eletron,PEV fixo,Ativo,13/12/2019
3557006-001,2023,SP,Votorantim,3557006,ABREE,PEV fixo,Ativo,16/01/2020
2100105-000,2023,MA,Afonso Cunha,2100105,ABREE,PEV fixo,Ativo,17/11/2021
3102209-000,2023,MG,Alvarenga,3102209,ABREE,PEV fixo,Ativo,08/06/2022
3130200-000,2023,MG,Igaratinga,3130200,ABREE,PEV fixo,Ativo,10/05/2023
2927408-138,2023,BA,  Salvador ,2927408,ABREE,PEV fixo,Ativo,08/09/2023
3550308-217,2023,SP,Sao Paulo,3550308,ABREE,PEV fixo,Ativo,21/02/2021
3533601-000,2023,SP,Nuporanga,3533601,Green Eletron,PEV fixo,Ativo,10/05/2021
3551900-003,2023,SP,Severínia,3551900,ABREE,PEV fixo,Ativo,15/05/2023
2927408-079,2023,BA,SALVADOR,2927408,ABREE,PEV fixo,Ativo,20/10/2021
3550308-028,2023,SP,São Paulo,3550308,ABREE,PEV fixo,Ativo,03/10/2019
3305752-005,2023,RJ,TANGUÁ,3305752,ABREE,PEV fixo,Ativo,17/08/2021
3105608-000,2023,MG,Barbacena,3105608,ABREE,PEV fixo,Ativo,12/08/2021
3542602-004,2023,SP,REGISTRO,3542602,Green Eletron,PEV fixo,Ativo,18/01/2021
1505601-000,2023,PA,Peixe-Boi,1505601,ABREE,PEV fixo,Ativo,17/10/2021
5002704-001,2023,MS,Campo Grande,5002704,Green Eletron,PEV fixo,Ativo,13/08/2020
2101731-000,2023,MA,BELÁGUA,2101731,ABREE,PEV fixo,Ativo,20/10/2020
3106200-019,2023,MG,BELO HORIZONTE,3106200,ABREE,PEV fixo,Ativo,22/08/2020
4319901-000,2023,RS,SAPIRANGA,4319901,Sistema individual,PEV fixo,Ativo,19/11/2019
2605806-005,2023,PE,Frei Miguelinho,2605806,Green Eletron,PEV fixo,Ativo,23/02/2021
3550308-211,2023,SP,Sao Paulo,3550308,ABREE,PEV fixo,Ativo,03/09/2021
2304400-011,2023,CE,  Fortaleza ,2304400,ABREE,PEV fixo,Ativo,22/06/2019
4127007-000,2023,PR,Teixeira Soares,4127007,ABREE,PEV fixo,Ativo,17/08/2023
2911600-000,2023,BA,Governador Mangabeira,2911600,ABREE,PEV fixo,Inativo,15/09/2020
3136959-000,2023,MG,Juvenília,3136959,Green Eletron,Campanha itinerante,Ativo,11/01/2021
5209457-000,2023,GO,GUARINOS,5209457,Green Eletron,PEV fixo,Ativo,22/02/2022
1501204-006,2023,PA,Baião,1501204,Green Eletron,PEV fixo,Ativo,27/01/2021
3106200-117,2023,MG,BELO HORIZONTE,3106200,Green Eletron,PEV fixo,Ativo,17/12/2021
3550308-138,2023,SP,São Paulo,3550308,Green Eletron,PEV fixo,Ativo,01/10/2020
1505601-001,2023,PA,PEIXE-BOI,1505601,Green Eletron,PEV fixo,Ativo,19/04/2021
4318507-000,2023,RS,São José do Norte,4318507,ABREE,PEV fixo,Ativo,26/05/2019
2916708-000,2023,BA,Itaquara,2916708,Green Eletron,PEV fixo,Ativo,13/03/2023
4314902-016,2023,RS,PORTO ALEGRE,4314902,Sistema individual,PEV fixo,Ativo,06/01/2020
1721000-003,2023,TO,Palmas,1721000,ABREE,PEV fixo,Ativo,10/06/2019
3103009-000,2023,MG,ANTÔNIO DIAS,3103009,Green Eletron,PEV fixo,Ativo,06/04/2021
5210802-000,2023,GO,  Itajá ,5210802,ABREE,PEV fixo,Ativo,27/08/2022
3205010-000,2023,ES,Sooretama,3205010,ABREE,Campanha itinerante,Ativo,03/01/2020
2611606-004,2023,PE,Recife,2611606,ABREE,PEV fixo,Ativo,25/11/2020
3106200-282,2023,MG,Belo Horizonte,3106200,ABREE,Campanha itinerante,Ativo,27/04/2023
2403202-000,2023,RN,DOUTOR SEVERIANO,2403202,Green Eletron,Ponto de consolidação,Ativo,21/04/2022
2100808-000,2023,MA,Anapurus,2100808,ABREE,PEV fixo,Ativo,04/06/2021
2312601-001,2023,CE,São Luís do Curu,2312601,Green Eletron,PEV fixo,Ativo,22/07/2023
5300108-002,2023,DF,Brasília,5300108,Green Eletron,PEV fixo,Ativo,13/03/2019
3106200-120,2023,MG,Belo Horizonte,3106200,Green Eletron,PEV fixo,Ativo,10/06/2021
5300108-033,2023,DF,BRASÍLIA,5300108,Green Eletron,PEV fixo,Ativo,10/01/2020
4106902-033,2023,PR,Curitiba,4106902,Green Eletron,PEV fixo,Ativo,02/11/2021
2927408-082,2023,BA,Salvador,2927408,Green Eletron,PEV fixo,Ativo,22/11/2021
1505700-001,2023,PA,PONTA DE PEDRAS,1505700,Green Eletron,PEV fixo,Ativo,02/07/2021
3106200-165,2023,MG,  Belo Horizonte ,3106200,ABREE,PEV fixo,Ativo,26/11/2022
3551504-000,2023,SP,Serrana,3551504,Green Eletron,PEV fixo,Ativo,09/06/2019
2211001-010,2023,PI,Teresina,2211001,ABREE,PEV fixo,Ativo,13/11/2020
2305233-000,2023,CE,HORIZONTE,2305233,Green Eletron,PEV fixo,Ativo,21/12/2023
3509957-000,2023,SP,Canas,3509957,ABREE,PEV fixo,Ativo,18/10/2021
2413607-000,2023,RN,Severiano Melo,2413607,Sistema individual,Ponto de consolidação,Ativo,10/04/2020
1301001-000,2023,AM,Carauari,1301001,ABREE,PEV fixo,Ativo,21/05/2019
3135050-000,2023,MG,JAÍBA,3135050,Green Eletron,PEV fixo,Ativo,01/06/2022
2511004-000,2023,PB,Pedra Branca,2511004,Green Eletron,PEV fixo,Ativo,16/06/2019
3532900-007,2023,SP,Nova Europa,3532900,ABREE,PEV fixo,Ativo,08/03/2019
3134301-000,2023,MG,ITUMIRIM,3134301,ABREE,Ponto de consolidação,Ativo,26/08/2019
1507151-006,2023,PA,SÃO DOMINGOS DO ARAGUAIA,1507151,ABREE,PEV fixo,Ativo,17/05/2023
3525706-000,2023,SP,JOSÉ BONIFÁCIO,3525706,ABREE,PEV fixo,Ativo,20/12/2023
3529708-003,2023,SP,  Miguelópolis ,3529708,Green Eletron,PEV fixo,Ativo,08/04/2022
2929107-000,2023,BA,SÃO FELIPE,2929107,ABREE,PEV fixo,Ativo,06/03/2020
3553104-001,2023,SP,Taiaçu,3553104,ABREE,PEV fixo,Ativo,16/02/2022
2203420-000,2023,PI,Domingos Mourão,2203420,ABREE,Ponto de consolidação,Ativo,17/05/2020
3201605-002,2023,ES,Conceição da Barra,3201605,ABREE,PEV fixo,Ativo,08/03/2023
2304400-006,2023,CE,Fortaleza,2304400,ABREE,Ponto de consolidação,Ativo,25/12/2019
4322186-000,2023,RS,Tupanci do Sul,4322186,Green Eletron,PEV fixo,Ativo,26/04/2019
2927408-055,2023,BA,Salvador,2927408,ABREE,PEV fixo,Ativo,04/01/2020
2307205-000,2023,CE,Jati,2307205,ABREE,PEV fixo,Ativo,06/08/2022
3550308-016,2023,SP,SÃO PAULO,3550308,ABREE,PEV fixo,Ativo,11/01/2019
5103403-003,2023,MT,Cuiabá,5103403,Green Eletron,PEV fixo,Ativo,27/09/2019
3550308-228,2023,SP,SÃO PAULO,3550308,ABREE,PEV fixo,Ativo,15/12/2021
3530201-000,2023,SP,MIRANTE DO PARANAPANEMA,3530201,ABREE,PEV fixo,Ativo,15/05/2020
3155108-000,2023,MG,Rio do Prado,3155108,Green Eletron,PEV fixo,Ativo,05/02/2023
2207850-001,2023,PI,Pavussu,2207850,Green Eletron,PEV fixo,Ativo,08/02/2022
2802007-000,2023,SE,Divina Pastora,2802007,ABREE,PEV fixo,Ativo,24/06/2021
2903003-000,2023,BA,Barra do Mendes,2903003,Green Eletron,PEV fixo,Ativo,15/04/2021
2501203-000,2023,PB,Areial,,Green Eletron,PEV fixo,Ativo,03/06/2023
3546603-002,2023,SP,Santa Fé do Sul,3546603,Green Eletron,PEV fixo,Ativo,02/07/2022
4301107-000,2023,RS,Arroio dos Ratos,4301107,Green Eletron,Campanha itinerante,Ativo,21/07/2019
2514701-000,2023,PB,São José do Sabugi,2514701,Green Eletron,PEV fixo,Ativo,02/02/2023
3520608-000,2023,SP,  Indiana ,3520608,Sistema individual,Ponto de consolidação,Ativo,05/10/2020
3528106-000,2023,SP,Macaubal,3528106,Sistema individual,PEV fixo,Ativo,28/08/2019
3304557-011,2023,RJ,Rio de Janeiro,3304557,Green Eletron,PEV fixo,Ativo,14/02/2020
5215256-000,2023,GO,Novo Planalto,5215256,ABREE,Ponto de consolidação,Ativo,11/08/2019
2304400-030,2023,CE,Fortaleza,2304400,Green Eletron,PEV fixo,Ativo,14/04/2020
4106209-000,2023,PR,Contenda,4106209,ABREE,PEV fixo,Ativo,26/01/2022
2605152-000,2023,PE,Dormentes,2605152,Green Eletron,PEV fixo,Ativo,26/10/2021
2904050-000,2023,BA,Bonito,2904050,ABREE,PEV fixo,Ativo,17/10/2021
1303700-001,2023,AM,Santo Antonio do Ica,1303700,ABREE,Campanha itinerante,Ativo,14/09/2020
1508001-000,2023,PA,TOMÉ-AÇU,1508001,Green Eletron,PEV fixo,Ativo,04/09/2022
3550308-352,2023,SP,SÃO PAULO,3550308,ABREE,Ponto de consolidação,Ativo,01/07/2023
3305133-000,2023,RJ,Sao Jose de Uba,3305133,Green Eletron,PEV fixo,Ativo,05/07/2023
3121407-000,2023,MG,Desterro de Entre Rios,3121407,ABREE,PEV fixo,Ativo,13/09/2021
3169356-000,2023,MG,  Três Marias ,3169356,Sistema individual,PEV fixo,Ativo,17/03/2020
3123528-004,2023,MG,Durandé,3123528,ABREE,Ponto de consolidação,Ativo,21/12/2022
2927408-019,2023,BA,SALVADOR,2927408,Green Eletron,Campanha itinerante,Ativo,24/12/2019
4314902-030,2023,RS,Porto Alegre,4314902,ABREE,PEV fixo,Ativo,22/02/2020
2501351-000,2023,PB,Assunção,2501351,Green Eletron,PEV fixo,Ativo,07/04/2020
3300704-000,2023,RJ,  Cabo Frio ,3300704,ABREE,PEV fixo,Ativo,17/12/2023
4114807-000,2023,PR,Marialva,4114807,ABREE,PEV fixo,Ativo,21/11/2022
3138674-000,2023,MG,Luisburgo,3138674,Green Eletron,PEV fixo,Ativo,14/03/2022
4206801-000,2023,SC,Ibicaré,4206801,ABREE,Ponto de consolidação,Ativo,12/12/2020
1302603-001,2023,AM,Manaus,1302603,ABREE,PEV fixo,Ativo,10/12/2019
4314902-107,2023,RS,Porto Alegre,4314902,Green Eletron,PEV fixo,Ativo,12/08/2022
4314902-081,2023,RS,Porto Alegre,4314902,Green Eletron,PEV fixo,Ativo,22/04/2021
3129509-000,2023,MG,Ibia,3129509,ABREE,PEV fixo,Ativo,06/11/2020
4314902-067,2023,RS,Porto Alegre,4314902,Green Eletron,PEV fixo,Ativo,08/07/2021
3304557-138,2023,RJ,Rio de Janeiro,3304557,Green Eletron,Campanha itinerante,Ativo,21/11/2022
4314902-074,2023,RS,PORTO ALEGRE,4314902,Sistema individual,PEV fixo,Ativo,25/11/2021
4314902-124,2023,RS,Porto Alegre,4314902,ABREE,Campanha itinerante,Ativo,16/05/2022
2202109-000,2023,PI,Campinas do Piauí,2202109,Green Eletron,PEV fixo,Ativo,08/02/2023
2503704-000,2023,PB,CAJAZEIRAS,2503704,Green Eletron,PEV fixo,Ativo,20/07/2023
3544004-001,2023,SP,  Rio das Pedras ,3544004,Green Eletron,PEV fixo,Ativo,18/01/2020
3106200-100,2023,MG,BELO HORIZONTE,3106200,ABREE,PEV fixo,Ativo,07/07/2021
2311231-000,2023,CE,Potiretama,2311231,Green Eletron,Ponto de consolidação,Ativo,16/07/2022
1600501-000,2023,AP,Oiapoque,1600501,Green Eletron,PEV fixo,Ativo,17/05/2020
5103403-001,2023,MT,Cuiabá,5103403,ABREE,PEV fixo,Ativo,10/08/2019
3550308-337,2023,SP,São Paulo,3550308,Green Eletron,PEV fixo,Ativo,09/03/2023
3550308-123,2023,SP,Sao Paulo,3550308,ABREE,PEV fixo,Ativo,12/08/2020
3121902-001,2023,MG,Divinesia,3121902,ABREE,PEV fixo,Ativo,27/11/2022
3541000-000,2023,SP,PRAIA GRANDE,3541000,ABREE,PEV fixo,Ativo,24/09/2022
2616001-000,2023,PE,Venturosa,2616001,ABREE,PEV fixo,Ativo,06/01/2020
1721000-009,2023,TO,Palmas,1721000,Green Eletron,PEV fixo,Ativo,01/02/2022
3131000-000,2023,MG,INHAÚMA,3131000,ABREE,Campanha itinerante,Ativo,26/04/2021
3160207-003,2023,MG,Santo Antônio do Itambé,3160207,ABREE,Campanha itinerante,Ativo,07/08/2020
3554656-000,2023,SP,Torre de Pedra,3554656,ABREE,PEV fixo,Ativo,08/11/2021
2922656-003,2023,BA,  Nordestina ,2922656,Green Eletron,PEV fixo,Ativo,08/02/2020
2902708-000,2023,BA,BARRA,2902708,ABREE,PEV fixo,Ativo,12/12/2020
4209508-000,2023,SC,Laurentino,4209508,Green Eletron,PEV fixo,Ativo,17/04/2021
1507508-000,2023,PA,São João do Araguaia,1507508,Green Eletron,PEV fixo,Ativo,18/09/2023
3530409-001,2023,SP,Mirassolândia,3530409,Green Eletron,PEV fixo,Ativo,07/05/2023
2901908-003,2023,BA,Aporá,2901908,ABREE,PEV fixo,Ativo,23/01/2023
2516409-000,2023,PB,TACIMA,2516409,Green Eletron,PEV fixo,Ativo,19/07/2021
3508306-008,2023,SP,Cabralia Paulista,3508306,Green Eletron,PEV fixo,Ativo,16/01/2023
2210375-000,2023,PI,Sao Luis do Piaui,2210375,ABREE,PEV fixo,Ativo,28/04/2022
4314902-086,2023,RS,Porto Alegre,4314902,ABREE,PEV fixo,Ativo,17/12/2021
3550308-122,2023,SP,São Paulo,3550308,Green Eletron,PEV fixo,Ativo,16/10/2020
4211876-001,2023,SC,  Paial ,4211876,Green Eletron,PEV fixo,Ativo,16/08/2021
2616183-009,2023,PE,Vertente do Lério,2616183,ABREE,PEV fixo,Ativo,13/12/2022
5300108-018,2023,DF,Brasilia,5300108,Green Eletron,PEV fixo,Ativo,01/06/2019
3106200-032,2023,MG,Belo Horizonte,3106200,Sistema individual,PEV fixo,Ativo,06/08/2020
3106200-214,2023,MG,  Belo Horizonte ,3106200,ABREE,Ponto de consolidação,Ativo,17/03/2022
2927408-059,2023,BA,  Salvador ,2927408,ABREE,PEV fixo,Inativo,12/09/2020
5300108-101,2023,DF,Brasilia,5300108,ABREE,PEV fixo,Inativo,02/04/2023
3121100-000,2023,MG,Delfim Moreira,3121100,ABREE,Ponto de consolidação,Ativo,18/01/2020
3304557-066,2023,RJ,Rio de Janeiro,3304557,ABREE,PEV fixo,Ativo,14/05/2020
5006606-000,2023,MS,PONTA PORÃ,5006606,Green Eletron,Campanha itinerante,Ativo,23/06/2019
3162906-000,2023,MG,SÃO JOÃO NEPOMUCENO,3162906,Sistema individual,PEV fixo,Ativo,23/01/2020
2304251-003,2023,CE,Cruz,2304251,Green Eletron,PEV fixo,Ativo,15/07/2019
4211603-000,2023,SC,NOVA VENEZA,4211603,Green Eletron,PEV fixo,Ativo,20/09/2019
3547809-000,2023,SP,Santo André,3547809,ABREE,PEV fixo,Ativo,15/10/2023
4102307-000,2023,PR,Balsa Nova,4102307,ABREE,PEV fixo,Ativo,21/02/2019
5105309-000,2023,MT,Luciara,5105309,Green Eletron,PEV fixo,Ativo,06/07/2022
4204350-000,2023,SC,Cordilheira Alta,4204350,Green Eletron,PEV fixo,Ativo,17/03/2022
2209377-000,2023,PI,SANTA ROSA DO PIAUÍ,2209377,Green Eletron,Ponto de consolidação,Ativo,01/02/2021
3304557-084,2023,RJ,Rio de Janeiro,3304557,ABREE,PEV fixo,Ativo,08/05/2021
3165305-000,2023,MG,Sao Vicente de Minas,3165305,Green Eletron,PEV fixo,Ativo,03/01/2021
3150703-000,2023,MG,Pirajuba,3150703,Green Eletron,Ponto de consolidação,Ativo,02/07/2019
2307106-000,2023,CE,  Jardim ,2307106,Sistema individual,PEV fixo,Ativo,27/03/2020
3305307-003,2023,RJ,SÃO SEBASTIÃO DO ALTO,3305307,ABREE,PEV fixo,Ativo,12/11/2019
2508505-000,2023,PB,  Livramento ,2508505,Sistema individual,PEV fixo,Ativo,19/08/2021
3126752-000,2023,MG,Franciscópolis,3126752,Green Eletron,PEV fixo,Ativo,19/04/2019
2202703-001,2023,PI,  Cocal ,2202703,ABREE,Ponto de consolidação,Ativo,26/03/2022
2917805-000,2023,BA,Jaguaripe,2917805,ABREE,PEV fixo,Ativo,28/09/2019
2403103-000,2023,RN,Currais Novos,2403103,ABREE,PEV fixo,Ativo,15/02/2020
2509206-000,2023,PB,Massaranduba,2509206,ABREE,PEV fixo,Ativo,07/11/2019
4106902-025,2023,PR,Curitiba,4106902,Sistema individual,PEV fixo,Ativo,10/01/2020
3130408-005,2023,MG,Ijaci,3130408,Green Eletron,PEV fixo,Ativo,04/12/2023
5300108-028,2023,DF,BRASÍLIA,5300108,ABREE,PEV fixo,Ativo,02/09/2019
2211001-015,2023,PI,Teresina,2211001,Green Eletron,PEV fixo,Ativo,22/04/2021
2108405-000,2023,MA,  Peri Mirim ,2108405,Green Eletron,PEV fixo,Ativo,26/11/2020
4302808-000,2023,RS,  Caçapava do Sul ,4302808,Green Eletron,PEV fixo,Ativo,28/06/2022
3106200-265,2023,MG,BELO HORIZONTE,3106200,ABREE,PEV fixo,Ativo,06/04/2023
2602506-000,2023,PE,Brejinho,2602506,Green Eletron,PEV fixo,Ativo,26/10/2022
2804300-000,2023,SE,Muribeca,2804300,ABREE,PEV fixo,Ativo,05/05/2019
1301951-000,2023,AM,Itamarati,1301951,Green Eletron,PEV fixo,Ativo,18/07/2020
4205407-083,2023,SC,FLORIANÓPOLIS,4205407,ABREE,PEV fixo,Ativo,22/03/2023
2304236-000,2023,CE,Croatá,2304236,ABREE,PEV fixo,Ativo,19/05/2021
3301876-000,2023,RJ,Iguaba Grande,3301876,ABREE,PEV fixo,Ativo,21/06/2020
2709202-000,2023,AL,TRAIPU,2709202,ABREE,PEV fixo,Ativo,05/05/2023
3550308-272,2023,SP,SÃO PAULO,3550308,ABREE,PEV fixo,Ativo,23/11/2022
1304005-000,2023,AM,Silves,1304005,ABREE,PEV fixo,Ativo,08/11/2020
2515807-000,2023,PB,SERRA REDONDA,2515807,ABREE,PEV fixo,Ativo,26/11/2020
3550308-348,2023,SP,SÃO PAULO,3550308,Green Eletron,PEV fixo,Ativo,19/12/2023
4104253-000,2023,PR,CAMPO MAGRO,4104253,Green Eletron,PEV fixo,Ativo,03/04/2019
3110400-000,2023,MG,CAMACHO,3110400,Green Eletron,PEV fixo,Ativo,17/10/2019
4114005-000,2023,PR,MAMBORÊ,4114005,ABREE,PEV fixo,Ativo,11/01/2023
3516309-000,2023,SP,  Francisco Morato ,3516309,ABREE,PEV fixo,Ativo,01/03/2019
2307601-001,2023,CE,Limoeiro do Norte,2307601,Green Eletron,PEV fixo,Ativo,05/04/2023
2111300-025,2023,MA,São Luís,,Green Eletron,PEV fixo,Ativo,26/10/2019
2700805-000,2023,AL,Belém,2700805,ABREE,PEV fixo,Ativo,05/09/2020
3153103-000,2023,MG,Presidente Bernardes,3153103,Green Eletron,PEV fixo,Ativo,25/07/2023
2924603-001,2023,BA,Pindobaçu,2924603,Green Eletron,PEV fixo,Ativo,20/02/2020
3301108-009,2023,RJ,Cantagalo,3301108,Green Eletron,Campanha itinerante,Ativo,03/02/2021
2304400-025,2023,CE,FORTALEZA,2304400,Green Eletron,PEV fixo,Ativo,18/04/2019
1501402-032,2023,PA,Belém,1501402,Sistema individual,PEV fixo,Ativo,21/08/2023
2611606-020,2023,PE,Recife,2611606,ABREE,PEV fixo,Ativo,13/01/2020
3523503-000,2023,SP,Itatinga,3523503,Green Eletron,Ponto de consolidação,Ativo,14/03/2021
2400208-000,2023,RN,Acu,2400208,Green Eletron,Ponto de consolidação,Ativo,03/05/2019
2304400-069,2023,CE,Fortaleza,2304400,ABREE,PEV fixo,Ativo,09/10/2021
4316972-001,2023,RS,Santa Margarida do Sul,4316972,ABREE,PEV fixo,Inativo,11/07/2023
3515004-000,2023,SP,Embu das Artes,3515004,Green Eletron,PEV fixo,Ativo,03/12/2021
4205407-062,2023,SC,Florianópolis,4205407,Green Eletron,PEV fixo,Ativo,19/03/2022
1303007-000,2023,AM,Nhamundá,1303007,ABREE,PEV fixo,Ativo,13/09/2022
1702000-000,2023,TO,Araguaçu,1702000,Green Eletron,PEV fixo,Ativo,18/03/2019
5206206-000,2023,GO,Cristalina,5206206,ABREE,PEV fixo,Ativo,19/11/2023
5103403-007,2023,MT,Cuiabá,5103403,ABREE,PEV fixo,Ativo,01/06/2021
2304400-064,2023,CE,Fortaleza,2304400,ABREE,PEV fixo,Ativo,02/12/2021
2102150-000,2023,MA,Brejo de Areia,2102150,Green Eletron,PEV fixo,Inativo,11/07/2021
3304557-017,2023,RJ,Rio de Janeiro,3304557,ABREE,Ponto de consolidação,Ativo,04/08/2020
4110300-000,2023,PR,INAJÁ,4110300,ABREE,PEV fixo,Ativo,19/11/2021
5200308-000,2023,GO,  Alexânia ,5200308,Green Eletron,PEV fixo,Ativo,24/06/2019
5218052-002,2023,GO,Porteirao,5218052,Green Eletron,PEV fixo,Ativo,16/01/2021
3547908-003,2023,SP,Santo Antonio da Alegria,3547908,Green Eletron,PEV fixo,Ativo,09/09/2022
2919900-000,2023,BA,Macururé,2919900,ABREE,PEV fixo,Ativo,05/05/2020
4314902-084,2023,RS,Porto Alegre,4314902,Green Eletron,PEV fixo,Ativo,27/05/2021
2304400-050,2023,CE,Fortaleza,2304400,ABREE,PEV fixo,Ativo,21/08/2020
4314902-131,2023,RS,Porto Alegre,4314902,Green Eletron,PEV fixo,Ativo,22/09/2023
3301900-000,2023,RJ,Itaboraí,3301900,Sistema individual,PEV fixo,Ativo,04/01/2022
3532504-007,2023,SP,Neves Paulista,3532504,Green Eletron,PEV fixo,Ativo,28/05/2023
2803708-000,2023,SE,Macambira,2803708,ABREE,Ponto de consolidação,Ativo,13/01/2020
5207352-000,2023,GO,Edealina,5207352,Green Eletron,PEV fixo,Ativo,18/06/2021
3106200-033,2023,MG,Belo Horizonte,3106200,ABREE,PEV fixo,Ativo,27/02/2020
2208403-000,2023,PI,PIRIPIRI,2208403,Green Eletron,PEV fixo,Ativo,09/12/2022
4216354-000,2023,SC,Sao Joao do Itaperiu,,ABREE,PEV fixo,Ativo,28/02/2021
2927408-045,2023,BA,Salvador,2927408,Green Eletron,PEV fixo,Ativo,10/04/2020
4314779-000,2023,RS,PONTÃO,4314779,ABREE,PEV fixo,Ativo,06/09/2019
2410801-000,2023,RN,Riacho de Santana,2410801,ABREE,Ponto de consolidação,Ativo,05/03/2020
2908408-000,2023,BA,CONCEIÇÃO DO COITÉ,2908408,ABREE,PEV fixo,Ativo,14/10/2020
2931350-000,2023,BA,Teixeira de Freitas,2931350,Green Eletron,PEV fixo,Ativo,04/07/2019
3304557-152,2023,RJ,Rio de Janeiro,3304557,Green Eletron,PEV fixo,Ativo,21/03/2022
4128559-000,2023,PR,Vera Cruz do Oeste,4128559,ABREE,Ponto de consolidação,Ativo,13/03/2021
3101706-000,2023,MG,ALMENARA,3101706,ABREE,Campanha itinerante,Ativo,20/11/2021
1505106-003,2023,PA,Óbidos,1505106,Green Eletron,Campanha itinerante,Ativo,19/07/2022
5004502-000,2023,MS,  Itaporã ,,ABREE,Ponto de consolidação,Ativo,27/02/2022
3550308-070,2023,SP,São Paulo,3550308,ABREE,PEV fixo,Ativo,01/08/2019
2611606-054,2023,PE,Recife,2611606,Green Eletron,Campanha itinerante,Ativo,11/07/2022
3133204-000,2023,MG,Itanhomi,3133204,Green Eletron,Ponto de consolidação,Ativo,12/08/2023
2111300-015,2023,MA,São Luís,2111300,ABREE,PEV fixo,Ativo,16/04/2019
3304557-132,2023,RJ,RIO DE JANEIRO,3304557,ABREE,PEV fixo,Ativo,08/10/2022
2700409-000,2023,AL,Atalaia,2700409,Sistema individual,PEV fixo,Ativo,11/09/2021
3502002-000,2023,SP,Analandia,3502002,Green Eletron,PEV fixo,Ativo,23/09/2020
3524402-001,2023,SP,Jacareí,3524402,ABREE,PEV fixo,Ativo,10/04/2020
3118908-000,2023,MG,Cordisburgo,3118908,Green Eletron,Ponto de consolidação,Ativo,14/04/2019
3550308-114,2023,SP,São Paulo,3550308,ABREE,PEV fixo,Ativo,04/06/2020
1600402-000,2023,AP,MAZAGÃO,1600402,ABREE,PEV fixo,Ativo,24/01/2019
2922300-000,2023,BA,MURITIBA,2922300,ABREE,PEV fixo,Ativo,23/10/2022
1303205-001,2023,AM,Novo Airao,1303205,Sistema individual,Campanha itinerante,Ativo,25/02/2023
3304508-016,2023,RJ,Rio das Flores,3304508,ABREE,PEV fixo,Ativo,05/12/2023
3526803-005,2023,SP,Lençóis Paulista,3526803,ABREE,PEV fixo,Ativo,19/04/2021
3139003-000,2023,MG,Machado,3139003,ABREE,Campanha itinerante,Ativo,07/05/2021
3300951-001,2023,RJ,COMENDADOR LEVY GASPARIAN,3300951,ABREE,PEV fixo,Ativo,27/09/2019
5218052-003,2023,GO,Porteirão,5218052,ABREE,PEV fixo,Ativo,11/01/2022
2905503-000,2023,BA,Caldeirao Grande,2905503,ABREE,PEV fixo,Ativo,28/06/2020
3304557-030,2023,RJ,Rio de Janeiro,3304557,ABREE,PEV fixo,Ativo,01/05/2020
2928208-000,2023,BA,  Santana ,2928208,ABREE,PEV fixo,Ativo,10/09/2021
4205407-074,2023,SC,Florianópolis,4205407,ABREE,PEV fixo,Ativo,14/09/2022
2111300-063,2023,MA,Sao Luis,2111300,ABREE,PEV fixo,Ativo,13/06/2021
3122454-000,2023,MG,DIVISÓPOLIS,3122454,ABREE,Ponto de consolidação,Ativo,19/09/2020
3143708-000,2023,MG,Morro do Pilar,3143708,ABREE,Campanha itinerante,Ativo,27/01/2022
5108956-006,2023,MT,NOVA MONTE VERDE,5108956,ABREE,PEV fixo,Ativo,15/04/2023
2927408-033,2023,BA,Salvador,2927408,ABREE,PEV fixo,Ativo,11/11/2019
4314902-136,2023,RS,Porto Alegre,4314902,Green Eletron,PEV fixo,Ativo,18/01/2023
2411700-000,2023,RN,São Bento do Trairí,2411700,Green Eletron,PEV fixo,Ativo,15/08/2019
3300902-001,2023,RJ,CAMBUCI,3300902,ABREE,PEV fixo,Ativo,21/08/2019
4300802-000,2023,RS,Antônio Prado,4300802,ABREE,PEV fixo,Ativo,19/07/2022
2304251-010,2023,CE,Cruz,2304251,ABREE,PEV fixo,Ativo,10/06/2022
4314902-021,2023,RS,PORTO ALEGRE,4314902,Green Eletron,PEV fixo,Ativo,24/07/2020
3555109-004,2023,SP,Tupi Paulista,3555109,ABREE,PEV fixo,Ativo,02/04/2020
3549706-002,2023,SP,SÃO JOSÉ DO RIO PARDO,3549706,Green Eletron,PEV fixo,Ativo,22/02/2021
2927408-049,2023,BA,Salvador,2927408,Green Eletron,PEV fixo,Ativo,02/03/2020
3201001-000,2023,ES,Boa Esperança,3201001,Green Eletron,PEV fixo,Ativo,18/05/2020
3158706-000,2023,MG,SANTANA DO GARAMBÉU,3158706,ABREE,PEV fixo,Ativo,11/02/2020
3304557-068,2023,RJ,Rio de Janeiro,3304557,ABREE,Ponto de consolidação,Ativo,10/04/2021
2611606-026,2023,PE,RECIFE,2611606,ABREE,Campanha itinerante,Ativo,28/01/2020
3543907-000,2023,SP,RIO CLARO,3543907,Green Eletron,PEV fixo,Ativo,22/02/2021
3553807-002,2023,SP,Taquarituba,3553807,Green Eletron,PEV fixo,Ativo,17/07/2023
3144706-000,2023,MG,Nova Era,3144706,ABREE,Campanha itinerante,Ativo,17/11/2020
2916906-000,2023,BA,Itirucu,2916906,Green Eletron,PEV fixo,Ativo,25/05/2023
3532306-011,2023,SP,Natividade da Serra,3532306,Green Eletron,Campanha itinerante,Ativo,22/02/2023
2611606-072,2023,PE,Recife,2611606,ABREE,PEV fixo,Ativo,24/08/2022
1300706-003,2023,AM,Boca do Acre,1300706,ABREE,PEV fixo,Ativo,26/05/2021
4207106-000,2023,SC,Ilhota,4207106,Green Eletron,Campanha itinerante,Ativo,28/07/2022
2406106-000,2023,RN,Jucurutu,2406106,ABREE,PEV fixo,Ativo,05/05/2019
3304557-015,2023,RJ,  Rio de Janeiro ,3304557,ABREE,Campanha itinerante,Ativo,23/10/2020
4118808-000,2023,PR,Peabiru,4118808,Sistema individual,PEV fixo,Ativo,27/02/2021
2402808-000,2023,RN,Coronel Ezequiel,2402808,ABREE,PEV fixo,Ativo,14/04/2022
2410405-000,2023,RN,Pureza,2410405,Sistema individual,PEV fixo,Ativo,17/09/2020
1200807-000,2023,AC,  Porto Acre ,1200807,ABREE,PEV fixo,Ativo,18/06/2021
5100300-000,2023,MT,Alto Araguaia,5100300,Green Eletron,PEV fixo,Ativo,04/01/2020
2904605-000,2023,BA,Brumado,2904605,ABREE,PEV fixo,Ativo,24/07/2022
3106200-202,2023,MG,Belo Horizonte,3106200,ABREE,PEV fixo,Ativo,26/03/2022
5002704-006,2023,MS,Campo Grande,5002704,Green Eletron,PEV fixo,Ativo,21/04/2021
2304400-052,2023,CE,Fortaleza,2304400,Sistema individual,PEV fixo,Ativo,01/06/2021
4205407-081,2023,SC,Florianópolis,4205407,ABREE,PEV fixo,Ativo,12/09/2023
3550308-043,2023,SP,SÃO PAULO,3550308,ABREE,PEV fixo,Ativo,28/01/2019
2200806-000,2023,PI,Antônio Almeida,2200806,ABREE,PEV fixo,Ativo,16/08/2019
3551306-003,2023,SP,Sebastianópolis do Sul,3551306,Green Eletron,PEV fixo,Ativo,26/04/2020
2611606-055,2023,PE,RECIFE,2611606,ABREE,Ponto de consolidação,Ativo,01/05/2022
2901957-000,2023,BA,Apuarema,2901957,Green Eletron,PEV fixo,Ativo,23/09/2022
2927408-054,2023,BA,Salvador,2927408,Green Eletron,PEV fixo,Ativo,25/12/2020
2927408-137,2023,BA,SALVADOR,2927408,ABREE,PEV fixo,Ativo,04/01/2023
1400027-000,2023,RR,Amajari,1400027,Green Eletron,PEV fixo,Ativo,11/08/2023
2927408-093,2023,BA,Salvador,2927408,ABREE,PEV fixo,Ativo,02/10/2021
1200450-000,2023,AC,Senador Guiomard,1200450,ABREE,PEV fixo,Ativo,19/08/2022
2304400-056,2023,CE,Fortaleza,2304400,Green Eletron,PEV fixo,Ativo,12/03/2021
3550308-050,2023,SP,  São Paulo ,3550308,ABREE,PEV fixo,Ativo,23/12/2019
2605707-000,2023,PE,FLORESTA,2605707,ABREE,Campanha itinerante,Ativo,02/03/2021
4312104-000,2023,RS,Mata,4312104,ABREE,PEV fixo,Ativo,06/06/2019
3532157-000,2023,SP,Nantes,3532157,ABREE,PEV fixo,Ativo,10/04/2019
3550308-095,2023,SP,São Paulo,3550308,ABREE,PEV fixo,Ativo,22/09/2019
3301207-001,2023,RJ,Carmo,3301207,ABREE,PEV fixo,Ativo,04/08/2021
3305307-015,2023,RJ,São Sebastião do Alto,3305307,ABREE,PEV fixo,Ativo,03/04/2022
2611606-040,2023,PE,Recife,2611606,Green Eletron,Campanha itinerante,Ativo,25/04/2021
3550308-283,2023,SP,Sao Paulo,3550308,Sistema individual,PEV fixo,Ativo,27/03/2022
3549508-004,2023,SP,São José da Bela Vista,3549508,ABREE,PEV fixo,Ativo,19/07/2020
4201505-001,2023,SC,Armazém,4201505,ABREE,PEV fixo,Ativo,21/04/2023
1501402-018,2023,PA,Belem,1501402,Green Eletron,PEV fixo,Ativo,08/02/2022
5221197-000,2023,GO,Terezopolis de Goias,5221197,ABREE,Ponto de consolidação,Ativo,03/06/2020
2704302-010,2023,AL,Maceió,2704302,ABREE,PEV fixo,Ativo,24/06/2023
3126901-001,2023,MG,Frei Inocencio,,Sistema individual,PEV fixo,Ativo,09/03/2022
3139201-000,2023,MG,Malacacheta,3139201,ABREE,PEV fixo,Ativo,19/02/2019
2401107-000,2023,RN,AREIA BRANCA,2401107,Green Eletron,PEV fixo,Ativo,14/04/2023
3301876-002,2023,RJ,Iguaba Grande,3301876,Sistema individual,PEV fixo,Ativo,14/11/2020
1507151-003,2023,PA,SÃO DOMINGOS DO ARAGUAIA,1507151,Green Eletron,PEV fixo,Ativo,18/04/2020
3161056-000,2023,MG,São Félix de Minas,3161056,ABREE,Ponto de consolidação,Ativo,26/10/2021
3301108-022,2023,RJ,Cantagalo,3301108,Green Eletron,PEV fixo,Ativo,12/06/2023
3304557-187,2023,RJ,  Rio de Janeiro ,,ABREE,PEV fixo,Ativo,05/02/2023
2311504-000,2023,CE,Quixeré,2311504,ABREE,PEV fixo,Ativo,20/10/2021
2206720-000,2023,PI,NAZÁRIA,2206720,Green Eletron,PEV fixo,Ativo,16/05/2022
3550308-036,2023,SP,  São Paulo ,3550308,Sistema individual,PEV fixo,Ativo,27/01/2019
4303202-000,2023,RS,Cacique Doble,4303202,ABREE,PEV fixo,Ativo,01/10/2021
1600303-000,2023,AP,Macapá,1600303,Green Eletron,PEV fixo,Ativo,09/07/2020
4314902-155,2023,RS,PORTO ALEGRE,4314902,ABREE,PEV fixo,Ativo,12/12/2023
1721000-011,2023,TO,Palmas,1721000,Sistema individual,PEV fixo,Ativo,10/05/2022
4106902-074,2023,PR,Curitiba,4106902,Green Eletron,PEV fixo,Ativo,12/04/2023
3155207-000,2023,MG,RIO ESPERA,3155207,ABREE,Ponto de consolidação,Ativo,05/04/2019
2603926-000,2023,PE,CARNAUBEIRA DA PENHA,2603926,Sistema individual,Ponto de consolidação,Ativo,03/03/2021
4220000-002,2023,SC,BALNEÁRIO RINCÃO,4220000,ABREE,PEV fixo,Ativo,15/02/2022
3302106-005,2023,RJ,Itaocara,3302106,ABREE,Campanha itinerante,Ativo,04/09/2022
4314902-009,2023,RS,PORTO ALEGRE,4314902,ABREE,PEV fixo,Ativo,13/05/2020
4307831-000,2023,RS,Eugênio de Castro,4307831,ABREE,PEV fixo,Ativo,10/07/2020
5300108-059,2023,DF,Brasília,5300108,ABREE,PEV fixo,Ativo,05/09/2021
2610509-000,2023,PE,PASSIRA,2610509,Green Eletron,PEV fixo,Ativo,05/06/2019
3106200-238,2023,MG,Belo Horizonte,3106200,Green Eletron,Campanha itinerante,Ativo,11/06/2023
3541653-000,2023,SP,QUADRA,3541653,ABREE,PEV fixo,Ativo,28/09/2020
3546009-000,2023,SP,SANTA BRANCA,3546009,ABREE,PEV fixo,Ativo,16/08/2019
4302659-001,2023,RS,  Brochier ,4302659,Green Eletron,PEV fixo,Ativo,01/10/2022
5208707-005,2023,GO,Goiânia,5208707,ABREE,PEV fixo,Ativo,08/10/2019
3547304-000,2023,SP,Santana de Parnaíba,3547304,ABREE,PEV fixo,Ativo,05/04/2019
1502764-000,2023,PA,Cumaru do Norte,1502764,Green Eletron,PEV fixo,Ativo,14/12/2023
4314902-029,2023,RS,Porto Alegre,4314902,Green Eletron,PEV fixo,Ativo,17/03/2020
2500304-000,2023,PB,Alagoa Grande,2500304,ABREE,PEV fixo,Ativo,15/06/2023
2411007-000,2023,RN,RODOLFO FERNANDES,2411007,ABREE,PEV fixo,Ativo,10/07/2023
3300902-006,2023,RJ,CAMBUCI,3300902,Green Eletron,PEV fixo,Ativo,06/11/2023
2918506-000,2023,BA,Jussara,2918506,ABREE,PEV fixo,Ativo,20/08/2020
2927408-061,2023,BA,Salvador,2927408,Green Eletron,PEV fixo,Ativo,20/04/2020
3106606-001,2023,MG,BERTÓPOLIS,3106606,Sistema individual,Campanha itinerante,Ativo,10/08/2023
2405900-000,2023,RN,  João Dias ,2405900,ABREE,PEV fixo,Ativo,26/06/2019
2930600-000,2023,BA,Serrolândia,2930600,ABREE,PEV fixo,Ativo,12/12/2022
2509107-000,2023,PB,Mari,2509107,ABREE,Campanha itinerante,Ativo,18/12/2020
1200104-000,2023,AC,Brasiléia,1200104,Green Eletron,PEV fixo,Ativo,07/02/2020
3304144-001,2023,RJ,Queimados,3304144,Green Eletron,PEV fixo,Ativo,18/03/2020
4106902-021,2023,PR,CURITIBA,4106902,ABREE,PEV fixo,Inativo,25/04/2020
3121001-000,2023,MG,Datas,3121001,ABREE,PEV fixo,Ativo,23/04/2019
5300108-036,2023,DF,Brasilia,5300108,ABREE,PEV fixo,Ativo,16/01/2020
3519303-000,2023,SP,IBATÉ,3519303,ABREE,Campanha itinerante,Ativo,22/09/2023
3551900-004,2023,SP,Severínia,3551900,ABREE,PEV fixo,Ativo,02/10/2023
2806305-000,2023,SE,SANTA LUZIA DO ITANHY,2806305,Green Eletron,PEV fixo,Ativo,13/11/2020
2615102-001,2023,PE,  Terezinha ,2615102,Green Eletron,PEV fixo,Ativo,27/01/2019
3531506-000,2023,SP,Monte Azul Paulista,3531506,ABREE,PEV fixo,Ativo,28/12/2023
3550308-231,2023,SP,São Paulo,3550308,ABREE,PEV fixo,Ativo,02/07/2021
2504009-000,2023,PB,Campina Grande,2504009,Green Eletron,PEV fixo,Ativo,06/02/2022
4321709-000,2023,RS,Três Coroas,4321709,ABREE,PEV fixo,Ativo,03/04/2020
3506706-000,2023,SP,BOA ESPERANÇA DO SUL,3506706,Green Eletron,PEV fixo,Ativo,13/07/2022
4209458-000,2023,SC,Lajeado Grande,4209458,Green Eletron,PEV fixo,Ativo,06/08/2021
5102504-000,2023,MT,Cáceres,5102504,Green Eletron,Ponto de consolidação,Ativo,13/07/2023
1500701-000,2023,PA,  Anajás ,1500701,Green Eletron,PEV fixo,Ativo,26/03/2022
3106200-220,2023,MG,Belo Horizonte,3106200,ABREE,Ponto de consolidação,Ativo,07/07/2022
1600600-000,2023,AP,SANTANA,1600600,ABREE,PEV fixo,Ativo,01/05/2023
3549508-002,2023,SP,Sao Jose da Bela Vista,3549508,ABREE,PEV fixo,Ativo,15/01/2019
1501402-021,2023,PA,Belem,1501402,Green Eletron,PEV fixo,Ativo,04/05/2022
5103403-010,2023,MT,CUIABÁ,5103403,ABREE,PEV fixo,Ativo,21/04/2022
1300029-002,2023,AM,ALVARÃES,1300029,Green Eletron,PEV fixo,Ativo,04/06/2019
3550308-197,2023,SP,SÃO PAULO,3550308,ABREE,PEV fixo,Inativo,26/11/2021
3520442-002,2023,SP,Ilha Solteira,3520442,ABREE,PEV fixo,Ativo,09/09/2023
3515350-000,2023,SP,EUCLIDES DA CUNHA PAULISTA,3515350,ABREE,PEV fixo,Ativo,08/11/2023
3106200-182,2023,MG,Belo Horizonte,3106200,ABREE,PEV fixo,Ativo,20/02/2022
4317905-002,2023,RS,Santo Cristo,4317905,Green Eletron,PEV fixo,Ativo,16/04/2023
2211001-014,2023,PI,  Teresina ,2211001,ABREE,PEV fixo,Ativo,24/12/2021
4307906-000,2023,RS,Farroupilha,4307906,ABREE,PEV fixo,Ativo,22/10/2019
3302403-010,2023,RJ,Macae,3302403,ABREE,PEV fixo,Ativo,25/08/2021
3505203-006,2023,SP,BARIRI,3505203,ABREE,PEV fixo,Ativo,01/04/2022
3301405-002,2023,RJ,CONCEIÇÃO DE MACABU,3301405,ABREE,PEV fixo,Ativo,16/09/2019
2300705-006,2023,CE,ALTO SANTO,2300705,ABREE,PEV fixo,Ativo,27/02/2021
2903409-001,2023,BA,Belmonte,2903409,Green Eletron,PEV fixo,Ativo,10/07/2023
2927408-048,2023,BA,Salvador,2927408,Green Eletron,PEV fixo,Ativo,25/11/2020
1101807-000,2023,RO,VALE DO PARAÍSO,1101807,Green Eletron,PEV fixo,Ativo,09/08/2019
4314050-000,2023,RS,  Parobé ,4314050,Green Eletron,PEV fixo,Ativo,12/10/2023
1501402-003,2023,PA,Belem,1501402,Green Eletron,PEV fixo,Ativo,28/01/2020
3304755-000,2023,RJ,São Francisco de Itabapoana,3304755,Green Eletron,PEV fixo,Ativo,02/02/2021
2111300-035,2023,MA,São Luís,2111300,ABREE,PEV fixo,Ativo,02/10/2020
3132800-000,2023,MG,Itambé do Mato Dentro,3132800,Green Eletron,PEV fixo,Ativo,11/10/2020
2304400-086,2023,CE,FORTALEZA,2304400,Green Eletron,PEV fixo,Ativo,24/11/2022
3122801-000,2023,MG,Dom Viçoso,3122801,Green Eletron,PEV fixo,Ativo,14/01/2023
3550308-115,2023,SP,Sao Paulo,3550308,Green Eletron,Ponto de consolidação,Ativo,25/08/2020
3550308-201,2023,SP,Sao Paulo,3550308,Green Eletron,PEV fixo,Ativo,20/11/2021
3130903-000,2023,MG,Inhapim,3130903,ABREE,PEV fixo,Ativo,07/01/2022
1302553-000,2023,AM,Manaquiri,,ABREE,PEV fixo,Ativo,08/10/2020
3300308-002,2023,RJ,Barra do Piraí,3300308,ABREE,PEV fixo,Ativo,17/06/2019
2111300-013,2023,MA,SÃO LUÍS,2111300,Sistema individual,PEV fixo,Ativo,25/09/2019
2903235-001,2023,BA,Barro Alto,2903235,Green Eletron,PEV fixo,Ativo,07/04/2021
4211256-000,2023,SC,Morro Grande,,Green Eletron,PEV fixo,Ativo,17/10/2021
2903508-003,2023,BA,BELO CAMPO,2903508,ABREE,PEV fixo,Ativo,20/02/2022
2708600-000,2023,AL,São Miguel dos Campos,2708600,Green Eletron,PEV fixo,Ativo,17/03/2020
3301702-000,2023,RJ,Duque de Caxias,3301702,ABREE,PEV fixo,Ativo,13/07/2019
4204251-000,2023,SC,COCAL DO SUL,4204251,Sistema individual,PEV fixo,Ativo,06/12/2023
3550308-219,2023,SP,  São Paulo ,3550308,ABREE,Ponto de consolidação,Ativo,24/07/2021
2304400-088,2023,CE,Fortaleza,2304400,ABREE,Campanha itinerante,Ativo,11/03/2022
3522208-000,2023,SP,ITAPECERICA DA SERRA,3522208,ABREE,PEV fixo,Ativo,11/10/2020
4219101-001,2023,SC,Vargeão,4219101,Green Eletron,Campanha itinerante,Ativo,20/05/2022
4120903-000,2023,PR,Quedas do Iguacu,4120903,Green Eletron,PEV fixo,Ativo,22/06/2019
4208500-000,2023,SC,Ituporanga,4208500,Green Eletron,Ponto de consolidação,Ativo,07/05/2021
2927408-114,2023,BA,Salvador,2927408,ABREE,Ponto de consolidação,Ativo,15/04/2022
1718865-000,2023,TO,Santa Fé do Araguaia,1718865,ABREE,Ponto de consolidação,Ativo,09/08/2019
2111300-101,2023,MA,Sao Luis,2111300,Green Eletron,Ponto de consolidação,Ativo,10/05/2023
3169505-000,2023,MG,  Tumiritinga ,3169505,ABREE,PEV fixo,Ativo,12/01/2019
5002704-000,2023,MS,Campo Grande,5002704,ABREE,PEV fixo,Ativo,11/03/2020
3304557-139,2023,RJ,Rio de Janeiro,3304557,ABREE,PEV fixo,Ativo,24/09/2022
3513009-004,2023,SP,COTIA,3513009,Green Eletron,PEV fixo,Ativo,14/08/2020
3300902-002,2023,RJ,Cambuci,3300902,ABREE,PEV fixo,Ativo,09/12/2020
3121803-000,2023,MG,Dionísio,3121803,ABREE,PEV fixo,Ativo,15/08/2019
2931301-000,2023,BA,TAPIRAMUTÁ,2931301,ABREE,PEV fixo,Ativo,01/03/2022
2927408-034,2023,BA,Salvador,2927408,Sistema individual,PEV fixo,Ativo,08/09/2019
2930105-000,2023,BA,  Senhor do Bonfim ,2930105,ABREE,Campanha itinerante,Ativo,06/05/2021
3130606-000,2023,MG,Inconfidentes,3130606,ABREE,PEV fixo,Ativo,27/10/2020
4305959-000,2023,RS,COTIPORÃ,4305959,Green Eletron,PEV fixo,Ativo,08/06/2021
5207535-000,2023,GO,Faina,5207535,Green Eletron,PEV fixo,Ativo,07/12/2022
3552502-001,2023,SP,Suzano,3552502,ABREE,PEV fixo,Ativo,11/02/2022
2408102-019,2023,RN,Natal,2408102,Green Eletron,PEV fixo,Ativo,24/04/2023
1703057-000,2023,TO,BANDEIRANTES DO TOCANTINS,1703057,Green Eletron,PEV fixo,Ativo,13/04/2023
5300108-017,2023,DF,Brasília,5300108,ABREE,PEV fixo,Ativo,12/04/2019
2109106-001,2023,MA,Presidente Dutra,2109106,ABREE,PEV fixo,Ativo,10/12/2023
2800308-020,2023,SE,Aracaju,2800308,ABREE,PEV fixo,Ativo,14/06/2022
3301702-001,2023,RJ,Duque de Caxias,,Green Eletron,Ponto de consolidação,Ativo,11/11/2022
1100205-005,2023,RO,Porto Velho,1100205,ABREE,Ponto de consolidação,Ativo,26/06/2021
2616308-001,2023,PE,Vicencia,2616308,Green Eletron,PEV fixo,Ativo,26/11/2023
2111300-102,2023,MA,Sao Luis,2111300,Green Eletron,Campanha itinerante,Ativo,13/11/2023
4205407-030,2023,SC,Florianópolis,4205407,Green Eletron,PEV fixo,Ativo,26/09/2020
3166956-000,2023,MG,SERRANÓPOLIS DE MINAS,3166956,Green Eletron,PEV fixo,Ativo,18/12/2020
3546009-003,2023,SP,Santa Branca,3546009,Green Eletron,PEV fixo,Ativo,02/03/2020
2508109-000,2023,PB,LAGOA,2508109,ABREE,PEV fixo,Ativo,28/12/2022
5104542-000,2023,MT,Itanhangá,5104542,Green Eletron,PEV fixo,Ativo,12/05/2021
4220000-000,2023,SC,Balneario Rincao,4220000,ABREE,Campanha itinerante,Ativo,28/04/2021
1721000-009,2023,TO,Palmas,1721000,Green Eletron,PEV fixo,Ativo,01/02/2022
3557006-005,2023,SP,Votorantim,3557006,ABREE,Ponto de consolidação,Ativo,21/04/2022
3541653-004,2023,SP,QUADRA,3541653,ABREE,PEV fixo,Ativo,02/07/2021
3106200-020,2023,MG,  Belo Horizonte ,3106200,ABREE,PEV fixo,Ativo,17/08/2020
2406155-000,2023,RN,Jundiá,2406155,ABREE,PEV fixo,Ativo,23/03/2022
2803807-000,2023,SE,Malhada dos Bois,2803807,Sistema individual,PEV fixo,Ativo,14/09/2019
2504405-000,2023,PB,Conceicao,2504405,ABREE,PEV fixo,Ativo,11/03/2022
1701002-000,2023,TO,ANANÁS,1701002,Green Eletron,PEV fixo,Ativo,12/01/2022
3550308-247,2023,SP,SÃO PAULO,3550308,Green Eletron,Ponto de consolidação,Ativo,25/11/2021
2611606-051,2023,PE,RECIFE,2611606,Green Eletron,PEV fixo,Ativo,09/07/2021
4314902-100,2023,RS,Porto Alegre,4314902,ABREE,PEV fixo,Ativo,15/06/2022
3546603-000,2023,SP,Santa Fé do Sul,3546603,Green Eletron,Ponto de consolidação,Ativo,04/06/2020
3109253-000,2023,MG,Bugre,3109253,Green Eletron,PEV fixo,Ativo,09/02/2020
3538808-019,2023,SP,PIRAJU,3538808,Sistema individual,Ponto de consolidação,Ativo,11/07/2021
4314902-010,2023,RS,Porto Alegre,4314902,Green Eletron,PEV fixo,Ativo,20/02/2020
4317608-000,2023,RS,SANTO ANTÔNIO DA PATRULHA,4317608,ABREE,PEV fixo,Ativo,19/02/2020
1302603-012,2023,AM,Manaus,1302603,ABREE,PEV fixo,Ativo,16/07/2023
2408102-015,2023,RN,Natal,2408102,ABREE,PEV fixo,Ativo,07/06/2022
4106902-072,2023,PR,Curitiba,4106902,Sistema individual,PEV fixo,Ativo,15/09/2023
3550308-058,2023,SP,SÃO PAULO,3550308,ABREE,PEV fixo,Ativo,06/05/2019
2203800-000,2023,PI,Flores do Piauí,2203800,ABREE,PEV fixo,Ativo,20/06/2023
2308609-000,2023,CE,Monsenhor Tabosa,2308609,ABREE,Campanha itinerante,Ativo,08/11/2021
3170206-000,2023,MG,Uberlandia,3170206,ABREE,PEV fixo,Ativo,06/07/2021
1703305-000,2023,TO,BOM JESUS DO TOCANTINS,1703305,Green Eletron,PEV fixo,Ativo,12/01/2019
3550308-109,2023,SP,São Paulo,3550308,Sistema individual,PEV fixo,Ativo,03/06/2020
3533908-000,2023,SP,Olímpia,3533908,ABREE,PEV fixo,Ativo,24/09/2020
2208874-000,2023,PI,Ribeira do Piaui,2208874,ABREE,PEV fixo,Ativo,28/03/2022
2917300-000,2023,BA,Itubera,2917300,ABREE,PEV fixo,Ativo,24/11/2022
2602902-008,2023,PE,Cabo de Santo Agostinho,2602902,ABREE,Ponto de consolidação,Ativo,14/10/2022
2106508-000,2023,MA,MATINHA,2106508,ABREE,PEV fixo,Ativo,23/06/2020
3304557-154,2023,RJ,Rio de Janeiro,3304557,ABREE,PEV fixo,Ativo,21/10/2022
2507507-015,2023,PB,João Pessoa,2507507,ABREE,PEV fixo,Ativo,18/04/2023
4205407-010,2023,SC,Florianópolis,4205407,ABREE,PEV fixo,Ativo,15/01/2019
2408102-004,2023,RN,Natal,2408102,ABREE,PEV fixo,Ativo,20/03/2020
2927408-082,2023,BA,Salvador,2927408,Green Eletron,PEV fixo,Ativo,22/11/2021
4205407-042,2023,SC,Florianópolis,4205407,Green Eletron,Campanha itinerante,Ativo,28/08/2020
2927408-129,2023,BA,Salvador,2927408,ABREE,PEV fixo,Ativo,19/01/2022
2304400-003,2023,CE,FORTALEZA,2304400,ABREE,PEV fixo,Ativo,25/02/2019
4205407-004,2023,SC,Florianópolis,4205407,ABREE,PEV fixo,Ativo,27/03/2019
2414001-000,2023,RN,Tangará,,Green Eletron,PEV fixo,Ativo,01/06/2021
2602803-000,2023,PE,Buíque,2602803,Green Eletron,PEV fixo,Ativo,22/04/2019
3304557-125,2023,RJ,Rio de Janeiro,3304557,ABREE,PEV fixo,Ativo,03/01/2022
3542602-000,2023,SP,Registro,3542602,Green Eletron,PEV fixo,Ativo,23/11/2019
2107100-000,2023,MA,Morros,2107100,Green Eletron,PEV fixo,Ativo,05/02/2020
2111201-000,2023,MA,Sao Jose de Ribamar,2111201,ABREE,PEV fixo,Ativo,17/08/2021
2616183-006,2023,PE,Vertente do Lério,2616183,Green Eletron,PEV fixo,Ativo,09/06/2021
2308401-000,2023,CE,Missão Velha,2308401,ABREE,PEV fixo,Ativo,12/04/2021
5218607-000,2023,GO,Rialma,5218607,Green Eletron,Campanha itinerante,Ativo,11/04/2023
2910008-000,2023,BA,DÁRIO MEIRA,2910008,ABREE,PEV fixo,Ativo,25/03/2019
2111300-005,2023,MA,SÃO LUÍS,2111300,Sistema individual,PEV fixo,Ativo,24/10/2019
3160207-007,2023,MG,Santo Antônio do Itambé,3160207,ABREE,PEV fixo,Ativo,22/05/2021
2907707-000,2023,BA,Chorrocho,2907707,Green Eletron,PEV fixo,Ativo,01/07/2022
2919801-000,2023,BA,MACAÚBAS,2919801,Green Eletron,PEV fixo,Ativo,21/12/2019
2210623-000,2023,PI,Sebastião Barros,2210623,ABREE,PEV fixo,Ativo,16/07/2022
3304557-182,2023,RJ,RIO DE JANEIRO,3304557,ABREE,PEV fixo,Ativo,06/01/2023
4106902-084,2023,PR,Curitiba,4106902,Green Eletron,Campanha itinerante,Ativo,24/03/2023
1304005-001,2023,AM,Silves,1304005,ABREE,Campanha itinerante,Ativo,08/06/2020
2504074-000,2023,PB,CARAÚBAS,2504074,ABREE,PEV fixo,Ativo,22/02/2019
2914208-000,2023,BA,IRAJUBA,2914208,ABREE,PEV fixo,Ativo,23/06/2020
3301108-023,2023,RJ,Cantagalo,3301108,Green Eletron,Ponto de consolidação,Ativo,10/06/2023
5300108-038,2023,DF,Brasília,5300108,Green Eletron,PEV fixo,Ativo,26/07/2020
3304557-054,2023,RJ,Rio de Janeiro,3304557,Green Eletron,Campanha itinerante,Ativo,25/10/2020
4115457-000,2023,PR,Marquinho,4115457,ABREE,PEV fixo,Ativo,11/01/2019
2111300-057,2023,MA,São Luís,2111300,Green Eletron,PEV fixo,Ativo,06/12/2021
3510104-000,2023,SP,Candido Rodrigues,3510104,ABREE,PEV fixo,Ativo,05/03/2022
2927408-124,2023,BA,Salvador,2927408,Green Eletron,PEV fixo,Ativo,13/09/2022
2927408-106,2023,BA,Salvador,2927408,Green Eletron,PEV fixo,Ativo,10/12/2022
2611606-037,2023,PE,Recife,2611606,ABREE,PEV fixo,Ativo,27/12/2021
3515301-000,2023,SP,Estrela do Norte,3515301,Green Eletron,Ponto de consolidação,Ativo,09/07/2023
5002704-005,2023,MS,Campo Grande,5002704,Green Eletron,PEV fixo,Ativo,07/08/2021
3125101-000,2023,MG,Extrema,3125101,ABREE,PEV fixo,Ativo,24/08/2020
2210391-000,2023,PI,SÃO MIGUEL DO FIDALGO,2210391,Sistema individual,PEV fixo,Ativo,19/09/2019
3304557-026,2023,RJ,Rio de Janeiro,3304557,Green Eletron,PEV fixo,Ativo,03/05/2020
3550308-248,2023,SP,SÃO PAULO,3550308,Green Eletron,PEV fixo,Ativo,18/04/2021
3158201-000,2023,MG,Santa Maria do Suaçuí,3158201,ABREE,Campanha itinerante,Ativo,05/07/2022
2611606-002,2023,PE,  Recife ,2611606,Green Eletron,PEV fixo,Ativo,28/11/2020
2111300-081,2023,MA,São Luís,2111300,ABREE,PEV fixo,Ativo,04/11/2022
3106200-144,2023,MG,Belo Horizonte,3106200,Green Eletron,PEV fixo,Ativo,22/03/2021
1300706-003,2023,AM,Boca do Acre,1300706,ABREE,PEV fixo,Ativo,26/05/2021
4200408-000,2023,SC,Água Doce,4200408,Green Eletron,Campanha itinerante,Ativo,24/08/2020
4307302-000,2023,RS,Erval Seco,4307302,Green Eletron,PEV fixo,Ativo,05/02/2022
3205309-018,2023,ES,Vitória,3205309,ABREE,Campanha itinerante,Ativo,06/09/2022
3109105-000,2023,MG,BUENO BRANDÃO,3109105,Green Eletron,Ponto de consolidação,Ativo,21/05/2022
3301108-002,2023,RJ,Cantagalo,3301108,ABREE,Ponto de consolidação,Ativo,14/07/2020
4323002-000,2023,RS,VIAMÃO,4323002,ABREE,PEV fixo,Ativo,13/11/2019
5219902-000,2023,GO,São Francisco de Goiás,5219902,Sistema individual,PEV fixo,Ativo,03/01/2019
2405801-000,2023,RN,João Câmara,2405801,Green Eletron,Ponto de consolidação,Ativo,05/06/2020
4128401-005,2023,PR,URAÍ,4128401,Green Eletron,Ponto de consolidação,Ativo,01/08/2023
3304557-019,2023,RJ,Rio de Janeiro,3304557,ABREE,PEV fixo,Ativo,20/04/2020
2112209-000,2023,MA,Timon,2112209,ABREE,PEV fixo,Ativo,06/07/2021
2111300-059,2023,MA,São Luís,2111300,Green Eletron,Campanha itinerante,Ativo,18/05/2021
3302908-001,2023,RJ,  Miguel Pereira ,3302908,Sistema individual,PEV fixo,Ativo,12/11/2019
4205407-086,2023,SC,Florianópolis,4205407,Green Eletron,PEV fixo,Ativo,22/09/2023
2304400-085,2023,CE,  Fortaleza ,2304400,ABREE,PEV fixo,Inativo,06/11/2022
4106902-031,2023,PR,Curitiba,4106902,ABREE,PEV fixo,Ativo,21/02/2021
2210607-000,2023,PI,SÃO RAIMUNDO NONATO,2210607,ABREE,PEV fixo,Ativo,06/05/2023
5200902-000,2023,GO,Amorinópolis,5200902,Green Eletron,PEV fixo,Inativo,28/05/2019
2111300-001,2023,MA,São Luís,2111300,Green Eletron,PEV fixo,Ativo,20/05/2019
4314902-037,2023,RS,Porto Alegre,4314902,Green Eletron,PEV fixo,Ativo,04/08/2020
3106200-138,2023,MG,Belo Horizonte,3106200,Green Eletron,PEV fixo,Ativo,19/12/2021
5002159-000,2023,MS,BODOQUENA,5002159,ABREE,PEV fixo,Ativo,25/12/2021
2903508-004,2023,BA,Belo Campo,2903508,ABREE,PEV fixo,Ativo,04/02/2023
3106200-100,2023,MG,BELO HORIZONTE,3106200,ABREE,PEV fixo,Ativo,07/07/2021
2404200-000,2023,RN,GOIANINHA,2404200,Green Eletron,PEV fixo,Ativo,10/09/2023
2109304-001,2023,MA,PRESIDENTE VARGAS,2109304,ABREE,PEV fixo,Ativo,24/04/2023
3304144-002,2023,RJ,QUEIMADOS,3304144,Green Eletron,PEV fixo,Ativo,16/05/2021
4106902-048,2023,PR,Curitiba,4106902,Sistema individual,PEV fixo,Ativo,28/07/2022
4310652-000,2023,RS,  Itati ,4310652,Sistema individual,PEV fixo,Ativo,03/02/2019
2904001-000,2023,BA,  Boninal ,2904001,Green Eletron,PEV fixo,Ativo,14/05/2023
3147709-000,2023,MG,Passa Tempo,3147709,ABREE,PEV fixo,Ativo,25/03/2022
3550308-340,2023,SP,São Paulo,3550308,Green Eletron,PEV fixo,Ativo,12/09/2023
4128625-000,2023,PR,Alto Paraiso,4128625,Green Eletron,PEV fixo,Ativo,25/11/2022
2111300-056,2023,MA,São Luís,2111300,Green Eletron,PEV fixo,Ativo,09/07/2021
3549250-002,2023,SP,São João de Iracema,3549250,ABREE,PEV fixo,Ativo,23/12/2020
2211001-004,2023,PI,Teresina,2211001,Green Eletron,Campanha itinerante,Ativo,21/10/2019
4115457-003,2023,PR,Marquinho,4115457,ABREE,PEV fixo,Ativo,26/04/2020
3150109-000,2023,MG,Piau,3150109,ABREE,PEV fixo,Ativo,10/02/2019
2921500-000,2023,BA,MONTE SANTO,2921500,ABREE,PEV fixo,Ativo,02/07/2019
3153301-000,2023,MG,Presidente Kubitschek,3153301,ABREE,Campanha itinerante,Ativo,08/01/2019
2402105-000,2023,RN,Campo Redondo,2402105,ABREE,PEV fixo,Ativo,14/08/2019
2515708-000,2023,PB,Serra Grande,2515708,Sistema individual,PEV fixo,Ativo,19/01/2022
5208707-009,2023,GO,GOIÂNIA,5208707,Green Eletron,PEV fixo,Ativo,19/05/2020
5215207-006,2023,GO,Novo Brasil,5215207,Sistema individual,PEV fixo,Ativo,03/05/2021
3106200-218,2023,MG,BELO HORIZONTE,3106200,ABREE,PEV fixo,Ativo,18/12/2022
3140605-000,2023,MG,Materlândia,3140605,ABREE,Campanha itinerante,Ativo,04/11/2021
3530409-000,2023,SP,Mirassolandia,3530409,ABREE,PEV fixo,Ativo,21/05/2022
2604601-000,2023,PE,Condado,,ABREE,PEV fixo,Ativo,06/07/2022
1718659-000,2023,TO,Rio da Conceição,1718659,ABREE,PEV fixo,Ativo,28/03/2021
3550308-267,2023,SP,SÃO PAULO,3550308,ABREE,PEV fixo,Ativo,16/11/2022
5002704-003,2023,MS,  Campo Grande ,5002704,Green Eletron,PEV fixo,Ativo,07/11/2020
4124400-001,2023,PR,  Santo Antônio do Sudoeste ,4124400,Sistema individual,Campanha itinerante,Ativo,20/05/2022
4106605-000,2023,PR,CRUZEIRO DO OESTE,4106605,Green Eletron,Ponto de consolidação,Ativo,02/03/2023
4219309-000,2023,SC,VIDEIRA,4219309,ABREE,PEV fixo,Ativo,05/12/2021
3531308-002,2023,SP,Monte Alto,3531308,Green Eletron,Campanha itinerante,Ativo,06/04/2022
3550308-184,2023,SP,São Paulo,3550308,ABREE,PEV fixo,Ativo,03/03/2021
2918704-000,2023,BA,Lafaiete Coutinho,2918704,Green Eletron,PEV fixo,Ativo,25/08/2019
3106200-148,2023,MG,Belo Horizonte,3106200,Green Eletron,PEV fixo,Ativo,15/05/2021
3542602-003,2023,SP,Registro,3542602,ABREE,PEV fixo,Ativo,05/01/2020
2412708-000,2023,RN,SÃO PEDRO,2412708,ABREE,PEV fixo,Ativo,28/04/2019
4323309-000,2023,RS,VILA FLORES,4323309,ABREE,PEV fixo,Ativo,28/12/2021
3304201-004,2023,RJ,  Resende ,3304201,Green Eletron,PEV fixo,Ativo,01/05/2023
3550308-169,2023,SP,Sao Paulo,3550308,ABREE,PEV fixo,Ativo,24/11/2020
3203304-000,2023,ES,  Mantenópolis ,3203304,ABREE,Campanha itinerante,Inativo,18/03/2022
1721000-012,2023,TO,Palmas,1721000,ABREE,PEV fixo,Ativo,06/11/2023
4205407-071,2023,SC,Florianópolis,4205407,ABREE,PEV fixo,Ativo,03/09/2022
3106200-087,2023,MG,Belo Horizonte,3106200,Sistema individual,Campanha itinerante,Ativo,17/04/2020
4106902-041,2023,PR,Curitiba,4106902,ABREE,PEV fixo,Ativo,05/06/2021
3304557-177,2023,RJ,Rio de Janeiro,3304557,ABREE,PEV fixo,Ativo,12/03/2023
3550100-000,2023,SP,São Manuel,3550100,Green Eletron,PEV fixo,Ativo,28/10/2023
5108055-000,2023,MT,Terra Nova do Norte,5108055,Green Eletron,PEV fixo,Ativo,24/08/2019
2408102-018,2023,RN,NATAL,2408102,ABREE,PEV fixo,Ativo,04/06/2022
4314902-154,2023,RS,Porto Alegre,4314902,Green Eletron,PEV fixo,Ativo,26/10/2023
2309805-000,2023,CE,PACOTI,2309805,ABREE,Campanha itinerante,Ativo,11/08/2020
3532801-000,2023,SP,NOVA ALIANÇA,3532801,Sistema individual,PEV fixo,Ativo,25/03/2022
2924652-000,2023,BA,Pintadas,2924652,ABREE,PEV fixo,Ativo,12/04/2019
4310553-000,2023,RS,Itacurubi,,Green Eletron,PEV fixo,Ativo,19/09/2021
1506351-000,2023,PA,  Santa Bárbara do Pará ,1506351,ABREE,Campanha itinerante,Ativo,07/11/2020
3106200-080,2023,MG,Belo Horizonte,3106200,ABREE,PEV fixo,Ativo,12/01/2020
2607406-000,2023,PE,ITACURUBA,2607406,Green Eletron,Ponto de consolidação,Ativo,12/07/2020
4106902-002,2023,PR,Curitiba,4106902,ABREE,PEV fixo,Ativo,13/10/2020
3550308-288,2023,SP,São Paulo,3550308,Green Eletron,PEV fixo,Ativo,05/04/2022
1300508-001,2023,AM,Barreirinha,1300508,ABREE,PEV fixo,Ativo,27/05/2022
5108956-004,2023,MT,Nova Monte Verde,5108956,ABREE,PEV fixo,Ativo,02/11/2022
3550308-193,2023,SP,São Paulo,3550308,ABREE,Campanha itinerante,Ativo,03/06/2021
2932309-000,2023,BA,Ubatã,2932309,ABREE,PEV fixo,Inativo,14/07/2021
3550308-205,2023,SP,São Paulo,3550308,ABREE,PEV fixo,Ativo,20/08/2021
2304251-004,2023,CE,CRUZ,2304251,Green Eletron,PEV fixo,Ativo,23/01/2020
1100304-001,2023,RO,VILHENA,1100304,Green Eletron,PEV fixo,Ativo,21/12/2022
2313708-000,2023,CE,Umari,2313708,Green Eletron,PEV fixo,Ativo,16/12/2019
4321352-000,2023,RS,Tavares,4321352,ABREE,PEV fixo,Ativo,22/11/2020
3106200-211,2023,MG,BELO HORIZONTE,3106200,ABREE,PEV fixo,Ativo,28/05/2022
3101631-001,2023,MG,Alfredo Vasconcelos,3101631,Sistema individual,PEV fixo,Ativo,11/08/2022
1300029-001,2023,AM,Alvarães,1300029,Green Eletron,PEV fixo,Ativo,27/02/2019
2207801-000,2023,PI,Paulistana,2207801,Green Eletron,PEV fixo,Ativo,07/07/2022
1501402-027,2023,PA,Belém,1501402,ABREE,PEV fixo,Ativo,13/04/2023
2211001-022,2023,PI,Teresina,2211001,Green Eletron,PEV fixo,Ativo,17/03/2022
3304557-093,2023,RJ,RIO DE JANEIRO,3304557,Green Eletron,PEV fixo,Ativo,09/08/2021
1504208-002,2023,PA,Marabá,1504208,Green Eletron,PEV fixo,Ativo,07/09/2020
4317905-001,2023,RS,Santo Cristo,4317905,ABREE,PEV fixo,Ativo,03/04/2021
3538808-013,2023,SP,Piraju,3538808,Green Eletron,Ponto de consolidação,Ativo,17/08/2020
1100304-000,2023,RO,Vilhena,1100304,Green Eletron,Campanha itinerante,Ativo,03/12/2019
2101939-001,2023,MA,Bernardo do Mearim,2101939,Green Eletron,PEV fixo,Ativo,13/06/2019
3304557-062,2023,RJ,Rio de Janeiro,3304557,ABREE,PEV fixo,Inativo,09/05/2020
3106200-004,2023,MG,Belo Horizonte,3106200,Green Eletron,PEV fixo,Ativo,08/10/2020
1501907-000,2023,PA,Bujaru,1501907,ABREE,PEV fixo,Ativo,08/05/2021
5206206-000,2023,GO,Cristalina,5206206,ABREE,PEV fixo,Ativo,19/11/2023
3106200-245,2023,MG,Belo Horizonte,3106200,Green Eletron,PEV fixo,Ativo,02/04/2023
3147907-000,2023,MG,Passos,3147907,Sistema individual,PEV fixo,Ativo,03/11/2020
2927408-107,2023,BA,Salvador,2927408,Green Eletron,Campanha itinerante,Ativo,03/04/2022
2706109-000,2023,AL,Ouro Branco,2706109,Green Eletron,PEV fixo,Ativo,16/11/2023
2611606-060,2023,PE,Recife,2611606,Green Eletron,Ponto de consolidação,Ativo,11/11/2022
4201307-000,2023,SC,Araquari,4201307,Green Eletron,PEV fixo,Ativo,10/03/2019
3300233-000,2023,RJ,  Armação dos Búzios ,3300233,Green Eletron,PEV fixo,Ativo,18/07/2023
3304557-119,2023,RJ,Rio de Janeiro,3304557,Green Eletron,PEV fixo,Ativo,11/10/2022
3526407-000,2023,SP,Laranjal Paulista,3526407,ABREE,PEV fixo,Ativo,21/11/2020
2515906-000,2023,PB,SERRARIA,2515906,Green Eletron,PEV fixo,Ativo,17/01/2021
3531308-002,2023,SP,Monte Alto,3531308,Green Eletron,Campanha itinerante,Ativo,06/04/2022
2111300-062,2023,MA,São Luís,2111300,ABREE,PEV fixo,Ativo,09/04/2021
2920452-000,2023,BA,Mansidão,2920452,Green Eletron,PEV fixo,Ativo,21/07/2023
4106902-017,2023,PR,Curitiba,4106902,ABREE,Campanha itinerante,Ativo,09/08/2020
4205407-013,2023,SC,Florianópolis,4205407,Green Eletron,PEV fixo,Ativo,28/05/2019
2202604-000,2023,PI,Castelo do Piaui,2202604,Green Eletron,PEV fixo,Ativo,28/09/2022
2111300-098,2023,MA,São Luís,2111300,ABREE,PEV fixo,Ativo,04/03/2023
5103403-000,2023,MT,CUIABÁ,5103403,Green Eletron,PEV fixo,Ativo,13/10/2019
4205407-038,2023,SC,Florianópolis,4205407,Green Eletron,PEV fixo,Ativo,01/06/2020
3550308-330,2023,SP,São Paulo,3550308,ABREE,PEV fixo,Ativo,01/04/2023
3505500-000,2023,SP,Barretos,3505500,Green Eletron,PEV fixo,Ativo,15/04/2022
4314902-157,2023,RS,PORTO ALEGRE,4314902,Green Eletron,PEV fixo,Ativo,18/06/2023
3106200-091,2023,MG,Belo Horizonte,3106200,ABREE,PEV fixo,Ativo,16/04/2020
5300108-098,2023,DF,Brasília,5300108,ABREE,PEV fixo,Ativo,16/07/2023
3120607-000,2023,MG,Crucilandia,3120607,Sistema individual,Campanha itinerante,Ativo,14/09/2020
4114203-001,2023,PR,Mandaguari,4114203,Green Eletron,PEV fixo,Ativo,07/09/2023
3516606-000,2023,SP,Galia,3516606,ABREE,PEV fixo,Ativo,15/11/2021
3114600-001,2023,MG,CARRANCAS,3114600,Green Eletron,Campanha itinerante,Ativo,18/05/2023
4106902-016,2023,PR,  Curitiba ,4106902,ABREE,Campanha itinerante,Ativo,11/02/2020
2106672-000,2023,MA,Milagres do Maranhao,2106672,Sistema individual,PEV fixo,Ativo,08/09/2021
3303302-002,2023,RJ,Niterói,3303302,Green Eletron,Campanha itinerante,Ativo,19/02/2020
4205407-087,2023,SC,Florianópolis,4205407,ABREE,Campanha itinerante,Ativo,12/04/2023
2205250-000,2023,PI,Jardim do Mulato,2205250,Green Eletron,Ponto de consolidação,Ativo,08/10/2022
3301108-024,2023,RJ,Cantagalo,3301108,ABREE,PEV fixo,Ativo,21/09/2023
5300108-060,2023,DF,Brasília,5300108,ABREE,PEV fixo,Ativo,16/05/2021
2408102-022,2023,RN,NATAL,2408102,Green Eletron,PEV fixo,Ativo,09/10/2023
2900207-000,2023,BA,Abaré,2900207,Green Eletron,PEV fixo,Ativo,28/03/2022
3305307-000,2023,RJ,Sao Sebastiao do Alto,3305307,ABREE,PEV fixo,Ativo,17/12/2019
5220686-000,2023,GO,Simolândia,5220686,ABREE,PEV fixo,Ativo,07/12/2023
2905503-003,2023,BA,Caldeirão Grande,2905503,Green Eletron,PEV fixo,Ativo,25/04/2022
3304557-107,2023,RJ,Rio de Janeiro,3304557,Green Eletron,PEV fixo,Ativo,15/05/2021
3539509-001,2023,SP,Pitangueiras,3539509,ABREE,PEV fixo,Inativo,16/08/2020
2616100-000,2023,PE,  Verdejante ,2616100,Green Eletron,Campanha itinerante,Ativo,04/02/2019
3301876-003,2023,RJ,Iguaba Grande,3301876,ABREE,Campanha itinerante,Ativo,18/01/2020
2107506-000,2023,MA,Paco do Lumiar,2107506,ABREE,PEV fixo,Ativo,02/05/2019
4314902-103,2023,RS,Porto Alegre,4314902,Green Eletron,PEV fixo,Ativo,19/06/2022
4318440-000,2023,RS,SÃO JORGE,4318440,ABREE,Ponto de consolidação,Ativo,13/08/2019
2700607-000,2023,AL,Barra de Sao Miguel,2700607,ABREE,PEV fixo,Ativo,05/12/2021
2407708-000,2023,RN,Montanhas,2407708,ABREE,PEV fixo,Ativo,04/01/2021
2104081-000,2023,MA,Fernando Falcao,2104081,Green Eletron,PEV fixo,Ativo,05/04/2019
3519105-001,2023,SP,Iacanga,3519105,ABREE,PEV fixo,Ativo,10/02/2023
4127908-000,2023,PR,Tuneiras do Oeste,4127908,Green Eletron,Campanha itinerante,Ativo,26/10/2019
3109907-000,2023,MG,  Caetanópolis ,3109907,ABREE,PEV fixo,Ativo,22/03/2021
2924306-000,2023,BA,  Piatã ,2924306,Green Eletron,PEV fixo,Ativo,24/04/2019
2111300-042,2023,MA,Sao Luis,2111300,Green Eletron,PEV fixo,Ativo,10/07/2020
2405603-000,2023,RN,Jardim de Piranhas,2405603,Sistema individual,PEV fixo,Ativo,13/10/2021
3550308-194,2023,SP,Sao Paulo,3550308,Green Eletron,PEV fixo,Ativo,12/07/2021
3304557-188,2023,RJ,Rio de Janeiro,3304557,ABREE,PEV fixo,Ativo,12/02/2023
4302600-000,2023,RS,Braga,4302600,Green Eletron,PEV fixo,Ativo,12/12/2019
2903508-005,2023,BA,Belo Campo,2903508,ABREE,PEV fixo,Ativo,09/08/2023
2927408-066,2023,BA,Salvador,2927408,ABREE,PEV fixo,Ativo,23/10/2020
4106902-072,2023,PR,Curitiba,4106902,Sistema individual,PEV fixo,Ativo,15/09/2023
2927408-028,2023,BA,Salvador,2927408,Green Eletron,Ponto de consolidação,Ativo,21/10/2019
3106200-177,2023,MG,Belo Horizonte,3106200,Green Eletron,PEV fixo,Ativo,11/08/2022
5300108-073,2023,DF,Brasilia,5300108,ABREE,PEV fixo,Ativo,28/02/2022
3304557-162,2023,RJ,  Rio de Janeiro ,3304557,Green Eletron,PEV fixo,Ativo,24/10/2023
1720499-000,2023,TO,Sao Valerio,1720499,Green Eletron,PEV fixo,Ativo,21/09/2023
4106902-070,2023,PR,Curitiba,4106902,Green Eletron,PEV fixo,Ativo,21/08/2023
3502606-002,2023,SP,Aparecida d'Oeste,3502606,ABREE,PEV fixo,Ativo,03/02/2023
5208707-024,2023,GO,  Goiânia ,5208707,ABREE,PEV fixo,Ativo,06/05/2023
4207403-000,2023,SC,Imbuia,4207403,Green Eletron,PEV fixo,Ativo,13/04/2020
3114907-000,2023,MG,CASA GRANDE,3114907,Green Eletron,Ponto de consolidação,Ativo,17/03/2023
4106902-071,2023,PR,Curitiba,4106902,Green Eletron,Campanha itinerante,Ativo,26/04/2023
3550308-354,2023,SP,Sao Paulo,3550308,ABREE,PEV fixo,Ativo,22/09/2023
3304557-020,2023,RJ,Rio de Janeiro,3304557,Green Eletron,PEV fixo,Ativo,18/12/2020
2922656-001,2023,BA,Nordestina,2922656,ABREE,PEV fixo,Ativo,18/04/2019
3531308-000,2023,SP,Monte Alto,3531308,Green Eletron,Ponto de consolidação,Ativo,10/01/2019
2512721-000,2023,PB,Pedro Regis,2512721,Green Eletron,PEV fixo,Ativo,15/12/2019
3550308-042,2023,SP,São Paulo,3550308,ABREE,PEV fixo,Ativo,01/11/2019
4312807-000,2023,RS,Nova Araca,4312807,ABREE,Ponto de consolidação,Ativo,12/01/2020
5100300-001,2023,MT,ALTO ARAGUAIA,5100300,Green Eletron,PEV fixo,Ativo,17/10/2023
2111300-093,2023,MA,SÃO LUÍS,2111300,Green Eletron,PEV fixo,Ativo,14/11/2022
4107702-000,2023,PR,Fênix,4107702,ABREE,PEV fixo,Ativo,23/04/2020
4311700-000,2023,RS,Machadinho,4311700,ABREE,Campanha itinerante,Ativo,07/07/2023
2924603-002,2023,BA,Pindobaçu,2924603,ABREE,Campanha itinerante,Ativo,03/05/2021
4122602-000,2023,PR,Rondon,4122602,ABREE,PEV fixo,Ativo,03/08/2020
4322558-000,2023,RS,Vanini,4322558,ABREE,PEV fixo,Ativo,27/03/2023
3106200-026,2023,MG,Belo Horizonte,3106200,ABREE,PEV fixo,Ativo,04/06/2020
2927408-102,2023,BA,Salvador,2927408,Green Eletron,PEV fixo,Ativo,03/01/2022
2209658-000,2023,PI,São Francisco de Assis do Piauí,2209658,ABREE,PEV fixo,Ativo,18/06/2020
3153707-000,2023,MG,Quartel Geral,3153707,ABREE,PEV fixo,Ativo,20/11/2020
5300108-056,2023,DF,Brasília,5300108,ABREE,PEV fixo,Ativo,27/02/2021
4210407-000,2023,SC,Maracaja,4210407,Green Eletron,PEV fixo,Ativo,13/12/2019
4205456-000,2023,SC,Forquilhinha,4205456,ABREE,PEV fixo,Ativo,01/07/2019
3550308-188,2023,SP,Sao Paulo,3550308,ABREE,PEV fixo,Ativo,10/01/2021
3304557-034,2023,RJ,Rio de Janeiro,3304557,ABREE,PEV fixo,Ativo,18/03/2020
3304557-028,2023,RJ,Rio de Janeiro,3304557,Green Eletron,PEV fixo,Inativo,12/09/2020
5300108-065,2023,DF,Brasília,5300108,Green Eletron,PEV fixo,Ativo,11/10/2021
1501204-009,2023,PA,BAIÃO,1501204,ABREE,PEV fixo,Ativo,25/11/2022
2111300-080,2023,MA,Sao Luis,2111300,ABREE,PEV fixo,Inativo,17/08/2022
4103008-000,2023,PR,Boa Esperança,4103008,ABREE,PEV fixo,Ativo,04/09/2019
3106200-088,2023,MG,Belo Horizonte,3106200,Green Eletron,PEV fixo,Ativo,12/03/2020
4314902-058,2023,RS,Porto Alegre,4314902,Green Eletron,PEV fixo,Ativo,27/02/2021
5107768-000,2023,MT,Santa Rita do Trivelato,5107768,Green Eletron,PEV fixo,Ativo,18/04/2019
4108320-000,2023,PR,Francisco Alves,4108320,Green Eletron,PEV fixo,Ativo,09/04/2022
2501401-000,2023,PB,Baía da Traição,2501401,ABREE,PEV fixo,Ativo,25/06/2022
3103751-000,2023,MG,Araporã,3103751,ABREE,PEV fixo,Ativo,22/09/2022
1718808-000,2023,TO,Sampaio,1718808,Green Eletron,PEV fixo,Ativo,13/09/2020
4309126-000,2023,RS,GRAMADO DOS LOUREIROS,4309126,ABREE,PEV fixo,Ativo,24/10/2020
2310001-000,2023,CE,PALHANO,2310001,ABREE,PEV fixo,Ativo,18/10/2020
3538808-014,2023,SP,PIRAJU,3538808,ABREE,PEV fixo,Ativo,10/09/2020
2927408-111,2023,BA,SALVADOR,2927408,Green Eletron,PEV fixo,Ativo,26/12/2022
2611606-062,2023,PE,Recife,2611606,ABREE,Ponto de consolidação,Ativo,20/04/2022
2514404-000,2023,PB,São José de Espinharas,2514404,ABREE,PEV fixo,Ativo,04/08/2019
3304557-190,2023,RJ,Rio de Janeiro,3304557,ABREE,PEV fixo,Ativo,02/08/2023
3116001-000,2023,MG,Chalé,3116001,ABREE,PEV fixo,Ativo,18/05/2019
3205309-024,2023,ES,Vitória,3205309,ABREE,PEV fixo,Ativo,04/05/2023
2304400-048,2023,CE,Fortaleza,2304400,Sistema individual,PEV fixo,Ativo,05/08/2020
2601607-000,2023,PE,BELÉM DO SÃO FRANCISCO,2601607,ABREE,PEV fixo,Ativo,10/11/2019
4219507-000,2023,SC,XANXERÊ,4219507,ABREE,PEV fixo,Ativo,18/06/2021
2111300-077,2023,MA,SÃO LUÍS,2111300,ABREE,Campanha itinerante,Ativo,19/09/2022
2921906-000,2023,BA,MUCUGÊ,2921906,ABREE,PEV fixo,Inativo,12/01/2021
3142205-000,2023,MG,  Miraí ,3142205,Green Eletron,PEV fixo,Inativo,05/10/2021
1300029-006,2023,AM,Alvarães,1300029,Green Eletron,PEV fixo,Ativo,28/10/2022
4316733-000,2023,RS,SANTA CECÍLIA DO SUL,4316733,Green Eletron,Ponto de consolidação,Ativo,04/08/2021
4114203-000,2023,PR,Mandaguari,4114203,Green Eletron,PEV fixo,Ativo,25/10/2020
2200103-000,2023,PI,AGRICOLÂNDIA,2200103,ABREE,Ponto de consolidação,Ativo,27/06/2022
1600253-000,2023,AP,Itaubal,1600253,Green Eletron,Ponto de consolidação,Inativo,28/06/2023
4211009-000,2023,SC,MONDAÍ,4211009,ABREE,PEV fixo,Ativo,16/01/2022
2602704-000,2023,PE,Buenos Aires,2602704,ABREE,PEV fixo,Ativo,10/02/2021
3302700-013,2023,RJ,Maricá,,Green Eletron,PEV fixo,Ativo,20/04/2022
4314902-141,2023,RS,Porto Alegre,4314902,ABREE,PEV fixo,Ativo,12/03/2023
3528908-000,2023,SP,Mariápolis,3528908,Green Eletron,PEV fixo,Ativo,01/12/2020
3106200-109,2023,MG,Belo Horizonte,3106200,ABREE,PEV fixo,Ativo,23/06/2021
3106200-276,2023,MG,Belo Horizonte,3106200,Sistema individual,PEV fixo,Ativo,28/07/2023
4106902-026,2023,PR,Curitiba,4106902,Green Eletron,PEV fixo,Ativo,25/08/2020
2110203-000,2023,MA,Santa Rita,2110203,Green Eletron,Ponto de consolidação,Ativo,25/12/2022
3106200-193,2023,MG,Belo Horizonte,3106200,ABREE,Campanha itinerante,Ativo,02/05/2022
3304508-003,2023,RJ,Rio das Flores,3304508,ABREE,PEV fixo,Ativo,09/04/2020
3304557-173,2023,RJ,Rio de Janeiro,3304557,Green Eletron,PEV fixo,Ativo,13/07/2023
2919926-000,2023,BA,MADRE DE DEUS,2919926,Green Eletron,PEV fixo,Ativo,03/09/2022
2605806-008,2023,PE,Frei Miguelinho,2605806,Green Eletron,PEV fixo,Ativo,11/04/2023
2800308-022,2023,SE,Aracaju,2800308,Green Eletron,PEV fixo,Ativo,19/04/2022
3530607-000,2023,SP,MOGI DAS CRUZES,3530607,Sistema individual,Ponto de consolidação,Ativo,11/05/2021
3532009-003,2023,SP,MORUNGABA,3532009,Green Eletron,PEV fixo,Ativo,11/06/2019
5200134-000,2023,GO,Acreúna,5200134,Green Eletron,PEV fixo,Ativo,27/02/2019
3304557-104,2023,RJ,  Rio de Janeiro ,3304557,Green Eletron,PEV fixo,Ativo,12/12/2021
3136579-001,2023,MG,JOSENÓPOLIS,3136579,Green Eletron,PEV fixo,Ativo,09/09/2020
3553302-002,2023,SP,Tambaú,3553302,Green Eletron,Ponto de consolidação,Ativo,04/02/2023
5103403-005,2023,MT,  Cuiabá ,5103403,Green Eletron,Ponto de consolidação,Ativo,02/06/2020
5300108-047,2023,DF,Brasília,5300108,Green Eletron,PEV fixo,Ativo,19/07/2020
2927408-065,2023,BA,Salvador,2927408,ABREE,PEV fixo,Ativo,07/05/2020
1301951-004,2023,AM,Itamarati,1301951,Green Eletron,PEV fixo,Ativo,23/05/2022
1720101-000,2023,TO,SÃO BENTO DO TOCANTINS,1720101,Green Eletron,PEV fixo,Ativo,16/10/2022
3106200-070,2023,MG,BELO HORIZONTE,3106200,Green Eletron,Campanha itinerante,Ativo,25/01/2020
2800308-021,2023,SE,Aracaju,2800308,ABREE,PEV fixo,Ativo,09/06/2022
4126801-000,2023,PR,Tapejara,,ABREE,PEV fixo,Ativo,01/04/2023
3106200-045,2023,MG,  Belo Horizonte ,3106200,Green Eletron,PEV fixo,Ativo,11/08/2020
3520442-001,2023,SP,Ilha Solteira,3520442,ABREE,Campanha itinerante,Ativo,13/08/2022
1505106-001,2023,PA,ÓBIDOS,1505106,ABREE,PEV fixo,Ativo,20/03/2020
2927408-037,2023,BA,Salvador,2927408,Green Eletron,Campanha itinerante,Ativo,03/10/2019
5221577-000,2023,GO,Uirapuru,5221577,Sistema individual,PEV fixo,Ativo,05/10/2023
3106200-049,2023,MG,BELO HORIZONTE,3106200,Green Eletron,PEV fixo,Ativo,17/11/2020
2611606-086,2023,PE,Recife,2611606,ABREE,PEV fixo,Ativo,15/11/2023
4314902-053,2023,RS,Porto Alegre,4314902,Sistema individual,PEV fixo,Ativo,16/12/2021
3304508-007,2023,RJ,RIO DAS FLORES,3304508,ABREE,PEV fixo,Ativo,23/05/2021
4311775-000,2023,RS,MAQUINÉ,4311775,ABREE,Campanha itinerante,Ativo,12/05/2023
2927408-092,2023,BA,Salvador,2927408,Green Eletron,PEV fixo,Ativo,12/09/2021
2513901-000,2023,PB,SÃO BENTO,2513901,ABREE,PEV fixo,Ativo,26/07/2020
4319307-000,2023,RS,SÃO PAULO DAS MISSÕES,4319307,ABREE,PEV fixo,Ativo,10/09/2020
2309904-001,2023,CE,Pacujá,2309904,ABREE,PEV fixo,Ativo,10/10/2019
4312708-000,2023,RS,Nonoai,4312708,Green Eletron,PEV fixo,Ativo,24/06/2019
2100303-000,2023,MA,  Aldeias Altas ,2100303,ABREE,Ponto de consolidação,Ativo,16/05/2019
2916500-001,2023,BA,Itapicuru,2916500,ABREE,Ponto de consolidação,Ativo,20/07/2023
4105805-000,2023,PR,Colombo,4105805,ABREE,PEV fixo,Inativo,21/06/2023
4217402-000,2023,SC,Schroeder,4217402,Green Eletron,Ponto de consolidação,Ativo,17/10/2019
2503605-000,2023,PB,CAIÇARA,2503605,Sistema individual,PEV fixo,Ativo,15/04/2020
4203501-000,2023,SC,Campo Erê,4203501,ABREE,PEV fixo,Ativo,19/11/2023
3546009-001,2023,SP,Santa Branca,3546009,ABREE,PEV fixo,Ativo,27/11/2019
2204550-000,2023,PI,GUARIBAS,2204550,Green Eletron,PEV fixo,Ativo,20/06/2021
3550308-198,2023,SP,SÃO PAULO,3550308,Sistema individual,PEV fixo,Ativo,01/11/2021
3304151-004,2023,RJ,Quissamã,3304151,ABREE,Ponto de consolidação,Ativo,20/01/2023
1505700-002,2023,PA,Ponta de Pedras,1505700,ABREE,PEV fixo,Ativo,21/05/2022
1506401-000,2023,PA,Santa Cruz do Arari,1506401,Green Eletron,PEV fixo,Ativo,04/02/2022
2105609-000,2023,MA,  Joselândia ,2105609,ABREE,PEV fixo,Ativo,04/11/2022
3106200-268,2023,MG,Belo Horizonte,,Green Eletron,PEV fixo,Ativo,26/12/2023
4314902-111,2023,RS,PORTO ALEGRE,4314902,Green Eletron,PEV fixo,Ativo,16/11/2022
4122602-001,2023,PR,RONDON,4122602,Green Eletron,PEV fixo,Ativo,20/11/2023
4120333-000,2023,PR,Prado Ferreira,4120333,ABREE,Campanha itinerante,Ativo,17/06/2019
3545159-000,2023,SP,SALTINHO,3545159,ABREE,PEV fixo,Ativo,27/03/2020
3548401-000,2023,SP,Santópolis do Aguapeí,3548401,ABREE,Ponto de consolidação,Ativo,07/01/2021
3304557-005,2023,RJ,Rio de Janeiro,3304557,ABREE,PEV fixo,Ativo,28/11/2020
2927408-056,2023,BA,Salvador,2927408,ABREE,PEV fixo,Ativo,25/09/2020
4304713-000,2023,RS,Caraa,4304713,ABREE,Campanha itinerante,Ativo,11/10/2019
4220000-003,2023,SC,BALNEÁRIO RINCÃO,4220000,Green Eletron,Ponto de consolidação,Ativo,20/05/2023
1200401-000,2023,AC,  Rio Branco ,1200401,Green Eletron,PEV fixo,Ativo,04/04/2019
4317806-000,2023,RS,SANTO AUGUSTO,4317806,ABREE,PEV fixo,Ativo,11/06/2020
2304400-068,2023,CE,Fortaleza,2304400,ABREE,PEV fixo,Ativo,27/04/2021
3106200-180,2023,MG,BELO HORIZONTE,3106200,Green Eletron,PEV fixo,Ativo,08/11/2022
3550308-230,2023,SP,São Paulo,3550308,Green Eletron,PEV fixo,Ativo,12/11/2021
5105903-000,2023,MT,Nobres,5105903,ABREE,PEV fixo,Ativo,03/11/2021
5102702-000,2023,MT,Canarana,5102702,ABREE,PEV fixo,Ativo,27/12/2022
2610301-006,2023,PE,PARANATAMA,2610301,ABREE,PEV fixo,Ativo,15/09/2023
1716208-000,2023,TO,Parana,1716208,ABREE,PEV fixo,Ativo,15/06/2019
3304557-122,2023,RJ,Rio de Janeiro,3304557,ABREE,PEV fixo,Ativo,11/08/2022
4205407-051,2023,SC,Florianópolis,4205407,Green Eletron,PEV fixo,Ativo,11/03/2021
1501402-016,2023,PA,BELÉM,1501402,ABREE,PEV fixo,Ativo,04/07/2021
3304557-055,2023,RJ,RIO DE JANEIRO,3304557,ABREE,PEV fixo,Ativo,01/02/2020
2927408-057,2023,BA,Salvador,2927408,ABREE,PEV fixo,Ativo,08/11/2020
2300705-008,2023,CE,Alto Santo,2300705,Green Eletron,PEV fixo,Ativo,28/05/2022
3205309-019,2023,ES,Vitória,3205309,Green Eletron,PEV fixo,Ativo,16/02/2023
3532603-001,2023,SP,Nhandeara,3532603,ABREE,PEV fixo,Ativo,16/01/2021
3164308-000,2023,MG,São Roque de Minas,3164308,Green Eletron,Campanha itinerante,Ativo,15/04/2023
2603405-000,2023,PE,Calumbi,2603405,ABREE,Campanha itinerante,Ativo,05/02/2023
5101001-002,2023,MT,Araguaiana,5101001,Sistema individual,PEV fixo,Ativo,07/05/2023
3508207-000,2023,SP,BURITIZAL,3508207,Green Eletron,PEV fixo,Ativo,18/09/2022
4306320-000,2023,RS,Derrubadas,4306320,Green Eletron,PEV fixo,Ativo,20/05/2019
5204805-000,2023,GO,Campo Alegre de Goias,5204805,ABREE,PEV fixo,Ativo,02/06/2023
3301108-007,2023,RJ,CANTAGALO,3301108,Green Eletron,Ponto de consolidação,Ativo,02/03/2020
3553955-003,2023,SP,Tarumã,3553955,ABREE,PEV fixo,Ativo,08/06/2023
3512001-001,2023,SP,Colina,3512001,Sistema individual,PEV fixo,Ativo,14/12/2021
3550308-192,2023,SP,SÃO PAULO,3550308,ABREE,PEV fixo,Ativo,11/04/2021
4104907-000,2023,PR,Castro,4104907,Sistema individual,Ponto de consolidação,Ativo,27/07/2019
3549508-001,2023,SP,São José da Bela Vista,3549508,ABREE,PEV fixo,Ativo,04/11/2019
2205003-000,2023,PI,ITAINÓPOLIS,2205003,ABREE,PEV fixo,Ativo,18/03/2021
1300508-000,2023,AM,Barreirinha,1300508,ABREE,PEV fixo,Ativo,24/05/2019
3304557-171,2023,RJ,Rio de Janeiro,3304557,ABREE,PEV fixo,Ativo,23/11/2023
3539509-000,2023,SP,Pitangueiras,3539509,ABREE,PEV fixo,Ativo,25/03/2019
3106200-261,2023,MG,Belo Horizonte,3106200,ABREE,PEV fixo,Ativo,24/08/2023
3542602-005,2023,SP,REGISTRO,3542602,Sistema individual,PEV fixo,Ativo,02/01/2021
2913804-000,2023,BA,Ipecaetá,2913804,Green Eletron,Ponto de consolidação,Ativo,07/03/2021
3304557-176,2023,RJ,Rio de Janeiro,3304557,Sistema individual,PEV fixo,Ativo,15/01/2023
3550308-311,2023,SP,São Paulo,3550308,ABREE,PEV fixo,Ativo,05/07/2022
4323705-000,2023,RS,Vista Gaúcha,4323705,Green Eletron,PEV fixo,Ativo,01/02/2022
3121209-000,2023,MG,Delfinopolis,3121209,Sistema individual,PEV fixo,Ativo,24/09/2023
1600154-000,2023,AP,Pedra Branca do Amapari,1600154,Green Eletron,PEV fixo,Ativo,08/07/2020
2703205-000,2023,AL,  Igreja Nova ,2703205,ABREE,PEV fixo,Ativo,14/03/2022
3302106-002,2023,RJ,ITAOCARA,3302106,ABREE,PEV fixo,Ativo,19/02/2020
2302404-000,2023,CE,Boa Viagem,2302404,Green Eletron,PEV fixo,Ativo,20/02/2021
2611606-042,2023,PE,Recife,2611606,ABREE,PEV fixo,Ativo,25/04/2021
1302603-008,2023,AM,Manaus,1302603,ABREE,PEV fixo,Ativo,12/10/2021
1600303-002,2023,AP,Macapa,1600303,ABREE,PEV fixo,Ativo,21/01/2023
2914604-000,2023,BA,Irece,2914604,Green Eletron,PEV fixo,Ativo,28/02/2023
3134509-000,2023,MG,ITUTINGA,3134509,Sistema individual,PEV fixo,Ativo,20/06/2020
4314902-090,2023,RS,Porto Alegre,4314902,Green Eletron,PEV fixo,Ativo,26/07/2022
3304557-174,2023,RJ,RIO DE JANEIRO,3304557,Sistema individual,PEV fixo,Ativo,03/11/2023
3551900-002,2023,SP,SEVERÍNIA,3551900,ABREE,PEV fixo,Ativo,18/11/2022
3520301-000,2023,SP,IGUAPE,3520301,ABREE,PEV fixo,Ativo,22/06/2020
4322004-000,2023,RS,Triunfo,4322004,ABREE,PEV fixo,Ativo,08/02/2023
2611606-003,2023,PE,Recife,2611606,ABREE,Campanha itinerante,Ativo,18/11/2020
4106902-049,2023,PR,Curitiba,4106902,ABREE,PEV fixo,Ativo,19/06/2022
4310876-000,2023,RS,Jacuizinho,4310876,Green Eletron,PEV fixo,Ativo,28/11/2023
3550308-011,2023,SP,SÃO PAULO,3550308,Sistema individual,PEV fixo,Ativo,02/10/2019
2903508-002,2023,BA,Belo Campo,2903508,Green Eletron,PEV fixo,Ativo,09/06/2021
2211100-000,2023,PI,Uniao,2211100,ABREE,PEV fixo,Ativo,25/12/2022
3504305-000,2023,SP,Avaí,3504305,Green Eletron,PEV fixo,Ativo,09/12/2019
3301108-019,2023,RJ,CANTAGALO,3301108,ABREE,PEV fixo,Ativo,27/12/2022
2918605-001,2023,BA,Jussiape,2918605,Sistema individual,Ponto de consolidação,Ativo,01/01/2023
2500601-000,2023,PB,Alhandra,2500601,Sistema individual,PEV fixo,Ativo,13/11/2019
2207009-000,2023,PI,Oeiras,2207009,Green Eletron,PEV fixo,Ativo,27/05/2023
2611606-070,2023,PE,RECIFE,2611606,ABREE,PEV fixo,Ativo,26/11/2022
3147600-000,2023,MG,Passa Quatro,3147600,Green Eletron,PEV fixo,Ativo,27/11/2021
2412401-000,2023,RN,SÃO JOSÉ DO SERIDÓ,2412401,ABREE,PEV fixo,Ativo,13/12/2019
2605806-003,2023,PE,Frei Miguelinho,2605806,ABREE,PEV fixo,Ativo,27/01/2020
5215652-000,2023,GO,PALESTINA DE GOIÁS,5215652,Green Eletron,PEV fixo,Ativo,12/04/2021
4108601-000,2023,PR,Goioerê,4108601,ABREE,PEV fixo,Ativo,25/07/2022
1720200-000,2023,TO,São Miguel do Tocantins,1720200,Green Eletron,PEV fixo,Ativo,15/06/2020
4307807-000,2023,RS,Estrela,4307807,Green Eletron,Ponto de consolidação,Ativo,04/08/2021
2800308-017,2023,SE,Aracaju,2800308,Sistema individual,PEV fixo,Ativo,13/06/2021
1300680-001,2023,AM,Boa Vista do Ramos,1300680,ABREE,PEV fixo,Ativo,17/03/2023
3300100-006,2023,RJ,ANGRA DOS REIS,3300100,ABREE,PEV fixo,Ativo,11/06/2023
3106200-093,2023,MG,BELO HORIZONTE,3106200,Green Eletron,Ponto de consolidação,Ativo,09/08/2020
5108956-000,2023,MT,Nova Monte Verde,5108956,ABREE,PEV fixo,Ativo,02/07/2020
1502855-000,2023,PA,Curua,1502855,Green Eletron,PEV fixo,Ativo,08/03/2021
5300108-029,2023,DF,  Brasília ,5300108,Green Eletron,PEV fixo,Ativo,06/07/2019
3106200-227,2023,MG,Belo Horizonte,3106200,ABREE,PEV fixo,Ativo,07/04/2023
3106200-095,2023,MG,Belo Horizonte,3106200,Green Eletron,PEV fixo,Ativo,25/10/2021
3541109-001,2023,SP,Presidente Alves,3541109,ABREE,Ponto de consolidação,Ativo,26/05/2022
2611606-001,2023,PE,  Recife ,2611606,ABREE,PEV fixo,Ativo,20/01/2020
1302603-004,2023,AM,Manaus,1302603,ABREE,PEV fixo,Ativo,26/07/2020
3550308-062,2023,SP,SÃO PAULO,3550308,Green Eletron,PEV fixo,Ativo,23/01/2019
1501253-000,2023,PA,Bannach,1501253,Green Eletron,PEV fixo,Ativo,09/12/2022
3513009-010,2023,SP,Cotia,3513009,ABREE,PEV fixo,Ativo,14/12/2022
2107803-000,2023,MA,Parnarama,2107803,Green Eletron,PEV fixo,Ativo,24/12/2021
3500907-000,2023,SP,Altair,3500907,ABREE,PEV fixo,Ativo,24/03/2020
3106200-024,2023,MG,Belo Horizonte,3106200,Green Eletron,Ponto de consolidação,Ativo,14/09/2020
2304400-015,2023,CE,Fortaleza,2304400,Green Eletron,PEV fixo,Ativo,05/03/2019
5300108-076,2023,DF,Brasília,5300108,ABREE,PEV fixo,Ativo,02/01/2022
4314902-115,2023,RS,Porto Alegre,4314902,Green Eletron,PEV fixo,Ativo,16/12/2022
3106200-102,2023,MG,Belo Horizonte,3106200,Sistema individual,PEV fixo,Ativo,20/01/2021
3515194-001,2023,SP,Espírito Santo do Turvo,3515194,ABREE,Ponto de consolidação,Ativo,09/09/2020
4211876-004,2023,SC,Paial,4211876,ABREE,PEV fixo,Ativo,02/07/2023
3301876-011,2023,RJ,IGUABA GRANDE,3301876,ABREE,Campanha itinerante,Ativo,26/10/2023
2201929-000,2023,PI,Bonfim do Piauí,2201929,Green Eletron,PEV fixo,Ativo,18/01/2020
3124203-000,2023,MG,ESPERA FELIZ,3124203,Green Eletron,PEV fixo,Ativo,11/12/2021
2111300-022,2023,MA,SÃO LUÍS,2111300,ABREE,PEV fixo,Ativo,20/09/2019
3146008-000,2023,MG,Ouro Fino,3146008,ABREE,PEV fixo,Ativo,21/03/2019
5218052-001,2023,GO,Porteirao,5218052,ABREE,PEV fixo,Ativo,17/01/2020
4314902-129,2023,RS,PORTO ALEGRE,4314902,Green Eletron,PEV fixo,Ativo,16/03/2023
2611606-009,2023,PE,  Recife ,2611606,ABREE,PEV fixo,Ativo,10/08/2020
4314902-003,2023,RS,PORTO ALEGRE,4314902,Green Eletron,PEV fixo,Ativo,15/07/2020
3205176-000,2023,ES,VILA VALÉRIO,,Green Eletron,PEV fixo,Ativo,03/03/2021
2614105-002,2023,PE,Sertânia,2614105,Green Eletron,PEV fixo,Ativo,28/06/2021
3532900-023,2023,SP,Nova Europa,3532900,Green Eletron,PEV fixo,Ativo,27/12/2022
3106200-137,2023,MG,Belo Horizonte,3106200,Green Eletron,PEV fixo,Ativo,16/07/2021
3542602-001,2023,SP,Registro,3542602,ABREE,PEV fixo,Ativo,04/03/2019
3132404-000,2023,MG,Itajuba,3132404,ABREE,PEV fixo,Ativo,08/10/2023
2211001-002,2023,PI,  Teresina ,2211001,Green Eletron,PEV fixo,Ativo,15/12/2019
3550308-351,2023,SP,São Paulo,3550308,Sistema individual,PEV fixo,Ativo,01/02/2023
4305504-000,2023,RS,Ciríaco,4305504,ABREE,PEV fixo,Ativo,07/12/2023
4201307-001,2023,SC,ARAQUARI,4201307,ABREE,PEV fixo,Ativo,24/02/2020
2912004-000,2023,BA,IBIASSUCÊ,2912004,ABREE,Ponto de consolidação,Ativo,13/07/2023
4104451-000,2023,PR,CANTAGALO,4104451,ABREE,PEV fixo,Ativo,03/03/2020
2103000-001,2023,MA,Caxias,2103000,Green Eletron,PEV fixo,Ativo,01/01/2023
3557006-002,2023,SP,VOTORANTIM,3557006,ABREE,PEV fixo,Ativo,09/07/2020
4310108-000,2023,RS,Igrejinha,4310108,Green Eletron,PEV fixo,Ativo,21/09/2021
4106001-000,2023,PR,Congonhinhas,4106001,ABREE,PEV fixo,Ativo,13/11/2019
3104403-000,2023,MG,Argirita,3104403,Green Eletron,PEV fixo,Ativo,14/05/2020
3300100-002,2023,RJ,Angra dos Reis,3300100,ABREE,PEV fixo,Ativo,13/07/2021
3106200-097,2023,MG,Belo Horizonte,3106200,ABREE,PEV fixo,Ativo,04/07/2021
2305332-000,2023,CE,Ibicuitinga,2305332,ABREE,PEV fixo,Ativo,13/05/2019
2302305-003,2023,CE,Bela Cruz,2302305,Green Eletron,PEV fixo,Ativo,03/01/2023
1501204-005,2023,PA,BAIÃO,1501204,Green Eletron,PEV fixo,Ativo,22/07/2020
4214102-000,2023,SC,Presidente Nereu,4214102,Green Eletron,PEV fixo,Ativo,16/01/2023
2211001-007,2023,PI,Teresina,2211001,ABREE,PEV fixo,Ativo,20/01/2019
3106200-040,2023,MG,Belo Horizonte,3106200,Green Eletron,PEV fixo,Ativo,21/10/2020
2406809-000,2023,RN,Lajes Pintadas,2406809,ABREE,PEV fixo,Ativo,17/03/2022
2615706-000,2023,PE,Triunfo,2615706,ABREE,PEV fixo,Ativo,02/09/2022
1301803-000,2023,AM,Ipixuna,1301803,Green Eletron,PEV fixo,Ativo,16/12/2019
2611606-071,2023,PE,Recife,2611606,ABREE,PEV fixo,Ativo,25/01/2022
2514008-000,2023,PB,São João do Cariri,2514008,ABREE,Campanha itinerante,Ativo,15/12/2020
3202504-000,2023,ES,IBIRAÇU,3202504,ABREE,PEV fixo,Inativo,04/11/2023
4106902-066,2023,PR,Curitiba,4106902,ABREE,PEV fixo,Ativo,22/06/2022
3139102-000,2023,MG,Madre de Deus de Minas,3139102,Green Eletron,PEV fixo,Ativo,03/09/2022
5002951-000,2023,MS,Chapadão do Sul,5002951,ABREE,PEV fixo,Ativo,03/08/2019
4211652-000,2023,SC,Novo Horizonte,4211652,Green Eletron,PEV fixo,Ativo,12/06/2019
3304557-165,2023,RJ,RIO DE JANEIRO,3304557,Sistema individual,PEV fixo,Ativo,26/12/2023
4115457-006,2023,PR,Marquinho,4115457,ABREE,Ponto de consolidação,Ativo,22/09/2022
3304557-108,2023,RJ,  Rio de Janeiro ,3304557,ABREE,PEV fixo,Ativo,15/09/2021
3106200-169,2023,MG,Belo Horizonte,3106200,Sistema individual,PEV fixo,Ativo,02/07/2022
3532900-013,2023,SP,Nova Europa,3532900,Sistema individual,Ponto de consolidação,Ativo,18/03/2021
3550308-251,2023,SP,Sao Paulo,3550308,Green Eletron,PEV fixo,Ativo,17/06/2022
3500600-004,2023,SP,  Águas de São Pedro ,3500600,Green Eletron,PEV fixo,Ativo,11/02/2023
4311809-001,2023,RS,  Marau ,4311809,Green Eletron,PEV fixo,Ativo,06/08/2023
3304557-046,2023,RJ,RIO DE JANEIRO,3304557,ABREE,Campanha itinerante,Ativo,10/06/2020
3300803-000,2023,RJ,Cachoeiras de Macacu,3300803,ABREE,PEV fixo,Ativo,13/05/2020
2602902-007,2023,PE,Cabo de Santo Agostinho,2602902,ABREE,PEV fixo,Ativo,05/10/2022
1505106-004,2023,PA,Obidos,1505106,Green Eletron,PEV fixo,Ativo,24/05/2023
2304400-092,2023,CE,Fortaleza,2304400,Green Eletron,Ponto de consolidação,Ativo,06/09/2023
4310439-000,2023,RS,Ipê,4310439,ABREE,PEV fixo,Ativo,26/10/2019
4100202-000,2023,PR,Adrianópolis,4100202,Green Eletron,Campanha itinerante,Ativo,02/11/2021
4204202-000,2023,SC,  Chapecó ,4204202,Green Eletron,PEV fixo,Ativo,27/12/2020
4314902-008,2023,RS,Porto Alegre,4314902,ABREE,PEV fixo,Ativo,26/12/2020
3501103-000,2023,SP,Alto Alegre,3501103,ABREE,PEV fixo,Ativo,11/07/2020
3167707-000,2023,MG,  Sobrália ,3167707,ABREE,PEV fixo,Ativo,08/06/2019
5002704-007,2023,MS,CAMPO GRANDE,5002704,ABREE,PEV fixo,Ativo,19/02/2021
3106200-219,2023,MG,Belo Horizonte,3106200,Green Eletron,PEV fixo,Inativo,04/05/2022
4205704-000,2023,SC,Garopaba,4205704,ABREE,Ponto de consolidação,Ativo,07/01/2019
2207108-000,2023,PI,OLHO D'ÁGUA DO PIAUÍ,2207108,Green Eletron,PEV fixo,Ativo,06/05/2023
3304557-155,2023,RJ,Rio de Janeiro,3304557,ABREE,PEV fixo,Ativo,01/03/2022
1709500-000,2023,TO,Gurupi,1709500,ABREE,PEV fixo,Ativo,17/02/2020
3539400-000,2023,SP,PIRATININGA,3539400,Green Eletron,PEV fixo,Ativo,15/09/2021
1711951-000,2023,TO,Lagoa do Tocantins,1711951,ABREE,PEV fixo,Ativo,13/02/2019
3538808-033,2023,SP,Piraju,3538808,Green Eletron,PEV fixo,Ativo,27/06/2023
4106902-028,2023,PR,Curitiba,4106902,ABREE,Ponto de consolidação,Ativo,09/11/2020
3101003-000,2023,MG,Aguas Vermelhas,3101003,ABREE,PEV fixo,Ativo,18/05/2022
3201001-002,2023,ES,Boa Esperança,3201001,ABREE,Campanha itinerante,Ativo,27/06/2023
3540507-000,2023,SP,Porangaba,3540507,Green Eletron,PEV fixo,Ativo,08/09/2021
3106200-283,2023,MG,Belo Horizonte,3106200,Green Eletron,PEV fixo,Ativo,22/09/2023
4214102-000,2023,SC,Presidente Nereu,4214102,Green Eletron,PEV fixo,Ativo,16/01/2023
2304400-066,2023,CE,Fortaleza,2304400,ABREE,PEV fixo,Ativo,28/02/2021
3130408-002,2023,MG,Ijaci,3130408,Green Eletron,PEV fixo,Inativo,05/04/2021
2602605-000,2023,PE,Brejo da Madre de Deus,2602605,ABREE,Ponto de consolidação,Ativo,28/02/2021
3304557-009,2023,RJ,Rio de Janeiro,3304557,ABREE,PEV fixo,Ativo,20/07/2020
3550308-273,2023,SP,São Paulo,3550308,Sistema individual,PEV fixo,Ativo,02/08/2022
3157377-000,2023,MG,SANTA CRUZ DE SALINAS,3157377,Green Eletron,PEV fixo,Ativo,27/10/2020
3170602-000,2023,MG,VARGEM BONITA,3170602,Green Eletron,PEV fixo,Ativo,07/11/2021
3550308-196,2023,SP,São Paulo,3550308,ABREE,PEV fixo,Ativo,27/12/2021
2611606-050,2023,PE,Recife,,Green Eletron,PEV fixo,Ativo,24/05/2021
1721000-008,2023,TO,Palmas,1721000,ABREE,Campanha itinerante,Ativo,13/11/2021
3538808-007,2023,SP,Piraju,3538808,ABREE,PEV fixo,Ativo,08/10/2019
3550308-139,2023,SP,  São Paulo ,3550308,ABREE,PEV fixo,Ativo,24/08/2020
3550308-079,2023,SP,São Paulo,3550308,Green Eletron,PEV fixo,Ativo,28/11/2019
3507100-001,2023,SP,Bom Jesus dos Perdões,3507100,Green Eletron,PEV fixo,Ativo,15/12/2022
2707602-000,2023,AL,Quebrangulo,,ABREE,PEV fixo,Ativo,24/07/2019
2927408-118,2023,BA,  Salvador ,2927408,ABREE,PEV fixo,Ativo,17/05/2022
3550308-177,2023,SP,São Paulo,3550308,Green Eletron,PEV fixo,Ativo,25/02/2020
3525201-008,2023,SP,Jarinu,3525201,Green Eletron,PEV fixo,Ativo,11/05/2022
2927408-099,2023,BA,SALVADOR,2927408,Green Eletron,PEV fixo,Ativo,01/02/2021
4315800-001,2023,RS,Roca Sales,4315800,ABREE,PEV fixo,Ativo,22/01/2022
4205407-059,2023,SC,Florianópolis,4205407,Sistema individual,Ponto de consolidação,Ativo,04/05/2021
3537404-002,2023,SP,PEREIRA BARRETO,3537404,Green Eletron,PEV fixo,Ativo,23/09/2021
2210938-000,2023,PI,Sussuapara,2210938,Green Eletron,PEV fixo,Ativo,16/02/2020
3127800-000,2023,MG,Grão Mogol,3127800,ABREE,PEV fixo,Ativo,21/09/2022
4106902-062,2023,PR,CURITIBA,4106902,Green Eletron,PEV fixo,Ativo,03/04/2022
2615805-000,2023,PE,TUPANATINGA,2615805,ABREE,PEV fixo,Ativo,06/12/2021
1100205-009,2023,RO,Porto Velho,1100205,ABREE,PEV fixo,Ativo,01/04/2022
3300902-000,2023,RJ,Cambuci,3300902,Green Eletron,Campanha itinerante,Ativo,09/09/2019
2500775-000,2023,PB,APARECIDA,2500775,ABREE,PEV fixo,Ativo,17/06/2020
1508209-004,2023,PA,Vigia,1508209,Green Eletron,PEV fixo,Ativo,26/03/2020
3106200-250,2023,MG,BELO HORIZONTE,3106200,Sistema individual,Campanha itinerante,Ativo,22/09/2023
2304400-065,2023,CE,Fortaleza,2304400,Green Eletron,Ponto de consolidação,Ativo,10/05/2021
3550308-032,2023,SP,São Paulo,3550308,ABREE,PEV fixo,Ativo,20/04/2019
2507507-008,2023,PB,João Pessoa,2507507,ABREE,PEV fixo,Ativo,19/01/2021
4105904-000,2023,PR,Colorado,4105904,Green Eletron,Ponto de consolidação,Ativo,19/07/2023
5208707-022,2023,GO,Goiânia,5208707,Green Eletron,PEV fixo,Ativo,17/10/2023
5105002-000,2023,MT,JAURU,5105002,Green Eletron,Campanha itinerante,Ativo,20/02/2020
3110509-000,2023,MG,Camanducaia,3110509,Green Eletron,PEV fixo,Ativo,02/10/2019
5209457-000,2023,GO,GUARINOS,5209457,Green Eletron,PEV fixo,Ativo,22/02/2022
2922656-004,2023,BA,Nordestina,2922656,ABREE,PEV fixo,Ativo,18/04/2021
3546009-007,2023,SP,Santa Branca,3546009,ABREE,PEV fixo,Ativo,14/12/2022
3104601-000,2023,MG,Astolfo Dutra,3104601,ABREE,PEV fixo,Ativo,25/07/2022
5215207-004,2023,GO,Novo Brasil,5215207,Green Eletron,Campanha itinerante,Ativo,19/07/2020
1300805-000,2023,AM,BORBA,1300805,Green Eletron,PEV fixo,Ativo,05/06/2021
4315552-000,2023,RS,RIO DOS ÍNDIOS,4315552,Green Eletron,PEV fixo,Inativo,01/08/2019
4316006-000,2023,RS,Rolante,4316006,Green Eletron,PEV fixo,Ativo,01/08/2019
3304557-100,2023,RJ,RIO DE JANEIRO,3304557,ABREE,PEV fixo,Ativo,10/06/2021
4116307-000,2023,PR,MUNHOZ DE MELO,4116307,Green Eletron,PEV fixo,Ativo,14/06/2019
3550308-242,2023,SP,SÃO PAULO,3550308,ABREE,PEV fixo,Ativo,19/12/2021
2201572-000,2023,PI,BELÉM DO PIAUÍ,2201572,ABREE,PEV fixo,Ativo,12/08/2021
4205407-072,2023,SC,Florianópolis,4205407,Green Eletron,PEV fixo,Ativo,02/02/2022
2111300-071,2023,MA,Sao Luis,2111300,ABREE,PEV fixo,Ativo,04/02/2021
4205407-047,2023,SC,Florianópolis,4205407,ABREE,Ponto de consolidação,Inativo,16/06/2021
3550308-175,2023,SP,São Paulo,3550308,ABREE,PEV fixo,Ativo,07/08/2020
3304557-053,2023,RJ,  Rio de Janeiro ,3304557,ABREE,PEV fixo,Ativo,17/03/2020
2307908-000,2023,CE,Martinopole,2307908,ABREE,PEV fixo,Ativo,26/08/2019
3550308-339,2023,SP,São Paulo,3550308,ABREE,Ponto de consolidação,Ativo,17/09/2023
3550308-054,2023,SP,São Paulo,3550308,ABREE,PEV fixo,Ativo,02/10/2019
1504208-000,2023,PA,Marabá,1504208,Green Eletron,PEV fixo,Ativo,11/09/2019
3305307-016,2023,RJ,SÃO SEBASTIÃO DO ALTO,3305307,ABREE,PEV fixo,Ativo,01/04/2023
5300108-097,2023,DF,Brasília,5300108,ABREE,PEV fixo,Ativo,12/01/2023
3131158-000,2023,MG,IPABA,3131158,ABREE,PEV fixo,Ativo,19/08/2019
2111300-103,2023,MA,SÃO LUÍS,2111300,ABREE,PEV fixo,Ativo,23/02/2023
4205407-045,2023,SC,FLORIANÓPOLIS,4205407,Green Eletron,PEV fixo,Ativo,20/09/2021
4304853-000,2023,RS,Carlos Gomes,4304853,ABREE,PEV fixo,Ativo,08/09/2022
3106200-203,2023,MG,  Belo Horizonte ,3106200,ABREE,PEV fixo,Ativo,16/02/2022
3142403-000,2023,MG,Moema,3142403,Green Eletron,PEV fixo,Ativo,28/01/2021
2922656-007,2023,BA,NORDESTINA,2922656,Green Eletron,Campanha itinerante,Ativo,07/12/2023
3162005-000,2023,MG,São Gonçalo do Sapucaí,3162005,Green Eletron,PEV fixo,Ativo,26/01/2019
3533007-000,2023,SP,Nova Granada,3533007,ABREE,PEV fixo,Ativo,03/08/2019
1718006-000,2023,TO,PORTO ALEGRE DO TOCANTINS,1718006,Green Eletron,PEV fixo,Ativo,07/12/2020
4105300-000,2023,PR,Ceu Azul,4105300,ABREE,PEV fixo,Ativo,01/04/2022
3131307-000,2023,MG,Ipatinga,3131307,ABREE,PEV fixo,Ativo,21/03/2021
2616183-001,2023,PE,Vertente do Lério,2616183,ABREE,Ponto de consolidação,Ativo,01/05/2019
1501402-001,2023,PA,Belém,1501402,ABREE,PEV fixo,Ativo,23/06/2020
5212204-000,2023,GO,Jussara,5212204,Green Eletron,Campanha itinerante,Ativo,03/01/2020
2507507-004,2023,PB,João Pessoa,2507507,Green Eletron,PEV fixo,Ativo,13/09/2019
3205101-000,2023,ES,Viana,3205101,Green Eletron,PEV fixo,Ativo,13/04/2020
2703304-000,2023,AL,Inhapi,2703304,ABREE,PEV fixo,Ativo,06/11/2022
3304557-202,2023,RJ,Rio de Janeiro,3304557,ABREE,PEV fixo,Ativo,26/04/2023
4218855-000,2023,SC,Uniao do Oeste,4218855,Green Eletron,PEV fixo,Ativo,22/05/2021
2106201-000,2023,MA,Luís Domingues,2106201,Green Eletron,Ponto de consolidação,Ativo,28/03/2023
4311429-000,2023,RS,Lajeado do Bugre,4311429,Sistema individual,Campanha itinerante,Ativo,25/01/2019
4107652-000,2023,PR,Fazenda Rio Grande,4107652,ABREE,PEV fixo,Ativo,27/09/2023
3550308-336,2023,SP,  São Paulo ,3550308,ABREE,Ponto de consolidação,Ativo,09/08/2023
1702406-000,2023,TO,ARRAIAS,1702406,Green Eletron,PEV fixo,Ativo,19/10/2022
3169307-003,2023,MG,TRÊS CORAÇÕES,3169307,ABREE,PEV fixo,Ativo,22/01/2021
2507507-009,2023,PB,JOÃO PESSOA,2507507,ABREE,Ponto de consolidação,Ativo,20/09/2021
4118501-000,2023,PR,Pato Branco,4118501,ABREE,PEV fixo,Ativo,12/07/2019
2927408-068,2023,BA,SALVADOR,2927408,Green Eletron,PEV fixo,Ativo,01/11/2020
2304459-000,2023,CE,  Fortim ,2304459,ABREE,Ponto de consolidação,Ativo,19/04/2023
4217501-000,2023,SC,SEARA,4217501,ABREE,Campanha itinerante,Ativo,07/09/2019
3125804-000,2023,MG,FERNANDES TOURINHO,3125804,ABREE,PEV fixo,Ativo,04/12/2022
2611606-078,2023,PE,Recife,2611606,ABREE,Campanha itinerante,Ativo,17/04/2023
3147204-000,2023,MG,PARAGUAÇU,3147204,ABREE,Campanha itinerante,Ativo,24/02/2020
4106902-005,2023,PR,Curitiba,4106902,Green Eletron,PEV fixo,Ativo,01/06/2020
2307650-000,2023,CE,Maracanaú,2307650,Sistema individual,PEV fixo,Ativo,06/09/2022
3543006-001,2023,SP,  Ribeirão Branco ,3543006,Green Eletron,Ponto de consolidação,Ativo,24/08/2019
3302106-000,2023,RJ,Itaocara,3302106,Sistema individual,PEV fixo,Ativo,13/01/2020
4205407-003,2023,SC,Florianópolis,4205407,Green Eletron,PEV fixo,Ativo,19/02/2019
2103406-000,2023,MA,Coelho Neto,2103406,ABREE,PEV fixo,Inativo,12/07/2022
2304400-060,2023,CE,FORTALEZA,2304400,ABREE,PEV fixo,Ativo,09/11/2021
4314902-054,2023,RS,Porto Alegre,4314902,ABREE,PEV fixo,Ativo,09/12/2021
2410603-000,2023,RN,Rafael Godeiro,2410603,ABREE,PEV fixo,Ativo,01/02/2019
5300108-012,2023,DF,BRASÍLIA,5300108,ABREE,PEV fixo,Ativo,01/09/2019
4314902-047,2023,RS,PORTO ALEGRE,4314902,ABREE,PEV fixo,Ativo,08/10/2020
4215802-000,2023,SC,São Bento do Sul,4215802,Green Eletron,Campanha itinerante,Ativo,23/01/2022
2111300-052,2023,MA,São Luís,2111300,ABREE,PEV fixo,Ativo,02/03/2020
2602902-003,2023,PE,Cabo de Santo Agostinho,2602902,Green Eletron,Ponto de consolidação,Ativo,10/10/2020
2110609-000,2023,MA,  São Bernardo ,2110609,Green Eletron,PEV fixo,Ativo,28/09/2021
3536505-000,2023,SP,Paulínia,3536505,ABREE,PEV fixo,Ativo,08/10/2020
3304557-192,2023,RJ,Rio de Janeiro,3304557,Sistema individual,PEV fixo,Ativo,01/08/2023
1200401-006,2023,AC,RIO BRANCO,1200401,Green Eletron,PEV fixo,Ativo,02/03/2022
4106902-038,2023,PR,  Curitiba ,4106902,ABREE,PEV fixo,Ativo,11/05/2021
2927408-004,2023,BA,SALVADOR,2927408,ABREE,PEV fixo,Ativo,14/07/2019
3549300-000,2023,SP,  São João do Pau d'Alho ,3549300,Sistema individual,PEV fixo,Ativo,04/10/2021
4200903-000,2023,SC,ANGELINA,4200903,ABREE,PEV fixo,Ativo,06/08/2022
3106200-105,2023,MG,BELO HORIZONTE,3106200,Green Eletron,Ponto de consolidação,Ativo,23/08/2021
3501103-003,2023,SP,Alto Alegre,3501103,ABREE,PEV fixo,Ativo,28/10/2022
3127909-000,2023,MG,Grupiara,3127909,ABREE,Campanha itinerante,Ativo,03/11/2019
4314902-038,2023,RS,Porto Alegre,4314902,ABREE,PEV fixo,Ativo,14/02/2020
4316436-001,2023,RS,Saldanha Marinho,4316436,Sistema individual,Campanha itinerante,Ativo,27/11/2023
4106902-024,2023,PR,CURITIBA,4106902,Green Eletron,PEV fixo,Ativo,10/08/2020
3512605-000,2023,SP,Coronel Macedo,3512605,Green Eletron,PEV fixo,Ativo,17/03/2023
3141900-000,2023,MG,  Minduri ,3141900,ABREE,PEV fixo,Ativo,11/11/2019
2604205-000,2023,PE,CATENDE,2604205,Green Eletron,PEV fixo,Ativo,26/04/2020
3162450-000,2023,MG,São João das Missões,3162450,Green Eletron,PEV fixo,Ativo,22/08/2021
2304400-013,2023,CE,FORTALEZA,2304400,Green Eletron,PEV fixo,Ativo,19/12/2019
5006309-000,2023,MS,Paranaíba,5006309,ABREE,PEV fixo,Ativo,22/02/2021
1508407-000,2023,PA,Xinguara,1508407,ABREE,PEV fixo,Ativo,01/10/2020
2505808-000,2023,PB,Duas Estradas,2505808,ABREE,PEV fixo,Ativo,23/12/2021
2706208-000,2023,AL,Palestina,2706208,ABREE,PEV fixo,Ativo,16/02/2021
4301958-000,2023,RS,BARRA FUNDA,4301958,Green Eletron,PEV fixo,Ativo,03/04/2022
4314902-119,2023,RS,Porto Alegre,4314902,ABREE,PEV fixo,Ativo,18/09/2022
4127882-000,2023,PR,Tunas do Paraná,4127882,Sistema individual,PEV fixo,Ativo,13/01/2019
3304557-004,2023,RJ,Rio de Janeiro,3304557,Sistema individual,PEV fixo,Ativo,20/07/2020
3302106-006,2023,RJ,ITAOCARA,3302106,ABREE,PEV fixo,Ativo,09/11/2022
1303205-000,2023,AM,NOVO AIRÃO,1303205,ABREE,PEV fixo,Ativo,15/09/2020
3512001-004,2023,SP,Colina,3512001,Green Eletron,PEV fixo,Ativo,21/10/2023
3522307-000,2023,SP,Itapetininga,3522307,ABREE,PEV fixo,Ativo,28/06/2023
1302553-001,2023,AM,Manaquiri,1302553,ABREE,PEV fixo,Ativo,10/12/2022
3301876-005,2023,RJ,Iguaba Grande,3301876,Green Eletron,PEV fixo,Ativo,14/09/2021
4205407-007,2023,SC,Florianopolis,4205407,ABREE,PEV fixo,Ativo,19/06/2019
2303956-000,2023,CE,Chorozinho,2303956,Green Eletron,PEV fixo,Ativo,11/12/2021
4124301-000,2023,PR,Santo Antônio do Paraíso,4124301,ABREE,PEV fixo,Ativo,11/11/2020
4215356-000,2023,SC,Saltinho,4215356,ABREE,PEV fixo,Ativo,10/12/2020
1501204-001,2023,PA,Baião,1501204,ABREE,PEV fixo,Ativo,25/08/2019
3160207-000,2023,MG,Santo Antônio do Itambé,3160207,ABREE,PEV fixo,Ativo,20/05/2019
3106200-172,2023,MG,Belo Horizonte,3106200,Green Eletron,PEV fixo,Ativo,03/10/2022
5212808-000,2023,GO,  Mara Rosa ,5212808,ABREE,Campanha itinerante,Ativo,15/09/2023
2920809-000,2023,BA,  Marcionílio Souza ,2920809,Sistema individual,PEV fixo,Ativo,02/10/2019
3550308-226,2023,SP,São Paulo,3550308,ABREE,PEV fixo,Ativo,11/01/2021
2927101-000,2023,BA,RODELAS,2927101,Green Eletron,PEV fixo,Ativo,04/08/2020
5300108-008,2023,DF,BRASÍLIA,5300108,Sistema individual,PEV fixo,Ativo,21/11/2019
3550308-225,2023,SP,SÃO PAULO,3550308,ABREE,PEV fixo,Ativo,15/03/2021
4205407-018,2023,SC,Florianópolis,4205407,Green Eletron,PEV fixo,Ativo,14/07/2019
2611606-010,2023,PE,Recife,2611606,ABREE,PEV fixo,Ativo,21/01/2020
3517802-000,2023,SP,GUARAÇAÍ,3517802,ABREE,PEV fixo,Ativo,15/11/2020
4320453-000,2023,RS,Sério,4320453,Green Eletron,Ponto de consolidação,Ativo,14/01/2019
3538808-032,2023,SP,Piraju,3538808,Green Eletron,PEV fixo,Ativo,20/07/2022
3550308-162,2023,SP,Sao Paulo,3550308,ABREE,PEV fixo,Ativo,10/07/2020
4215653-000,2023,SC,SANTA ROSA DO SUL,4215653,ABREE,Ponto de consolidação,Ativo,02/11/2019
3160207-010,2023,MG,Santo Antônio do Itambé,3160207,Green Eletron,PEV fixo,Ativo,22/02/2023
5103403-001,2023,MT,Cuiabá,5103403,ABREE,PEV fixo,Ativo,10/08/2019
4202578-000,2023,SC,Bom Jesus do Oeste,4202578,ABREE,PEV fixo,Ativo,23/01/2020
4323358-000,2023,RS,VILA LÂNGARO,4323358,Green Eletron,PEV fixo,Ativo,15/01/2022
4302253-000,2023,RS,Boa Vista do Sul,4302253,ABREE,PEV fixo,Ativo,23/08/2023
2304400-029,2023,CE,  Fortaleza ,2304400,Green Eletron,PEV fixo,Ativo,01/02/2019
2608602-000,2023,PE,Lagoa do Ouro,2608602,ABREE,PEV fixo,Ativo,08/07/2022
3122454-001,2023,MG,DIVISÓPOLIS,3122454,ABREE,PEV fixo,Ativo,04/01/2023
3536109-001,2023,SP,PARDINHO,3536109,Green Eletron,PEV fixo,Ativo,02/05/2023
3550308-356,2023,SP,  São Paulo ,3550308,ABREE,PEV fixo,Ativo,26/08/2023
2300705-010,2023,CE,ALTO SANTO,2300705,Sistema individual,PEV fixo,Ativo,18/02/2022
2304400-019,2023,CE,FORTALEZA,2304400,ABREE,Ponto de consolidação,Ativo,18/03/2019
3304557-114,2023,RJ,Rio de Janeiro,3304557,ABREE,PEV fixo,Ativo,21/07/2022
3532009-009,2023,SP,Morungaba,3532009,Sistema individual,Ponto de consolidação,Ativo,14/06/2021
3505203-002,2023,SP,BARIRI,3505203,ABREE,PEV fixo,Ativo,24/10/2020
2611606-093,2023,PE,RECIFE,2611606,ABREE,Campanha itinerante,Ativo,03/10/2023
3544103-001,2023,SP,Rio Grande da Serra,3544103,Green Eletron,PEV fixo,Ativo,26/10/2022
4107900-000,2023,PR,FLORESTA,4107900,ABREE,PEV fixo,Ativo,26/03/2022
3171501-001,2023,MG,Mathias Lobato,3171501,ABREE,Ponto de consolidação,Ativo,22/10/2023
4107124-000,2023,PR,Diamante do Sul,4107124,Green Eletron,Ponto de consolidação,Ativo,04/07/2020
2111300-002,2023,MA,Sao Luis,2111300,ABREE,PEV fixo,Ativo,26/10/2019
3137205-000,2023,MG,Lagoa da Prata,3137205,ABREE,PEV fixo,Ativo,22/09/2021
2303808-000,2023,CE,Cedro,2303808,ABREE,PEV fixo,Ativo,25/10/2019
2513000-002,2023,PB,Salgadinho,2513000,ABREE,PEV fixo,Ativo,04/12/2023
2303600-000,2023,CE,Catarina,2303600,ABREE,PEV fixo,Ativo,15/01/2023
2301604-007,2023,CE,Assaré,2301604,Green Eletron,PEV fixo,Ativo,09/12/2023
3152303-000,2023,MG,Porto Firme,3152303,Green Eletron,PEV fixo,Ativo,05/10/2023
3106200-021,2023,MG,Belo Horizonte,3106200,Green Eletron,Ponto de consolidação,Ativo,23/05/2020
2412500-000,2023,RN,São Miguel,2412500,ABREE,PEV fixo,Ativo,15/07/2019
2103802-000,2023,MA,Dom Pedro,2103802,ABREE,PEV fixo,Ativo,12/04/2019
2107605-000,2023,MA,Palmeirândia,2107605,ABREE,PEV fixo,Ativo,20/07/2019
3550308-006,2023,SP,SÃO PAULO,3550308,ABREE,PEV fixo,Ativo,21/12/2019
3525607-000,2023,SP,João Ramalho,3525607,Green Eletron,Ponto de consolidação,Ativo,02/07/2019
3201605-000,2023,ES,CONCEIÇÃO DA BARRA,3201605,ABREE,PEV fixo,Ativo,18/06/2022
3304508-006,2023,RJ,Rio das Flores,3304508,ABREE,PEV fixo,Ativo,03/01/2021
4318705-000,2023,RS,Sao Leopoldo,4318705,Green Eletron,PEV fixo,Ativo,19/07/2021
1503093-000,2023,PA,Goianesia do Para,1503093,Green Eletron,Ponto de consolidação,Ativo,04/05/2020
4219853-000,2023,SC,Zortéa,4219853,ABREE,Ponto de consolidação,Ativo,19/01/2021
1508209-006,2023,PA,Vigia,1508209,ABREE,PEV fixo,Ativo,26/08/2021
3528007-003,2023,SP,Macatuba,3528007,Green Eletron,PEV fixo,Ativo,24/04/2023
2111300-020,2023,MA,São Luís,2111300,Green Eletron,Campanha itinerante,Ativo,28/02/2019
2111300-090,2023,MA,  São Luís ,2111300,Green Eletron,PEV fixo,Ativo,24/10/2022
3303104-001,2023,RJ,Natividade,3303104,Green Eletron,PEV fixo,Ativo,23/09/2022
3522505-000,2023,SP,Itapevi,3522505,Green Eletron,PEV fixo,Ativo,16/07/2022
4106902-007,2023,PR,Curitiba,4106902,ABREE,PEV fixo,Ativo,06/01/2020
4308201-000,2023,RS,FLORES DA CUNHA,4308201,ABREE,PEV fixo,Ativo,17/07/2021
2927408-006,2023,BA,SALVADOR,2927408,ABREE,PEV fixo,Ativo,03/03/2019
3549102-000,2023,SP,Sao Joao da Boa Vista,3549102,ABREE,PEV fixo,Ativo,03/01/2022
2600906-000,2023,PE,  Amaraji ,2600906,Green Eletron,PEV fixo,Ativo,10/07/2023
2413359-001,2023,RN,Serra do Mel,2413359,Green Eletron,PEV fixo,Ativo,09/04/2022
4106902-065,2023,PR,Curitiba,4106902,ABREE,PEV fixo,Ativo,14/03/2022
2924678-000,2023,BA,  Piraí do Norte ,2924678,Green Eletron,Campanha itinerante,Ativo,07/01/2022
3300951-002,2023,RJ,COMENDADOR LEVY GASPARIAN,3300951,ABREE,Campanha itinerante,Ativo,12/03/2020
3148905-000,2023,MG,Pedra do Indaiá,3148905,ABREE,PEV fixo,Ativo,20/11/2021
3305307-010,2023,RJ,SÃO SEBASTIÃO DO ALTO,3305307,ABREE,PEV fixo,Ativo,06/03/2021
5300108-024,2023,DF,Brasília,5300108,Green Eletron,PEV fixo,Ativo,01/09/2019
3165206-000,2023,MG,São Thomé das Letras,3165206,Green Eletron,PEV fixo,Ativo,19/09/2020
1200328-000,2023,AC,Jordão,1200328,ABREE,Ponto de consolidação,Ativo,08/05/2022
1501402-002,2023,PA,Belém,1501402,ABREE,Campanha itinerante,Ativo,22/01/2020
3106200-181,2023,MG,Belo Horizonte,3106200,Green Eletron,PEV fixo,Inativo,18/09/2022
3532900-018,2023,SP,  Nova Europa ,3532900,Sistema individual,PEV fixo,Ativo,19/09/2022
3538808-015,2023,SP,  Piraju ,3538808,Sistema individual,Campanha itinerante,Ativo,02/11/2020
2504702-000,2023,PB,Congo,2504702,Green Eletron,PEV fixo,Ativo,01/10/2021
3145372-000,2023,MG,Novorizonte,3145372,ABREE,PEV fixo,Ativo,08/08/2020
3106200-194,2023,MG,BELO HORIZONTE,3106200,Green Eletron,PEV fixo,Ativo,04/07/2022
5208707-006,2023,GO,Goiânia,5208707,Green Eletron,PEV fixo,Ativo,19/07/2019
1505700-000,2023,PA,Ponta de Pedras,1505700,ABREE,PEV fixo,Ativo,25/05/2021
3553955-004,2023,SP,Tarumã,3553955,ABREE,PEV fixo,Ativo,02/11/2023
4205407-060,2023,SC,Florianópolis,4205407,Green Eletron,PEV fixo,Ativo,21/12/2021
5300108-040,2023,DF,Brasília,5300108,ABREE,PEV fixo,Ativo,20/11/2020
4115457-002,2023,PR,MARQUINHO,4115457,ABREE,PEV fixo,Ativo,22/11/2019
4301206-000,2023,RS,Arroio do Tigre,4301206,ABREE,PEV fixo,Ativo,24/01/2020
3550308-343,2023,SP,São Paulo,3550308,Green Eletron,PEV fixo,Ativo,28/01/2023
1705607-000,2023,TO,Conceição do Tocantins,1705607,Green Eletron,PEV fixo,Ativo,28/01/2020
3303302-010,2023,RJ,  Niterói ,3303302,ABREE,PEV fixo,Ativo,06/07/2022
3130408-000,2023,MG,Ijaci,3130408,ABREE,Ponto de consolidação,Ativo,11/03/2020
4104055-000,2023,PR,Campo Bonito,4104055,Sistema individual,Campanha itinerante,Ativo,23/07/2020
4205407-076,2023,SC,Florianópolis,4205407,Green Eletron,Campanha itinerante,Ativo,01/04/2022
2605152-003,2023,PE,Dormentes,,Green Eletron,PEV fixo,Ativo,05/06/2023
3158102-000,2023,MG,Santa Maria do Salto,3158102,ABREE,PEV fixo,Ativo,06/08/2021
4122107-000,2023,PR,Rio Bom,4122107,Green Eletron,PEV fixo,Ativo,13/07/2020
3550308-105,2023,SP,SÃO PAULO,3550308,ABREE,PEV fixo,Ativo,25/11/2019
3305406-003,2023,RJ,Sapucaia,3305406,ABREE,PEV fixo,Ativo,26/08/2021
3550308-233,2023,SP,Sao Paulo,3550308,Green Eletron,PEV fixo,Ativo,27/07/2021
1302900-000,2023,AM,  Maués ,1302900,Green Eletron,Ponto de consolidação,Ativo,19/04/2023
4301925-000,2023,RS,Barra do Rio Azul,4301925,ABREE,PEV fixo,Ativo,20/02/2019
1507904-000,2023,PA,Soure,1507904,ABREE,PEV fixo,Ativo,03/05/2022
4309555-000,2023,RS,Harmonia,4309555,Green Eletron,PEV fixo,Ativo,06/08/2023
3202454-000,2023,ES,Ibatiba,3202454,Green Eletron,PEV fixo,Ativo,26/01/2021
3106200-085,2023,MG,Belo Horizonte,3106200,Green Eletron,PEV fixo,Ativo,15/10/2020
2211001-006,2023,PI,Teresina,2211001,Green Eletron,PEV fixo,Ativo,15/03/2019
3304508-011,2023,RJ,Rio das Flores,3304508,Sistema individual,PEV fixo,Ativo,26/03/2022
4308706-000,2023,RS,Gaurama,4308706,ABREE,PEV fixo,Ativo,22/07/2022
3550308-049,2023,SP,SÃO PAULO,3550308,ABREE,Campanha itinerante,Ativo,13/03/2019
2933257-000,2023,BA,Vereda,2933257,ABREE,Ponto de consolidação,Ativo,21/12/2019
3202652-001,2023,ES,IRUPI,3202652,ABREE,PEV fixo,Ativo,12/05/2023
3520400-000,2023,SP,Ilhabela,3520400,Green Eletron,PEV fixo,Ativo,28/07/2023
4303301-000,2023,RS,Caibaté,4303301,Green Eletron,PEV fixo,Inativo,21/11/2022
3155900-001,2023,MG,Rio Preto,3155900,Green Eletron,PEV fixo,Ativo,07/07/2022
5107701-000,2023,MT,Rosário Oeste,5107701,Green Eletron,PEV fixo,Ativo,09/12/2020
2918902-000,2023,BA,Lajedao,2918902,Sistema individual,Campanha itinerante,Ativo,23/08/2023
1302603-011,2023,AM,Manaus,1302603,Green Eletron,Ponto de consolidação,Ativo,18/09/2023
2303303-000,2023,CE,Cariús,2303303,ABREE,Ponto de consolidação,Ativo,18/03/2019
4119152-000,2023,PR,PINHAIS,4119152,ABREE,PEV fixo,Ativo,04/11/2022
4319737-000,2023,RS,SÃO VALÉRIO DO SUL,4319737,ABREE,PEV fixo,Ativo,09/08/2021
3533205-000,2023,SP,Nova Independência,3533205,ABREE,Campanha itinerante,Ativo,08/04/2022
2927408-139,2023,BA,Salvador,2927408,ABREE,PEV fixo,Ativo,04/06/2023
3550308-088,2023,SP,SÃO PAULO,3550308,Green Eletron,PEV fixo,Ativo,18/06/2019
2611606-053,2023,PE,Recife,2611606,ABREE,PEV fixo,Ativo,24/11/2022
3106200-257,2023,MG,Belo Horizonte,3106200,Green Eletron,PEV fixo,Ativo,28/02/2023
2110856-000,2023,MA,SÃO FRANCISCO DO BREJÃO,2110856,ABREE,PEV fixo,Ativo,03/09/2023
2927408-080,2023,BA,SALVADOR,2927408,Green Eletron,PEV fixo,Ativo,26/05/2021
3302403-013,2023,RJ,Macae,3302403,ABREE,Ponto de consolidação,Ativo,28/04/2022
2104206-000,2023,MA,  Fortuna ,2104206,ABREE,Ponto de consolidação,Ativo,28/01/2022
3541653-003,2023,SP,  Quadra ,3541653,Green Eletron,PEV fixo,Ativo,06/05/2021
2306405-000,2023,CE,Itapipoca,2306405,Green Eletron,PEV fixo,Inativo,14/03/2022
2921302-000,2023,BA,Milagres,2921302,ABREE,PEV fixo,Ativo,17/12/2022
2709103-000,2023,AL,TAQUARANA,2709103,Sistema individual,Ponto de consolidação,Ativo,04/09/2020
2910727-000,2023,BA,EUNÁPOLIS,2910727,ABREE,PEV fixo,Ativo,23/09/2021
3503802-000,2023,SP,ARTUR NOGUEIRA,3503802,ABREE,PEV fixo,Ativo,16/03/2019
2304400-051,2023,CE,Fortaleza,2304400,Green Eletron,PEV fixo,Ativo,18/12/2021
5002704-012,2023,MS,Campo Grande,5002704,Green Eletron,PEV fixo,Ativo,09/10/2023
5000906-000,2023,MS,ANTÔNIO JOÃO,5000906,Sistema individual,PEV fixo,Ativo,19/06/2022
3102308-000,2023,MG,Alvinópolis,3102308,Green Eletron,PEV fixo,Ativo,08/01/2021
3157278-000,2023,MG,Santa Bárbara do Monte Verde,3157278,Green Eletron,PEV fixo,Ativo,19/11/2022
5208707-017,2023,GO,Goiânia,5208707,Green Eletron,PEV fixo,Ativo,02/12/2022
4126256-000,2023,PR,Sarandi,4126256,Sistema individual,PEV fixo,Ativo,02/06/2020
3168101-000,2023,MG,TAPIRA,3168101,Sistema individual,Ponto de consolidação,Ativo,16/07/2022
1507151-002,2023,PA,Sao Domingos do Araguaia,1507151,ABREE,Campanha itinerante,Ativo,21/02/2020
3157302-000,2023,MG,Santa Bárbara do Tugúrio,3157302,Sistema individual,PEV fixo,Ativo,08/04/2022
5210604-000,2023,GO,Itaguaru,5210604,ABREE,PEV fixo,Ativo,17/08/2023
2805000-000,2023,SE,Pedra Mole,2805000,ABREE,PEV fixo,Ativo,08/08/2020
3304557-095,2023,RJ,Rio de Janeiro,3304557,Green Eletron,Ponto de consolidação,Ativo,13/07/2021
3201902-001,2023,ES,Domingos Martins,3201902,ABREE,PEV fixo,Ativo,16/07/2021
1303700-002,2023,AM,SANTO ANTÔNIO DO IÇÁ,1303700,Sistema individual,Ponto de consolidação,Ativo,28/09/2022
3304508-005,2023,RJ,Rio das Flores,3304508,ABREE,PEV fixo,Ativo,13/05/2020
4106902-014,2023,PR,Curitiba,4106902,ABREE,PEV fixo,Ativo,10/12/2020
5104500-000,2023,MT,Indiavai,5104500,ABREE,PEV fixo,Ativo,05/06/2021
2304400-090,2023,CE,Fortaleza,2304400,ABREE,PEV fixo,Ativo,01/08/2022
3532009-006,2023,SP,Morungaba,3532009,Green Eletron,PEV fixo,Ativo,01/05/2020
3302403-004,2023,RJ,MACAÉ,3302403,ABREE,PEV fixo,Ativo,06/10/2019
3106200-275,2023,MG,Belo Horizonte,3106200,ABREE,Campanha itinerante,Ativo,19/04/2023
3108305-000,2023,MG,Borda da Mata,3108305,ABREE,PEV fixo,Ativo,26/06/2019
2502409-000,2023,PB,Bonito de Santa Fé,2502409,ABREE,PEV fixo,Ativo,27/04/2023
2901957-001,2023,BA,Apuarema,2901957,ABREE,PEV fixo,Ativo,22/03/2023
2310902-000,2023,CE,PIQUET CARNEIRO,2310902,ABREE,PEV fixo,Ativo,03/11/2019
3532900-015,2023,SP,NOVA EUROPA,3532900,Green Eletron,Campanha itinerante,Ativo,26/12/2021
2610608-000,2023,PE,  Paudalho ,2610608,Green Eletron,PEV fixo,Ativo,03/11/2021
4305454-000,2023,RS,Cidreira,4305454,ABREE,PEV fixo,Ativo,22/01/2020
3123528-007,2023,MG,Durandé,3123528,ABREE,PEV fixo,Ativo,19/02/2023
3550308-166,2023,SP,Sao Paulo,3550308,Green Eletron,PEV fixo,Ativo,19/03/2020
2111300-044,2023,MA,São Luís,2111300,Green Eletron,Campanha itinerante,Ativo,04/02/2020
2304400-002,2023,CE,Fortaleza,2304400,ABREE,PEV fixo,Ativo,22/08/2019
3106200-030,2023,MG,Belo Horizonte,3106200,Green Eletron,PEV fixo,Ativo,24/07/2020
4205407-011,2023,SC,Florianópolis,4205407,ABREE,PEV fixo,Ativo,04/02/2019
4319125-000,2023,RS,SÃO MARTINHO DA SERRA,4319125,ABREE,PEV fixo,Ativo,26/06/2019
1504406-000,2023,PA,  Marapanim ,1504406,ABREE,PEV fixo,Ativo,13/05/2019
2304400-083,2023,CE,Fortaleza,2304400,ABREE,PEV fixo,Ativo,23/07/2022
3521804-000,2023,SP,Itaí,3521804,ABREE,PEV fixo,Ativo,03/07/2021
5215207-008,2023,GO,NOVO BRASIL,5215207,ABREE,Campanha itinerante,Ativo,05/10/2022
2304400-022,2023,CE,Fortaleza,2304400,Green Eletron,PEV fixo,Ativo,06/12/2019
3205309-012,2023,ES,Vitoria,3205309,Green Eletron,PEV fixo,Ativo,26/11/2021
3304151-000,2023,RJ,Quissamã,3304151,ABREE,PEV fixo,Ativo,02/02/2020
2200707-000,2023,PI,ANÍSIO DE ABREU,2200707,Sistema individual,PEV fixo,Ativo,14/04/2022
4201257-000,2023,SC,Apiúna,4201257,ABREE,PEV fixo,Ativo,01/09/2021
3524402-004,2023,SP,Jacareí,3524402,Green Eletron,PEV fixo,Ativo,15/12/2023
2411106-000,2023,RN,Ruy Barbosa,2411106,Sistema individual,Ponto de consolidação,Ativo,28/01/2023
3201001-001,2023,ES,BOA ESPERANÇA,3201001,ABREE,PEV fixo,Ativo,24/06/2022
2933406-000,2023,BA,WAGNER,2933406,ABREE,PEV fixo,Ativo,28/04/2019
1501402-010,2023,PA,BELÉM,1501402,ABREE,PEV fixo,Ativo,02/08/2020
2301604-006,2023,CE,Assaré,2301604,ABREE,PEV fixo,Ativo,28/04/2023
2914000-000,2023,BA,IPIRÁ,2914000,Green Eletron,PEV fixo,Ativo,25/04/2022
2900801-001,2023,BA,Alcobaça,2900801,ABREE,PEV fixo,Ativo,15/01/2023
3205309-006,2023,ES,Vitoria,3205309,ABREE,PEV fixo,Ativo,19/02/2020
3160207-002,2023,MG,Santo Antônio do Itambé,3160207,Green Eletron,PEV fixo,Ativo,05/09/2019
2927408-081,2023,BA,SALVADOR,2927408,Green Eletron,PEV fixo,Ativo,21/08/2021
3168705-000,2023,MG,  Timóteo ,3168705,ABREE,Campanha itinerante,Ativo,19/03/2020
3304144-005,2023,RJ,Queimados,3304144,ABREE,PEV fixo,Ativo,11/04/2023
5300108-095,2023,DF,BRASÍLIA,5300108,Green Eletron,PEV fixo,Ativo,28/09/2023
5222302-000,2023,GO,Vila Propício,5222302,ABREE,PEV fixo,Ativo,02/06/2019
3111309-000,2023,MG,Campo do Meio,3111309,ABREE,PEV fixo,Ativo,04/06/2023
4123402-000,2023,PR,SANTA FÉ,4123402,Sistema individual,PEV fixo,Ativo,16/02/2019
2610202-000,2023,PE,Panelas,2610202,ABREE,PEV fixo,Ativo,01/07/2021
2616209-000,2023,PE,Vertentes,2616209,ABREE,PEV fixo,Ativo,03/12/2019
5300108-004,2023,DF,BRASÍLIA,5300108,ABREE,PEV fixo,Ativo,06/08/2019
3510153-000,2023,SP,Canitar,3510153,ABREE,Campanha itinerante,Ativo,02/02/2023
1506104-000,2023,PA,Primavera,1506104,Green Eletron,PEV fixo,Ativo,12/03/2021
1508209-003,2023,PA,Vigia,1508209,Green Eletron,Campanha itinerante,Ativo,25/03/2019
2614303-000,2023,PE,Moreilândia,2614303,ABREE,PEV fixo,Ativo,27/11/2019
2608701-001,2023,PE,Lagoa dos Gatos,2608701,ABREE,PEV fixo,Ativo,14/12/2023
4106902-034,2023,PR,Curitiba,4106902,Green Eletron,PEV fixo,Ativo,02/05/2021
2927408-083,2023,BA,Salvador,2927408,ABREE,PEV fixo,Ativo,24/07/2021
4205407-040,2023,SC,Florianópolis,4205407,Green Eletron,Ponto de consolidação,Ativo,11/12/2020
1302801-000,2023,AM,Maraã,1302801,ABREE,PEV fixo,Ativo,24/03/2020
3506003-000,2023,SP,Bauru,3506003,Green Eletron,PEV fixo,Ativo,07/11/2022
5106315-000,2023,MT,Novo Santo Antônio,5106315,ABREE,PEV fixo,Ativo,17/08/2022
3304151-003,2023,RJ,Quissama,3304151,Green Eletron,Campanha itinerante,Ativo,27/06/2022
3106200-077,2023,MG,Belo Horizonte,3106200,ABREE,PEV fixo,Ativo,18/02/2020
2902203-000,2023,BA,ARAMARI,2902203,Green Eletron,PEV fixo,Ativo,26/10/2019
2610301-001,2023,PE,Paranatama,2610301,Green Eletron,PEV fixo,Ativo,28/10/2020
2304400-061,2023,CE,Fortaleza,2304400,ABREE,PEV fixo,Ativo,17/10/2021
3534757-000,2023,SP,Ouroeste,3534757,Green Eletron,PEV fixo,Ativo,14/05/2023
3301108-026,2023,RJ,CANTAGALO,3301108,Green Eletron,PEV fixo,Ativo,26/11/2023
3515004-001,2023,SP,Embu das Artes,3515004,Sistema individual,Campanha itinerante,Ativo,22/06/2023
3136900-000,2023,MG,  Juruaia ,3136900,ABREE,PEV fixo,Ativo,23/11/2022
2800308-007,2023,SE,ARACAJU,2800308,ABREE,Campanha itinerante,Ativo,24/10/2019
3550308-110,2023,SP,SÃO PAULO,3550308,Green Eletron,PEV fixo,Ativo,19/05/2020
3301108-003,2023,RJ,CANTAGALO,3301108,Sistema individual,PEV fixo,Ativo,13/10/2020
2927408-012,2023,BA,Salvador,2927408,Green Eletron,PEV fixo,Ativo,01/09/2019
2207702-000,2023,PI,Parnaiba,2207702,Green Eletron,PEV fixo,Ativo,02/08/2023
3507407-000,2023,SP,BORBOREMA,3507407,Green Eletron,PEV fixo,Ativo,08/06/2021
2111300-040,2023,MA,São Luís,2111300,ABREE,PEV fixo,Ativo,01/10/2020
2922755-000,2023,BA,Nova Ibia,2922755,Green Eletron,Campanha itinerante,Ativo,10/11/2022
4322541-000,2023,RS,VALE REAL,,ABREE,PEV fixo,Ativo,27/07/2021
3106200-217,2023,MG,Belo Horizonte,3106200,ABREE,PEV fixo,Ativo,02/04/2022
3304557-199,2023,RJ,Rio de Janeiro,3304557,Sistema individual,Ponto de consolidação,Ativo,25/10/2023
2301109-000,2023,CE,Aracati,2301109,Green Eletron,PEV fixo,Ativo,08/02/2020
3146552-000,2023,MG,  Pai Pedro ,3146552,Sistema individual,PEV fixo,Ativo,25/11/2023
4205407-024,2023,SC,Florianópolis,4205407,ABREE,PEV fixo,Ativo,27/05/2019
5215207-002,2023,GO,NOVO BRASIL,5215207,Sistema individual,PEV fixo,Ativo,10/11/2019
3301306-002,2023,RJ,Casimiro de Abreu,3301306,Green Eletron,PEV fixo,Ativo,27/04/2023
2105708-000,2023,MA,  Lago da Pedra ,,Green Eletron,PEV fixo,Ativo,12/01/2019
2304251-011,2023,CE,Cruz,2304251,ABREE,PEV fixo,Ativo,01/02/2023
2112704-000,2023,MA,Vargem Grande,2112704,Green Eletron,PEV fixo,Inativo,12/05/2019
1301951-002,2023,AM,  Itamarati ,1301951,ABREE,PEV fixo,Ativo,11/01/2021
2612109-000,2023,PE,Salgadinho,2612109,ABREE,PEV fixo,Ativo,24/03/2019
3551306-005,2023,SP,Sebastianópolis do Sul,3551306,ABREE,PEV fixo,Ativo,12/09/2021
4106902-068,2023,PR,Curitiba,4106902,ABREE,PEV fixo,Ativo,28/09/2023
4314902-025,2023,RS,Porto Alegre,4314902,Sistema individual,PEV fixo,Ativo,19/10/2020
5201306-001,2023,GO,Anicuns,5201306,ABREE,PEV fixo,Ativo,25/10/2023
1101450-000,2023,RO,Parecis,1101450,ABREE,PEV fixo,Ativo,22/10/2021
3526803-003,2023,SP,  Lençóis Paulista ,3526803,Green Eletron,PEV fixo,Ativo,04/09/2020
2927408-119,2023,BA,Salvador,2927408,ABREE,PEV fixo,Ativo,07/07/2022
3106200-101,2023,MG,Belo Horizonte,3106200,Green Eletron,PEV fixo,Ativo,10/01/2021
2912202-000,2023,BA,Ibicoara,2912202,Green Eletron,Ponto de consolidação,Ativo,20/04/2022
2905305-000,2023,BA,Cafarnaum,2905305,ABREE,PEV fixo,Ativo,16/09/2019
3302502-003,2023,RJ,Magé,3302502,ABREE,PEV fixo,Ativo,23/02/2021
4300604-000,2023,RS,Alvorada,4300604,ABREE,Ponto de consolidação,Ativo,25/07/2023
4122305-000,2023,PR,Rio Negro,4122305,Green Eletron,PEV fixo,Ativo,14/09/2020
2408102-001,2023,RN,Natal,2408102,Sistema individual,PEV fixo,Ativo,17/11/2020
4128104-000,2023,PR,Umuarama,4128104,ABREE,PEV fixo,Inativo,01/01/2021
1304401-000,2023,AM,URUCURITUBA,1304401,ABREE,Ponto de consolidação,Ativo,24/02/2021
4314902-128,2023,RS,Porto Alegre,4314902,Green Eletron,Ponto de consolidação,Ativo,18/02/2023
3205309-023,2023,ES,Vitória,3205309,ABREE,PEV fixo,Ativo,02/12/2023
3304557-021,2023,RJ,RIO DE JANEIRO,3304557,Green Eletron,Ponto de consolidação,Ativo,13/09/2020
5103957-000,2023,MT,Glória D'Oeste,5103957,ABREE,PEV fixo,Ativo,02/05/2022
2102374-001,2023,MA,CACHOEIRA GRANDE,2102374,ABREE,PEV fixo,Ativo,10/02/2022
2401503-000,2023,RN,Barcelona,2401503,Green Eletron,PEV fixo,Ativo,17/11/2021
2211001-003,2023,PI,Teresina,2211001,ABREE,PEV fixo,Ativo,21/04/2019
3550308-318,2023,SP,São Paulo,3550308,Green Eletron,PEV fixo,Ativo,05/09/2022
4314902-075,2023,RS,Porto Alegre,4314902,Green Eletron,Campanha itinerante,Ativo,18/01/2021
3550308-055,2023,SP,São Paulo,3550308,ABREE,PEV fixo,Ativo,27/12/2019
2304400-036,2023,CE,Fortaleza,2304400,ABREE,PEV fixo,Ativo,21/02/2020
3302700-017,2023,RJ,Marica,3302700,Green Eletron,PEV fixo,Ativo,05/11/2023
2605400-000,2023,PE,  Feira Nova ,2605400,Green Eletron,PEV fixo,Ativo,15/11/2022
5200605-000,2023,GO,Alto Paraiso de Goias,5200605,Green Eletron,Campanha itinerante,Ativo,16/11/2020
3555109-008,2023,SP,TUPI PAULISTA,3555109,ABREE,PEV fixo,Ativo,16/03/2021
3304557-070,2023,RJ,Rio de Janeiro,3304557,Green Eletron,PEV fixo,Ativo,12/05/2021
2211001-013,2023,PI,TERESINA,2211001,Green Eletron,Ponto de consolidação,Ativo,25/11/2021
1700350-000,2023,TO,Aliança do Tocantins,1700350,ABREE,Ponto de consolidação,Ativo,25/06/2023
3543808-000,2023,SP,RINÓPOLIS,3543808,ABREE,PEV fixo,Ativo,08/03/2022
2927408-096,2023,BA,Salvador,2927408,ABREE,Ponto de consolidação,Ativo,18/07/2021
3539400-002,2023,SP,Piratininga,3539400,ABREE,PEV fixo,Ativo,18/10/2023
3550308-158,2023,SP,SÃO PAULO,3550308,Green Eletron,PEV fixo,Ativo,11/07/2020
2604809-001,2023,PE,Cortes,2604809,ABREE,PEV fixo,Ativo,08/08/2023
3304557-091,2023,RJ,Rio de Janeiro,3304557,Green Eletron,PEV fixo,Ativo,09/11/2021
4314902-026,2023,RS,Porto Alegre,4314902,ABREE,PEV fixo,Ativo,18/02/2020
2300606-003,2023,CE,Altaneira,2300606,ABREE,Ponto de consolidação,Ativo,16/05/2023
2910057-000,2023,BA,Dias d'Ávila,2910057,Sistema individual,PEV fixo,Ativo,25/12/2023
3550308-210,2023,SP,Sao Paulo,3550308,ABREE,Campanha itinerante,Ativo,13/09/2021
2211001-018,2023,PI,TERESINA,2211001,ABREE,Campanha itinerante,Ativo,23/11/2022
4321667-000,2023,RS,Três Cachoeiras,4321667,ABREE,Campanha itinerante,Ativo,24/04/2020
3304557-184,2023,RJ,Rio de Janeiro,3304557,Green Eletron,PEV fixo,Ativo,18/04/2023
3106200-252,2023,MG,BELO HORIZONTE,3106200,Green Eletron,PEV fixo,Ativo,02/03/2023
3521507-000,2023,SP,  Irapuã ,3521507,Green Eletron,PEV fixo,Ativo,26/07/2019
3115474-000,2023,MG,  Catuti ,3115474,ABREE,PEV fixo,Ativo,25/03/2021
5002704-002,2023,MS,Campo Grande,5002704,Green Eletron,PEV fixo,Ativo,03/01/2020
1501402-012,2023,PA,Belém,1501402,ABREE,PEV fixo,Ativo,19/01/2021
3556404-001,2023,SP,Vargem Grande do Sul,3556404,Sistema individual,PEV fixo,Ativo,21/10/2023
3304557-169,2023,RJ,RIO DE JANEIRO,3304557,ABREE,PEV fixo,Ativo,27/02/2023
1504950-000,2023,PA,NOVA ESPERANÇA DO PIRIÁ,1504950,ABREE,PEV fixo,Ativo,25/01/2023
2504207-000,2023,PB,Catingueira,2504207,Green Eletron,Campanha itinerante,Ativo,18/04/2020
3125606-000,2023,MG,Felisburgo,3125606,ABREE,PEV fixo,Ativo,01/01/2019
2615102-003,2023,PE,TEREZINHA,2615102,ABREE,Campanha itinerante,Ativo,23/01/2020
3550308-113,2023,SP,São Paulo,3550308,ABREE,PEV fixo,Ativo,26/03/2020
5300108-051,2023,DF,Brasília,5300108,Green Eletron,Campanha itinerante,Ativo,10/01/2020
4305447-000,2023,RS,Chuvisca,4305447,Green Eletron,Ponto de consolidação,Ativo,21/07/2022
4314902-127,2023,RS,Porto Alegre,4314902,ABREE,Ponto de consolidação,Ativo,14/03/2023
5300108-003,2023,DF,Brasilia,5300108,ABREE,PEV fixo,Ativo,22/04/2019
4106902-036,2023,PR,Curitiba,4106902,ABREE,Campanha itinerante,Inativo,13/09/2021
2207207-000,2023,PI,Padre Marcos,2207207,Green Eletron,Ponto de consolidação,Ativo,12/05/2022
3550308-056,2023,SP,São Paulo,3550308,ABREE,PEV fixo,Ativo,16/08/2019
2413359-000,2023,RN,Serra do Mel,2413359,ABREE,PEV fixo,Inativo,09/01/2020
4321634-000,2023,RS,TRÊS ARROIOS,4321634,Green Eletron,PEV fixo,Ativo,27/09/2023
4300851-000,2023,RS,Arambaré,4300851,Green Eletron,Campanha itinerante,Ativo,09/06/2021
3106200-064,2023,MG,Belo Horizonte,3106200,Green Eletron,PEV fixo,Ativo,22/08/2020
1301506-000,2023,AM,  Envira ,1301506,Green Eletron,PEV fixo,Ativo,18/09/2022
4205407-043,2023,SC,Florianópolis,4205407,Green Eletron,PEV fixo,Ativo,10/02/2020
2611606-029,2023,PE,  Recife ,2611606,ABREE,PEV fixo,Inativo,16/10/2020
3532900-002,2023,SP,  Nova Europa ,3532900,Green Eletron,PEV fixo,Ativo,17/04/2019
2112803-000,2023,MA,Viana,2112803,Green Eletron,PEV fixo,Ativo,15/09/2019
3532504-001,2023,SP,NEVES PAULISTA,3532504,ABREE,Ponto de consolidação,Ativo,13/06/2020
3106200-279,2023,MG,Belo Horizonte,3106200,ABREE,PEV fixo,Ativo,25/02/2023
2612802-000,2023,PE,Santa Terezinha,2612802,Green Eletron,Campanha itinerante,Ativo,10/10/2023
3301405-007,2023,RJ,CONCEIÇÃO DE MACABU,3301405,Green Eletron,PEV fixo,Inativo,03/05/2021
4212403-000,2023,SC,Pedras Grandes,4212403,Green Eletron,PEV fixo,Ativo,25/01/2021
2927408-063,2023,BA,Salvador,2927408,Green Eletron,PEV fixo,Ativo,07/06/2020
3550308-126,2023,SP,São Paulo,3550308,Green Eletron,PEV fixo,Ativo,11/08/2020
1100205-000,2023,RO,Porto Velho,1100205,Green Eletron,PEV fixo,Ativo,01/11/2020
5300108-052,2023,DF,Brasilia,5300108,Green Eletron,PEV fixo,Ativo,05/09/2021
3532900-001,2023,SP,Nova Europa,3532900,ABREE,PEV fixo,Ativo,23/11/2019
5200100-000,2023,GO,Abadiania,5200100,Sistema individual,PEV fixo,Ativo,15/12/2023
2616183-011,2023,PE,Vertente do Lerio,2616183,Green Eletron,PEV fixo,Ativo,13/11/2023
1300201-000,2023,AM,Atalaia do Norte,1300201,ABREE,PEV fixo,Ativo,07/10/2023
4311270-000,2023,RS,Lagoa dos Três Cantos,4311270,ABREE,PEV fixo,Ativo,05/08/2021
2311207-000,2023,CE,Potengi,2311207,ABREE,PEV fixo,Ativo,10/10/2022
3550308-264,2023,SP,São Paulo,3550308,ABREE,PEV fixo,Ativo,22/07/2022
3526704-001,2023,SP,Leme,3526704,Green Eletron,PEV fixo,Ativo,16/12/2022
1101559-000,2023,RO,  Teixeirópolis ,1101559,ABREE,Ponto de consolidação,Ativo,23/06/2021
2927408-001,2023,BA,SALVADOR,2927408,ABREE,PEV fixo,Ativo,03/10/2019
2408102-012,2023,RN,NATAL,2408102,Green Eletron,PEV fixo,Ativo,19/08/2021
3106200-074,2023,MG,Belo Horizonte,3106200,ABREE,PEV fixo,Ativo,11/11/2020
3205309-020,2023,ES,Vitória,3205309,Green Eletron,PEV fixo,Ativo,21/11/2023
1504000-000,2023,PA,Limoeiro do Ajuru,1504000,ABREE,PEV fixo,Ativo,09/12/2022
4320404-000,2023,RS,Serafina Corrêa,4320404,Sistema individual,Campanha itinerante,Ativo,17/06/2019
3541000-001,2023,SP,  Praia Grande ,3541000,Sistema individual,PEV fixo,Ativo,10/10/2023
1506203-000,2023,PA,Salinopolis,1506203,Green Eletron,Campanha itinerante,Ativo,27/01/2023
4106902-010,2023,PR,Curitiba,4106902,ABREE,PEV fixo,Ativo,05/04/2020
3135076-000,2023,MG,JAMPRUCA,3135076,ABREE,PEV fixo,Ativo,28/02/2019
3508306-007,2023,SP,Cabralia Paulista,3508306,ABREE,PEV fixo,Ativo,02/08/2023
3513009-005,2023,SP,COTIA,3513009,ABREE,PEV fixo,Ativo,01/01/2020
2927408-064,2023,BA,Salvador,2927408,ABREE,PEV fixo,Ativo,16/09/2020
2111300-084,2023,MA,Sao Luis,2111300,ABREE,PEV fixo,Ativo,03/11/2022
2703601-000,2023,AL,JAPARATINGA,2703601,ABREE,PEV fixo,Ativo,08/03/2021
3304151-001,2023,RJ,  Quissamã ,3304151,Green Eletron,PEV fixo,Ativo,24/05/2020
3127388-000,2023,MG,Goianá,3127388,Green Eletron,PEV fixo,Ativo,11/03/2019
2913002-000,2023,BA,Ibitiara,2913002,ABREE,PEV fixo,Ativo,06/06/2021
2611606-075,2023,PE,Recife,2611606,ABREE,PEV fixo,Ativo,07/08/2023
2514651-000,2023,PB,São José do Brejo do Cruz,2514651,ABREE,Campanha itinerante,Ativo,01/03/2019
2925956-000,2023,BA,Rafael Jambeiro,2925956,Green Eletron,PEV fixo,Ativo,27/08/2023
2921005-000,2023,BA,  Mata de São João ,2921005,ABREE,Campanha itinerante,Ativo,14/10/2021
3106200-249,2023,MG,Belo Horizonte,3106200,ABREE,PEV fixo,Ativo,24/08/2023
3515657-000,2023,SP,FERNÃO,3515657,ABREE,PEV fixo,Ativo,09/04/2023
3304557-186,2023,RJ,  Rio de Janeiro ,3304557,Green Eletron,PEV fixo,Ativo,08/07/2023
4308078-000,2023,RS,FAZENDA VILANOVA,4308078,ABREE,PEV fixo,Ativo,21/10/2019
3106200-264,2023,MG,Belo Horizonte,3106200,Sistema individual,PEV fixo,Ativo,18/06/2023
5300108-063,2023,DF,Brasília,5300108,Green Eletron,PEV fixo,Ativo,09/05/2021
3106200-209,2023,MG,Belo Horizonte,3106200,ABREE,Ponto de consolidação,Ativo,01/07/2022
2304400-063,2023,CE,Fortaleza,2304400,ABREE,PEV fixo,Ativo,12/10/2021
3532900-008,2023,SP,Nova Europa,3532900,Green Eletron,PEV fixo,Ativo,15/08/2020
2908606-000,2023,BA,Conde,,ABREE,PEV fixo,Ativo,06/09/2023
3106200-099,2023,MG,Belo Horizonte,3106200,Sistema individual,PEV fixo,Ativo,12/02/2021
2506103-000,2023,PB,Fagundes,2506103,ABREE,PEV fixo,Ativo,05/11/2023
3543006-003,2023,SP,Ribeirão Branco,3543006,Green Eletron,PEV fixo,Ativo,25/02/2021
2507507-010,2023,PB,João Pessoa,2507507,ABREE,PEV fixo,Ativo,15/11/2021
1504208-004,2023,PA,Marabá,1504208,ABREE,PEV fixo,Ativo,10/05/2021
3555109-012,2023,SP,Tupi Paulista,3555109,Green Eletron,PEV fixo,Ativo,27/12/2022
2403400-000,2023,RN,EQUADOR,2403400,Green Eletron,PEV fixo,Ativo,13/10/2019
3146602-000,2023,MG,Paiva,3146602,ABREE,PEV fixo,Ativo,28/01/2023
2705101-000,2023,AL,Matriz de Camaragibe,2705101,Green Eletron,Ponto de consolidação,Ativo,23/11/2021
2616183-008,2023,PE,VERTENTE DO LÉRIO,2616183,Green Eletron,PEV fixo,Ativo,03/04/2022
4127908-001,2023,PR,Tuneiras do Oeste,4127908,Green Eletron,Campanha itinerante,Ativo,05/07/2022
3106200-195,2023,MG,Belo Horizonte,3106200,ABREE,PEV fixo,Ativo,01/03/2022
3556453-000,2023,SP,Vargem Grande Paulista,3556453,Green Eletron,PEV fixo,Ativo,01/03/2019
5106703-000,2023,MT,PONTE BRANCA,5106703,ABREE,PEV fixo,Ativo,24/02/2022
2404101-000,2023,RN,GALINHOS,2404101,Green Eletron,PEV fixo,Ativo,06/09/2019
1501303-000,2023,PA,Barcarena,1501303,ABREE,PEV fixo,Ativo,26/09/2021
2111300-000,2023,MA,São Luís,2111300,Sistema individual,PEV fixo,Ativo,13/03/2019
1400506-000,2023,RR,SÃO JOÃO DA BALIZA,1400506,Green Eletron,PEV fixo,Ativo,19/03/2019
4109104-000,2023,PR,Guaporema,4109104,Green Eletron,Campanha itinerante,Ativo,02/03/2021
2609709-000,2023,PE,  Orobó ,2609709,ABREE,PEV fixo,Ativo,03/05/2022
2503605-000,2023,PB,CAIÇARA,2503605,Sistema individual,PEV fixo,Ativo,15/04/2020
3549706-005,2023,SP,SÃO JOSÉ DO RIO PARDO,3549706,ABREE,PEV fixo,Ativo,15/01/2023
4314902-011,2023,RS,Porto Alegre,4314902,ABREE,PEV fixo,Ativo,22/10/2020
3301900-001,2023,RJ,  Itaboraí ,3301900,ABREE,PEV fixo,Ativo,04/11/2023
4309050-000,2023,RS,Glorinha,4309050,Green Eletron,PEV fixo,Ativo,13/11/2021
2903904-000,2023,BA,Bom Jesus da Lapa,2903904,ABREE,PEV fixo,Ativo,20/03/2023
3300100-001,2023,RJ,Angra dos Reis,3300100,Green Eletron,PEV fixo,Ativo,18/12/2020
3525607-005,2023,SP,João Ramalho,3525607,ABREE,PEV fixo,Ativo,22/03/2022
3507100-000,2023,SP,Bom Jesus dos Perdões,3507100,ABREE,PEV fixo,Ativo,05/11/2021
2604809-000,2023,PE,Cortês,2604809,Green Eletron,Campanha itinerante,Ativo,11/08/2022
3522703-001,2023,SP,Itápolis,3522703,Green Eletron,PEV fixo,Ativo,04/03/2020
5215009-000,2023,GO,NOVA VENEZA,5215009,ABREE,PEV fixo,Ativo,20/07/2023
3165800-000,2023,MG,Senador José Bento,3165800,ABREE,PEV fixo,Ativo,04/12/2022
3547403-000,2023,SP,SANTA RITA D'OESTE,3547403,ABREE,Campanha itinerante,Ativo,19/12/2021
3521002-000,2023,SP,Iperó,3521002,ABREE,PEV fixo,Ativo,09/07/2023
3519204-000,2023,SP,Iacri,3519204,Green Eletron,Campanha itinerante,Ativo,26/11/2019
4310207-006,2023,RS,Ijuí,4310207,Sistema individual,PEV fixo,Ativo,19/05/2021
3532900-022,2023,SP,  Nova Europa ,3532900,ABREE,PEV fixo,Ativo,12/08/2022
3550308-312,2023,SP,São Paulo,3550308,ABREE,PEV fixo,Ativo,01/04/2022
1300904-000,2023,AM,Canutama,1300904,ABREE,Campanha itinerante,Ativo,23/10/2020
3106200-124,2023,MG,Belo Horizonte,3106200,ABREE,PEV fixo,Ativo,23/12/2021
2202703-000,2023,PI,Cocal,2202703,ABREE,PEV fixo,Ativo,25/05/2019
2903102-000,2023,BA,Barra do Rocha,2903102,ABREE,PEV fixo,Ativo,11/12/2020
2112605-000,2023,MA,URBANO SANTOS,2112605,Green Eletron,PEV fixo,Ativo,06/01/2022
2300705-001,2023,CE,Alto Santo,2300705,Green Eletron,Ponto de consolidação,Ativo,21/12/2020
4127957-000,2023,PR,Tupãssi,4127957,ABREE,Campanha itinerante,Ativo,10/05/2019
4218004-000,2023,SC,Tijucas,4218004,ABREE,PEV fixo,Ativo,11/04/2021
2702207-000,2023,AL,Coqueiro Seco,2702207,Sistema individual,PEV fixo,Ativo,20/11/2023
1101708-000,2023,RO,  Urupá ,1101708,Green Eletron,PEV fixo,Ativo,07/11/2019
3169406-000,2023,MG,Três Pontas,3169406,Green Eletron,Ponto de consolidação,Ativo,09/06/2021
5106265-000,2023,MT,Novo Mundo,5106265,ABREE,PEV fixo,Ativo,28/11/2021
3116407-000,2023,MG,Claraval,3116407,ABREE,PEV fixo,Ativo,02/10/2020
3304557-065,2023,RJ,  Rio de Janeiro ,3304557,ABREE,PEV fixo,Ativo,13/01/2020
3203130-000,2023,ES,Joao Neiva,3203130,ABREE,PEV fixo,Ativo,20/01/2021
2204154-000,2023,PI,Francisco Macedo,2204154,ABREE,PEV fixo,Ativo,02/12/2019
5300108-084,2023,DF,Brasilia,5300108,ABREE,Ponto de consolidação,Ativo,08/11/2022
2905503-001,2023,BA,Caldeirao Grande,2905503,Green Eletron,PEV fixo,Ativo,17/03/2020
4322855-000,2023,RS,Vespasiano Correa,4322855,ABREE,PEV fixo,Ativo,20/09/2023
3550308-127,2023,SP,São Paulo,3550308,Green Eletron,PEV fixo,Ativo,26/10/2020
3304557-007,2023,RJ,RIO DE JANEIRO,3304557,ABREE,PEV fixo,Ativo,07/11/2020
3550308-094,2023,SP,SÃO PAULO,3550308,ABREE,PEV fixo,Ativo,02/08/2019
3550308-024,2023,SP,São Paulo,3550308,Green Eletron,PEV fixo,Ativo,10/10/2019
3550308-104,2023,SP,  São Paulo ,3550308,ABREE,Campanha itinerante,Ativo,13/02/2019
5103403-004,2023,MT,CUIABÁ,5103403,ABREE,PEV fixo,Ativo,09/04/2020
3555109-001,2023,SP,  Tupi Paulista ,3555109,ABREE,PEV fixo,Ativo,20/08/2020
2504801-000,2023,PB,Coremas,2504801,ABREE,Ponto de consolidação,Ativo,07/08/2019
1501402-017,2023,PA,  Belém ,1501402,Green Eletron,PEV fixo,Ativo,08/01/2021
5202353-000,2023,GO,  Arenópolis ,5202353,ABREE,Campanha itinerante,Ativo,16/09/2021
3149309-000,2023,MG,PEDRO LEOPOLDO,3149309,Green Eletron,PEV fixo,Ativo,26/07/2019
3302403-012,2023,RJ,Macaé,3302403,Green Eletron,Ponto de consolidação,Ativo,23/03/2022
2304251-005,2023,CE,CRUZ,2304251,ABREE,PEV fixo,Ativo,14/12/2020
3301108-000,2023,RJ,Cantagalo,3301108,ABREE,PEV fixo,Ativo,26/07/2020
2507507-005,2023,PB,JOÃO PESSOA,2507507,Green Eletron,PEV fixo,Ativo,16/06/2020
3110202-001,2023,MG,CAJURI,3110202,ABREE,PEV fixo,Ativo,15/04/2023
3304557-074,2023,RJ,Rio de Janeiro,3304557,ABREE,Ponto de consolidação,Inativo,16/10/2021
3532900-017,2023,SP,Nova Europa,3532900,ABREE,Campanha itinerante,Ativo,02/07/2021
4314902-087,2023,RS,PORTO ALEGRE,4314902,ABREE,Ponto de consolidação,Ativo,24/02/2021
2906873-000,2023,BA,Capim Grosso,2906873,ABREE,Ponto de consolidação,Ativo,18/01/2023
4209706-001,2023,SC,LEBON RÉGIS,4209706,ABREE,PEV fixo,Ativo,10/03/2023
5002902-002,2023,MS,CASSILÂNDIA,5002902,Green Eletron,PEV fixo,Ativo,22/11/2023
2304400-089,2023,CE,FORTALEZA,2304400,ABREE,PEV fixo,Ativo,10/07/2022
4205506-000,2023,SC,FRAIBURGO,4205506,Green Eletron,PEV fixo,Ativo,25/03/2020
4217204-000,2023,SC,SÃO MIGUEL DO OESTE,4217204,ABREE,PEV fixo,Ativo,05/09/2023
2605004-000,2023,PE,CUPIRA,,ABREE,PEV fixo,Ativo,02/02/2019
4106902-012,2023,PR,CURITIBA,4106902,Green Eletron,PEV fixo,Ativo,11/10/2020
3550308-027,2023,SP,São Paulo,3550308,Green Eletron,Campanha itinerante,Ativo,06/04/2019
3550308-041,2023,SP,SÃO PAULO,3550308,Green Eletron,PEV fixo,Ativo,16/05/2019
2612109-000,2023,PE,Salgadinho,2612109,ABREE,PEV fixo,Ativo,24/03/2019
2408102-016,2023,RN,NATAL,2408102,Green Eletron,PEV fixo,Ativo,18/03/2022
3106200-270,2023,MG,Belo Horizonte,3106200,Green Eletron,PEV fixo,Ativo,26/12/2023
2309904-005,2023,CE,Pacuja,2309904,ABREE,Ponto de consolidação,Ativo,21/03/2022
5101837-000,2023,MT,Boa Esperança do Norte,5101837,ABREE,PEV fixo,Ativo,26/07/2023
3106200-246,2023,MG,  Belo Horizonte ,3106200,ABREE,PEV fixo,Ativo,04/10/2023
4314902-065,2023,RS,Porto Alegre,4314902,Green Eletron,PEV fixo,Ativo,08/03/2021
4322533-000,2023,RS,Vale do Sol,4322533,ABREE,PEV fixo,Ativo,18/12/2021
4315750-000,2023,RS,  Riozinho ,4315750,Green Eletron,Campanha itinerante,Ativo,08/03/2021
2801108-000,2023,SE,Canhoba,2801108,Green Eletron,PEV fixo,Ativo,26/09/2020
4314902-071,2023,RS,PORTO ALEGRE,4314902,ABREE,PEV fixo,Ativo,17/05/2021
3555109-009,2023,SP,Tupi Paulista,3555109,Green Eletron,PEV fixo,Ativo,05/07/2021
2927408-026,2023,BA,Salvador,2927408,Green Eletron,PEV fixo,Ativo,05/11/2019
2403004-000,2023,RN,Cruzeta,2403004,ABREE,PEV fixo,Ativo,11/09/2022
3129301-000,2023,MG,Iapu,3129301,ABREE,PEV fixo,Ativo,24/03/2022
2504355-000,2023,PB,Caturité,2504355,Green Eletron,Campanha itinerante,Ativo,01/05/2022
2304400-064,2023,CE,Fortaleza,2304400,ABREE,PEV fixo,Ativo,02/12/2021
3305752-000,2023,RJ,  Tanguá ,3305752,Green Eletron,PEV fixo,Ativo,06/10/2020
3302106-004,2023,RJ,Itaocara,3302106,Green Eletron,PEV fixo,Ativo,07/12/2021
2301604-004,2023,CE,ASSARÉ,2301604,ABREE,PEV fixo,Ativo,03/10/2022
2304400-097,2023,CE,Fortaleza,2304400,ABREE,Campanha itinerante,Ativo,04/12/2023
4205407-070,2023,SC,Florianopolis,4205407,ABREE,PEV fixo,Ativo,08/11/2022
4314902-153,2023,RS,PORTO ALEGRE,4314902,ABREE,PEV fixo,Ativo,15/06/2023
3550308-213,2023,SP,São Paulo,3550308,Green Eletron,PEV fixo,Ativo,05/06/2021
2904902-000,2023,BA,CACHOEIRA,2904902,ABREE,PEV fixo,Ativo,08/04/2022
4322152-000,2023,RS,Tunas,4322152,Green Eletron,PEV fixo,Ativo,16/08/2023
2304400-047,2023,CE,Fortaleza,2304400,Green Eletron,PEV fixo,Ativo,17/11/2020
2802205-000,2023,SE,Feira Nova,2802205,Sistema individual,Ponto de consolidação,Ativo,08/04/2020
2403509-000,2023,RN,Espírito Santo,2403509,Green Eletron,PEV fixo,Ativo,27/01/2021
3506201-000,2023,SP,Bento de Abreu,3506201,ABREE,PEV fixo,Ativo,26/04/2022
2200277-000,2023,PI,Alegrete do Piauí,2200277,Green Eletron,PEV fixo,Ativo,13/03/2023
4322251-000,2023,RS,TUPANDI,4322251,ABREE,PEV fixo,Ativo,08/02/2023
3304557-143,2023,RJ,Rio de Janeiro,3304557,ABREE,PEV fixo,Ativo,10/05/2022
2901205-001,2023,BA,Anagé,,Green Eletron,PEV fixo,Ativo,22/07/2022
4305871-000,2023,RS,CORONEL BARROS,4305871,Green Eletron,PEV fixo,Ativo,25/10/2023
3302700-014,2023,RJ,Maricá,3302700,Sistema individual,PEV fixo,Ativo,02/05/2022
3106200-036,2023,MG,BELO HORIZONTE,3106200,ABREE,PEV fixo,Ativo,10/04/2020
3154150-000,2023,MG,REDUTO,3154150,ABREE,PEV fixo,Ativo,03/07/2022
3127206-000,2023,MG,Funilândia,3127206,Sistema individual,PEV fixo,Ativo,21/10/2021
3135100-000,2023,MG,Janaúba,3135100,Green Eletron,PEV fixo,Ativo,24/02/2020
3129657-000,2023,MG,  Ibiracatu ,3129657,ABREE,PEV fixo,Ativo,05/07/2019
3526803-000,2023,SP,Lencois Paulista,3526803,ABREE,Campanha itinerante,Ativo,15/10/2019
2804102-000,2023,SE,Moita Bonita,2804102,Green Eletron,Campanha itinerante,Ativo,25/11/2022
3550308-140,2023,SP,Sao Paulo,3550308,ABREE,PEV fixo,Ativo,23/04/2020
3106200-185,2023,MG,  Belo Horizonte ,3106200,Green Eletron,PEV fixo,Ativo,12/10/2022
3127339-002,2023,MG,Gameleiras,3127339,Green Eletron,PEV fixo,Ativo,13/09/2022
3161007-000,2023,MG,São Domingos do Prata,3161007,Green Eletron,PEV fixo,Ativo,13/06/2019
3302908-000,2023,RJ,Miguel Pereira,3302908,Green Eletron,PEV fixo,Ativo,15/12/2019
3203106-000,2023,ES,Jerônimo Monteiro,3203106,ABREE,PEV fixo,Ativo,27/04/2022
2901908-000,2023,BA,APORÁ,2901908,Sistema individual,Ponto de consolidação,Ativo,19/03/2021
3138401-000,2023,MG,Leopoldina,3138401,Green Eletron,PEV fixo,Ativo,24/09/2023
2906709-000,2023,BA,Cândido Sales,2906709,Green Eletron,PEV fixo,Ativo,06/01/2020
4306809-000,2023,RS,Encantado,4306809,Green Eletron,PEV fixo,Ativo,05/07/2019
3503703-002,2023,SP,ARIRANHA,3503703,ABREE,Ponto de consolidação,Ativo,13/01/2020
2507507-013,2023,PB,Joao Pessoa,2507507,ABREE,PEV fixo,Ativo,03/09/2022
3106200-258,2023,MG,BELO HORIZONTE,3106200,Green Eletron,PEV fixo,Ativo,24/02/2023
2101939-005,2023,MA,Bernardo do Mearim,2101939,Green Eletron,PEV fixo,Ativo,08/08/2022
2927408-084,2023,BA,Salvador,2927408,Sistema individual,PEV fixo,Ativo,10/04/2021
1400100-000,2023,RR,BOA VISTA,1400100,ABREE,PEV fixo,Ativo,15/01/2021
4308656-000,2023,RS,Garruchos,4308656,ABREE,PEV fixo,Ativo,16/09/2020
2505204-000,2023,PB,  Cuitegi ,2505204,ABREE,PEV fixo,Ativo,25/08/2022
3304557-164,2023,RJ,  Rio de Janeiro ,3304557,Green Eletron,PEV fixo,Ativo,25/06/2023
2927408-143,2023,BA,Salvador,2927408,ABREE,PEV fixo,Ativo,11/08/2023
2800308-018,2023,SE,Aracaju,2800308,Green Eletron,PEV fixo,Ativo,26/01/2021
2209104-000,2023,PI,Santa Cruz do Piauí,2209104,ABREE,PEV fixo,Ativo,06/01/2022
3106200-206,2023,MG,Belo Horizonte,3106200,ABREE,PEV fixo,Ativo,13/12/2022
4205407-001,2023,SC,Florianópolis,4205407,Green Eletron,Campanha itinerante,Ativo,12/10/2019
3123601-000,2023,MG,Elói Mendes,3123601,Green Eletron,PEV fixo,Ativo,04/06/2020
2210052-000,2023,PI,  São José do Divino ,2210052,ABREE,PEV fixo,Ativo,19/05/2019
3551306-007,2023,SP,  Sebastianópolis do Sul ,3551306,Green Eletron,PEV fixo,Ativo,20/09/2022
2924603-000,2023,BA,Pindobaçu,2924603,ABREE,PEV fixo,Ativo,24/03/2019
3516903-000,2023,SP,General Salgado,3516903,Green Eletron,PEV fixo,Ativo,01/03/2019
2611606-018,2023,PE,  Recife ,2611606,Green Eletron,PEV fixo,Ativo,25/01/2020
2611606-057,2023,PE,Recife,2611606,Green Eletron,PEV fixo,Ativo,16/08/2022
3543006-005,2023,SP,RIBEIRÃO BRANCO,3543006,ABREE,PEV fixo,Ativo,27/02/2022
3550308-286,2023,SP,São Paulo,3550308,ABREE,Campanha itinerante,Ativo,13/08/2022
5005202-000,2023,MS,LADÁRIO,5005202,Green Eletron,Ponto de consolidação,Ativo,02/08/2023
4122651-000,2023,PR,Rosário do Ivaí,4122651,ABREE,Campanha itinerante,Ativo,13/02/2023
5104104-000,2023,MT,Guarantã do Norte,5104104,ABREE,PEV fixo,Ativo,12/07/2023
2927408-071,2023,BA,Salvador,2927408,ABREE,Ponto de consolidação,Ativo,15/09/2020
2611606-023,2023,PE,RECIFE,2611606,ABREE,Ponto de consolidação,Ativo,05/02/2020
3539202-000,2023,SP,Pirapozinho,3539202,ABREE,Campanha itinerante,Ativo,25/04/2023
3550308-108,2023,SP,  São Paulo ,3550308,Green Eletron,PEV fixo,Ativo,01/06/2020
3550308-046,2023,SP,São Paulo,3550308,ABREE,PEV fixo,Ativo,21/02/2019
3550308-276,2023,SP,São Paulo,3550308,Green Eletron,PEV fixo,Ativo,24/06/2022
4313334-000,2023,RS,  Nova Ramada ,4313334,ABREE,PEV fixo,Ativo,14/01/2019
2309300-002,2023,CE,Nova Russas,2309300,Green Eletron,Ponto de consolidação,Ativo,03/12/2023
1501204-004,2023,PA,Baião,1501204,ABREE,PEV fixo,Ativo,11/06/2020
3160207-006,2023,MG,SANTO ANTÔNIO DO ITAMBÉ,3160207,ABREE,Campanha itinerante,Ativo,27/11/2021
3533908-001,2023,SP,Olímpia,3533908,ABREE,PEV fixo,Ativo,12/09/2021
4314902-076,2023,RS,Porto Alegre,4314902,Green Eletron,PEV fixo,Ativo,04/09/2021
3305406-001,2023,RJ,SAPUCAIA,3305406,Green Eletron,PEV fixo,Ativo,27/08/2019
2924603-003,2023,BA,Pindobacu,2924603,Green Eletron,PEV fixo,Inativo,02/09/2022
2304400-049,2023,CE,Fortaleza,2304400,Green Eletron,PEV fixo,Ativo,20/09/2020
3304201-000,2023,RJ,Resende,3304201,ABREE,PEV fixo,Ativo,07/06/2021
2112209-003,2023,MA,Timon,2112209,ABREE,Ponto de consolidação,Ativo,01/05/2023
5208707-003,2023,GO,Goiânia,5208707,Green Eletron,PEV fixo,Ativo,23/01/2019
3537404-003,2023,SP,Pereira Barreto,3537404,ABREE,PEV fixo,Ativo,06/02/2022
2503001-000,2023,PB,Caapora,2503001,ABREE,PEV fixo,Ativo,28/12/2022
3550308-160,2023,SP,São Paulo,3550308,ABREE,PEV fixo,Ativo,24/07/2020
1508209-009,2023,PA,Vigia,1508209,Green Eletron,Campanha itinerante,Ativo,25/07/2022
3169307-006,2023,MG,  Três Corações ,3169307,Green Eletron,PEV fixo,Ativo,21/04/2023
5300108-013,2023,DF,Brasília,5300108,ABREE,PEV fixo,Ativo,06/06/2019
3106200-233,2023,MG,Belo Horizonte,3106200,ABREE,PEV fixo,Ativo,08/07/2023
2611606-079,2023,PE,Recife,2611606,Sistema individual,PEV fixo,Ativo,11/05/2023
3304557-166,2023,RJ,Rio de Janeiro,3304557,ABREE,PEV fixo,Ativo,02/11/2023
2304400-093,2023,CE,FORTALEZA,2304400,Green Eletron,PEV fixo,Ativo,18/03/2023
3144656-000,2023,MG,  Ninheira ,3144656,ABREE,PEV fixo,Ativo,11/11/2022
2905503-004,2023,BA,CALDEIRÃO GRANDE,2905503,Green Eletron,PEV fixo,Ativo,12/06/2022
1505205-000,2023,PA,Oeiras do Pará,1505205,Green Eletron,Campanha itinerante,Ativo,18/01/2019
3204005-000,2023,ES,Pancas,3204005,ABREE,PEV fixo,Ativo,12/06/2022
3163300-000,2023,MG,São José do Divino,3163300,ABREE,PEV fixo,Ativo,26/03/2019
4209151-000,2023,SC,José Boiteux,4209151,Green Eletron,PEV fixo,Ativo,07/01/2020
2503753-000,2023,PB,CAJAZEIRINHAS,2503753,Green Eletron,Ponto de consolidação,Ativo,20/08/2019
3301405-010,2023,RJ,Conceição de Macabu,3301405,Sistema individual,PEV fixo,Ativo,27/03/2022
3106200-007,2023,MG,  Belo Horizonte ,3106200,Green Eletron,PEV fixo,Ativo,12/08/2020
5300108-014,2023,DF,BRASÍLIA,5300108,ABREE,PEV fixo,Ativo,21/06/2019
2407302-000,2023,RN,Marcelino Vieira,2407302,ABREE,PEV fixo,Ativo,08/09/2019
2111300-064,2023,MA,  São Luís ,2111300,Green Eletron,PEV fixo,Ativo,01/11/2021
3550308-125,2023,SP,Sao Paulo,3550308,ABREE,PEV fixo,Ativo,19/11/2020
4123501-000,2023,PR,Santa Helena,4123501,Green Eletron,PEV fixo,Ativo,17/01/2021
5221452-000,2023,GO,TROMBAS,5221452,Green Eletron,PEV fixo,Ativo,25/05/2020
3302700-008,2023,RJ,MARICÁ,3302700,ABREE,PEV fixo,Ativo,04/03/2020
3517406-000,2023,SP,Guaíra,3517406,Green Eletron,PEV fixo,Ativo,28/06/2023
5105507-000,2023,MT,Vila Bela da Santíssima Trindade,5105507,ABREE,Campanha itinerante,Ativo,22/01/2023
5208707-004,2023,GO,Goiânia,5208707,ABREE,PEV fixo,Ativo,04/12/2019
2900801-000,2023,BA,Alcobaça,2900801,Green Eletron,PEV fixo,Ativo,07/09/2020
4314902-044,2023,RS,PORTO ALEGRE,4314902,ABREE,Ponto de consolidação,Ativo,11/09/2020
3304201-003,2023,RJ,Resende,3304201,ABREE,Ponto de consolidação,Ativo,15/04/2023
3539400-001,2023,SP,PIRATININGA,3539400,ABREE,PEV fixo,Ativo,28/05/2022
3303302-014,2023,RJ,NITERÓI,3303302,Green Eletron,PEV fixo,Ativo,18/03/2023
2931103-000,2023,BA,Tanquinho,2931103,Green Eletron,PEV fixo,Ativo,19/03/2021
5300108-011,2023,DF,Brasília,5300108,ABREE,PEV fixo,Ativo,25/06/2019
3168200-000,2023,MG,Tapiraí,3168200,Green Eletron,PEV fixo,Ativo,03/10/2019
2111789-000,2023,MA,Serrano do Maranhão,2111789,Green Eletron,PEV fixo,Ativo,13/09/2020
2701902-000,2023,AL,Chã Preta,2701902,Sistema individual,PEV fixo,Ativo,12/01/2019
3304144-004,2023,RJ,  Queimados ,3304144,ABREE,PEV fixo,Ativo,05/01/2022
1302702-000,2023,AM,MANICORÉ,1302702,ABREE,PEV fixo,Ativo,19/01/2022
3117801-000,2023,MG,Conceição dos Ouros,3117801,Sistema individual,PEV fixo,Ativo,21/10/2020
3164803-000,2023,MG,  São Sebastião do Rio Preto ,3164803,ABREE,PEV fixo,Ativo,23/05/2021
1500602-000,2023,PA,Altamira,1500602,Green Eletron,Campanha itinerante,Ativo,24/06/2021
2700805-002,2023,AL,Belém,2700805,ABREE,PEV fixo,Ativo,03/05/2022
4122503-000,2023,PR,Roncador,,ABREE,PEV fixo,Ativo,19/07/2021
4205407-006,2023,SC,Florianópolis,4205407,Green Eletron,PEV fixo,Ativo,12/11/2019
4205407-058,2023,SC,Florianópolis,4205407,ABREE,PEV fixo,Ativo,12/08/2021
3503950-001,2023,SP,Aspásia,3503950,Green Eletron,PEV fixo,Ativo,18/02/2023
3300159-000,2023,RJ,APERIBÉ,3300159,Green Eletron,PEV fixo,Ativo,08/03/2019
2412203-000,2023,RN,SÃO JOSÉ DE MIPIBU,2412203,Green Eletron,PEV fixo,Ativo,23/03/2021
2306801-000,2023,CE,JAGUARIBARA,2306801,Sistema individual,PEV fixo,Ativo,27/11/2019
3549904-001,2023,SP,  São José dos Campos ,3549904,ABREE,PEV fixo,Ativo,14/11/2020
2927408-051,2023,BA,Salvador,2927408,ABREE,Campanha itinerante,Ativo,23/10/2020
2311405-000,2023,CE,Quixeramobim,2311405,Green Eletron,PEV fixo,Ativo,21/06/2022
3521309-000,2023,SP,Ipua,3521309,ABREE,PEV fixo,Ativo,09/08/2023
4310207-003,2023,RS,Ijuí,4310207,Green Eletron,PEV fixo,Ativo,14/10/2020
4211207-000,2023,SC,MORRO DA FUMAÇA,4211207,ABREE,PEV fixo,Ativo,10/09/2022
3550308-116,2023,SP,SÃO PAULO,3550308,Green Eletron,Ponto de consolidação,Ativo,25/11/2020
2605806-006,2023,PE,Frei Miguelinho,2605806,ABREE,PEV fixo,Ativo,03/04/2022
3522703-004,2023,SP,Itápolis,3522703,Green Eletron,PEV fixo,Ativo,16/11/2022
5217104-000,2023,GO,  Piracanjuba ,5217104,Green Eletron,PEV fixo,Ativo,22/07/2021
1100205-006,2023,RO,Porto Velho,1100205,ABREE,PEV fixo,Ativo,26/10/2021
3165578-000,2023,MG,Senador Amaral,3165578,Green Eletron,PEV fixo,Ativo,09/03/2021
3501608-000,2023,SP,Americana,3501608,Green Eletron,PEV fixo,Ativo,21/12/2022
2101939-000,2023,MA,BERNARDO DO MEARIM,2101939,ABREE,PEV fixo,Ativo,17/09/2019
2111300-009,2023,MA,São Luís,2111300,ABREE,PEV fixo,Ativo,25/08/2019
1507151-001,2023,PA,São Domingos do Araguaia,1507151,ABREE,PEV fixo,Ativo,03/07/2019
4115705-000,2023,PR,Matinhos,4115705,ABREE,Ponto de consolidação,Ativo,22/10/2023
2208205-000,2023,PI,Pio IX,2208205,ABREE,PEV fixo,Ativo,09/11/2022
2111300-036,2023,MA,São Luís,2111300,Green Eletron,PEV fixo,Ativo,05/11/2020
3304557-201,2023,RJ,RIO DE JANEIRO,3304557,Green Eletron,PEV fixo,Ativo,18/01/2023
3550308-137,2023,SP,SÃO PAULO,3550308,Green Eletron,Ponto de consolidação,Ativo,05/03/2020
2404903-000,2023,RN,Itaú,2404903,ABREE,PEV fixo,Ativo,14/09/2019
4211801-000,2023,SC,OURO,4211801,Green Eletron,PEV fixo,Ativo,19/11/2023
1703107-000,2023,TO,Barrolândia,1703107,ABREE,Ponto de consolidação,Ativo,15/12/2021
3503703-001,2023,SP,ARIRANHA,3503703,Green Eletron,PEV fixo,Ativo,08/04/2020
3106200-067,2023,MG,Belo Horizonte,3106200,Green Eletron,PEV fixo,Ativo,25/01/2020
4216909-000,2023,SC,Sao Lourenco do Oeste,4216909,Green Eletron,Campanha itinerante,Inativo,17/11/2022
3304557-064,2023,RJ,RIO DE JANEIRO,3304557,Green Eletron,PEV fixo,Ativo,09/03/2020
2909109-000,2023,BA,  Coribe ,2909109,ABREE,Ponto de consolidação,Ativo,03/04/2023
3532306-010,2023,SP,Natividade da Serra,3532306,Green Eletron,PEV fixo,Ativo,15/01/2023
4314902-088,2023,RS,PORTO ALEGRE,4314902,Green Eletron,PEV fixo,Ativo,06/07/2021
3532009-002,2023,SP,Morungaba,3532009,Green Eletron,PEV fixo,Ativo,28/11/2019
2904100-000,2023,BA,BOQUIRA,2904100,Green Eletron,PEV fixo,Ativo,03/04/2022
2930766-000,2023,BA,  Sítio do Quinto ,2930766,Sistema individual,PEV fixo,Ativo,26/01/2019
5300108-010,2023,DF,BRASÍLIA,5300108,ABREE,PEV fixo,Ativo,25/02/2019
1501204-002,2023,PA,Baião,1501204,Green Eletron,PEV fixo,Ativo,10/05/2019
3513009-000,2023,SP,Cotia,3513009,Sistema individual,PEV fixo,Ativo,09/05/2019
3549607-000,2023,SP,São José do Barreiro,3549607,ABREE,Campanha itinerante,Ativo,16/10/2021
3303104-000,2023,RJ,Natividade,3303104,Green Eletron,PEV fixo,Ativo,23/10/2021
4205407-055,2023,SC,Florianópolis,4205407,ABREE,PEV fixo,Ativo,17/12/2021
4314902-126,2023,RS,PORTO ALEGRE,4314902,ABREE,PEV fixo,Ativo,20/10/2023
2211001-017,2023,PI,Teresina,2211001,Green Eletron,PEV fixo,Ativo,16/03/2021
2304400-045,2023,CE,FORTALEZA,2304400,Green Eletron,PEV fixo,Ativo,19/11/2020
2611606-064,2023,PE,Recife,2611606,Green Eletron,Campanha itinerante,Ativo,17/02/2022
3549003-000,2023,SP,SÃO FRANCISCO,3549003,Green Eletron,PEV fixo,Inativo,07/07/2020
2312007-001,2023,CE,SANTANA DO ACARAÚ,2312007,Green Eletron,PEV fixo,Ativo,07/05/2021
3300308-011,2023,RJ,Barra do Piraí,3300308,Green Eletron,PEV fixo,Ativo,18/07/2023
3550308-301,2023,SP,Sao Paulo,3550308,ABREE,PEV fixo,Ativo,19/11/2022
3550308-239,2023,SP,São Paulo,3550308,Green Eletron,PEV fixo,Ativo,10/04/2021
3304557-039,2023,RJ,RIO DE JANEIRO,3304557,Green Eletron,PEV fixo,Inativo,12/06/2020
2927408-104,2023,BA,Salvador,2927408,ABREE,PEV fixo,Ativo,25/12/2022
3300308-004,2023,RJ,BARRA DO PIRAÍ,3300308,ABREE,PEV fixo,Ativo,19/07/2020
4314902-109,2023,RS,PORTO ALEGRE,4314902,ABREE,PEV fixo,Ativo,19/06/2022
2704302-007,2023,AL,MACEIÓ,2704302,Green Eletron,Ponto de consolidação,Ativo,20/03/2022
2304400-031,2023,CE,Fortaleza,2304400,ABREE,PEV fixo,Ativo,11/03/2020
3168051-000,2023,MG,Taparuba,3168051,ABREE,Campanha itinerante,Ativo,04/06/2022
2304400-009,2023,CE,FORTALEZA,2304400,Green Eletron,PEV fixo,Ativo,07/03/2019
2206902-000,2023,PI,NOVO ORIENTE DO PIAUÍ,2206902,Green Eletron,PEV fixo,Ativo,24/11/2022
3205036-000,2023,ES,  Vargem Alta ,3205036,Green Eletron,Ponto de consolidação,Ativo,04/01/2023
3515103-000,2023,SP,Embu-Guacu,3515103,ABREE,PEV fixo,Ativo,27/01/2021
5201504-000,2023,GO,Apore,5201504,Sistema individual,PEV fixo,Ativo,19/01/2022
3111903-000,2023,MG,Cana Verde,3111903,Green Eletron,Ponto de consolidação,Ativo,07/08/2019
2502300-000,2023,PB,  Bom Sucesso ,2502300,ABREE,PEV fixo,Ativo,10/04/2020
3302106-001,2023,RJ,ITAOCARA,3302106,ABREE,PEV fixo,Ativo,01/12/2020
5103205-000,2023,MT,COLÍDER,5103205,Green Eletron,PEV fixo,Ativo,13/04/2023
5300108-021,2023,DF,BRASÍLIA,5300108,ABREE,PEV fixo,Ativo,24/06/2019
3550308-245,2023,SP,São Paulo,3550308,ABREE,PEV fixo,Ativo,08/12/2021
2104057-000,2023,MA,Estreito,2104057,Green Eletron,PEV fixo,Ativo,02/06/2021
3149804-000,2023,MG,PERDIZES,3149804,Sistema individual,PEV fixo,Ativo,24/05/2023
3550308-282,2023,SP,São Paulo,3550308,Green Eletron,PEV fixo,Ativo,17/06/2022
4306130-000,2023,RS,Cruzaltense,4306130,ABREE,PEV fixo,Ativo,07/11/2021
3532900-019,2023,SP,Nova Europa,3532900,Green Eletron,PEV fixo,Ativo,26/12/2022
2401453-000,2023,RN,Baraúna,2401453,Sistema individual,PEV fixo,Ativo,18/12/2020
2931053-000,2023,BA,  Tanque Novo ,2931053,ABREE,PEV fixo,Ativo,01/05/2023
3103900-000,2023,MG,Araújos,3103900,ABREE,PEV fixo,Ativo,04/06/2019
1500305-000,2023,PA,Afuá,1500305,Green Eletron,PEV fixo,Ativo,15/04/2019
3515509-000,2023,SP,Fernandópolis,3515509,Green Eletron,PEV fixo,Ativo,09/11/2019
3550308-327,2023,SP,São Paulo,3550308,ABREE,PEV fixo,Ativo,20/01/2023
3106200-139,2023,MG,  Belo Horizonte ,3106200,Green Eletron,Ponto de consolidação,Ativo,19/09/2021
3551405-001,2023,SP,Serra Azul,3551405,ABREE,PEV fixo,Ativo,04/05/2023
3163201-000,2023,MG,São José do Alegre,3163201,Green Eletron,PEV fixo,Ativo,19/03/2021
1304260-005,2023,AM,  Uarini ,1304260,Sistema individual,PEV fixo,Ativo,05/02/2023
3538808-026,2023,SP,  Piraju ,3538808,ABREE,PEV fixo,Ativo,11/08/2022
3302700-000,2023,RJ,Maricá,3302700,Green Eletron,PEV fixo,Ativo,10/03/2019
3301108-018,2023,RJ,Cantagalo,3301108,ABREE,PEV fixo,Ativo,27/08/2022
2105401-000,2023,MA,Itapecuru Mirim,2105401,Green Eletron,PEV fixo,Ativo,16/05/2023
2708501-000,2023,AL,Sao Luis do Quitunde,2708501,ABREE,Ponto de consolidação,Ativo,26/05/2020
1507102-000,2023,PA,São Caetano de Odivelas,1507102,Sistema individual,PEV fixo,Ativo,27/06/2022
4103909-000,2023,PR,CAMPINA DA LAGOA,4103909,ABREE,PEV fixo,Ativo,06/05/2020
4123303-000,2023,PR,SANTA CRUZ DE MONTE CASTELO,4123303,ABREE,PEV fixo,Ativo,27/12/2023
2905503-002,2023,BA,CALDEIRÃO GRANDE,2905503,Green Eletron,PEV fixo,Ativo,28/12/2021
3106200-197,2023,MG,Belo Horizonte,3106200,Green Eletron,Campanha itinerante,Ativo,05/07/2022
3304557-145,2023,RJ,Rio de Janeiro,3304557,ABREE,PEV fixo,Ativo,24/06/2022
3302908-002,2023,RJ,Miguel Pereira,3302908,ABREE,PEV fixo,Ativo,15/11/2020
2919009-000,2023,BA,Lajedinho,2919009,ABREE,Ponto de consolidação,Ativo,09/08/2019
2211001-011,2023,PI,Teresina,2211001,ABREE,PEV fixo,Ativo,20/06/2020
3550308-101,2023,SP,São Paulo,3550308,Green Eletron,PEV fixo,Ativo,04/05/2019
3529807-000,2023,SP,MINEIROS DO TIETÊ,3529807,ABREE,PEV fixo,Ativo,04/11/2023
3106200-178,2023,MG,Belo Horizonte,3106200,Green Eletron,PEV fixo,Ativo,06/11/2022
3550308-345,2023,SP,SÃO PAULO,3550308,ABREE,PEV fixo,Ativo,07/05/2023
3547908-004,2023,SP,Santo Antônio da Alegria,3547908,ABREE,PEV fixo,Ativo,11/04/2023
2304400-010,2023,CE,Fortaleza,2304400,Green Eletron,PEV fixo,Ativo,11/11/2019
2800308-005,2023,SE,Aracaju,2800308,Green Eletron,PEV fixo,Ativo,17/10/2019
3301876-010,2023,RJ,IGUABA GRANDE,3301876,Sistema individual,PEV fixo,Ativo,13/01/2023
1714302-000,2023,TO,NAZARÉ,1714302,Green Eletron,PEV fixo,Ativo,22/04/2019
2408607-000,2023,RN,Paraná,2408607,Green Eletron,PEV fixo,Ativo,05/06/2021
3146206-000,2023,MG,Ouro Verde de Minas,3146206,Green Eletron,PEV fixo,Ativo,26/10/2020
4215059-000,2023,SC,Rio Rufino,4215059,ABREE,PEV fixo,Inativo,13/01/2023
2111300-017,2023,MA,São Luís,2111300,ABREE,PEV fixo,Ativo,10/03/2019
3146503-000,2023,MG,Pains,3146503,ABREE,PEV fixo,Ativo,02/06/2023
3300100-003,2023,RJ,  Angra dos Reis ,3300100,Sistema individual,PEV fixo,Ativo,01/05/2021
2902401-000,2023,BA,Aurelino Leal,2902401,ABREE,PEV fixo,Ativo,14/02/2020
4308102-001,2023,RS,FELIZ,4308102,Green Eletron,PEV fixo,Ativo,28/09/2022
4314902-097,2023,RS,PORTO ALEGRE,4314902,Green Eletron,PEV fixo,Ativo,23/02/2022
2304400-098,2023,CE,  Fortaleza ,2304400,Sistema individual,PEV fixo,Ativo,22/10/2023
3106200-161,2023,MG,Belo Horizonte,3106200,ABREE,PEV fixo,Ativo,26/04/2022
2614808-000,2023,PE,TACARATU,2614808,Green Eletron,PEV fixo,Ativo,14/01/2022
2901700-000,2023,BA,Antônio Cardoso,2901700,ABREE,PEV fixo,Ativo,04/11/2020
3304557-003,2023,RJ,RIO DE JANEIRO,3304557,Green Eletron,PEV fixo,Ativo,23/02/2020
3550308-325,2023,SP,SÃO PAULO,3550308,Sistema individual,PEV fixo,Ativo,16/05/2023
3106200-050,2023,MG,Belo Horizonte,3106200,ABREE,PEV fixo,Ativo,16/11/2020
3514924-000,2023,SP,ELISIÁRIO,3514924,ABREE,PEV fixo,Ativo,25/12/2020
2611606-068,2023,PE,Recife,2611606,ABREE,PEV fixo,Ativo,05/01/2022
3543204-000,2023,SP,RIBEIRÃO DO SUL,3543204,ABREE,PEV fixo,Ativo,14/07/2021
2704302-004,2023,AL,Maceió,2704302,ABREE,Ponto de consolidação,Ativo,09/04/2021
2304400-059,2023,CE,Fortaleza,2304400,Green Eletron,Ponto de consolidação,Ativo,15/12/2021
4207304-000,2023,SC,Imbituba,4207304,Green Eletron,Ponto de consolidação,Ativo,12/06/2020
4322376-000,2023,RS,Unistalda,4322376,ABREE,Ponto de consolidação,Ativo,25/03/2021
4302154-000,2023,RS,BOA VISTA DAS MISSÕES,4302154,ABREE,PEV fixo,Ativo,05/05/2019
3106200-164,2023,MG,Belo Horizonte,3106200,ABREE,PEV fixo,Ativo,25/07/2022
5300108-085,2023,DF,BRASÍLIA,5300108,ABREE,PEV fixo,Ativo,03/07/2022
3201902-000,2023,ES,Domingos Martins,3201902,ABREE,PEV fixo,Ativo,02/03/2020
3305307-004,2023,RJ,Sao Sebastiao do Alto,3305307,Green Eletron,PEV fixo,Ativo,11/01/2019
3519253-000,2023,SP,Iaras,3519253,ABREE,PEV fixo,Ativo,09/04/2022
3304557-051,2023,RJ,Rio de Janeiro,3304557,ABREE,PEV fixo,Ativo,03/04/2020
3510302-002,2023,SP,  Capela do Alto ,3510302,ABREE,PEV fixo,Ativo,10/08/2023
4214904-000,2023,SC,Rio Fortuna,4214904,ABREE,PEV fixo,Ativo,06/12/2023
2310704-000,2023,CE,PENTECOSTE,2310704,ABREE,PEV fixo,Ativo,20/08/2023
3102506-000,2023,MG,Amparo do Serra,3102506,ABREE,PEV fixo,Ativo,13/11/2022
3106200-054,2023,MG,BELO HORIZONTE,3106200,ABREE,PEV fixo,Ativo,26/03/2020
3205309-017,2023,ES,Vitoria,3205309,Green Eletron,Ponto de consolidação,Ativo,19/04/2022
5007802-000,2023,MS,Selvíria,5007802,Sistema individual,PEV fixo,Ativo,14/10/2022
3550308-297,2023,SP,SÃO PAULO,3550308,Green Eletron,PEV fixo,Ativo,26/12/2022
2310308-000,2023,CE,Parambu,2310308,Green Eletron,PEV fixo,Ativo,18/08/2020
2309904-002,2023,CE,Pacuja,2309904,ABREE,PEV fixo,Ativo,08/06/2020
3127503-000,2023,MG,GONZAGA,3127503,Green Eletron,PEV fixo,Ativo,11/03/2022
3101631-000,2023,MG,Alfredo Vasconcelos,3101631,ABREE,PEV fixo,Ativo,27/06/2019
2906808-000,2023,BA,Cansanção,2906808,ABREE,Ponto de consolidação,Ativo,17/05/2019
4314902-060,2023,RS,PORTO ALEGRE,4314902,ABREE,PEV fixo,Ativo,24/08/2021
4204202-000,2023,SC,  Chapecó ,4204202,Green Eletron,PEV fixo,Ativo,27/12/2020
3550308-310,2023,SP,Sao Paulo,3550308,ABREE,PEV fixo,Ativo,26/11/2022
3549508-006,2023,SP,São José da Bela Vista,3549508,Green Eletron,PEV fixo,Ativo,18/03/2021
3301207-000,2023,RJ,Carmo,3301207,Green Eletron,PEV fixo,Ativo,10/09/2020
2102358-000,2023,MA,Buritirana,2102358,ABREE,PEV fixo,Ativo,03/03/2019
3515129-000,2023,SP,  Emilianópolis ,3515129,Green Eletron,Ponto de consolidação,Ativo,18/07/2020
4101903-000,2023,PR,Assaí,4101903,Green Eletron,PEV fixo,Ativo,11/06/2023
2304400-005,2023,CE,FORTALEZA,2304400,ABREE,PEV fixo,Ativo,13/04/2019
4314902-018,2023,RS,Porto Alegre,4314902,ABREE,Campanha itinerante,Ativo,07/01/2020
4128401-001,2023,PR,Uraí,4128401,ABREE,PEV fixo,Ativo,16/02/2020
3106200-096,2023,MG,  Belo Horizonte ,3106200,Green Eletron,PEV fixo,Ativo,20/02/2021
4314902-137,2023,RS,PORTO ALEGRE,4314902,ABREE,PEV fixo,Ativo,17/11/2023
2306900-000,2023,CE,Jaguaribe,2306900,ABREE,PEV fixo,Inativo,03/02/2019
2903276-000,2023,BA,Barrocas,2903276,ABREE,PEV fixo,Ativo,27/07/2022
3512001-003,2023,SP,Colina,3512001,ABREE,Campanha itinerante,Ativo,23/04/2022
3550308-019,2023,SP,  São Paulo ,3550308,ABREE,PEV fixo,Ativo,16/06/2019
4318051-000,2023,RS,São Domingos do Sul,4318051,ABREE,PEV fixo,Ativo,11/12/2020
3501608-003,2023,SP,Americana,3501608,Green Eletron,PEV fixo,Ativo,10/10/2023
3550308-206,2023,SP,São Paulo,3550308,ABREE,PEV fixo,Ativo,08/09/2021
5204607-000,2023,GO,Campestre de Goiás,5204607,ABREE,Campanha itinerante,Ativo,21/07/2020
2505352-000,2023,PB,DAMIÃO,2505352,ABREE,Campanha itinerante,Ativo,08/05/2019
2302107-001,2023,CE,Baturité,2302107,Green Eletron,PEV fixo,Ativo,17/10/2019
3304557-067,2023,RJ,RIO DE JANEIRO,3304557,ABREE,PEV fixo,Ativo,09/04/2020
4314902-031,2023,RS,PORTO ALEGRE,4314902,Green Eletron,Ponto de consolidação,Ativo,09/04/2020
3145000-000,2023,MG,  Nova Ponte ,3145000,Green Eletron,PEV fixo,Ativo,23/01/2020
3556354-000,2023,SP,VARGEM,3556354,ABREE,PEV fixo,Ativo,10/01/2020
4215356-002,2023,SC,Saltinho,4215356,ABREE,PEV fixo,Ativo,06/11/2023
2411908-000,2023,RN,São Francisco do Oeste,2411908,ABREE,PEV fixo,Ativo,04/02/2020
4107553-000,2023,PR,Farol,4107553,ABREE,PEV fixo,Ativo,02/08/2019
3549508-009,2023,SP,SÃO JOSÉ DA BELA VISTA,3549508,Green Eletron,PEV fixo,Ativo,27/03/2022
3536570-000,2023,SP,Paulistânia,3536570,Sistema individual,Ponto de consolidação,Ativo,13/09/2022
2111300-033,2023,MA,Sao Luis,2111300,Green Eletron,PEV fixo,Ativo,02/01/2020
1300029-007,2023,AM,Alvarães,1300029,Green Eletron,PEV fixo,Ativo,25/09/2022
3550308-335,2023,SP,São Paulo,3550308,ABREE,Ponto de consolidação,Ativo,09/07/2023
1508357-000,2023,PA,Vitória do Xingu,1508357,ABREE,PEV fixo,Ativo,19/08/2023
3513504-000,2023,SP,Cubatão,3513504,ABREE,PEV fixo,Ativo,20/10/2021
3550308-249,2023,SP,São Paulo,3550308,Green Eletron,PEV fixo,Ativo,03/02/2021
2919207-000,2023,BA,LAURO DE FREITAS,2919207,Green Eletron,PEV fixo,Ativo,07/01/2020
4108700-000,2023,PR,GRANDES RIOS,4108700,Sistema individual,PEV fixo,Ativo,14/04/2019
3542602-007,2023,SP,REGISTRO,3542602,Green Eletron,PEV fixo,Ativo,18/06/2023
2608206-000,2023,PE,Joaquim Nabuco,2608206,ABREE,PEV fixo,Ativo,12/10/2022
3135506-000,2023,MG,Jequeri,3135506,Green Eletron,PEV fixo,Ativo,23/03/2019
2611606-059,2023,PE,  Recife ,2611606,Green Eletron,PEV fixo,Ativo,27/03/2022
4323507-000,2023,RS,Vista Alegre,4323507,ABREE,PEV fixo,Ativo,22/07/2019
2903409-000,2023,BA,Belmonte,2903409,Green Eletron,Campanha itinerante,Ativo,17/10/2023
5220504-000,2023,GO,Serranópolis,5220504,ABREE,PEV fixo,Ativo,09/03/2022
3171709-000,2023,MG,  Virgínia ,3171709,Green Eletron,PEV fixo,Ativo,02/07/2021
3555109-007,2023,SP,Tupi Paulista,3555109,ABREE,PEV fixo,Ativo,13/08/2021
5105606-000,2023,MT,MATUPÁ,5105606,ABREE,PEV fixo,Ativo,25/06/2020
4314902-023,2023,RS,Porto Alegre,4314902,ABREE,Campanha itinerante,Ativo,03/02/2020
4313490-000,2023,RS,Novo Barreiro,4313490,Green Eletron,PEV fixo,Ativo,27/11/2019
2611606-056,2023,PE,Recife,2611606,Green Eletron,PEV fixo,Ativo,05/02/2022
4205407-073,2023,SC,Florianopolis,4205407,ABREE,PEV fixo,Ativo,19/05/2022
3300605-001,2023,RJ,Bom Jesus do Itabapoana,3300605,Green Eletron,Campanha itinerante,Ativo,14/08/2022
2909000-000,2023,BA,Cordeiros,2909000,ABREE,PEV fixo,Ativo,19/04/2021
3129608-000,2023,MG,  Ibiaí ,3129608,Green Eletron,Ponto de consolidação,Ativo,03/12/2020
3544202-000,2023,SP,Riolandia,3544202,ABREE,Ponto de consolidação,Ativo,22/03/2022
2304400-099,2023,CE,Fortaleza,2304400,Green Eletron,PEV fixo,Ativo,27/11/2023
3551504-001,2023,SP,Serrana,3551504,Green Eletron,PEV fixo,Ativo,24/09/2022
3538808-002,2023,SP,Piraju,3538808,ABREE,Campanha itinerante,Ativo,06/10/2019
4314159-000,2023,RS,Paverama,4314159,ABREE,PEV fixo,Ativo,15/04/2020
2501500-000,2023,PB,Bananeiras,2501500,ABREE,Campanha itinerante,Ativo,28/01/2023
3526803-002,2023,SP,Lençóis Paulista,3526803,Green Eletron,Ponto de consolidação,Ativo,20/03/2019
2911659-000,2023,BA,Guajeru,2911659,Green Eletron,PEV fixo,Ativo,26/03/2020
3121902-000,2023,MG,DIVINÉSIA,3121902,ABREE,PEV fixo,Ativo,04/08/2019
2300606-002,2023,CE,Altaneira,2300606,Green Eletron,PEV fixo,Ativo,21/08/2022
3550308-259,2023,SP,São Paulo,3550308,ABREE,PEV fixo,Ativo,10/01/2022
3505203-009,2023,SP,Bariri,3505203,Green Eletron,Ponto de consolidação,Ativo,12/06/2023
3542404-000,2023,SP,Regente Feijo,3542404,ABREE,PEV fixo,Ativo,18/09/2022
1302603-005,2023,AM,Manaus,1302603,Green Eletron,PEV fixo,Ativo,13/05/2020
2611606-036,2023,PE,Recife,2611606,ABREE,PEV fixo,Ativo,06/10/2021
3133600-000,2023,MG,Itapeva,3133600,ABREE,PEV fixo,Ativo,14/07/2023
3517802-000,2023,SP,GUARAÇAÍ,3517802,ABREE,PEV fixo,Ativo,15/11/2020
3155603-001,2023,MG,  Rio Pardo de Minas ,3155603,Green Eletron,PEV fixo,Ativo,06/04/2022
2604502-000,2023,PE,Cha Grande,2604502,Green Eletron,PEV fixo,Ativo,28/07/2021
3153400-000,2023,MG,  Presidente Olegário ,3153400,Sistema individual,PEV fixo,Ativo,13/12/2021
3538808-010,2023,SP,Piraju,3538808,Green Eletron,PEV fixo,Inativo,20/11/2019
2806800-000,2023,SE,São Domingos,2806800,Green Eletron,Ponto de consolidação,Ativo,12/08/2019
3538808-024,2023,SP,Piraju,3538808,ABREE,PEV fixo,Ativo,09/08/2021
2931301-002,2023,BA,Tapiramuta,,Green Eletron,PEV fixo,Ativo,27/12/2023
1400175-000,2023,RR,CANTÁ,1400175,ABREE,PEV fixo,Ativo,20/04/2022
3158607-000,2023,MG,Santana do Deserto,3158607,Green Eletron,PEV fixo,Ativo,04/11/2023
2610202-002,2023,PE,Panelas,2610202,Green Eletron,PEV fixo,Ativo,01/11/2023
2106706-000,2023,MA,Mirador,2106706,ABREE,PEV fixo,Ativo,18/11/2022
2704302-006,2023,AL,MACEIÓ,2704302,Green Eletron,PEV fixo,Ativo,05/09/2021
3132701-000,2023,MG,ITAMBACURI,3132701,ABREE,PEV fixo,Ativo,10/05/2023
3106200-237,2023,MG,BELO HORIZONTE,3106200,Green Eletron,PEV fixo,Ativo,24/07/2023
4218707-000,2023,SC,TUBARÃO,4218707,Green Eletron,Campanha itinerante,Ativo,05/11/2020
2602902-001,2023,PE,CABO DE SANTO AGOSTINHO,2602902,Green Eletron,Ponto de consolidação,Ativo,05/08/2019
4122701-000,2023,PR,Sabáudia,4122701,Green Eletron,PEV fixo,Ativo,17/03/2019
3510708-003,2023,SP,  Cardoso ,3510708,Sistema individual,PEV fixo,Ativo,20/02/2023
3530102-006,2023,SP,MIRANDÓPOLIS,3530102,Green Eletron,PEV fixo,Ativo,12/12/2023
3304557-077,2023,RJ,Rio de Janeiro,3304557,Green Eletron,PEV fixo,Ativo,01/04/2021
4308250-000,2023,RS,Floriano Peixoto,4308250,Sistema individual,PEV fixo,Ativo,18/07/2019
2401404-000,2023,RN,BAÍA FORMOSA,2401404,Green Eletron,PEV fixo,Ativo,05/11/2023
2920700-000,2023,BA,Maraú,2920700,Green Eletron,Ponto de consolidação,Ativo,05/09/2021
3555109-003,2023,SP,Tupi Paulista,3555109,ABREE,PEV fixo,Ativo,26/03/2020
3160009-000,2023,MG,Santo Antonio do Aventureiro,3160009,ABREE,PEV fixo,Ativo,02/08/2022
5206701-000,2023,GO,Damianópolis,5206701,Green Eletron,PEV fixo,Ativo,04/09/2020
4107546-000,2023,PR,Espigão Alto do Iguaçu,4107546,Green Eletron,PEV fixo,Ativo,05/12/2022
3302700-006,2023,RJ,MARICÁ,3302700,Green Eletron,PEV fixo,Ativo,23/10/2020
2915304-000,2023,BA,Itagimirim,2915304,Green Eletron,PEV fixo,Ativo,17/01/2023
3514403-001,2023,SP,DRACENA,3514403,Green Eletron,PEV fixo,Ativo,12/06/2022
2931301-001,2023,BA,Tapiramutá,2931301,Green Eletron,PEV fixo,Ativo,04/03/2022
2704807-000,2023,AL,MARIBONDO,2704807,Green Eletron,PEV fixo,Ativo,03/06/2019
3149606-000,2023,MG,Pequi,3149606,Green Eletron,PEV fixo,Ativo,05/07/2022
3513306-000,2023,SP,Cruzália,3513306,ABREE,Ponto de consolidação,Ativo,17/01/2022
2608057-000,2023,PE,JATOBÁ,2608057,ABREE,PEV fixo,Ativo,26/11/2023
4127304-000,2023,PR,Terra Rica,4127304,Green Eletron,Ponto de consolidação,Ativo,20/07/2023
1304260-000,2023,AM,Uarini,1304260,ABREE,PEV fixo,Ativo,12/11/2021
2407203-000,2023,RN,MACAU,2407203,ABREE,PEV fixo,Ativo,13/12/2019
3550308-261,2023,SP,São Paulo,3550308,Sistema individual,PEV fixo,Ativo,18/02/2022
3544004-002,2023,SP,RIO DAS PEDRAS,3544004,Green Eletron,PEV fixo,Ativo,09/09/2021
3304557-090,2023,RJ,Rio de Janeiro,3304557,ABREE,PEV fixo,Ativo,07/08/2021
3109253-001,2023,MG,  Bugre ,3109253,Green Eletron,PEV fixo,Ativo,13/08/2023
1304005-004,2023,AM,Silves,1304005,ABREE,Campanha itinerante,Ativo,15/03/2022
2611606-028,2023,PE,Recife,2611606,Green Eletron,PEV fixo,Ativo,09/07/2020
4319000-000,2023,RS,São Marcos,4319000,Green Eletron,PEV fixo,Ativo,05/01/2021
3550308-144,2023,SP,SÃO PAULO,3550308,Green Eletron,Campanha itinerante,Ativo,04/12/2020
3200607-000,2023,ES,Aracruz,3200607,ABREE,Ponto de consolidação,Ativo,19/06/2021
4205407-082,2023,SC,Florianópolis,4205407,Green Eletron,PEV fixo,Ativo,15/10/2023
3550308-061,2023,SP,São Paulo,3550308,Green Eletron,PEV fixo,Ativo,15/02/2019
5300108-093,2023,DF,BRASÍLIA,5300108,ABREE,Campanha itinerante,Ativo,11/12/2022
3300308-009,2023,RJ,Barra do Piraí,3300308,Green Eletron,Campanha itinerante,Ativo,23/09/2022
3538808-000,2023,SP,Piraju,3538808,ABREE,PEV fixo,Ativo,11/10/2019
3106200-033,2023,MG,Belo Horizonte,3106200,ABREE,PEV fixo,Ativo,27/02/2020
3550308-168,2023,SP,São Paulo,3550308,Green Eletron,Ponto de consolidação,Ativo,06/01/2020
3302403-000,2023,RJ,Macae,3302403,ABREE,PEV fixo,Ativo,20/12/2019
4314548-000,2023,RS,Pinto Bandeira,4314548,Green Eletron,Campanha itinerante,Ativo,13/11/2021
1720309-000,2023,TO,SÃO SEBASTIÃO DO TOCANTINS,1720309,ABREE,PEV fixo,Ativo,09/06/2021
3305307-009,2023,RJ,São Sebastião do Alto,3305307,ABREE,PEV fixo,Ativo,23/10/2021
4205407-037,2023,SC,Florianópolis,4205407,ABREE,PEV fixo,Ativo,04/07/2020
4310207-002,2023,RS,Ijuí,4310207,Green Eletron,PEV fixo,Ativo,07/03/2020
3304557-116,2023,RJ,RIO DE JANEIRO,3304557,ABREE,PEV fixo,Ativo,04/05/2022
2211001-001,2023,PI,Teresina,2211001,ABREE,PEV fixo,Ativo,11/01/2019
3167608-000,2023,MG,Simonésia,3167608,Green Eletron,PEV fixo,Ativo,04/01/2021
3532603-002,2023,SP,Nhandeara,3532603,Sistema individual,Ponto de consolidação,Ativo,05/01/2022
3550308-191,2023,SP,São Paulo,3550308,ABREE,PEV fixo,Ativo,17/08/2021
1501402-024,2023,PA,Belém,1501402,Green Eletron,PEV fixo,Ativo,10/01/2022
2304400-087,2023,CE,Fortaleza,2304400,Green Eletron,Campanha itinerante,Ativo,02/07/2022
3550308-338,2023,SP,  São Paulo ,3550308,Green Eletron,PEV fixo,Ativo,24/11/2023
2927408-103,2023,BA,Salvador,2927408,Green Eletron,Ponto de consolidação,Ativo,07/02/2022
2304251-008,2023,CE,  Cruz ,2304251,ABREE,Ponto de consolidação,Ativo,08/03/2022
3300258-003,2023,RJ,ARRAIAL DO CABO,3300258,Green Eletron,PEV fixo,Ativo,12/09/2022
3136579-002,2023,MG,Josenópolis,3136579,ABREE,PEV fixo,Ativo,10/07/2021
4304671-000,2023,RS,Capivari do Sul,4304671,Green Eletron,PEV fixo,Ativo,20/08/2022
4320800-000,2023,RS,Soledade,4320800,Sistema individual,PEV fixo,Ativo,22/04/2020
4314902-148,2023,RS,Porto Alegre,4314902,ABREE,PEV fixo,Ativo,01/12/2023
3117207-000,2023,MG,Conceicao das Pedras,3117207,ABREE,PEV fixo,Ativo,25/11/2023
3151206-000,2023,MG,Pirapora,3151206,Green Eletron,PEV fixo,Ativo,27/11/2023
3203007-002,2023,ES,Iúna,3203007,Green Eletron,PEV fixo,Ativo,12/01/2023
3102100-000,2023,MG,ALTO RIO DOCE,3102100,ABREE,PEV fixo,Ativo,17/03/2022
3106200-201,2023,MG,Belo Horizonte,3106200,Green Eletron,PEV fixo,Ativo,12/05/2022
4115754-000,2023,PR,Mauá da Serra,4115754,ABREE,PEV fixo,Ativo,03/02/2019
4314902-002,2023,RS,PORTO ALEGRE,4314902,Green Eletron,PEV fixo,Ativo,11/08/2020
3304557-178,2023,RJ,  Rio de Janeiro ,3304557,Green Eletron,PEV fixo,Ativo,11/07/2023
5200308-001,2023,GO,Alexânia,5200308,Green Eletron,PEV fixo,Ativo,13/01/2022
2602902-009,2023,PE,Cabo de Santo Agostinho,2602902,ABREE,Ponto de consolidação,Ativo,03/06/2023
2111300-026,2023,MA,São Luís,2111300,Green Eletron,PEV fixo,Ativo,26/04/2019
2106631-000,2023,MA,Matões do Norte,2106631,ABREE,PEV fixo,Ativo,18/11/2023
3550308-130,2023,SP,São Paulo,3550308,Green Eletron,PEV fixo,Ativo,16/05/2020
5103908-001,2023,MT,GENERAL CARNEIRO,5103908,Green Eletron,PEV fixo,Ativo,08/04/2023
2927408-044,2023,BA,Salvador,2927408,ABREE,Ponto de consolidação,Ativo,28/12/2020
2932705-000,2023,BA,Urucuca,2932705,Green Eletron,PEV fixo,Ativo,21/05/2022
1508209-000,2023,PA,Vigia,1508209,Sistema individual,PEV fixo,Ativo,13/04/2019
3511003-000,2023,SP,Castilho,3511003,ABREE,Campanha itinerante,Ativo,14/11/2023
2932101-000,2023,BA,Ubaíra,2932101,ABREE,PEV fixo,Ativo,23/01/2021
3120102-000,2023,MG,Couto de Magalhaes de Minas,3120102,ABREE,PEV fixo,Ativo,20/06/2021
2304400-082,2023,CE,Fortaleza,2304400,ABREE,PEV fixo,Ativo,27/02/2022
2800308-014,2023,SE,ARACAJU,2800308,Green Eletron,PEV fixo,Ativo,04/06/2021
2927408-073,2023,BA,SALVADOR,2927408,Green Eletron,PEV fixo,Ativo,04/02/2021
2207959-000,2023,PI,Nova Santa Rita,2207959,ABREE,PEV fixo,Ativo,07/10/2022
2300705-004,2023,CE,Alto Santo,2300705,ABREE,PEV fixo,Ativo,16/04/2020
2304400-004,2023,CE,Fortaleza,2304400,ABREE,PEV fixo,Ativo,18/08/2019
3550308-298,2023,SP,São Paulo,3550308,Green Eletron,PEV fixo,Ativo,17/08/2022
5300108-037,2023,DF,  Brasília ,5300108,ABREE,PEV fixo,Ativo,13/12/2020
3104502-000,2023,MG,Arinos,3104502,ABREE,Ponto de consolidação,Ativo,02/03/2023
4213500-000,2023,SC,Porto Belo,4213500,Green Eletron,PEV fixo,Ativo,24/08/2023
5107107-000,2023,MT,São José dos Quatro Marcos,5107107,Sistema individual,PEV fixo,Ativo,21/04/2020
3304557-040,2023,RJ,Rio de Janeiro,3304557,Green Eletron,PEV fixo,Ativo,26/06/2020
4308433-000,2023,RS,Forquetinha,4308433,Sistema individual,PEV fixo,Ativo,06/12/2019
4314001-000,2023,RS,Paraí,4314001,ABREE,PEV fixo,Ativo,28/12/2022
4104402-000,2023,PR,Candido de Abreu,4104402,Green Eletron,Campanha itinerante,Ativo,21/03/2023
3550308-306,2023,SP,São Paulo,3550308,Green Eletron,PEV fixo,Ativo,21/08/2022
5203575-000,2023,GO,Bonópolis,5203575,ABREE,PEV fixo,Ativo,08/01/2022
3127339-000,2023,MG,  Gameleiras ,3127339,Green Eletron,PEV fixo,Ativo,06/12/2021
4100509-002,2023,PR,Altônia,4100509,Green Eletron,PEV fixo,Ativo,08/12/2023
2927408-133,2023,BA,Salvador,2927408,Sistema individual,Ponto de consolidação,Ativo,13/02/2023
4106902-056,2023,PR,CURITIBA,4106902,Sistema individual,PEV fixo,Ativo,01/01/2022
3550308-005,2023,SP,São Paulo,3550308,Green Eletron,Ponto de consolidação,Ativo,20/02/2019
3525201-013,2023,SP,JARINU,3525201,ABREE,PEV fixo,Ativo,22/03/2023
2611606-005,2023,PE,RECIFE,2611606,Green Eletron,PEV fixo,Ativo,06/08/2020
3106200-128,2023,MG,Belo Horizonte,3106200,ABREE,PEV fixo,Ativo,04/01/2021
2308302-000,2023,CE,Milagres,2308302,Green Eletron,PEV fixo,Ativo,22/09/2022
5006358-000,2023,MS,  Paranhos ,5006358,Green Eletron,PEV fixo,Ativo,01/04/2021
3511409-000,2023,SP,Cerqueira César,3511409,Sistema individual,PEV fixo,Inativo,07/08/2020
3304557-031,2023,RJ,Rio de Janeiro,3304557,ABREE,PEV fixo,Ativo,17/12/2020
3155603-002,2023,MG,Rio Pardo de Minas,3155603,Green Eletron,PEV fixo,Ativo,16/09/2023
2905206-000,2023,BA,  Caetité ,2905206,Sistema individual,PEV fixo,Ativo,02/08/2019
4317558-000,2023,RS,Santo Antônio do Palma,4317558,Green Eletron,PEV fixo,Ativo,23/06/2022
2109106-000,2023,MA,PRESIDENTE DUTRA,2109106,ABREE,PEV fixo,Ativo,27/05/2020
2312007-003,2023,CE,SANTANA DO ACARAÚ,2312007,ABREE,PEV fixo,Ativo,16/02/2023
4106902-082,2023,PR,Curitiba,4106902,Green Eletron,PEV fixo,Ativo,27/08/2023
3500808-000,2023,SP,Alfredo Marcondes,3500808,ABREE,PEV fixo,Ativo,12/11/2022
3116100-000,2023,MG,Chapada do Norte,3116100,Green Eletron,PEV fixo,Ativo,15/10/2023
3550308-227,2023,SP,Sao Paulo,3550308,Green Eletron,PEV fixo,Ativo,06/09/2021
3106200-225,2023,MG,Belo Horizonte,3106200,ABREE,Campanha itinerante,Ativo,12/06/2023
4310207-005,2023,RS,Ijuí,4310207,Green Eletron,Campanha itinerante,Ativo,25/03/2021
4314902-078,2023,RS,Porto Alegre,4314902,ABREE,Ponto de consolidação,Ativo,20/01/2021
3550308-246,2023,SP,  São Paulo ,3550308,ABREE,PEV fixo,Ativo,21/06/2021
3304144-000,2023,RJ,Queimados,3304144,Sistema individual,Campanha itinerante,Ativo,26/02/2020
3305752-004,2023,RJ,  Tanguá ,3305752,ABREE,PEV fixo,Ativo,01/05/2021
4204301-000,2023,SC,Concordia,4204301,ABREE,PEV fixo,Ativo,08/05/2023
3539301-003,2023,SP,Pirassununga,3539301,ABREE,PEV fixo,Ativo,18/11/2023
3304557-149,2023,RJ,Rio de Janeiro,3304557,ABREE,PEV fixo,Ativo,27/11/2022
4312302-000,2023,RS,Miraguaí,4312302,ABREE,PEV fixo,Ativo,05/03/2023
4305306-000,2023,RS,Chapada,4305306,Sistema individual,PEV fixo,Ativo,16/02/2020
3303005-002,2023,RJ,Miracema,3303005,Green Eletron,PEV fixo,Ativo,04/11/2023
4312658-001,2023,RS,Não-Me-Toque,4312658,ABREE,PEV fixo,Ativo,12/04/2022
2103000-000,2023,MA,Caxias,2103000,ABREE,PEV fixo,Ativo,22/07/2020
3525201-002,2023,SP,Jarinu,3525201,Green Eletron,PEV fixo,Ativo,17/12/2020
3304557-038,2023,RJ,Rio de Janeiro,3304557,Green Eletron,PEV fixo,Ativo,08/01/2020
3509304-000,2023,SP,Cajobi,3509304,ABREE,PEV fixo,Ativo,09/08/2019
3106200-079,2023,MG,Belo Horizonte,3106200,ABREE,Ponto de consolidação,Ativo,02/04/2020
4313060-000,2023,RS,NOVA HARTZ,4313060,Green Eletron,PEV fixo,Ativo,28/05/2020
2611606-076,2023,PE,Recife,,Green Eletron,PEV fixo,Ativo,19/02/2023
1303403-000,2023,AM,PARINTINS,1303403,Green Eletron,PEV fixo,Ativo,20/10/2023
3155900-000,2023,MG,Rio Preto,3155900,ABREE,Ponto de consolidação,Ativo,12/07/2019
1200401-002,2023,AC,  Rio Branco ,1200401,Green Eletron,PEV fixo,Ativo,13/05/2020
3538808-011,2023,SP,PIRAJU,3538808,ABREE,PEV fixo,Ativo,06/07/2020
3503604-000,2023,SP,Areiópolis,3503604,Green Eletron,Ponto de consolidação,Ativo,22/11/2021
3511508-000,2023,SP,Cerquilho,3511508,Green Eletron,PEV fixo,Ativo,22/05/2020
3106200-179,2023,MG,Belo Horizonte,3106200,ABREE,PEV fixo,Ativo,25/09/2022
3106200-189,2023,MG,Belo Horizonte,3106200,Green Eletron,Ponto de consolidação,Ativo,14/08/2022
4105102-001,2023,PR,Centenario do Sul,4105102,ABREE,PEV fixo,Ativo,11/09/2023
2611606-014,2023,PE,Recife,2611606,ABREE,PEV fixo,Ativo,05/08/2020
3550308-012,2023,SP,SÃO PAULO,3550308,Green Eletron,PEV fixo,Ativo,24/02/2019
3117009-000,2023,MG,Comercinho,3117009,ABREE,PEV fixo,Ativo,15/11/2019
3300258-002,2023,RJ,ARRAIAL DO CABO,3300258,Sistema individual,Ponto de consolidação,Ativo,07/12/2021
3106200-063,2023,MG,Belo Horizonte,3106200,ABREE,PEV fixo,Ativo,01/12/2020
3304557-130,2023,RJ,Rio de Janeiro,,ABREE,PEV fixo,Ativo,17/12/2022
3550308-350,2023,SP,Sao Paulo,3550308,ABREE,PEV fixo,Ativo,13/02/2023
3550308-111,2023,SP,São Paulo,3550308,ABREE,PEV fixo,Ativo,27/09/2020
3524402-000,2023,SP,Jacareí,3524402,ABREE,PEV fixo,Ativo,14/02/2020
3106200-053,2023,MG,Belo Horizonte,3106200,Green Eletron,PEV fixo,Ativo,12/11/2020
2611606-034,2023,PE,Recife,2611606,Green Eletron,PEV fixo,Ativo,16/09/2021
5300108-067,2023,DF,  Brasília ,5300108,ABREE,PEV fixo,Ativo,16/11/2021
3304557-057,2023,RJ,Rio de Janeiro,3304557,Green Eletron,PEV fixo,Ativo,21/03/2020
3106200-069,2023,MG,  Belo Horizonte ,3106200,Green Eletron,PEV fixo,Ativo,01/06/2020
3542305-000,2023,SP,REDENÇÃO DA SERRA,3542305,ABREE,PEV fixo,Ativo,13/05/2019
3159209-001,2023,MG,Santa Rita de Caldas,3159209,ABREE,PEV fixo,Ativo,09/08/2023
2111300-091,2023,MA,SÃO LUÍS,2111300,Sistema individual,PEV fixo,Ativo,23/06/2022
3106200-240,2023,MG,Belo Horizonte,3106200,Green Eletron,Ponto de consolidação,Ativo,13/12/2023
3556602-000,2023,SP,Vera Cruz,3556602,Green Eletron,PEV fixo,Ativo,23/11/2022
3547908-002,2023,SP,SANTO ANTÔNIO DA ALEGRIA,3547908,ABREE,PEV fixo,Ativo,20/01/2021
3305208-000,2023,RJ,SÃO PEDRO DA ALDEIA,3305208,ABREE,PEV fixo,Ativo,12/05/2022
5208103-000,2023,GO,Formoso,5208103,Green Eletron,PEV fixo,Ativo,05/06/2020
3142007-000,2023,MG,  Mirabela ,3142007,Green Eletron,PEV fixo,Ativo,01/02/2019
3125952-000,2023,MG,Fervedouro,3125952,Green Eletron,PEV fixo,Ativo,28/12/2021
3548302-000,2023,SP,Santo Expedito,3548302,Green Eletron,PEV fixo,Ativo,14/04/2023
2803500-000,2023,SE,LAGARTO,2803500,ABREE,PEV fixo,Ativo,28/09/2023
2905206-000,2023,BA,  Caetité ,2905206,Sistema individual,PEV fixo,Ativo,02/08/2019
3503406-000,2023,SP,Arealva,3503406,ABREE,PEV fixo,Ativo,02/06/2022
2611606-017,2023,PE,  Recife ,2611606,Green Eletron,PEV fixo,Ativo,14/05/2020
3550308-355,2023,SP,São Paulo,3550308,Green Eletron,PEV fixo,Ativo,19/06/2023
1300706-000,2023,AM,Boca do Acre,1300706,Green Eletron,PEV fixo,Ativo,06/12/2020
4304804-000,2023,RS,Carlos Barbosa,4304804,ABREE,PEV fixo,Ativo,08/06/2022
5007307-000,2023,MS,Rio Negro,5007307,Sistema individual,PEV fixo,Ativo,14/07/2022
3550308-223,2023,SP,SÃO PAULO,3550308,ABREE,Campanha itinerante,Ativo,11/12/2021
1502806-000,2023,PA,  Curralinho ,1502806,ABREE,PEV fixo,Ativo,14/06/2022
3103108-000,2023,MG,Antônio Prado de Minas,3103108,ABREE,PEV fixo,Ativo,01/10/2019
3304557-041,2023,RJ,Rio de Janeiro,3304557,ABREE,PEV fixo,Ativo,26/02/2020
2927408-117,2023,BA,Salvador,2927408,ABREE,Campanha itinerante,Inativo,14/11/2022
5002902-001,2023,MS,CASSILÂNDIA,5002902,ABREE,PEV fixo,Ativo,25/01/2022
2927408-000,2023,BA,Salvador,2927408,Sistema individual,PEV fixo,Ativo,19/10/2019
4211702-000,2023,SC,Orleans,4211702,ABREE,PEV fixo,Ativo,28/03/2019
3112109-000,2023,MG,CAPARAÓ,3112109,ABREE,PEV fixo,Ativo,18/01/2021
2610301-004,2023,PE,Paranatama,2610301,ABREE,PEV fixo,Ativo,06/12/2022
4314902-098,2023,RS,PORTO ALEGRE,4314902,Green Eletron,PEV fixo,Ativo,16/07/2022
3156304-000,2023,MG,Rodeiro,3156304,Green Eletron,PEV fixo,Ativo,05/12/2022
5201801-000,2023,GO,Aragoiania,5201801,Sistema individual,Ponto de consolidação,Ativo,04/05/2021
3301876-004,2023,RJ,Iguaba Grande,3301876,ABREE,PEV fixo,Ativo,21/10/2021
3106309-000,2023,MG,Belo Oriente,3106309,Green Eletron,PEV fixo,Ativo,05/08/2022
4212304-000,2023,SC,PAULO LOPES,4212304,Green Eletron,Ponto de consolidação,Ativo,20/05/2021
4106902-037,2023,PR,Curitiba,4106902,ABREE,PEV fixo,Ativo,16/03/2021
2927408-135,2023,BA,SALVADOR,2927408,ABREE,PEV fixo,Ativo,24/07/2023
3554508-000,2023,SP,TIETÊ,3554508,Green Eletron,PEV fixo,Ativo,08/08/2023
1507151-004,2023,PA,São Domingos do Araguaia,1507151,Green Eletron,PEV fixo,Ativo,24/08/2021
2600609-000,2023,PE,ALAGOINHA,2600609,ABREE,PEV fixo,Ativo,05/11/2021
3304557-025,2023,RJ,Rio de Janeiro,3304557,Green Eletron,PEV fixo,Ativo,21/12/2020
3146107-000,2023,MG,OURO PRETO,3146107,Green Eletron,PEV fixo,Ativo,08/09/2020
2700805-001,2023,AL,  Belém ,2700805,ABREE,PEV fixo,Inativo,12/05/2021
3526803-007,2023,SP,Lençóis Paulista,3526803,Green Eletron,PEV fixo,Ativo,06/04/2022
2704302-002,2023,AL,MACEIÓ,2704302,ABREE,PEV fixo,Ativo,06/12/2020
3106200-212,2023,MG,  Belo Horizonte ,3106200,ABREE,PEV fixo,Ativo,22/12/2022
5209200-000,2023,GO,Guapó,5209200,Sistema individual,PEV fixo,Ativo,22/09/2021
2927408-090,2023,BA,Salvador,2927408,ABREE,PEV fixo,Ativo,27/06/2021
2210979-000,2023,PI,Tanque do Piauí,2210979,ABREE,Campanha itinerante,Ativo,14/12/2020
3106200-272,2023,MG,Belo Horizonte,3106200,Green Eletron,PEV fixo,Ativo,02/07/2023
3167103-000,2023,MG,Serro,3167103,Sistema individual,PEV fixo,Ativo,27/07/2019
2611606-022,2023,PE,Recife,2611606,ABREE,PEV fixo,Ativo,18/09/2020
2806305-001,2023,SE,  Santa Luzia do Itanhy ,2806305,ABREE,PEV fixo,Ativo,14/05/2023
4306759-000,2023,RS,Doutor Ricardo,4306759,Green Eletron,PEV fixo,Ativo,03/05/2023
4314902-004,2023,RS,  Porto Alegre ,4314902,ABREE,Ponto de consolidação,Ativo,15/09/2020
3106200-235,2023,MG,Belo Horizonte,3106200,Sistema individual,PEV fixo,Ativo,18/02/2023
3550308-020,2023,SP,SÃO PAULO,3550308,Green Eletron,PEV fixo,Ativo,22/11/2019
3202454-001,2023,ES,Ibatiba,3202454,ABREE,PEV fixo,Ativo,15/07/2021
3550308-119,2023,SP,São Paulo,3550308,ABREE,Campanha itinerante,Ativo,07/08/2020
1301407-000,2023,AM,Eirunepé,1301407,ABREE,PEV fixo,Ativo,07/08/2023
3536505-002,2023,SP,Paulínia,3536505,ABREE,PEV fixo,Ativo,10/01/2023
2929354-000,2023,BA,  São José da Vitória ,2929354,ABREE,PEV fixo,Ativo,26/10/2020
2905107-000,2023,BA,Caém,2905107,ABREE,PEV fixo,Ativo,18/08/2023
3120151-000,2023,MG,Crisólita,3120151,ABREE,Campanha itinerante,Ativo,15/05/2019
4205407-078,2023,SC,Florianópolis,4205407,ABREE,PEV fixo,Ativo,05/11/2022
3532306-008,2023,SP,Natividade da Serra,3532306,ABREE,PEV fixo,Ativo,13/05/2022
2923035-000,2023,BA,Novo Horizonte,2923035,ABREE,PEV fixo,Ativo,28/04/2021
3537404-004,2023,SP,Pereira Barreto,3537404,Green Eletron,PEV fixo,Ativo,03/11/2023
3205002-000,2023,ES,Serra,3205002,Sistema individual,Ponto de consolidação,Ativo,17/12/2023
2107001-000,2023,MA,Montes Altos,2107001,ABREE,Ponto de consolidação,Ativo,03/08/2021
2307601-000,2023,CE,Limoeiro do Norte,2307601,Green Eletron,Campanha itinerante,Ativo,06/07/2023
4205100-000,2023,SC,Dona Emma,4205100,Green Eletron,PEV fixo,Ativo,22/04/2023
4213203-000,2023,SC,Pomerode,4213203,ABREE,PEV fixo,Ativo,01/06/2022
5300108-043,2023,DF,Brasília,5300108,Green Eletron,Ponto de consolidação,Ativo,15/02/2020
2106326-000,2023,MA,Maracacume,2106326,Green Eletron,Campanha itinerante,Ativo,17/02/2021
2616183-005,2023,PE,Vertente do Lério,2616183,Green Eletron,PEV fixo,Ativo,12/07/2020
2300705-000,2023,CE,Alto Santo,2300705,ABREE,PEV fixo,Ativo,03/04/2020
3302502-002,2023,RJ,Magé,3302502,ABREE,PEV fixo,Ativo,11/10/2020
2927408-010,2023,BA,SALVADOR,2927408,Green Eletron,PEV fixo,Ativo,12/02/2019
2912400-000,2023,BA,Ibipeba,2912400,ABREE,Ponto de consolidação,Ativo,13/12/2023
5300108-074,2023,DF,Brasília,5300108,ABREE,PEV fixo,Ativo,18/08/2022
2412609-000,2023,RN,São Paulo do Potengi,2412609,Sistema individual,PEV fixo,Ativo,27/10/2019
3300308-005,2023,RJ,BARRA DO PIRAÍ,3300308,Green Eletron,PEV fixo,Ativo,19/05/2020
4207908-000,2023,SC,Irineópolis,4207908,ABREE,Ponto de consolidação,Inativo,13/10/2022
4212239-000,2023,SC,Paraíso,4212239,Green Eletron,PEV fixo,Ativo,26/06/2019
1705508-000,2023,TO,Colinas do Tocantins,1705508,Green Eletron,PEV fixo,Ativo,02/02/2019
5215207-001,2023,GO,NOVO BRASIL,5215207,ABREE,PEV fixo,Ativo,21/03/2019
3553500-000,2023,SP,TAPIRAÍ,3553500,Green Eletron,PEV fixo,Ativo,20/04/2020
2511707-000,2023,PB,Pilõezinhos,2511707,Green Eletron,PEV fixo,Ativo,22/10/2020
3124807-000,2023,MG,Estrela do Sul,3124807,ABREE,PEV fixo,Ativo,24/02/2022
3106200-071,2023,MG,Belo Horizonte,3106200,ABREE,PEV fixo,Ativo,24/04/2020
3124906-000,2023,MG,Eugenópolis,3124906,ABREE,PEV fixo,Ativo,12/11/2023
3512902-001,2023,SP,Cosmorama,3512902,Sistema individual,Campanha itinerante,Ativo,05/04/2023
3123528-005,2023,MG,DURANDÉ,3123528,ABREE,PEV fixo,Ativo,03/12/2022
4123006-000,2023,PR,Salto do Lontra,4123006,Green Eletron,PEV fixo,Ativo,17/09/2019
5007695-000,2023,MS,SÃO GABRIEL DO OESTE,5007695,ABREE,Campanha itinerante,Ativo,11/07/2020
2204105-000,2023,PI,Francisco Ayres,2204105,ABREE,PEV fixo,Ativo,15/06/2023
2507507-006,2023,PB,João Pessoa,2507507,ABREE,PEV fixo,Ativo,09/03/2020
3202306-000,2023,ES,Guaçuí,3202306,ABREE,PEV fixo,Ativo,23/02/2022
5106653-000,2023,MT,PONTAL DO ARAGUAIA,5106653,ABREE,PEV fixo,Ativo,26/12/2022
3523305-000,2023,SP,ITARIRI,3523305,ABREE,PEV fixo,Ativo,25/05/2022
4106902-079,2023,PR,CURITIBA,4106902,ABREE,PEV fixo,Ativo,21/04/2023
1508209-005,2023,PA,Vigia,1508209,Green Eletron,Ponto de consolidação,Ativo,19/04/2020
3536109-000,2023,SP,Pardinho,3536109,ABREE,PEV fixo,Ativo,23/02/2021
3106200-187,2023,MG,Belo Horizonte,3106200,ABREE,PEV fixo,Ativo,06/07/2022
3106200-260,2023,MG,Belo Horizonte,3106200,ABREE,PEV fixo,Ativo,14/08/2023
5107875-000,2023,MT,Sapezal,5107875,ABREE,Campanha itinerante,Ativo,24/06/2023
4314902-095,2023,RS,Porto Alegre,4314902,ABREE,PEV fixo,Ativo,07/03/2022
1706100-000,2023,TO,Cristalândia,1706100,Green Eletron,PEV fixo,Ativo,10/09/2022
5300108-077,2023,DF,BRASÍLIA,5300108,Green Eletron,PEV fixo,Ativo,27/09/2022
3304201-001,2023,RJ,Resende,3304201,ABREE,PEV fixo,Ativo,06/09/2021
3108909-000,2023,MG,Brazópolis,3108909,ABREE,PEV fixo,Ativo,27/06/2019
3304557-191,2023,RJ,Rio de Janeiro,,Sistema individual,PEV fixo,Ativo,26/12/2023
4314902-150,2023,RS,PORTO ALEGRE,4314902,Green Eletron,PEV fixo,Ativo,07/02/2023
3106200-034,2023,MG,  Belo Horizonte ,3106200,Green Eletron,Campanha itinerante,Ativo,18/04/2020
3550308-313,2023,SP,São Paulo,3550308,ABREE,PEV fixo,Ativo,24/09/2022
2927804-000,2023,BA,Santa Cruz da Vitória,2927804,Green Eletron,PEV fixo,Ativo,28/01/2020
2311009-000,2023,CE,PORANGA,2311009,Green Eletron,PEV fixo,Ativo,16/12/2021
4205407-051,2023,SC,Florianópolis,4205407,Green Eletron,PEV fixo,Ativo,11/03/2021
2513802-000,2023,PB,Santa Teresinha,2513802,Green Eletron,PEV fixo,Ativo,25/11/2022
3301876-006,2023,RJ,  Iguaba Grande ,3301876,Green Eletron,PEV fixo,Ativo,18/04/2022
4106902-047,2023,PR,Curitiba,4106902,ABREE,PEV fixo,Ativo,28/08/2021
3304557-193,2023,RJ,Rio de Janeiro,3304557,ABREE,PEV fixo,Ativo,02/08/2023
3304557-141,2023,RJ,Rio de Janeiro,3304557,Green Eletron,PEV fixo,Ativo,06/04/2022
3108602-000,2023,MG,BRASÍLIA DE MINAS,3108602,ABREE,PEV fixo,Ativo,21/08/2021
5107040-000,2023,MT,PRIMAVERA DO LESTE,5107040,ABREE,PEV fixo,Ativo,17/02/2020
4112306-000,2023,PR,Japira,4112306,ABREE,PEV fixo,Ativo,06/08/2020
3529708-001,2023,SP,Miguelópolis,3529708,Green Eletron,PEV fixo,Ativo,05/01/2021
1302603-007,2023,AM,MANAUS,1302603,ABREE,PEV fixo,Ativo,23/04/2021
2408102-011,2023,RN,Natal,2408102,ABREE,PEV fixo,Ativo,24/11/2021
4110805-000,2023,PR,Iretama,4110805,ABREE,PEV fixo,Ativo,05/03/2021
4314902-151,2023,RS,  Porto Alegre ,4314902,Green Eletron,PEV fixo,Ativo,04/05/2023
3205309-015,2023,ES,Vitória,3205309,ABREE,PEV fixo,Ativo,05/11/2022
3106200-232,2023,MG,BELO HORIZONTE,3106200,Sistema individual,PEV fixo,Ativo,27/02/2023
3302270-000,2023,RJ,JAPERI,3302270,ABREE,PEV fixo,Ativo,19/02/2023
4205407-005,2023,SC,FLORIANÓPOLIS,4205407,ABREE,PEV fixo,Ativo,27/08/2019
2927408-074,2023,BA,Salvador,2927408,ABREE,PEV fixo,Ativo,21/08/2021
2304400-071,2023,CE,Fortaleza,2304400,ABREE,PEV fixo,Ativo,02/11/2022
2305100-000,2023,CE,Guaramiranga,2305100,ABREE,PEV fixo,Ativo,04/11/2023
3550308-352,2023,SP,SÃO PAULO,3550308,ABREE,Ponto de consolidação,Ativo,01/07/2023
4205407-012,2023,SC,Florianopolis,4205407,ABREE,PEV fixo,Ativo,16/07/2019
2927408-101,2023,BA,Salvador,2927408,Green Eletron,Campanha itinerante,Ativo,03/09/2021
5204102-000,2023,GO,Cachoeira Alta,5204102,Green Eletron,Campanha itinerante,Ativo,25/07/2020
3522703-000,2023,SP,Itápolis,3522703,ABREE,PEV fixo,Ativo,24/01/2020
3302700-011,2023,RJ,Maricá,3302700,Green Eletron,PEV fixo,Ativo,28/11/2021
4219853-001,2023,SC,Zortéa,4219853,ABREE,PEV fixo,Ativo,06/01/2023
3546504-000,2023,SP,  Santa Ernestina ,3546504,Green Eletron,PEV fixo,Ativo,26/06/2021
2703759-000,2023,AL,Jequiá da Praia,2703759,ABREE,Ponto de consolidação,Ativo,12/04/2020
2304400-001,2023,CE,Fortaleza,2304400,Green Eletron,PEV fixo,Ativo,22/04/2019
4128708-000,2023,PR,Vitorino,4128708,Green Eletron,PEV fixo,Ativo,12/06/2020
4322509-000,2023,RS,VACARIA,4322509,Green Eletron,PEV fixo,Inativo,23/03/2019
3304557-006,2023,RJ,Rio de Janeiro,3304557,ABREE,PEV fixo,Ativo,25/02/2020
3106200-111,2023,MG,Belo Horizonte,3106200,ABREE,PEV fixo,Ativo,17/08/2021
3532900-010,2023,SP,Nova Europa,3532900,Green Eletron,PEV fixo,Ativo,26/06/2020
3500600-001,2023,SP,Águas de São Pedro,3500600,Green Eletron,PEV fixo,Ativo,13/06/2021
3118304-000,2023,MG,Conselheiro Lafaiete,3118304,Green Eletron,PEV fixo,Ativo,19/03/2019
3304557-158,2023,RJ,Rio de Janeiro,3304557,ABREE,PEV fixo,Ativo,15/01/2023
3304557-109,2023,RJ,  Rio de Janeiro ,3304557,ABREE,PEV fixo,Ativo,06/03/2021
1300706-001,2023,AM,  Boca do Acre ,1300706,Sistema individual,PEV fixo,Ativo,14/11/2020
1507151-000,2023,PA,SÃO DOMINGOS DO ARAGUAIA,1507151,Green Eletron,PEV fixo,Ativo,24/02/2019
4205407-033,2023,SC,FLORIANÓPOLIS,4205407,ABREE,PEV fixo,Ativo,20/06/2020
3306305-000,2023,RJ,Volta Redonda,3306305,Green Eletron,PEV fixo,Ativo,23/03/2022
3519253-001,2023,SP,Iaras,3519253,Sistema individual,Campanha itinerante,Ativo,05/03/2023
2302305-000,2023,CE,Bela Cruz,2302305,Green Eletron,PEV fixo,Ativo,28/08/2022
2305357-001,2023,CE,ICAPUÍ,2305357,Green Eletron,PEV fixo,Ativo,07/09/2023
4314902-040,2023,RS,  Porto Alegre ,4314902,ABREE,PEV fixo,Ativo,04/05/2020
4118600-000,2023,PR,Paula Freitas,4118600,ABREE,PEV fixo,Ativo,17/05/2023
3302908-003,2023,RJ,Miguel Pereira,3302908,ABREE,PEV fixo,Ativo,11/08/2021
3304557-097,2023,RJ,Rio de Janeiro,3304557,Green Eletron,PEV fixo,Ativo,17/12/2021
3100906-000,2023,MG,Águas Formosas,3100906,ABREE,PEV fixo,Ativo,05/02/2019
2111300-041,2023,MA,Sao Luis,2111300,ABREE,PEV fixo,Ativo,08/12/2020
1400100-002,2023,RR,Boa Vista,1400100,ABREE,PEV fixo,Ativo,08/04/2023
3542206-000,2023,SP,Rancharia,3542206,ABREE,PEV fixo,Ativo,12/02/2020
3549250-004,2023,SP,Sao Joao de Iracema,3549250,ABREE,PEV fixo,Ativo,23/05/2021
1506195-000,2023,PA,Rurópolis,1506195,Green Eletron,PEV fixo,Ativo,16/03/2022
4205407-029,2023,SC,FLORIANÓPOLIS,4205407,ABREE,PEV fixo,Ativo,13/07/2020
4106902-085,2023,PR,CURITIBA,4106902,Green Eletron,PEV fixo,Ativo,27/05/2023
4108403-000,2023,PR,Francisco Beltrão,4108403,Sistema individual,PEV fixo,Ativo,19/09/2022
5208707-000,2023,GO,GOIÂNIA,5208707,Green Eletron,PEV fixo,Ativo,12/02/2019
3550308-182,2023,SP,São Paulo,3550308,Green Eletron,PEV fixo,Ativo,02/04/2021
3549953-000,2023,SP,  São Lourenço da Serra ,3549953,Green Eletron,Ponto de consolidação,Ativo,10/12/2022
1302603-000,2023,AM,Manaus,1302603,ABREE,Campanha itinerante,Ativo,22/03/2019
3106200-159,2023,MG,Belo Horizonte,3106200,ABREE,PEV fixo,Ativo,24/08/2022
2208601-000,2023,PI,Prata do Piauí,2208601,ABREE,PEV fixo,Ativo,18/11/2019
4318051-001,2023,RS,São Domingos do Sul,4318051,ABREE,PEV fixo,Ativo,14/09/2023
2705705-000,2023,AL,Olho d'Água das Flores,2705705,ABREE,PEV fixo,Ativo,01/01/2019
4304630-000,2023,RS,Capao da Canoa,4304630,ABREE,PEV fixo,Ativo,16/11/2022
4205407-035,2023,SC,FLORIANÓPOLIS,4205407,Sistema individual,PEV fixo,Ativo,09/05/2020
1501204-011,2023,PA,BAIÃO,1501204,Green Eletron,Ponto de consolidação,Ativo,19/05/2023
2304400-073,2023,CE,Fortaleza,2304400,Green Eletron,PEV fixo,Ativo,23/05/2022
1300680-000,2023,AM,Boa Vista do Ramos,1300680,ABREE,PEV fixo,Ativo,28/02/2022
3505203-001,2023,SP,Bariri,3505203,ABREE,Ponto de consolidação,Ativo,06/09/2020
2403806-000,2023,RN,FLORÂNIA,2403806,Green Eletron,Ponto de consolidação,Ativo,23/01/2021
2611606-024,2023,PE,Recife,2611606,ABREE,PEV fixo,Ativo,20/05/2020
2703106-000,2023,AL,IGACI,2703106,Green Eletron,PEV fixo,Ativo,23/04/2022
2304400-021,2023,CE,FORTALEZA,2304400,ABREE,PEV fixo,Ativo,01/07/2019
3165560-000,2023,MG,SEM-PEIXE,3165560,ABREE,PEV fixo,Ativo,13/07/2020
4314902-143,2023,RS,Porto Alegre,4314902,ABREE,PEV fixo,Inativo,09/07/2023
3167202-003,2023,MG,SETE LAGOAS,3167202,Green Eletron,PEV fixo,Ativo,04/03/2023
1504505-000,2023,PA,  Melgaço ,1504505,Green Eletron,Ponto de consolidação,Ativo,06/02/2023
2930774-001,2023,BA,SOBRADINHO,2930774,Green Eletron,PEV fixo,Ativo,02/07/2023
2800100-000,2023,SE,Amparo de São Francisco,2800100,ABREE,PEV fixo,Ativo,09/09/2019
3304805-000,2023,RJ,São Fidélis,3304805,ABREE,PEV fixo,Ativo,19/05/2021
4106902-083,2023,PR,Curitiba,4106902,Green Eletron,PEV fixo,Ativo,16/06/2023
2513158-000,2023,PB,Santa Cecília,2513158,Green Eletron,PEV fixo,Ativo,10/06/2019
4214607-000,2023,SC,Rio do Oeste,4214607,ABREE,Ponto de consolidação,Ativo,18/04/2020
3304557-086,2023,RJ,  Rio de Janeiro ,3304557,Green Eletron,PEV fixo,Ativo,08/08/2021
3501301-000,2023,SP,Álvares Machado,3501301,Green Eletron,PEV fixo,Ativo,17/01/2019
2313104-001,2023,CE,Tabuleiro do Norte,2313104,Sistema individual,PEV fixo,Ativo,10/06/2023
4206652-000,2023,SC,GUATAMBÚ,4206652,ABREE,PEV fixo,Ativo,22/11/2020
5205406-000,2023,GO,Ceres,5205406,Green Eletron,PEV fixo,Ativo,09/03/2022
3146404-000,2023,MG,PAINEIRAS,3146404,ABREE,PEV fixo,Ativo,18/09/2022
3304201-004,2023,RJ,  Resende ,3304201,Green Eletron,PEV fixo,Ativo,01/05/2023
5214705-000,2023,GO,Nova América,5214705,ABREE,PEV fixo,Ativo,26/05/2022
3304557-043,2023,RJ,RIO DE JANEIRO,3304557,ABREE,PEV fixo,Ativo,22/03/2020
3504107-000,2023,SP,Atibaia,3504107,Green Eletron,PEV fixo,Ativo,02/10/2023
2304400-043,2023,CE,Fortaleza,2304400,ABREE,PEV fixo,Ativo,28/09/2020
3138500-000,2023,MG,LIBERDADE,3138500,ABREE,PEV fixo,Ativo,28/08/2020
2304251-009,2023,CE,Cruz,2304251,ABREE,PEV fixo,Ativo,12/03/2022
3518800-000,2023,SP,Guarulhos,3518800,Sistema individual,PEV fixo,Ativo,10/06/2019
3114550-000,2023,MG,Carneirinho,3114550,ABREE,PEV fixo,Ativo,27/01/2023
4201307-002,2023,SC,ARAQUARI,4201307,ABREE,PEV fixo,Ativo,23/12/2021
2933208-000,2023,BA,VERA CRUZ,2933208,Green Eletron,PEV fixo,Ativo,22/11/2023
3541109-000,2023,SP,Presidente Alves,3541109,Sistema individual,PEV fixo,Ativo,09/12/2019
1301951-001,2023,AM,Itamarati,1301951,ABREE,PEV fixo,Ativo,01/10/2020
3301108-004,2023,RJ,Cantagalo,3301108,Green Eletron,PEV fixo,Ativo,17/07/2020
4202453-000,2023,SC,Bombinhas,4202453,ABREE,Ponto de consolidação,Ativo,09/03/2021
4300034-000,2023,RS,Acegua,4300034,ABREE,PEV fixo,Ativo,26/06/2022
3550308-008,2023,SP,SÃO PAULO,3550308,Sistema individual,PEV fixo,Ativo,26/04/2019
2927408-050,2023,BA,Salvador,2927408,ABREE,Ponto de consolidação,Ativo,05/06/2020
3550308-030,2023,SP,São Paulo,3550308,ABREE,PEV fixo,Ativo,04/04/2019
3301405-000,2023,RJ,Conceicao de Macabu,3301405,ABREE,PEV fixo,Inativo,11/12/2019
3549508-007,2023,SP,SÃO JOSÉ DA BELA VISTA,3549508,ABREE,PEV fixo,Ativo,14/10/2022
2304251-000,2023,CE,Cruz,2304251,ABREE,Ponto de consolidação,Ativo,11/03/2019
2503902-000,2023,PB,CAMALAÚ,2503902,Green Eletron,Ponto de consolidação,Ativo,13/12/2020
3524402-005,2023,SP,JACAREÍ,3524402,ABREE,PEV fixo,Ativo,26/02/2023
3555109-015,2023,SP,  Tupi Paulista ,3555109,Green Eletron,PEV fixo,Ativo,22/07/2023
2909208-000,2023,BA,Coronel Joao Sa,2909208,Green Eletron,Ponto de consolidação,Ativo,17/12/2019
2111300-055,2023,MA,São Luís,2111300,ABREE,Ponto de consolidação,Ativo,08/11/2021
3532306-006,2023,SP,NATIVIDADE DA SERRA,3532306,ABREE,PEV fixo,Ativo,16/07/2021
3304557-156,2023,RJ,Rio de Janeiro,3304557,Sistema individual,PEV fixo,Inativo,18/11/2022
4215687-000,2023,SC,Santa Terezinha do Progresso,4215687,ABREE,PEV fixo,Ativo,28/11/2021
3203007-001,2023,ES,IÚNA,3203007,ABREE,PEV fixo,Ativo,01/08/2022
2407005-000,2023,RN,  Luís Gomes ,2407005,ABREE,PEV fixo,Ativo,14/07/2023
2702504-000,2023,AL,DOIS RIACHOS,2702504,ABREE,PEV fixo,Ativo,04/06/2022
1506906-000,2023,PA,Santarém Novo,1506906,ABREE,PEV fixo,Ativo,10/09/2020
2105963-000,2023,MA,  Lagoa Grande do Maranhão ,2105963,ABREE,PEV fixo,Ativo,25/05/2023
3526803-004,2023,SP,Lençóis Paulista,3526803,ABREE,PEV fixo,Ativo,21/05/2021
2412005-001,2023,RN,São Gonçalo do Amarante,2412005,Green Eletron,Campanha itinerante,Ativo,07/02/2023
2312007-000,2023,CE,Santana do Acaraú,2312007,ABREE,PEV fixo,Ativo,24/05/2021
3556354-001,2023,SP,  Vargem ,3556354,Green Eletron,PEV fixo,Ativo,15/12/2023
3300407-000,2023,RJ,Barra Mansa,3300407,ABREE,PEV fixo,Ativo,11/10/2023
2203230-000,2023,PI,Currais,2203230,Green Eletron,PEV fixo,Ativo,24/04/2019
2209500-000,2023,PI,Santo Inácio do Piauí,2209500,ABREE,PEV fixo,Ativo,21/07/2020
3550308-275,2023,SP,São Paulo,3550308,ABREE,PEV fixo,Ativo,07/09/2022
4205407-056,2023,SC,  Florianópolis ,4205407,ABREE,PEV fixo,Ativo,27/06/2021
3503703-005,2023,SP,Ariranha,3503703,ABREE,PEV fixo,Ativo,15/06/2022
4305702-000,2023,RS,Condor,4305702,Green Eletron,PEV fixo,Ativo,17/05/2023
3556701-001,2023,SP,Vinhedo,3556701,ABREE,PEV fixo,Ativo,20/12/2023
2922102-000,2023,BA,  Mundo Novo ,2922102,ABREE,PEV fixo,Inativo,22/01/2021
3528007-001,2023,SP,Macatuba,3528007,ABREE,PEV fixo,Ativo,14/07/2022
1304260-004,2023,AM,Uarini,1304260,ABREE,Ponto de consolidação,Ativo,24/09/2023
4321105-000,2023,RS,  Tapes ,4321105,ABREE,Ponto de consolidação,Ativo,21/11/2022
3303302-005,2023,RJ,Niterói,3303302,Green Eletron,PEV fixo,Ativo,03/05/2021
5215207-009,2023,GO,Novo Brasil,5215207,ABREE,PEV fixo,Ativo,03/12/2023
2414704-000,2023,RN,VÁRZEA,2414704,ABREE,PEV fixo,Ativo,18/12/2023
3304557-117,2023,RJ,Rio de Janeiro,3304557,Green Eletron,PEV fixo,Ativo,28/12/2022
2202752-000,2023,PI,Colônia do Gurguéia,2202752,Green Eletron,PEV fixo,Ativo,04/03/2019
3520707-000,2023,SP,Indiapora,3520707,ABREE,PEV fixo,Ativo,15/10/2022
2111300-073,2023,MA,São Luís,2111300,ABREE,PEV fixo,Ativo,18/10/2021
3157906-000,2023,MG,Santa Margarida,3157906,Green Eletron,PEV fixo,Ativo,15/04/2022
2927408-007,2023,BA,Salvador,2927408,Green Eletron,PEV fixo,Ativo,03/01/2019
2208502-000,2023,PI,PORTO,2208502,Green Eletron,PEV fixo,Ativo,24/07/2019
4314902-036,2023,RS,PORTO ALEGRE,4314902,Green Eletron,PEV fixo,Ativo,11/06/2020
3500550-000,2023,SP,Águas de Santa Bárbara,3500550,ABREE,PEV fixo,Ativo,02/06/2023
4318309-000,2023,RS,SÃO GABRIEL,4318309,ABREE,PEV fixo,Ativo,19/07/2019
2211001-005,2023,PI,Teresina,2211001,Green Eletron,PEV fixo,Ativo,19/03/2019
4128401-002,2023,PR,Urai,4128401,ABREE,PEV fixo,Ativo,15/11/2021
3550308-320,2023,SP,São Paulo,3550308,Green Eletron,PEV fixo,Ativo,07/11/2022
3106200-044,2023,MG,Belo Horizonte,3106200,Green Eletron,PEV fixo,Ativo,08/05/2020
4127205-000,2023,PR,Terra Boa,4127205,ABREE,Ponto de consolidação,Ativo,19/06/2021
3512001-005,2023,SP,Colina,3512001,Green Eletron,PEV fixo,Ativo,01/11/2023
3301108-001,2023,RJ,Cantagalo,3301108,ABREE,PEV fixo,Ativo,05/02/2020
4314035-000,2023,RS,PARECI NOVO,4314035,ABREE,PEV fixo,Ativo,04/04/2021
5300108-104,2023,DF,Brasília,5300108,ABREE,Ponto de consolidação,Ativo,06/03/2023
4205407-061,2023,SC,  Florianópolis ,4205407,Green Eletron,PEV fixo,Ativo,20/02/2022
3525201-001,2023,SP,  Jarinu ,3525201,ABREE,PEV fixo,Ativo,27/09/2020
5200829-000,2023,GO,AMARALINA,5200829,Green Eletron,PEV fixo,Ativo,12/05/2020
3202553-000,2023,ES,IBITIRAMA,3202553,Green Eletron,PEV fixo,Ativo,18/01/2021
2111300-085,2023,MA,  São Luís ,2111300,ABREE,Campanha itinerante,Ativo,02/10/2022
3550308-086,2023,SP,Sao Paulo,3550308,ABREE,PEV fixo,Ativo,19/05/2019
3550308-243,2023,SP,São Paulo,3550308,ABREE,PEV fixo,Ativo,15/07/2021
3538808-009,2023,SP,  Piraju ,3538808,ABREE,PEV fixo,Ativo,02/08/2019
4315149-000,2023,RS,PRESIDENTE LUCENA,4315149,ABREE,PEV fixo,Ativo,22/06/2019
3106200-018,2023,MG,BELO HORIZONTE,3106200,ABREE,PEV fixo,Ativo,14/10/2020
3140308-000,2023,MG,Marliéria,3140308,ABREE,PEV fixo,Ativo,12/10/2023
2111300-092,2023,MA,São Luís,2111300,Sistema individual,Ponto de consolidação,Ativo,08/06/2022
3123528-003,2023,MG,DURANDÉ,3123528,Green Eletron,PEV fixo,Ativo,26/01/2021
4123006-001,2023,PR,Salto do Lontra,4123006,ABREE,PEV fixo,Ativo,01/05/2022
4300455-000,2023,RS,  Alegria ,4300455,ABREE,PEV fixo,Ativo,22/09/2019
1504901-000,2023,PA,Muaná,1504901,ABREE,PEV fixo,Ativo,03/04/2020
5213053-000,2023,GO,MIMOSO DE GOIÁS,5213053,Sistema individual,PEV fixo,Ativo,14/07/2023
1304005-003,2023,AM,Silves,1304005,ABREE,PEV fixo,Ativo,25/12/2022
2909406-000,2023,BA,Cotegipe,2909406,ABREE,Campanha itinerante,Ativo,28/02/2021
3106200-089,2023,MG,Belo Horizonte,3106200,Sistema individual,PEV fixo,Ativo,01/05/2020
2927408-116,2023,BA,Salvador,2927408,ABREE,PEV fixo,Ativo,19/06/2022
3204351-000,2023,ES,Rio Bananal,3204351,ABREE,PEV fixo,Ativo,24/08/2020
5007406-000,2023,MS,RIO VERDE DE MATO GROSSO,5007406,Green Eletron,PEV fixo,Ativo,17/09/2021
3550308-324,2023,SP,SÃO PAULO,3550308,ABREE,PEV fixo,Ativo,04/12/2023
3550308-187,2023,SP,São Paulo,3550308,ABREE,PEV fixo,Ativo,14/09/2021
2111300-058,2023,MA,SÃO LUÍS,2111300,ABREE,PEV fixo,Ativo,09/01/2021
3302403-008,2023,RJ,Macaé,3302403,ABREE,PEV fixo,Ativo,25/06/2021
3502606-001,2023,SP,Aparecida d'Oeste,,ABREE,PEV fixo,Ativo,04/05/2022
4314902-049,2023,RS,PORTO ALEGRE,4314902,Sistema individual,Ponto de consolidação,Ativo,05/05/2020
4106902-022,2023,PR,Curitiba,4106902,Green Eletron,PEV fixo,Ativo,19/01/2020
3550308-221,2023,SP,SÃO PAULO,3550308,Sistema individual,PEV fixo,Ativo,23/04/2021
3505351-000,2023,SP,Barra do Chapéu,3505351,Sistema individual,PEV fixo,Ativo,25/12/2019
1717206-000,2023,TO,Piraquê,1717206,ABREE,PEV fixo,Ativo,10/08/2019
1717909-000,2023,TO,PONTE ALTA DO TOCANTINS,1717909,ABREE,PEV fixo,Ativo,21/10/2019
2708709-000,2023,AL,SÃO MIGUEL DOS MILAGRES,2708709,ABREE,PEV fixo,Ativo,18/05/2021
2506202-000,2023,PB,Frei Martinho,2506202,ABREE,Campanha itinerante,Ativo,28/11/2019
4100707-000,2023,PR,Alto Piquiri,4100707,ABREE,PEV fixo,Ativo,22/07/2019
3515806-000,2023,SP,FLORA RICA,3515806,ABREE,PEV fixo,Ativo,18/06/2021
3119005-000,2023,MG,  Cordislândia ,3119005,Green Eletron,PEV fixo,Ativo,21/08/2022
2206753-000,2023,PI,NOSSA SENHORA DE NAZARÉ,2206753,Green Eletron,PEV fixo,Ativo,08/09/2023
2927408-115,2023,BA,Salvador,2927408,Sistema individual,PEV fixo,Ativo,26/10/2022
3304557-001,2023,RJ,Rio de Janeiro,3304557,ABREE,Ponto de consolidação,Ativo,17/06/2020
2606903-000,2023,PE,Iguaracy,2606903,ABREE,PEV fixo,Ativo,05/09/2019
2612208-000,2023,PE,SALGUEIRO,2612208,Sistema individual,PEV fixo,Ativo,15/04/2022
3106200-031,2023,MG,Belo Horizonte,3106200,Green Eletron,PEV fixo,Ativo,25/06/2020
3304128-000,2023,RJ,QUATIS,3304128,ABREE,PEV fixo,Ativo,08/03/2023
4219002-000,2023,SC,URUSSANGA,4219002,ABREE,Campanha itinerante,Ativo,25/07/2019
2926301-000,2023,BA,Riachao do Jacuipe,2926301,ABREE,PEV fixo,Ativo,25/08/2023
3550308-035,2023,SP,São Paulo,3550308,Sistema individual,PEV fixo,Ativo,10/08/2019
5102603-000,2023,MT,CAMPINÁPOLIS,5102603,ABREE,PEV fixo,Ativo,28/02/2020
4115358-000,2023,PR,MARIPÁ,4115358,Green Eletron,PEV fixo,Ativo,20/04/2022
3150539-000,2023,MG,Pingo-d'Água,3150539,Green Eletron,Campanha itinerante,Ativo,04/09/2019
2111300-003,2023,MA,Sao Luis,,ABREE,PEV fixo,Ativo,21/08/2019
3532009-010,2023,SP,Morungaba,3532009,ABREE,PEV fixo,Ativo,17/06/2021
2211001-016,2023,PI,TERESINA,2211001,ABREE,PEV fixo,Ativo,14/01/2021
3117306-000,2023,MG,Conceicao das Alagoas,3117306,ABREE,PEV fixo,Ativo,11/01/2020
2102374-000,2023,MA,  Cachoeira Grande ,2102374,ABREE,PEV fixo,Ativo,21/04/2019
4312427-000,2023,RS,MORMAÇO,4312427,Green Eletron,Ponto de consolidação,Ativo,12/02/2023
4316907-000,2023,RS,Santa Maria,4316907,Green Eletron,Ponto de consolidação,Ativo,05/12/2020
2902658-000,2023,BA,Banzaê,2902658,ABREE,PEV fixo,Ativo,19/10/2021
3532843-000,2023,SP,Nova Canaa Paulista,3532843,ABREE,PEV fixo,Ativo,11/09/2020
3304557-111,2023,RJ,Rio de Janeiro,3304557,ABREE,PEV fixo,Ativo,07/02/2021
4313086-000,2023,RS,NOVA PÁDUA,4313086,Green Eletron,PEV fixo,Ativo,10/07/2020
3550308-240,2023,SP,Sao Paulo,3550308,Green Eletron,PEV fixo,Ativo,15/05/2021
3550308-331,2023,SP,São Paulo,3550308,ABREE,Ponto de consolidação,Ativo,09/10/2023
4205407-014,2023,SC,Florianópolis,4205407,ABREE,PEV fixo,Ativo,08/07/2019
4106902-042,2023,PR,Curitiba,4106902,Sistema individual,Ponto de consolidação,Ativo,10/03/2021
3550308-161,2023,SP,São Paulo,3550308,Green Eletron,PEV fixo,Ativo,12/12/2020
4106902-035,2023,PR,Curitiba,4106902,ABREE,PEV fixo,Ativo,23/05/2021
5106216-000,2023,MT,NOVA CANAÃ DO NORTE,5106216,ABREE,PEV fixo,Ativo,26/10/2019
3550308-078,2023,SP,SÃO PAULO,3550308,Green Eletron,PEV fixo,Ativo,21/01/2019
4106902-039,2023,PR,Curitiba,4106902,ABREE,PEV fixo,Ativo,02/10/2021
4309100-000,2023,RS,Gramado,4309100,Green Eletron,PEV fixo,Ativo,08/09/2021
3300308-003,2023,RJ,Barra do Piraí,3300308,Sistema individual,PEV fixo,Ativo,14/09/2019
3106200-171,2023,MG,Belo Horizonte,3106200,ABREE,PEV fixo,Ativo,21/12/2022
4125803-000,2023,PR,São Pedro do Ivaí,4125803,ABREE,PEV fixo,Ativo,07/07/2022
1600402-001,2023,AP,Mazagão,1600402,Green Eletron,PEV fixo,Ativo,18/12/2022
4218905-000,2023,SC,URUBICI,4218905,ABREE,PEV fixo,Ativo,25/10/2020
3162922-000,2023,MG,SÃO JOAQUIM DE BICAS,3162922,ABREE,PEV fixo,Ativo,27/02/2022
2111300-007,2023,MA,São Luís,,Green Eletron,PEV fixo,Ativo,19/07/2019
3550308-150,2023,SP,SÃO PAULO,3550308,Sistema individual,Campanha itinerante,Ativo,11/12/2020
2611606-089,2023,PE,  Recife ,2611606,Green Eletron,PEV fixo,Ativo,08/11/2023
3556206-000,2023,SP,Valinhos,3556206,ABREE,PEV fixo,Ativo,20/07/2020
2408102-010,2023,RN,Natal,2408102,ABREE,PEV fixo,Ativo,15/08/2021
3550308-253,2023,SP,São Paulo,3550308,Green Eletron,PEV fixo,Ativo,20/02/2022
2602902-004,2023,PE,CABO DE SANTO AGOSTINHO,2602902,Sistema individual,PEV fixo,Ativo,01/03/2020
3501608-002,2023,SP,Americana,3501608,ABREE,Ponto de consolidação,Ativo,23/05/2023
2301604-002,2023,CE,  Assaré ,2301604,ABREE,PEV fixo,Ativo,21/09/2020
3106200-155,2023,MG,BELO HORIZONTE,3106200,Green Eletron,PEV fixo,Ativo,08/06/2021
1501402-007,2023,PA,BELÉM,1501402,ABREE,PEV fixo,Ativo,25/11/2020
3527801-002,2023,SP,Lupércio,3527801,Green Eletron,PEV fixo,Ativo,17/01/2021
4314902-132,2023,RS,PORTO ALEGRE,4314902,ABREE,PEV fixo,Ativo,20/04/2023
3549904-002,2023,SP,Sao Jose dos Campos,3549904,ABREE,PEV fixo,Ativo,27/12/2020
2111300-076,2023,MA,São Luís,2111300,ABREE,PEV fixo,Ativo,06/12/2022
3205309-022,2023,ES,Vitória,3205309,ABREE,Ponto de consolidação,Ativo,09/03/2023
1302306-000,2023,AM,Jutaí,1302306,ABREE,PEV fixo,Ativo,27/09/2019
1100205-007,2023,RO,PORTO VELHO,1100205,ABREE,PEV fixo,Ativo,11/02/2022
2106607-000,2023,MA,Matões,2106607,Green Eletron,PEV fixo,Ativo,21/01/2021
4100400-000,2023,PR,Almirante Tamandare,4100400,ABREE,Ponto de consolidação,Ativo,13/03/2023
2204659-000,2023,PI,Ilha Grande,2204659,Green Eletron,PEV fixo,Ativo,17/06/2022
3304557-195,2023,RJ,Rio de Janeiro,3304557,ABREE,PEV fixo,Ativo,23/11/2023
2918555-001,2023,BA,JUSSARI,2918555,ABREE,PEV fixo,Ativo,25/05/2023
3503703-007,2023,SP,Ariranha,3503703,Sistema individual,PEV fixo,Ativo,09/10/2023
5100250-000,2023,MT,ALTA FLORESTA,5100250,Green Eletron,PEV fixo,Ativo,24/06/2022
2102408-000,2023,MA,Cajapió,2102408,Green Eletron,PEV fixo,Ativo,17/07/2019
5106281-000,2023,MT,NOVO SÃO JOAQUIM,5106281,ABREE,PEV fixo,Ativo,04/10/2022
4206603-000,2023,SC,Guarujá do Sul,4206603,Green Eletron,Ponto de consolidação,Ativo,20/10/2019
1505601-003,2023,PA,Peixe-Boi,1505601,Green Eletron,PEV fixo,Ativo,19/12/2023
3515608-000,2023,SP,Fernando Prestes,3515608,ABREE,PEV fixo,Ativo,22/06/2020
3544004-003,2023,SP,Rio das Pedras,3544004,ABREE,PEV fixo,Ativo,21/11/2022
2927408-140,2023,BA,Salvador,2927408,Sistema individual,PEV fixo,Ativo,10/05/2023
3304557-073,2023,RJ,Rio de Janeiro,3304557,ABREE,PEV fixo,Ativo,04/12/2021
1507151-005,2023,PA,São Domingos do Araguaia,1507151,Green Eletron,PEV fixo,Ativo,13/07/2022
1716109-000,2023,TO,Paraiso do Tocantins,1716109,Green Eletron,PEV fixo,Ativo,14/06/2019
2300754-000,2023,CE,AMONTADA,2300754,ABREE,PEV fixo,Ativo,22/01/2022
2107258-000,2023,MA,Nova Colinas,2107258,ABREE,PEV fixo,Ativo,16/03/2019
2905602-000,2023,BA,Camacan,2905602,ABREE,PEV fixo,Ativo,07/12/2020
2611606-084,2023,PE,Recife,2611606,ABREE,PEV fixo,Ativo,05/02/2023
2922656-005,2023,BA,Nordestina,2922656,ABREE,PEV fixo,Ativo,14/11/2022
2611606-027,2023,PE,Recife,2611606,ABREE,PEV fixo,Ativo,18/11/2020
4205407-077,2023,SC,  Florianópolis ,4205407,ABREE,PEV fixo,Ativo,18/06/2022
4314902-144,2023,RS,PORTO ALEGRE,4314902,Sistema individual,PEV fixo,Ativo,26/12/2023
2610103-004,2023,PE,Palmeirina,2610103,Sistema individual,PEV fixo,Ativo,18/11/2023
5107206-000,2023,MT,  Rio Branco ,5107206,ABREE,PEV fixo,Ativo,06/06/2019
4218855-000,2023,SC,Uniao do Oeste,4218855,Green Eletron,PEV fixo,Ativo,22/05/2021
3550308-329,2023,SP,SÃO PAULO,3550308,ABREE,PEV fixo,Ativo,27/08/2023
3541653-001,2023,SP,Quadra,3541653,ABREE,PEV fixo,Ativo,19/07/2020
3141801-000,2023,MG,  Minas Novas ,3141801,Green Eletron,PEV fixo,Ativo,25/08/2023
4109906-000,2023,PR,Icaraíma,4109906,Green Eletron,PEV fixo,Ativo,10/08/2020
2611606-011,2023,PE,  Recife ,2611606,Green Eletron,PEV fixo,Ativo,16/10/2020
1700301-000,2023,TO,AGUIARNÓPOLIS,1700301,ABREE,PEV fixo,Ativo,15/01/2023
3106200-068,2023,MG,Belo Horizonte,3106200,ABREE,Campanha itinerante,Ativo,09/12/2020
3108701-000,2023,MG,BRÁS PIRES,3108701,ABREE,Ponto de consolidação,Ativo,27/10/2022
3513009-002,2023,SP,Cotia,3513009,Green Eletron,PEV fixo,Ativo,21/07/2019
3550308-238,2023,SP,São Paulo,3550308,ABREE,PEV fixo,Ativo,04/01/2021
2704302-000,2023,AL,MACEIÓ,2704302,ABREE,PEV fixo,Ativo,24/02/2020
3106200-011,2023,MG,Belo Horizonte,3106200,Green Eletron,PEV fixo,Ativo,21/01/2020
3515129-001,2023,SP,Emilianópolis,3515129,Green Eletron,PEV fixo,Ativo,16/07/2023
2314003-000,2023,CE,Varzea Alegre,2314003,ABREE,PEV fixo,Ativo,04/01/2020
2108058-000,2023,MA,PAULINO NEVES,2108058,Sistema individual,Ponto de consolidação,Ativo,22/06/2021
2610707-000,2023,PE,Paulista,2610707,ABREE,PEV fixo,Ativo,19/02/2023
4102703-000,2023,PR,Barra do Jacare,4102703,Green Eletron,PEV fixo,Ativo,09/12/2022
2507507-001,2023,PB,  João Pessoa ,2507507,ABREE,PEV fixo,Ativo,06/12/2019
3106200-149,2023,MG,Belo Horizonte,3106200,ABREE,PEV fixo,Ativo,15/04/2021
4314902-028,2023,RS,PORTO ALEGRE,4314902,ABREE,PEV fixo,Ativo,02/12/2020
5107792-000,2023,MT,Santo Antônio do Leste,5107792,Sistema individual,PEV fixo,Ativo,15/01/2020
3106200-060,2023,MG,Belo Horizonte,3106200,ABREE,Campanha itinerante,Ativo,18/03/2020
3550308-096,2023,SP,SÃO PAULO,3550308,Green Eletron,PEV fixo,Ativo,25/10/2019
5208707-018,2023,GO,Goiania,5208707,ABREE,PEV fixo,Ativo,10/06/2022
3549706-006,2023,SP,SÃO JOSÉ DO RIO PARDO,3549706,ABREE,PEV fixo,Ativo,26/03/2023
2902609-000,2023,BA,Baixa Grande,2902609,Green Eletron,PEV fixo,Ativo,04/07/2019
3511300-000,2023,SP,CEDRAL,3511300,Green Eletron,Ponto de consolidação,Ativo,10/05/2020
3106200-051,2023,MG,Belo Horizonte,3106200,ABREE,PEV fixo,Ativo,17/01/2020
5002704-012,2023,MS,Campo Grande,5002704,Green Eletron,PEV fixo,Ativo,09/10/2023
2111300-086,2023,MA,SÃO LUÍS,2111300,Green Eletron,Ponto de consolidação,Ativo,28/05/2022
2304400-046,2023,CE,Fortaleza,2304400,Green Eletron,PEV fixo,Ativo,15/05/2020
3106200-174,2023,MG,BELO HORIZONTE,3106200,Green Eletron,PEV fixo,Ativo,11/10/2022
4303905-000,2023,RS,Campo Bom,4303905,ABREE,PEV fixo,Ativo,11/10/2019
3115003-000,2023,MG,Cascalho Rico,3115003,ABREE,Ponto de consolidação,Ativo,11/06/2022
2507101-000,2023,PB,Itapororoca,2507101,Sistema individual,PEV fixo,Ativo,27/04/2022
4114609-000,2023,PR,Marechal Cândido Rondon,4114609,ABREE,PEV fixo,Ativo,23/05/2021
2928505-000,2023,BA,SANTA TERESINHA,2928505,ABREE,PEV fixo,Ativo,13/08/2022
3532009-013,2023,SP,Morungaba,3532009,Green Eletron,Ponto de consolidação,Ativo,22/02/2022
3106200-266,2023,MG,Belo Horizonte,3106200,Green Eletron,PEV fixo,Ativo,01/08/2023
2611606-061,2023,PE,  Recife ,2611606,ABREE,PEV fixo,Ativo,02/09/2022
5200258-000,2023,GO,Águas Lindas de Goiás,5200258,Green Eletron,PEV fixo,Ativo,18/02/2021
4314902-070,2023,RS,Porto Alegre,,Green Eletron,PEV fixo,Ativo,14/08/2021
5300108-094,2023,DF,Brasília,5300108,ABREE,PEV fixo,Ativo,13/10/2023
1721000-004,2023,TO,Palmas,1721000,ABREE,PEV fixo,Ativo,17/09/2020
2601508-001,2023,PE,Belem de Maria,2601508,ABREE,PEV fixo,Ativo,24/10/2023
3301207-003,2023,RJ,Carmo,3301207,Green Eletron,PEV fixo,Ativo,16/07/2023
2927408-072,2023,BA,Salvador,2927408,Green Eletron,PEV fixo,Ativo,24/01/2020
2611606-049,2023,PE,Recife,2611606,ABREE,PEV fixo,Ativo,17/07/2021
2927408-034,2023,BA,Salvador,2927408,Sistema individual,PEV fixo,Ativo,08/09/2019
3503703-004,2023,SP,Ariranha,3503703,Green Eletron,Ponto de consolidação,Ativo,04/10/2021
3125200-000,2023,MG,FAMA,3125200,ABREE,PEV fixo,Ativo,11/02/2022
1301951-003,2023,AM,Itamarati,1301951,Green Eletron,PEV fixo,Ativo,02/05/2021
3304557-023,2023,RJ,Rio de Janeiro,3304557,Green Eletron,PEV fixo,Ativo,16/08/2020
3550308-190,2023,SP,Sao Paulo,3550308,Green Eletron,PEV fixo,Ativo,13/01/2021
3300605-000,2023,RJ,BOM JESUS DO ITABAPOANA,3300605,Green Eletron,Campanha itinerante,Ativo,22/11/2021
3304508-000,2023,RJ,Rio das Flores,3304508,Green Eletron,PEV fixo,Ativo,09/02/2020
3531407-000,2023,SP,MONTE APRAZÍVEL,3531407,ABREE,PEV fixo,Ativo,26/06/2020
3531803-000,2023,SP,Monte Mor,3531803,Green Eletron,PEV fixo,Ativo,16/06/2020
3130408-001,2023,MG,Ijaci,3130408,Green Eletron,PEV fixo,Ativo,24/04/2020
3550308-099,2023,SP,SÃO PAULO,3550308,Green Eletron,Campanha itinerante,Ativo,22/07/2019
3550308-165,2023,SP,São Paulo,3550308,ABREE,PEV fixo,Ativo,11/01/2020
2901908-001,2023,BA,Aporá,2901908,ABREE,PEV fixo,Ativo,11/03/2021
3111101-000,2023,MG,Campina Verde,3111101,ABREE,PEV fixo,Ativo,03/07/2022
3515194-002,2023,SP,Espírito Santo do Turvo,3515194,Sistema individual,PEV fixo,Ativo,28/09/2021
4205407-016,2023,SC,Florianopolis,4205407,ABREE,PEV fixo,Ativo,09/05/2019
3106200-023,2023,MG,BELO HORIZONTE,3106200,Green Eletron,Campanha itinerante,Ativo,17/03/2020
4302204-000,2023,RS,BOA VISTA DO BURICÁ,4302204,ABREE,PEV fixo,Ativo,11/07/2023
3546702-000,2023,SP,SANTA GERTRUDES,3546702,ABREE,PEV fixo,Ativo,16/04/2023
3126505-000,2023,MG,Francisco Badaró,3126505,ABREE,Ponto de consolidação,Inativo,15/10/2020
2610301-005,2023,PE,Paranatama,2610301,ABREE,Campanha itinerante,Ativo,22/08/2023
3106200-046,2023,MG,Belo Horizonte,3106200,ABREE,PEV fixo,Ativo,08/08/2020
1501204-010,2023,PA,  Baião ,1501204,ABREE,PEV fixo,Ativo,10/02/2022
2616183-001,2023,PE,Vertente do Lério,2616183,ABREE,Ponto de consolidação,Ativo,01/05/2019
1303502-000,2023,AM,PAUINI,1303502,ABREE,PEV fixo,Ativo,12/08/2023
2910107-000,2023,BA,Dom Basílio,2910107,ABREE,PEV fixo,Ativo,05/03/2019
2304400-035,2023,CE,FORTALEZA,2304400,ABREE,PEV fixo,Ativo,24/04/2020
5002308-000,2023,MS,Brasilandia,5002308,Sistema individual,PEV fixo,Ativo,17/04/2020
3124005-000,2023,MG,Ervália,3124005,Green Eletron,PEV fixo,Ativo,28/08/2021
2104008-000,2023,MA,Esperantinópolis,2104008,ABREE,PEV fixo,Ativo,24/03/2019
5219738-000,2023,GO,SANTO ANTÔNIO DE GOIÁS,5219738,ABREE,PEV fixo,Ativo,28/10/2020
3303302-009,2023,RJ,Niteroi,3303302,Green Eletron,Ponto de consolidação,Ativo,15/07/2022
5300108-055,2023,DF,Brasília,5300108,Green Eletron,PEV fixo,Ativo,03/04/2021
3304557-052,2023,RJ,Rio de Janeiro,3304557,Green Eletron,Ponto de consolidação,Ativo,13/12/2020
3549904-005,2023,SP,SÃO JOSÉ DOS CAMPOS,3549904,ABREE,PEV fixo,Ativo,11/11/2022
2616308-000,2023,PE,Vicência,2616308,Sistema individual,PEV fixo,Ativo,04/09/2022
1508126-000,2023,PA,Ulianópolis,1508126,Green Eletron,PEV fixo,Ativo,15/06/2019
4106902-040,2023,PR,Curitiba,4106902,ABREE,PEV fixo,Ativo,12/04/2021
1721000-001,2023,TO,PALMAS,1721000,ABREE,PEV fixo,Ativo,24/11/2019
3143104-000,2023,MG,Monte Carmelo,3143104,ABREE,PEV fixo,Ativo,06/05/2020
4314068-000,2023,RS,Passa Sete,4314068,ABREE,PEV fixo,Ativo,18/01/2020
1300805-002,2023,AM,BORBA,1300805,Green Eletron,PEV fixo,Ativo,11/10/2022
3148509-000,2023,MG,Pavão,3148509,Green Eletron,PEV fixo,Ativo,07/09/2021
4314902-116,2023,RS,Porto Alegre,4314902,Green Eletron,PEV fixo,Ativo,09/01/2022
4314902-089,2023,RS,PORTO ALEGRE,4314902,Green Eletron,PEV fixo,Ativo,06/07/2022
3304557-044,2023,RJ,RIO DE JANEIRO,3304557,ABREE,PEV fixo,Ativo,06/07/2020
3202405-001,2023,ES,Guarapari,3202405,ABREE,Ponto de consolidação,Ativo,07/06/2022
3304151-002,2023,RJ,QUISSAMÃ,3304151,ABREE,PEV fixo,Ativo,18/03/2021
3106200-204,2023,MG,BELO HORIZONTE,3106200,Green Eletron,PEV fixo,Ativo,24/11/2022
5108501-000,2023,MT,VERA,5108501,ABREE,PEV fixo,Ativo,04/05/2019
2706505-000,2023,AL,Passo de Camaragibe,2706505,Green Eletron,PEV fixo,Ativo,10/04/2021
3106200-269,2023,MG,Belo Horizonte,3106200,Green Eletron,PEV fixo,Ativo,19/12/2023
3106200-001,2023,MG,Belo Horizonte,3106200,ABREE,Ponto de consolidação,Ativo,03/07/2020
3529708-000,2023,SP,MIGUELÓPOLIS,3529708,Green Eletron,PEV fixo,Ativo,19/01/2021
5300108-044,2023,DF,Brasília,5300108,ABREE,Ponto de consolidação,Ativo,27/12/2020
3114006-000,2023,MG,Carmo da Mata,3114006,Green Eletron,PEV fixo,Ativo,12/04/2019
5204904-000,2023,GO,Campos Belos,5204904,Green Eletron,PEV fixo,Ativo,02/03/2023
3507704-000,2023,SP,  Braúna ,3507704,ABREE,PEV fixo,Ativo,22/11/2023
4106902-075,2023,PR,CURITIBA,4106902,Green Eletron,PEV fixo,Ativo,15/09/2023
1300029-005,2023,AM,Alvarães,1300029,Green Eletron,PEV fixo,Ativo,15/05/2021
4205704-001,2023,SC,Garopaba,4205704,Green Eletron,PEV fixo,Ativo,10/03/2022
3512902-000,2023,SP,Cosmorama,3512902,Green Eletron,PEV fixo,Ativo,06/02/2021
2904704-000,2023,BA,Buerarema,2904704,ABREE,PEV fixo,Ativo,09/08/2019
4100509-001,2023,PR,Altônia,4100509,Green Eletron,Ponto de consolidação,Ativo,10/03/2022
2930154-000,2023,BA,  Serra do Ramalho ,2930154,ABREE,PEV fixo,Ativo,08/01/2019
2502201-000,2023,PB,BOM JESUS,2502201,ABREE,PEV fixo,Ativo,18/01/2021
3142908-000,2023,MG,Monte Azul,3142908,Green Eletron,PEV fixo,Ativo,24/06/2020
3550308-068,2023,SP,São Paulo,3550308,Green Eletron,PEV fixo,Ativo,12/01/2019
2927408-122,2023,BA,Salvador,2927408,ABREE,PEV fixo,Ativo,13/08/2022
4106902-006,2023,PR,Curitiba,4106902,ABREE,Campanha itinerante,Ativo,15/03/2020
2800308-015,2023,SE,Aracaju,2800308,ABREE,PEV fixo,Ativo,27/07/2021
3205309-016,2023,ES,Vitoria,3205309,ABREE,PEV fixo,Ativo,08/12/2022
4310207-010,2023,RS,Ijui,4310207,ABREE,PEV fixo,Ativo,27/01/2022
3141108-000,2023,MG,Matozinhos,3141108,ABREE,PEV fixo,Ativo,08/07/2023
2211001-025,2023,PI,Teresina,2211001,Green Eletron,PEV fixo,Ativo,03/01/2023
3520905-000,2023,SP,Ipaussu,3520905,ABREE,PEV fixo,Ativo,22/07/2022
2305266-000,2023,CE,Ibaretama,2305266,ABREE,PEV fixo,Ativo,24/02/2021
3550308-236,2023,SP,Sao Paulo,3550308,Green Eletron,PEV fixo,Ativo,15/01/2021
2927408-062,2023,BA,Salvador,2927408,Green Eletron,PEV fixo,Ativo,01/11/2020
2304400-094,2023,CE,Fortaleza,2304400,ABREE,Campanha itinerante,Ativo,09/04/2023
2108801-000,2023,MA,Pirapemas,2108801,Green Eletron,PEV fixo,Ativo,07/02/2021
2913507-000,2023,BA,Iguaí,2913507,Green Eletron,PEV fixo,Ativo,06/12/2019
5203559-000,2023,GO,Bonfinópolis,5203559,ABREE,Ponto de consolidação,Ativo,14/01/2021
4305439-000,2023,RS,Chuí,4305439,Green Eletron,PEV fixo,Ativo,09/04/2022
3149002-000,2023,MG,Pedra Dourada,3149002,ABREE,PEV fixo,Ativo,07/05/2019
2408102-013,2023,RN,Natal,2408102,Green Eletron,PEV fixo,Ativo,07/02/2021
3106200-061,2023,MG,BELO HORIZONTE,3106200,Sistema individual,PEV fixo,Ativo,10/02/2020
3300506-000,2023,RJ,BOM JARDIM,3300506,ABREE,Campanha itinerante,Ativo,21/08/2022
3302403-011,2023,RJ,  Macaé ,3302403,Green Eletron,PEV fixo,Ativo,08/06/2021
3303104-002,2023,RJ,Natividade,,ABREE,PEV fixo,Ativo,21/02/2023
3514205-000,2023,SP,Dolcinópolis,3514205,ABREE,PEV fixo,Ativo,14/03/2021
3153004-000,2023,MG,Pratinha,3153004,ABREE,PEV fixo,Ativo,02/01/2022
2507507-014,2023,PB,João Pessoa,2507507,ABREE,PEV fixo,Ativo,07/01/2022
2605459-000,2023,PE,Fernando de Noronha,2605459,ABREE,PEV fixo,Ativo,15/05/2020
3543204-001,2023,SP,  Ribeirão do Sul ,3543204,Green Eletron,PEV fixo,Ativo,25/05/2022
4102307-000,2023,PR,Balsa Nova,4102307,ABREE,PEV fixo,Ativo,21/02/2019
3165701-000,2023,MG,Senador Firmino,3165701,ABREE,Ponto de consolidação,Ativo,15/06/2023
4312203-000,2023,RS,MAXIMILIANO DE ALMEIDA,4312203,Green Eletron,PEV fixo,Ativo,26/06/2019
2917409-000,2023,BA,Jacaraci,2917409,Sistema individual,Campanha itinerante,Ativo,08/09/2023
2301307-000,2023,CE,  Araripe ,2301307,ABREE,Campanha itinerante,Ativo,05/03/2021
3115201-000,2023,MG,Conceição da Barra de Minas,3115201,ABREE,PEV fixo,Ativo,25/07/2019
3129004-000,2023,MG,GUIRICEMA,3129004,ABREE,PEV fixo,Ativo,10/09/2020
3130408-004,2023,MG,Ijaci,3130408,Sistema individual,PEV fixo,Ativo,02/01/2023
3304557-085,2023,RJ,Rio de Janeiro,3304557,ABREE,Ponto de consolidação,Ativo,28/04/2021
2611002-000,2023,PE,Petrolândia,2611002,Sistema individual,Campanha itinerante,Ativo,23/02/2022
2927408-020,2023,BA,SALVADOR,2927408,ABREE,PEV fixo,Ativo,05/05/2019
2609907-000,2023,PE,Ouricuri,2609907,ABREE,PEV fixo,Ativo,22/08/2019
3126000-000,2023,MG,Florestal,,ABREE,PEV fixo,Ativo,07/11/2020
3301108-017,2023,RJ,Cantagalo,3301108,ABREE,PEV fixo,Ativo,21/03/2022
4106902-003,2023,PR,CURITIBA,4106902,ABREE,PEV fixo,Ativo,02/12/2020
3300951-004,2023,RJ,COMENDADOR LEVY GASPARIAN,3300951,ABREE,PEV fixo,Ativo,09/02/2022
1703883-000,2023,TO,Carmolândia,1703883,ABREE,PEV fixo,Ativo,15/04/2021
3304557-189,2023,RJ,Rio de Janeiro,3304557,Green Eletron,PEV fixo,Ativo,15/02/2023
2505709-000,2023,PB,  Dona Inês ,2505709,ABREE,Campanha itinerante,Ativo,15/07/2020
5300108-088,2023,DF,Brasília,5300108,ABREE,PEV fixo,Ativo,03/09/2022
3304508-015,2023,RJ,Rio das Flores,3304508,ABREE,Ponto de consolidação,Ativo,24/04/2023
2111300-032,2023,MA,São Luís,2111300,Green Eletron,PEV fixo,Ativo,27/05/2020
3203007-000,2023,ES,Iúna,3203007,ABREE,PEV fixo,Ativo,26/05/2020
3134103-000,2023,MG,ITUETA,3134103,ABREE,PEV fixo,Ativo,17/08/2021
4125605-000,2023,PR,São Mateus do Sul,4125605,ABREE,PEV fixo,Ativo,26/04/2021
2111300-083,2023,MA,SÃO LUÍS,2111300,Sistema individual,PEV fixo,Inativo,06/08/2022
2300705-003,2023,CE,Alto Santo,2300705,Green Eletron,PEV fixo,Ativo,15/09/2020
2300606-000,2023,CE,Altaneira,2300606,Green Eletron,PEV fixo,Ativo,09/06/2021
4106902-063,2023,PR,Curitiba,4106902,Green Eletron,PEV fixo,Ativo,05/10/2022
3508306-004,2023,SP,Cabralia Paulista,3508306,Green Eletron,PEV fixo,Ativo,25/03/2021
3106200-143,2023,MG,Belo Horizonte,3106200,ABREE,Ponto de consolidação,Ativo,08/08/2021
1508084-000,2023,PA,TUCUMÃ,1508084,ABREE,PEV fixo,Ativo,18/04/2019
2707206-000,2023,AL,Poço das Trincheiras,2707206,ABREE,PEV fixo,Ativo,13/11/2020
2403806-001,2023,RN,Florânia,2403806,Green Eletron,Ponto de consolidação,Ativo,12/10/2023
3160207-005,2023,MG,Santo Antônio do Itambé,3160207,Green Eletron,Ponto de consolidação,Ativo,13/06/2020
2302107-003,2023,CE,Baturité,2302107,Sistema individual,PEV fixo,Ativo,21/04/2020
3550308-157,2023,SP,  São Paulo ,3550308,ABREE,PEV fixo,Ativo,05/04/2020
3510708-002,2023,SP,CARDOSO,3510708,ABREE,PEV fixo,Ativo,06/07/2022
2111300-096,2023,MA,SÃO LUÍS,2111300,Green Eletron,PEV fixo,Ativo,28/01/2023
3142502-000,2023,MG,Monjolos,3142502,Green Eletron,PEV fixo,Ativo,28/06/2021
3552551-000,2023,SP,Suzanápolis,3552551,ABREE,PEV fixo,Ativo,09/12/2021
4314902-106,2023,RS,Porto Alegre,4314902,ABREE,PEV fixo,Ativo,18/01/2022
3538808-034,2023,SP,PIRAJU,3538808,Green Eletron,PEV fixo,Ativo,03/10/2023
3550308-135,2023,SP,SÃO PAULO,3550308,Green Eletron,PEV fixo,Ativo,07/04/2020
5300108-015,2023,DF,Brasilia,5300108,ABREE,PEV fixo,Ativo,16/03/2019
3300308-006,2023,RJ,BARRA DO PIRAÍ,3300308,Green Eletron,Campanha itinerante,Ativo,06/09/2021
2413706-000,2023,RN,Sítio Novo,2413706,Green Eletron,Campanha itinerante,Ativo,18/01/2020
3550308-322,2023,SP,São Paulo,3550308,Green Eletron,PEV fixo,Ativo,01/11/2023
3503703-000,2023,SP,Ariranha,3503703,ABREE,PEV fixo,Ativo,14/03/2020
3160108-001,2023,MG,  Santo Antônio do Grama ,3160108,Green Eletron,PEV fixo,Ativo,07/12/2022
3302403-003,2023,RJ,Macaé,3302403,ABREE,PEV fixo,Ativo,20/12/2019
4316758-000,2023,RS,SANTA CLARA DO SUL,4316758,ABREE,PEV fixo,Ativo,18/04/2023
2111300-094,2023,MA,SÃO LUÍS,2111300,Green Eletron,PEV fixo,Ativo,07/09/2022
2610301-002,2023,PE,Paranatama,2610301,ABREE,PEV fixo,Ativo,13/09/2021
3116803-000,2023,MG,COLUNA,3116803,ABREE,Ponto de consolidação,Ativo,09/09/2020
2927408-046,2023,BA,SALVADOR,2927408,ABREE,PEV fixo,Ativo,26/04/2020
3543204-002,2023,SP,Ribeirão do Sul,3543204,ABREE,PEV fixo,Ativo,05/05/2023
2111300-048,2023,MA,São Luís,2111300,Green Eletron,Campanha itinerante,Ativo,10/08/2020
3106002-000,2023,MG,Bela Vista de Minas,3106002,Green Eletron,PEV fixo,Ativo,05/07/2021
3525201-005,2023,SP,Jarinu,3525201,ABREE,PEV fixo,Ativo,16/11/2021
3168309-000,2023,MG,Taquaraçu de Minas,3168309,ABREE,Campanha itinerante,Ativo,18/02/2019
2304400-042,2023,CE,Fortaleza,2304400,ABREE,PEV fixo,Ativo,04/09/2020
2303931-000,2023,CE,CHORÓ,2303931,ABREE,PEV fixo,Ativo,10/10/2022
4315131-000,2023,RS,POUSO NOVO,4315131,ABREE,PEV fixo,Ativo,23/08/2019
3550308-009,2023,SP,São Paulo,3550308,Green Eletron,Campanha itinerante,Ativo,15/02/2019
3106408-000,2023,MG,BELO VALE,3106408,Green Eletron,Ponto de consolidação,Ativo,08/06/2023
3106200-147,2023,MG,Belo Horizonte,,ABREE,PEV fixo,Ativo,27/11/2021
3301108-020,2023,RJ,Cantagalo,3301108,Green Eletron,PEV fixo,Ativo,08/10/2022
2919157-000,2023,BA,Lapao,2919157,Sistema individual,PEV fixo,Ativo,21/12/2022
2927408-029,2023,BA,Salvador,2927408,ABREE,PEV fixo,Ativo,24/07/2019
3170305-000,2023,MG,Umburatiba,3170305,Green Eletron,PEV fixo,Ativo,15/08/2019
3301405-003,2023,RJ,Conceicao de Macabu,3301405,ABREE,PEV fixo,Ativo,11/04/2019
3107604-000,2023,MG,Bom Jesus da Penha,3107604,Green Eletron,Campanha itinerante,Ativo,08/11/2022
3550308-092,2023,SP,São Paulo,3550308,Green Eletron,PEV fixo,Ativo,24/06/2019
3550308-260,2023,SP,São Paulo,3550308,Green Eletron,Campanha itinerante,Ativo,07/06/2022
1400704-000,2023,RR,Uiramutã,1400704,ABREE,PEV fixo,Ativo,18/08/2023
3549250-000,2023,SP,São João de Iracema,3549250,Sistema individual,Campanha itinerante,Ativo,23/09/2019
4205407-022,2023,SC,Florianópolis,4205407,ABREE,PEV fixo,Ativo,18/10/2019
5208707-008,2023,GO,Goiânia,5208707,ABREE,PEV fixo,Ativo,22/04/2020
3114600-000,2023,MG,CARRANCAS,3114600,ABREE,PEV fixo,Ativo,15/06/2020
3539301-002,2023,SP,Pirassununga,3539301,Green Eletron,PEV fixo,Ativo,14/07/2022
2903235-002,2023,BA,BARRO ALTO,2903235,ABREE,PEV fixo,Ativo,24/07/2022
4314902-133,2023,RS,Porto Alegre,4314902,Sistema individual,PEV fixo,Ativo,26/07/2023
3304508-010,2023,RJ,Rio das Flores,3304508,ABREE,PEV fixo,Ativo,04/07/2022
4108007-000,2023,PR,Florestópolis,4108007,ABREE,PEV fixo,Ativo,07/09/2023
2800308-011,2023,SE,Aracaju,2800308,ABREE,PEV fixo,Ativo,10/11/2020
3106200-146,2023,MG,Belo Horizonte,3106200,Green Eletron,Campanha itinerante,Ativo,26/10/2021
2207850-000,2023,PI,Pavussu,2207850,Green Eletron,PEV fixo,Ativo,01/11/2022
5102678-000,2023,MT,  Campo Verde ,5102678,Green Eletron,Campanha itinerante,Ativo,10/06/2019
3500600-003,2023,SP,ÁGUAS DE SÃO PEDRO,3500600,Green Eletron,PEV fixo,Ativo,24/10/2022
2304400-024,2023,CE,Fortaleza,2304400,ABREE,PEV fixo,Ativo,08/04/2019
4205407-050,2023,SC,Florianópolis,4205407,ABREE,PEV fixo,Ativo,10/10/2021
4313334-003,2023,RS,Nova Ramada,4313334,ABREE,PEV fixo,Ativo,15/05/2021
3522901-002,2023,SP,Itapui,3522901,Green Eletron,PEV fixo,Ativo,15/07/2022
1503093-003,2023,PA,Goianésia do Pará,1503093,ABREE,PEV fixo,Ativo,08/04/2023
3544103-000,2023,SP,Rio Grande da Serra,3544103,ABREE,PEV fixo,Ativo,01/06/2021
3550308-064,2023,SP,São Paulo,3550308,Sistema individual,Ponto de consolidação,Ativo,02/04/2019
3106200-110,2023,MG,Belo Horizonte,3106200,ABREE,PEV fixo,Ativo,03/06/2021
4314902-093,2023,RS,PORTO ALEGRE,4314902,Green Eletron,PEV fixo,Ativo,26/10/2022
2304400-012,2023,CE,Fortaleza,2304400,Green Eletron,PEV fixo,Ativo,06/12/2019
2104073-000,2023,MA,Feira Nova do Maranhão,2104073,ABREE,PEV fixo,Ativo,06/05/2021
2611606-070,2023,PE,RECIFE,2611606,ABREE,PEV fixo,Ativo,26/11/2022
3135605-001,2023,MG,  Jequitaí ,3135605,ABREE,PEV fixo,Ativo,13/02/2023
4314902-033,2023,RS,Porto Alegre,4314902,ABREE,PEV fixo,Ativo,04/03/2020
4205407-031,2023,SC,FLORIANÓPOLIS,4205407,ABREE,Ponto de consolidação,Ativo,27/12/2020
2903508-000,2023,BA,Belo Campo,2903508,ABREE,PEV fixo,Ativo,09/05/2020
2207306-000,2023,PI,Paes Landim,2207306,Green Eletron,PEV fixo,Ativo,04/06/2019
3304557-110,2023,RJ,Rio de Janeiro,3304557,ABREE,PEV fixo,Ativo,14/08/2021
2112605-001,2023,MA,Urbano Santos,2112605,ABREE,PEV fixo,Ativo,22/05/2023
3550308-072,2023,SP,São Paulo,3550308,Green Eletron,PEV fixo,Inativo,01/04/2019
1100205-008,2023,RO,Porto Velho,1100205,ABREE,PEV fixo,Ativo,17/07/2022
3305505-003,2023,RJ,Saquarema,3305505,Green Eletron,PEV fixo,Ativo,24/03/2023
2921401-000,2023,BA,MIRANGABA,2921401,Green Eletron,Ponto de consolidação,Ativo,11/06/2020
3106200-198,2023,MG,Belo Horizonte,3106200,ABREE,PEV fixo,Ativo,08/07/2022
2205706-000,2023,PI,Luís Correia,2205706,ABREE,Ponto de consolidação,Ativo,11/04/2020
3550308-084,2023,SP,SÃO PAULO,3550308,Green Eletron,PEV fixo,Ativo,15/05/2019
2709400-000,2023,AL,  Viçosa ,2709400,Green Eletron,Campanha itinerante,Ativo,17/10/2021
1100023-000,2023,RO,Ariquemes,1100023,ABREE,PEV fixo,Ativo,22/05/2021
5221700-000,2023,GO,Uruana,5221700,ABREE,PEV fixo,Ativo,03/09/2022
3106200-205,2023,MG,BELO HORIZONTE,3106200,Sistema individual,PEV fixo,Ativo,18/07/2022
4112702-000,2023,PR,JATAIZINHO,4112702,Green Eletron,PEV fixo,Ativo,08/06/2022
3302403-002,2023,RJ,Macaé,3302403,Green Eletron,PEV fixo,Ativo,25/07/2019
2306603-000,2023,CE,ITATIRA,2306603,Green Eletron,PEV fixo,Ativo,20/02/2019
2205953-000,2023,PI,Marcolândia,2205953,Green Eletron,PEV fixo,Inativo,10/08/2020
3550308-074,2023,SP,Sao Paulo,3550308,Green Eletron,PEV fixo,Ativo,20/01/2019
2707701-000,2023,AL,Rio Largo,2707701,ABREE,PEV fixo,Ativo,11/02/2022
2607505-000,2023,PE,ITAÍBA,2607505,Green Eletron,PEV fixo,Ativo,04/11/2019
3163805-000,2023,MG,  São Miguel do Anta ,3163805,ABREE,PEV fixo,Ativo,20/04/2019
3550308-023,2023,SP,SÃO PAULO,3550308,ABREE,Campanha itinerante,Ativo,07/06/2019
2211001-012,2023,PI,Teresina,2211001,ABREE,PEV fixo,Ativo,12/11/2020
3532306-003,2023,SP,  Natividade da Serra ,3532306,Green Eletron,PEV fixo,Ativo,08/07/2020
3304557-036,2023,RJ,Rio de Janeiro,3304557,Green Eletron,PEV fixo,Ativo,14/08/2020
3300258-000,2023,RJ,Arraial do Cabo,3300258,ABREE,PEV fixo,Ativo,04/03/2019
5212253-000,2023,GO,Lagoa Santa,5212253,Green Eletron,PEV fixo,Ativo,23/02/2019
3550308-132,2023,SP,Sao Paulo,3550308,ABREE,PEV fixo,Ativo,24/12/2020
2111300-087,2023,MA,Sao Luis,2111300,ABREE,PEV fixo,Ativo,08/12/2022
2305506-000,2023,CE,Iguatu,2305506,Green Eletron,PEV fixo,Ativo,01/10/2023
3550308-266,2023,SP,  São Paulo ,3550308,ABREE,PEV fixo,Ativo,18/10/2022
5300108-031,2023,DF,Brasília,5300108,ABREE,PEV fixo,Ativo,05/11/2020
2413102-000,2023,RN,Senador Elói de Souza,2413102,Sistema individual,PEV fixo,Ativo,07/12/2020
3532306-000,2023,SP,Natividade da Serra,3532306,Green Eletron,PEV fixo,Ativo,01/08/2020
2614501-000,2023,PE,Surubim,2614501,Green Eletron,Campanha itinerante,Ativo,23/02/2022
3549508-003,2023,SP,SÃO JOSÉ DA BELA VISTA,3549508,Sistema individual,PEV fixo,Ativo,10/11/2020
4314902-012,2023,RS,Porto Alegre,4314902,ABREE,PEV fixo,Ativo,11/05/2020
4127601-000,2023,PR,Tijucas do Sul,4127601,Green Eletron,PEV fixo,Ativo,11/02/2020
3204302-000,2023,ES,Presidente Kennedy,3204302,ABREE,PEV fixo,Ativo,23/01/2022
4106902-020,2023,PR,Curitiba,4106902,ABREE,PEV fixo,Ativo,01/03/2020
3550308-277,2023,SP,São Paulo,3550308,ABREE,PEV fixo,Ativo,11/04/2022
2901403-000,2023,BA,Angical,2901403,Green Eletron,PEV fixo,Ativo,21/05/2023
2611606-000,2023,PE,RECIFE,2611606,Green Eletron,PEV fixo,Ativo,14/09/2020
2501153-000,2023,PB,Areia de Baraúnas,2501153,ABREE,PEV fixo,Ativo,18/10/2020
3205309-021,2023,ES,Vitória,3205309,Green Eletron,PEV fixo,Ativo,06/07/2023
3532900-004,2023,SP,Nova Europa,3532900,Sistema individual,Ponto de consolidação,Ativo,01/01/2019
1705102-000,2023,TO,Chapada da Natividade,1705102,ABREE,Campanha itinerante,Ativo,06/12/2019
3169059-000,2023,MG,Tocos do Moji,3169059,ABREE,Ponto de consolidação,Ativo,16/02/2021
3503950-000,2023,SP,Aspasia,3503950,ABREE,PEV fixo,Ativo,18/12/2021
5221007-000,2023,GO,  Taquaral de Goiás ,5221007,Sistema individual,PEV fixo,Ativo,17/01/2022
4209706-000,2023,SC,Lebon Régis,4209706,Green Eletron,PEV fixo,Ativo,05/06/2020
3106200-199,2023,MG,Belo Horizonte,3106200,Green Eletron,PEV fixo,Ativo,03/11/2022
2932002-000,2023,BA,Uaua,2932002,Green Eletron,PEV fixo,Ativo,22/05/2020
4303608-000,2023,RS,CAMBARÁ DO SUL,4303608,Green Eletron,PEV fixo,Ativo,18/10/2022
3303302-006,2023,RJ,Niterói,3303302,ABREE,PEV fixo,Ativo,22/06/2021
3528007-002,2023,SP,Macatuba,3528007,ABREE,PEV fixo,Ativo,17/05/2023
4315206-001,2023,RS,Putinga,4315206,ABREE,Ponto de consolidação,Ativo,11/07/2022
1703867-000,2023,TO,CARIRI DO TOCANTINS,1703867,Green Eletron,PEV fixo,Ativo,04/10/2023
3514809-000,2023,SP,Eldorado,3514809,ABREE,PEV fixo,Ativo,21/04/2020
1501204-000,2023,PA,Baião,1501204,ABREE,PEV fixo,Ativo,23/03/2019
3300100-004,2023,RJ,ANGRA DOS REIS,3300100,Green Eletron,PEV fixo,Ativo,25/01/2022
3300308-007,2023,RJ,Barra do Pirai,3300308,ABREE,Ponto de consolidação,Ativo,07/11/2021
3553302-001,2023,SP,Tambau,3553302,ABREE,PEV fixo,Ativo,24/03/2022
5300108-057,2023,DF,Brasília,5300108,ABREE,PEV fixo,Ativo,21/05/2021
4315800-000,2023,RS,Roca Sales,4315800,ABREE,PEV fixo,Ativo,17/08/2019
3502606-002,2023,SP,Aparecida d'Oeste,3502606,ABREE,PEV fixo,Ativo,03/02/2023
1300029-000,2023,AM,ALVARÃES,1300029,ABREE,PEV fixo,Ativo,12/12/2019
3518503-000,2023,SP,Guarei,3518503,ABREE,PEV fixo,Ativo,23/11/2022
3532306-009,2023,SP,Natividade da Serra,3532306,Green Eletron,PEV fixo,Ativo,18/05/2023
3550308-038,2023,SP,São Paulo,3550308,ABREE,PEV fixo,Ativo,02/06/2019
2304400-062,2023,CE,Fortaleza,2304400,Green Eletron,PEV fixo,Ativo,10/06/2021
2211001-009,2023,PI,TERESINA,2211001,Green Eletron,PEV fixo,Ativo,26/12/2020
4314902-134,2023,RS,Porto Alegre,4314902,Green Eletron,Ponto de consolidação,Ativo,27/09/2023
1505700-003,2023,PA,Ponta de Pedras,1505700,ABREE,PEV fixo,Ativo,27/02/2022
3550308-263,2023,SP,  São Paulo ,3550308,Sistema individual,PEV fixo,Ativo,06/09/2022
4304663-000,2023,RS,Capão do Leão,4304663,ABREE,Campanha itinerante,Ativo,08/06/2022
4212106-000,2023,SC,Palmitos,4212106,ABREE,PEV fixo,Ativo,24/10/2019
3550308-066,2023,SP,São Paulo,3550308,ABREE,PEV fixo,Ativo,04/02/2019
3525607-004,2023,SP,João Ramalho,3525607,Green Eletron,PEV fixo,Ativo,19/04/2021
2500536-000,2023,PB,ALCANTIL,2500536,ABREE,PEV fixo,Ativo,12/10/2019
3106002-001,2023,MG,Bela Vista de Minas,3106002,Green Eletron,PEV fixo,Ativo,08/01/2022
4205407-020,2023,SC,Florianopolis,4205407,Sistema individual,Campanha itinerante,Ativo,24/06/2019
2927408-113,2023,BA,Salvador,2927408,ABREE,PEV fixo,Ativo,25/11/2022
4311791-000,2023,RS,Maratá,4311791,ABREE,PEV fixo,Ativo,15/11/2020
3550308-271,2023,SP,  São Paulo ,3550308,ABREE,PEV fixo,Ativo,22/07/2022
3503901-000,2023,SP,  Arujá ,3503901,ABREE,PEV fixo,Ativo,27/02/2019
3305802-000,2023,RJ,Teresópolis,3305802,Green Eletron,PEV fixo,Ativo,10/04/2022
3106200-158,2023,MG,Belo Horizonte,3106200,Green Eletron,Campanha itinerante,Ativo,21/02/2022
4211876-005,2023,SC,Paial,4211876,ABREE,PEV fixo,Ativo,02/10/2023
3507209-000,2023,SP,Borá,3507209,ABREE,Ponto de consolidação,Ativo,24/10/2020
3106200-256,2023,MG,  Belo Horizonte ,3106200,Green Eletron,Ponto de consolidação,Ativo,27/08/2023
3106200-016,2023,MG,Belo Horizonte,3106200,Green Eletron,Ponto de consolidação,Ativo,08/11/2020
3305307-011,2023,RJ,São Sebastião do Alto,3305307,Green Eletron,PEV fixo,Ativo,10/11/2021
3508108-000,2023,SP,BURITAMA,3508108,ABREE,PEV fixo,Ativo,16/06/2022
3106200-010,2023,MG,BELO HORIZONTE,3106200,ABREE,PEV fixo,Ativo,02/02/2020
2300705-002,2023,CE,ALTO SANTO,2300705,ABREE,PEV fixo,Ativo,24/02/2020
3152907-000,2023,MG,Pratápolis,3152907,Green Eletron,PEV fixo,Ativo,23/04/2022
2926707-000,2023,BA,RIO DE CONTAS,2926707,ABREE,PEV fixo,Ativo,16/05/2023
2922805-000,2023,BA,Nova Itarana,2922805,Green Eletron,PEV fixo,Ativo,11/07/2019
2517100-000,2023,PB,Várzea,2517100,Green Eletron,Campanha itinerante,Ativo,23/04/2021
3121308-000,2023,MG,Descoberto,3121308,Sistema individual,PEV fixo,Ativo,03/09/2020
4105508-000,2023,PR,Cianorte,4105508,Green Eletron,Ponto de consolidação,Ativo,11/11/2019
2304400-037,2023,CE,FORTALEZA,2304400,Green Eletron,PEV fixo,Ativo,18/05/2020
2807006-000,2023,SE,  São Miguel do Aleixo ,2807006,Green Eletron,PEV fixo,Ativo,27/04/2023
1501725-000,2023,PA,Brasil Novo,1501725,ABREE,PEV fixo,Ativo,13/10/2021
2910305-000,2023,BA,  Elísio Medrado ,2910305,Green Eletron,PEV fixo,Ativo,09/05/2020
2615102-008,2023,PE,TEREZINHA,2615102,Green Eletron,PEV fixo,Ativo,17/04/2023
3550308-100,2023,SP,São Paulo,3550308,ABREE,PEV fixo,Ativo,09/03/2019
4108502-000,2023,PR,General Carneiro,4108502,ABREE,PEV fixo,Ativo,11/08/2023
4205407-026,2023,SC,Florianópolis,4205407,Green Eletron,PEV fixo,Ativo,09/11/2020
3106200-119,2023,MG,Belo Horizonte,3106200,ABREE,Campanha itinerante,Ativo,26/03/2021
3304557-134,2023,RJ,RIO DE JANEIRO,3304557,Green Eletron,PEV fixo,Ativo,25/10/2022
3304557-136,2023,RJ,Rio de Janeiro,3304557,ABREE,PEV fixo,Ativo,16/03/2022
2304400-007,2023,CE,Fortaleza,2304400,Green Eletron,PEV fixo,Ativo,17/09/2019
2930501-000,2023,BA,Serrinha,2930501,ABREE,Ponto de consolidação,Ativo,13/09/2021
5003900-000,2023,MS,Figueirão,5003900,ABREE,PEV fixo,Ativo,17/08/2021
5300108-087,2023,DF,Brasília,5300108,Green Eletron,PEV fixo,Ativo,12/02/2022
3106200-224,2023,MG,Belo Horizonte,3106200,Green Eletron,Ponto de consolidação,Ativo,06/12/2023
3550308-060,2023,SP,São Paulo,3550308,Green Eletron,PEV fixo,Ativo,06/10/2019
1300706-004,2023,AM,Boca do Acre,1300706,Sistema individual,PEV fixo,Ativo,16/05/2022
3302502-008,2023,RJ,MAGÉ,3302502,Green Eletron,PEV fixo,Ativo,02/12/2023
3503000-000,2023,SP,ARAMINA,3503000,ABREE,PEV fixo,Ativo,15/09/2022
2702702-000,2023,AL,Feliz Deserto,2702702,Green Eletron,PEV fixo,Ativo,14/06/2022
5221197-001,2023,GO,TEREZÓPOLIS DE GOIÁS,5221197,ABREE,PEV fixo,Ativo,03/08/2023
1200013-000,2023,AC,Acrelândia,1200013,ABREE,PEV fixo,Ativo,03/03/2021
3301405-008,2023,RJ,Conceição de Macabu,3301405,ABREE,PEV fixo,Ativo,19/01/2022
2515609-002,2023,PB,Serra da Raiz,2515609,ABREE,PEV fixo,Ativo,10/09/2023
3549508-005,2023,SP,São José da Bela Vista,3549508,Sistema individual,PEV fixo,Ativo,11/10/2021
3109709-000,2023,MG,Cachoeira de Minas,3109709,Green Eletron,PEV fixo,Ativo,19/02/2021
3529708-004,2023,SP,Miguelópolis,3529708,ABREE,PEV fixo,Ativo,21/08/2023
2703205-001,2023,AL,Igreja Nova,2703205,ABREE,PEV fixo,Ativo,18/07/2023
2302305-001,2023,CE,Bela Cruz,2302305,Sistema individual,Ponto de consolidação,Ativo,20/10/2022
3538808-035,2023,SP,PIRAJU,3538808,Green Eletron,Ponto de consolidação,Ativo,16/04/2023
3304557-151,2023,RJ,RIO DE JANEIRO,3304557,ABREE,Campanha itinerante,Ativo,01/03/2022
3554201-000,2023,SP,  Tejupá ,3554201,ABREE,PEV fixo,Ativo,23/11/2023
3540705-000,2023,SP,Porto Ferreira,3540705,ABREE,PEV fixo,Ativo,12/04/2021
4314902-138,2023,RS,Porto Alegre,4314902,ABREE,PEV fixo,Ativo,02/01/2023
3106200-012,2023,MG,Belo Horizonte,3106200,Green Eletron,Ponto de consolidação,Ativo,19/09/2020
3141504-000,2023,MG,Mendes Pimentel,3141504,Green Eletron,PEV fixo,Ativo,20/11/2021
3532108-000,2023,SP,Murutinga do Sul,3532108,Green Eletron,PEV fixo,Ativo,03/02/2020
2202059-000,2023,PI,CABECEIRAS DO PIAUÍ,2202059,ABREE,PEV fixo,Ativo,06/04/2023
3304557-170,2023,RJ,Rio de Janeiro,3304557,Green Eletron,PEV fixo,Ativo,26/10/2023
3304557-016,2023,RJ,Rio de Janeiro,3304557,ABREE,Campanha itinerante,Ativo,07/05/2020
3127339-001,2023,MG,GAMELEIRAS,3127339,Green Eletron,Campanha itinerante,Ativo,26/01/2021
3300308-008,2023,RJ,Barra do Piraí,3300308,Green Eletron,PEV fixo,Ativo,09/02/2022
2927408-094,2023,BA,Salvador,2927408,Green Eletron,PEV fixo,Ativo,01/10/2021
3127404-000,2023,MG,Gonçalves,3127404,Green Eletron,PEV fixo,Ativo,19/11/2023
1712454-000,2023,TO,  Luzinópolis ,1712454,Sistema individual,PEV fixo,Ativo,11/04/2021
3171071-000,2023,MG,VEREDINHA,3171071,ABREE,Ponto de consolidação,Ativo,16/07/2021
3205309-001,2023,ES,VITÓRIA,3205309,ABREE,PEV fixo,Ativo,21/01/2020
3302700-009,2023,RJ,Maricá,3302700,ABREE,PEV fixo,Ativo,05/07/2021
3106200-254,2023,MG,Belo Horizonte,3106200,ABREE,PEV fixo,Ativo,23/03/2023
3522802-000,2023,SP,Itaporanga,,ABREE,PEV fixo,Ativo,09/02/2022
3160207-009,2023,MG,Santo Antônio do Itambé,3160207,Sistema individual,PEV fixo,Ativo,27/05/2022
5213087-000,2023,GO,Minaçu,5213087,Sistema individual,PEV fixo,Ativo,25/04/2020
4106902-081,2023,PR,CURITIBA,4106902,Green Eletron,PEV fixo,Ativo,24/07/2023
2612604-000,2023,PE,Santa Maria da Boa Vista,2612604,ABREE,Ponto de consolidação,Ativo,06/11/2020
3529500-000,2023,SP,Mendonça,3529500,Green Eletron,PEV fixo,Ativo,20/08/2023
3555109-000,2023,SP,Tupi Paulista,3555109,ABREE,PEV fixo,Ativo,06/05/2020
3528007-000,2023,SP,Macatuba,3528007,ABREE,PEV fixo,Ativo,09/03/2022
3557006-000,2023,SP,Votorantim,3557006,Green Eletron,PEV fixo,Ativo,02/07/2020
3538907-000,2023,SP,PIRAJUÍ,3538907,ABREE,PEV fixo,Ativo,10/06/2023
4123808-000,2023,PR,Santa Izabel do Oeste,4123808,Green Eletron,PEV fixo,Ativo,21/01/2023
1508209-007,2023,PA,  Vigia ,1508209,Green Eletron,Campanha itinerante,Ativo,07/05/2021
3300308-001,2023,RJ,Barra do Piraí,3300308,Green Eletron,PEV fixo,Ativo,10/05/2019
3555703-000,2023,SP,  União Paulista ,3555703,Green Eletron,PEV fixo,Ativo,14/12/2023
5106158-000,2023,MT,Nova Bandeirantes,5106158,Green Eletron,PEV fixo,Ativo,25/09/2021
3106200-075,2023,MG,BELO HORIZONTE,3106200,Sistema individual,Ponto de consolidação,Ativo,21/09/2020
4314902-042,2023,RS,Porto Alegre,4314902,Sistema individual,Campanha itinerante,Ativo,02/01/2020
2516151-000,2023,PB,SOSSÊGO,2516151,Sistema individual,PEV fixo,Inativo,14/09/2021
1507755-000,2023,PA,Sapucaia,1507755,Green Eletron,PEV fixo,Ativo,11/06/2023
2104099-000,2023,MA,Formosa da Serra Negra,,ABREE,Ponto de consolidação,Ativo,16/06/2023
3538808-020,2023,SP,Piraju,3538808,ABREE,PEV fixo,Ativo,09/05/2021
3550308-183,2023,SP,SÃO PAULO,3550308,Sistema individual,PEV fixo,Ativo,12/06/2021
2112001-000,2023,MA,Tasso Fragoso,2112001,ABREE,PEV fixo,Ativo,01/12/2022
2614105-000,2023,PE,SERTÂNIA,2614105,ABREE,PEV fixo,Ativo,14/03/2019
5105259-000,2023,MT,  Lucas do Rio Verde ,5105259,ABREE,PEV fixo,Ativo,23/06/2021
3303005-001,2023,RJ,Miracema,3303005,ABREE,PEV fixo,Ativo,01/09/2022
3550308-295,2023,SP,São Paulo,3550308,Green Eletron,PEV fixo,Ativo,13/07/2022
2211001-020,2023,PI,Teresina,2211001,ABREE,PEV fixo,Ativo,16/09/2022
3545803-000,2023,SP,SANTA BÁRBARA D'OESTE,3545803,ABREE,PEV fixo,Ativo,26/05/2020
3106200-002,2023,MG,  Belo Horizonte ,3106200,ABREE,PEV fixo,Ativo,07/10/2020
2927408-005,2023,BA,SALVADOR,2927408,Green Eletron,PEV fixo,Ativo,07/12/2019
2927408-134,2023,BA,Salvador,2927408,Sistema individual,Campanha itinerante,Ativo,11/09/2023
2615102-007,2023,PE,TEREZINHA,2615102,ABREE,PEV fixo,Ativo,07/01/2022
5300108-054,2023,DF,Brasília,5300108,Green Eletron,Ponto de consolidação,Ativo,22/10/2021
3550308-149,2023,SP,São Paulo,3550308,ABREE,Ponto de consolidação,Ativo,20/05/2020
3541653-002,2023,SP,Quadra,3541653,Green Eletron,Ponto de consolidação,Ativo,20/11/2020
3106200-263,2023,MG,Belo Horizonte,,Green Eletron,PEV fixo,Ativo,11/07/2023
2408102-003,2023,RN,Natal,2408102,ABREE,Ponto de consolidação,Ativo,23/05/2020
4200101-000,2023,SC,ABELARDO LUZ,4200101,Green Eletron,PEV fixo,Ativo,27/01/2023
3302205-000,2023,RJ,Itaperuna,3302205,Green Eletron,Campanha itinerante,Ativo,22/01/2023
5107909-000,2023,MT,SINOP,5107909,Green Eletron,PEV fixo,Ativo,24/10/2019
1505700-004,2023,PA,PONTA DE PEDRAS,1505700,ABREE,PEV fixo,Ativo,08/12/2023
5205901-000,2023,GO,Corumbaiba,5205901,ABREE,Ponto de consolidação,Ativo,03/09/2020
4314902-020,2023,RS,Porto Alegre,4314902,Green Eletron,PEV fixo,Ativo,20/01/2020
3106200-226,2023,MG,Belo Horizonte,3106200,ABREE,PEV fixo,Ativo,04/09/2023
3530300-000,2023,SP,MIRASSOL,3530300,Green Eletron,PEV fixo,Ativo,24/12/2022
3550308-025,2023,SP,Sao Paulo,3550308,Green Eletron,PEV fixo,Ativo,07/06/2019
3129806-000,2023,MG,Ibirité,3129806,Green Eletron,PEV fixo,Ativo,06/03/2019
3304557-099,2023,RJ,Rio de Janeiro,3304557,Green Eletron,Campanha itinerante,Ativo,10/01/2021
1717503-000,2023,TO,PIUM,1717503,ABREE,PEV fixo,Ativo,21/03/2019
2802601-000,2023,SE,Gracho Cardoso,2802601,ABREE,PEV fixo,Ativo,28/12/2023
3514700-000,2023,SP,Echaporã,3514700,Green Eletron,PEV fixo,Ativo,17/06/2023
3130804-000,2023,MG,INGAÍ,3130804,Green Eletron,PEV fixo,Ativo,10/09/2022
3305752-001,2023,RJ,  Tanguá ,3305752,Green Eletron,Ponto de consolidação,Ativo,13/12/2020
2927408-003,2023,BA,Salvador,2927408,ABREE,PEV fixo,Ativo,23/07/2019
3508306-005,2023,SP,Cabralia Paulista,3508306,Green Eletron,Ponto de consolidação,Ativo,15/09/2022
4313953-000,2023,RS,Pantano Grande,4313953,ABREE,PEV fixo,Ativo,22/04/2019
2611606-021,2023,PE,RECIFE,2611606,ABREE,PEV fixo,Ativo,22/11/2020
2414407-000,2023,RN,Touros,2414407,ABREE,PEV fixo,Ativo,11/08/2022
2304004-000,2023,CE,Coreaú,2304004,Green Eletron,Campanha itinerante,Ativo,19/01/2019
2614105-003,2023,PE,Sertânia,2614105,Green Eletron,PEV fixo,Ativo,21/01/2022
2408102-017,2023,RN,NATAL,2408102,ABREE,PEV fixo,Ativo,10/09/2022
3525508-000,2023,SP,JOANÓPOLIS,3525508,Green Eletron,PEV fixo,Ativo,08/06/2022
3304557-069,2023,RJ,RIO DE JANEIRO,3304557,ABREE,Campanha itinerante,Ativo,25/02/2021
4207502-000,2023,SC,INDAIAL,4207502,ABREE,Campanha itinerante,Ativo,12/07/2020
2503506-000,2023,PB,Cacimba de Dentro,2503506,Green Eletron,PEV fixo,Ativo,10/09/2019
1303304-000,2023,AM,  Novo Aripuanã ,1303304,ABREE,PEV fixo,Ativo,13/07/2019
4314902-052,2023,RS,Porto Alegre,4314902,ABREE,PEV fixo,Ativo,14/11/2020
1501402-023,2023,PA,BELÉM,1501402,ABREE,Ponto de consolidação,Ativo,21/04/2022
3537404-001,2023,SP,Pereira Barreto,3537404,Green Eletron,PEV fixo,Ativo,08/09/2020
4315206-000,2023,RS,Putinga,4315206,ABREE,Campanha itinerante,Ativo,04/11/2019
1100205-001,2023,RO,Porto Velho,1100205,Green Eletron,PEV fixo,Ativo,15/05/2020
1501402-009,2023,PA,Belém,1501402,ABREE,Ponto de consolidação,Ativo,17/07/2020
3550308-214,2023,SP,  São Paulo ,3550308,ABREE,Ponto de consolidação,Ativo,09/12/2021
3106200-113,2023,MG,  Belo Horizonte ,3106200,Green Eletron,PEV fixo,Ativo,04/07/2021
2304400-070,2023,CE,Fortaleza,2304400,Green Eletron,Ponto de consolidação,Ativo,07/02/2021
2927408-031,2023,BA,Salvador,2927408,ABREE,PEV fixo,Ativo,23/02/2019
1100205-003,2023,RO,PORTO VELHO,1100205,Green Eletron,PEV fixo,Ativo,24/12/2020
4203501-000,2023,SC,Campo Erê,4203501,ABREE,PEV fixo,Ativo,19/11/2023
2608404-000,2023,PE,Jurema,2608404,ABREE,PEV fixo,Ativo,10/02/2019
4217956-000,2023,SC,Tigrinhos,4217956,ABREE,PEV fixo,Ativo,05/11/2019
3543253-000,2023,SP,Ribeirão Grande,3543253,ABREE,PEV fixo,Ativo,25/06/2021
5208152-000,2023,GO,GAMELEIRA DE GOIÁS,5208152,Green Eletron,PEV fixo,Ativo,21/02/2019
2917334-000,2023,BA,Iuiú,2917334,ABREE,PEV fixo,Ativo,07/01/2022
2909703-000,2023,BA,Cristópolis,2909703,Green Eletron,PEV fixo,Ativo,03/08/2023
3304557-101,2023,RJ,  Rio de Janeiro ,3304557,ABREE,PEV fixo,Ativo,12/07/2021
2923605-000,2023,BA,PARAMIRIM,2923605,Green Eletron,PEV fixo,Ativo,02/12/2019
2305209-000,2023,CE,Hidrolandia,2305209,ABREE,PEV fixo,Ativo,17/04/2019
2111300-011,2023,MA,São Luís,2111300,Green Eletron,PEV fixo,Ativo,10/11/2019
3160702-000,2023,MG,Santos Dumont,3160702,ABREE,Campanha itinerante,Ativo,16/04/2019
4314902-082,2023,RS,Porto Alegre,4314902,ABREE,PEV fixo,Ativo,01/06/2021
3544004-004,2023,SP,Rio das Pedras,3544004,Green Eletron,PEV fixo,Ativo,02/09/2023
4205407-080,2023,SC,  Florianópolis ,4205407,Green Eletron,PEV fixo,Ativo,24/04/2023
4301008-000,2023,RS,Arroio do Meio,4301008,Green Eletron,PEV fixo,Ativo,25/04/2019
4120507-000,2023,PR,Primeiro de Maio,4120507,Green Eletron,Campanha itinerante,Ativo,06/02/2021
2921708-000,2023,BA,MORRO DO CHAPÉU,2921708,Green Eletron,PEV fixo,Ativo,24/03/2021
4312658-000,2023,RS,  Não-Me-Toque ,4312658,Sistema individual,PEV fixo,Ativo,16/05/2019
3550308-332,2023,SP,SÃO PAULO,3550308,ABREE,PEV fixo,Ativo,02/11/2023
4314902-112,2023,RS,Porto Alegre,4314902,Green Eletron,PEV fixo,Ativo,18/10/2022
1502103-000,2023,PA,Cametá,1502103,Green Eletron,Ponto de consolidação,Ativo,14/10/2021
2605806-004,2023,PE,FREI MIGUELINHO,2605806,Green Eletron,PEV fixo,Ativo,01/01/2021
2613909-000,2023,PE,Serra Talhada,2613909,Green Eletron,PEV fixo,Ativo,28/08/2023
3304557-056,2023,RJ,RIO DE JANEIRO,3304557,ABREE,PEV fixo,Ativo,02/03/2020
3162658-000,2023,MG,  São João do Pacuí ,3162658,ABREE,PEV fixo,Ativo,08/12/2023
2304400-023,2023,CE,  Fortaleza ,2304400,ABREE,PEV fixo,Ativo,05/09/2019
4318408-000,2023,RS,São Jerônimo,4318408,ABREE,PEV fixo,Ativo,16/06/2021
3106200-274,2023,MG,Belo Horizonte,3106200,ABREE,PEV fixo,Ativo,13/03/2023
3302700-007,2023,RJ,Maricá,3302700,Green Eletron,PEV fixo,Ativo,25/12/2020
3532306-005,2023,SP,Natividade da Serra,3532306,Sistema individual,PEV fixo,Ativo,23/01/2021
3535606-000,2023,SP,  Paraibuna ,3535606,ABREE,PEV fixo,Ativo,17/07/2019
4306007-000,2023,RS,Crissiumal,4306007,Green Eletron,PEV fixo,Ativo,10/10/2019
3555109-006,2023,SP,  Tupi Paulista ,3555109,ABREE,PEV fixo,Ativo,03/01/2021
5006408-000,2023,MS,PEDRO GOMES,5006408,Green Eletron,PEV fixo,Ativo,12/01/2019
4210308-001,2023,SC,Major Vieira,4210308,Sistema individual,PEV fixo,Ativo,15/02/2023
3304557-106,2023,RJ,Rio de Janeiro,3304557,ABREE,PEV fixo,Ativo,11/12/2021
3505203-005,2023,SP,Bariri,3505203,ABREE,Campanha itinerante,Ativo,04/08/2021
1504059-000,2023,PA,MÃE DO RIO,1504059,ABREE,PEV fixo,Ativo,03/01/2022
4314902-064,2023,RS,Porto Alegre,4314902,ABREE,PEV fixo,Ativo,16/09/2021
4103453-000,2023,PR,Cafelândia,4103453,Green Eletron,PEV fixo,Ativo,26/05/2021
5300108-062,2023,DF,Brasília,5300108,ABREE,PEV fixo,Ativo,16/04/2021
3526506-000,2023,SP,Lavínia,3526506,Green Eletron,PEV fixo,Ativo,09/02/2023
4106902-051,2023,PR,Curitiba,4106902,Sistema individual,PEV fixo,Ativo,15/11/2022
1100080-000,2023,RO,Costa Marques,1100080,Green Eletron,PEV fixo,Ativo,01/01/2022
2804458-000,2023,SE,Nossa Senhora Aparecida,2804458,Green Eletron,PEV fixo,Ativo,23/07/2019
3141702-000,2023,MG,Mesquita,3141702,ABREE,PEV fixo,Ativo,18/06/2021
2408102-015,2023,RN,Natal,2408102,ABREE,PEV fixo,Ativo,07/06/2022
3128709-000,2023,MG,GUAXUPÉ,3128709,Green Eletron,PEV fixo,Ativo,16/05/2022
3304557-002,2023,RJ,Rio de Janeiro,3304557,Green Eletron,PEV fixo,Ativo,21/11/2020
3304144-003,2023,RJ,QUEIMADOS,3304144,Green Eletron,PEV fixo,Ativo,14/04/2022
3106200-236,2023,MG,Belo Horizonte,3106200,Green Eletron,Campanha itinerante,Ativo,27/01/2023
1300029-003,2023,AM,Alvaraes,1300029,Green Eletron,PEV fixo,Ativo,05/01/2020
3550308-172,2023,SP,São Paulo,3550308,ABREE,PEV fixo,Ativo,17/10/2020
4106902-053,2023,PR,Curitiba,4106902,ABREE,Ponto de consolidação,Ativo,25/05/2022
2610301-000,2023,PE,PARANATAMA,2610301,ABREE,PEV fixo,Ativo,23/05/2020
2313807-000,2023,CE,Uruburetama,2313807,ABREE,PEV fixo,Ativo,28/05/2021
3306156-000,2023,RJ,Varre-Sai,3306156,Green Eletron,PEV fixo,Ativo,24/09/2023
2927408-047,2023,BA,Salvador,2927408,Green Eletron,PEV fixo,Ativo,03/12/2020
3144706-001,2023,MG,Nova Era,3144706,Green Eletron,PEV fixo,Ativo,04/12/2023
2507002-000,2023,PB,ITAPORANGA,2507002,Green Eletron,PEV fixo,Ativo,05/03/2022
1500859-000,2023,PA,Anapu,1500859,Sistema individual,PEV fixo,Ativo,11/08/2020
3140159-000,2023,MG,Mário Campos,3140159,ABREE,PEV fixo,Ativo,09/12/2020
2604007-000,2023,PE,Carpina,2604007,Green Eletron,PEV fixo,Ativo,17/10/2019
2612000-000,2023,PE,Saire,2612000,Sistema individual,PEV fixo,Ativo,20/12/2019
3304557-011,2023,RJ,Rio de Janeiro,3304557,Green Eletron,PEV fixo,Ativo,14/02/2020
5300108-048,2023,DF,Brasília,5300108,ABREE,PEV fixo,Ativo,10/07/2020
2603603-000,2023,PE,Camutanga,2603603,ABREE,PEV fixo,Ativo,07/10/2019
3134905-000,2023,MG,Jacutinga,3134905,Sistema individual,PEV fixo,Ativo,12/01/2019
1508100-000,2023,PA,TUCURUÍ,1508100,ABREE,PEV fixo,Ativo,04/08/2023
3106200-191,2023,MG,BELO HORIZONTE,3106200,Sistema individual,PEV fixo,Ativo,15/02/2022
3204500-000,2023,ES,SANTA LEOPOLDINA,3204500,ABREE,Ponto de consolidação,Ativo,19/05/2019
4126405-000,2023,PR,Sertaneja,4126405,ABREE,PEV fixo,Ativo,04/09/2020
4205001-000,2023,SC,Dionísio Cerqueira,,ABREE,Campanha itinerante,Ativo,24/04/2019
3151503-000,2023,MG,  Piumhi ,3151503,ABREE,PEV fixo,Ativo,14/03/2022
3169307-001,2023,MG,Três Corações,3169307,Sistema individual,PEV fixo,Ativo,04/06/2020
1713601-000,2023,TO,Monte do Carmo,1713601,ABREE,PEV fixo,Ativo,03/01/2023
2933505-000,2023,BA,Wenceslau Guimarães,2933505,ABREE,Ponto de consolidação,Ativo,24/06/2020
2602902-000,2023,PE,Cabo de Santo Agostinho,2602902,Green Eletron,Campanha itinerante,Ativo,08/11/2019
2507507-003,2023,PB,JOÃO PESSOA,2507507,Green Eletron,Ponto de consolidação,Ativo,23/12/2019
3550308-134,2023,SP,  São Paulo ,3550308,Sistema individual,PEV fixo,Ativo,10/05/2020
3304557-161,2023,RJ,Rio de Janeiro,3304557,Green Eletron,PEV fixo,Inativo,17/09/2023
2309300-000,2023,CE,Nova Russas,,Green Eletron,PEV fixo,Ativo,25/07/2022
5105622-000,2023,MT,Mirassol d'Oeste,5105622,Sistema individual,PEV fixo,Ativo,16/11/2021
4314902-142,2023,RS,Porto Alegre,4314902,Sistema individual,Campanha itinerante,Ativo,22/08/2023
5300108-049,2023,DF,  Brasília ,5300108,ABREE,PEV fixo,Ativo,19/03/2020
3550308-315,2023,SP,São Paulo,3550308,Green Eletron,PEV fixo,Inativo,15/10/2022
3536505-001,2023,SP,Paulínia,3536505,Green Eletron,PEV fixo,Ativo,08/03/2022
3527801-003,2023,SP,Lupércio,3527801,ABREE,PEV fixo,Ativo,25/02/2022
5208707-013,2023,GO,GOIÂNIA,5208707,ABREE,PEV fixo,Ativo,12/07/2021
3301108-027,2023,RJ,Cantagalo,3301108,Green Eletron,Campanha itinerante,Ativo,16/11/2023
2511509-000,2023,PB,  Pilar ,2511509,ABREE,PEV fixo,Ativo,19/08/2022
2111300-054,2023,MA,SÃO LUÍS,2111300,Green Eletron,PEV fixo,Ativo,05/10/2021
3109204-000,2023,MG,  Buenópolis ,3109204,ABREE,PEV fixo,Ativo,21/08/2019
2204501-000,2023,PI,Guadalupe,2204501,Green Eletron,PEV fixo,Ativo,22/06/2022
5219357-000,2023,GO,SANTA ISABEL,5219357,ABREE,PEV fixo,Ativo,10/05/2020
4302055-000,2023,RS,BENJAMIN CONSTANT DO SUL,4302055,Green Eletron,Ponto de consolidação,Ativo,23/07/2022
3305307-001,2023,RJ,São Sebastião do Alto,3305307,Green Eletron,PEV fixo,Ativo,28/02/2019
2304400-053,2023,CE,Fortaleza,2304400,ABREE,Ponto de consolidação,Ativo,03/11/2021
2304400-081,2023,CE,Fortaleza,2304400,ABREE,PEV fixo,Ativo,17/04/2022
2105302-000,2023,MA,Imperatriz,2105302,Sistema individual,PEV fixo,Ativo,01/06/2022
2921203-000,2023,BA,Miguel Calmon,2921203,ABREE,PEV fixo,Ativo,12/08/2023
4311106-000,2023,RS,Jaguari,4311106,Green Eletron,PEV fixo,Ativo,19/08/2022
3542503-000,2023,SP,REGINÓPOLIS,3542503,Sistema individual,PEV fixo,Ativo,18/09/2023
3533908-002,2023,SP,Olímpia,3533908,Sistema individual,PEV fixo,Ativo,12/09/2023
2304400-077,2023,CE,Fortaleza,,ABREE,Ponto de consolidação,Ativo,13/06/2022
5300108-009,2023,DF,Brasília,5300108,ABREE,PEV fixo,Ativo,10/03/2019
3125507-000,2023,MG,SÃO GONÇALO DO RIO PRETO,3125507,Sistema individual,PEV fixo,Ativo,25/11/2020
2708006-000,2023,AL,Santana do Ipanema,2708006,ABREE,Ponto de consolidação,Ativo,03/09/2020
4103370-000,2023,PR,Brasilândia do Sul,4103370,ABREE,PEV fixo,Ativo,17/06/2021
3550308-152,2023,SP,  São Paulo ,3550308,Green Eletron,PEV fixo,Ativo,03/09/2020
2927408-142,2023,BA,Salvador,2927408,Green Eletron,PEV fixo,Ativo,15/07/2023
2933000-000,2023,BA,Valente,2933000,ABREE,PEV fixo,Ativo,05/11/2020
3500303-000,2023,SP,Aguai,3500303,Sistema individual,PEV fixo,Ativo,28/04/2021
3135308-000,2023,MG,Japaraíba,3135308,ABREE,PEV fixo,Ativo,02/06/2023
3300902-003,2023,RJ,Cambuci,3300902,Green Eletron,PEV fixo,Ativo,20/01/2021
3302908-005,2023,RJ,MIGUEL PEREIRA,3302908,Green Eletron,Campanha itinerante,Ativo,26/03/2022
3305752-007,2023,RJ,Tangua,3305752,Green Eletron,PEV fixo,Ativo,01/09/2022
2927408-105,2023,BA,Salvador,2927408,ABREE,PEV fixo,Ativo,24/07/2022
3305307-005,2023,RJ,São Sebastião do Alto,,ABREE,Campanha itinerante,Ativo,27/07/2020
3538808-027,2023,SP,Piraju,3538808,ABREE,PEV fixo,Ativo,28/03/2022
3304557-112,2023,RJ,Rio de Janeiro,3304557,ABREE,PEV fixo,Ativo,04/01/2021
2927408-098,2023,BA,Salvador,2927408,Green Eletron,PEV fixo,Ativo,25/05/2021
3550308-090,2023,SP,SÃO PAULO,3550308,Sistema individual,PEV fixo,Ativo,04/02/2019
4200408-001,2023,SC,Água Doce,4200408,Green Eletron,PEV fixo,Ativo,12/08/2023
4103800-000,2023,PR,Cambira,4103800,Green Eletron,PEV fixo,Ativo,16/07/2019
3549904-007,2023,SP,São José dos Campos,3549904,Green Eletron,PEV fixo,Ativo,17/04/2023
2927408-069,2023,BA,SALVADOR,2927408,ABREE,PEV fixo,Ativo,17/05/2020
2611606-085,2023,PE,Recife,2611606,Sistema individual,Campanha itinerante,Ativo,21/06/2023
2512309-000,2023,PB,Princesa Isabel,2512309,ABREE,PEV fixo,Ativo,09/03/2023
5201454-000,2023,GO,Aparecida do Rio Doce,5201454,ABREE,PEV fixo,Ativo,15/07/2022
4205407-068,2023,SC,Florianópolis,4205407,ABREE,PEV fixo,Ativo,19/12/2022
3106200-009,2023,MG,Belo Horizonte,3106200,Green Eletron,PEV fixo,Ativo,13/09/2020
2414456-000,2023,RN,Triunfo Potiguar,2414456,ABREE,Ponto de consolidação,Ativo,24/01/2020
2304400-067,2023,CE,Fortaleza,2304400,ABREE,Ponto de consolidação,Ativo,21/02/2021
3123528-001,2023,MG,Durandé,3123528,Green Eletron,PEV fixo,Ativo,28/06/2020
2927408-121,2023,BA,SALVADOR,2927408,ABREE,PEV fixo,Ativo,08/10/2022
3508405-000,2023,SP,Cabreúva,3508405,ABREE,PEV fixo,Ativo,22/01/2021
2301950-000,2023,CE,Barreira,2301950,ABREE,Campanha itinerante,Ativo,15/01/2020
3550308-013,2023,SP,São Paulo,3550308,ABREE,PEV fixo,Ativo,18/08/2019
3545100-000,2023,SP,Salmourão,3545100,Sistema individual,PEV fixo,Ativo,10/05/2022
4213708-000,2023,SC,Pouso Redondo,4213708,Green Eletron,PEV fixo,Ativo,08/11/2021
3545803-001,2023,SP,Santa Bárbara d'Oeste,3545803,Green Eletron,PEV fixo,Ativo,21/01/2021
3106200-228,2023,MG,Belo Horizonte,3106200,Green Eletron,PEV fixo,Ativo,09/03/2023
2921708-002,2023,BA,Morro do Chapéu,2921708,Sistema individual,PEV fixo,Ativo,21/02/2022
3305406-000,2023,RJ,Sapucaia,3305406,Green Eletron,PEV fixo,Ativo,28/01/2019
4201307-003,2023,SC,Araquari,4201307,ABREE,PEV fixo,Ativo,19/03/2022
2804201-000,2023,SE,Monte Alegre de Sergipe,2804201,Green Eletron,PEV fixo,Ativo,06/03/2022
3550308-287,2023,SP,São Paulo,3550308,ABREE,PEV fixo,Ativo,16/12/2022
4313334-001,2023,RS,NOVA RAMADA,4313334,Sistema individual,PEV fixo,Ativo,13/06/2019
2303402-000,2023,CE,Carnaubal,2303402,ABREE,PEV fixo,Ativo,11/06/2021
1703305-001,2023,TO,Bom Jesus do Tocantins,1703305,ABREE,Campanha itinerante,Ativo,16/04/2022
2927408-089,2023,BA,Salvador,2927408,Green Eletron,PEV fixo,Ativo,06/11/2021
3550308-124,2023,SP,São Paulo,3550308,ABREE,PEV fixo,Ativo,15/08/2020
2302800-000,2023,CE,Canindé,2302800,Sistema individual,PEV fixo,Ativo,20/05/2021
3550308-131,2023,SP,SÃO PAULO,3550308,Green Eletron,PEV fixo,Ativo,26/02/2020
5300108-001,2023,DF,BRASÍLIA,5300108,Green Eletron,PEV fixo,Ativo,17/12/2019
3303302-011,2023,RJ,Niterói,3303302,Sistema individual,PEV fixo,Ativo,18/01/2022
3530102-004,2023,SP,MIRANDÓPOLIS,3530102,Green Eletron,PEV fixo,Ativo,23/12/2022
3105707-000,2023,MG,Barra Longa,3105707,ABREE,PEV fixo,Ativo,15/02/2022
3545803-003,2023,SP,Santa Bárbara d'Oeste,3545803,ABREE,PEV fixo,Ativo,20/11/2023
4112959-000,2023,PR,JURANDA,4112959,Green Eletron,PEV fixo,Ativo,01/11/2020
1501402-012,2023,PA,Belém,1501402,ABREE,PEV fixo,Ativo,19/01/2021
2805901-000,2023,SE,Riachuelo,2805901,ABREE,PEV fixo,Ativo,26/12/2021
3150158-001,2023,MG,Piedade de Caratinga,3150158,ABREE,PEV fixo,Ativo,25/05/2022
3302700-005,2023,RJ,  Maricá ,3302700,Green Eletron,Campanha itinerante,Ativo,01/03/2019
5106232-000,2023,MT,Nova Olímpia,5106232,Sistema individual,PEV fixo,Ativo,09/03/2020
3130408-003,2023,MG,IJACI,3130408,ABREE,PEV fixo,Ativo,17/05/2022
4321352-000,2023,RS,Tavares,4321352,ABREE,PEV fixo,Ativo,22/11/2020
3304557-008,2023,RJ,RIO DE JANEIRO,3304557,Green Eletron,PEV fixo,Ativo,28/10/2020
2611606-092,2023,PE,Recife,2611606,Green Eletron,Ponto de consolidação,Ativo,03/10/2023
1716604-000,2023,TO,Peixe,1716604,ABREE,Ponto de consolidação,Ativo,16/04/2022
2927408-053,2023,BA,SALVADOR,2927408,Green Eletron,Ponto de consolidação,Ativo,17/11/2020
3546603-003,2023,SP,Santa Fé do Sul,3546603,ABREE,PEV fixo,Ativo,01/04/2023
3170800-000,2023,MG,Várzea da Palma,3170800,Green Eletron,Campanha itinerante,Ativo,15/09/2022
3555406-000,2023,SP,UBATUBA,3555406,ABREE,PEV fixo,Ativo,01/02/2023
3106200-157,2023,MG,BELO HORIZONTE,3106200,Green Eletron,PEV fixo,Ativo,05/11/2021
3551900-000,2023,SP,Severínia,3551900,Green Eletron,PEV fixo,Ativo,27/12/2021
3304557-126,2023,RJ,Rio de Janeiro,3304557,ABREE,PEV fixo,Ativo,21/11/2022
2804508-000,2023,SE,NOSSA SENHORA DA GLÓRIA,2804508,ABREE,PEV fixo,Ativo,07/01/2022
2304400-080,2023,CE,  Fortaleza ,2304400,Sistema individual,Ponto de consolidação,Ativo,17/02/2022
3549904-000,2023,SP,São José dos Campos,3549904,ABREE,PEV fixo,Ativo,06/05/2020
5104500-001,2023,MT,INDIAVAÍ,5104500,Green Eletron,PEV fixo,Ativo,15/12/2022
2304400-034,2023,CE,FORTALEZA,2304400,Green Eletron,PEV fixo,Ativo,14/12/2020
3135605-000,2023,MG,Jequitai,3135605,ABREE,PEV fixo,Ativo,09/10/2023
4314902-062,2023,RS,  Porto Alegre ,4314902,Green Eletron,PEV fixo,Ativo,09/12/2021
3532306-004,2023,SP,Natividade da Serra,3532306,ABREE,PEV fixo,Inativo,01/12/2021
3525409-000,2023,SP,Jeriquara,3525409,Green Eletron,PEV fixo,Ativo,18/02/2019
5300108-092,2023,DF,  Brasília ,5300108,ABREE,PEV fixo,Ativo,18/09/2022
2408102-014,2023,RN,NATAL,2408102,ABREE,PEV fixo,Ativo,27/05/2022
3205309-014,2023,ES,Vitória,3205309,Green Eletron,PEV fixo,Ativo,04/02/2022
3202454-004,2023,ES,Ibatiba,3202454,Green Eletron,PEV fixo,Inativo,22/06/2023
3522703-002,2023,SP,Itápolis,3522703,Sistema individual,Ponto de consolidação,Ativo,01/09/2021
3106200-005,2023,MG,Belo Horizonte,3106200,ABREE,Campanha itinerante,Ativo,22/10/2020
3553807-000,2023,SP,  Taquarituba ,3553807,ABREE,PEV fixo,Ativo,20/06/2022
2109700-000,2023,MA,Sambaíba,2109700,ABREE,Ponto de consolidação,Ativo,11/02/2020
2312700-000,2023,CE,Senador Pompeu,2312700,ABREE,PEV fixo,Ativo,15/02/2019
3540002-000,2023,SP,POMPÉIA,3540002,ABREE,PEV fixo,Ativo,11/12/2022
2210805-000,2023,PI,Simplício Mendes,2210805,ABREE,PEV fixo,Ativo,07/07/2022
3100807-000,2023,MG,Aguanil,3100807,Green Eletron,PEV fixo,Ativo,27/12/2021
1600303-001,2023,AP,Macapá,,ABREE,PEV fixo,Ativo,18/05/2021
3551306-000,2023,SP,Sebastianopolis do Sul,3551306,ABREE,Campanha itinerante,Ativo,08/12/2019
3550308-154,2023,SP,SÃO PAULO,3550308,Green Eletron,PEV fixo,Ativo,05/08/2020
2927408-145,2023,BA,SALVADOR,2927408,Green Eletron,Ponto de consolidação,Ativo,13/11/2023
3550308-033,2023,SP,SÃO PAULO,3550308,Green Eletron,PEV fixo,Ativo,05/02/2019
3525201-003,2023,SP,JARINU,3525201,Green Eletron,PEV fixo,Ativo,16/07/2020
3526209-000,2023,SP,JUQUITIBA,3526209,Green Eletron,PEV fixo,Ativo,09/09/2020
4305371-000,2023,RS,Charrua,4305371,Green Eletron,PEV fixo,Ativo,16/03/2019
2500205-000,2023,PB,Aguiar,2500205,ABREE,PEV fixo,Ativo,15/02/2020
1100601-000,2023,RO,Cacaulândia,1100601,ABREE,PEV fixo,Ativo,20/07/2021
3106200-241,2023,MG,Belo Horizonte,3106200,ABREE,PEV fixo,Ativo,09/05/2023
3304557-197,2023,RJ,Rio de Janeiro,3304557,ABREE,Ponto de consolidação,Ativo,10/12/2023
5203906-000,2023,GO,BURITI ALEGRE,5203906,Green Eletron,PEV fixo,Ativo,11/05/2021
3547908-005,2023,SP,Santo Antonio da Alegria,3547908,Sistema individual,PEV fixo,Ativo,26/03/2023
2408102-023,2023,RN,Natal,2408102,Green Eletron,PEV fixo,Ativo,22/10/2023
2413607-000,2023,RN,Severiano Melo,2413607,Sistema individual,Ponto de consolidação,Ativo,10/04/2020
3505203-007,2023,SP,Bariri,3505203,ABREE,PEV fixo,Ativo,06/06/2022
2411056-000,2023,RN,Tibau,2411056,ABREE,PEV fixo,Ativo,25/06/2022
3106200-038,2023,MG,  Belo Horizonte ,3106200,ABREE,PEV fixo,Ativo,08/04/2020
2111300-070,2023,MA,  São Luís ,2111300,ABREE,PEV fixo,Ativo,01/08/2021
3532009-011,2023,SP,Morungaba,3532009,ABREE,PEV fixo,Ativo,02/10/2021
2112902-000,2023,MA,VITÓRIA DO MEARIM,2112902,ABREE,PEV fixo,Ativo,27/06/2023
3106200-008,2023,MG,Belo Horizonte,3106200,Sistema individual,PEV fixo,Ativo,20/10/2020
3550308-148,2023,SP,Sao Paulo,3550308,ABREE,PEV fixo,Ativo,26/01/2020
4205407-084,2023,SC,Florianopolis,4205407,Sistema individual,PEV fixo,Ativo,01/07/2023
3126000-001,2023,MG,Florestal,3126000,Green Eletron,PEV fixo,Ativo,08/11/2023
3106200-037,2023,MG,BELO HORIZONTE,3106200,ABREE,PEV fixo,Ativo,16/07/2020
4126504-000,2023,PR,SERTANÓPOLIS,4126504,ABREE,PEV fixo,Ativo,15/07/2023
2505238-000,2023,PB,Cuité de Mamanguape,2505238,ABREE,PEV fixo,Ativo,14/11/2019
2927408-097,2023,BA,SALVADOR,2927408,Green Eletron,PEV fixo,Ativo,09/03/2021
3106200-039,2023,MG,Belo Horizonte,,Green Eletron,PEV fixo,Ativo,01/05/2020
3154507-000,2023,MG,RIACHO DOS MACHADOS,3154507,Green Eletron,PEV fixo,Ativo,20/03/2022
5201306-000,2023,GO,ANICUNS,5201306,Green Eletron,PEV fixo,Ativo,21/10/2022
3550308-121,2023,SP,São Paulo,3550308,ABREE,PEV fixo,Ativo,09/12/2020
5212006-000,2023,GO,Jaupaci,5212006,ABREE,PEV fixo,Ativo,22/11/2023
2500700-000,2023,PB,Sao Joao do Rio do Peixe,2500700,Sistema individual,PEV fixo,Ativo,13/04/2019
5208301-000,2023,GO,Divinópolis de Goiás,5208301,Green Eletron,PEV fixo,Ativo,22/08/2020
1303957-000,2023,AM,Sao Sebastiao do Uatuma,1303957,Green Eletron,PEV fixo,Ativo,03/06/2020
3556503-000,2023,SP,Várzea Paulista,3556503,ABREE,PEV fixo,Ativo,02/02/2019
2108454-000,2023,MA,Peritoro,2108454,Green Eletron,PEV fixo,Ativo,02/09/2022
2304400-055,2023,CE,Fortaleza,2304400,ABREE,PEV fixo,Ativo,20/04/2021
3138625-000,2023,MG,LIMEIRA DO OESTE,3138625,ABREE,PEV fixo,Ativo,21/10/2019
3106200-022,2023,MG,BELO HORIZONTE,3106200,ABREE,PEV fixo,Ativo,13/07/2020
2927408-058,2023,BA,  Salvador ,2927408,Green Eletron,PEV fixo,Ativo,27/12/2020
4314902-145,2023,RS,  Porto Alegre ,4314902,ABREE,Ponto de consolidação,Ativo,25/06/2023
4122107-001,2023,PR,Rio Bom,4122107,Sistema individual,Ponto de consolidação,Ativo,06/11/2023
3302700-004,2023,RJ,Marica,3302700,Green Eletron,Ponto de consolidação,Ativo,10/10/2019
2610103-000,2023,PE,  Palmeirina ,2610103,Green Eletron,PEV fixo,Ativo,12/03/2021
2409704-000,2023,RN,PEDRO AVELINO,2409704,Green Eletron,PEV fixo,Ativo,26/11/2022
5101001-000,2023,MT,ARAGUAIANA,5101001,Sistema individual,PEV fixo,Ativo,16/02/2021
2408102-021,2023,RN,  Natal ,2408102,ABREE,PEV fixo,Ativo,15/05/2023
2513356-000,2023,PB,Santa Ines,2513356,ABREE,PEV fixo,Ativo,10/10/2023
3106200-125,2023,MG,Belo Horizonte,3106200,ABREE,PEV fixo,Ativo,17/01/2021
3550308-044,2023,SP,São Paulo,3550308,ABREE,PEV fixo,Ativo,19/04/2019
4106902-080,2023,PR,  Curitiba ,4106902,Sistema individual,PEV fixo,Ativo,20/01/2023
4127957-001,2023,PR,Tupãssi,4127957,Sistema individual,PEV fixo,Ativo,06/02/2021
1508209-010,2023,PA,Vigia,1508209,ABREE,Ponto de consolidação,Inativo,27/09/2022
3304557-089,2023,RJ,Rio de Janeiro,3304557,Green Eletron,Campanha itinerante,Ativo,21/05/2021
4214151-000,2023,SC,Princesa,4214151,Sistema individual,PEV fixo,Ativo,13/07/2022
3550308-037,2023,SP,São Paulo,3550308,ABREE,PEV fixo,Ativo,03/09/2019
2927408-085,2023,BA,Salvador,2927408,ABREE,PEV fixo,Ativo,23/07/2021
3304557-027,2023,RJ,Rio de Janeiro,3304557,Green Eletron,PEV fixo,Ativo,12/07/2020
3304557-103,2023,RJ,RIO DE JANEIRO,3304557,Green Eletron,PEV fixo,Ativo,08/11/2021
3550308-268,2023,SP,SÃO PAULO,3550308,Sistema individual,PEV fixo,Ativo,18/06/2022
3541653-007,2023,SP,QUADRA,3541653,Green Eletron,PEV fixo,Ativo,03/09/2023
3304508-008,2023,RJ,Rio das Flores,3304508,Green Eletron,PEV fixo,Ativo,20/11/2021
3305406-006,2023,RJ,  Sapucaia ,3305406,ABREE,PEV fixo,Ativo,22/08/2023
3106200-025,2023,MG,Belo Horizonte,3106200,ABREE,PEV fixo,Ativo,27/01/2020
5300108-019,2023,DF,  Brasília ,5300108,ABREE,Ponto de consolidação,Ativo,08/10/2019
2111300-047,2023,MA,  São Luís ,2111300,Green Eletron,PEV fixo,Ativo,18/10/2020
2211001-024,2023,PI,Teresina,2211001,Green Eletron,PEV fixo,Ativo,18/11/2023
2510402-000,2023,PB,OLHO D'ÁGUA,2510402,ABREE,PEV fixo,Ativo,22/04/2019
4106902-015,2023,PR,Curitiba,4106902,Green Eletron,PEV fixo,Ativo,15/09/2020
3306008-000,2023,RJ,Três Rios,3306008,ABREE,PEV fixo,Ativo,01/12/2022
3544251-001,2023,SP,Rosana,3544251,Sistema individual,PEV fixo,Ativo,14/01/2022
3550308-334,2023,SP,SÃO PAULO,3550308,Green Eletron,PEV fixo,Ativo,27/02/2023
4128807-000,2023,PR,Xambre,4128807,ABREE,PEV fixo,Ativo,02/08/2023
4314902-159,2023,RS,Porto Alegre,,ABREE,PEV fixo,Ativo,19/01/2023
2932408-000,2023,BA,Uibai,2932408,Green Eletron,PEV fixo,Ativo,01/04/2021
3550308-200,2023,SP,São Paulo,3550308,Green Eletron,PEV fixo,Ativo,17/07/2021
2807105-000,2023,SE,Simao Dias,,Green Eletron,Ponto de consolidação,Ativo,07/01/2019
2211001-019,2023,PI,TERESINA,2211001,ABREE,PEV fixo,Ativo,02/07/2022
3550308-208,2023,SP,SÃO PAULO,3550308,Sistema individual,PEV fixo,Ativo,06/10/2021
3106200-271,2023,MG,Belo Horizonte,3106200,Green Eletron,PEV fixo,Ativo,11/04/2023
4305587-000,2023,RS,Colinas,4305587,ABREE,PEV fixo,Ativo,07/02/2022
3301876-008,2023,RJ,IGUABA GRANDE,3301876,ABREE,PEV fixo,Ativo,27/05/2022
3513009-008,2023,SP,Cotia,3513009,ABREE,PEV fixo,Ativo,15/06/2022
2705408-000,2023,AL,Monteirópolis,2705408,ABREE,PEV fixo,Ativo,18/08/2022
2414209-000,2023,RN,TIBAU DO SUL,2414209,ABREE,PEV fixo,Ativo,17/05/2022
1300029-008,2023,AM,ALVARÃES,1300029,Green Eletron,PEV fixo,Ativo,07/12/2023
2402105-001,2023,RN,Campo Redondo,2402105,Green Eletron,PEV fixo,Ativo,23/09/2022
3550308-071,2023,SP,São Paulo,3550308,Green Eletron,PEV fixo,Ativo,08/12/2019
1710706-000,2023,TO,ITAGUATINS,1710706,ABREE,PEV fixo,Ativo,13/03/2021
3140001-000,2023,MG,Mariana,3140001,Green Eletron,PEV fixo,Ativo,11/09/2021
4107801-000,2023,PR,FLORAÍ,4107801,ABREE,PEV fixo,Ativo,02/04/2021
1504950-001,2023,PA,Nova Esperanca do Piria,1504950,ABREE,PEV fixo,Ativo,02/12/2023
3304557-022,2023,RJ,Rio de Janeiro,3304557,ABREE,Ponto de consolidação,Ativo,02/01/2020
3124104-000,2023,MG,Esmeraldas,3124104,Green Eletron,PEV fixo,Inativo,01/11/2019
3106200-154,2023,MG,  Belo Horizonte ,3106200,ABREE,PEV fixo,Ativo,16/08/2021
3550308-102,2023,SP,SÃO PAULO,3550308,Green Eletron,Ponto de consolidação,Ativo,25/03/2019
3550308-224,2023,SP,São Paulo,3550308,ABREE,PEV fixo,Ativo,17/10/2021
3520442-000,2023,SP,Ilha Solteira,3520442,Green Eletron,PEV fixo,Ativo,28/10/2022
3106200-090,2023,MG,  Belo Horizonte ,3106200,Green Eletron,PEV fixo,Ativo,15/09/2020
2304400-075,2023,CE,FORTALEZA,2304400,Green Eletron,PEV fixo,Ativo,06/02/2022
5103403-009,2023,MT,Cuiabá,5103403,Green Eletron,Ponto de consolidação,Ativo,05/05/2022
5215207-000,2023,GO,Novo Brasil,5215207,ABREE,Ponto de consolidação,Ativo,10/12/2019
3550308-018,2023,SP,SÃO PAULO,3550308,ABREE,PEV fixo,Ativo,23/11/2019
3302700-018,2023,RJ,MARICÁ,3302700,ABREE,PEV fixo,Ativo,20/04/2023
2927408-130,2023,BA,Salvador,2927408,Sistema individual,PEV fixo,Ativo,03/03/2022
5300108-086,2023,DF,Brasília,5300108,ABREE,PEV fixo,Ativo,01/06/2022
3106200-056,2023,MG,Belo Horizonte,3106200,Sistema individual,PEV fixo,Ativo,12/11/2020
3507605-000,2023,SP,Bragança Paulista,,Sistema individual,PEV fixo,Ativo,03/10/2022
4215307-000,2023,SC,Salete,4215307,ABREE,PEV fixo,Ativo,14/11/2022
3525201-009,2023,SP,Jarinu,3525201,ABREE,PEV fixo,Ativo,08/02/2022
4118907-000,2023,PR,Pérola,4118907,ABREE,PEV fixo,Ativo,16/01/2021
2211605-000,2023,PI,VILA NOVA DO PIAUÍ,2211605,Green Eletron,Campanha itinerante,Ativo,20/10/2020
3119807-000,2023,MG,Corrego Danta,3119807,ABREE,PEV fixo,Ativo,25/09/2019
2801900-000,2023,SE,Cumbe,2801900,Sistema individual,PEV fixo,Ativo,10/05/2021
3555109-010,2023,SP,Tupi Paulista,3555109,ABREE,PEV fixo,Ativo,22/06/2022
3305752-009,2023,RJ,Tanguá,3305752,ABREE,PEV fixo,Ativo,25/09/2023
3123858-001,2023,MG,ENTRE FOLHAS,3123858,Green Eletron,PEV fixo,Ativo,02/11/2023
4124707-000,2023,PR,São Jerônimo da Serra,4124707,Green Eletron,PEV fixo,Ativo,25/07/2020
2313104-000,2023,CE,Tabuleiro do Norte,2313104,ABREE,Campanha itinerante,Ativo,09/03/2020
2211001-017,2023,PI,Teresina,2211001,Green Eletron,PEV fixo,Ativo,16/03/2021
1302108-000,2023,AM,  Japurá ,1302108,Green Eletron,PEV fixo,Ativo,02/03/2023
1718550-000,2023,TO,RIACHINHO,1718550,Green Eletron,PEV fixo,Ativo,13/10/2020
3555208-000,2023,SP,Turiúba,3555208,Green Eletron,PEV fixo,Ativo,02/04/2021
2802403-000,2023,SE,Gararu,2802403,Green Eletron,PEV fixo,Ativo,20/08/2020
3145356-000,2023,MG,Novo Oriente de Minas,3145356,ABREE,PEV fixo,Ativo,21/05/2022
4301552-000,2023,RS,Aurea,4301552,Green Eletron,Campanha itinerante,Ativo,28/07/2021
3106200-259,2023,MG,  Belo Horizonte ,3106200,Green Eletron,PEV fixo,Ativo,10/04/2023
2300705-013,2023,CE,Alto Santo,2300705,Green Eletron,PEV fixo,Ativo,26/09/2023
3537404-000,2023,SP,PEREIRA BARRETO,3537404,Sistema individual,Ponto de consolidação,Ativo,06/10/2020
4312385-000,2023,RS,Monte Belo do Sul,4312385,Sistema individual,PEV fixo,Ativo,12/05/2020
3152204-000,2023,MG,Porteirinha,3152204,ABREE,PEV fixo,Ativo,04/03/2020
3106200-130,2023,MG,Belo Horizonte,3106200,ABREE,PEV fixo,Inativo,04/05/2021
2500734-000,2023,PB,Amparo,2500734,Green Eletron,PEV fixo,Ativo,09/11/2023
4106902-061,2023,PR,Curitiba,4106902,Green Eletron,Campanha itinerante,Ativo,20/12/2022
3550308-034,2023,SP,Sao Paulo,3550308,Green Eletron,PEV fixo,Ativo,12/10/2019
3304557-118,2023,RJ,Rio de Janeiro,,ABREE,Campanha itinerante,Ativo,26/09/2022
3550308-328,2023,SP,SÃO PAULO,3550308,Green Eletron,PEV fixo,Ativo,09/04/2023
1720978-000,2023,TO,Talismã,1720978,ABREE,PEV fixo,Ativo,22/07/2020
2604106-000,2023,PE,Caruaru,2604106,Green Eletron,PEV fixo,Ativo,22/03/2021
3106200-132,2023,MG,BELO HORIZONTE,3106200,Green Eletron,PEV fixo,Ativo,14/03/2021
4311809-000,2023,RS,Marau,4311809,Sistema individual,PEV fixo,Ativo,12/06/2022
3164407-000,2023,MG,Sao Sebastiao da Bela Vista,3164407,Green Eletron,PEV fixo,Ativo,26/02/2022
2800308-004,2023,SE,Aracaju,2800308,Green Eletron,Campanha itinerante,Ativo,09/03/2019
2304400-008,2023,CE,Fortaleza,2304400,ABREE,PEV fixo,Ativo,09/02/2019
3508900-000,2023,SP,Caiabu,3508900,ABREE,PEV fixo,Ativo,11/03/2022
1704105-000,2023,TO,Centenário,1704105,Green Eletron,PEV fixo,Ativo,09/08/2021
3532900-020,2023,SP,NOVA EUROPA,,Green Eletron,PEV fixo,Ativo,04/09/2022
3205309-013,2023,ES,Vitoria,,ABREE,PEV fixo,Ativo,10/12/2021
3515194-003,2023,SP,Espirito Santo do Turvo,3515194,ABREE,PEV fixo,Ativo,03/05/2022
4107751-000,2023,PR,  Figueira ,4107751,ABREE,PEV fixo,Ativo,11/07/2019
3301108-012,2023,RJ,Cantagalo,3301108,Green Eletron,PEV fixo,Ativo,17/08/2021
3304557-146,2023,RJ,Rio de Janeiro,3304557,ABREE,PEV fixo,Ativo,12/08/2022
3302502-005,2023,RJ,Mage,3302502,ABREE,Ponto de consolidação,Ativo,15/08/2022
1501402-013,2023,PA,Belém,1501402,Green Eletron,PEV fixo,Ativo,23/11/2021
3550308-303,2023,SP,São Paulo,3550308,Green Eletron,PEV fixo,Ativo,19/11/2022
4314902-022,2023,RS,Porto Alegre,4314902,ABREE,PEV fixo,Ativo,12/09/2020
2207108-000,2023,PI,OLHO D'ÁGUA DO PIAUÍ,2207108,Green Eletron,PEV fixo,Ativo,06/05/2023
3541406-000,2023,SP,Presidente Prudente,3541406,Green Eletron,PEV fixo,Ativo,13/12/2019
3106200-242,2023,MG,Belo Horizonte,3106200,Sistema individual,PEV fixo,Ativo,14/12/2023
4314902-104,2023,RS,Porto Alegre,4314902,ABREE,PEV fixo,Ativo,18/04/2022
1504208-003,2023,PA,MARABÁ,1504208,Green Eletron,PEV fixo,Ativo,28/08/2021
1302603-006,2023,AM,Manaus,1302603,ABREE,PEV fixo,Ativo,11/10/2021
3116902-000,2023,MG,Comendador Gomes,3116902,ABREE,PEV fixo,Ativo,17/04/2022
4106902-000,2023,PR,Curitiba,4106902,ABREE,Campanha itinerante,Ativo,25/03/2020
4314902-110,2023,RS,Porto Alegre,4314902,Green Eletron,PEV fixo,Ativo,21/12/2022
2105906-000,2023,MA,Lago Verde,2105906,ABREE,PEV fixo,Ativo,08/05/2021
4210308-000,2023,SC,Major Vieira,4210308,ABREE,PEV fixo,Ativo,09/08/2020
3106200-248,2023,MG,Belo Horizonte,3106200,Green Eletron,PEV fixo,Ativo,18/05/2023
3550308-262,2023,SP,São Paulo,3550308,ABREE,PEV fixo,Ativo,13/05/2022
2304400-038,2023,CE,Fortaleza,2304400,Green Eletron,PEV fixo,Ativo,20/02/2020
4216008-000,2023,SC,SÃO CARLOS,4216008,Green Eletron,PEV fixo,Inativo,06/02/2019
2103158-000,2023,MA,Centro do Guilherme,2103158,ABREE,Ponto de consolidação,Ativo,09/04/2022
4304408-000,2023,RS,Canela,4304408,Green Eletron,PEV fixo,Ativo,13/03/2021
2708204-000,2023,AL,São Brás,2708204,ABREE,PEV fixo,Ativo,25/12/2021
2406908-000,2023,RN,Lucrécia,2406908,Green Eletron,PEV fixo,Ativo,12/05/2022
2903300-000,2023,BA,Barro Preto,2903300,ABREE,PEV fixo,Ativo,20/10/2022
3304557-059,2023,RJ,Rio de Janeiro,3304557,ABREE,PEV fixo,Ativo,01/07/2020
3205309-010,2023,ES,Vitoria,3205309,ABREE,PEV fixo,Ativo,15/01/2021
4317251-000,2023,RS,Santa Tereza,4317251,ABREE,PEV fixo,Ativo,23/08/2023
1721000-005,2023,TO,Palmas,1721000,Green Eletron,PEV fixo,Ativo,15/06/2020
2917508-000,2023,BA,JACOBINA,2917508,ABREE,PEV fixo,Ativo,16/08/2020
2804904-000,2023,SE,Pacatuba,2804904,ABREE,PEV fixo,Ativo,03/08/2020
3106200-173,2023,MG,Belo Horizonte,3106200,ABREE,PEV fixo,Ativo,09/09/2022
5003702-000,2023,MS,Dourados,5003702,ABREE,PEV fixo,Ativo,15/05/2023
1300086-000,2023,AM,Anamã,1300086,ABREE,PEV fixo,Ativo,05/02/2020
2111300-100,2023,MA,São Luís,2111300,Green Eletron,PEV fixo,Ativo,20/11/2023
3532504-000,2023,SP,Neves Paulista,3532504,Green Eletron,PEV fixo,Ativo,04/06/2020
2914703-000,2023,BA,ITABERABA,,Green Eletron,PEV fixo,Ativo,07/12/2022
5219100-000,2023,GO,SANTA BÁRBARA DE GOIÁS,5219100,ABREE,PEV fixo,Ativo,22/02/2022
4320578-000,2023,RS,Sete de Setembro,4320578,ABREE,PEV fixo,Ativo,03/08/2020
3161106-000,2023,MG,SÃO FRANCISCO,3161106,ABREE,PEV fixo,Ativo,25/10/2021
1302603-002,2023,AM,MANAUS,1302603,Green Eletron,PEV fixo,Ativo,02/03/2019
2800308-024,2023,SE,Aracaju,2800308,ABREE,PEV fixo,Ativo,04/08/2022
4106902-029,2023,PR,Curitiba,4106902,ABREE,PEV fixo,Ativo,20/04/2021
3167400-000,2023,MG,Silvianópolis,3167400,Green Eletron,PEV fixo,Ativo,27/09/2022
2111102-000,2023,MA,Sao Joao dos Patos,2111102,ABREE,PEV fixo,Ativo,08/06/2019
3550308-269,2023,SP,São Paulo,3550308,ABREE,PEV fixo,Ativo,03/03/2022
5300108-035,2023,DF,Brasilia,5300108,ABREE,PEV fixo,Ativo,21/12/2020
2205516-000,2023,PI,Juazeiro do Piauí,2205516,Sistema individual,PEV fixo,Ativo,06/07/2021
2304400-072,2023,CE,Fortaleza,2304400,ABREE,PEV fixo,Ativo,16/12/2022
4117297-000,2023,PR,Novo Itacolomi,4117297,Green Eletron,PEV fixo,Ativo,24/03/2020
2111300-053,2023,MA,São Luís,2111300,Green Eletron,PEV fixo,Ativo,09/07/2021
2300705-005,2023,CE,Alto Santo,2300705,Green Eletron,Ponto de consolidação,Ativo,02/08/2021
3551306-004,2023,SP,Sebastianópolis do Sul,3551306,Sistema individual,PEV fixo,Ativo,12/09/2021
3302858-002,2023,RJ,MESQUITA,3302858,ABREE,PEV fixo,Ativo,11/11/2022
3548005-000,2023,SP,Santo Antônio de Posse,3548005,ABREE,PEV fixo,Ativo,25/04/2021
3526803-006,2023,SP,Lençóis Paulista,3526803,Green Eletron,PEV fixo,Ativo,05/02/2022
3532603-000,2023,SP,Nhandeara,3532603,ABREE,PEV fixo,Ativo,02/05/2021
3530102-005,2023,SP,Mirandópolis,3530102,ABREE,Campanha itinerante,Ativo,11/08/2022
3201308-000,2023,ES,Cariacica,3201308,Sistema individual,PEV fixo,Ativo,26/02/2021
3552106-000,2023,SP,Socorro,3552106,ABREE,PEV fixo,Ativo,09/06/2020
2504306-000,2023,PB,Catolé do Rocha,2504306,ABREE,PEV fixo,Ativo,20/04/2021
2209302-000,2023,PI,Santa Luz,2209302,ABREE,PEV fixo,Ativo,04/04/2019
2918209-000,2023,BA,JIQUIRIÇÁ,2918209,Green Eletron,PEV fixo,Ativo,15/01/2021
3549904-004,2023,SP,São José dos Campos,3549904,Green Eletron,Ponto de consolidação,Ativo,16/10/2021
2112852-000,2023,MA,VILA NOVA DOS MARTÍRIOS,2112852,ABREE,PEV fixo,Ativo,15/11/2019
5300108-030,2023,DF,BRASÍLIA,5300108,ABREE,PEV fixo,Ativo,06/06/2019
2304251-002,2023,CE,CRUZ,2304251,ABREE,PEV fixo,Ativo,16/09/2019
2932903-000,2023,BA,VALENÇA,2932903,Green Eletron,PEV fixo,Ativo,07/03/2020
3304557-060,2023,RJ,Rio de Janeiro,3304557,ABREE,PEV fixo,Ativo,22/05/2020
3169307-002,2023,MG,Três Corações,3169307,ABREE,PEV fixo,Ativo,06/06/2021
3304409-000,2023,RJ,Rio Claro,3304409,Sistema individual,PEV fixo,Ativo,15/07/2021
2209856-000,2023,PI,São João da Canabrava,2209856,Green Eletron,PEV fixo,Ativo,17/07/2019
2704906-000,2023,AL,Mar Vermelho,2704906,Green Eletron,PEV fixo,Ativo,01/07/2021
3550308-179,2023,SP,SÃO PAULO,3550308,Green Eletron,PEV fixo,Ativo,16/10/2021
1718451-000,2023,TO,PUGMIL,1718451,ABREE,PEV fixo,Ativo,09/06/2022
3201902-002,2023,ES,Domingos Martins,3201902,Green Eletron,PEV fixo,Ativo,04/03/2022
3136009-000,2023,MG,  Joaíma ,3136009,ABREE,PEV fixo,Ativo,18/11/2021
2800308-008,2023,SE,Aracaju,2800308,Green Eletron,PEV fixo,Ativo,26/05/2020
4310207-013,2023,RS,IJUÍ,4310207,Green Eletron,PEV fixo,Ativo,26/08/2023
3550308-353,2023,SP,São Paulo,3550308,ABREE,PEV fixo,Ativo,11/06/2023
3547908-001,2023,SP,Santo Antônio da Alegria,3547908,ABREE,PEV fixo,Ativo,19/02/2020
3304557-105,2023,RJ,Rio de Janeiro,3304557,Sistema individual,PEV fixo,Ativo,28/08/2021
3157500-000,2023,MG,Santa Efigênia de Minas,,Green Eletron,Campanha itinerante,Ativo,24/03/2019
2204600-000,2023,PI,Hugo Napoleão,2204600,ABREE,PEV fixo,Ativo,02/03/2023
4310363-000,2023,RS,Imigrante,4310363,ABREE,Campanha itinerante,Ativo,03/10/2023
5208707-020,2023,GO,Goiânia,5208707,Sistema individual,PEV fixo,Ativo,05/05/2022
3106200-062,2023,MG,Belo Horizonte,3106200,Sistema individual,Campanha itinerante,Ativo,26/07/2020
2111300-037,2023,MA,São Luís,2111300,Green Eletron,PEV fixo,Ativo,23/09/2020
3153608-000,2023,MG,Prudente de Morais,3153608,Sistema individual,PEV fixo,Ativo,28/11/2020
2611606-038,2023,PE,RECIFE,2611606,Green Eletron,PEV fixo,Ativo,12/03/2021
2300705-012,2023,CE,Alto Santo,2300705,Green Eletron,Campanha itinerante,Ativo,27/11/2023
3205309-003,2023,ES,Vitória,3205309,Green Eletron,PEV fixo,Ativo,06/05/2020
4204400-000,2023,SC,CORONEL FREITAS,4204400,Green Eletron,PEV fixo,Ativo,24/10/2019
3305752-002,2023,RJ,  Tanguá ,3305752,Sistema individual,PEV fixo,Ativo,13/12/2020
2611606-012,2023,PE,RECIFE,2611606,ABREE,PEV fixo,Ativo,17/11/2020
2202851-000,2023,PI,CORONEL JOSÉ DIAS,2202851,ABREE,PEV fixo,Ativo,03/11/2019
1301951-005,2023,AM,ITAMARATI,1301951,Green Eletron,PEV fixo,Ativo,11/05/2023
2927408-024,2023,BA,Salvador,2927408,ABREE,PEV fixo,Ativo,05/09/2019
2927408-123,2023,BA,Salvador,2927408,ABREE,PEV fixo,Ativo,09/06/2022
1501204-003,2023,PA,BAIÃO,1501204,ABREE,PEV fixo,Ativo,05/01/2019
3163904-000,2023,MG,Sao Pedro da Uniao,3163904,Sistema individual,PEV fixo,Ativo,25/03/2020
1502707-000,2023,PA,CONCEIÇÃO DO ARAGUAIA,1502707,ABREE,PEV fixo,Ativo,08/02/2019
3301108-014,2023,RJ,Cantagalo,3301108,Green Eletron,PEV fixo,Ativo,19/12/2021
3106804-000,2023,MG,Bias Fortes,3106804,ABREE,PEV fixo,Ativo,20/02/2021
4217907-000,2023,SC,Tangará,4217907,Green Eletron,PEV fixo,Ativo,12/01/2019
3304201-002,2023,RJ,Resende,3304201,ABREE,PEV fixo,Ativo,11/01/2022
2111300-045,2023,MA,Sao Luis,2111300,ABREE,PEV fixo,Ativo,07/04/2020
4314902-034,2023,RS,Porto Alegre,4314902,ABREE,PEV fixo,Ativo,21/11/2020
4110656-000,2023,PR,Iracema do Oeste,4110656,Green Eletron,PEV fixo,Ativo,12/01/2020
2800308-016,2023,SE,Aracaju,2800308,ABREE,PEV fixo,Ativo,16/05/2021
3538105-000,2023,SP,PINDORAMA,3538105,ABREE,PEV fixo,Ativo,05/05/2023
3535309-000,2023,SP,Palmital,3535309,ABREE,PEV fixo,Ativo,07/05/2021
2106300-001,2023,MA,MAGALHÃES DE ALMEIDA,2106300,Green Eletron,Campanha itinerante,Ativo,13/12/2023
3551306-006,2023,SP,Sebastianópolis do Sul,3551306,Green Eletron,PEV fixo,Ativo,02/12/2022
3304508-009,2023,RJ,Rio das Flores,3304508,ABREE,PEV fixo,Ativo,02/04/2022
2508000-000,2023,PB,Juru,2508000,ABREE,PEV fixo,Ativo,07/05/2020
3550308-202,2023,SP,São Paulo,3550308,Green Eletron,PEV fixo,Ativo,13/10/2021
3202454-002,2023,ES,Ibatiba,3202454,Green Eletron,PEV fixo,Inativo,20/04/2022
2304400-020,2023,CE,Fortaleza,2304400,Green Eletron,PEV fixo,Ativo,05/11/2019
2514107-000,2023,PB,São João do Tigre,2514107,Green Eletron,PEV fixo,Ativo,01/04/2022
2209609-000,2023,PI,São Félix do Piauí,2209609,ABREE,PEV fixo,Ativo,19/08/2022
3106200-163,2023,MG,BELO HORIZONTE,3106200,Green Eletron,PEV fixo,Ativo,03/07/2022
2304400-041,2023,CE,Fortaleza,2304400,Green Eletron,PEV fixo,Ativo,14/07/2020
3550308-270,2023,SP,São Paulo,3550308,Sistema individual,PEV fixo,Ativo,09/07/2022
3104304-000,2023,MG,Areado,3104304,Green Eletron,PEV fixo,Ativo,08/04/2022
3517703-000,2023,SP,Guara,3517703,ABREE,PEV fixo,Ativo,01/08/2019
2304400-044,2023,CE,Fortaleza,2304400,ABREE,PEV fixo,Ativo,26/12/2020
5215256-001,2023,GO,Novo Planalto,5215256,Sistema individual,Ponto de consolidação,Ativo,16/10/2022
3106200-027,2023,MG,Belo Horizonte,3106200,ABREE,PEV fixo,Ativo,10/10/2020
3302403-006,2023,RJ,Macaé,3302403,ABREE,PEV fixo,Ativo,24/05/2020
2704005-000,2023,AL,  Junqueiro ,2704005,ABREE,Ponto de consolidação,Ativo,25/08/2023
3304557-058,2023,RJ,Rio de Janeiro,3304557,Green Eletron,PEV fixo,Ativo,23/05/2020
4213153-000,2023,SC,Planalto Alegre,4213153,ABREE,PEV fixo,Ativo,05/08/2023
2927408-017,2023,BA,Salvador,2927408,ABREE,PEV fixo,Ativo,16/12/2019
2201770-000,2023,PI,Boa Hora,2201770,Green Eletron,PEV fixo,Ativo,20/01/2022
4106902-052,2023,PR,Curitiba,4106902,ABREE,PEV fixo,Ativo,15/09/2022
2610103-002,2023,PE,Palmeirina,2610103,ABREE,PEV fixo,Ativo,11/07/2022
3106200-244,2023,MG,  Belo Horizonte ,3106200,Green Eletron,PEV fixo,Ativo,02/02/2023
5005608-000,2023,MS,Miranda,5005608,Green Eletron,PEV fixo,Ativo,20/06/2020
3144409-000,2023,MG,Natércia,3144409,ABREE,PEV fixo,Ativo,15/12/2023
4106902-054,2023,PR,Curitiba,4106902,Green Eletron,PEV fixo,Ativo,21/07/2022
2807402-000,2023,SE,Tobias Barreto,2807402,ABREE,PEV fixo,Ativo,11/12/2023
1502152-000,2023,PA,Canaã dos Carajás,1502152,ABREE,PEV fixo,Ativo,25/01/2023
5000708-000,2023,MS,Anastácio,5000708,Green Eletron,PEV fixo,Ativo,11/09/2019
3109501-000,2023,MG,Cabo Verde,3109501,ABREE,PEV fixo,Ativo,12/09/2022
3169307-004,2023,MG,Três Corações,3169307,Green Eletron,PEV fixo,Ativo,24/11/2022
4314902-102,2023,RS,Porto Alegre,4314902,Green Eletron,PEV fixo,Ativo,05/09/2022
2616183-004,2023,PE,  Vertente do Lério ,2616183,Sistema individual,PEV fixo,Ativo,01/11/2020
3302700-001,2023,RJ,Maricá,3302700,Sistema individual,Campanha itinerante,Ativo,21/09/2019
2301604-003,2023,CE,Assaré,2301604,Green Eletron,PEV fixo,Ativo,02/06/2021
4128401-004,2023,PR,URAÍ,4128401,Sistema individual,Campanha itinerante,Ativo,14/07/2023
3507803-000,2023,SP,Brodowski,3507803,ABREE,PEV fixo,Ativo,16/08/2020
2701803-000,2023,AL,Carneiros,2701803,ABREE,PEV fixo,Ativo,15/03/2019
3550308-081,2023,SP,São Paulo,3550308,Sistema individual,PEV fixo,Ativo,23/09/2019
5105150-000,2023,MT,Juína,5105150,Green Eletron,PEV fixo,Ativo,03/03/2021
3521101-000,2023,SP,  Ipeúna ,3521101,ABREE,PEV fixo,Ativo,06/06/2019
5300108-050,2023,DF,BRASÍLIA,5300108,Green Eletron,PEV fixo,Ativo,28/08/2020
2111300-061,2023,MA,São Luís,2111300,Green Eletron,PEV fixo,Ativo,02/11/2021
2206704-000,2023,PI,Nazaré do Piauí,2206704,Green Eletron,PEV fixo,Ativo,10/06/2023
3166204-001,2023,MG,SENHORA DOS REMÉDIOS,3166204,Green Eletron,Ponto de consolidação,Ativo,15/01/2023
2104206-001,2023,MA,Fortuna,2104206,ABREE,PEV fixo,Ativo,10/04/2022
3550308-319,2023,SP,São Paulo,3550308,ABREE,PEV fixo,Ativo,26/11/2022
3302502-006,2023,RJ,Magé,3302502,Green Eletron,PEV fixo,Ativo,28/08/2022
3522000-000,2023,SP,Itaju,3522000,Green Eletron,PEV fixo,Ativo,23/11/2021
2111300-049,2023,MA,Sao Luis,2111300,Green Eletron,PEV fixo,Ativo,10/01/2020
3512001-002,2023,SP,COLINA,3512001,ABREE,PEV fixo,Ativo,01/12/2022
3304557-148,2023,RJ,RIO DE JANEIRO,3304557,Green Eletron,PEV fixo,Ativo,27/10/2022
5217401-000,2023,GO,Pires do Rio,5217401,ABREE,Ponto de consolidação,Ativo,20/07/2022
2203701-000,2023,PI,ESPERANTINA,2203701,Green Eletron,PEV fixo,Ativo,20/04/2019
3305406-002,2023,RJ,Sapucaia,3305406,ABREE,PEV fixo,Ativo,25/08/2020
5300108-064,2023,DF,Brasília,5300108,Green Eletron,PEV fixo,Ativo,16/12/2021
3302502-000,2023,RJ,Magé,3302502,Green Eletron,PEV fixo,Ativo,02/12/2020
1718840-000,2023,TO,Sandolandia,1718840,ABREE,PEV fixo,Inativo,13/12/2019
3549904-006,2023,SP,SÃO JOSÉ DOS CAMPOS,3549904,ABREE,Ponto de consolidação,Ativo,19/08/2022
2612471-000,2023,PE,  Santa Cruz da Baixa Verde ,2612471,Green Eletron,PEV fixo,Ativo,12/03/2022
3301876-009,2023,RJ,Iguaba Grande,3301876,Sistema individual,Ponto de consolidação,Ativo,07/01/2023
5219001-000,2023,GO,Sanclerlândia,,Green Eletron,PEV fixo,Ativo,14/11/2023
3521903-001,2023,SP,Itajobi,3521903,Green Eletron,PEV fixo,Ativo,02/06/2022
2611606-074,2023,PE,RECIFE,2611606,Green Eletron,PEV fixo,Ativo,12/04/2023
1100205-010,2023,RO,PORTO VELHO,1100205,ABREE,PEV fixo,Ativo,10/11/2023
5106190-000,2023,MT,Nova Santa Helena,5106190,Green Eletron,PEV fixo,Ativo,13/04/2019
3555505-000,2023,SP,Ubirajara,3555505,Green Eletron,PEV fixo,Ativo,04/01/2020
3304557-081,2023,RJ,Rio de Janeiro,3304557,ABREE,PEV fixo,Ativo,23/07/2021
3550308-265,2023,SP,São Paulo,3550308,Green Eletron,PEV fixo,Ativo,16/07/2022
4106902-045,2023,PR,Curitiba,4106902,ABREE,PEV fixo,Ativo,08/02/2021
1501402-020,2023,PA,Belem,1501402,ABREE,PEV fixo,Ativo,10/12/2022
3302403-015,2023,RJ,Macaé,3302403,Green Eletron,PEV fixo,Inativo,24/05/2023
4205175-000,2023,SC,Entre Rios,4205175,Green Eletron,Campanha itinerante,Ativo,01/10/2021
3304557-072,2023,RJ,  Rio de Janeiro ,3304557,Green Eletron,PEV fixo,Ativo,15/07/2021
3513009-009,2023,SP,Cotia,3513009,Green Eletron,PEV fixo,Ativo,06/09/2022
4302709-000,2023,RS,BUTIÁ,4302709,ABREE,PEV fixo,Inativo,03/12/2021
2200400-000,2023,PI,  Altos ,2200400,ABREE,PEV fixo,Ativo,25/04/2021
3502903-000,2023,SP,Araçoiaba da Serra,3502903,ABREE,PEV fixo,Ativo,22/08/2019
4314902-059,2023,RS,PORTO ALEGRE,4314902,Green Eletron,PEV fixo,Ativo,11/12/2021
3303302-004,2023,RJ,Niterói,3303302,ABREE,Campanha itinerante,Ativo,20/07/2020
2926202-000,2023,BA,Riachão das Neves,2926202,Sistema individual,Campanha itinerante,Ativo,04/10/2019
3538808-005,2023,SP,Piraju,3538808,Sistema individual,PEV fixo,Ativo,21/08/2019
5103403-002,2023,MT,Cuiabá,5103403,Green Eletron,Campanha itinerante,Ativo,18/03/2019
3110202-000,2023,MG,CAJURI,3110202,Green Eletron,PEV fixo,Ativo,01/08/2020
2908002-000,2023,BA,Coaraci,2908002,ABREE,PEV fixo,Ativo,10/11/2023
2611606-033,2023,PE,Recife,2611606,Green Eletron,PEV fixo,Ativo,17/11/2021
4124103-000,2023,PR,  Santo Antônio da Platina ,4124103,Green Eletron,PEV fixo,Ativo,16/12/2019
3303302-003,2023,RJ,Niterói,3303302,Green Eletron,PEV fixo,Ativo,22/06/2020
2200608-000,2023,PI,Angical do Piauí,2200608,ABREE,Campanha itinerante,Ativo,21/07/2023
2111300-075,2023,MA,  São Luís ,2111300,ABREE,PEV fixo,Ativo,10/01/2022
2800308-010,2023,SE,Aracaju,2800308,Green Eletron,Ponto de consolidação,Ativo,04/08/2020
3501608-001,2023,SP,Americana,3501608,ABREE,PEV fixo,Ativo,07/11/2022
3550308-067,2023,SP,São Paulo,3550308,ABREE,PEV fixo,Ativo,06/11/2019
3205309-011,2023,ES,Vitória,3205309,ABREE,PEV fixo,Ativo,27/02/2021
3106200-048,2023,MG,Belo Horizonte,3106200,Green Eletron,Campanha itinerante,Ativo,28/02/2020
2602308-000,2023,PE,Bonito,2602308,Green Eletron,PEV fixo,Ativo,03/08/2021
2406601-000,2023,RN,Lagoa Salgada,2406601,ABREE,PEV fixo,Ativo,21/05/2022
2704302-009,2023,AL,Maceio,2704302,ABREE,PEV fixo,Ativo,08/12/2023
3545308-000,2023,SP,  Salto de Pirapora ,3545308,ABREE,Campanha itinerante,Ativo,23/03/2023
2502805-000,2023,PB,Brejo do Cruz,2502805,ABREE,PEV fixo,Ativo,10/02/2019
3147006-000,2023,MG,Paracatu,3147006,Green Eletron,PEV fixo,Ativo,17/01/2022
4106902-011,2023,PR,Curitiba,4106902,Green Eletron,PEV fixo,Ativo,02/12/2020
3550308-017,2023,SP,SÃO PAULO,3550308,Green Eletron,PEV fixo,Ativo,24/10/2019
2800308-003,2023,SE,Aracaju,2800308,Sistema individual,PEV fixo,Ativo,14/12/2019
2105922-000,2023,MA,Lagoa do Mato,2105922,Green Eletron,Ponto de consolidação,Ativo,19/07/2019
3301405-004,2023,RJ,Conceição de Macabu,3301405,ABREE,PEV fixo,Ativo,24/11/2020
2307007-000,2023,CE,JAGUARUANA,2307007,ABREE,PEV fixo,Ativo,13/08/2019
2310803-000,2023,CE,Pereiro,2310803,Sistema individual,PEV fixo,Ativo,23/04/2019
4106902-043,2023,PR,Curitiba,4106902,Green Eletron,PEV fixo,Ativo,05/12/2021
2301604-000,2023,CE,ASSARÉ,2301604,ABREE,Campanha itinerante,Ativo,26/03/2020
3554102-000,2023,SP,Taubate,3554102,ABREE,Ponto de consolidação,Ativo,11/04/2019
2919504-000,2023,BA,  Livramento de Nossa Senhora ,2919504,Green Eletron,PEV fixo,Ativo,12/12/2019
3550308-341,2023,SP,São Paulo,3550308,ABREE,PEV fixo,Ativo,11/05/2023
3551900-001,2023,SP,Severínia,3551900,ABREE,PEV fixo,Ativo,08/12/2021
3538808-036,2023,SP,Piraju,3538808,Green Eletron,Campanha itinerante,Ativo,02/04/2023
2800308-002,2023,SE,ARACAJU,2800308,Green Eletron,PEV fixo,Ativo,16/04/2019
3503703-006,2023,SP,Ariranha,3503703,Green Eletron,PEV fixo,Ativo,11/02/2022
3510708-000,2023,SP,Cardoso,3510708,ABREE,PEV fixo,Ativo,04/02/2021
3505302-000,2023,SP,  Barra Bonita ,3505302,ABREE,PEV fixo,Ativo,15/03/2023
2209351-000,2023,PI,Santana do Piauí,2209351,ABREE,PEV fixo,Ativo,10/01/2023
3550308-189,2023,SP,SÃO PAULO,3550308,ABREE,PEV fixo,Ativo,28/12/2021
3550308-145,2023,SP,SÃO PAULO,3550308,ABREE,PEV fixo,Ativo,18/07/2020
2930154-001,2023,BA,Serra do Ramalho,2930154,ABREE,PEV fixo,Ativo,14/04/2022
2111300-024,2023,MA,SÃO LUÍS,2111300,Green Eletron,PEV fixo,Ativo,19/12/2019
3550308-195,2023,SP,SÃO PAULO,3550308,Sistema individual,PEV fixo,Ativo,13/12/2021
3303302-007,2023,RJ,Niterói,3303302,ABREE,Campanha itinerante,Ativo,26/09/2021
2308351-000,2023,CE,Milhã,2308351,ABREE,PEV fixo,Ativo,26/03/2020
2607802-000,2023,PE,Itaquitinga,2607802,ABREE,PEV fixo,Ativo,15/07/2022
1600808-000,2023,AP,  Vitória do Jari ,,Green Eletron,PEV fixo,Ativo,25/10/2021
3205309-009,2023,ES,VITÓRIA,3205309,ABREE,PEV fixo,Ativo,21/06/2021
3508504-000,2023,SP,Cacapava,3508504,ABREE,Ponto de consolidação,Ativo,21/05/2023
4314902-046,2023,RS,Porto Alegre,,Sistema individual,PEV fixo,Ativo,20/03/2020
4310207-004,2023,RS,  Ijuí ,4310207,Green Eletron,PEV fixo,Ativo,04/05/2020
3160900-000,2023,MG,São Brás do Suaçuí,3160900,ABREE,PEV fixo,Ativo,17/03/2020
4106902-009,2023,PR,CURITIBA,,ABREE,PEV fixo,Ativo,21/09/2020
3525854-000,2023,SP,JUMIRIM,3525854,Green Eletron,PEV fixo,Ativo,20/05/2021
2304400-054,2023,CE,Fortaleza,2304400,Green Eletron,PEV fixo,Ativo,05/10/2021
3553955-001,2023,SP,Tarumã,3553955,Green Eletron,PEV fixo,Ativo,16/01/2021
5101001-001,2023,MT,ARAGUAIANA,5101001,Green Eletron,PEV fixo,Ativo,02/12/2022
5108956-002,2023,MT,NOVA MONTE VERDE,5108956,ABREE,PEV fixo,Ativo,25/05/2021
4305173-000,2023,RS,CERRO GRANDE DO SUL,4305173,ABREE,PEV fixo,Ativo,11/09/2020
3550308-349,2023,SP,SÃO PAULO,3550308,Green Eletron,PEV fixo,Ativo,01/11/2023
3106200-028,2023,MG,Belo Horizonte,3106200,ABREE,PEV fixo,Ativo,16/06/2020
4302402-000,2023,RS,BOM RETIRO DO SUL,4302402,Green Eletron,Campanha itinerante,Ativo,18/02/2019
5300108-005,2023,DF,Brasília,,Green Eletron,PEV fixo,Ativo,25/12/2019
2209302-001,2023,PI,SANTA LUZ,2209302,Sistema individual,PEV fixo,Ativo,02/02/2022
4205407-034,2023,SC,FLORIANÓPOLIS,4205407,Sistema individual,Ponto de consolidação,Ativo,01/01/2020
3106200-188,2023,MG,Belo Horizonte,3106200,Sistema individual,PEV fixo,Ativo,17/12/2022
4106308-000,2023,PR,Corbélia,4106308,ABREE,PEV fixo,Ativo,04/06/2019
3532009-014,2023,SP,Morungaba,3532009,ABREE,PEV fixo,Ativo,04/01/2022
3545100-002,2023,SP,SALMOURÃO,3545100,ABREE,PEV fixo,Ativo,18/08/2023
4304705-000,2023,RS,Carazinho,4304705,Green Eletron,PEV fixo,Ativo,24/02/2020
3134400-000,2023,MG,ITURAMA,3134400,Green Eletron,Ponto de consolidação,Ativo,18/09/2023
3205309-004,2023,ES,Vitória,3205309,Green Eletron,PEV fixo,Ativo,24/08/2020
2927408-127,2023,BA,Salvador,2927408,ABREE,PEV fixo,Ativo,02/07/2022
3106200-103,2023,MG,Belo Horizonte,3106200,ABREE,PEV fixo,Ativo,11/01/2021
2111300-018,2023,MA,São Luís,2111300,ABREE,PEV fixo,Ativo,03/01/2019
3527702-000,2023,SP,  Luiziânia ,3527702,Green Eletron,PEV fixo,Ativo,02/06/2019
1704600-000,2023,TO,CHAPADA DE AREIA,1704600,ABREE,Campanha itinerante,Ativo,17/11/2021
5300108-072,2023,DF,Brasília,5300108,Green Eletron,PEV fixo,Ativo,02/01/2021
2601706-000,2023,PE,Belo Jardim,2601706,ABREE,PEV fixo,Ativo,18/10/2020
2301406-000,2023,CE,Aratuba,2301406,Green Eletron,Ponto de consolidação,Ativo,01/06/2021
4117503-000,2023,PR,Paicandu,4117503,Sistema individual,PEV fixo,Ativo,01/02/2023
3550308-143,2023,SP,SÃO PAULO,3550308,ABREE,Ponto de consolidação,Ativo,24/05/2020
3304557-183,2023,RJ,Rio de Janeiro,3304557,ABREE,PEV fixo,Ativo,17/06/2023
3552700-000,2023,SP,Tabatinga,3552700,ABREE,PEV fixo,Ativo,24/01/2023
3550308-010,2023,SP,São Paulo,3550308,ABREE,PEV fixo,Ativo,15/10/2019
3530102-007,2023,SP,Mirandópolis,3530102,ABREE,Ponto de consolidação,Ativo,19/06/2023
3518503-001,2023,SP,Guareí,3518503,Green Eletron,Campanha itinerante,Ativo,28/09/2022
2603207-000,2023,PE,Caetés,2603207,ABREE,PEV fixo,Ativo,07/05/2019
4307708-000,2023,RS,ESTEIO,4307708,ABREE,PEV fixo,Ativo,19/10/2020
4322343-000,2023,RS,Ubiretama,4322343,Green Eletron,PEV fixo,Ativo,25/07/2021
3304557-079,2023,RJ,RIO DE JANEIRO,3304557,Green Eletron,PEV fixo,Ativo,22/06/2021
3137809-000,2023,MG,Lambari,,ABREE,PEV fixo,Ativo,10/06/2019
3139508-000,2023,MG,Manhumirim,3139508,ABREE,Ponto de consolidação,Inativo,28/09/2019
2302305-002,2023,CE,Bela Cruz,2302305,ABREE,PEV fixo,Ativo,15/09/2023
4106902-058,2023,PR,  Curitiba ,4106902,Green Eletron,PEV fixo,Ativo,20/11/2022
1713700-000,2023,TO,Monte Santo do Tocantins,1713700,Green Eletron,PEV fixo,Ativo,09/11/2020
3151404-000,2023,MG,PITANGUI,3151404,ABREE,PEV fixo,Ativo,26/02/2023
1703073-000,2023,TO,Barra do Ouro,1703073,ABREE,PEV fixo,Ativo,27/05/2023
2800308-023,2023,SE,Aracaju,2800308,ABREE,PEV fixo,Ativo,20/10/2022
3304557-160,2023,RJ,Rio de Janeiro,3304557,ABREE,PEV fixo,Ativo,21/11/2023
3545506-000,2023,SP,Sandovalina,3545506,Green Eletron,Campanha itinerante,Ativo,06/03/2019
5003488-000,2023,MS,Dois Irmãos do Buriti,5003488,Green Eletron,PEV fixo,Ativo,18/02/2021
2507507-000,2023,PB,João Pessoa,2507507,Green Eletron,PEV fixo,Ativo,03/04/2019
3550308-257,2023,SP,SÃO PAULO,3550308,Green Eletron,PEV fixo,Ativo,18/04/2022
5219704-000,2023,GO,Santa Terezinha de Goiás,5219704,Green Eletron,PEV fixo,Ativo,11/10/2023
2903235-003,2023,BA,Barro Alto,2903235,Sistema individual,PEV fixo,Ativo,07/05/2023
3123304-000,2023,MG,Dores do Turvo,3123304,Green Eletron,PEV fixo,Ativo,14/08/2020
2614105-001,2023,PE,Sertânia,2614105,Green Eletron,PEV fixo,Ativo,25/08/2020
2304400-058,2023,CE,Fortaleza,2304400,Sistema individual,Campanha itinerante,Ativo,27/08/2021
2205565-000,2023,PI,LAGOA DO BARRO DO PIAUÍ,2205565,Sistema individual,PEV fixo,Ativo,13/01/2023
2912103-000,2023,BA,Ibicaraí,2912103,ABREE,PEV fixo,Ativo,24/11/2023
3106200-140,2023,MG,BELO HORIZONTE,3106200,Sistema individual,PEV fixo,Ativo,20/10/2021
1501402-000,2023,PA,Belem,1501402,Green Eletron,PEV fixo,Ativo,24/11/2020
5103437-000,2023,MT,Curvelândia,5103437,Green Eletron,PEV fixo,Ativo,25/12/2021
2615102-006,2023,PE,Terezinha,2615102,Sistema individual,PEV fixo,Ativo,17/05/2022
3544251-000,2023,SP,Rosana,3544251,Green Eletron,PEV fixo,Ativo,06/09/2021
2611606-045,2023,PE,RECIFE,2611606,ABREE,Ponto de consolidação,Ativo,08/11/2021
2705200-000,2023,AL,MESSIAS,2705200,ABREE,PEV fixo,Ativo,09/07/2019
5108956-001,2023,MT,Nova Monte Verde,5108956,ABREE,PEV fixo,Ativo,17/04/2020
3303005-000,2023,RJ,MIRACEMA,3303005,Green Eletron,PEV fixo,Ativo,02/06/2022
3503158-000,2023,SP,Arapeí,3503158,Green Eletron,Campanha itinerante,Ativo,05/02/2021
2501104-000,2023,PB,  Areia ,2501104,Green Eletron,PEV fixo,Ativo,14/09/2019
1506708-000,2023,PA,  Santana do Araguaia ,1506708,Green Eletron,Ponto de consolidação,Ativo,02/06/2019
1304005-005,2023,AM,Silves,1304005,ABREE,Ponto de consolidação,Ativo,04/03/2023
1302603-003,2023,AM,Manaus,1302603,Green Eletron,PEV fixo,Ativo,18/12/2019
3555109-016,2023,SP,TUPI PAULISTA,3555109,Green Eletron,PEV fixo,Ativo,24/12/2023
2927408-043,2023,BA,Salvador,2927408,Sistema individual,Ponto de consolidação,Ativo,20/08/2019
4215752-000,2023,SC,SÃO BERNARDINO,4215752,Green Eletron,PEV fixo,Ativo,15/05/2019
3120003-000,2023,MG,CÓRREGO NOVO,3120003,Green Eletron,PEV fixo,Ativo,28/02/2023
3109204-001,2023,MG,Buenópolis,3109204,ABREE,PEV fixo,Ativo,20/03/2022
2612455-000,2023,PE,Santa Cruz,2612455,ABREE,PEV fixo,Ativo,19/12/2023
4106902-044,2023,PR,Curitiba,4106902,Green Eletron,PEV fixo,Ativo,24/08/2021
3524006-000,2023,SP,Itupeva,3524006,Green Eletron,PEV fixo,Ativo,19/08/2022
4314902-005,2023,RS,Porto Alegre,4314902,Sistema individual,PEV fixo,Ativo,23/10/2020
2914901-001,2023,BA,Itacaré,2914901,ABREE,Ponto de consolidação,Ativo,09/07/2022
4202909-000,2023,SC,Brusque,4202909,Green Eletron,PEV fixo,Ativo,16/10/2022
4124400-000,2023,PR,  Santo Antônio do Sudoeste ,4124400,ABREE,PEV fixo,Ativo,12/01/2019
3522653-000,2023,SP,ITAPIRAPUÃ PAULISTA,3522653,ABREE,Ponto de consolidação,Ativo,28/12/2019
1600154-000,2023,AP,Pedra Branca do Amapari,1600154,Green Eletron,PEV fixo,Ativo,08/07/2020
3163102-000,2023,MG,São José da Varginha,3163102,Green Eletron,PEV fixo,Ativo,24/08/2019
3550308-294,2023,SP,Sao Paulo,3550308,Green Eletron,Campanha itinerante,Ativo,02/12/2022
3550308-015,2023,SP,SÃO PAULO,3550308,ABREE,PEV fixo,Ativo,09/07/2019
3304557-180,2023,RJ,Rio de Janeiro,3304557,ABREE,Campanha itinerante,Ativo,12/10/2023
2611606-065,2023,PE,Recife,2611606,Green Eletron,Campanha itinerante,Inativo,12/10/2022
3517703-004,2023,SP,GUARÁ,3517703,Green Eletron,PEV fixo,Ativo,21/01/2023
3525201-000,2023,SP,  Jarinu ,3525201,ABREE,PEV fixo,Ativo,05/11/2020
3532009-007,2023,SP,Morungaba,3532009,ABREE,PEV fixo,Ativo,03/08/2020
3150158-000,2023,MG,Piedade de Caratinga,3150158,ABREE,PEV fixo,Ativo,28/04/2019
4104600-000,2023,PR,CAPITÃO LEÔNIDAS MARQUES,4104600,Green Eletron,PEV fixo,Ativo,28/07/2023
2210383-000,2023,PI,São Miguel da Baixa Grande,2210383,Green Eletron,Campanha itinerante,Inativo,10/07/2023
3301504-000,2023,RJ,CORDEIRO,3301504,Green Eletron,PEV fixo,Ativo,07/07/2019
2611606-044,2023,PE,Recife,2611606,Green Eletron,PEV fixo,Ativo,22/07/2021
3502408-000,2023,SP,Anhumas,3502408,Green Eletron,PEV fixo,Ativo,07/02/2021
3160207-008,2023,MG,  Santo Antônio do Itambé ,3160207,Sistema individual,PEV fixo,Ativo,04/04/2022
1506807-000,2023,PA,Santarém,1506807,ABREE,PEV fixo,Ativo,05/01/2020
4102000-000,2023,PR,  Assis Chateaubriand ,4102000,ABREE,PEV fixo,Inativo,18/08/2022
4205407-046,2023,SC,FLORIANÓPOLIS,4205407,ABREE,PEV fixo,Ativo,13/10/2021
3550308-285,2023,SP,São Paulo,3550308,ABREE,PEV fixo,Ativo,18/03/2022
1300144-001,2023,AM,Apuí,1300144,ABREE,PEV fixo,Ativo,15/01/2022
2907707-001,2023,BA,Chorrochó,,Green Eletron,PEV fixo,Ativo,05/05/2023
3158953-000,2023,MG,SANTANA DO PARAÍSO,3158953,ABREE,PEV fixo,Ativo,02/03/2022
3106200-121,2023,MG,Belo Horizonte,3106200,ABREE,PEV fixo,Ativo,24/12/2021
5200050-000,2023,GO,Abadia de Goiás,5200050,ABREE,PEV fixo,Ativo,17/05/2023
3550308-153,2023,SP,São Paulo,3550308,ABREE,PEV fixo,Ativo,03/12/2020
3100708-000,2023,MG,ÁGUA COMPRIDA,3100708,Green Eletron,PEV fixo,Ativo,26/05/2022
3106200-094,2023,MG,BELO HORIZONTE,3106200,ABREE,PEV fixo,Ativo,21/01/2020
3172004-000,2023,MG,Visconde do Rio Branco,3172004,Green Eletron,PEV fixo,Ativo,06/07/2019
3550308-323,2023,SP,SÃO PAULO,3550308,Green Eletron,PEV fixo,Ativo,07/01/2023
3521903-000,2023,SP,  Itajobi ,3521903,Green Eletron,PEV fixo,Ativo,18/04/2019
3301108-006,2023,RJ,Cantagalo,3301108,ABREE,PEV fixo,Ativo,07/12/2020
3144672-000,2023,MG,  Nova Belém ,3144672,ABREE,PEV fixo,Ativo,04/08/2022
3550308-203,2023,SP,São Paulo,3550308,ABREE,PEV fixo,Ativo,20/09/2021
3302056-000,2023,RJ,Italva,3302056,Green Eletron,Ponto de consolidação,Ativo,07/12/2023
2111300-023,2023,MA,São Luís,2111300,Green Eletron,PEV fixo,Ativo,18/11/2019
3501103-002,2023,SP,Alto Alegre,3501103,Green Eletron,Campanha itinerante,Ativo,15/05/2021
3550308-093,2023,SP,São Paulo,3550308,ABREE,PEV fixo,Ativo,10/04/2019
2902104-000,2023,BA,Araci,2902104,ABREE,PEV fixo,Ativo,13/01/2021
2608107-000,2023,PE,JOÃO ALFREDO,2608107,Green Eletron,Campanha itinerante,Ativo,14/04/2019
3106200-168,2023,MG,BELO HORIZONTE,3106200,Green Eletron,PEV fixo,Ativo,09/01/2022
3550308-250,2023,SP,São Paulo,3550308,ABREE,Campanha itinerante,Ativo,23/02/2021
2300705-011,2023,CE,Alto Santo,2300705,ABREE,PEV fixo,Ativo,25/06/2023
3301207-002,2023,RJ,Carmo,3301207,ABREE,PEV fixo,Ativo,07/12/2022
3106200-151,2023,MG,Belo Horizonte,3106200,ABREE,PEV fixo,Ativo,22/01/2021
3106200-221,2023,MG,Belo Horizonte,3106200,ABREE,PEV fixo,Ativo,15/11/2023
3304557-088,2023,RJ,Rio de Janeiro,3304557,Sistema individual,Ponto de consolidação,Ativo,23/10/2021
3556404-000,2023,SP,Vargem Grande do Sul,3556404,ABREE,PEV fixo,Ativo,27/04/2021
1508209-011,2023,PA,Vigia,1508209,ABREE,Ponto de consolidação,Ativo,28/07/2023
3304557-194,2023,RJ,RIO DE JANEIRO,3304557,ABREE,PEV fixo,Ativo,19/02/2023
2608701-000,2023,PE,Lagoa dos Gatos,2608701,ABREE,PEV fixo,Ativo,09/03/2020
2916203-000,2023,BA,Itape,2916203,Green Eletron,PEV fixo,Ativo,13/03/2020
2111706-000,2023,MA,Sao Vicente Ferrer,2111706,ABREE,Ponto de consolidação,Ativo,04/08/2019
2921609-000,2023,BA,Morpará,2921609,ABREE,PEV fixo,Ativo,02/08/2022
1507979-000,2023,PA,Terra Santa,1507979,Green Eletron,Ponto de consolidação,Ativo,28/04/2023
2931509-001,2023,BA,Teofilandia,2931509,Green Eletron,PEV fixo,Ativo,28/03/2022
4115457-005,2023,PR,MARQUINHO,4115457,Green Eletron,PEV fixo,Ativo,16/02/2021
2300705-007,2023,CE,ALTO SANTO,2300705,Sistema individual,PEV fixo,Ativo,25/10/2021
3304557-124,2023,RJ,Rio de Janeiro,3304557,ABREE,Campanha itinerante,Ativo,08/06/2022
5103502-000,2023,MT,Diamantino,5103502,Green Eletron,PEV fixo,Ativo,13/05/2019
2930006-000,2023,BA,  Sebastião Laranjeiras ,2930006,ABREE,PEV fixo,Ativo,03/05/2022
3120409-000,2023,MG,Cristiano Otoni,3120409,ABREE,PEV fixo,Ativo,18/11/2023
2611606-007,2023,PE,Recife,2611606,Sistema individual,PEV fixo,Ativo,14/12/2020
3304508-014,2023,RJ,Rio das Flores,3304508,Green Eletron,PEV fixo,Ativo,02/03/2023
3106200-234,2023,MG,Belo Horizonte,3106200,ABREE,PEV fixo,Ativo,15/08/2023
2103406-001,2023,MA,Coelho Neto,2103406,Green Eletron,PEV fixo,Ativo,07/08/2023
2202455-000,2023,PI,Capitão Gervásio Oliveira,2202455,Green Eletron,PEV fixo,Ativo,07/12/2023
3512001-000,2023,SP,Colina,3512001,ABREE,PEV fixo,Ativo,02/05/2021
2409407-000,2023,RN,Pau dos Ferros,2409407,Green Eletron,PEV fixo,Ativo,23/09/2022
4314902-099,2023,RS,Porto Alegre,4314902,ABREE,Ponto de consolidação,Ativo,01/04/2022
3507753-000,2023,SP,Brejo Alegre,3507753,ABREE,PEV fixo,Ativo,09/01/2022
2930774-000,2023,BA,SOBRADINHO,2930774,Green Eletron,Ponto de consolidação,Ativo,24/02/2022
3124302-000,2023,MG,Espinosa,3124302,ABREE,PEV fixo,Ativo,01/10/2021
5002704-010,2023,MS,Campo Grande,5002704,Green Eletron,Ponto de consolidação,Ativo,10/01/2022
3550308-316,2023,SP,SÃO PAULO,,Green Eletron,PEV fixo,Ativo,28/06/2022
2928307-001,2023,BA,Santanopolis,2928307,ABREE,Campanha itinerante,Ativo,15/08/2022
3300308-010,2023,RJ,Barra do Piraí,3300308,Green Eletron,PEV fixo,Ativo,12/10/2022
4316436-000,2023,RS,Saldanha Marinho,4316436,Green Eletron,PEV fixo,Ativo,15/07/2020
2903508-001,2023,BA,Belo Campo,2903508,ABREE,Campanha itinerante,Ativo,13/09/2020
2927408-015,2023,BA,Salvador,2927408,ABREE,PEV fixo,Ativo,12/06/2019
2927408-086,2023,BA,SALVADOR,2927408,ABREE,PEV fixo,Ativo,24/06/2021
3106002-002,2023,MG,Bela Vista de Minas,3106002,ABREE,PEV fixo,Ativo,10/08/2023
3541901-000,2023,SP,Queluz,3541901,ABREE,PEV fixo,Ativo,10/06/2020
3550308-007,2023,SP,Sao Paulo,3550308,Green Eletron,PEV fixo,Ativo,10/04/2019
4205407-017,2023,SC,Florianópolis,4205407,Green Eletron,PEV fixo,Ativo,21/10/2019
4314902-123,2023,RS,Porto Alegre,4314902,Sistema individual,PEV fixo,Ativo,22/06/2022
4128401-000,2023,PR,Urai,4128401,ABREE,Ponto de consolidação,Ativo,03/05/2020
4314902-072,2023,RS,  Porto Alegre ,4314902,Sistema individual,Ponto de consolidação,Ativo,11/08/2021
3525201-004,2023,SP,Jarinu,3525201,Green Eletron,Campanha itinerante,Ativo,23/03/2020
3302502-001,2023,RJ,Magé,3302502,Sistema individual,PEV fixo,Ativo,22/04/2020
3301405-001,2023,RJ,Conceição de Macabu,3301405,ABREE,PEV fixo,Ativo,01/05/2019
2300705-009,2023,CE,ALTO SANTO,2300705,ABREE,PEV fixo,Ativo,21/03/2022
2111003-000,2023,MA,São João Batista,2111003,Green Eletron,PEV fixo,Ativo,13/11/2021
2207850-002,2023,PI,PAVUSSU,2207850,Green Eletron,PEV fixo,Ativo,14/01/2023
4205407-057,2023,SC,Florianópolis,4205407,ABREE,Campanha itinerante,Ativo,14/09/2021
2933307-001,2023,BA,Vitória da Conquista,2933307,ABREE,PEV fixo,Ativo,02/05/2022
3557105-000,2023,SP,Votuporanga,3557105,ABREE,PEV fixo,Ativo,22/03/2020
1501402-031,2023,PA,Belém,1501402,ABREE,Campanha itinerante,Ativo,05/06/2023
3106200-167,2023,MG,BELO HORIZONTE,3106200,Green Eletron,PEV fixo,Ativo,05/08/2022
2800308-025,2023,SE,ARACAJU,2800308,Sistema individual,PEV fixo,Ativo,22/10/2023
4205407-066,2023,SC,Florianópolis,4205407,Green Eletron,PEV fixo,Ativo,26/08/2022
3550308-069,2023,SP,São Paulo,3550308,ABREE,PEV fixo,Ativo,21/01/2019
3114303-000,2023,MG,Carmo do Paranaíba,3114303,Green Eletron,PEV fixo,Ativo,12/06/2023
3541059-000,2023,SP,Pratânia,3541059,ABREE,PEV fixo,Ativo,18/12/2019
3550308-076,2023,SP,Sao Paulo,3550308,Green Eletron,PEV fixo,Ativo,03/09/2019
2200459-000,2023,PI,  Alvorada do Gurguéia ,2200459,ABREE,PEV fixo,Ativo,07/02/2022
4305850-000,2023,RS,Coqueiros do Sul,4305850,ABREE,Ponto de consolidação,Ativo,07/07/2023
5208707-023,2023,GO,Goiania,5208707,ABREE,PEV fixo,Ativo,22/11/2023
3106200-058,2023,MG,BELO HORIZONTE,3106200,ABREE,PEV fixo,Ativo,07/03/2020
3167509-000,2023,MG,Simão Pereira,3167509,Sistema individual,PEV fixo,Ativo,16/01/2021
3106200-160,2023,MG,Belo Horizonte,3106200,Green Eletron,Campanha itinerante,Ativo,06/02/2022
5205497-000,2023,GO,Cidade Ocidental,5205497,ABREE,PEV fixo,Ativo,01/11/2019
2701308-000,2023,AL,CAJUEIRO,2701308,Green Eletron,Ponto de consolidação,Ativo,23/08/2019
2912608-000,2023,BA,IBIQUERA,2912608,Green Eletron,PEV fixo,Ativo,01/07/2022
3303302-000,2023,RJ,Niteroi,3303302,Green Eletron,PEV fixo,Ativo,25/01/2020
2111300-016,2023,MA,São Luís,2111300,Green Eletron,PEV fixo,Ativo,07/05/2019
3300258-004,2023,RJ,Arraial do Cabo,3300258,ABREE,PEV fixo,Ativo,18/06/2023
3200359-000,2023,ES,Alto Rio Novo,3200359,ABREE,PEV fixo,Ativo,01/09/2022
2928307-000,2023,BA,Santanópolis,2928307,ABREE,PEV fixo,Ativo,22/10/2021
2312601-000,2023,CE,São Luís do Curu,2312601,Green Eletron,PEV fixo,Ativo,27/03/2020
3304557-050,2023,RJ,Rio de Janeiro,3304557,Green Eletron,PEV fixo,Ativo,06/09/2020
3304557-172,2023,RJ,Rio de Janeiro,3304557,Green Eletron,PEV fixo,Ativo,23/04/2023
4310207-008,2023,RS,Ijui,4310207,Green Eletron,PEV fixo,Ativo,24/07/2022
2927408-076,2023,BA,Salvador,2927408,ABREE,PEV fixo,Ativo,08/08/2021
2615102-002,2023,PE,Terezinha,2615102,Green Eletron,PEV fixo,Ativo,27/01/2019
4314902-055,2023,RS,PORTO ALEGRE,4314902,Green Eletron,PEV fixo,Ativo,13/04/2021
3510708-001,2023,SP,CARDOSO,3510708,ABREE,PEV fixo,Ativo,13/08/2021
3523602-000,2023,SP,  Itirapina ,3523602,Green Eletron,Campanha itinerante,Ativo,10/05/2019
4120150-000,2023,PR,PORTO BARREIRO,4120150,Green Eletron,PEV fixo,Ativo,14/02/2019
2207777-000,2023,PI,PATOS DO PIAUÍ,2207777,ABREE,PEV fixo,Ativo,02/03/2022
1302405-000,2023,AM,Lábrea,1302405,ABREE,Campanha itinerante,Ativo,07/05/2020
3509452-000,2023,SP,Campina do Monte Alegre,3509452,ABREE,PEV fixo,Ativo,10/01/2019
2704302-003,2023,AL,MACEIÓ,2704302,Sistema individual,Ponto de consolidação,Ativo,04/04/2020
5208707-015,2023,GO,Goiânia,5208707,ABREE,PEV fixo,Ativo,14/07/2021
1101807-000,2023,RO,VALE DO PARAÍSO,1101807,Green Eletron,PEV fixo,Ativo,09/08/2019
3510302-001,2023,SP,CAPELA DO ALTO,3510302,ABREE,PEV fixo,Ativo,25/07/2022
3134202-000,2023,MG,Ituiutaba,3134202,ABREE,PEV fixo,Ativo,03/07/2019
3549904-008,2023,SP,SÃO JOSÉ DOS CAMPOS,3549904,Green Eletron,Campanha itinerante,Ativo,07/02/2023
3503703-003,2023,SP,Ariranha,3503703,ABREE,PEV fixo,Ativo,25/04/2021
2304400-000,2023,CE,Fortaleza,2304400,ABREE,PEV fixo,Ativo,25/09/2019
4213807-000,2023,SC,Praia Grande,4213807,ABREE,PEV fixo,Ativo,23/04/2021
3106200-223,2023,MG,Belo Horizonte,3106200,Green Eletron,PEV fixo,Ativo,07/07/2023
2800308-012,2023,SE,ARACAJU,2800308,ABREE,PEV fixo,Ativo,23/03/2020
3532504-006,2023,SP,Neves Paulista,3532504,ABREE,Campanha itinerante,Ativo,28/01/2023
3550308-118,2023,SP,  São Paulo ,3550308,Green Eletron,PEV fixo,Ativo,10/12/2020
4314902-073,2023,RS,Porto Alegre,4314902,Green Eletron,PEV fixo,Ativo,25/10/2021
2313906-000,2023,CE,Uruoca,2313906,Green Eletron,PEV fixo,Ativo,19/07/2023
3166204-000,2023,MG,Senhora dos Remedios,3166204,Sistema individual,PEV fixo,Ativo,25/04/2021
1501402-029,2023,PA,BELÉM,1501402,Sistema individual,Campanha itinerante,Ativo,19/03/2023
4205407-069,2023,SC,Florianópolis,4205407,ABREE,PEV fixo,Ativo,19/05/2022
3128907-000,2023,MG,Guimarania,3128907,ABREE,PEV fixo,Ativo,24/01/2023
4106902-073,2023,PR,  Curitiba ,4106902,ABREE,PEV fixo,Ativo,05/06/2023
4314902-147,2023,RS,  Porto Alegre ,4314902,ABREE,PEV fixo,Ativo,28/09/2023
3134608-000,2023,MG,Jaboticatubas,3134608,ABREE,PEV fixo,Ativo,14/01/2023
3550308-307,2023,SP,São Paulo,3550308,ABREE,PEV fixo,Ativo,04/08/2022
5208707-007,2023,GO,Goiania,5208707,Green Eletron,PEV fixo,Ativo,01/07/2020
2513000-001,2023,PB,SALGADINHO,2513000,Green Eletron,PEV fixo,Ativo,26/01/2022
4217253-000,2023,SC,Sao Pedro de Alcantara,4217253,Green Eletron,Campanha itinerante,Ativo,23/10/2019
3171808-000,2023,MG,Virginópolis,3171808,ABREE,PEV fixo,Ativo,08/09/2021
3303302-001,2023,RJ,  Niterói ,3303302,Green Eletron,Ponto de consolidação,Ativo,08/07/2020
5005152-001,2023,MS,Juti,5005152,Green Eletron,PEV fixo,Ativo,22/06/2022
1501402-030,2023,PA,Belem,1501402,Green Eletron,PEV fixo,Ativo,02/07/2023
3550308-073,2023,SP,SÃO PAULO,3550308,Green Eletron,PEV fixo,Ativo,28/09/2019
5002704-004,2023,MS,  Campo Grande ,5002704,ABREE,PEV fixo,Ativo,17/06/2020
2906006-001,2023,BA,Campo Formoso,2906006,ABREE,PEV fixo,Ativo,18/08/2022
4311130-000,2023,RS,JARI,4311130,ABREE,PEV fixo,Ativo,11/06/2019
3304557-078,2023,RJ,Rio de Janeiro,3304557,ABREE,Ponto de consolidação,Ativo,26/08/2021
3106200-086,2023,MG,Belo Horizonte,3106200,ABREE,PEV fixo,Ativo,09/10/2020
3532827-000,2023,SP,Nova Campina,3532827,Green Eletron,Ponto de consolidação,Ativo,24/03/2020
1300805-001,2023,AM,Borba,1300805,Green Eletron,PEV fixo,Ativo,14/04/2021
2600708-002,2023,PE,ALIANÇA,2600708,ABREE,PEV fixo,Ativo,27/09/2023
2605806-007,2023,PE,Frei Miguelinho,2605806,ABREE,PEV fixo,Ativo,06/09/2022
4205407-053,2023,SC,Florianopolis,4205407,ABREE,PEV fixo,Ativo,18/06/2021
2611606-048,2023,PE,Recife,2611606,ABREE,PEV fixo,Ativo,14/08/2021
3542800-000,2023,SP,RIBEIRA,3542800,Sistema individual,PEV fixo,Ativo,22/04/2022
3550308-254,2023,SP,SÃO PAULO,3550308,ABREE,PEV fixo,Inativo,13/06/2022
2605806-000,2023,PE,  Frei Miguelinho ,2605806,Green Eletron,Ponto de consolidação,Ativo,23/11/2019
2311207-001,2023,CE,POTENGI,2311207,Green Eletron,Ponto de consolidação,Ativo,16/05/2022
3304557-049,2023,RJ,  Rio de Janeiro ,,Sistema individual,PEV fixo,Ativo,08/09/2020
3517000-000,2023,SP,Getulina,3517000,Green Eletron,PEV fixo,Ativo,20/08/2021
3106200-231,2023,MG,BELO HORIZONTE,3106200,ABREE,PEV fixo,Ativo,11/11/2023
2913457-000,2023,BA,Igrapiuna,2913457,Green Eletron,Ponto de consolidação,Ativo,18/11/2020
5003207-000,2023,MS,CORUMBÁ,5003207,Green Eletron,Ponto de consolidação,Ativo,23/10/2023
3167905-000,2023,MG,Tabuleiro,3167905,Green Eletron,PEV fixo,Inativo,01/07/2019
2611606-069,2023,PE,Recife,2611606,ABREE,PEV fixo,Ativo,05/10/2022
3140852-000,2023,MG,Matias Cardoso,3140852,Sistema individual,PEV fixo,Ativo,24/11/2020
2209153-000,2023,PI,  Santa Cruz dos Milagres ,2209153,ABREE,PEV fixo,Ativo,16/03/2021
2201309-000,2023,PI,BARREIRAS DO PIAUÍ,2201309,ABREE,PEV fixo,Ativo,04/07/2023
3136405-000,2023,MG,Joaquim Felício,3136405,ABREE,Campanha itinerante,Ativo,07/08/2019
1506138-000,2023,PA,Redencao,1506138,Green Eletron,PEV fixo,Ativo,05/12/2023
2111300-028,2023,MA,São Luís,2111300,Green Eletron,PEV fixo,Ativo,08/09/2019
4314902-094,2023,RS,Porto Alegre,4314902,Sistema individual,PEV fixo,Ativo,16/12/2022
3106200-141,2023,MG,Belo Horizonte,3106200,ABREE,PEV fixo,Ativo,13/02/2021
2304400-032,2023,CE,FORTALEZA,2304400,Green Eletron,PEV fixo,Ativo,26/01/2020
5300108-083,2023,DF,BRASÍLIA,5300108,Green Eletron,PEV fixo,Inativo,08/12/2022
3514106-000,2023,SP,Dois Corregos,3514106,ABREE,PEV fixo,Ativo,24/12/2021
3167202-002,2023,MG,SETE LAGOAS,3167202,ABREE,PEV fixo,Ativo,13/06/2022
4304622-000,2023,RS,Capão Bonito do Sul,4304622,Green Eletron,Campanha itinerante,Ativo,09/06/2019
4318614-000,2023,RS,São José do Sul,4318614,Green Eletron,PEV fixo,Ativo,27/01/2019
3550308-293,2023,SP,São Paulo,3550308,ABREE,PEV fixo,Ativo,20/11/2022
3102407-000,2023,MG,Alvorada de Minas,3102407,Green Eletron,PEV fixo,Ativo,13/05/2022
1100205-012,2023,RO,Porto Velho,1100205,Green Eletron,PEV fixo,Ativo,06/12/2023
4316105-000,2023,RS,RONDA ALTA,4316105,ABREE,PEV fixo,Ativo,09/06/2023
3538808-021,2023,SP,PIRAJU,3538808,ABREE,PEV fixo,Ativo,07/08/2021
3106606-000,2023,MG,BERTÓPOLIS,3106606,ABREE,Ponto de consolidação,Ativo,27/05/2020
3542107-000,2023,SP,Rafard,3542107,Green Eletron,PEV fixo,Ativo,03/06/2023
3550308-290,2023,SP,São Paulo,3550308,Green Eletron,PEV fixo,Ativo,25/04/2022
2408102-005,2023,RN,Natal,2408102,Green Eletron,PEV fixo,Ativo,13/06/2020
3550308-048,2023,SP,São Paulo,3550308,ABREE,PEV fixo,Ativo,12/06/2019
3106200-145,2023,MG,Belo Horizonte,3106200,ABREE,PEV fixo,Ativo,23/07/2021
2203750-000,2023,PI,Fartura do Piauí,2203750,ABREE,PEV fixo,Ativo,15/06/2021
3303856-001,2023,RJ,Paty do Alferes,3303856,ABREE,PEV fixo,Ativo,23/11/2023
2111300-034,2023,MA,SÃO LUÍS,2111300,ABREE,PEV fixo,Ativo,17/08/2020
2704500-000,2023,AL,Maragogi,2704500,Sistema individual,PEV fixo,Inativo,02/04/2019
3525201-006,2023,SP,Jarinu,3525201,ABREE,PEV fixo,Ativo,19/04/2021
1100205-004,2023,RO,Porto Velho,1100205,ABREE,PEV fixo,Ativo,12/12/2021
2111300-065,2023,MA,SÃO LUÍS,2111300,ABREE,PEV fixo,Ativo,28/05/2021
3541653-006,2023,SP,Quadra,3541653,ABREE,PEV fixo,Ativo,10/01/2023
4314902-066,2023,RS,Porto Alegre,4314902,Sistema individual,PEV fixo,Ativo,20/02/2021
3164704-000,2023,MG,São Sebastião do Paraíso,3164704,ABREE,PEV fixo,Ativo,06/08/2020
3550308-305,2023,SP,São Paulo,3550308,ABREE,PEV fixo,Ativo,22/07/2022
3304557-033,2023,RJ,Rio de Janeiro,3304557,Green Eletron,Ponto de consolidação,Ativo,26/07/2020
5214838-000,2023,GO,Nova Crixas,5214838,ABREE,PEV fixo,Ativo,03/02/2022
3300902-005,2023,RJ,  Cambuci ,3300902,Green Eletron,PEV fixo,Ativo,24/09/2022
3304557-014,2023,RJ,Rio de Janeiro,3304557,ABREE,PEV fixo,Ativo,24/03/2020
3301108-005,2023,RJ,Cantagalo,3301108,Green Eletron,PEV fixo,Ativo,07/09/2020
4314902-015,2023,RS,  Porto Alegre ,4314902,ABREE,PEV fixo,Ativo,17/05/2020
4120606-000,2023,PR,Prudentópolis,4120606,ABREE,PEV fixo,Ativo,04/01/2022
3169307-000,2023,MG,TRÊS CORAÇÕES,3169307,Green Eletron,PEV fixo,Ativo,26/02/2020
3549706-004,2023,SP,São José do Rio Pardo,3549706,ABREE,PEV fixo,Inativo,19/06/2022
2412005-000,2023,RN,SÃO GONÇALO DO AMARANTE,2412005,ABREE,PEV fixo,Ativo,06/12/2022
2111300-012,2023,MA,São Luís,2111300,ABREE,PEV fixo,Ativo,07/02/2019
3302858-000,2023,RJ,Mesquita,3302858,Green Eletron,PEV fixo,Ativo,04/09/2020
4314902-156,2023,RS,Porto Alegre,4314902,Green Eletron,PEV fixo,Ativo,27/11/2023
4111555-000,2023,PR,IVATÉ,4111555,Green Eletron,PEV fixo,Ativo,05/06/2023
4119954-000,2023,PR,Pontal do Paraná,4119954,Green Eletron,PEV fixo,Ativo,22/01/2022
4119905-000,2023,PR,Ponta Grossa,4119905,Sistema individual,Campanha itinerante,Ativo,03/08/2019
3508405-001,2023,SP,Cabreúva,3508405,ABREE,PEV fixo,Ativo,07/10/2022
4320263-000,2023,RS,SEGREDO,4320263,ABREE,PEV fixo,Ativo,18/12/2022
3113107-000,2023,MG,CARANAÍBA,3113107,ABREE,PEV fixo,Ativo,23/06/2023
4106902-013,2023,PR,Curitiba,4106902,ABREE,PEV fixo,Ativo,13/04/2020
3304557-157,2023,RJ,Rio de Janeiro,3304557,Green Eletron,PEV fixo,Ativo,27/10/2022
3105400-000,2023,MG,Barão de Cocais,3105400,ABREE,PEV fixo,Ativo,21/10/2022
2922656-006,2023,BA,Nordestina,2922656,ABREE,PEV fixo,Ativo,18/04/2022
2611705-000,2023,PE,Riacho das Almas,2611705,Green Eletron,PEV fixo,Ativo,03/11/2022
3532900-012,2023,SP,Nova Europa,3532900,Green Eletron,PEV fixo,Ativo,24/12/2020
4101804-000,2023,PR,Araucária,4101804,ABREE,Campanha itinerante,Ativo,24/05/2021
3301405-005,2023,RJ,Conceição de Macabu,3301405,Green Eletron,Ponto de consolidação,Ativo,24/06/2020
3501152-000,2023,SP,ALUMÍNIO,3501152,ABREE,PEV fixo,Ativo,24/06/2021
4201273-000,2023,SC,Arabutã,4201273,ABREE,PEV fixo,Ativo,22/06/2021
3205309-007,2023,ES,Vitória,3205309,Green Eletron,PEV fixo,Ativo,14/12/2020
5300108-091,2023,DF,Brasília,5300108,ABREE,PEV fixo,Ativo,14/10/2022
4119707-000,2023,PR,Planaltina do Paraná,4119707,ABREE,PEV fixo,Ativo,04/03/2019
2409506-000,2023,RN,Pedra Grande,2409506,Green Eletron,Ponto de consolidação,Ativo,16/10/2022
3508306-002,2023,SP,CABRÁLIA PAULISTA,3508306,ABREE,Campanha itinerante,Ativo,07/04/2020
1304260-001,2023,AM,Uarini,1304260,Green Eletron,PEV fixo,Ativo,06/06/2021
2611606-016,2023,PE,Recife,2611606,ABREE,Ponto de consolidação,Ativo,22/12/2020
3305505-002,2023,RJ,Saquarema,3305505,ABREE,PEV fixo,Ativo,12/11/2022
2602704-002,2023,PE,Buenos Aires,2602704,Sistema individual,PEV fixo,Ativo,19/09/2023
5103403-006,2023,MT,CUIABÁ,5103403,Green Eletron,PEV fixo,Ativo,25/04/2021
3300951-003,2023,RJ,COMENDADOR LEVY GASPARIAN,3300951,Green Eletron,PEV fixo,Ativo,06/02/2021
5218904-000,2023,GO,Rubiataba,5218904,ABREE,PEV fixo,Ativo,16/06/2019
4314902-019,2023,RS,Porto Alegre,4314902,Green Eletron,PEV fixo,Ativo,13/04/2020
4308854-000,2023,RS,Gentil,4308854,ABREE,PEV fixo,Ativo,24/08/2023
4207700-000,2023,SC,IPUMIRIM,4207700,Green Eletron,PEV fixo,Ativo,04/11/2020
4314902-079,2023,RS,Porto Alegre,4314902,ABREE,PEV fixo,Ativo,27/11/2021
3547908-000,2023,SP,Santo Antônio da Alegria,3547908,ABREE,PEV fixo,Ativo,27/01/2020
1304260-003,2023,AM,Uarini,1304260,Green Eletron,PEV fixo,Ativo,25/09/2022
3304557-080,2023,RJ,Rio de Janeiro,3304557,Green Eletron,Ponto de consolidação,Ativo,28/08/2021
3510302-000,2023,SP,CAPELA DO ALTO,3510302,ABREE,PEV fixo,Ativo,13/01/2021
2805109-000,2023,SE,  Pedrinhas ,2805109,Green Eletron,PEV fixo,Ativo,01/02/2019
4312674-000,2023,RS,Nicolau Vergueiro,4312674,ABREE,PEV fixo,Ativo,23/10/2020
3532900-021,2023,SP,Nova Europa,3532900,ABREE,PEV fixo,Ativo,07/10/2022
3543006-000,2023,SP,Ribeirão Branco,3543006,ABREE,PEV fixo,Ativo,11/06/2019
4200507-000,2023,SC,  Águas de Chapecó ,4200507,ABREE,PEV fixo,Ativo,03/04/2019
5200803-000,2023,GO,  Alvorada do Norte ,5200803,ABREE,PEV fixo,Ativo,10/03/2020
3106200-133,2023,MG,Belo Horizonte,3106200,ABREE,PEV fixo,Ativo,08/01/2021
2207751-000,2023,PI,Passagem Franca do Piauí,2207751,ABREE,PEV fixo,Ativo,02/04/2021
3106200-216,2023,MG,Belo Horizonte,3106200,ABREE,PEV fixo,Ativo,11/02/2022
1200054-000,2023,AC,Assis Brasil,1200054,ABREE,PEV fixo,Ativo,13/08/2021
3106200-262,2023,MG,Belo Horizonte,3106200,ABREE,PEV fixo,Ativo,26/08/2023
2927408-100,2023,BA,Salvador,2927408,ABREE,PEV fixo,Ativo,06/12/2021
2921401-001,2023,BA,Mirangaba,2921401,ABREE,PEV fixo,Ativo,04/06/2023
3304557-000,2023,RJ,Rio de Janeiro,3304557,Green Eletron,PEV fixo,Ativo,12/12/2020
2928901-000,2023,BA,São Desidério,2928901,ABREE,PEV fixo,Ativo,07/07/2020
5000856-000,2023,MS,Angélica,5000856,Green Eletron,PEV fixo,Ativo,05/05/2019
4121752-000,2023,PR,Reserva do Iguaçu,4121752,Green Eletron,PEV fixo,Ativo,01/11/2021
4205407-049,2023,SC,FLORIANÓPOLIS,4205407,ABREE,PEV fixo,Ativo,03/02/2021
5002704-011,2023,MS,CAMPO GRANDE,5002704,ABREE,PEV fixo,Ativo,16/12/2023
5103403-008,2023,MT,Cuiaba,5103403,Green Eletron,PEV fixo,Ativo,02/10/2021
5300108-046,2023,DF,Brasília,,ABREE,PEV fixo,Ativo,24/12/2020
1502939-000,2023,PA,Dom Eliseu,1502939,Green Eletron,PEV fixo,Ativo,15/11/2019
3302403-001,2023,RJ,Macaé,3302403,Green Eletron,Ponto de consolidação,Ativo,10/04/2019
4321832-000,2023,RS,Três Forquilhas,4321832,Sistema individual,PEV fixo,Ativo,18/11/2021
4314902-000,2023,RS,Porto Alegre,4314902,Green Eletron,PEV fixo,Ativo,21/06/2020
3550308-045,2023,SP,São Paulo,3550308,Green Eletron,PEV fixo,Ativo,19/02/2019
3106200-047,2023,MG,Belo Horizonte,3106200,ABREE,PEV fixo,Ativo,02/10/2020
2606200-000,2023,PE,Goiana,2606200,ABREE,PEV fixo,Ativo,23/04/2023
3300100-005,2023,RJ,Angra dos Reis,3300100,Sistema individual,Campanha itinerante,Ativo,17/03/2023
4115200-000,2023,PR,Maringá,4115200,ABREE,PEV fixo,Ativo,16/03/2021
1508035-000,2023,PA,Tracuateua,1508035,ABREE,PEV fixo,Ativo,09/07/2023
2408102-007,2023,RN,Natal,2408102,Green Eletron,Ponto de consolidação,Ativo,09/09/2020
2202133-000,2023,PI,CAMPO GRANDE DO PIAUÍ,2202133,ABREE,PEV fixo,Ativo,28/03/2022
3526704-000,2023,SP,LEME,3526704,Green Eletron,PEV fixo,Ativo,09/12/2019
3550308-159,2023,SP,São Paulo,3550308,ABREE,PEV fixo,Ativo,19/12/2020
3205309-002,2023,ES,Vitoria,3205309,ABREE,PEV fixo,Ativo,25/07/2020
2925501-000,2023,BA,Prado,2925501,Green Eletron,PEV fixo,Ativo,18/03/2020
2404606-000,2023,RN,Ielmo Marinho,2404606,ABREE,Ponto de consolidação,Ativo,14/04/2022
3502606-000,2023,SP,APARECIDA D'OESTE,3502606,Green Eletron,PEV fixo,Ativo,13/03/2021
5002605-000,2023,MS,Camapuã,5002605,ABREE,Campanha itinerante,Ativo,10/03/2022
1503093-001,2023,PA,  Goianésia do Pará ,1503093,Green Eletron,PEV fixo,Ativo,01/11/2021
1717008-000,2023,TO,PINDORAMA DO TOCANTINS,1717008,Green Eletron,PEV fixo,Ativo,12/07/2020
4127205-002,2023,PR,Terra Boa,4127205,Sistema individual,Ponto de consolidação,Ativo,07/02/2023
1503507-000,2023,PA,Irituia,1503507,Green Eletron,PEV fixo,Ativo,23/11/2021
2927408-042,2023,BA,Salvador,2927408,ABREE,PEV fixo,Ativo,23/02/2019
2909604-000,2023,BA,CRISÓPOLIS,2909604,Sistema individual,PEV fixo,Ativo,06/01/2019
3302106-007,2023,RJ,Itaocara,3302106,Green Eletron,Campanha itinerante,Ativo,20/09/2023
3550308-258,2023,SP,Sao Paulo,3550308,ABREE,PEV fixo,Ativo,14/07/2022
4314902-117,2023,RS,Porto Alegre,4314902,Sistema individual,PEV fixo,Ativo,07/07/2022
3145877-000,2023,MG,Orizânia,3145877,ABREE,PEV fixo,Ativo,13/10/2022
5300108-099,2023,DF,BRASÍLIA,5300108,ABREE,PEV fixo,Ativo,01/11/2023
2927408-109,2023,BA,Salvador,2927408,Green Eletron,PEV fixo,Ativo,20/11/2022
3508306-001,2023,SP,CABRÁLIA PAULISTA,3508306,ABREE,PEV fixo,Ativo,28/12/2020
2311900-000,2023,CE,Saboeiro,2311900,Green Eletron,PEV fixo,Ativo,20/06/2020
1304104-000,2023,AM,Tapaua,1304104,ABREE,Ponto de consolidação,Ativo,20/09/2023
3550308-255,2023,SP,São Paulo,3550308,ABREE,Campanha itinerante,Ativo,15/01/2022
3530102-003,2023,SP,Mirandópolis,3530102,ABREE,PEV fixo,Ativo,16/06/2021
2111300-027,2023,MA,SÃO LUÍS,2111300,Green Eletron,PEV fixo,Ativo,02/03/2019
1508001-002,2023,PA,TOMÉ-AÇU,1508001,Green Eletron,PEV fixo,Ativo,07/10/2023
3300456-000,2023,RJ,BELFORD ROXO,3300456,Green Eletron,PEV fixo,Ativo,03/12/2023
2920502-003,2023,BA,Maracás,2920502,ABREE,Campanha itinerante,Inativo,15/12/2022
3550308-256,2023,SP,  São Paulo ,3550308,Sistema individual,PEV fixo,Ativo,09/05/2022
2608305-000,2023,PE,Jupi,2608305,Green Eletron,PEV fixo,Ativo,10/11/2023
2901304-000,2023,BA,Andaraí,2901304,Green Eletron,PEV fixo,Ativo,11/04/2020
1302603-010,2023,AM,Manaus,1302603,ABREE,Ponto de consolidação,Ativo,06/03/2022
5103908-000,2023,MT,General Carneiro,5103908,ABREE,PEV fixo,Ativo,28/06/2020
3550308-136,2023,SP,São Paulo,3550308,ABREE,Campanha itinerante,Ativo,26/08/2020
4217550-000,2023,SC,Serra Alta,4217550,Green Eletron,PEV fixo,Ativo,07/09/2023
3550308-300,2023,SP,  São Paulo ,3550308,ABREE,PEV fixo,Ativo,17/12/2022
3128006-000,2023,MG,Guanhaes,3128006,Green Eletron,PEV fixo,Ativo,27/04/2022
2616183-007,2023,PE,Vertente do Lério,2616183,Green Eletron,Campanha itinerante,Ativo,14/02/2021
3106200-123,2023,MG,Belo Horizonte,3106200,Green Eletron,PEV fixo,Ativo,23/12/2021
3305307-006,2023,RJ,São Sebastião do Alto,3305307,Green Eletron,PEV fixo,Ativo,17/09/2020
2614709-000,2023,PE,Tacaimbó,2614709,ABREE,Ponto de consolidação,Ativo,12/05/2019
3305505-001,2023,RJ,Saquarema,3305505,Green Eletron,PEV fixo,Ativo,17/07/2021
4205407-075,2023,SC,Florianópolis,4205407,ABREE,PEV fixo,Ativo,25/08/2022
2610202-001,2023,PE,Panelas,2610202,Green Eletron,PEV fixo,Ativo,19/01/2022
3106200-092,2023,MG,Belo Horizonte,3106200,ABREE,PEV fixo,Ativo,24/12/2020
3550308-021,2023,SP,Sao Paulo,3550308,ABREE,PEV fixo,Ativo,16/03/2019
3300902-004,2023,RJ,Cambuci,3300902,ABREE,Ponto de consolidação,Ativo,02/09/2021
3555109-014,2023,SP,  Tupi Paulista ,3555109,ABREE,PEV fixo,Ativo,16/09/2023
5215207-003,2023,GO,Novo Brasil,5215207,Green Eletron,Ponto de consolidação,Ativo,22/12/2020
2304277-000,2023,CE,Ererê,2304277,Green Eletron,PEV fixo,Ativo,02/06/2023
3166709-000,2023,MG,SERRA DOS AIMORÉS,3166709,ABREE,PEV fixo,Ativo,01/08/2023
3525607-001,2023,SP,João Ramalho,3525607,Green Eletron,PEV fixo,Ativo,27/08/2019
3304557-018,2023,RJ,Rio de Janeiro,3304557,ABREE,PEV fixo,Ativo,22/01/2020
3106200-280,2023,MG,Belo Horizonte,3106200,ABREE,PEV fixo,Ativo,07/03/2023
3512100-002,2023,SP,Colômbia,3512100,Green Eletron,Ponto de consolidação,Ativo,01/03/2022
3106200-208,2023,MG,BELO HORIZONTE,3106200,Green Eletron,PEV fixo,Ativo,22/08/2022
1501402-004,2023,PA,Belém,1501402,Green Eletron,PEV fixo,Ativo,15/12/2020
3550308-141,2023,SP,SÃO PAULO,3550308,Sistema individual,PEV fixo,Ativo,26/11/2020
2927408-025,2023,BA,Salvador,2927408,ABREE,PEV fixo,Ativo,18/04/2019
2931509-000,2023,BA,Teofilandia,2931509,Green Eletron,Ponto de consolidação,Ativo,12/01/2019
3550308-220,2023,SP,São Paulo,3550308,ABREE,PEV fixo,Ativo,10/08/2021
2304400-076,2023,CE,Fortaleza,2304400,ABREE,PEV fixo,Ativo,02/01/2022
2309904-004,2023,CE,Pacujá,2309904,ABREE,PEV fixo,Ativo,03/01/2021
5209606-000,2023,GO,Heitoraí,5209606,ABREE,PEV fixo,Ativo,16/08/2019
2702900-000,2023,AL,Girau do Ponciano,2702900,ABREE,PEV fixo,Ativo,05/07/2021
3506904-005,2023,SP,Bofete,3506904,ABREE,PEV fixo,Ativo,12/05/2023
4127908-001,2023,PR,Tuneiras do Oeste,4127908,Green Eletron,Campanha itinerante,Ativo,05/07/2022
2102077-000,2023,MA,Bom Lugar,2102077,ABREE,PEV fixo,Ativo,04/11/2019
4208500-000,2023,SC,Ituporanga,4208500,Green Eletron,Ponto de consolidação,Ativo,07/05/2021
2929107-000,2023,BA,SÃO FELIPE,2929107,ABREE,PEV fixo,Ativo,06/03/2020
3532900-003,2023,SP,NOVA EUROPA,3532900,Green Eletron,PEV fixo,Ativo,13/02/2019
2611606-077,2023,PE,RECIFE,2611606,ABREE,PEV fixo,Ativo,09/07/2023
3116001-001,2023,MG,CHALÉ,3116001,Green Eletron,Ponto de consolidação,Ativo,12/03/2022
3550308-167,2023,SP,São Paulo,3550308,Green Eletron,Ponto de consolidação,Ativo,12/11/2020
2408102-000,2023,RN,Natal,2408102,Green Eletron,PEV fixo,Ativo,26/11/2020
2205557-000,2023,PI,Lagoa Alegre,2205557,Green Eletron,PEV fixo,Ativo,23/09/2022
5208707-012,2023,GO,Goiania,5208707,ABREE,PEV fixo,Ativo,06/05/2021
2502102-000,2023,PB,Boa Ventura,2502102,Green Eletron,Campanha itinerante,Ativo,14/07/2020
3550308-244,2023,SP,SÃO PAULO,3550308,Green Eletron,PEV fixo,Ativo,10/07/2021
3550308-342,2023,SP,Sao Paulo,3550308,ABREE,PEV fixo,Ativo,20/09/2023
1400605-000,2023,RR,São Luiz,1400605,ABREE,PEV fixo,Ativo,24/04/2022
1701051-000,2023,TO,Angico,1701051,ABREE,PEV fixo,Ativo,16/03/2020
4314902-152,2023,RS,Porto Alegre,4314902,Green Eletron,PEV fixo,Ativo,22/07/2023
2206951-000,2023,PI,Novo Santo Antônio,2206951,ABREE,Ponto de consolidação,Ativo,17/04/2021
4310207-000,2023,RS,Ijuí,4310207,Green Eletron,PEV fixo,Ativo,08/11/2020
3132206-000,2023,MG,Itaguara,3132206,Green Eletron,PEV fixo,Ativo,08/05/2019
4302659-000,2023,RS,Brochier,4302659,Green Eletron,PEV fixo,Ativo,17/08/2019
3304557-181,2023,RJ,Rio de Janeiro,3304557,Green Eletron,PEV fixo,Ativo,26/05/2023
2927408-021,2023,BA,  Salvador ,2927408,Sistema individual,PEV fixo,Ativo,18/01/2019
3542602-006,2023,SP,REGISTRO,3542602,ABREE,PEV fixo,Ativo,27/12/2022
2927408-108,2023,BA,SALVADOR,2927408,Green Eletron,PEV fixo,Ativo,20/04/2022
4119400-000,2023,PR,Piraí do Sul,4119400,ABREE,PEV fixo,Ativo,18/06/2019
2111300-068,2023,MA,São Luís,2111300,ABREE,PEV fixo,Ativo,04/12/2021
2800407-000,2023,SE,ARAUÁ,2800407,Green Eletron,PEV fixo,Ativo,18/10/2021
5101803-000,2023,MT,Barra do Garças,5101803,Sistema individual,Ponto de consolidação,Ativo,13/01/2020
3305307-012,2023,RJ,São Sebastião do Alto,3305307,ABREE,Ponto de consolidação,Ativo,19/09/2022
2905503-005,2023,BA,Caldeirão Grande,2905503,ABREE,PEV fixo,Ativo,15/03/2023
3301108-011,2023,RJ,CANTAGALO,3301108,Green Eletron,PEV fixo,Ativo,01/05/2021
3522703-005,2023,SP,Itápolis,3522703,Green Eletron,Ponto de consolidação,Ativo,10/06/2023
2920502-002,2023,BA,Maracás,2920502,Green Eletron,PEV fixo,Ativo,06/08/2021
2410009-000,2023,RN,Pilões,2410009,ABREE,PEV fixo,Ativo,06/05/2022
1200179-000,2023,AC,Capixaba,1200179,Sistema individual,Campanha itinerante,Ativo,09/04/2022
3546009-008,2023,SP,Santa Branca,,ABREE,PEV fixo,Ativo,07/12/2023
5107750-000,2023,MT,Salto do Céu,5107750,Green Eletron,PEV fixo,Ativo,21/02/2023
3501103-001,2023,SP,Alto Alegre,3501103,Green Eletron,PEV fixo,Ativo,03/06/2020
2104206-002,2023,MA,Fortuna,2104206,ABREE,Campanha itinerante,Ativo,06/11/2023
4219101-000,2023,SC,VARGEÃO,4219101,Green Eletron,PEV fixo,Ativo,04/12/2019
4106902-018,2023,PR,Curitiba,4106902,ABREE,Ponto de consolidação,Ativo,15/10/2020
2708956-000,2023,AL,Senador Rui Palmeira,2708956,ABREE,PEV fixo,Ativo,12/02/2023
3106200-239,2023,MG,Belo Horizonte,3106200,ABREE,PEV fixo,Ativo,15/01/2023
5205901-002,2023,GO,  Corumbaíba ,5205901,ABREE,PEV fixo,Ativo,06/03/2023
3550308-040,2023,SP,São Paulo,3550308,Green Eletron,PEV fixo,Ativo,10/02/2019
1506906-001,2023,PA,SANTARÉM NOVO,1506906,ABREE,PEV fixo,Ativo,18/05/2023
1303106-000,2023,AM,Nova Olinda do Norte,1303106,ABREE,Campanha itinerante,Ativo,02/11/2022
5300108-027,2023,DF,Brasília,5300108,ABREE,Campanha itinerante,Ativo,20/09/2019
5211701-000,2023,GO,Jandaia,5211701,ABREE,Campanha itinerante,Ativo,20/09/2021
3106200-176,2023,MG,BELO HORIZONTE,3106200,ABREE,PEV fixo,Ativo,21/02/2022
3305109-000,2023,RJ,SÃO JOÃO DE MERITI,3305109,ABREE,Ponto de consolidação,Ativo,07/10/2022
4102604-000,2023,PR,Barracão,4102604,ABREE,PEV fixo,Ativo,27/03/2022
2611606-031,2023,PE,  Recife ,2611606,ABREE,PEV fixo,Ativo,21/06/2021
5006275-000,2023,MS,Paraíso das Águas,5006275,Green Eletron,PEV fixo,Ativo,17/02/2019
3169307-005,2023,MG,Três Corações,3169307,Green Eletron,PEV fixo,Ativo,08/11/2023
2611606-067,2023,PE,Recife,2611606,ABREE,Ponto de consolidação,Ativo,07/01/2022
2927408-022,2023,BA,Salvador,2927408,ABREE,PEV fixo,Ativo,24/09/2019
2203602-000,2023,PI,Eliseu Martins,2203602,ABREE,PEV fixo,Ativo,09/02/2023
2612901-000,2023,PE,SÃO BENEDITO DO SUL,2612901,ABREE,PEV fixo,Ativo,26/01/2019
3532603-003,2023,SP,Nhandeara,3532603,ABREE,PEV fixo,Ativo,05/10/2023
3538808-030,2023,SP,Piraju,3538808,Green Eletron,PEV fixo,Ativo,18/05/2022
1100700-000,2023,RO,Campo Novo de Rondônia,1100700,Green Eletron,PEV fixo,Ativo,05/04/2022
3201407-000,2023,ES,Castelo,3201407,Green Eletron,PEV fixo,Ativo,12/06/2019
4314902-013,2023,RS,Porto Alegre,4314902,Sistema individual,Campanha itinerante,Ativo,08/04/2020
3530102-001,2023,SP,Mirandopolis,3530102,ABREE,PEV fixo,Ativo,24/11/2020
3106200-000,2023,MG,Belo Horizonte,3106200,Green Eletron,PEV fixo,Ativo,05/12/2020
3171501-000,2023,MG,Mathias Lobato,3171501,Green Eletron,PEV fixo,Ativo,20/11/2020
2111052-000,2023,MA,São João do Paraíso,2111052,Green Eletron,PEV fixo,Ativo,01/10/2023
2927408-032,2023,BA,  Salvador ,2927408,Green Eletron,PEV fixo,Ativo,20/03/2019
3106200-175,2023,MG,Belo Horizonte,3106200,Green Eletron,PEV fixo,Ativo,27/02/2022
4205407-041,2023,SC,  Florianópolis ,4205407,Green Eletron,PEV fixo,Ativo,25/07/2020
2512705-000,2023,PB,Remígio,2512705,ABREE,PEV fixo,Ativo,27/05/2021
1200401-001,2023,AC,Rio Branco,1200401,Green Eletron,PEV fixo,Ativo,16/01/2019
2111300-038,2023,MA,São Luís,2111300,Green Eletron,PEV fixo,Ativo,18/08/2020
3532009-012,2023,SP,Morungaba,3532009,Green Eletron,PEV fixo,Ativo,07/08/2022
2106300-000,2023,MA,Magalhães de Almeida,2106300,Green Eletron,PEV fixo,Ativo,26/05/2020
5002001-000,2023,MS,Batayporã,5002001,Sistema individual,PEV fixo,Ativo,12/01/2022
3106200-230,2023,MG,Belo Horizonte,3106200,ABREE,PEV fixo,Ativo,19/12/2023
3106200-013,2023,MG,Belo Horizonte,3106200,Green Eletron,PEV fixo,Ativo,15/07/2020
3106200-078,2023,MG,BELO HORIZONTE,3106200,ABREE,Ponto de consolidação,Ativo,27/05/2020
3304755-002,2023,RJ,Sao Francisco de Itabapoana,3304755,Green Eletron,PEV fixo,Ativo,08/07/2023
2800308-026,2023,SE,Aracaju,2800308,ABREE,PEV fixo,Ativo,13/04/2023
2916500-000,2023,BA,Itapicuru,2916500,ABREE,PEV fixo,Ativo,25/12/2020
3106200-106,2023,MG,Belo Horizonte,3106200,Green Eletron,PEV fixo,Ativo,11/05/2021
1501402-008,2023,PA,Belém,1501402,Green Eletron,PEV fixo,Ativo,19/03/2020
4206207-000,2023,SC,Gravatal,4206207,ABREE,PEV fixo,Ativo,08/08/2023
2410207-000,2023,RN,Portalegre,2410207,ABREE,PEV fixo,Ativo,01/06/2021
4310207-007,2023,RS,Ijuí,4310207,ABREE,PEV fixo,Ativo,04/04/2021
4106803-000,2023,PR,Cruz Machado,4106803,ABREE,PEV fixo,Ativo,18/09/2020
3106200-035,2023,MG,BELO HORIZONTE,3106200,ABREE,Ponto de consolidação,Ativo,17/07/2020
3202900-000,2023,ES,Itarana,3202900,Green Eletron,PEV fixo,Ativo,09/06/2019
2515104-000,2023,PB,Sao Sebastiao de Lagoa de Roca,2515104,Green Eletron,PEV fixo,Ativo,07/01/2022
3538808-031,2023,SP,Piraju,3538808,ABREE,Campanha itinerante,Ativo,14/04/2022
3546603-001,2023,SP,Santa Fé do Sul,3546603,ABREE,PEV fixo,Ativo,21/03/2021
3550308-186,2023,SP,São Paulo,3550308,ABREE,PEV fixo,Ativo,06/08/2021
2927408-030,2023,BA,Salvador,2927408,ABREE,PEV fixo,Ativo,11/09/2019
2805000-001,2023,SE,Pedra Mole,2805000,Green Eletron,PEV fixo,Ativo,08/07/2023
4120002-000,2023,PR,Porecatu,4120002,ABREE,PEV fixo,Ativo,22/09/2019
2309300-001,2023,CE,Nova Russas,2309300,Green Eletron,PEV fixo,Ativo,14/12/2022
3539509-003,2023,SP,PITANGUEIRAS,3539509,Sistema individual,PEV fixo,Ativo,17/01/2022
3118601-000,2023,MG,Contagem,3118601,Green Eletron,PEV fixo,Ativo,28/01/2019
1711902-000,2023,TO,Lagoa da Confusão,1711902,Green Eletron,Ponto de consolidação,Ativo,11/09/2021
3550308-302,2023,SP,Sao Paulo,3550308,Green Eletron,PEV fixo,Ativo,28/12/2022
4314902-063,2023,RS,Porto Alegre,4314902,Green Eletron,PEV fixo,Ativo,07/04/2021
3112703-000,2023,MG,Capitão Enéas,3112703,ABREE,PEV fixo,Ativo,03/04/2022
3106200-150,2023,MG,Belo Horizonte,3106200,ABREE,PEV fixo,Ativo,11/11/2021
3550308-279,2023,SP,São Paulo,3550308,ABREE,PEV fixo,Ativo,09/12/2022
3505203-003,2023,SP,Bariri,3505203,Green Eletron,PEV fixo,Ativo,04/06/2021
4126900-000,2023,PR,Tapira,4126900,Green Eletron,Campanha itinerante,Ativo,10/10/2021
2903953-000,2023,BA,BOM JESUS DA SERRA,2903953,ABREE,PEV fixo,Ativo,03/11/2023
3539301-001,2023,SP,Pirassununga,3539301,ABREE,PEV fixo,Ativo,04/11/2021
3101409-000,2023,MG,ALBERTINA,3101409,Green Eletron,PEV fixo,Ativo,01/08/2019
3557006-006,2023,SP,Votorantim,3557006,Green Eletron,PEV fixo,Ativo,26/01/2023
3532306-010,2023,SP,Natividade da Serra,3532306,Green Eletron,PEV fixo,Ativo,15/01/2023
4106902-023,2023,PR,CURITIBA,4106902,Green Eletron,Ponto de consolidação,Ativo,10/04/2020
3123528-006,2023,MG,Durandé,3123528,ABREE,PEV fixo,Inativo,07/06/2023
2604304-000,2023,PE,Cedro,2604304,ABREE,Ponto de consolidação,Ativo,05/05/2020
2111300-014,2023,MA,São Luís,2111300,Green Eletron,PEV fixo,Ativo,17/11/2019
3132008-000,2023,MG,ITACAMBIRA,3132008,Green Eletron,Ponto de consolidação,Ativo,10/12/2022
1200203-000,2023,AC,CRUZEIRO DO SUL,1200203,ABREE,PEV fixo,Ativo,10/08/2019
4308300-000,2023,RS,Fontoura Xavier,4308300,Green Eletron,PEV fixo,Ativo,20/08/2023
5300108-080,2023,DF,Brasília,5300108,Green Eletron,Ponto de consolidação,Ativo,09/02/2022
4310603-000,2023,RS,Itaqui,4310603,ABREE,Ponto de consolidação,Ativo,04/04/2020
4313334-004,2023,RS,Nova Ramada,4313334,ABREE,PEV fixo,Ativo,14/11/2022
3557006-003,2023,SP,Votorantim,3557006,ABREE,PEV fixo,Ativo,20/03/2021
3550308-146,2023,SP,São Paulo,3550308,Green Eletron,PEV fixo,Ativo,26/02/2020
3538808-022,2023,SP,Piraju,3538808,Sistema individual,Campanha itinerante,Ativo,18/09/2021
3550308-082,2023,SP,Sao Paulo,3550308,Sistema individual,PEV fixo,Ativo,24/07/2019
2301604-005,2023,CE,Assaré,2301604,Green Eletron,PEV fixo,Ativo,13/11/2022
2504603-000,2023,PB,CONDE,2504603,Green Eletron,Campanha itinerante,Ativo,02/05/2021
2607000-000,2023,PE,Inajá,2607000,ABREE,Ponto de consolidação,Ativo,06/07/2019
3550308-117,2023,SP,Sao Paulo,3550308,Sistema individual,PEV fixo,Ativo,01/09/2020
3301108-013,2023,RJ,Cantagalo,3301108,ABREE,PEV fixo,Ativo,07/01/2021
2506806-000,2023,PB,INGÁ,2506806,ABREE,PEV fixo,Ativo,19/06/2023
4211876-003,2023,SC,Paial,4211876,ABREE,PEV fixo,Ativo,23/05/2022
3555109-002,2023,SP,Tupi Paulista,3555109,Sistema individual,PEV fixo,Ativo,02/02/2020
1101484-000,2023,RO,São Felipe D'Oeste,1101484,ABREE,PEV fixo,Ativo,17/08/2019
3168903-000,2023,MG,Tiros,3168903,ABREE,PEV fixo,Ativo,16/03/2023
5300108-025,2023,DF,Brasilia,5300108,Green Eletron,PEV fixo,Ativo,21/11/2019
3106200-122,2023,MG,  Belo Horizonte ,3106200,ABREE,Ponto de consolidação,Ativo,10/08/2021
5208707-019,2023,GO,Goiânia,5208707,ABREE,PEV fixo,Inativo,05/04/2022
3553856-000,2023,SP,TAQUARIVAÍ,3553856,ABREE,PEV fixo,Ativo,05/07/2023
4115457-001,2023,PR,MARQUINHO,4115457,Green Eletron,PEV fixo,Ativo,03/05/2019
3302106-003,2023,RJ,ITAOCARA,3302106,ABREE,PEV fixo,Ativo,22/06/2021
2927408-125,2023,BA,Salvador,2927408,Green Eletron,PEV fixo,Ativo,25/06/2022
3302403-009,2023,RJ,Macae,3302403,Green Eletron,PEV fixo,Ativo,03/09/2021
1304005-002,2023,AM,SILVES,1304005,Green Eletron,Ponto de consolidação,Ativo,07/09/2021
2925006-000,2023,BA,PLANALTO,2925006,ABREE,Campanha itinerante,Ativo,07/08/2021
3528700-000,2023,SP,Marabá Paulista,3528700,ABREE,PEV fixo,Ativo,26/08/2019
3514502-000,2023,SP,DUARTINA,3514502,ABREE,PEV fixo,Ativo,15/07/2022
5215207-005,2023,GO,  Novo Brasil ,5215207,Green Eletron,PEV fixo,Ativo,21/08/2021
2602605-001,2023,PE,Brejo da Madre de Deus,2602605,ABREE,PEV fixo,Ativo,26/09/2023
3550308-000,2023,SP,Sao Paulo,3550308,ABREE,PEV fixo,Ativo,16/08/2019
1303700-000,2023,AM,Santo Antônio do Içá,1303700,ABREE,PEV fixo,Ativo,19/02/2019
2111300-082,2023,MA,SÃO LUÍS,,ABREE,Campanha itinerante,Ativo,20/02/2022
5108956-005,2023,MT,Nova Monte Verde,5108956,Green Eletron,PEV fixo,Ativo,22/10/2023
3106200-107,2023,MG,Belo Horizonte,3106200,ABREE,PEV fixo,Ativo,12/07/2021
3548203-000,2023,SP,SANTO ANTÔNIO DO PINHAL,3548203,ABREE,Ponto de consolidação,Ativo,18/01/2020
2107456-000,2023,MA,OLINDA NOVA DO MARANHÃO,2107456,ABREE,PEV fixo,Ativo,12/03/2021
2111300-043,2023,MA,São Luís,2111300,ABREE,PEV fixo,Ativo,12/06/2020
2701357-000,2023,AL,Campestre,2701357,ABREE,PEV fixo,Ativo,14/08/2020
3550308-057,2023,SP,São Paulo,3550308,ABREE,PEV fixo,Ativo,04/01/2019
3506409-000,2023,SP,Bilac,3506409,ABREE,Campanha itinerante,Ativo,10/08/2020
3550308-333,2023,SP,São Paulo,3550308,Green Eletron,PEV fixo,Ativo,11/05/2023
2402006-000,2023,RN,Caicó,2402006,Green Eletron,PEV fixo,Ativo,15/11/2023
2609154-000,2023,PE,MANARI,2609154,Green Eletron,PEV fixo,Ativo,22/06/2022
3122702-000,2023,MG,Dom Silvério,3122702,Green Eletron,Campanha itinerante,Ativo,17/08/2019
3544905-000,2023,SP,Sales Oliveira,3544905,Sistema individual,PEV fixo,Ativo,13/07/2023
3512506-000,2023,SP,COROADOS,3512506,ABREE,PEV fixo,Ativo,04/07/2021
2616183-003,2023,PE,Vertente do Lério,2616183,Green Eletron,PEV fixo,Ativo,09/03/2019
3539707-000,2023,SP,PLATINA,3539707,ABREE,PEV fixo,Ativo,11/12/2023
4201109-000,2023,SC,Anitápolis,,Green Eletron,PEV fixo,Ativo,11/02/2020
5218052-004,2023,GO,Porteirão,5218052,Green Eletron,PEV fixo,Ativo,20/12/2023
2704302-001,2023,AL,Maceió,2704302,Green Eletron,PEV fixo,Ativo,03/06/2020
3532900-006,2023,SP,Nova Europa,3532900,ABREE,PEV fixo,Ativo,21/12/2019
4212700-000,2023,SC,Petrolândia,4212700,Green Eletron,PEV fixo,Ativo,21/02/2020
3526803-007,2023,SP,Lençóis Paulista,3526803,Green Eletron,PEV fixo,Ativo,06/04/2022
1504208-001,2023,PA,MARABÁ,1504208,ABREE,PEV fixo,Ativo,20/04/2019
3106200-041,2023,MG,Belo Horizonte,3106200,ABREE,PEV fixo,Ativo,27/08/2020
1501402-015,2023,PA,Belém,1501402,Green Eletron,PEV fixo,Ativo,12/12/2021
4106902-019,2023,PR,  Curitiba ,4106902,Green Eletron,PEV fixo,Ativo,01/04/2020
2605152-001,2023,PE,  Dormentes ,2605152,Green Eletron,PEV fixo,Ativo,12/01/2021
3106200-200,2023,MG,BELO HORIZONTE,3106200,Green Eletron,PEV fixo,Ativo,10/02/2022
3550308-209,2023,SP,São Paulo,3550308,ABREE,PEV fixo,Ativo,10/09/2021
4106902-078,2023,PR,Curitiba,4106902,ABREE,PEV fixo,Ativo,10/05/2023
5100102-000,2023,MT,Acorizal,5100102,ABREE,PEV fixo,Ativo,01/01/2023
3549250-003,2023,SP,SÃO JOÃO DE IRACEMA,3549250,Green Eletron,PEV fixo,Inativo,04/08/2021
5204656-000,2023,GO,Campinaçu,5204656,ABREE,PEV fixo,Inativo,02/09/2023
1508209-002,2023,PA,Vigia,1508209,ABREE,PEV fixo,Ativo,18/12/2019
1721000-010,2023,TO,PALMAS,1721000,ABREE,PEV fixo,Ativo,10/06/2022
4320602-000,2023,RS,SEVERIANO DE ALMEIDA,4320602,ABREE,PEV fixo,Ativo,14/11/2023
1506500-000,2023,PA,SANTA IZABEL DO PARÁ,1506500,ABREE,PEV fixo,Ativo,21/10/2019
3550308-112,2023,SP,Sao Paulo,3550308,Sistema individual,Campanha itinerante,Ativo,04/12/2020
3118403-000,2023,MG,CONSELHEIRO PENA,3118403,ABREE,Campanha itinerante,Ativo,06/11/2020
4313359-000,2023,RS,NOVA ROMA DO SUL,4313359,ABREE,PEV fixo,Ativo,26/01/2022
2927408-016,2023,BA,SALVADOR,2927408,ABREE,PEV fixo,Ativo,02/07/2019
5000203-000,2023,MS,Água Clara,,Green Eletron,PEV fixo,Ativo,05/03/2020
5212055-000,2023,GO,Jesúpolis,5212055,Green Eletron,PEV fixo,Ativo,07/10/2022
2202075-000,2023,PI,Cajazeiras do Piauí,2202075,ABREE,PEV fixo,Ativo,01/02/2022
1716703-000,2023,TO,Colméia,1716703,Sistema individual,PEV fixo,Ativo,02/03/2019
2111300-039,2023,MA,São Luís,2111300,Green Eletron,PEV fixo,Ativo,15/02/2020
4107850-000,2023,PR,Flor da Serra do Sul,4107850,ABREE,PEV fixo,Ativo,28/09/2019
3106200-052,2023,MG,BELO HORIZONTE,3106200,ABREE,PEV fixo,Ativo,03/09/2020
5104500-002,2023,MT,Indiavaí,5104500,ABREE,PEV fixo,Ativo,28/05/2023
3304557-032,2023,RJ,RIO DE JANEIRO,3304557,ABREE,PEV fixo,Ativo,06/10/2020
3108404-000,2023,MG,Botelhos,3108404,Green Eletron,PEV fixo,Ativo,03/04/2023
5300108-078,2023,DF,Brasília,5300108,Green Eletron,PEV fixo,Ativo,05/06/2022
3515152-000,2023,SP,Engenheiro Coelho,3515152,Sistema individual,PEV fixo,Ativo,22/10/2020
2904308-000,2023,BA,Brejões,2904308,Green Eletron,Ponto de consolidação,Ativo,12/09/2019
3106200-153,2023,MG,Belo Horizonte,3106200,ABREE,PEV fixo,Ativo,18/01/2021
3304557-144,2023,RJ,Rio de Janeiro,3304557,Sistema individual,PEV fixo,Ativo,26/05/2022
3304557-159,2023,RJ,RIO DE JANEIRO,3304557,Green Eletron,Ponto de consolidação,Ativo,27/10/2023
3303302-013,2023,RJ,Niterói,3303302,ABREE,PEV fixo,Ativo,08/08/2023
4203402-000,2023,SC,Campo Belo do Sul,4203402,Green Eletron,PEV fixo,Ativo,01/12/2022
3550308-289,2023,SP,São Paulo,3550308,ABREE,PEV fixo,Ativo,26/09/2022
4300638-000,2023,RS,  Amaral Ferrador ,4300638,Sistema individual,PEV fixo,Ativo,06/12/2022
2203255-000,2023,PI,CURRALINHOS,2203255,ABREE,PEV fixo,Ativo,20/03/2023
3539509-002,2023,SP,Pitangueiras,3539509,ABREE,Ponto de consolidação,Ativo,27/07/2021
4126207-000,2023,PR,Sapopema,4126207,ABREE,PEV fixo,Ativo,24/01/2023
2304400-017,2023,CE,Fortaleza,2304400,Sistema individual,PEV fixo,Ativo,28/12/2019
2111300-051,2023,MA,Sao Luis,2111300,Green Eletron,Campanha itinerante,Ativo,08/06/2020
2109304-000,2023,MA,PRESIDENTE VARGAS,2109304,ABREE,PEV fixo,Ativo,22/11/2021
3106200-006,2023,MG,Belo Horizonte,3106200,ABREE,Ponto de consolidação,Ativo,19/10/2020
2401602-000,2023,RN,BENTO FERNANDES,2401602,ABREE,Ponto de consolidação,Ativo,22/07/2023
3304557-131,2023,RJ,Rio de Janeiro,3304557,ABREE,PEV fixo,Ativo,07/02/2022
4322103-000,2023,RS,TUCUNDUVA,4322103,Green Eletron,PEV fixo,Ativo,15/11/2022
4209409-000,2023,SC,LAGUNA,4209409,Green Eletron,PEV fixo,Ativo,23/02/2021
4114401-000,2023,PR,Mangueirinha,4114401,ABREE,PEV fixo,Ativo,01/04/2021
1501402-025,2023,PA,BELÉM,1501402,Green Eletron,PEV fixo,Ativo,01/01/2022
3106200-184,2023,MG,Belo Horizonte,3106200,ABREE,PEV fixo,Ativo,18/05/2022
3106200-129,2023,MG,Belo Horizonte,3106200,ABREE,PEV fixo,Ativo,13/06/2021
2304400-039,2023,CE,FORTALEZA,2304400,ABREE,PEV fixo,Ativo,24/04/2020
4310405-000,2023,RS,INDEPENDÊNCIA,4310405,Green Eletron,PEV fixo,Ativo,11/06/2021
2111300-072,2023,MA,Sao Luis,2111300,ABREE,PEV fixo,Inativo,04/05/2021
3525201-012,2023,SP,Jarinu,3525201,Green Eletron,PEV fixo,Ativo,05/11/2023
2806909-000,2023,SE,São Francisco,2806909,ABREE,PEV fixo,Ativo,07/12/2019
4202107-000,2023,SC,Barra Velha,4202107,Green Eletron,Campanha itinerante,Ativo,11/09/2020
3550308-185,2023,SP,São Paulo,3550308,Green Eletron,PEV fixo,Ativo,03/08/2021
3550308-292,2023,SP,São Paulo,3550308,Sistema individual,PEV fixo,Ativo,21/05/2022
3505401-000,2023,SP,Barra do Turvo,3505401,ABREE,PEV fixo,Ativo,14/04/2022
2927408-088,2023,BA,SALVADOR,2927408,ABREE,PEV fixo,Ativo,20/02/2021
3550308-156,2023,SP,SÃO PAULO,3550308,Green Eletron,PEV fixo,Ativo,01/09/2020
2312007-002,2023,CE,Santana do Acaraú,2312007,Sistema individual,Ponto de consolidação,Ativo,22/02/2022
3503703-008,2023,SP,ARIRANHA,3503703,Green Eletron,PEV fixo,Ativo,12/09/2023
3555109-017,2023,SP,Tupi Paulista,3555109,Green Eletron,PEV fixo,Ativo,23/06/2023
2804409-000,2023,SE,  Neópolis ,2804409,Sistema individual,PEV fixo,Ativo,18/12/2019
1501402-028,2023,PA,Belém,1501402,ABREE,PEV fixo,Ativo,25/01/2023
3113800-000,2023,MG,CARMÉSIA,3113800,Green Eletron,PEV fixo,Ativo,03/04/2019
4205407-009,2023,SC,Florianópolis,4205407,ABREE,PEV fixo,Ativo,21/05/2019
4211876-002,2023,SC,PAIAL,4211876,Green Eletron,PEV fixo,Ativo,24/11/2021
2413557-000,2023,RN,Serrinha dos Pintos,2413557,Green Eletron,PEV fixo,Ativo,27/07/2020
2800308-013,2023,SE,ARACAJU,2800308,ABREE,Ponto de consolidação,Ativo,06/02/2020
4314902-125,2023,RS,PORTO ALEGRE,4314902,Green Eletron,PEV fixo,Ativo,14/04/2023
3550308-308,2023,SP,SÃO PAULO,3550308,Green Eletron,PEV fixo,Ativo,10/10/2022
3304557-092,2023,RJ,Rio de Janeiro,3304557,Sistema individual,PEV fixo,Ativo,05/11/2021
5300108-061,2023,DF,Brasília,5300108,ABREE,PEV fixo,Ativo,01/12/2021
4205407-054,2023,SC,Florianópolis,4205407,ABREE,PEV fixo,Ativo,06/09/2021
4305603-000,2023,RS,Colorado,4305603,Green Eletron,PEV fixo,Ativo,03/07/2020
3107000-000,2023,MG,Biquinhas,3107000,ABREE,PEV fixo,Ativo,14/07/2020
3106200-118,2023,MG,Belo Horizonte,3106200,Green Eletron,PEV fixo,Ativo,25/01/2021
3534708-000,2023,SP,OURINHOS,3534708,ABREE,PEV fixo,Ativo,03/03/2019
4314902-135,2023,RS,Porto Alegre,4314902,ABREE,PEV fixo,Ativo,04/04/2023
3150901-000,2023,MG,Piranguçu,3150901,Green Eletron,PEV fixo,Ativo,10/04/2023
3304557-150,2023,RJ,  Rio de Janeiro ,3304557,ABREE,PEV fixo,Ativo,14/11/2022
3167202-000,2023,MG,SETE LAGOAS,3167202,Sistema individual,PEV fixo,Ativo,04/11/2021
3304557-071,2023,RJ,Rio de Janeiro,3304557,ABREE,Ponto de consolidação,Ativo,08/02/2021
4317103-000,2023,RS,SANT'ANA DO LIVRAMENTO,4317103,Sistema individual,PEV fixo,Ativo,26/04/2020
2901205-000,2023,BA,Anagé,2901205,ABREE,PEV fixo,Ativo,24/06/2019
3532009-016,2023,SP,MORUNGABA,3532009,Green Eletron,PEV fixo,Ativo,13/10/2023
3522406-000,2023,SP,Itapeva,3522406,ABREE,PEV fixo,Ativo,02/09/2019
2605152-002,2023,PE,  Dormentes ,2605152,Green Eletron,PEV fixo,Inativo,09/12/2022
4314902-045,2023,RS,Porto Alegre,4314902,ABREE,PEV fixo,Ativo,16/09/2020
2205458-000,2023,PI,  Joca Marques ,2205458,Green Eletron,PEV fixo,Ativo,22/09/2020
3202454-003,2023,ES,Ibatiba,3202454,Green Eletron,PEV fixo,Ativo,25/09/2022
3159209-000,2023,MG,Santa Rita de Caldas,3159209,Green Eletron,PEV fixo,Ativo,18/10/2020
3504602-000,2023,SP,Bady Bassitt,3504602,Sistema individual,PEV fixo,Ativo,14/06/2019
1501402-014,2023,PA,BELÉM,1501402,ABREE,PEV fixo,Ativo,22/12/2021
2305654-000,2023,CE,  Ipaporanga ,2305654,Green Eletron,PEV fixo,Ativo,08/05/2020
5107305-000,2023,MT,Sao Jose do Rio Claro,5107305,ABREE,Campanha itinerante,Ativo,18/06/2020
3106200-065,2023,MG,BELO HORIZONTE,3106200,ABREE,Ponto de consolidação,Ativo,15/01/2020
2304400-096,2023,CE,Fortaleza,2304400,ABREE,PEV fixo,Ativo,21/02/2023
2105153-000,2023,MA,IGARAPÉ DO MEIO,2105153,Sistema individual,PEV fixo,Ativo,14/05/2019
3106200-104,2023,MG,Belo Horizonte,3106200,ABREE,PEV fixo,Ativo,06/10/2021
1500347-000,2023,PA,ÁGUA AZUL DO NORTE,1500347,Green Eletron,PEV fixo,Ativo,13/01/2019
5205208-000,2023,GO,Caturaí,5205208,ABREE,Ponto de consolidação,Ativo,14/10/2020
2406205-000,2023,RN,  Lagoa d'Anta ,2406205,ABREE,PEV fixo,Ativo,21/11/2021
2901908-002,2023,BA,Aporá,2901908,ABREE,PEV fixo,Ativo,02/02/2022
3525201-011,2023,SP,JARINU,3525201,ABREE,Campanha itinerante,Ativo,17/12/2023
2918605-000,2023,BA,Jussiape,2918605,Green Eletron,PEV fixo,Ativo,25/01/2022
5300108-041,2023,DF,BRASÍLIA,5300108,Green Eletron,PEV fixo,Ativo,06/12/2020
1718758-000,2023,TO,  Rio Sono ,1718758,ABREE,PEV fixo,Ativo,20/12/2023
3551306-002,2023,SP,Sebastianópolis do Sul,3551306,Sistema individual,PEV fixo,Ativo,20/09/2019
3106200-073,2023,MG,BELO HORIZONTE,3106200,ABREE,PEV fixo,Ativo,15/07/2020
2300408-000,2023,CE,Aiuaba,2300408,ABREE,PEV fixo,Ativo,06/12/2020
3525201-010,2023,SP,Jarinu,3525201,ABREE,Ponto de consolidação,Ativo,17/04/2022
3158904-000,2023,MG,SANTANA DO MANHUAÇU,3158904,Green Eletron,PEV fixo,Ativo,22/05/2019
2611606-047,2023,PE,Recife,2611606,ABREE,PEV fixo,Ativo,13/10/2021
2311207-002,2023,CE,POTENGI,2311207,ABREE,PEV fixo,Inativo,23/05/2023
3106200-247,2023,MG,  Belo Horizonte ,3106200,ABREE,PEV fixo,Ativo,08/06/2023
3304508-012,2023,RJ,RIO DAS FLORES,3304508,Green Eletron,PEV fixo,Ativo,02/09/2022
2507507-012,2023,PB,João Pessoa,2507507,Green Eletron,PEV fixo,Inativo,22/07/2022
2101939-006,2023,MA,BERNARDO DO MEARIM,2101939,Green Eletron,PEV fixo,Ativo,23/11/2023
2909505-000,2023,BA,Cravolandia,2909505,Green Eletron,PEV fixo,Ativo,27/04/2020
2202653-000,2023,PI,Caxingó,2202653,ABREE,PEV fixo,Ativo,05/10/2021
2111300-046,2023,MA,SÃO LUÍS,2111300,ABREE,PEV fixo,Ativo,19/11/2020
1501402-005,2023,PA,Belém,1501402,ABREE,PEV fixo,Ativo,05/10/2020
5104526-001,2023,MT,Ipiranga do Norte,5104526,Green Eletron,PEV fixo,Ativo,26/12/2023
2110658-000,2023,MA,Sao Domingos do Azeitao,2110658,ABREE,PEV fixo,Ativo,01/09/2020
4209805-001,2023,SC,Leoberto Leal,4209805,ABREE,PEV fixo,Ativo,08/11/2022
5107297-000,2023,MT,Sao Jose do Povo,5107297,ABREE,PEV fixo,Ativo,24/08/2020
2919306-000,2023,BA,Lencois,2919306,ABREE,PEV fixo,Ativo,19/09/2021
2304400-095,2023,CE,FORTALEZA,2304400,ABREE,Campanha itinerante,Ativo,26/08/2023
5007109-000,2023,MS,RIBAS DO RIO PARDO,5007109,Green Eletron,PEV fixo,Ativo,27/05/2022
4111803-000,2023,PR,Jacarezinho,4111803,Sistema individual,PEV fixo,Ativo,23/12/2022
3135209-000,2023,MG,Januária,3135209,ABREE,PEV fixo,Ativo,12/05/2020
3550308-280,2023,SP,São Paulo,3550308,Green Eletron,PEV fixo,Ativo,20/06/2022
3552502-000,2023,SP,Suzano,3552502,Sistema individual,PEV fixo,Ativo,15/03/2021
4205407-063,2023,SC,Florianópolis,4205407,Sistema individual,PEV fixo,Ativo,27/06/2022
3303955-000,2023,RJ,PINHEIRAL,3303955,Sistema individual,PEV fixo,Ativo,02/07/2019
5208707-016,2023,GO,Goiania,5208707,ABREE,PEV fixo,Ativo,04/10/2021
3303609-000,2023,RJ,Paracambi,3303609,Sistema individual,Campanha itinerante,Ativo,12/11/2019
2305407-000,2023,CE,Icó,2305407,Green Eletron,PEV fixo,Ativo,01/04/2022
4314902-068,2023,RS,Porto Alegre,4314902,Green Eletron,Campanha itinerante,Ativo,24/07/2021
3123528-000,2023,MG,  Durandé ,3123528,ABREE,PEV fixo,Ativo,25/10/2020
2800308-019,2023,SE,ARACAJU,2800308,Green Eletron,PEV fixo,Ativo,16/07/2022
2111409-000,2023,MA,São Luís Gonzaga do Maranhão,2111409,ABREE,Campanha itinerante,Ativo,06/06/2020
3515608-001,2023,SP,Fernando Prestes,3515608,Green Eletron,PEV fixo,Ativo,27/01/2023
2919702-000,2023,BA,Macarani,2919702,Green Eletron,Campanha itinerante,Ativo,17/11/2023
4220000-001,2023,SC,Balneário Rincão,4220000,Green Eletron,PEV fixo,Ativo,09/08/2021
3106200-136,2023,MG,Belo Horizonte,3106200,Green Eletron,PEV fixo,Ativo,14/12/2021
4305108-000,2023,RS,Caxias do Sul,4305108,ABREE,PEV fixo,Ativo,13/06/2019
2800308-000,2023,SE,Aracaju,2800308,ABREE,PEV fixo,Ativo,14/01/2019
4316972-000,2023,RS,Santa Margarida do Sul,4316972,Green Eletron,PEV fixo,Ativo,28/05/2020
2927408-095,2023,BA,Salvador,2927408,Green Eletron,PEV fixo,Ativo,05/11/2021
2927408-036,2023,BA,Salvador,2927408,ABREE,Campanha itinerante,Ativo,24/09/2019
3515905-000,2023,SP,FLOREAL,3515905,ABREE,Campanha itinerante,Ativo,18/04/2020
5300108-069,2023,DF,BRASÍLIA,5300108,ABREE,PEV fixo,Ativo,28/06/2021
3130051-000,2023,MG,ICARAÍ DE MINAS,3130051,Green Eletron,PEV fixo,Ativo,21/02/2022
3506904-004,2023,SP,Bofete,3506904,ABREE,Campanha itinerante,Ativo,18/01/2023
3106200-135,2023,MG,BELO HORIZONTE,3106200,Sistema individual,PEV fixo,Ativo,18/02/2021
3532900-011,2023,SP,Nova Europa,3532900,ABREE,PEV fixo,Ativo,13/04/2020
3553302-000,2023,SP,Tambau,3553302,Green Eletron,PEV fixo,Ativo,09/01/2022
2506608-000,2023,PB,IBIARA,2506608,ABREE,PEV fixo,Ativo,25/11/2020
2800308-009,2023,SE,Aracaju,2800308,ABREE,Ponto de consolidação,Ativo,15/06/2020
4314498-000,2023,RS,Pinheirinho do Vale,4314498,ABREE,PEV fixo,Ativo,21/08/2019
4205407-039,2023,SC,Florianopolis,4205407,Green Eletron,PEV fixo,Ativo,20/05/2020
5104526-000,2023,MT,Ipiranga do Norte,5104526,ABREE,PEV fixo,Ativo,18/05/2020
3304557-168,2023,RJ,Rio de Janeiro,3304557,Green Eletron,PEV fixo,Ativo,08/09/2023
3158409-000,2023,MG,Santana de Cataguases,3158409,Green Eletron,Campanha itinerante,Ativo,18/12/2019
3136579-000,2023,MG,Josenópolis,3136579,ABREE,Ponto de consolidação,Ativo,24/12/2020
3106200-098,2023,MG,BELO HORIZONTE,3106200,ABREE,PEV fixo,Ativo,12/01/2021
3508306-000,2023,SP,CABRÁLIA PAULISTA,3508306,Green Eletron,PEV fixo,Ativo,09/02/2020
3304557-185,2023,RJ,RIO DE JANEIRO,3304557,ABREE,PEV fixo,Ativo,11/12/2023
3519907-000,2023,SP,Iepê,3519907,ABREE,PEV fixo,Ativo,17/01/2021
3550308-128,2023,SP,São Paulo,3550308,ABREE,PEV fixo,Ativo,07/04/2020
2309904-000,2023,CE,Pacujá,2309904,Green Eletron,Ponto de consolidação,Ativo,11/08/2019
1301209-000,2023,AM,Coari,1301209,Green Eletron,PEV fixo,Ativo,21/04/2020
2111300-097,2023,MA,SÃO LUÍS,2111300,Green Eletron,PEV fixo,Ativo,11/10/2023
3128105-000,2023,MG,  Guapé ,3128105,Green Eletron,Ponto de consolidação,Ativo,04/12/2019
3304557-196,2023,RJ,Rio de Janeiro,3304557,Green Eletron,PEV fixo,Ativo,13/07/2023
3531308-001,2023,SP,Monte Alto,3531308,Green Eletron,Campanha itinerante,Ativo,27/08/2020
3107307-000,2023,MG,BOCAIÚVA,3107307,ABREE,PEV fixo,Ativo,01/02/2020
3135001-000,2023,MG,Jaguaraçu,3135001,ABREE,PEV fixo,Ativo,04/02/2021
3533304-000,2023,SP,Nova Luzitania,3533304,Green Eletron,Campanha itinerante,Ativo,01/11/2021
3508306-003,2023,SP,  Cabrália Paulista ,3508306,Sistema individual,PEV fixo,Ativo,03/05/2021
3304557-048,2023,RJ,Rio de Janeiro,3304557,ABREE,PEV fixo,Ativo,13/10/2020
3305307-013,2023,RJ,SÃO SEBASTIÃO DO ALTO,3305307,ABREE,PEV fixo,Ativo,23/04/2022
4122206-000,2023,PR,Rio Branco do Sul,4122206,Green Eletron,PEV fixo,Ativo,20/04/2019
2611606-082,2023,PE,RECIFE,2611606,ABREE,PEV fixo,Ativo,28/09/2023
5103403-011,2023,MT,  Cuiabá ,5103403,Green Eletron,PEV fixo,Ativo,02/10/2023
3304557-075,2023,RJ,RIO DE JANEIRO,3304557,Green Eletron,PEV fixo,Ativo,24/04/2021
4215356-001,2023,SC,  Saltinho ,4215356,ABREE,PEV fixo,Ativo,25/03/2021
3555109-011,2023,SP,Tupi Paulista,3555109,Green Eletron,PEV fixo,Ativo,04/05/2022
2304400-018,2023,CE,Fortaleza,2304400,ABREE,PEV fixo,Ativo,01/11/2019
3550308-171,2023,SP,São Paulo,3550308,Green Eletron,PEV fixo,Ativo,23/08/2020
4106902-059,2023,PR,Curitiba,4106902,ABREE,PEV fixo,Inativo,27/09/2022
3549250-005,2023,SP,  São João de Iracema ,3549250,Green Eletron,PEV fixo,Ativo,05/12/2022
4314803-000,2023,RS,PORTÃO,4314803,Green Eletron,PEV fixo,Ativo,07/03/2021
3302007-000,2023,RJ,Itaguai,,Green Eletron,PEV fixo,Ativo,19/04/2023
3302403-005,2023,RJ,Macae,3302403,Green Eletron,PEV fixo,Ativo,04/03/2020
1304203-000,2023,AM,Tefé,1304203,ABREE,PEV fixo,Ativo,22/12/2022
4314902-057,2023,RS,Porto Alegre,4314902,Green Eletron,PEV fixo,Ativo,24/05/2021
2304707-001,2023,CE,GRANJA,2304707,ABREE,PEV fixo,Ativo,28/07/2023
2304657-000,2023,CE,GRAÇA,2304657,Green Eletron,PEV fixo,Ativo,22/01/2019
3106200-043,2023,MG,Belo Horizonte,3106200,Green Eletron,PEV fixo,Ativo,17/03/2020
4314902-006,2023,RS,PORTO ALEGRE,4314902,ABREE,Campanha itinerante,Ativo,17/02/2020
3304557-142,2023,RJ,Rio de Janeiro,3304557,Green Eletron,PEV fixo,Ativo,20/08/2022
2102002-000,2023,MA,Bom Jardim,2102002,Green Eletron,Campanha itinerante,Ativo,04/04/2023
4314902-140,2023,RS,Porto Alegre,4314902,Green Eletron,PEV fixo,Ativo,08/04/2023
1508209-008,2023,PA,VIGIA,1508209,ABREE,PEV fixo,Ativo,16/01/2022
3302700-016,2023,RJ,  Maricá ,3302700,Green Eletron,PEV fixo,Ativo,28/10/2022
3304557-179,2023,RJ,RIO DE JANEIRO,3304557,Green Eletron,PEV fixo,Inativo,05/08/2023
2103307-000,2023,MA,CODÓ,2103307,ABREE,PEV fixo,Ativo,08/07/2021
2309904-006,2023,CE,Pacujá,2309904,ABREE,PEV fixo,Ativo,16/12/2022
2927408-078,2023,BA,SALVADOR,2927408,ABREE,PEV fixo,Ativo,27/10/2021
3304557-115,2023,RJ,Rio de Janeiro,3304557,Green Eletron,Ponto de consolidação,Ativo,08/05/2022
2308500-000,2023,CE,  Mombaça ,2308500,ABREE,PEV fixo,Ativo,24/10/2019
3302908-004,2023,RJ,Miguel Pereira,3302908,Green Eletron,PEV fixo,Ativo,15/10/2021
3302403-016,2023,RJ,Macae,3302403,ABREE,PEV fixo,Ativo,23/01/2023
3550308-075,2023,SP,São Paulo,3550308,Green Eletron,PEV fixo,Ativo,06/08/2019
2111300-019,2023,MA,SÃO LUÍS,2111300,ABREE,PEV fixo,Ativo,09/09/2019
2920502-000,2023,BA,Maracas,2920502,Green Eletron,PEV fixo,Ativo,25/02/2020
4211108-000,2023,SC,Monte Castelo,4211108,Green Eletron,PEV fixo,Ativo,12/03/2022
5300108-007,2023,DF,Brasília,5300108,Green Eletron,Campanha itinerante,Ativo,11/06/2019
2707008-000,2023,AL,Pindoba,2707008,ABREE,PEV fixo,Ativo,01/10/2022
4200705-000,2023,SC,Alfredo Wagner,4200705,Green Eletron,PEV fixo,Ativo,23/01/2020
3555000-000,2023,SP,TUPÃ,3555000,ABREE,PEV fixo,Ativo,03/01/2023
3532900-025,2023,SP,NOVA EUROPA,3532900,ABREE,PEV fixo,Ativo,28/01/2023
3128303-000,2023,MG,Guaranesia,3128303,Green Eletron,PEV fixo,Ativo,05/10/2020
2509701-000,2023,PB,MONTEIRO,2509701,ABREE,PEV fixo,Ativo,22/03/2022
3304557-137,2023,RJ,RIO DE JANEIRO,3304557,ABREE,PEV fixo,Ativo,04/08/2022
3155504-000,2023,MG,Rio Paranaíba,3155504,ABREE,Campanha itinerante,Ativo,18/12/2022
3304557-128,2023,RJ,Rio de Janeiro,3304557,ABREE,PEV fixo,Ativo,09/10/2022
2112209-001,2023,MA,Timon,2112209,ABREE,PEV fixo,Ativo,19/12/2021
3557006-004,2023,SP,Votorantim,3557006,ABREE,PEV fixo,Ativo,06/04/2022
3302502-009,2023,RJ,Mage,3302502,ABREE,PEV fixo,Ativo,27/11/2023
2601052-000,2023,PE,ARAÇOIABA,2601052,ABREE,PEV fixo,Ativo,03/03/2020
3304557-163,2023,RJ,Rio de Janeiro,3304557,ABREE,PEV fixo,Ativo,26/03/2023
4201505-000,2023,SC,  Armazém ,4201505,Sistema individual,PEV fixo,Ativo,22/11/2020
2111300-095,2023,MA,Sao Luis,2111300,ABREE,Ponto de consolidação,Ativo,11/12/2023
3550308-304,2023,SP,SÃO PAULO,3550308,ABREE,PEV fixo,Ativo,23/02/2022
3546702-001,2023,SP,Santa Gertrudes,3546702,Sistema individual,PEV fixo,Ativo,20/04/2023
2605509-000,2023,PE,FERREIROS,2605509,ABREE,PEV fixo,Ativo,25/02/2021
3532900-016,2023,SP,Nova Europa,3532900,Green Eletron,PEV fixo,Ativo,04/06/2021
3538808-016,2023,SP,PIRAJU,3538808,Green Eletron,PEV fixo,Ativo,15/07/2020
4303806-000,2023,RS,  Campinas do Sul ,4303806,Green Eletron,PEV fixo,Ativo,21/05/2023
1304260-002,2023,AM,Uarini,1304260,ABREE,PEV fixo,Ativo,13/06/2022
4106902-027,2023,PR,Curitiba,4106902,ABREE,PEV fixo,Inativo,28/10/2020
4314902-014,2023,RS,Porto Alegre,4314902,Sistema individual,PEV fixo,Ativo,25/11/2020
2301604-001,2023,CE,ASSARÉ,2301604,ABREE,PEV fixo,Ativo,01/12/2020
4128401-003,2023,PR,URAÍ,4128401,Green Eletron,PEV fixo,Ativo,14/02/2022
4115457-002,2023,PR,MARQUINHO,4115457,ABREE,PEV fixo,Ativo,22/11/2019
4109203-000,2023,PR,Guaraci,4109203,Green Eletron,PEV fixo,Ativo,23/09/2022
2302107-000,2023,CE,Baturité,2302107,ABREE,PEV fixo,Ativo,20/09/2019
4314902-027,2023,RS,Porto Alegre,4314902,ABREE,PEV fixo,Ativo,09/02/2020
4310207-012,2023,RS,Ijui,4310207,Green Eletron,PEV fixo,Ativo,23/12/2023
3538808-017,2023,SP,PIRAJU,3538808,Sistema individual,PEV fixo,Ativo,27/02/2020
4314902-041,2023,RS,Porto Alegre,4314902,Green Eletron,PEV fixo,Ativo,06/11/2020
2602902-002,2023,PE,Cabo de Santo Agostinho,2602902,Green Eletron,PEV fixo,Ativo,25/07/2019
1400159-000,2023,RR,Bonfim,1400159,ABREE,PEV fixo,Ativo,28/02/2022
2515609-001,2023,PB,Serra da Raiz,2515609,ABREE,PEV fixo,Ativo,10/09/2022
3550308-004,2023,SP,São Paulo,3550308,ABREE,PEV fixo,Ativo,12/04/2019
2513000-000,2023,PB,Salgadinho,2513000,ABREE,Campanha itinerante,Ativo,27/02/2021
4310207-009,2023,RS,Ijui,4310207,ABREE,PEV fixo,Ativo,28/06/2022
5300108-081,2023,DF,Brasília,5300108,ABREE,PEV fixo,Ativo,11/01/2022
3525607-006,2023,SP,João Ramalho,3525607,ABREE,PEV fixo,Ativo,10/04/2023
2104628-000,2023,MA,GOVERNADOR LUIZ ROCHA,2104628,Sistema individual,PEV fixo,Ativo,10/12/2021
2927408-002,2023,BA,Salvador,2927408,ABREE,PEV fixo,Ativo,05/03/2019
5300108-034,2023,DF,Brasilia,5300108,Green Eletron,PEV fixo,Ativo,13/03/2020
5300108-096,2023,DF,Brasília,5300108,ABREE,PEV fixo,Ativo,13/12/2023
4205407-064,2023,SC,Florianopolis,4205407,Green Eletron,PEV fixo,Ativo,11/09/2022
2414803-001,2023,RN,Vera Cruz,2414803,ABREE,PEV fixo,Ativo,22/12/2023
3305307-014,2023,RJ,Sao Sebastiao do Alto,3305307,ABREE,PEV fixo,Ativo,16/07/2022
2303105-000,2023,CE,CARIRÉ,2303105,ABREE,PEV fixo,Ativo,22/11/2021
4119608-000,2023,PR,Pitanga,4119608,ABREE,PEV fixo,Ativo,12/03/2019
3304557-113,2023,RJ,Rio de Janeiro,3304557,Green Eletron,PEV fixo,Ativo,23/08/2022
3164100-000,2023,MG,São Pedro do Suaçuí,3164100,ABREE,PEV fixo,Ativo,12/05/2020
3304508-002,2023,RJ,  Rio das Flores ,3304508,ABREE,PEV fixo,Ativo,20/10/2020
3550308-085,2023,SP,São Paulo,3550308,ABREE,PEV fixo,Ativo,26/11/2019
3302858-001,2023,RJ,MESQUITA,3302858,ABREE,PEV fixo,Ativo,25/07/2021
3304557-147,2023,RJ,  Rio de Janeiro ,3304557,Green Eletron,PEV fixo,Ativo,02/04/2022
3302106-008,2023,RJ,ITAOCARA,3302106,ABREE,Ponto de consolidação,Ativo,27/03/2023
2408102-008,2023,RN,NATAL,2408102,ABREE,PEV fixo,Ativo,02/06/2021
3106200-170,2023,MG,BELO HORIZONTE,3106200,Green Eletron,Ponto de consolidação,Ativo,12/10/2022
4127858-000,2023,PR,Três Barras do Paraná,4127858,ABREE,Ponto de consolidação,Ativo,15/01/2023
2601508-000,2023,PE,Belém de Maria,2601508,ABREE,PEV fixo,Ativo,17/05/2020
3139300-000,2023,MG,Manga,3139300,Green Eletron,PEV fixo,Ativo,23/11/2023
3532504-002,2023,SP,NEVES PAULISTA,3532504,ABREE,PEV fixo,Ativo,13/09/2020
3550308-170,2023,SP,São Paulo,3550308,Green Eletron,Ponto de consolidação,Ativo,06/03/2020
2803609-000,2023,SE,Laranjeiras,2803609,ABREE,PEV fixo,Ativo,02/05/2020
4205407-025,2023,SC,FLORIANÓPOLIS,4205407,Green Eletron,PEV fixo,Ativo,15/05/2019
3550308-120,2023,SP,São Paulo,3550308,ABREE,PEV fixo,Ativo,28/10/2020
2516755-000,2023,PB,Tenorio,2516755,Green Eletron,PEV fixo,Ativo,27/03/2019
3106200-162,2023,MG,BELO HORIZONTE,3106200,Sistema individual,PEV fixo,Ativo,06/04/2022
2203008-000,2023,PI,Cristalândia do Piauí,2203008,Green Eletron,PEV fixo,Ativo,04/07/2021
4106902-066,2023,PR,Curitiba,4106902,ABREE,PEV fixo,Ativo,22/06/2022
3504701-000,2023,SP,Balbinos,3504701,ABREE,PEV fixo,Ativo,07/01/2021
1707702-000,2023,TO,FILADÉLFIA,1707702,ABREE,PEV fixo,Ativo,03/04/2021
4115457-007,2023,PR,  Marquinho ,4115457,ABREE,Campanha itinerante,Ativo,09/02/2022
5207808-000,2023,GO,Firminópolis,5207808,Green Eletron,PEV fixo,Ativo,13/05/2019
2101939-003,2023,MA,Bernardo do Mearim,2101939,Green Eletron,PEV fixo,Ativo,19/10/2021
3513009-001,2023,SP,Cotia,3513009,Green Eletron,PEV fixo,Ativo,11/10/2019
2304251-007,2023,CE,Cruz,2304251,ABREE,PEV fixo,Ativo,02/05/2021
4321469-000,2023,RS,Tio Hugo,4321469,Green Eletron,PEV fixo,Ativo,15/01/2020
3106200-131,2023,MG,Belo Horizonte,3106200,Green Eletron,PEV fixo,Ativo,02/04/2021
3151107-000,2023,MG,  Pirapetinga ,3151107,ABREE,PEV fixo,Ativo,15/09/2022
3304557-087,2023,RJ,Rio de Janeiro,3304557,Green Eletron,PEV fixo,Ativo,28/12/2021
3202405-000,2023,ES,  Guarapari ,3202405,Green Eletron,PEV fixo,Ativo,21/08/2020
2616183-000,2023,PE,VERTENTE DO LÉRIO,2616183,Sistema individual,PEV fixo,Ativo,15/05/2019
3304557-076,2023,RJ,RIO DE JANEIRO,3304557,ABREE,PEV fixo,Ativo,14/10/2021
4314902-108,2023,RS,Porto Alegre,4314902,Green Eletron,PEV fixo,Ativo,01/07/2022
3505203-008,2023,SP,BARIRI,3505203,ABREE,PEV fixo,Ativo,10/09/2023
3532009-001,2023,SP,MORUNGABA,3532009,Sistema individual,Campanha itinerante,Ativo,21/09/2019
3170503-000,2023,MG,URUCÂNIA,3170503,Green Eletron,PEV fixo,Ativo,09/01/2021
2103257-000,2023,MA,Cidelândia,2103257,ABREE,PEV fixo,Ativo,18/03/2022
3304508-013,2023,RJ,  Rio das Flores ,3304508,Green Eletron,Ponto de consolidação,Ativo,16/09/2023
3130101-000,2023,MG,IGARAPÉ,3130101,Green Eletron,Campanha itinerante,Ativo,26/02/2019
5300108-039,2023,DF,Brasília,5300108,Green Eletron,PEV fixo,Ativo,18/05/2020
3549508-010,2023,SP,São José da Bela Vista,3549508,ABREE,PEV fixo,Ativo,26/11/2023
2516508-000,2023,PB,Taperoa,2516508,Green Eletron,PEV fixo,Ativo,11/06/2019
2611606-019,2023,PE,Recife,2611606,Green Eletron,PEV fixo,Ativo,05/08/2020
3137809-001,2023,MG,Lambari,3137809,ABREE,Campanha itinerante,Ativo,02/10/2022
2611606-039,2023,PE,Recife,2611606,ABREE,Ponto de consolidação,Ativo,22/05/2021
2602001-000,2023,PE,Bodocó,2602001,Green Eletron,PEV fixo,Ativo,27/01/2023
3524402-003,2023,SP,  Jacareí ,3524402,ABREE,PEV fixo,Ativo,28/10/2022
3106200-156,2023,MG,Belo Horizonte,3106200,Sistema individual,PEV fixo,Ativo,08/05/2021
2111300-006,2023,MA,São Luís,2111300,ABREE,PEV fixo,Ativo,13/07/2019
2927408-067,2023,BA,Salvador,2927408,ABREE,Ponto de consolidação,Ativo,23/07/2020
4203105-000,2023,SC,Caibi,4203105,ABREE,PEV fixo,Ativo,19/12/2019
3106200-057,2023,MG,BELO HORIZONTE,3106200,ABREE,PEV fixo,Ativo,06/04/2020
2708303-000,2023,AL,São José da Laje,2708303,Green Eletron,PEV fixo,Inativo,14/05/2020
5005152-000,2023,MS,Juti,5005152,Green Eletron,PEV fixo,Ativo,15/06/2019
4314902-083,2023,RS,PORTO ALEGRE,4314902,ABREE,PEV fixo,Ativo,12/04/2021
3160108-000,2023,MG,Santo Antônio do Grama,3160108,Sistema individual,PEV fixo,Ativo,19/11/2019
3550308-347,2023,SP,Sao Paulo,3550308,Green Eletron,PEV fixo,Ativo,06/10/2023
3106200-281,2023,MG,BELO HORIZONTE,3106200,Sistema individual,PEV fixo,Ativo,22/06/2023
3106200-210,2023,MG,Belo Horizonte,3106200,ABREE,PEV fixo,Ativo,07/07/2022
3107703-000,2023,MG,Bom Jesus do Amparo,3107703,Sistema individual,PEV fixo,Ativo,16/11/2021
3106200-166,2023,MG,Belo Horizonte,3106200,Green Eletron,PEV fixo,Ativo,05/06/2022
3550308-087,2023,SP,Sao Paulo,3550308,ABREE,PEV fixo,Ativo,15/09/2019
5105002-001,2023,MT,Jauru,5105002,ABREE,PEV fixo,Ativo,20/10/2023
4314902-032,2023,RS,Porto Alegre,4314902,Green Eletron,PEV fixo,Ativo,20/09/2020
1505635-000,2023,PA,Piçarra,1505635,ABREE,PEV fixo,Ativo,10/12/2021
1508001-001,2023,PA,Tomé-Açu,1508001,Green Eletron,PEV fixo,Ativo,23/08/2022
2704500-000,2023,AL,Maragogi,2704500,Sistema individual,PEV fixo,Inativo,02/04/2019
2918407-000,2023,BA,Juazeiro,2918407,ABREE,PEV fixo,Ativo,06/04/2020
2507309-000,2023,PB,Jacarau,2507309,ABREE,PEV fixo,Inativo,19/05/2019
3546009-005,2023,SP,Santa Branca,3546009,Green Eletron,Campanha itinerante,Ativo,26/03/2021
2927408-128,2023,BA,Salvador,2927408,ABREE,PEV fixo,Ativo,20/04/2022
3550308-106,2023,SP,São Paulo,3550308,ABREE,PEV fixo,Ativo,09/02/2019
4106902-001,2023,PR,Curitiba,4106902,Green Eletron,PEV fixo,Ativo,02/10/2020
4209201-000,2023,SC,Lacerdópolis,4209201,Green Eletron,PEV fixo,Ativo,04/05/2023
2111300-089,2023,MA,SÃO LUÍS,2111300,Green Eletron,PEV fixo,Ativo,15/05/2022
2112274-000,2023,MA,Tufilândia,2112274,Green Eletron,PEV fixo,Ativo,21/12/2020
2927408-141,2023,BA,Salvador,2927408,ABREE,PEV fixo,Ativo,24/04/2023
5220264-000,2023,GO,  São Miguel do Passa Quatro ,5220264,ABREE,PEV fixo,Ativo,26/04/2022
3536208-000,2023,SP,  Pariquera-Açu ,3536208,Sistema individual,PEV fixo,Ativo,12/02/2023
2311355-001,2023,CE,QUIXELÔ,2311355,ABREE,PEV fixo,Ativo,05/12/2023
2408102-020,2023,RN,NATAL,2408102,Green Eletron,Ponto de consolidação,Ativo,17/11/2023
2111300-099,2023,MA,SÃO LUÍS,2111300,ABREE,PEV fixo,Ativo,15/07/2023
2211001-021,2023,PI,  Teresina ,2211001,ABREE,PEV fixo,Ativo,07/01/2022
3304557-082,2023,RJ,Rio de Janeiro,3304557,Sistema individual,Campanha itinerante,Ativo,25/09/2021
2905008-000,2023,BA,CACULÉ,2905008,Green Eletron,PEV fixo,Ativo,17/07/2021
4107157-000,2023,PR,Diamante D'Oeste,4107157,ABREE,PEV fixo,Ativo,11/04/2019
2200202-000,2023,PI,Água Branca,2200202,ABREE,PEV fixo,Ativo,22/09/2020
3166808-000,2023,MG,Serra do Salitre,3166808,Sistema individual,PEV fixo,Ativo,14/07/2019
3542602-002,2023,SP,Registro,3542602,ABREE,PEV fixo,Ativo,06/08/2020
2927408-011,2023,BA,Salvador,2927408,ABREE,Ponto de consolidação,Ativo,12/05/2019
1200336-000,2023,AC,Mancio Lima,1200336,Green Eletron,PEV fixo,Ativo,03/10/2022
4215000-000,2023,SC,Rio Negrinho,4215000,ABREE,PEV fixo,Inativo,10/01/2023
3550506-000,2023,SP,São Pedro do Turvo,3550506,ABREE,Ponto de consolidação,Ativo,03/02/2019
2211001-023,2023,PI,  Teresina ,2211001,Green Eletron,PEV fixo,Ativo,14/10/2023
2709004-000,2023,AL,Tanque d'Arca,2709004,Sistema individual,PEV fixo,Ativo,21/10/2019
3304557-129,2023,RJ,Rio de Janeiro,3304557,ABREE,Ponto de consolidação,Ativo,27/05/2022
3203403-000,2023,ES,Mimoso do Sul,3203403,Green Eletron,PEV fixo,Ativo,18/08/2023
4215703-000,2023,SC,SANTO AMARO DA IMPERATRIZ,4215703,ABREE,Ponto de consolidação,Ativo,09/12/2019
2101939-004,2023,MA,Bernardo do Mearim,2101939,ABREE,PEV fixo,Ativo,05/04/2021
3549904-003,2023,SP,SÃO JOSÉ DOS CAMPOS,3549904,ABREE,PEV fixo,Ativo,22/02/2021
2300606-001,2023,CE,Altaneira,2300606,ABREE,PEV fixo,Ativo,18/08/2021
3512100-001,2023,SP,Colômbia,3512100,Green Eletron,Campanha itinerante,Ativo,27/01/2021
1501402-026,2023,PA,BELÉM,1501402,Green Eletron,PEV fixo,Ativo,01/09/2023
1505403-000,2023,PA,Ourém,1505403,Green Eletron,PEV fixo,Ativo,11/09/2021
4205407-019,2023,SC,FLORIANÓPOLIS,4205407,Green Eletron,Campanha itinerante,Ativo,21/01/2019
1300102-000,2023,AM,Anori,1300102,Sistema individual,PEV fixo,Ativo,06/05/2023
3145901-000,2023,MG,OURO BRANCO,3145901,Green Eletron,PEV fixo,Ativo,28/06/2021
5300108-016,2023,DF,Brasília,5300108,Green Eletron,PEV fixo,Ativo,03/03/2019
3550308-026,2023,SP,  São Paulo ,3550308,ABREE,PEV fixo,Ativo,26/06/2019
5207501-000,2023,GO,ESTRELA DO NORTE,5207501,Sistema individual,Campanha itinerante,Ativo,20/08/2021
2211605-001,2023,PI,  Vila Nova do Piauí ,2211605,Green Eletron,PEV fixo,Ativo,17/12/2023
2111300-021,2023,MA,São Luís,2111300,Green Eletron,PEV fixo,Ativo,18/10/2019
2301208-000,2023,CE,Aracoiaba,2301208,Green Eletron,PEV fixo,Ativo,12/07/2023
1703701-000,2023,TO,Brejinho de Nazaré,1703701,Green Eletron,PEV fixo,Ativo,23/08/2020
2314102-000,2023,CE,Viçosa do Ceará,2314102,Green Eletron,PEV fixo,Ativo,10/10/2019
3142304-000,2023,MG,MOEDA,3142304,ABREE,PEV fixo,Ativo,03/01/2019
2922656-002,2023,BA,Nordestina,2922656,ABREE,PEV fixo,Ativo,04/08/2020
5220280-000,2023,GO,São Patrício,5220280,Green Eletron,PEV fixo,Ativo,16/09/2023
3556305-000,2023,SP,Valparaiso,3556305,ABREE,PEV fixo,Ativo,26/10/2023
4306304-000,2023,RS,David Canabarro,4306304,Green Eletron,PEV fixo,Ativo,22/05/2022
2103901-000,2023,MA,Duque Bacelar,2103901,Sistema individual,PEV fixo,Ativo,21/03/2021
3550308-002,2023,SP,São Paulo,3550308,Green Eletron,PEV fixo,Ativo,15/06/2019
3136504-000,2023,MG,Jordânia,3136504,ABREE,Ponto de consolidação,Ativo,21/08/2023
3106200-277,2023,MG,Belo Horizonte,3106200,Green Eletron,PEV fixo,Ativo,09/08/2023
3304557-013,2023,RJ,Rio de Janeiro,3304557,ABREE,Ponto de consolidação,Ativo,28/01/2020
1505106-000,2023,PA,Óbidos,1505106,ABREE,PEV fixo,Ativo,22/08/2020
3507100-002,2023,SP,Bom Jesus dos Perdões,3507100,ABREE,PEV fixo,Ativo,12/04/2023
4205407-027,2023,SC,FLORIANÓPOLIS,4205407,ABREE,PEV fixo,Ativo,19/07/2020
4109500-000,2023,PR,  Guaraqueçaba ,4109500,ABREE,PEV fixo,Ativo,22/02/2023
5300108-075,2023,DF,Brasília,5300108,Green Eletron,PEV fixo,Ativo,17/02/2022
5100359-000,2023,MT,ALTO BOA VISTA,5100359,Sistema individual,PEV fixo,Ativo,28/10/2021
3106200-072,2023,MG,Belo Horizonte,,Sistema individual,PEV fixo,Ativo,05/12/2020
5002704-008,2023,MS,Campo Grande,5002704,Green Eletron,PEV fixo,Ativo,14/09/2022
2927408-087,2023,BA,Salvador,2927408,Green Eletron,PEV fixo,Ativo,21/04/2021
4313334-005,2023,RS,Nova Ramada,4313334,Green Eletron,Ponto de consolidação,Ativo,23/10/2023
2611606-087,2023,PE,RECIFE,2611606,ABREE,PEV fixo,Ativo,20/07/2023
3106200-183,2023,MG,Belo Horizonte,3106200,ABREE,PEV fixo,Ativo,23/11/2022
2914208-001,2023,BA,Irajuba,2914208,ABREE,PEV fixo,Ativo,03/08/2022
3553807-001,2023,SP,Taquarituba,3553807,ABREE,PEV fixo,Ativo,15/02/2022
2514206-000,2023,PB,São José da Lagoa Tapada,2514206,ABREE,PEV fixo,Ativo,22/04/2022
3550308-155,2023,SP,SÃO PAULO,3550308,ABREE,Campanha itinerante,Ativo,16/05/2020
2611606-073,2023,PE,Recife,2611606,Green Eletron,PEV fixo,Ativo,18/02/2023
3304557-037,2023,RJ,RIO DE JANEIRO,3304557,Green Eletron,Ponto de consolidação,Ativo,11/03/2020
3547403-001,2023,SP,Santa Rita d'Oeste,3547403,Green Eletron,Ponto de consolidação,Ativo,23/02/2022
2408102-009,2023,RN,Natal,2408102,Green Eletron,PEV fixo,Ativo,11/11/2021
3550308-080,2023,SP,Sao Paulo,3550308,ABREE,PEV fixo,Ativo,08/04/2019
5207535-000,2023,GO,Faina,5207535,Green Eletron,PEV fixo,Ativo,07/12/2022
2304400-028,2023,CE,FORTALEZA,2304400,Green Eletron,PEV fixo,Ativo,07/11/2019
3301108-015,2023,RJ,Cantagalo,3301108,ABREE,PEV fixo,Ativo,22/11/2022
4314902-069,2023,RS,Porto Alegre,4314902,Sistema individual,Ponto de consolidação,Ativo,25/06/2021
3550308-281,2023,SP,Sao Paulo,3550308,ABREE,PEV fixo,Ativo,20/06/2022
3301108-016,2023,RJ,CANTAGALO,3301108,Sistema individual,PEV fixo,Ativo,28/09/2022
4309308-000,2023,RS,GUAÍBA,4309308,ABREE,PEV fixo,Ativo,07/05/2019
1501402-022,2023,PA,Belém,1501402,Green Eletron,PEV fixo,Ativo,27/12/2022
3550308-103,2023,SP,SÃO PAULO,3550308,Green Eletron,PEV fixo,Ativo,08/03/2019
4202800-000,2023,SC,Braço do Norte,4202800,ABREE,PEV fixo,Ativo,21/08/2020
2402709-000,2023,RN,  Cerro Corá ,2402709,Green Eletron,PEV fixo,Ativo,07/11/2022
2111300-008,2023,MA,São Luís,2111300,ABREE,PEV fixo,Ativo,23/09/2019
3550308-222,2023,SP,SÃO PAULO,3550308,Green Eletron,PEV fixo,Ativo,05/11/2021
2927408-136,2023,BA,Salvador,2927408,Green Eletron,PEV fixo,Ativo,11/04/2023
3532900-024,2023,SP,  Nova Europa ,3532900,ABREE,Ponto de consolidação,Ativo,24/06/2023
2203305-000,2023,PI,Demerval Lobão,2203305,ABREE,PEV fixo,Ativo,01/02/2020
5002902-000,2023,MS,Cassilândia,5002902,Green Eletron,PEV fixo,Ativo,21/07/2022
5300108-042,2023,DF,BRASÍLIA,5300108,ABREE,Ponto de consolidação,Ativo,17/01/2020
3106200-115,2023,MG,BELO HORIZONTE,3106200,Green Eletron,PEV fixo,Ativo,28/07/2021
2611606-080,2023,PE,Recife,2611606,Green Eletron,PEV fixo,Ativo,01/09/2023
1505106-002,2023,PA,Óbidos,1505106,ABREE,PEV fixo,Ativo,04/02/2021
3550308-129,2023,SP,SÃO PAULO,3550308,ABREE,PEV fixo,Ativo,25/12/2020
2611606-030,2023,PE,RECIFE,2611606,Sistema individual,PEV fixo,Ativo,04/05/2020
2924058-000,2023,BA,PÉ DE SERRA,2924058,Green Eletron,PEV fixo,Ativo,22/07/2019
2101939-002,2023,MA,Bernardo do Mearim,2101939,ABREE,Campanha itinerante,Ativo,04/05/2020
2915700-000,2023,BA,Itamari,2915700,Green Eletron,Ponto de consolidação,Ativo,24/06/2019
3106200-083,2023,MG,BELO HORIZONTE,3106200,ABREE,PEV fixo,Ativo,11/11/2020
2111300-066,2023,MA,SÃO LUÍS,2111300,Sistema individual,PEV fixo,Ativo,07/03/2021
1717008-001,2023,TO,Pindorama do Tocantins,1717008,Sistema individual,PEV fixo,Ativo,11/03/2023
3305307-008,2023,RJ,SÃO SEBASTIÃO DO ALTO,3305307,Green Eletron,PEV fixo,Ativo,02/05/2020
3500600-002,2023,SP,Águas de São Pedro,,ABREE,PEV fixo,Ativo,28/01/2022
3550308-052,2023,SP,São Paulo,3550308,Green Eletron,PEV fixo,Ativo,09/12/2019
5106372-000,2023,MT,PEDRA PRETA,,Sistema individual,PEV fixo,Ativo,25/05/2023
3118502-000,2023,MG,Consolação,3118502,ABREE,PEV fixo,Ativo,01/09/2019
2920502-001,2023,BA,Maracás,2920502,Green Eletron,Ponto de consolidação,Ativo,22/10/2020
4314902-050,2023,RS,Porto Alegre,4314902,Green Eletron,PEV fixo,Ativo,28/05/2020
4314175-000,2023,RS,  Pedras Altas ,4314175,Green Eletron,PEV fixo,Ativo,06/11/2022
2922805-001,2023,BA,Nova Itarana,2922805,Green Eletron,PEV fixo,Ativo,05/06/2022
3550308-344,2023,SP,SÃO PAULO,3550308,Green Eletron,PEV fixo,Ativo,13/05/2023
5208707-010,2023,GO,Goiânia,5208707,Sistema individual,Ponto de consolidação,Ativo,27/07/2020
2304251-006,2023,CE,CRUZ,2304251,ABREE,PEV fixo,Ativo,21/06/2021
4312252-000,2023,RS,Minas do Leão,4312252,ABREE,PEV fixo,Ativo,18/02/2022
3200136-001,2023,ES,ÁGUIA BRANCA,3200136,Green Eletron,PEV fixo,Ativo,09/12/2023
2304608-000,2023,CE,GENERAL SAMPAIO,2304608,Green Eletron,PEV fixo,Ativo,15/05/2021
4106902-077,2023,PR,Curitiba,4106902,Green Eletron,Campanha itinerante,Ativo,03/12/2023
5220058-000,2023,GO,São João da Paraúna,5220058,ABREE,Ponto de consolidação,Ativo,19/04/2019
3304557-042,2023,RJ,Rio de Janeiro,3304557,Green Eletron,PEV fixo,Ativo,27/06/2020
4205407-048,2023,SC,Florianópolis,4205407,Sistema individual,Ponto de consolidação,Ativo,26/02/2021
4314902-122,2023,RS,Porto Alegre,4314902,ABREE,PEV fixo,Ativo,15/10/2022
4322806-000,2023,RS,VERANÓPOLIS,4322806,ABREE,PEV fixo,Ativo,05/05/2022
5209705-000,2023,GO,Hidrolândia,5209705,ABREE,PEV fixo,Ativo,16/11/2022
4205407-015,2023,SC,Florianopolis,4205407,ABREE,PEV fixo,Ativo,22/07/2019
2210631-000,2023,PI,Sebastiao Leal,2210631,Green Eletron,PEV fixo,Ativo,17/05/2020
4314902-051,2023,RS,Porto Alegre,4314902,Green Eletron,PEV fixo,Ativo,14/11/2020
3549706-003,2023,SP,SÃO JOSÉ DO RIO PARDO,3549706,ABREE,PEV fixo,Ativo,02/08/2022
2112506-000,2023,MA,Tutóia,2112506,ABREE,PEV fixo,Ativo,16/03/2022
3124104-001,2023,MG,  Esmeraldas ,3124104,Green Eletron,PEV fixo,Inativo,08/04/2022
3544004-000,2023,SP,RIO DAS PEDRAS,3544004,Green Eletron,PEV fixo,Ativo,01/08/2020
4205407-052,2023,SC,FLORIANÓPOLIS,4205407,Green Eletron,PEV fixo,Ativo,12/03/2021
2309508-000,2023,CE,Orós,2309508,Green Eletron,PEV fixo,Ativo,16/10/2023
3529104-000,2023,SP,Marinopolis,3529104,ABREE,PEV fixo,Ativo,08/04/2023
2304707-000,2023,CE,  Granja ,2304707,Green Eletron,PEV fixo,Ativo,08/02/2022
4300208-000,2023,RS,Ajuricaba,4300208,Green Eletron,PEV fixo,Ativo,06/08/2019
2611606-090,2023,PE,RECIFE,2611606,ABREE,PEV fixo,Ativo,08/01/2023
3550308-083,2023,SP,Sao Paulo,3550308,Green Eletron,Ponto de consolidação,Ativo,19/12/2019
3538808-025,2023,SP,Piraju,3538808,ABREE,PEV fixo,Ativo,05/01/2021
3507506-000,2023,SP,Botucatu,3507506,Sistema individual,Campanha itinerante,Ativo,17/01/2020
3305752-003,2023,RJ,TANGUÁ,3305752,Sistema individual,PEV fixo,Ativo,12/03/2021
2807303-000,2023,SE,Telha,2807303,ABREE,PEV fixo,Ativo,18/05/2023
3517703-003,2023,SP,Guará,3517703,Green Eletron,PEV fixo,Ativo,18/06/2022
2922656-000,2023,BA,Nordestina,2922656,Green Eletron,Ponto de consolidação,Ativo,19/09/2019
4314902-001,2023,RS,Porto Alegre,4314902,Sistema individual,PEV fixo,Ativo,06/09/2020
2105658-000,2023,MA,Junco do Maranhão,2105658,Green Eletron,PEV fixo,Ativo,06/06/2023
2609006-000,2023,PE,Macaparana,2609006,Green Eletron,PEV fixo,Ativo,16/06/2019
5205901-001,2023,GO,Corumbaíba,5205901,ABREE,PEV fixo,Ativo,19/01/2022
4103206-000,2023,PR,BOM SUCESSO,4103206,ABREE,PEV fixo,Ativo,14/07/2023
1200401-005,2023,AC,Rio Branco,1200401,Green Eletron,PEV fixo,Ativo,20/06/2022
3304151-004,2023,RJ,Quissamã,3304151,ABREE,Ponto de consolidação,Ativo,20/01/2023
2920304-000,2023,BA,MALHADA DE PEDRAS,2920304,ABREE,PEV fixo,Ativo,28/05/2021
2408102-006,2023,RN,NATAL,2408102,Green Eletron,PEV fixo,Ativo,08/04/2020
3302700-002,2023,RJ,Marica,3302700,ABREE,PEV fixo,Ativo,03/09/2019
3300308-000,2023,RJ,Barra do Piraí,3300308,Green Eletron,PEV fixo,Ativo,24/11/2019
2602902-005,2023,PE,Cabo de Santo Agostinho,2602902,Green Eletron,PEV fixo,Ativo,17/04/2021
2611606-006,2023,PE,  Recife ,2611606,ABREE,PEV fixo,Ativo,03/01/2020
3126109-000,2023,MG,FORMIGA,3126109,ABREE,Ponto de consolidação,Ativo,25/01/2019
2611606-043,2023,PE,Recife,2611606,ABREE,Ponto de consolidação,Ativo,05/08/2021
5208707-014,2023,GO,Goiania,5208707,Green Eletron,Ponto de consolidação,Ativo,21/09/2021
2512408-000,2023,PB,  Puxinanã ,2512408,ABREE,PEV fixo,Ativo,26/09/2023
3106200-196,2023,MG,BELO HORIZONTE,3106200,ABREE,PEV fixo,Ativo,09/01/2022
3133501-000,2023,MG,Itapecerica,3133501,ABREE,PEV fixo,Ativo,15/08/2019
2313559-000,2023,CE,Tururu,2313559,ABREE,PEV fixo,Ativo,01/04/2022
3144201-000,2023,MG,Nacip Raydan,3144201,ABREE,PEV fixo,Ativo,25/11/2023
2112209-002,2023,MA,Timon,2112209,ABREE,PEV fixo,Ativo,06/05/2022
2923209-000,2023,BA,OLIVEIRA DOS BREJINHOS,2923209,ABREE,PEV fixo,Ativo,25/03/2019
2613602-000,2023,PE,SÃO JOSÉ DO EGITO,2613602,ABREE,PEV fixo,Ativo,25/06/2021
4300901-000,2023,RS,Aratiba,4300901,Sistema individual,PEV fixo,Ativo,27/10/2020
3533254-001,2023,SP,NOVAIS,3533254,Green Eletron,PEV fixo,Ativo,07/08/2023
5210109-000,2023,GO,  Ipameri ,5210109,ABREE,PEV fixo,Inativo,23/11/2021
5300108-053,2023,DF,BRASÍLIA,5300108,Green Eletron,PEV fixo,Ativo,09/03/2021
3549508-008,2023,SP,  São José da Bela Vista ,3549508,ABREE,PEV fixo,Ativo,14/11/2022
3106200-142,2023,MG,Belo Horizonte,3106200,ABREE,PEV fixo,Ativo,20/06/2021
4127205-001,2023,PR,TERRA BOA,4127205,Green Eletron,PEV fixo,Ativo,28/10/2022
4319109-000,2023,RS,Sao Martinho,4319109,ABREE,PEV fixo,Ativo,06/01/2019
4307559-000,2023,RS,Estacao,4307559,ABREE,PEV fixo,Ativo,10/12/2020
3304557-123,2023,RJ,Rio de Janeiro,3304557,ABREE,PEV fixo,Ativo,16/04/2022
4314787-000,2023,RS,Ponte Preta,4314787,ABREE,PEV fixo,Ativo,12/11/2022
2611101-000,2023,PE,  Petrolina ,2611101,Green Eletron,PEV fixo,Ativo,01/08/2020
3121506-000,2023,MG,DESTERRO DO MELO,3121506,ABREE,PEV fixo,Ativo,19/09/2020
3304508-001,2023,RJ,Rio das Flores,3304508,Green Eletron,PEV fixo,Ativo,24/09/2020
2511004-001,2023,PB,  Pedra Branca ,2511004,ABREE,PEV fixo,Ativo,15/04/2022
1200609-000,2023,AC,Tarauacá,1200609,ABREE,PEV fixo,Ativo,15/12/2023
2408102-002,2023,RN,Natal,2408102,Green Eletron,PEV fixo,Ativo,09/12/2020
3202652-000,2023,ES,Irupi,3202652,Green Eletron,PEV fixo,Ativo,16/12/2022
3525201-007,2023,SP,Jarinu,3525201,ABREE,PEV fixo,Ativo,09/08/2021
3167202-001,2023,MG,  Sete Lagoas ,3167202,ABREE,Campanha itinerante,Ativo,14/01/2021
2926509-000,2023,BA,Ribeira do Amparo,2926509,Green Eletron,PEV fixo,Ativo,11/02/2023
5214507-000,2023,GO,Nerópolis,5214507,ABREE,PEV fixo,Ativo,21/08/2020
4314902-113,2023,RS,Porto Alegre,4314902,Green Eletron,PEV fixo,Ativo,06/12/2022
3527801-001,2023,SP,LUPÉRCIO,3527801,Sistema individual,PEV fixo,Ativo,01/09/2020
3106200-114,2023,MG,BELO HORIZONTE,3106200,ABREE,PEV fixo,Ativo,09/12/2021
3553104-000,2023,SP,TAIAÇU,3553104,ABREE,PEV fixo,Ativo,25/04/2019
2306009-001,2023,CE,Iracema,2306009,Green Eletron,Campanha itinerante,Ativo,15/02/2023
2205532-000,2023,PI,JUREMA,2205532,Green Eletron,PEV fixo,Ativo,03/01/2023
3131802-000,2023,MG,Itabirinha,3131802,Green Eletron,PEV fixo,Ativo,10/02/2021
2610103-003,2023,PE,PALMEIRINA,2610103,Green Eletron,PEV fixo,Ativo,13/09/2022
2108405-001,2023,MA,Peri Mirim,2108405,ABREE,Campanha itinerante,Ativo,16/03/2023
4103040-000,2023,PR,Boa Ventura de São Roque,4103040,ABREE,PEV fixo,Ativo,27/10/2019
3505203-000,2023,SP,Bariri,3505203,ABREE,PEV fixo,Ativo,11/06/2020
3106200-042,2023,MG,BELO HORIZONTE,3106200,ABREE,PEV fixo,Ativo,03/02/2020
3300605-002,2023,RJ,Bom Jesus do Itabapoana,3300605,Green Eletron,PEV fixo,Ativo,13/04/2023
3543006-002,2023,SP,RIBEIRÃO BRANCO,3543006,ABREE,PEV fixo,Ativo,22/05/2020
2304400-100,2023,CE,FORTALEZA,2304400,Green Eletron,PEV fixo,Ativo,02/04/2023
2211001-008,2023,PI,Teresina,2211001,ABREE,PEV fixo,Ativo,24/06/2020
3532306-002,2023,SP,NATIVIDADE DA SERRA,3532306,ABREE,PEV fixo,Ativo,07/07/2020
3532504-003,2023,SP,NEVES PAULISTA,3532504,ABREE,PEV fixo,Inativo,17/11/2021
2307403-000,2023,CE,Jucas,2307403,Green Eletron,PEV fixo,Ativo,04/10/2021
1100205-002,2023,RO,Porto Velho,1100205,ABREE,PEV fixo,Ativo,10/01/2020
3532009-008,2023,SP,Morungaba,3532009,Green Eletron,Ponto de consolidação,Ativo,01/11/2020
2100709-000,2023,MA,Anajatuba,2100709,ABREE,PEV fixo,Ativo,24/07/2019
2927408-009,2023,BA,Salvador,2927408,ABREE,PEV fixo,Ativo,21/12/2019
2204204-000,2023,PI,Francisco Santos,2204204,Green Eletron,PEV fixo,Ativo,15/11/2022
3543006-006,2023,SP,Ribeirão Branco,3543006,ABREE,Ponto de consolidação,Ativo,26/10/2023
3532009-004,2023,SP,Morungaba,3532009,Green Eletron,PEV fixo,Ativo,21/07/2019
3506904-000,2023,SP,Bofete,3506904,ABREE,PEV fixo,Ativo,13/11/2021
3533254-000,2023,SP,NOVAIS,3533254,ABREE,PEV fixo,Ativo,26/05/2020
4124004-000,2023,PR,Santana do Itararé,4124004,Green Eletron,PEV fixo,Ativo,21/05/2023
4314902-149,2023,RS,Porto Alegre,4314902,ABREE,PEV fixo,Ativo,10/03/2023
2304400-074,2023,CE,Fortaleza,2304400,ABREE,PEV fixo,Ativo,28/10/2022
2111300-030,2023,MA,São Luís,2111300,Green Eletron,PEV fixo,Ativo,26/05/2019
2414803-000,2023,RN,Vera Cruz,2414803,ABREE,PEV fixo,Ativo,24/09/2020
2908507-000,2023,BA,Conceição do Jacuípe,2908507,ABREE,Ponto de consolidação,Ativo,15/07/2022
1707306-000,2023,TO,Dueré,1707306,Green Eletron,PEV fixo,Inativo,19/11/2021
5300108-058,2023,DF,Brasilia,5300108,ABREE,PEV fixo,Ativo,18/08/2021
3106200-059,2023,MG,BELO HORIZONTE,3106200,ABREE,PEV fixo,Inativo,23/10/2020
4205407-085,2023,SC,Florianopolis,4205407,Green Eletron,PEV fixo,Ativo,01/10/2023
3304508-004,2023,RJ,RIO DAS FLORES,3304508,Green Eletron,PEV fixo,Ativo,26/10/2020
3126901-000,2023,MG,Frei Inocêncio,3126901,Green Eletron,PEV fixo,Ativo,01/01/2019
4106902-069,2023,PR,  Curitiba ,4106902,ABREE,PEV fixo,Ativo,19/09/2023
3551306-008,2023,SP,Sebastianópolis do Sul,3551306,Green Eletron,PEV fixo,Ativo,22/04/2023
2208106-000,2023,PI,Pimenteiras,2208106,Green Eletron,Campanha itinerante,Ativo,19/02/2022
2613503-000,2023,PE,SÃO JOSÉ DO BELMONTE,2613503,Green Eletron,Campanha itinerante,Ativo,26/08/2020
4310504-000,2023,RS,Irai,4310504,Green Eletron,PEV fixo,Ativo,21/02/2022
2303907-000,2023,CE,Chaval,2303907,Green Eletron,PEV fixo,Ativo,23/03/2019
4121257-000,2023,PR,Ramilândia,4121257,ABREE,PEV fixo,Ativo,15/05/2019
3162955-000,2023,MG,SÃO JOSÉ DA LAPA,3162955,Green Eletron,PEV fixo,Ativo,08/06/2022
3157377-001,2023,MG,Santa Cruz de Salinas,3157377,ABREE,PEV fixo,Ativo,27/08/2023
3538808-001,2023,SP,PIRAJU,3538808,ABREE,PEV fixo,Ativo,08/11/2019
4319364-000,2023,RS,São Pedro das Missões,4319364,Green Eletron,PEV fixo,Ativo,04/07/2019
3304557-098,2023,RJ,  Rio de Janeiro ,3304557,Sistema individual,PEV fixo,Ativo,01/05/2021
2205359-000,2023,PI,João Costa,2205359,ABREE,PEV fixo,Ativo,12/10/2020
3117405-000,2023,MG,Conceição de Ipanema,3117405,ABREE,PEV fixo,Ativo,06/05/2023
4314902-158,2023,RS,Porto Alegre,4314902,ABREE,PEV fixo,Ativo,11/09/2023
2210508-000,2023,PI,São Pedro do Piauí,2210508,Green Eletron,PEV fixo,Ativo,23/10/2021
3501103-005,2023,SP,Alto Alegre,3501103,Sistema individual,Ponto de consolidação,Ativo,01/07/2023
3305752-006,2023,RJ,  Tanguá ,3305752,ABREE,PEV fixo,Ativo,08/07/2022
4316501-000,2023,RS,Salvador do Sul,4316501,Green Eletron,PEV fixo,Ativo,23/01/2022
3301108-021,2023,RJ,Cantagalo,3301108,ABREE,PEV fixo,Ativo,12/01/2022
2509206-001,2023,PB,Massaranduba,2509206,ABREE,PEV fixo,Ativo,26/07/2022
4314902-114,2023,RS,PORTO ALEGRE,4314902,ABREE,PEV fixo,Ativo,08/01/2022
2110278-000,2023,MA,SANTO AMARO DO MARANHÃO,2110278,Green Eletron,Campanha itinerante,Ativo,02/10/2020
2309904-003,2023,CE,  Pacujá ,2309904,ABREE,PEV fixo,Ativo,03/11/2020
3550308-235,2023,SP,São Paulo,,Green Eletron,PEV fixo,Ativo,17/02/2021
3532009-000,2023,SP,Morungaba,3532009,Green Eletron,PEV fixo,Ativo,28/09/2019
4115457-004,2023,PR,Marquinho,4115457,ABREE,PEV fixo,Ativo,05/08/2021
5221908-000,2023,GO,VARJÃO,5221908,ABREE,PEV fixo,Ativo,24/07/2021
4124806-000,2023,PR,São João,4124806,ABREE,PEV fixo,Ativo,24/09/2019
3537206-000,2023,SP,Pedro de Toledo,3537206,ABREE,PEV fixo,Ativo,08/07/2020
2611606-032,2023,PE,  Recife ,2611606,ABREE,PEV fixo,Ativo,25/04/2021
2927408-131,2023,BA,SALVADOR,2927408,ABREE,PEV fixo,Ativo,09/10/2023
5208707-001,2023,GO,Goiânia,5208707,ABREE,PEV fixo,Ativo,26/12/2019
2305704-000,2023,CE,  Ipaumirim ,2305704,Green Eletron,PEV fixo,Ativo,24/08/2021
2910909-000,2023,BA,Firmino Alves,2910909,Green Eletron,PEV fixo,Ativo,27/12/2020
4211405-000,2023,SC,Nova Erechim,4211405,Green Eletron,PEV fixo,Ativo,03/05/2022
2102754-000,2023,MA,Capinzal do Norte,2102754,ABREE,PEV fixo,Ativo,27/07/2023
1501204-008,2023,PA,Baião,1501204,ABREE,PEV fixo,Ativo,01/02/2021
2927408-132,2023,BA,Salvador,2927408,ABREE,Campanha itinerante,Inativo,08/07/2023
3500105-000,2023,SP,Adamantina,3500105,Green Eletron,PEV fixo,Ativo,07/11/2021
2111300-074,2023,MA,São Luís,2111300,ABREE,PEV fixo,Ativo,01/08/2022
3514908-000,2023,SP,  Elias Fausto ,3514908,ABREE,PEV fixo,Ativo,20/04/2021
3304557-063,2023,RJ,Rio de Janeiro,3304557,ABREE,PEV fixo,Ativo,19/12/2020
2111300-067,2023,MA,São Luís,2111300,ABREE,PEV fixo,Ativo,18/05/2021
4313466-000,2023,RS,Novo Xingu,4313466,Green Eletron,PEV fixo,Ativo,06/12/2023
2111300-004,2023,MA,SÃO LUÍS,2111300,ABREE,PEV fixo,Ativo,19/07/2019
2917904-000,2023,BA,JANDAÍRA,2917904,Green Eletron,PEV fixo,Inativo,03/09/2019
2610103-005,2023,PE,Palmeirina,2610103,Green Eletron,PEV fixo,Ativo,16/08/2023
4200804-000,2023,SC,Anchieta,4200804,Green Eletron,PEV fixo,Ativo,03/08/2022
3546009-004,2023,SP,Santa Branca,3546009,Green Eletron,PEV fixo,Ativo,08/12/2021
4310207-001,2023,RS,IJUÍ,4310207,ABREE,PEV fixo,Ativo,27/01/2020
3550308-234,2023,SP,SÃO PAULO,3550308,ABREE,Campanha itinerante,Ativo,14/04/2021
3547502-001,2023,SP,Santa Rita do Passa Quatro,3547502,ABREE,PEV fixo,Ativo,10/01/2022
3136579-004,2023,MG,Josenópolis,3136579,ABREE,PEV fixo,Ativo,22/01/2023
4314704-000,2023,RS,Planalto,4314704,ABREE,Campanha itinerante,Ativo,02/08/2023
3304557-012,2023,RJ,RIO DE JANEIRO,3304557,Green Eletron,Ponto de consolidação,Ativo,26/05/2020
3142254-000,2023,MG,Miravânia,3142254,Green Eletron,PEV fixo,Ativo,25/10/2022
5202809-000,2023,GO,AVELINÓPOLIS,5202809,ABREE,PEV fixo,Ativo,04/04/2021
2515609-000,2023,PB,SERRA DA RAIZ,2515609,ABREE,PEV fixo,Ativo,09/03/2022
1100098-000,2023,RO,ESPIGÃO D'OESTE,1100098,Green Eletron,PEV fixo,Ativo,04/06/2020
4201406-000,2023,SC,Araranguá,4201406,Green Eletron,PEV fixo,Ativo,24/05/2023
1721000-000,2023,TO,Palmas,1721000,Green Eletron,PEV fixo,Ativo,01/01/2019
4112900-000,2023,PR,Jundiaí do Sul,4112900,ABREE,PEV fixo,Ativo,07/09/2019
2505808-001,2023,PB,Duas Estradas,2505808,ABREE,PEV fixo,Ativo,02/08/2022
3304557-094,2023,RJ,Rio de Janeiro,3304557,Green Eletron,PEV fixo,Ativo,26/03/2021
3550308-173,2023,SP,São Paulo,3550308,Green Eletron,PEV fixo,Ativo,22/05/2020
5108956-003,2023,MT,NOVA MONTE VERDE,5108956,Green Eletron,PEV fixo,Ativo,22/04/2021
1507953-000,2023,PA,Tailandia,1507953,ABREE,PEV fixo,Ativo,24/07/2022
4105102-000,2023,PR,Centenário do Sul,4105102,Green Eletron,PEV fixo,Ativo,21/03/2020
3538808-012,2023,SP,PIRAJU,3538808,Sistema individual,Campanha itinerante,Ativo,13/12/2020
3106200-229,2023,MG,Belo Horizonte,3106200,ABREE,Ponto de consolidação,Ativo,22/11/2023
4121307-000,2023,PR,Rancho Alegre,4121307,Green Eletron,PEV fixo,Ativo,12/06/2023
5210604-000,2023,GO,Itaguaru,5210604,ABREE,PEV fixo,Ativo,17/08/2023
4323457-000,2023,RS,VILA NOVA DO SUL,4323457,Green Eletron,PEV fixo,Ativo,06/09/2020
2605806-002,2023,PE,Frei Miguelinho,2605806,Green Eletron,PEV fixo,Ativo,24/08/2019
4205308-000,2023,SC,Faxinal dos Guedes,4205308,Green Eletron,Campanha itinerante,Ativo,08/09/2021
4305173-001,2023,RS,CERRO GRANDE DO SUL,4305173,Green Eletron,PEV fixo,Ativo,23/03/2023
2506509-000,2023,PB,  Gurjão ,2506509,ABREE,PEV fixo,Ativo,01/03/2021
3304557-047,2023,RJ,Rio de Janeiro,3304557,ABREE,PEV fixo,Ativo,12/12/2020
2927408-126,2023,BA,SALVADOR,2927408,Green Eletron,PEV fixo,Ativo,16/09/2022
2615102-005,2023,PE,Terezinha,2615102,Green Eletron,PEV fixo,Ativo,28/02/2021
3111150-000,2023,MG,Campo Azul,3111150,ABREE,PEV fixo,Ativo,08/01/2021
4316808-000,2023,RS,Santa Cruz do Sul,4316808,ABREE,PEV fixo,Ativo,24/02/2020
3155603-000,2023,MG,Rio Pardo de Minas,3155603,ABREE,PEV fixo,Ativo,08/05/2021
1200401-003,2023,AC,Rio Branco,1200401,ABREE,PEV fixo,Ativo,25/05/2020
4207759-000,2023,SC,IRACEMINHA,4207759,Green Eletron,PEV fixo,Ativo,10/03/2019
1503093-000,2023,PA,Goianesia do Para,1503093,Green Eletron,Ponto de consolidação,Ativo,04/05/2020
4314902-101,2023,RS,Porto Alegre,4314902,ABREE,PEV fixo,Ativo,01/09/2022
3536901-000,2023,SP,PEDRANÓPOLIS,3536901,Green Eletron,Ponto de consolidação,Ativo,26/07/2020
4218350-000,2023,SC,Treviso,4218350,Green Eletron,PEV fixo,Ativo,15/07/2023
4208005-000,2023,SC,Itá,4208005,ABREE,Ponto de consolidação,Ativo,12/10/2019
3106200-029,2023,MG,Belo Horizonte,3106200,Green Eletron,PEV fixo,Ativo,03/01/2020
3543006-004,2023,SP,RIBEIRÃO BRANCO,3543006,Green Eletron,Campanha itinerante,Ativo,19/12/2021
3535705-000,2023,SP,Paraiso,3535705,Green Eletron,PEV fixo,Inativo,22/01/2021
3205309-000,2023,ES,VITÓRIA,3205309,ABREE,PEV fixo,Ativo,13/06/2020
3557105-001,2023,SP,Votuporanga,3557105,ABREE,Ponto de consolidação,Ativo,09/06/2023
3106200-152,2023,MG,Belo Horizonte,3106200,Green Eletron,Campanha itinerante,Ativo,08/08/2021
3304557-083,2023,RJ,Rio de Janeiro,3304557,ABREE,PEV fixo,Ativo,26/01/2021
4204178-000,2023,SC,Cerro Negro,4204178,ABREE,PEV fixo,Ativo,05/10/2021
5300108-082,2023,DF,BRASÍLIA,5300108,ABREE,Ponto de consolidação,Ativo,10/09/2022
2210904-000,2023,PI,SOCORRO DO PIAUÍ,,ABREE,PEV fixo,Ativo,24/12/2023
5300108-023,2023,DF,Brasília,5300108,ABREE,PEV fixo,Ativo,24/04/2019
3304557-029,2023,RJ,Rio de Janeiro,3304557,ABREE,PEV fixo,Ativo,14/05/2020
2927408-013,2023,BA,Salvador,2927408,ABREE,Campanha itinerante,Ativo,11/10/2019
2906006-000,2023,BA,Campo Formoso,2906006,ABREE,PEV fixo,Ativo,02/01/2019
2927408-120,2023,BA,Salvador,2927408,Green Eletron,PEV fixo,Ativo,16/10/2022
4204509-000,2023,SC,Corupá,4204509,Green Eletron,PEV fixo,Ativo,21/06/2019
2927408-112,2023,BA,Salvador,2927408,ABREE,PEV fixo,Ativo,08/01/2022
1101492-000,2023,RO,São Francisco do Guaporé,1101492,Green Eletron,Ponto de consolidação,Ativo,03/03/2019
4306379-000,2023,RS,Dilermando de Aguiar,4306379,ABREE,PEV fixo,Ativo,24/08/2022
3138351-000,2023,MG,  Leme do Prado ,3138351,ABREE,Ponto de consolidação,Ativo,12/10/2020
3522703-003,2023,SP,  Itápolis ,3522703,Sistema individual,PEV fixo,Ativo,22/06/2021
2414753-000,2023,RN,Venha-Ver,2414753,ABREE,PEV fixo,Ativo,23/01/2023
4120200-000,2023,PR,Porto Rico,4120200,ABREE,PEV fixo,Ativo,08/12/2020
3534302-000,2023,SP,Orlândia,3534302,ABREE,PEV fixo,Ativo,13/10/2022
2611606-035,2023,PE,RECIFE,2611606,Green Eletron,PEV fixo,Ativo,04/04/2021
3300225-000,2023,RJ,Areal,3300225,ABREE,PEV fixo,Ativo,23/07/2022
3301405-009,2023,RJ,Conceição de Macabu,3301405,ABREE,Ponto de consolidação,Ativo,13/11/2022
1708205-000,2023,TO,  Formoso do Araguaia ,1708205,Green Eletron,Campanha itinerante,Ativo,03/06/2019
3546009-002,2023,SP,Santa Branca,3546009,Green Eletron,PEV fixo,Ativo,27/07/2019
4314902-007,2023,RS,Porto Alegre,4314902,ABREE,PEV fixo,Ativo,26/07/2020
3524907-000,2023,SP,JAMBEIRO,3524907,Green Eletron,PEV fixo,Ativo,24/11/2020
3106200-278,2023,MG,Belo Horizonte,3106200,ABREE,PEV fixo,Ativo,22/05/2023
3513702-000,2023,SP,Descalvado,3513702,Green Eletron,PEV fixo,Ativo,24/07/2021
3513009-011,2023,SP,COTIA,3513009,Green Eletron,PEV fixo,Ativo,03/09/2023
2111748-000,2023,MA,  Senador Alexandre Costa ,,Green Eletron,PEV fixo,Ativo,16/08/2021
3514403-000,2023,SP,Dracena,3514403,ABREE,PEV fixo,Ativo,03/03/2019
5300108-090,2023,DF,BRASÍLIA,5300108,ABREE,PEV fixo,Ativo,07/06/2022
3535804-000,2023,SP,Paranapanema,3535804,ABREE,PEV fixo,Ativo,22/03/2020
4319406-000,2023,RS,São Pedro do Sul,4319406,ABREE,PEV fixo,Ativo,07/10/2019
4115853-000,2023,PR,Mercedes,4115853,ABREE,Campanha itinerante,Ativo,14/10/2022
2204709-000,2023,PI,Inhuma,2204709,Green Eletron,PEV fixo,Ativo,22/03/2019
3143906-000,2023,MG,Muriaé,3143906,Green Eletron,PEV fixo,Ativo,14/12/2019
3152131-000,2023,MG,PONTO CHIQUE,3152131,ABREE,PEV fixo,Ativo,17/02/2020
3511706-000,2023,SP,Charqueada,3511706,ABREE,PEV fixo,Ativo,08/06/2021
4314902-056,2023,RS,Porto Alegre,4314902,ABREE,Ponto de consolidação,Ativo,02/11/2021
3553955-002,2023,SP,Tarumã,3553955,Green Eletron,PEV fixo,Ativo,01/09/2022
3305406-005,2023,RJ,Sapucaia,3305406,Green Eletron,PEV fixo,Ativo,27/08/2022
5204557-000,2023,GO,  Caldazinha ,5204557,Green Eletron,Ponto de consolidação,Ativo,11/09/2020
2304400-027,2023,CE,Fortaleza,2304400,ABREE,PEV fixo,Ativo,03/07/2019
2408003-000,2023,RN,Mossoro,2408003,Green Eletron,PEV fixo,Ativo,06/09/2021
2304400-026,2023,CE,Fortaleza,2304400,ABREE,PEV fixo,Ativo,25/06/2019
3110608-000,2023,MG,Cambuí,3110608,Green Eletron,PEV fixo,Ativo,24/10/2022
3300951-000,2023,RJ,Comendador Levy Gasparian,3300951,Sistema individual,Ponto de consolidação,Ativo,05/03/2019
4314902-105,2023,RS,  Porto Alegre ,4314902,ABREE,PEV fixo,Ativo,16/12/2022
1400100-001,2023,RR,Boa Vista,1400100,Green Eletron,PEV fixo,Ativo,15/11/2022
1200302-000,2023,AC,Feijó,1200302,ABREE,Ponto de consolidação,Ativo,01/06/2021
3106200-192,2023,MG,BELO HORIZONTE,3106200,ABREE,PEV fixo,Ativo,25/12/2022
2611606-063,2023,PE,Recife,2611606,ABREE,PEV fixo,Ativo,09/07/2022
4306106-000,2023,RS,  Cruz Alta ,4306106,ABREE,PEV fixo,Ativo,10/06/2019
4111209-000,2023,PR,Itapejara d'Oeste,4111209,Green Eletron,PEV fixo,Ativo,28/03/2020
4313904-000,2023,RS,Panambi,4313904,ABREE,PEV fixo,Ativo,07/11/2019
1300706-002,2023,AM,Boca do Acre,1300706,Green Eletron,PEV fixo,Ativo,15/11/2021
3301108-025,2023,RJ,Cantagalo,3301108,Green Eletron,PEV fixo,Ativo,11/09/2023
3304557-121,2023,RJ,RIO DE JANEIRO,3304557,ABREE,Ponto de consolidação,Ativo,09/10/2022
1501204-007,2023,PA,Baião,1501204,ABREE,PEV fixo,Ativo,09/09/2021
3160207-004,2023,MG,Santo Antônio do Itambé,3160207,ABREE,PEV fixo,Ativo,18/02/2020
3111002-000,2023,MG,Campestre,3111002,ABREE,PEV fixo,Ativo,17/04/2019
4110706-000,2023,PR,  Irati ,4110706,ABREE,PEV fixo,Ativo,10/12/2023
2511103-000,2023,PB,Pedra Lavrada,2511103,Green Eletron,PEV fixo,Ativo,25/04/2019
2408102-024,2023,RN,NATAL,2408102,ABREE,Campanha itinerante,Ativo,24/06/2023
5003256-000,2023,MS,COSTA RICA,5003256,Green Eletron,Campanha itinerante,Ativo,22/07/2023
3150505-000,2023,MG,Pimenta,3150505,ABREE,PEV fixo,Ativo,10/08/2021
2601201-000,2023,PE,Arcoverde,2601201,Green Eletron,Ponto de consolidação,Ativo,27/08/2020
3550308-022,2023,SP,São Paulo,3550308,Green Eletron,PEV fixo,Ativo,05/10/2019
3142809-000,2023,MG,Monte Alegre de Minas,3142809,Green Eletron,Ponto de consolidação,Ativo,07/03/2020
3504800-000,2023,SP,Balsamo,3504800,ABREE,PEV fixo,Ativo,11/12/2022
2927408-052,2023,BA,Salvador,2927408,Green Eletron,PEV fixo,Ativo,27/07/2020
2304400-014,2023,CE,FORTALEZA,2304400,Green Eletron,PEV fixo,Ativo,12/07/2019
1507003-000,2023,PA,Santo Antônio do Tauá,1507003,Green Eletron,PEV fixo,Ativo,28/09/2019
3524402-001,2023,SP,Jacareí,3524402,ABREE,PEV fixo,Ativo,10/04/2020
4121802-000,2023,PR,Ribeirao Claro,4121802,ABREE,PEV fixo,Ativo,16/12/2020
3302700-003,2023,RJ,Maricá,3302700,Green Eletron,PEV fixo,Ativo,18/08/2019
4315305-000,2023,RS,Quaraí,4315305,ABREE,Campanha itinerante,Ativo,02/06/2023
3550308-181,2023,SP,São Paulo,3550308,ABREE,Ponto de consolidação,Ativo,01/05/2021
5202601-000,2023,GO,Aurilândia,5202601,Green Eletron,PEV fixo,Ativo,19/12/2019
2210003-000,2023,PI,São João do Piauí,2210003,Green Eletron,PEV fixo,Ativo,25/11/2021
5208707-002,2023,GO,Goiânia,5208707,Green Eletron,PEV fixo,Ativo,05/10/2019
4210852-000,2023,SC,Mirim Doce,4210852,ABREE,PEV fixo,Inativo,08/03/2020
3302858-003,2023,RJ,Mesquita,3302858,Green Eletron,PEV fixo,Ativo,07/06/2023
4106803-001,2023,PR,Cruz Machado,4106803,Green Eletron,PEV fixo,Ativo,08/01/2023
4317905-000,2023,RS,Santo Cristo,4317905,ABREE,Ponto de consolidação,Ativo,10/08/2020
5002704-005,2023,MS,Campo Grande,5002704,Green Eletron,PEV fixo,Ativo,07/08/2021
2111300-104,2023,MA,SÃO LUÍS,2111300,Green Eletron,PEV fixo,Ativo,09/11/2023
1500404-000,2023,PA,Alenquer,1500404,Green Eletron,PEV fixo,Ativo,22/09/2023
2611606-013,2023,PE,Recife,2611606,Green Eletron,PEV fixo,Ativo,26/12/2020
3122405-000,2023,MG,Divisa Nova,3122405,ABREE,PEV fixo,Ativo,23/02/2019
2311355-000,2023,CE,Quixelô,2311355,Sistema individual,PEV fixo,Ativo,08/02/2022
3201159-000,2023,ES,Brejetuba,3201159,ABREE,PEV fixo,Ativo,27/07/2022
2604155-000,2023,PE,CASINHAS,2604155,ABREE,PEV fixo,Ativo,03/09/2021
3550308-215,2023,SP,São Paulo,3550308,Green Eletron,PEV fixo,Ativo,10/08/2021
2601102-000,2023,PE,Araripina,2601102,ABREE,PEV fixo,Ativo,12/06/2021
2504157-000,2023,PB,Casserengue,2504157,Green Eletron,PEV fixo,Ativo,13/10/2021
3106200-015,2023,MG,BELO HORIZONTE,3106200,ABREE,PEV fixo,Ativo,15/10/2020
2908200-000,2023,BA,Conceição da Feira,2908200,Green Eletron,Ponto de consolidação,Ativo,06/12/2020
4126678-000,2023,PR,Tamarana,4126678,ABREE,PEV fixo,Ativo,12/03/2022
2615409-000,2023,PE,Toritama,2615409,ABREE,PEV fixo,Ativo,15/06/2021
2606408-000,2023,PE,Gravatá,2606408,ABREE,PEV fixo,Ativo,15/03/2021
4117255-000,2023,PR,Nova Prata do Iguaçu,4117255,ABREE,PEV fixo,Ativo,19/09/2020
3505203-004,2023,SP,Bariri,3505203,ABREE,PEV fixo,Ativo,23/04/2021
3513009-007,2023,SP,Cotia,3513009,Green Eletron,PEV fixo,Ativo,01/12/2021
3519105-000,2023,SP,Iacanga,3519105,Green Eletron,PEV fixo,Ativo,12/06/2023
3550308-001,2023,SP,SÃO PAULO,3550308,ABREE,PEV fixo,Ativo,23/02/2019
3540200-000,2023,SP,Pontal,3540200,Green Eletron,Campanha itinerante,Ativo,22/06/2021
3106200-017,2023,MG,Belo Horizonte,3106200,ABREE,PEV fixo,Ativo,28/07/2020
3159001-000,2023,MG,Santana do Riacho,3159001,ABREE,PEV fixo,Ativo,14/08/2023
3551405-000,2023,SP,Serra Azul,3551405,Green Eletron,PEV fixo,Ativo,27/04/2022
2113009-000,2023,MA,VITORINO FREIRE,2113009,Green Eletron,Ponto de consolidação,Ativo,17/11/2020
3533106-000,2023,SP,Nova Guataporanga,3533106,Green Eletron,PEV fixo,Ativo,14/12/2021
3305505-000,2023,RJ,  Saquarema ,3305505,Sistema individual,PEV fixo,Ativo,23/03/2021
4303301-001,2023,RS,CAIBATÉ,4303301,Green Eletron,PEV fixo,Ativo,01/10/2023
3518602-000,2023,SP,Guariba,3518602,Green Eletron,PEV fixo,Ativo,27/07/2020
4119657-000,2023,PR,Pitangueiras,4119657,Green Eletron,Campanha itinerante,Ativo,05/02/2020
5007901-000,2023,MS,  Sidrolândia ,5007901,Green Eletron,PEV fixo,Ativo,03/11/2022
2913705-000,2023,BA,Inhambupe,2913705,ABREE,PEV fixo,Ativo,23/08/2020
2304400-091,2023,CE,Fortaleza,2304400,Green Eletron,PEV fixo,Ativo,10/09/2023
3532504-005,2023,SP,NEVES PAULISTA,3532504,Green Eletron,PEV fixo,Ativo,13/05/2022
2211209-000,2023,PI,Uruçuí,2211209,Green Eletron,PEV fixo,Ativo,09/04/2021
3302502-007,2023,RJ,MAGÉ,3302502,ABREE,Campanha itinerante,Ativo,17/02/2022
2927408-144,2023,BA,  Salvador ,2927408,Green Eletron,PEV fixo,Ativo,26/06/2023
1501782-000,2023,PA,Breu Branco,1501782,Green Eletron,PEV fixo,Ativo,25/05/2019
4304309-000,2023,RS,CÂNDIDO GODÓI,4304309,ABREE,PEV fixo,Ativo,16/11/2022
3140209-000,2023,MG,Maripá de Minas,3140209,ABREE,PEV fixo,Ativo,01/04/2023
2801207-000,2023,SE,Canindé de São Francisco,2801207,Green Eletron,PEV fixo,Ativo,25/02/2021
3504503-000,2023,SP,Avaré,3504503,Green Eletron,PEV fixo,Ativo,17/05/2019
3550308-204,2023,SP,Sao Paulo,3550308,ABREE,PEV fixo,Ativo,21/06/2021
4127957-002,2023,PR,TUPÃSSI,4127957,Green Eletron,PEV fixo,Ativo,10/05/2023
5205307-000,2023,GO,Cavalcante,5205307,Green Eletron,PEV fixo,Ativo,01/11/2022
2902005-000,2023,BA,ARACATU,2902005,ABREE,PEV fixo,Ativo,24/12/2020
4113106-000,2023,PR,Kaloré,4113106,Green Eletron,PEV fixo,Ativo,21/01/2022
3205309-005,2023,ES,Vitória,3205309,ABREE,PEV fixo,Ativo,13/11/2020
3532306-007,2023,SP,Natividade da Serra,3532306,ABREE,PEV fixo,Ativo,23/05/2022
3550308-291,2023,SP,São Paulo,3550308,ABREE,Campanha itinerante,Inativo,27/06/2022
4106902-057,2023,PR,Curitiba,4106902,ABREE,PEV fixo,Ativo,28/05/2022
3550308-232,2023,SP,São Paulo,3550308,Green Eletron,Ponto de consolidação,Ativo,13/10/2021
2933307-000,2023,BA,VITÓRIA DA CONQUISTA,2933307,Green Eletron,PEV fixo,Ativo,16/01/2019
4201109-001,2023,SC,Anitápolis,4201109,ABREE,PEV fixo,Ativo,21/11/2023
3115607-000,2023,MG,CEDRO DO ABAETÉ,3115607,Green Eletron,PEV fixo,Ativo,09/09/2020
4205407-008,2023,SC,Florianópolis,4205407,Green Eletron,PEV fixo,Ativo,12/03/2019
2702009-000,2023,AL,COITÉ DO NÓIA,2702009,ABREE,Campanha itinerante,Ativo,23/01/2022
3550308-053,2023,SP,Sao Paulo,3550308,ABREE,PEV fixo,Ativo,22/08/2019
3301306-001,2023,RJ,Casimiro de Abreu,,ABREE,PEV fixo,Ativo,19/02/2022
2408300-000,2023,RN,NOVA CRUZ,2408300,ABREE,PEV fixo,Ativo,28/01/2019
1302009-000,2023,AM,Itapiranga,1302009,ABREE,Ponto de consolidação,Ativo,14/03/2023
3538808-029,2023,SP,PIRAJU,3538808,Green Eletron,PEV fixo,Ativo,03/03/2022
3550308-164,2023,SP,SÃO PAULO,3550308,Green Eletron,PEV fixo,Ativo,17/09/2020
2600203-000,2023,PE,AFRÂNIO,2600203,Sistema individual,Ponto de consolidação,Ativo,11/06/2019
3304557-140,2023,RJ,Rio de Janeiro,3304557,Green Eletron,PEV fixo,Ativo,15/06/2022
2914901-000,2023,BA,Itacaré,2914901,ABREE,PEV fixo,Ativo,05/11/2019
2611606-083,2023,PE,Recife,2611606,Green Eletron,PEV fixo,Ativo,14/02/2023
3304557-127,2023,RJ,Rio de Janeiro,3304557,Green Eletron,PEV fixo,Ativo,06/01/2022
4323200-000,2023,RS,VICTOR GRAEFF,4323200,Green Eletron,PEV fixo,Ativo,13/06/2021
4205407-000,2023,SC,Florianópolis,4205407,ABREE,PEV fixo,Ativo,15/07/2019
3142601-000,2023,MG,Monsenhor Paulo,3142601,ABREE,PEV fixo,Ativo,14/12/2019
3550308-237,2023,SP,SÃO PAULO,3550308,Sistema individual,PEV fixo,Ativo,07/03/2021
3550308-296,2023,SP,SÃO PAULO,3550308,Sistema individual,PEV fixo,Ativo,02/01/2022
4112207-000,2023,PR,JANIÓPOLIS,4112207,ABREE,PEV fixo,Ativo,26/09/2022
2807105-001,2023,SE,SIMÃO DIAS,2807105,ABREE,PEV fixo,Ativo,19/04/2022
4128633-000,2023,PR,DOUTOR ULYSSES,4128633,ABREE,PEV fixo,Ativo,14/04/2022
4118303-000,2023,PR,Paranapoema,4118303,Green Eletron,PEV fixo,Ativo,01/02/2023
3301108-010,2023,RJ,Cantagalo,3301108,Green Eletron,PEV fixo,Ativo,18/12/2021
4319604-000,2023,RS,São Sepé,4319604,Green Eletron,Ponto de consolidação,Ativo,20/01/2021
1501600-000,2023,PA,BONITO,1501600,ABREE,Ponto de consolidação,Ativo,26/04/2020
4211876-000,2023,SC,Paial,4211876,ABREE,Campanha itinerante,Ativo,09/04/2021
2610004-000,2023,PE,Palmares,,Green Eletron,PEV fixo,Ativo,05/12/2020
2704302-005,2023,AL,MACEIÓ,2704302,Green Eletron,PEV fixo,Inativo,04/12/2021
3551306-001,2023,SP,Sebastianopolis do Sul,3551306,Sistema individual,PEV fixo,Ativo,17/05/2019
2306009-000,2023,CE,Iracema,2306009,ABREE,PEV fixo,Ativo,20/11/2020
3549250-006,2023,SP,São João de Iracema,3549250,Green Eletron,PEV fixo,Ativo,21/05/2023
4308102-000,2023,RS,FELIZ,4308102,Green Eletron,PEV fixo,Ativo,13/07/2019
4101853-000,2023,PR,Ariranha do Ivaí,4101853,Green Eletron,PEV fixo,Ativo,10/03/2019
3550308-317,2023,SP,São Paulo,3550308,ABREE,PEV fixo,Ativo,21/07/2022
3550308-142,2023,SP,Sao Paulo,3550308,ABREE,PEV fixo,Ativo,21/02/2020
1710508-000,2023,TO,Itacajá,1710508,Green Eletron,PEV fixo,Ativo,19/10/2023
5211503-000,2023,GO,Itumbiara,5211503,ABREE,PEV fixo,Ativo,22/03/2023
3538808-003,2023,SP,  Piraju ,3538808,ABREE,PEV fixo,Ativo,10/02/2019
3522505-001,2023,SP,  Itapevi ,3522505,Green Eletron,PEV fixo,Ativo,21/09/2023
2108900-000,2023,MA,Pocao de Pedras,2108900,Green Eletron,PEV fixo,Ativo,04/10/2022
2611606-052,2023,PE,RECIFE,2611606,ABREE,PEV fixo,Ativo,28/06/2022
3516507-000,2023,SP,Gabriel Monteiro,3516507,Green Eletron,PEV fixo,Ativo,19/08/2022
4106902-076,2023,PR,Curitiba,4106902,Sistema individual,Ponto de consolidação,Ativo,28/06/2023
4207684-000,2023,SC,Ipuaçu,4207684,ABREE,PEV fixo,Ativo,24/11/2021
4106902-004,2023,PR,CURITIBA,4106902,Green Eletron,PEV fixo,Ativo,18/01/2020
1501402-006,2023,PA,Belem,1501402,Green Eletron,PEV fixo,Ativo,11/05/2020
3550308-321,2023,SP,São Paulo,3550308,ABREE,Ponto de consolidação,Ativo,24/03/2022
4306205-000,2023,RS,CRUZEIRO DO SUL,4306205,ABREE,Campanha itinerante,Ativo,02/03/2021
3550308-229,2023,SP,São Paulo,3550308,Green Eletron,PEV fixo,Ativo,03/02/2021
3513603-000,2023,SP,Cunha,3513603,ABREE,PEV fixo,Ativo,24/09/2021
3139904-000,2023,MG,Maria da Fe,3139904,ABREE,Campanha itinerante,Ativo,27/08/2021
3550308-274,2023,SP,Sao Paulo,3550308,Green Eletron,PEV fixo,Ativo,21/12/2022
3506904-001,2023,SP,Bofete,3506904,ABREE,PEV fixo,Ativo,20/12/2021
1501600-001,2023,PA,BONITO,1501600,ABREE,PEV fixo,Ativo,03/12/2023
2203271-000,2023,PI,Curral Novo do Piauí,2203271,Green Eletron,PEV fixo,Ativo,04/05/2021
4106902-060,2023,PR,Curitiba,4106902,Green Eletron,PEV fixo,Ativo,23/10/2022
1721000-007,2023,TO,PALMAS,1721000,ABREE,Campanha itinerante,Ativo,15/06/2021
3154705-000,2023,MG,Ribeirão Vermelho,3154705,ABREE,Campanha itinerante,Ativo,28/12/2022
4128534-000,2023,PR,Ventania,4128534,Green Eletron,PEV fixo,Ativo,06/07/2019
4106902-032,2023,PR,CURITIBA,4106902,ABREE,PEV fixo,Ativo,27/04/2021
3106200-134,2023,MG,BELO HORIZONTE,3106200,Green Eletron,PEV fixo,Ativo,10/11/2021
3550308-065,2023,SP,SÃO PAULO,3550308,ABREE,PEV fixo,Ativo,01/01/2019
3106200-186,2023,MG,Belo Horizonte,3106200,ABREE,PEV fixo,Ativo,05/10/2022
3106200-267,2023,MG,Belo Horizonte,3106200,ABREE,PEV fixo,Ativo,10/10/2023
5002704-013,2023,MS,CAMPO GRANDE,5002704,Green Eletron,PEV fixo,Ativo,26/03/2023
2302107-004,2023,CE,Baturité,2302107,Green Eletron,PEV fixo,Ativo,16/09/2021
1200427-000,2023,AC,Rodrigues Alves,1200427,ABREE,PEV fixo,Ativo,06/12/2022
4301750-000,2023,RS,BARÃO DO TRIUNFO,4301750,Green Eletron,PEV fixo,Ativo,27/07/2023
4314902-146,2023,RS,Porto Alegre,4314902,ABREE,PEV fixo,Ativo,18/03/2023
3162559-000,2023,MG,Sao Joao do Manhuacu,3162559,Green Eletron,PEV fixo,Ativo,15/08/2021
3302700-012,2023,RJ,Maricá,3302700,ABREE,PEV fixo,Ativo,02/06/2021
4314902-035,2023,RS,Porto Alegre,4314902,ABREE,PEV fixo,Ativo,24/07/2020
3550308-091,2023,SP,São Paulo,3550308,Green Eletron,PEV fixo,Ativo,24/07/2019
3304557-135,2023,RJ,RIO DE JANEIRO,3304557,ABREE,PEV fixo,Ativo,23/08/2022
3552809-000,2023,SP,Taboão da Serra,3552809,Green Eletron,PEV fixo,Ativo,22/02/2022
3304557-096,2023,RJ,Rio de Janeiro,3304557,ABREE,PEV fixo,Ativo,27/01/2021
4314902-039,2023,RS,Porto Alegre,4314902,Green Eletron,PEV fixo,Ativo,17/10/2020
3304755-001,2023,RJ,São Francisco de Itabapoana,3304755,ABREE,PEV fixo,Ativo,23/03/2022
3550308-089,2023,SP,São Paulo,3550308,Green Eletron,PEV fixo,Ativo,22/08/2019
2304400-057,2023,CE,Fortaleza,2304400,Green Eletron,PEV fixo,Ativo,23/09/2021
3523701-000,2023,SP,ITIRAPUÃ,3523701,ABREE,PEV fixo,Ativo,08/09/2022
3148400-000,2023,MG,Paulistas,3148400,ABREE,PEV fixo,Ativo,24/06/2022
4306700-000,2023,RS,DONA FRANCISCA,4306700,ABREE,PEV fixo,Ativo,24/05/2020
5300108-045,2023,DF,BRASÍLIA,,ABREE,PEV fixo,Ativo,21/03/2020
2927408-008,2023,BA,SALVADOR,2927408,Green Eletron,PEV fixo,Inativo,15/02/2019
2611606-041,2023,PE,Recife,2611606,ABREE,PEV fixo,Ativo,03/04/2021
4205407-021,2023,SC,Florianópolis,4205407,ABREE,PEV fixo,Ativo,01/11/2019
3205150-000,2023,ES,Vila Pavão,3205150,ABREE,PEV fixo,Ativo,24/11/2020
5300108-026,2023,DF,Brasília,5300108,ABREE,Ponto de consolidação,Ativo,17/07/2019
2207793-000,2023,PI,PAU D'ARCO DO PIAUÍ,2207793,ABREE,PEV fixo,Ativo,25/04/2020
3532009-005,2023,SP,Morungaba,3532009,Sistema individual,PEV fixo,Ativo,19/09/2020
2927408-035,2023,BA,SALVADOR,2927408,ABREE,PEV fixo,Ativo,21/03/2019
4105706-000,2023,PR,CLEVELÂNDIA,4105706,ABREE,Ponto de consolidação,Ativo,19/08/2023
5213855-000,2023,GO,Morro Agudo de Goiás,5213855,Sistema individual,PEV fixo,Ativo,12/12/2021
2611606-091,2023,PE,Recife,2611606,Sistema individual,Ponto de consolidação,Inativo,14/10/2023
2927408-041,2023,BA,SALVADOR,2927408,Green Eletron,PEV fixo,Ativo,06/03/2019
5106000-000,2023,MT,NORTELÂNDIA,5106000,Green Eletron,Ponto de consolidação,Ativo,20/01/2021
2611606-088,2023,PE,RECIFE,2611606,Green Eletron,PEV fixo,Ativo,25/08/2023
4124509-000,2023,PR,SANTO INÁCIO,4124509,Green Eletron,PEV fixo,Ativo,03/10/2021
3550308-207,2023,SP,São Paulo,3550308,ABREE,PEV fixo,Ativo,01/11/2021
4106902-055,2023,PR,Curitiba,4106902,ABREE,PEV fixo,Ativo,25/09/2022
4217758-000,2023,SC,Sul Brasil,4217758,Green Eletron,Ponto de consolidação,Ativo,11/09/2021
3304557-120,2023,RJ,Rio de Janeiro,3304557,Green Eletron,Campanha itinerante,Ativo,19/09/2022
3550308-077,2023,SP,  São Paulo ,3550308,ABREE,PEV fixo,Ativo,08/06/2019
3550308-151,2023,SP,São Paulo,3550308,Green Eletron,Campanha itinerante,Inativo,06/02/2020
4313102-000,2023,RS,  Nova Palma ,4313102,ABREE,PEV fixo,Ativo,04/09/2023
3305406-004,2023,RJ,Sapucaia,,Green Eletron,PEV fixo,Ativo,07/07/2021
3550308-180,2023,SP,São Paulo,3550308,ABREE,PEV fixo,Ativo,24/02/2021
2507507-011,2023,PB,João Pessoa,2507507,Green Eletron,PEV fixo,Inativo,20/08/2022
3550308-063,2023,SP,São Paulo,3550308,Sistema individual,PEV fixo,Ativo,05/09/2019
3123809-000,2023,MG,ENGENHEIRO NAVARRO,3123809,Green Eletron,PEV fixo,Ativo,11/09/2022
2410256-000,2023,RN,PORTO DO MANGUE,2410256,ABREE,PEV fixo,Ativo,16/03/2020
2517209-000,2023,PB,Vieiropolis,,Green Eletron,PEV fixo,Ativo,07/08/2023
3304557-010,2023,RJ,Rio de Janeiro,3304557,ABREE,PEV fixo,Ativo,26/02/2020
5106224-000,2023,MT,  Nova Mutum ,5106224,ABREE,PEV fixo,Ativo,13/12/2023
3550308-003,2023,SP,SÃO PAULO,3550308,ABREE,PEV fixo,Ativo,26/02/2019
4117909-000,2023,PR,Palotina,4117909,ABREE,PEV fixo,Ativo,25/12/2020
4116505-000,2023,PR,Nova Aliança do Ivaí,4116505,Green Eletron,PEV fixo,Ativo,01/11/2023
1505536-000,2023,PA,  Parauapebas ,1505536,ABREE,PEV fixo,Ativo,28/08/2021
3549706-001,2023,SP,SÃO JOSÉ DO RIO PARDO,3549706,ABREE,Ponto de consolidação,Ativo,20/08/2021
2927408-060,2023,BA,Salvador,2927408,ABREE,PEV fixo,Ativo,22/02/2020
4306551-000,2023,RS,Dom Pedro de Alcântara,4306551,Green Eletron,PEV fixo,Ativo,08/04/2021
3106200-014,2023,MG,Belo Horizonte,3106200,ABREE,Ponto de consolidação,Ativo,05/04/2020
5300108-102,2023,DF,Brasília,5300108,Green Eletron,PEV fixo,Ativo,08/10/2023
5300108-068,2023,DF,Brasília,5300108,ABREE,Campanha itinerante,Ativo,27/07/2021
3302502-004,2023,RJ,Magé,3302502,ABREE,PEV fixo,Ativo,02/09/2021
3512100-003,2023,SP,Colômbia,3512100,Sistema individual,Ponto de consolidação,Ativo,07/06/2023
2927408-040,2023,BA,SALVADOR,2927408,ABREE,PEV fixo,Ativo,04/01/2019
2905909-000,2023,BA,Campo Alegre de Lourdes,2905909,Green Eletron,Ponto de consolidação,Ativo,03/04/2020
3305752-008,2023,RJ,TANGUÁ,3305752,Green Eletron,PEV fixo,Inativo,20/01/2023
3517703-001,2023,SP,  Guará ,3517703,ABREE,PEV fixo,Ativo,13/10/2020
2305902-000,2023,CE,Ipueiras,2305902,Green Eletron,PEV fixo,Ativo,09/04/2021
2111300-078,2023,MA,São Luís,2111300,ABREE,PEV fixo,Ativo,02/12/2022
4215075-000,2023,SC,Riqueza,4215075,ABREE,PEV fixo,Ativo,05/03/2020
4314902-091,2023,RS,Porto Alegre,4314902,ABREE,Campanha itinerante,Ativo,24/01/2022
4309159-000,2023,RS,Gramado Xavier,4309159,ABREE,Campanha itinerante,Ativo,08/10/2020
4314902-120,2023,RS,Porto Alegre,4314902,Green Eletron,PEV fixo,Ativo,03/10/2022
4128500-000,2023,PR,  Wenceslau Braz ,4128500,Green Eletron,PEV fixo,Ativo,16/07/2019
2916609-000,2023,BA,Itapitanga,2916609,ABREE,PEV fixo,Ativo,03/08/2019
4318606-000,2023,RS,SÃO JOSÉ DO OURO,4318606,ABREE,PEV fixo,Ativo,02/02/2023
4312625-000,2023,RS,  Muliterno ,4312625,ABREE,PEV fixo,Ativo,05/01/2022
4306452-000,2023,RS,  Dois Lajeados ,4306452,ABREE,PEV fixo,Ativo,03/01/2021
2408805-000,2023,RN,Parazinho,2408805,ABREE,PEV fixo,Ativo,23/05/2020
3106200-213,2023,MG,BELO HORIZONTE,3106200,ABREE,Campanha itinerante,Ativo,12/09/2022
4205407-002,2023,SC,Florianópolis,4205407,ABREE,PEV fixo,Ativo,12/07/2019
2307635-000,2023,CE,Madalena,2307635,ABREE,Campanha itinerante,Ativo,10/03/2019
5300108-100,2023,DF,BRASÍLIA,5300108,Sistema individual,PEV fixo,Ativo,14/11/2023
5107156-000,2023,MT,Reserva do Cabaçal,5107156,Green Eletron,PEV fixo,Ativo,19/09/2020
1500909-000,2023,PA,Augusto Corrêa,1500909,Green Eletron,PEV fixo,Ativo,04/06/2021
2310001-001,2023,CE,Palhano,2310001,Green Eletron,PEV fixo,Ativo,22/02/2022
3301405-006,2023,RJ,CONCEIÇÃO DE MACABU,3301405,ABREE,PEV fixo,Ativo,19/12/2021
3539301-000,2023,SP,Pirassununga,3539301,ABREE,Ponto de consolidação,Ativo,02/08/2021
2611606-066,2023,PE,Recife,2611606,ABREE,PEV fixo,Ativo,18/02/2022
5005400-000,2023,MS,Maracaju,5005400,ABREE,PEV fixo,Ativo,01/08/2023
3549508-000,2023,SP,São José da Bela Vista,3549508,ABREE,PEV fixo,Ativo,21/08/2019
5300108-022,2023,DF,Brasília,5300108,ABREE,PEV fixo,Ativo,24/09/2019
2304400-079,2023,CE,Fortaleza,2304400,Green Eletron,Ponto de consolidação,Ativo,18/01/2022
3110806-000,2023,MG,Campanário,3110806,Green Eletron,PEV fixo,Ativo,08/01/2021
4106902-008,2023,PR,  Curitiba ,4106902,ABREE,PEV fixo,Ativo,06/05/2020
3123858-000,2023,MG,Entre Folhas,3123858,ABREE,PEV fixo,Ativo,04/08/2020
3545100-001,2023,SP,Salmourão,3545100,Green Eletron,PEV fixo,Ativo,05/11/2022
4106902-067,2023,PR,Curitiba,4106902,ABREE,Campanha itinerante,Ativo,07/07/2023
4310900-000,2023,RS,JACUTINGA,4310900,Green Eletron,PEV fixo,Ativo,13/03/2021
2507804-000,2023,PB,Junco do Seridó,2507804,ABREE,PEV fixo,Ativo,22/07/2020
2606507-000,2023,PE,  Iati ,,ABREE,Ponto de consolidação,Ativo,22/12/2022
2100600-000,2023,MA,Amarante do Maranhão,2100600,ABREE,Ponto de consolidação,Ativo,25/09/2020
4100509-000,2023,PR,  Altônia ,4100509,Green Eletron,PEV fixo,Ativo,03/02/2022
3301157-000,2023,RJ,Cardoso Moreira,3301157,ABREE,PEV fixo,Ativo,12/01/2019
4314902-139,2023,RS,PORTO ALEGRE,4314902,Green Eletron,PEV fixo,Ativo,11/12/2023
3550308-199,2023,SP,SÃO PAULO,3550308,ABREE,PEV fixo,Ativo,08/03/2021
3556909-000,2023,SP,Vista Alegre do Alto,3556909,Sistema individual,PEV fixo,Ativo,02/05/2019
3519501-000,2023,SP,Ibirarema,3519501,ABREE,PEV fixo,Ativo,27/11/2020
3106200-273,2023,MG,  Belo Horizonte ,3106200,ABREE,PEV fixo,Ativo,11/11/2023
3547502-000,2023,SP,Santa Rita do Passa Quatro,3547502,ABREE,PEV fixo,Ativo,26/11/2019
1300029-004,2023,AM,Alvarães,1300029,ABREE,PEV fixo,Ativo,03/05/2021
3303708-000,2023,RJ,Paraíba do Sul,3303708,Green Eletron,PEV fixo,Ativo,09/07/2023
3549250-001,2023,SP,Sao Joao de Iracema,3549250,ABREE,PEV fixo,Ativo,02/07/2019
3106200-108,2023,MG,Belo Horizonte,3106200,ABREE,PEV fixo,Ativo,03/05/2021
3527108-000,2023,SP,Lins,,ABREE,PEV fixo,Ativo,22/11/2019
4127403-000,2023,PR,Terra Roxa,4127403,ABREE,PEV fixo,Ativo,28/02/2022
2513208-000,2023,PB,Santa Cruz,2513208,Green Eletron,PEV fixo,Ativo,16/09/2022
2201200-000,2023,PI,Barras,2201200,Green Eletron,PEV fixo,Ativo,01/06/2021
5300108-079,2023,DF,BRASÍLIA,5300108,Green Eletron,PEV fixo,Ativo,16/05/2022
3106200-084,2023,MG,Belo Horizonte,3106200,Green Eletron,PEV fixo,Ativo,04/10/2020
4309803-000,2023,RS,Ibiaçá,4309803,Green Eletron,PEV fixo,Ativo,02/05/2022
2111300-079,2023,MA,SÃO LUÍS,2111300,ABREE,PEV fixo,Ativo,18/08/2022
5300108-071,2023,DF,Brasília,5300108,ABREE,PEV fixo,Ativo,04/10/2021
3555109-005,2023,SP,Tupi Paulista,3555109,Green Eletron,PEV fixo,Ativo,02/07/2020
1503093-002,2023,PA,Goianésia do Pará,1503093,ABREE,PEV fixo,Ativo,02/10/2022
2512507-000,2023,PB,Queimadas,2512507,ABREE,Ponto de consolidação,Ativo,20/07/2023
3304524-000,2023,RJ,RIO DAS OSTRAS,3304524,Green Eletron,PEV fixo,Ativo,22/03/2019
2512903-000,2023,PB,Rio Tinto,2512903,ABREE,PEV fixo,Ativo,13/09/2022
2202000-000,2023,PI,  Buriti dos Lopes ,2202000,ABREE,PEV fixo,Ativo,14/02/2021
3118106-000,2023,MG,CONGONHAS DO NORTE,3118106,ABREE,PEV fixo,Inativo,11/01/2019
3534203-000,2023,SP,ORINDIÚVA,3534203,ABREE,PEV fixo,Ativo,24/08/2020
3557006-007,2023,SP,Votorantim,3557006,Green Eletron,PEV fixo,Ativo,21/12/2023
3508306-006,2023,SP,Cabrália Paulista,3508306,Green Eletron,PEV fixo,Ativo,26/03/2022
4100459-000,2023,PR,Altamira do Paraná,4100459,Green Eletron,Ponto de consolidação,Ativo,21/12/2022
5205109-000,2023,GO,Catalao,5205109,ABREE,Ponto de consolidação,Ativo,14/12/2021
3550308-299,2023,SP,São Paulo,3550308,Green Eletron,Ponto de consolidação,Ativo,02/09/2022
4314902-085,2023,RS,Porto Alegre,4314902,ABREE,PEV fixo,Ativo,11/12/2021
2211704-000,2023,PI,Wall Ferraz,2211704,ABREE,Campanha itinerante,Ativo,05/02/2021
3532900-014,2023,SP,Nova Europa,3532900,ABREE,PEV fixo,Ativo,15/02/2021
5001508-000,2023,MS,Bandeirantes,5001508,ABREE,PEV fixo,Ativo,23/09/2022
2111300-088,2023,MA,SÃO LUÍS,2111300,ABREE,Ponto de consolidação,Ativo,24/02/2022
4112959-001,2023,PR,Juranda,4112959,Green Eletron,PEV fixo,Ativo,09/06/2023
1200401-004,2023,AC,Rio Branco,1200401,Green Eletron,PEV fixo,Ativo,02/11/2021
4100608-000,2023,PR,  Alto Paraná ,4100608,Green Eletron,PEV fixo,Ativo,17/02/2022
4202073-000,2023,SC,Balneário Gaivota,4202073,Green Eletron,PEV fixo,Ativo,17/11/2023
3550605-000,2023,SP,São Roque,3550605,Green Eletron,Campanha itinerante,Ativo,28/10/2021
3550308-174,2023,SP,  São Paulo ,3550308,Sistema individual,PEV fixo,Ativo,01/04/2020
3117702-000,2023,MG,CONCEIÇÃO DO RIO VERDE,3117702,Green Eletron,PEV fixo,Ativo,16/10/2021
3152808-000,2023,MG,Prata,3152808,ABREE,PEV fixo,Ativo,25/08/2022
3553955-000,2023,SP,Tarumã,3553955,ABREE,PEV fixo,Ativo,02/08/2021
3537107-000,2023,SP,Pedreira,3537107,Green Eletron,PEV fixo,Ativo,04/10/2023
3522901-003,2023,SP,ITAPUÍ,3522901,ABREE,PEV fixo,Ativo,08/12/2023
1508209-001,2023,PA,Vigia,1508209,Green Eletron,PEV fixo,Ativo,12/02/2019
2111300-010,2023,MA,SÃO LUÍS,2111300,ABREE,PEV fixo,Ativo,11/02/2019
1707652-000,2023,TO,Figueirópolis,1707652,ABREE,PEV fixo,Ativo,14/09/2020
3302700-010,2023,RJ,Maricá,3302700,ABREE,PEV fixo,Ativo,04/12/2021
3550308-178,2023,SP,São Paulo,3550308,ABREE,PEV fixo,Ativo,03/12/2020
3550308-346,2023,SP,São Paulo,3550308,Green Eletron,PEV fixo,Ativo,12/10/2023
3110707-000,2023,MG,CAMBUQUIRA,3110707,Sistema individual,PEV fixo,Ativo,25/03/2019
3110103-000,2023,MG,CAIANA,3110103,Green Eletron,PEV fixo,Ativo,28/01/2021
2704302-008,2023,AL,Maceió,2704302,Green Eletron,Ponto de consolidação,Ativo,19/01/2022
3539608-000,2023,SP,PLANALTO,3539608,Green Eletron,PEV fixo,Ativo,17/03/2022
4314902-092,2023,RS,Porto Alegre,4314902,ABREE,PEV fixo,Ativo,13/04/2022
1304062-000,2023,AM,TABATINGA,1304062,ABREE,PEV fixo,Ativo,04/08/2022
3556701-000,2023,SP,Vinhedo,3556701,ABREE,PEV fixo,Ativo,06/05/2022
4203709-000,2023,SC,Canelinha,4203709,ABREE,PEV fixo,Ativo,15/04/2021
4209805-000,2023,SC,LEOBERTO LEAL,4209805,Green Eletron,Ponto de consolidação,Ativo,25/08/2019
4126652-000,2023,PR,SULINA,4126652,Green Eletron,PEV fixo,Ativo,01/10/2022
4118709-000,2023,PR,Paulo Frontin,4118709,Green Eletron,PEV fixo,Ativo,09/04/2020
2304400-084,2023,CE,FORTALEZA,2304400,Green Eletron,PEV fixo,Ativo,14/10/2022
3301876-007,2023,RJ,Iguaba Grande,3301876,ABREE,PEV fixo,Ativo,04/09/2022
3550308-147,2023,SP,SÃO PAULO,3550308,ABREE,Ponto de consolidação,Ativo,26/05/2020
3302254-000,2023,RJ,Itatiaia,3302254,Green Eletron,PEV fixo,Ativo,12/01/2020
1501402-019,2023,PA,Belém,1501402,Green Eletron,PEV fixo,Inativo,27/04/2022
2111607-000,2023,MA,São Raimundo das Mangabeiras,2111607,ABREE,PEV fixo,Ativo,24/04/2020
1505908-000,2023,PA,  Porto de Moz ,1505908,ABREE,PEV fixo,Ativo,16/12/2023
2910404-000,2023,BA,Encruzilhada,2910404,ABREE,PEV fixo,Ativo,20/09/2020
5002100-000,2023,MS,BELA VISTA,5002100,ABREE,PEV fixo,Ativo,02/01/2021
4311643-000,2023,RS,LINHA NOVA,4311643,ABREE,PEV fixo,Ativo,15/07/2019
5300108-089,2023,DF,Brasília,5300108,Sistema individual,PEV fixo,Ativo,10/03/2022
2304400-033,2023,CE,FORTALEZA,2304400,Green Eletron,PEV fixo,Ativo,04/12/2020
3106200-253,2023,MG,Belo Horizonte,3106200,Green Eletron,PEV fixo,Ativo,02/01/2023
5208707-021,2023,GO,Goiânia,5208707,ABREE,PEV fixo,Ativo,09/09/2022
2903235-000,2023,BA,Barro Alto,2903235,Green Eletron,PEV fixo,Ativo,04/12/2021
4306734-000,2023,RS,Doutor Maurício Cardoso,4306734,ABREE,PEV fixo,Ativo,23/07/2019
2111300-060,2023,MA,São Luís,2111300,ABREE,PEV fixo,Ativo,16/10/2021
4103404-000,2023,PR,  Cafeara ,4103404,Sistema individual,PEV fixo,Ativo,13/11/2021
3512001-004,2023,SP,Colina,3512001,Green Eletron,PEV fixo,Ativo,21/10/2023
3164605-000,2023,MG,São Sebastião do Oeste,3164605,ABREE,PEV fixo,Ativo,26/08/2023
4302303-000,2023,RS,Bom Jesus,4302303,Green Eletron,Ponto de consolidação,Ativo,20/04/2020
2507507-007,2023,PB,  João Pessoa ,2507507,Green Eletron,PEV fixo,Ativo,08/04/2020
5208707-011,2023,GO,GOIÂNIA,5208707,Sistema individual,PEV fixo,Ativo,01/02/2020
2800308-001,2023,SE,Aracaju,2800308,Green Eletron,Ponto de consolidação,Ativo,04/11/2019
4314902-121,2023,RS,Porto Alegre,4314902,Green Eletron,PEV fixo,Ativo,24/03/2022
2407906-000,2023,RN,Monte das Gameleiras,2407906,Green Eletron,PEV fixo,Ativo,20/01/2023
3500600-000,2023,SP,ÁGUAS DE SÃO PEDRO,3500600,Green Eletron,PEV fixo,Ativo,03/07/2021
4205407-067,2023,SC,Florianópolis,4205407,Green Eletron,PEV fixo,Ativo,21/06/2022
2611606-058,2023,PE,Recife,2611606,ABREE,PEV fixo,Inativo,24/07/2022
2921708-001,2023,BA,Morro do Chapéu,2921708,Green Eletron,PEV fixo,Ativo,19/10/2021
1300706-005,2023,AM,Boca do Acre,1300706,ABREE,PEV fixo,Ativo,20/07/2023
2513653-000,2023,PB,  Joca Claudino ,2513653,ABREE,PEV fixo,Ativo,28/02/2022
2927408-014,2023,BA,Salvador,2927408,Green Eletron,PEV fixo,Ativo,06/01/2019
3532900-005,2023,SP,Nova Europa,3532900,ABREE,Campanha itinerante,Inativo,26/02/2019
2507507-002,2023,PB,João Pessoa,2507507,Green Eletron,PEV fixo,Ativo,08/11/2019
3304557-198,2023,RJ,RIO DE JANEIRO,3304557,Sistema individual,PEV fixo,Ativo,21/06/2023
2614303-001,2023,PE,Moreilandia,2614303,Sistema individual,PEV fixo,Ativo,27/01/2022
4205407-065,2023,SC,Florianópolis,4205407,ABREE,Campanha itinerante,Ativo,16/05/2022
3529708-002,2023,SP,Miguelópolis,3529708,ABREE,PEV fixo,Ativo,16/02/2022
3550308-031,2023,SP,São Paulo,3550308,ABREE,PEV fixo,Ativo,01/06/2019
5218052-000,2023,GO,Porteirão,,Green Eletron,PEV fixo,Ativo,08/11/2020
2918308-000,2023,BA,Jitaúna,2918308,ABREE,PEV fixo,Ativo,26/03/2021
4215208-000,2023,SC,ROMELÂNDIA,4215208,Green Eletron,PEV fixo,Ativo,22/05/2019
2601003-000,2023,PE,Angelim,2601003,ABREE,PEV fixo,Ativo,11/11/2019
4314902-048,2023,RS,Porto Alegre,4314902,Green Eletron,Ponto de consolidação,Ativo,22/10/2020
5300108-066,2023,DF,BRASÍLIA,5300108,Sistema individual,PEV fixo,Ativo,13/07/2021
1100924-000,2023,RO,Chupinguaia,1100924,Green Eletron,PEV fixo,Ativo,01/04/2019
1504208-005,2023,PA,Marabá,1504208,Green Eletron,Campanha itinerante,Ativo,16/10/2022
3545803-002,2023,SP,Santa Bárbara d'Oeste,3545803,Green Eletron,Ponto de consolidação,Ativo,03/05/2022
2927408-018,2023,BA,Salvador,2927408,ABREE,PEV fixo,Ativo,17/02/2019
2902807-000,2023,BA,BARRA DA ESTIVA,2902807,ABREE,PEV fixo,Ativo,21/03/2021
2105708-001,2023,MA,LAGO DA PEDRA,2105708,ABREE,PEV fixo,Ativo,14/04/2022
2602704-001,2023,PE,Buenos Aires,2602704,Green Eletron,PEV fixo,Ativo,11/06/2022
3555109-013,2023,SP,Tupi Paulista,3555109,Green Eletron,PEV fixo,Ativo,13/12/2022
4314902-080,2023,RS,Porto Alegre,4314902,Green Eletron,PEV fixo,Ativo,27/04/2021
2210409-000,2023,PI,SÃO MIGUEL DO TAPUIO,2210409,Green Eletron,PEV fixo,Ativo,05/03/2019
3538808-006,2023,SP,Piraju,3538808,ABREE,PEV fixo,Ativo,17/07/2019
3304557-024,2023,RJ,RIO DE JANEIRO,3304557,ABREE,Ponto de consolidação,Ativo,15/09/2020
4202131-000,2023,SC,BELA VISTA DO TOLDO,4202131,ABREE,PEV fixo,Ativo,17/07/2023
2111300-029,2023,MA,SÃO LUÍS,2111300,ABREE,PEV fixo,Ativo,05/11/2019
3517703-002,2023,SP,GUARÁ,3517703,ABREE,PEV fixo,Ativo,01/08/2021
2103554-000,2023,MA,CONCEIÇÃO DO LAGO-AÇU,2103554,Green Eletron,PEV fixo,Ativo,27/11/2023
2904852-000,2023,BA,Cabaceiras do Paraguaçu,2904852,Green Eletron,PEV fixo,Ativo,22/09/2020
4102406-000,2023,PR,  Bandeirantes ,4102406,Green Eletron,PEV fixo,Ativo,08/10/2020
2304400-016,2023,CE,Fortaleza,2304400,Green Eletron,PEV fixo,Ativo,19/08/2019
3550902-000,2023,SP,SÃO SIMÃO,3550902,Green Eletron,PEV fixo,Ativo,12/07/2023
3303302-012,2023,RJ,Niterói,3303302,Sistema individual,PEV fixo,Ativo,20/05/2023
2409803-000,2023,RN,Pedro Velho,2409803,ABREE,Campanha itinerante,Ativo,10/11/2021
3119906-000,2023,MG,Córrego do Bom Jesus,3119906,Green Eletron,PEV fixo,Ativo,02/12/2019
3550308-212,2023,SP,São Paulo,3550308,ABREE,PEV fixo,Ativo,20/11/2021
2610905-000,2023,PE,PESQUEIRA,2610905,ABREE,PEV fixo,Ativo,28/03/2022
2927408-027,2023,BA,SALVADOR,2927408,ABREE,PEV fixo,Ativo,06/02/2019
3302403-014,2023,RJ,  Macaé ,3302403,ABREE,PEV fixo,Ativo,08/11/2022
2111300-050,2023,MA,Sao Luis,2111300,ABREE,PEV fixo,Ativo,23/12/2020
4103156-000,2023,PR,Bom Jesus do Sul,4103156,ABREE,PEV fixo,Ativo,27/09/2021
4117701-000,2023,PR,Palmeira,4117701,ABREE,PEV fixo,Ativo,15/06/2021
3550308-059,2023,SP,São Paulo,3550308,Green Eletron,PEV fixo,Inativo,06/06/2019
3538808-004,2023,SP,PIRAJU,3538808,Green Eletron,PEV fixo,Ativo,04/08/2019
2210391-000,2023,PI,SÃO MIGUEL DO FIDALGO,2210391,Sistema individual,PEV fixo,Ativo,19/09/2019
3300258-001,2023,RJ,  Arraial do Cabo ,3300258,Green Eletron,PEV fixo,Ativo,12/10/2020
3165909-000,2023,MG,Senador Modestino Gonçalves,3165909,Sistema individual,PEV fixo,Ativo,23/08/2019
2924504-000,2023,BA,Pindaí,2924504,Green Eletron,PEV fixo,Ativo,08/01/2023
2304400-078,2023,CE,Fortaleza,2304400,Green Eletron,PEV fixo,Ativo,12/01/2022
3106200-251,2023,MG,BELO HORIZONTE,3106200,ABREE,PEV fixo,Ativo,10/08/2023
3550308-218,2023,SP,São Paulo,3550308,Green Eletron,PEV fixo,Ativo,09/09/2021
3532900-000,2023,SP,Nova Europa,3532900,ABREE,PEV fixo,Ativo,25/05/2019
3532900-009,2023,SP,Nova Europa,3532900,Green Eletron,PEV fixo,Ativo,07/06/2020
3513405-000,2023,SP,Cruzeiro,3513405,Green Eletron,PEV fixo,Ativo,18/06/2021
3515194-000,2023,SP,Espírito Santo do Turvo,3515194,ABREE,PEV fixo,Ativo,27/08/2019
3532504-004,2023,SP,Neves Paulista,3532504,ABREE,PEV fixo,Ativo,18/11/2021
2920502-004,2023,BA,Maracas,2920502,Green Eletron,PEV fixo,Ativo,26/08/2023
2610301-003,2023,PE,Paranatama,2610301,ABREE,PEV fixo,Ativo,28/08/2021
3124609-000,2023,MG,Estrela Dalva,3124609,ABREE,PEV fixo,Ativo,20/03/2021
4312054-000,2023,RS,Marques de Souza,4312054,ABREE,PEV fixo,Ativo,07/11/2023
5300108-070,2023,DF,  Brasília ,5300108,Green Eletron,PEV fixo,Ativo,18/11/2021
2924207-000,2023,BA,Pedro Alexandre,2924207,Green Eletron,PEV fixo,Ativo,04/05/2020
3129707-000,2023,MG,Ibiraci,3129707,Sistema individual,PEV fixo,Ativo,28/09/2019
1300805-003,2023,AM,Borba,1300805,Green Eletron,Campanha itinerante,Ativo,26/10/2023
3106200-055,2023,MG,Belo Horizonte,3106200,Green Eletron,PEV fixo,Ativo,16/09/2020
3544806-000,2023,SP,Sales,3544806,Sistema individual,PEV fixo,Ativo,23/04/2023
5006903-000,2023,MS,Porto Murtinho,5006903,ABREE,PEV fixo,Ativo,21/02/2023
4321808-000,2023,RS,  Três de Maio ,4321808,Green Eletron,PEV fixo,Ativo,17/11/2023
4111258-000,2023,PR,Itaperuçu,4111258,Green Eletron,PEV fixo,Ativo,25/12/2019
2927408-070,2023,BA,SALVADOR,2927408,ABREE,Ponto de consolidação,Ativo,28/11/2020
3550308-163,2023,SP,  São Paulo ,3550308,ABREE,PEV fixo,Inativo,15/04/2020
4106902-046,2023,PR,Curitiba,4106902,ABREE,PEV fixo,Inativo,17/02/2021
3550308-326,2023,SP,SÃO PAULO,3550308,ABREE,PEV fixo,Ativo,17/03/2023
3300100-000,2023,RJ,Angra dos Reis,3300100,Green Eletron,PEV fixo,Ativo,07/05/2020
3518503-002,2023,SP,GUAREÍ,3518503,ABREE,PEV fixo,Ativo,10/02/2023
4123956-000,2023,PR,SANTA MÔNICA,4123956,ABREE,PEV fixo,Ativo,19/04/2019
3550308-098,2023,SP,São Paulo,3550308,Green Eletron,PEV fixo,Inativo,21/08/2019
2602902-006,2023,PE,Cabo de Santo Agostinho,2602902,Green Eletron,PEV fixo,Ativo,21/02/2021
3501103-004,2023,SP,Alto Alegre,3501103,Sistema individual,Ponto de consolidação,Ativo,15/02/2022
3550308-029,2023,SP,SÃO PAULO,3550308,ABREE,PEV fixo,Ativo,24/12/2019
2611606-025,2023,PE,Recife,2611606,Green Eletron,PEV fixo,Ativo,16/11/2020
2616183-010,2023,PE,Vertente do Lerio,2616183,Green Eletron,PEV fixo,Ativo,05/03/2022
4314902-118,2023,RS,PORTO ALEGRE,4314902,Green Eletron,Ponto de consolidação,Ativo,22/12/2022
4314902-043,2023,RS,PORTO ALEGRE,4314902,Green Eletron,PEV fixo,Ativo,24/07/2020
3512100-000,2023,SP,Colômbia,3512100,Sistema individual,PEV fixo,Inativo,26/06/2021
2613701-000,2023,PE,São Lourenço da Mata,2613701,ABREE,PEV fixo,Ativo,11/06/2022
3526803-001,2023,SP,  Lençóis Paulista ,3526803,ABREE,Ponto de consolidação,Ativo,19/09/2019
3550308-097,2023,SP,São Paulo,3550308,ABREE,PEV fixo,Ativo,17/02/2019
2302107-002,2023,CE,Baturité,2302107,ABREE,PEV fixo,Ativo,16/03/2020
2927408-023,2023,BA,Salvador,2927408,ABREE,PEV fixo,Ativo,26/10/2019
3106200-127,2023,MG,BELO HORIZONTE,3106200,ABREE,PEV fixo,Ativo,16/03/2021
3514205-000,2023,SP,Dolcinópolis,3514205,ABREE,PEV fixo,Ativo,14/03/2021
2611606-008,2023,PE,Recife,2611606,Sistema individual,PEV fixo,Ativo,16/12/2020
2927606-000,2023,BA,Santa Brígida,2927606,ABREE,PEV fixo,Ativo,20/08/2020
5002704-009,2023,MS,Campo Grande,5002704,Green Eletron,PEV fixo,Ativo,16/12/2022
3549706-000,2023,SP,Sao Jose do Rio Pardo,3549706,ABREE,PEV fixo,Ativo,28/08/2021
4120101-000,2023,PR,PORTO AMAZONAS,4120101,Sistema individual,PEV fixo,Ativo,13/09/2023
4205001-001,2023,SC,Dionisio Cerqueira,4205001,Green Eletron,PEV fixo,Ativo,17/04/2022
3304557-035,2023,RJ,RIO DE JANEIRO,3304557,ABREE,PEV fixo,Ativo,24/08/2020
3301306-000,2023,RJ,Casimiro de Abreu,3301306,Green Eletron,PEV fixo,Ativo,20/07/2022
4111506-000,2023,PR,Ivaipora,4111506,ABREE,PEV fixo,Ativo,14/05/2020
3120870-000,2023,MG,Curral de Dentro,3120870,ABREE,Campanha itinerante,Ativo,26/01/2020
1500107-000,2023,PA,  Abaetetuba ,1500107,ABREE,PEV fixo,Ativo,05/04/2021
4205407-028,2023,SC,Florianopolis,4205407,Green Eletron,Campanha itinerante,Ativo,20/06/2020
3530102-000,2023,SP,Mirandópolis,3530102,Green Eletron,PEV fixo,Ativo,03/12/2020
5215306-000,2023,GO,Orizona,5215306,Green Eletron,Campanha itinerante,Ativo,07/12/2022
3532009-015,2023,SP,MORUNGABA,3532009,Green Eletron,PEV fixo,Ativo,20/12/2023
2202778-000,2023,PI,Colonia do Piaui,2202778,Green Eletron,PEV fixo,Ativo,11/10/2019
4314902-130,2023,RS,Porto Alegre,4314902,Green Eletron,PEV fixo,Ativo,21/06/2023
3538808-018,2023,SP,PIRAJU,3538808,ABREE,PEV fixo,Ativo,04/08/2021
3304557-102,2023,RJ,RIO DE JANEIRO,3304557,Sistema individual,PEV fixo,Ativo,19/06/2021
3544251-002,2023,SP,Rosana,3544251,Green Eletron,PEV fixo,Ativo,08/09/2023
5106505-000,2023,MT,POCONÉ,,ABREE,Ponto de consolidação,Ativo,22/10/2020
2905701-000,2023,BA,  Camaçari ,2905701,ABREE,PEV fixo,Ativo,11/02/2023
2614006-000,2023,PE,Serrita,2614006,Green Eletron,PEV fixo,Ativo,18/04/2022
3550308-047,2023,SP,São Paulo,3550308,Green Eletron,PEV fixo,Ativo,11/04/2019
2111300-069,2023,MA,SÃO LUÍS,2111300,ABREE,PEV fixo,Ativo,11/12/2021
4212007-000,2023,SC,Palma Sola,4212007,ABREE,PEV fixo,Ativo,07/12/2023
4121208-000,2023,PR,QUITANDINHA,4121208,Green Eletron,PEV fixo,Ativo,13/12/2023
2615102-004,2023,PE,  Terezinha ,2615102,ABREE,PEV fixo,Ativo,05/01/2021
2700805-003,2023,AL,Belém,2700805,Green Eletron,PEV fixo,Ativo,12/12/2023
2607653-000,2023,PE,Itambé,2607653,Green Eletron,PEV fixo,Ativo,27/08/2019
1100130-000,2023,RO,Machadinho D'Oeste,1100130,ABREE,PEV fixo,Ativo,10/11/2023
3106200-243,2023,MG,Belo Horizonte,3106200,ABREE,Ponto de consolidação,Ativo,03/04/2023
2111300-031,2023,MA,SÃO LUÍS,2111300,ABREE,Ponto de consolidação,Ativo,23/06/2019
3144607-000,2023,MG,NEPOMUCENO,3144607,Green Eletron,PEV fixo,Ativo,15/03/2020
3156908-000,2023,MG,Sacramento,3156908,Green Eletron,Ponto de consolidação,Ativo,09/07/2022
4314902-024,2023,RS,Porto Alegre,4314902,ABREE,PEV fixo,Ativo,22/05/2020
3109501-001,2023,MG,CABO VERDE,3109501,Sistema individual,PEV fixo,Ativo,09/07/2023
2927408-077,2023,BA,Salvador,2927408,Green Eletron,PEV fixo,Ativo,14/06/2021
4205407-032,2023,SC,Florianópolis,4205407,Green Eletron,PEV fixo,Ativo,13/02/2020
3161908-000,2023,MG,  São Gonçalo do Rio Abaixo ,3161908,Green Eletron,PEV fixo,Ativo,17/08/2019
2600708-001,2023,PE,Aliança,2600708,Green Eletron,Ponto de consolidação,Ativo,17/06/2021
3201605-001,2023,ES,Conceição da Barra,3201605,ABREE,PEV fixo,Ativo,12/02/2022
2305357-000,2023,CE,ICAPUÍ,2305357,Green Eletron,PEV fixo,Ativo,18/12/2020
3150406-000,2023,MG,Piedade dos Gerais,3150406,Green Eletron,Ponto de consolidação,Ativo,01/12/2020
2106102-000,2023,MA,Loreto,2106102,Green Eletron,PEV fixo,Ativo,12/09/2019
5300108-000,2023,DF,Brasilia,5300108,ABREE,PEV fixo,Ativo,04/02/2019
2927408-091,2023,BA,Salvador,2927408,ABREE,PEV fixo,Ativo,08/11/2021
3106200-190,2023,MG,  Belo Horizonte ,3106200,Green Eletron,Ponto de consolidação,Ativo,11/10/2022
3145208-000,2023,MG,  Nova Serrana ,3145208,Green Eletron,Campanha itinerante,Ativo,18/01/2022
2610806-000,2023,PE,Pedra,2610806,ABREE,PEV fixo,Ativo,01/07/2023
2609600-000,2023,PE,Olinda,2609600,Green Eletron,PEV fixo,Ativo,28/02/2020
1100205-011,2023,RO,PORTO VELHO,1100205,ABREE,PEV fixo,Ativo,19/02/2023
3513009-003,2023,SP,Cotia,3513009,Green Eletron,PEV fixo,Ativo,21/07/2019
2929909-000,2023,BA,Seabra,2929909,ABREE,PEV fixo,Ativo,13/02/2019
3161205-000,2023,MG,Sao Francisco de Paula,3161205,ABREE,Ponto de consolidação,Ativo,15/09/2020
4108650-000,2023,PR,Goioxim,4108650,Green Eletron,PEV fixo,Ativo,21/06/2019
4126272-000,2023,PR,Saudade do Iguaçu,4126272,Green Eletron,PEV fixo,Ativo,06/11/2021
2616183-002,2023,PE,Vertente do Lério,2616183,Sistema individual,PEV fixo,Ativo,02/04/2019
1300706-006,2023,AM,Boca do Acre,1300706,ABREE,PEV fixo,Ativo,05/07/2023
1502004-000,2023,PA,Cachoeira do Arari,1502004,Green Eletron,PEV fixo,Ativo,19/07/2022
3304557-133,2023,RJ,Rio de Janeiro,3304557,Green Eletron,PEV fixo,Ativo,07/01/2022
3550308-133,2023,SP,São Paulo,3550308,ABREE,PEV fixo,Inativo,22/05/2020
2918555-000,2023,BA,JUSSARI,,Green Eletron,PEV fixo,Ativo,19/09/2020
5212956-000,2023,GO,Matrinchã,5212956,Green Eletron,Ponto de consolidação,Ativo,05/02/2019
2511608-000,2023,PB,Piloes,2511608,Green Eletron,PEV fixo,Ativo,03/03/2021
3106200-066,2023,MG,Belo Horizonte,3106200,Green Eletron,PEV fixo,Ativo,26/02/2020
3131505-000,2023,MG,Ipuiúna,3131505,Green Eletron,PEV fixo,Ativo,06/03/2023
3550308-051,2023,SP,São Paulo,3550308,Green Eletron,PEV fixo,Ativo,03/08/2019
2611606-046,2023,PE,Recife,2611606,Sistema individual,PEV fixo,Ativo,24/08/2021
4118006-000,2023,PR,Paraíso do Norte,4118006,ABREE,PEV fixo,Ativo,26/04/2019
2804458-001,2023,SE,  Nossa Senhora Aparecida ,2804458,ABREE,PEV fixo,Ativo,05/10/2022
3139409-000,2023,MG,MANHUAÇU,3139409,Green Eletron,PEV fixo,Ativo,24/10/2021
1721109-000,2023,TO,TOCANTÍNIA,1721109,ABREE,PEV fixo,Ativo,05/11/2023
3147501-000,2023,MG,Passabém,3147501,ABREE,Campanha itinerante,Ativo,02/09/2023
2107209-000,2023,MA,  Nina Rodrigues ,2107209,ABREE,PEV fixo,Ativo,22/05/2021
2304251-001,2023,CE,Cruz,2304251,Green Eletron,PEV fixo,Ativo,28/03/2019
2927408-038,2023,BA,Salvador,2927408,Green Eletron,PEV fixo,Ativo,14/07/2019
2921708-003,2023,BA,MORRO DO CHAPÉU,2921708,ABREE,PEV fixo,Ativo,24/08/2023
2211001-000,2023,PI,TERESINA,2211001,Green Eletron,PEV fixo,Ativo,25/10/2019
5004007-000,2023,MS,Glória de Dourados,5004007,ABREE,PEV fixo,Ativo,23/10/2023
3123528-002,2023,MG,Durandé,3123528,ABREE,Ponto de consolidação,Ativo,26/09/2020
5100805-000,2023,MT,Apiacás,5100805,Green Eletron,PEV fixo,Ativo,08/03/2021
2501906-000,2023,PB,Belém,2501906,ABREE,PEV fixo,Ativo,07/08/2023
3547601-000,2023,SP,Santa Rosa de Viterbo,3547601,Green Eletron,PEV fixo,Ativo,28/05/2022
2405306-000,2023,RN,JANUÁRIO CICCO (BOA SAÚDE),2405306,Green Eletron,PEV fixo,Ativo,21/03/2023
3550308-278,2023,SP,SÃO PAULO,3550308,Green Eletron,Ponto de consolidação,Ativo,09/08/2022
3506904-003,2023,SP,Bofete,3506904,Green Eletron,Ponto de consolidação,Ativo,19/02/2022
2600708-000,2023,PE,ALIANÇA,2600708,ABREE,PEV fixo,Ativo,16/06/2020
3106200-126,2023,MG,BELO HORIZONTE,3106200,Green Eletron,PEV fixo,Ativo,19/09/2021
5101902-000,2023,MT,BRASNORTE,5101902,Green Eletron,Campanha itinerante,Ativo,22/11/2023
2513604-000,2023,PB,Santana dos Garrotes,2513604,ABREE,PEV fixo,Ativo,10/11/2022
3537305-000,2023,SP,Penápolis,3537305,ABREE,PEV fixo,Ativo,19/05/2019
3127339-003,2023,MG,  Gameleiras ,3127339,ABREE,PEV fixo,Ativo,09/02/2023
3506904-002,2023,SP,Bofete,3506904,Green Eletron,PEV fixo,Ativo,11/07/2021
2800308-027,2023,SE,Aracaju,2800308,Green Eletron,PEV fixo,Ativo,12/10/2023
3106200-207,2023,MG,Belo Horizonte,3106200,ABREE,PEV fixo,Ativo,25/08/2022
3513009-006,2023,SP,Cotia,3513009,Green Eletron,Campanha itinerante,Ativo,27/08/2021
3536257-000,2023,SP,PARISI,3536257,Green Eletron,PEV fixo,Ativo,15/11/2019
4314027-000,2023,RS,PARAÍSO DO SUL,4314027,Green Eletron,PEV fixo,Ativo,07/11/2020
4205407-079,2023,SC,FLORIANÓPOLIS,4205407,Green Eletron,Campanha itinerante,Ativo,13/10/2023
2100907-000,2023,MA,Araioses,2100907,ABREE,PEV fixo,Ativo,02/08/2019
3304557-175,2023,RJ,Rio de Janeiro,3304557,ABREE,PEV fixo,Ativo,19/12/2023
1505650-000,2023,PA,PLACAS,1505650,Green Eletron,PEV fixo,Ativo,18/09/2020
5215207-007,2023,GO,Novo Brasil,5215207,ABREE,PEV fixo,Ativo,13/07/2022
2508406-000,2023,PB,Lastro,2508406,ABREE,PEV fixo,Ativo,13/04/2023
4113205-000,2023,PR,Lapa,4113205,ABREE,PEV fixo,Ativo,17/12/2020
3550308-241,2023,SP,São Paulo,3550308,Sistema individual,PEV fixo,Ativo,20/09/2021
3302304-000,2023,RJ,Laje do Muriaé,3302304,ABREE,PEV fixo,Ativo,09/05/2023
4310207-011,2023,RS,Ijuí,4310207,Green Eletron,PEV fixo,Ativo,02/12/2023
4314902-061,2023,RS,Porto Alegre,4314902,ABREE,PEV fixo,Ativo,19/04/2021
2110807-000,2023,MA,SÃO FÉLIX DE BALSAS,2110807,Green Eletron,Campanha itinerante,Ativo,09/08/2019
3550308-216,2023,SP,SÃO PAULO,3550308,Green Eletron,Ponto de consolidação,Ativo,17/07/2021
3164001-000,2023,MG,SÃO PEDRO DOS FERROS,3164001,ABREE,Ponto de consolidação,Ativo,18/07/2022
3550308-039,2023,SP,São Paulo,3550308,ABREE,PEV fixo,Ativo,22/10/2019
2611606-015,2023,PE,Recife,2611606,ABREE,PEV fixo,Ativo,10/03/2020
3510401-000,2023,SP,  Capivari ,3510401,ABREE,PEV fixo,Inativo,02/04/2022
2800308-006,2023,SE,Aracaju,2800308,ABREE,PEV fixo,Ativo,09/02/2019
2302107-005,2023,CE,Baturité,2302107,ABREE,PEV fixo,Ativo,12/01/2022
4213401-000,2023,SC,Ponte Serrada,4213401,ABREE,Ponto de consolidação,Ativo,25/06/2023
3550308-357,2023,SP,São Paulo,3550308,ABREE,PEV fixo,Ativo,12/10/2023
3106200-112,2023,MG,Belo Horizonte,3106200,ABREE,PEV fixo,Ativo,22/02/2021
2931806-000,2023,BA,TREMEDAL,2931806,Sistema individual,PEV fixo,Ativo,11/03/2023
2927408-039,2023,BA,Salvador,2927408,Green Eletron,PEV fixo,Ativo,08/03/2019
3525607-002,2023,SP,João Ramalho,3525607,Green Eletron,PEV fixo,Ativo,13/05/2020
4319356-000,2023,RS,SÃO PEDRO DA SERRA,4319356,Green Eletron,Campanha itinerante,Ativo,03/02/2019
2910800-000,2023,BA,Feira de Santana,2910800,Green Eletron,PEV fixo,Ativo,06/07/2019
