id_ponto,ano,sigla_uf,nome_municipio,geocodigo,sistema,modalidade,status,inicio_operacao
2611606-065,2024,PE,Recife,2611606,Green Eletron,Campanha itinerante,Ativo,27/12/2022
1721000-000,2024,TO,PALMAS,1721000,Green Eletron,PEV fixo,Ativo,27/02/2019
3304557-197,2024,RJ,Rio de Janeiro,3304557,ABREE,Ponto de consolidação,Ativo,20/09/2023
2904001-000,2024,BA,Boninal,2904001,Green Eletron,PEV fixo,Ativo,19/10/2023
4208500-001,2024,SC,Ituporanga,4208500,Sistema individual,PEV fixo,Ativo,21/03/2024
3151404-000,2024,MG,PITANGUI,3151404,ABREE,PEV fixo,Ativo,08/11/2023
3505203-003,2024,SP,BARIRI,3505203,Green Eletron,PEV fixo,Ativo,15/12/2021
2605509-000,2024,PE,  Ferreiros ,2605509,ABREE,PEV fixo,Ativo,22/02/2021
2917904-000,2024,BA,Jandaíra,2917904,Green Eletron,PEV fixo,Ativo,07/07/2019
4120101-000,2024,PR,Porto Amazonas,4120101,Sistema individual,PEV fixo,Ativo,15/08/2023
2305332-000,2024,CE,Ibicuitinga,2305332,ABREE,PEV fixo,Ativo,05/07/2019
2903409-001,2024,BA,Belmonte,2903409,Green Eletron,PEV fixo,Ativo,21/04/2023
2927408-030,2024,BA,Salvador,2927408,ABREE,PEV fixo,Ativo,10/01/2019
3544004-004,2024,SP,Rio das Pedras,3544004,Green Eletron,PEV fixo,Ativo,09/09/2023
3304557-049,2024,RJ,Rio de Janeiro,3304557,Sistema individual,PEV fixo,Ativo,13/11/2020
4127908-001,2024,PR,Tuneiras do Oeste,4127908,Green Eletron,Campanha itinerante,Ativo,01/01/2022
3304557-167,2024,RJ,RIO DE JANEIRO,3304557,ABREE,PEV fixo,Ativo,18/04/2023
2310902-000,2024,CE,Piquet Carneiro,2310902,ABREE,PEV fixo,Ativo,28/05/2019
3550308-177,2024,SP,São Paulo,3550308,Green Eletron,PEV fixo,Ativo,25/12/2020
2110609-000,2024,MA,São Bernardo,2110609,Green Eletron,PEV fixo,Ativo,01/04/2021
1505205-000,2024,PA,Oeiras do Para,1505205,Green Eletron,Campanha itinerante,Ativo,17/02/2019
3305307-013,2024,RJ,SÃO SEBASTIÃO DO ALTO,3305307,ABREE,PEV fixo,Ativo,04/12/2022
3549706-007,2024,SP,Sao Jose do Rio Pardo,3549706,ABREE,PEV fixo,Ativo,28/08/2024
2610301-004,2024,PE,PARANATAMA,2610301,ABREE,PEV fixo,Ativo,15/05/2022
2101939-005,2024,MA,BERNARDO DO MEARIM,2101939,Green Eletron,PEV fixo,Ativo,27/07/2022
2611606-087,2024,PE,Recife,2611606,ABREE,PEV fixo,Ativo,17/11/2023
5300108-064,2024,DF,BRASÍLIA,5300108,Green Eletron,PEV fixo,Ativo,14/08/2021
2305100-000,2024,CE,Guaramiranga,2305100,ABREE,PEV fixo,Ativo,02/05/2023
3304904-000,2024,RJ,São Gonçalo,3304904,Green Eletron,PEV fixo,Ativo,11/05/2024
1508209-010,2024,PA,Vigia,1508209,ABREE,Ponto de consolidação,Ativo,24/04/2022
2101939-000,2024,MA,BERNARDO DO MEARIM,2101939,ABREE,PEV fixo,Ativo,17/03/2019
3550308-329,2024,SP,SÃO PAULO,3550308,ABREE,PEV fixo,Ativo,26/08/2023
3121407-000,2024,MG,DESTERRO DE ENTRE RIOS,3121407,ABREE,PEV fixo,Ativo,08/05/2021
3550308-355,2024,SP,SÃO PAULO,3550308,Green Eletron,PEV fixo,Ativo,24/09/2023
2908002-000,2024,BA,Coaraci,2908002,ABREE,PEV fixo,Ativo,22/01/2023
2111300-001,2024,MA,Sao Luis,2111300,Green Eletron,PEV fixo,Ativo,20/07/2019
3552700-001,2024,SP,TABATINGA,3552700,ABREE,PEV fixo,Ativo,04/01/2024
4301958-000,2024,RS,BARRA FUNDA,4301958,Green Eletron,PEV fixo,Ativo,13/05/2022
3557006-001,2024,SP,Votorantim,3557006,ABREE,PEV fixo,Ativo,24/02/2020
2611606-027,2024,PE,Recife,2611606,ABREE,PEV fixo,Ativo,14/08/2020
3300902-005,2024,RJ,Cambuci,3300902,Green Eletron,PEV fixo,Ativo,18/09/2022
2111300-098,2024,MA,SÃO LUÍS,2111300,ABREE,PEV fixo,Ativo,22/09/2023
4113106-000,2024,PR,Kaloré,4113106,Green Eletron,PEV fixo,Ativo,24/04/2022
3304557-072,2024,RJ,Rio de Janeiro,3304557,Green Eletron,PEV fixo,Ativo,07/05/2021
4120309-000,2024,PR,Porto Vitória,4120309,ABREE,PEV fixo,Inativo,02/09/2024
2605707-000,2024,PE,Floresta,2605707,ABREE,Campanha itinerante,Ativo,21/03/2021
3301157-000,2024,RJ,Cardoso Moreira,3301157,ABREE,PEV fixo,Ativo,18/03/2019
3118304-000,2024,MG,Conselheiro Lafaiete,3118304,Green Eletron,PEV fixo,Ativo,11/06/2019
3305752-004,2024,RJ,Tangua,3305752,ABREE,PEV fixo,Ativo,26/12/2021
3538808-005,2024,SP,Piraju,3538808,Sistema individual,PEV fixo,Ativo,10/05/2019
3201605-001,2024,ES,  Conceição da Barra ,3201605,ABREE,PEV fixo,Ativo,04/11/2022
1300680-000,2024,AM,BOA VISTA DO RAMOS,1300680,ABREE,PEV fixo,Ativo,02/07/2022
1703107-000,2024,TO,Barrolândia,1703107,ABREE,Ponto de consolidação,Ativo,17/12/2021
4203501-000,2024,SC,Campo Ere,4203501,ABREE,PEV fixo,Ativo,16/09/2023
2927408-127,2024,BA,SALVADOR,2927408,ABREE,PEV fixo,Ativo,23/08/2022
4107652-000,2024,PR,Fazenda Rio Grande,4107652,ABREE,PEV fixo,Ativo,08/04/2023
2302107-005,2024,CE,Baturité,2302107,ABREE,PEV fixo,Ativo,24/08/2022
3530102-008,2024,SP,Mirandopolis,3530102,ABREE,PEV fixo,Ativo,21/12/2024
2412005-002,2024,RN,SÃO GONÇALO DO AMARANTE,2412005,Green Eletron,PEV fixo,Ativo,06/01/2024
3550308-193,2024,SP,SÃO PAULO,3550308,ABREE,Campanha itinerante,Ativo,26/11/2021
3505203-009,2024,SP,Bariri,3505203,Green Eletron,Ponto de consolidação,Ativo,28/05/2023
3124906-000,2024,MG,Eugenópolis,3124906,ABREE,PEV fixo,Ativo,27/09/2023
4103370-000,2024,PR,Brasilândia do Sul,4103370,ABREE,PEV fixo,Ativo,10/01/2021
3304557-207,2024,RJ,RIO DE JANEIRO,3304557,Green Eletron,Ponto de consolidação,Ativo,22/10/2024
3201902-002,2024,ES,DOMINGOS MARTINS,3201902,Green Eletron,PEV fixo,Ativo,17/08/2022
4205407-046,2024,SC,FLORIANÓPOLIS,4205407,ABREE,PEV fixo,Ativo,05/07/2021
3530300-000,2024,SP,Mirassol,3530300,Green Eletron,PEV fixo,Ativo,21/01/2022
2918605-001,2024,BA,Jussiape,2918605,Sistema individual,Ponto de consolidação,Ativo,06/11/2023
3550308-038,2024,SP,SÃO PAULO,3550308,ABREE,PEV fixo,Ativo,09/01/2019
2516151-000,2024,PB,Sossêgo,2516151,Sistema individual,PEV fixo,Ativo,28/01/2021
2611606-094,2024,PE,Recife,2611606,ABREE,PEV fixo,Inativo,21/03/2024
2800605-000,2024,SE,Barra dos Coqueiros,2800605,ABREE,PEV fixo,Ativo,04/04/2024
2615102-006,2024,PE,  Terezinha ,2615102,Sistema individual,PEV fixo,Ativo,01/03/2022
4314902-014,2024,RS,PORTO ALEGRE,4314902,Sistema individual,PEV fixo,Ativo,20/03/2020
2611606-008,2024,PE,  Recife ,2611606,Sistema individual,PEV fixo,Ativo,07/06/2020
3106200-176,2024,MG,Belo Horizonte,3106200,ABREE,PEV fixo,Ativo,20/01/2022
4312302-000,2024,RS,Miraguai,4312302,ABREE,PEV fixo,Ativo,17/03/2023
2927408-032,2024,BA,Salvador,2927408,Green Eletron,PEV fixo,Ativo,04/11/2019
3304557-147,2024,RJ,RIO DE JANEIRO,3304557,Green Eletron,PEV fixo,Ativo,08/07/2022
2611606-029,2024,PE,Recife,,ABREE,PEV fixo,Ativo,06/08/2020
3102209-000,2024,MG,Alvarenga,3102209,ABREE,PEV fixo,Ativo,20/09/2022
3161205-000,2024,MG,Sao Francisco de Paula,3161205,ABREE,Ponto de consolidação,Ativo,22/12/2020
1100205-012,2024,RO,PORTO VELHO,1100205,Green Eletron,PEV fixo,Ativo,27/01/2023
2111300-086,2024,MA,  São Luís ,2111300,Green Eletron,Ponto de consolidação,Ativo,16/08/2022
3550308-261,2024,SP,São Paulo,3550308,Sistema individual,PEV fixo,Ativo,15/06/2022
3106200-037,2024,MG,Belo Horizonte,3106200,ABREE,PEV fixo,Ativo,08/02/2020
3304557-142,2024,RJ,Rio de Janeiro,3304557,Green Eletron,PEV fixo,Ativo,26/06/2022
2203800-000,2024,PI,  Flores do Piauí ,2203800,ABREE,PEV fixo,Ativo,21/06/2023
2928307-002,2024,BA,Santanópolis,2928307,Sistema individual,PEV fixo,Ativo,05/04/2024
3542305-000,2024,SP,Redencao da Serra,3542305,ABREE,PEV fixo,Ativo,28/07/2019
3517703-001,2024,SP,Guara,3517703,ABREE,PEV fixo,Ativo,01/05/2020
2932705-000,2024,BA,  Uruçuca ,2932705,Green Eletron,PEV fixo,Ativo,15/10/2022
3106200-142,2024,MG,Belo Horizonte,3106200,ABREE,PEV fixo,Ativo,15/03/2021
3500600-003,2024,SP,Águas de São Pedro,3500600,Green Eletron,PEV fixo,Ativo,28/09/2022
3552809-000,2024,SP,Taboão da Serra,3552809,Green Eletron,PEV fixo,Ativo,22/09/2022
3303302-013,2024,RJ,Niterói,3303302,ABREE,PEV fixo,Ativo,21/11/2023
3300308-003,2024,RJ,BARRA DO PIRAÍ,3300308,Sistema individual,PEV fixo,Ativo,26/10/2019
2921708-002,2024,BA,Morro do Chapeu,2921708,Sistema individual,PEV fixo,Ativo,16/12/2022
2413557-000,2024,RN,Serrinha dos Pintos,2413557,Green Eletron,PEV fixo,Ativo,08/02/2020
3300100-007,2024,RJ,Angra dos Reis,3300100,ABREE,PEV fixo,Ativo,05/02/2024
3527108-000,2024,SP,Lins,3527108,ABREE,PEV fixo,Ativo,18/11/2019
5214507-000,2024,GO,Nerópolis,5214507,ABREE,PEV fixo,Ativo,02/02/2020
2611606-093,2024,PE,Recife,2611606,ABREE,Campanha itinerante,Ativo,06/08/2023
2922755-000,2024,BA,Nova Ibiá,2922755,Green Eletron,Campanha itinerante,Ativo,19/05/2022
3106200-311,2024,MG,  Belo Horizonte ,3106200,Green Eletron,PEV fixo,Ativo,24/05/2024
2513000-001,2024,PB,Salgadinho,2513000,Green Eletron,PEV fixo,Ativo,03/08/2022
2927408-058,2024,BA,Salvador,2927408,Green Eletron,PEV fixo,Ativo,18/02/2020
3304557-022,2024,RJ,Rio de Janeiro,3304557,ABREE,Ponto de consolidação,Ativo,17/07/2020
1301951-006,2024,AM,Itamarati,,ABREE,PEV fixo,Ativo,10/03/2024
3304557-151,2024,RJ,RIO DE JANEIRO,3304557,ABREE,Campanha itinerante,Ativo,17/02/2022
3304557-079,2024,RJ,RIO DE JANEIRO,3304557,Green Eletron,PEV fixo,Ativo,25/01/2021
2916203-000,2024,BA,ITAPÉ,2916203,Green Eletron,PEV fixo,Ativo,22/01/2020
2207850-003,2024,PI,PAVUSSU,2207850,ABREE,PEV fixo,Ativo,04/09/2024
3301108-007,2024,RJ,Cantagalo,3301108,Green Eletron,Ponto de consolidação,Ativo,09/02/2020
3515004-001,2024,SP,Embu das Artes,3515004,Sistema individual,Campanha itinerante,Ativo,17/05/2023
4314902-007,2024,RS,Porto Alegre,4314902,ABREE,PEV fixo,Ativo,15/04/2020
5221908-000,2024,GO,Varjão,5221908,ABREE,PEV fixo,Ativo,10/09/2021
3106200-044,2024,MG,Belo Horizonte,3106200,Green Eletron,PEV fixo,Ativo,13/07/2020
2905701-000,2024,BA,CAMAÇARI,2905701,ABREE,PEV fixo,Ativo,27/01/2023
3532900-014,2024,SP,NOVA EUROPA,3532900,ABREE,PEV fixo,Ativo,26/06/2021
2606408-000,2024,PE,GRAVATÁ,2606408,ABREE,PEV fixo,Ativo,04/09/2021
3203353-000,2024,ES,Marilândia,3203353,Green Eletron,Ponto de consolidação,Ativo,20/02/2024
3136009-000,2024,MG,Joaíma,3136009,ABREE,PEV fixo,Ativo,09/03/2021
2900207-000,2024,BA,ABARÉ,2900207,Green Eletron,PEV fixo,Ativo,19/08/2022
3304557-074,2024,RJ,Rio de Janeiro,3304557,ABREE,Ponto de consolidação,Ativo,09/03/2021
3542602-004,2024,SP,  Registro ,3542602,Green Eletron,PEV fixo,Ativo,18/05/2021
2304400-032,2024,CE,Fortaleza,2304400,Green Eletron,PEV fixo,Ativo,07/06/2020
3304557-197,2024,RJ,Rio de Janeiro,3304557,ABREE,Ponto de consolidação,Ativo,20/09/2023
2311355-000,2024,CE,  Quixelô ,2311355,Sistema individual,PEV fixo,Ativo,16/08/2022
3514403-001,2024,SP,DRACENA,3514403,Green Eletron,PEV fixo,Ativo,12/02/2022
2510402-000,2024,PB,OLHO D'ÁGUA,2510402,ABREE,PEV fixo,Ativo,02/04/2019
5208707-016,2024,GO,Goiania,5208707,ABREE,PEV fixo,Ativo,27/04/2021
1302702-000,2024,AM,Manicoré,1302702,ABREE,PEV fixo,Ativo,20/08/2022
4314902-039,2024,RS,  Porto Alegre ,4314902,Green Eletron,PEV fixo,Ativo,03/10/2020
2305654-000,2024,CE,Ipaporanga,2305654,Green Eletron,PEV fixo,Ativo,04/05/2020
3304557-090,2024,RJ,Rio de Janeiro,3304557,ABREE,PEV fixo,Ativo,09/11/2021
4314902-057,2024,RS,PORTO ALEGRE,4314902,Green Eletron,PEV fixo,Ativo,23/02/2021
3520442-000,2024,SP,ILHA SOLTEIRA,3520442,Green Eletron,PEV fixo,Ativo,21/08/2022
3123528-008,2024,MG,DURANDÉ,3123528,Green Eletron,PEV fixo,Ativo,01/01/2024
3300951-002,2024,RJ,Comendador Levy Gasparian,3300951,ABREE,Campanha itinerante,Ativo,06/02/2020
4220000-002,2024,SC,  Balneário Rincão ,4220000,ABREE,PEV fixo,Ativo,09/05/2022
1304260-003,2024,AM,Uarini,1304260,Green Eletron,PEV fixo,Ativo,01/10/2022
2304400-096,2024,CE,Fortaleza,2304400,ABREE,PEV fixo,Ativo,17/07/2023
4217204-000,2024,SC,São Miguel do Oeste,4217204,ABREE,PEV fixo,Ativo,15/02/2023
1717503-000,2024,TO,Pium,1717503,ABREE,PEV fixo,Ativo,11/05/2019
3304557-162,2024,RJ,Rio de Janeiro,3304557,Green Eletron,PEV fixo,Ativo,01/09/2023
5219100-000,2024,GO,  Santa Bárbara de Goiás ,5219100,ABREE,PEV fixo,Ativo,12/02/2022
2500734-000,2024,PB,AMPARO,2500734,Green Eletron,PEV fixo,Ativo,08/04/2023
3551306-000,2024,SP,SEBASTIANÓPOLIS DO SUL,3551306,ABREE,Campanha itinerante,Ativo,11/10/2019
2206753-000,2024,PI,Nossa Senhora de Nazare,2206753,Green Eletron,PEV fixo,Ativo,05/09/2023
2919900-000,2024,BA,Macururé,2919900,ABREE,PEV fixo,Ativo,21/05/2020
3302858-002,2024,RJ,Mesquita,3302858,ABREE,PEV fixo,Ativo,14/07/2022
2804904-000,2024,SE,Pacatuba,2804904,ABREE,PEV fixo,Ativo,21/03/2020
2602902-005,2024,PE,CABO DE SANTO AGOSTINHO,2602902,Green Eletron,PEV fixo,Ativo,13/05/2021
3512001-002,2024,SP,Colina,3512001,ABREE,PEV fixo,Ativo,16/11/2022
2611606-038,2024,PE,Recife,2611606,Green Eletron,PEV fixo,Ativo,13/05/2021
1100205-000,2024,RO,Porto Velho,,Green Eletron,PEV fixo,Ativo,01/12/2020
5106281-000,2024,MT,NOVO SÃO JOAQUIM,5106281,ABREE,PEV fixo,Ativo,09/03/2022
1717206-000,2024,TO,Piraquê,1717206,ABREE,PEV fixo,Ativo,27/11/2019
2304400-021,2024,CE,Fortaleza,2304400,ABREE,PEV fixo,Ativo,06/06/2019
2927408-027,2024,BA,SALVADOR,2927408,ABREE,PEV fixo,Ativo,09/01/2019
1507151-005,2024,PA,SÃO DOMINGOS DO ARAGUAIA,1507151,Green Eletron,PEV fixo,Ativo,26/02/2022
3304557-118,2024,RJ,Rio de Janeiro,3304557,ABREE,Campanha itinerante,Ativo,18/01/2022
3158102-000,2024,MG,  Santa Maria do Salto ,3158102,ABREE,PEV fixo,Ativo,06/08/2021
3106200-236,2024,MG,Belo Horizonte,3106200,Green Eletron,Campanha itinerante,Ativo,24/08/2023
3106200-020,2024,MG,Belo Horizonte,3106200,ABREE,PEV fixo,Ativo,26/09/2020
4116307-000,2024,PR,  Munhoz de Melo ,4116307,Green Eletron,PEV fixo,Ativo,03/07/2019
5202601-000,2024,GO,Aurilândia,5202601,Green Eletron,PEV fixo,Ativo,19/01/2019
2804458-000,2024,SE,NOSSA SENHORA APARECIDA,2804458,Green Eletron,PEV fixo,Ativo,28/11/2019
3203320-000,2024,ES,Marataizes,3203320,ABREE,PEV fixo,Ativo,24/05/2024
2105922-000,2024,MA,  Lagoa do Mato ,2105922,Green Eletron,Ponto de consolidação,Ativo,16/05/2019
3506904-006,2024,SP,Bofete,3506904,ABREE,PEV fixo,Ativo,08/03/2024
3536208-001,2024,SP,Pariquera-Açu,3536208,ABREE,PEV fixo,Ativo,07/02/2024
4106902-038,2024,PR,CURITIBA,4106902,ABREE,PEV fixo,Ativo,07/04/2021
1705102-000,2024,TO,  Chapada da Natividade ,1705102,ABREE,Campanha itinerante,Ativo,25/07/2019
2918308-000,2024,BA,Jitaúna,2918308,ABREE,PEV fixo,Ativo,06/07/2021
3546009-007,2024,SP,Santa Branca,3546009,ABREE,PEV fixo,Ativo,09/01/2022
2906709-000,2024,BA,Cândido Sales,2906709,Green Eletron,PEV fixo,Ativo,05/03/2020
2304251-007,2024,CE,Cruz,2304251,ABREE,PEV fixo,Ativo,24/05/2021
4205407-032,2024,SC,Florianópolis,4205407,Green Eletron,PEV fixo,Ativo,23/11/2020
4218004-000,2024,SC,TIJUCAS,4218004,ABREE,PEV fixo,Ativo,23/11/2021
3105608-000,2024,MG,Barbacena,3105608,ABREE,PEV fixo,Ativo,21/01/2021
5105903-000,2024,MT,Nobres,5105903,ABREE,PEV fixo,Ativo,03/02/2021
3106200-027,2024,MG,BELO HORIZONTE,3106200,ABREE,PEV fixo,Ativo,06/01/2020
2303303-000,2024,CE,  Cariús ,2303303,ABREE,Ponto de consolidação,Ativo,28/03/2019
2209500-000,2024,PI,Santo Inácio do Piauí,2209500,ABREE,PEV fixo,Ativo,12/02/2020
2913507-000,2024,BA,Iguaí,2913507,Green Eletron,PEV fixo,Ativo,21/05/2019
2108207-000,2024,MA,PEDREIRAS,2108207,ABREE,PEV fixo,Ativo,16/10/2024
2611606-002,2024,PE,Recife,2611606,Green Eletron,PEV fixo,Ativo,11/02/2020
3103900-000,2024,MG,Araújos,3103900,ABREE,PEV fixo,Ativo,02/10/2019
3547908-000,2024,SP,SANTO ANTÔNIO DA ALEGRIA,3547908,ABREE,PEV fixo,Ativo,20/04/2020
2111300-040,2024,MA,São Luís,2111300,ABREE,PEV fixo,Ativo,20/12/2020
4320453-000,2024,RS,  Sério ,4320453,Green Eletron,Ponto de consolidação,Ativo,25/09/2019
3512001-002,2024,SP,Colina,3512001,ABREE,PEV fixo,Ativo,16/11/2022
3550308-329,2024,SP,SÃO PAULO,3550308,ABREE,PEV fixo,Ativo,26/08/2023
5300108-047,2024,DF,Brasília,5300108,Green Eletron,PEV fixo,Ativo,03/11/2020
3304557-158,2024,RJ,Rio de Janeiro,3304557,ABREE,PEV fixo,Ativo,09/02/2023
3301876-000,2024,RJ,IGUABA GRANDE,3301876,ABREE,PEV fixo,Inativo,04/02/2020
3550308-048,2024,SP,São Paulo,3550308,ABREE,PEV fixo,Ativo,01/07/2019
4314902-052,2024,RS,Porto Alegre,4314902,ABREE,PEV fixo,Ativo,18/09/2020
5200308-001,2024,GO,Alexânia,5200308,Green Eletron,PEV fixo,Ativo,03/07/2022
2602605-000,2024,PE,BREJO DA MADRE DE DEUS,2602605,ABREE,Ponto de consolidação,Ativo,06/09/2021
3539400-003,2024,SP,Piratininga,3539400,Green Eletron,PEV fixo,Ativo,18/12/2024
3550308-352,2024,SP,Sao Paulo,3550308,ABREE,Ponto de consolidação,Ativo,01/06/2023
2701803-000,2024,AL,Carneiros,2701803,ABREE,PEV fixo,Ativo,28/12/2019
4112959-001,2024,PR,Juranda,4112959,Green Eletron,PEV fixo,Ativo,06/06/2023
4310207-010,2024,RS,Ijuí,4310207,ABREE,PEV fixo,Ativo,20/09/2022
2515708-000,2024,PB,Serra Grande,2515708,Sistema individual,PEV fixo,Ativo,01/01/2022
2704302-000,2024,AL,Maceió,2704302,ABREE,PEV fixo,Ativo,26/03/2020
4211009-000,2024,SC,MONDAÍ,4211009,ABREE,PEV fixo,Ativo,26/05/2022
1702554-000,2024,TO,Augustinópolis,1702554,Green Eletron,Ponto de consolidação,Ativo,12/06/2024
3306156-000,2024,RJ,Varre-Sai,3306156,Green Eletron,PEV fixo,Ativo,25/10/2023
3302106-009,2024,RJ,ITAOCARA,3302106,Green Eletron,PEV fixo,Ativo,03/06/2024
3128105-000,2024,MG,Guapé,3128105,Green Eletron,Ponto de consolidação,Ativo,02/07/2019
3160702-000,2024,MG,SANTOS DUMONT,3160702,ABREE,Campanha itinerante,Ativo,15/06/2019
2909109-000,2024,BA,Coribe,2909109,ABREE,Ponto de consolidação,Ativo,12/10/2023
3142007-000,2024,MG,  Mirabela ,3142007,Green Eletron,PEV fixo,Ativo,17/04/2019
1302603-012,2024,AM,Manaus,1302603,ABREE,PEV fixo,Ativo,08/06/2023
4106902-087,2024,PR,Curitiba,4106902,Green Eletron,PEV fixo,Ativo,02/12/2024
4119608-000,2024,PR,PITANGA,4119608,ABREE,PEV fixo,Ativo,15/09/2019
2111300-029,2024,MA,Sao Luis,2111300,ABREE,PEV fixo,Ativo,23/03/2019
1721109-000,2024,TO,TOCANTÍNIA,1721109,ABREE,PEV fixo,Ativo,19/07/2023
3543204-003,2024,SP,RIBEIRÃO DO SUL,3543204,Green Eletron,PEV fixo,Ativo,19/05/2024
2210375-000,2024,PI,São Luis do Piauí,2210375,ABREE,PEV fixo,Ativo,20/01/2022
3543204-001,2024,SP,Ribeirao do Sul,3543204,Green Eletron,PEV fixo,Ativo,04/07/2022
3550308-292,2024,SP,SÃO PAULO,3550308,Sistema individual,PEV fixo,Ativo,14/06/2022
4211876-001,2024,SC,PAIAL,4211876,Green Eletron,PEV fixo,Ativo,02/06/2021
3551900-003,2024,SP,Severínia,3551900,ABREE,PEV fixo,Ativo,18/05/2023
4106902-067,2024,PR,CURITIBA,4106902,ABREE,Campanha itinerante,Ativo,16/10/2023
3304557-216,2024,RJ,RIO DE JANEIRO,3304557,Sistema individual,Campanha itinerante,Ativo,21/03/2024
3550308-209,2024,SP,São Paulo,3550308,ABREE,PEV fixo,Ativo,23/09/2021
4107900-000,2024,PR,Floresta,4107900,ABREE,PEV fixo,Ativo,04/11/2022
2918902-000,2024,BA,Lajedão,2918902,Sistema individual,Campanha itinerante,Ativo,06/09/2023
1600501-000,2024,AP,Oiapoque,1600501,Green Eletron,PEV fixo,Ativo,05/09/2020
3302106-004,2024,RJ,  Itaocara ,3302106,Green Eletron,PEV fixo,Ativo,05/11/2021
4314902-025,2024,RS,Porto Alegre,4314902,Sistema individual,PEV fixo,Ativo,22/02/2020
3532843-000,2024,SP,Nova Canaa Paulista,3532843,ABREE,PEV fixo,Ativo,20/09/2020
4205308-000,2024,SC,Faxinal dos Guedes,4205308,Green Eletron,Campanha itinerante,Ativo,20/05/2021
2611606-097,2024,PE,Recife,2611606,Green Eletron,PEV fixo,Ativo,10/03/2024
3522703-006,2024,SP,Itápolis,3522703,Green Eletron,PEV fixo,Ativo,09/02/2024
2104073-000,2024,MA,FEIRA NOVA DO MARANHÃO,2104073,ABREE,PEV fixo,Ativo,28/03/2021
4114203-001,2024,PR,Mandaguari,4114203,Green Eletron,PEV fixo,Ativo,07/04/2023
3531506-000,2024,SP,Monte Azul Paulista,3531506,ABREE,PEV fixo,Ativo,02/06/2023
2613909-000,2024,PE,Serra Talhada,2613909,Green Eletron,PEV fixo,Ativo,23/02/2023
3550308-001,2024,SP,SÃO PAULO,3550308,ABREE,PEV fixo,Ativo,17/12/2019
2201200-000,2024,PI,BARRAS,2201200,Green Eletron,PEV fixo,Ativo,12/07/2021
3127339-001,2024,MG,Gameleiras,3127339,Green Eletron,Campanha itinerante,Ativo,06/10/2021
4109500-000,2024,PR,Guaraqueçaba,4109500,ABREE,PEV fixo,Ativo,07/01/2023
3543204-002,2024,SP,RIBEIRÃO DO SUL,3543204,ABREE,PEV fixo,Ativo,09/05/2023
3304557-093,2024,RJ,Rio de Janeiro,3304557,Green Eletron,PEV fixo,Ativo,07/12/2021
3106200-199,2024,MG,BELO HORIZONTE,3106200,Green Eletron,PEV fixo,Ativo,01/08/2022
3114600-001,2024,MG,Carrancas,3114600,Green Eletron,Campanha itinerante,Ativo,22/12/2023
2918605-000,2024,BA,Jussiape,2918605,Green Eletron,PEV fixo,Ativo,16/08/2022
3301108-021,2024,RJ,Cantagalo,3301108,ABREE,PEV fixo,Ativo,12/07/2022
4305871-000,2024,RS,Coronel Barros,4305871,Green Eletron,PEV fixo,Ativo,06/03/2023
2112704-000,2024,MA,Vargem Grande,2112704,Green Eletron,PEV fixo,Ativo,18/04/2019
4314902-118,2024,RS,Porto Alegre,4314902,Green Eletron,Ponto de consolidação,Ativo,21/12/2022
2805901-000,2024,SE,Riachuelo,2805901,ABREE,PEV fixo,Inativo,24/12/2021
2303956-000,2024,CE,Chorozinho,2303956,Green Eletron,PEV fixo,Ativo,27/11/2021
1400175-000,2024,RR,CANTÁ,1400175,ABREE,PEV fixo,Ativo,11/05/2022
3525201-000,2024,SP,  Jarinu ,3525201,ABREE,PEV fixo,Ativo,04/02/2020
4106902-079,2024,PR,Curitiba,4106902,ABREE,PEV fixo,Ativo,22/01/2023
3301405-011,2024,RJ,CONCEIÇÃO DE MACABU,3301405,Sistema individual,PEV fixo,Ativo,12/10/2023
3106200-091,2024,MG,Belo Horizonte,3106200,ABREE,PEV fixo,Ativo,21/12/2020
3106200-270,2024,MG,Belo Horizonte,3106200,Green Eletron,PEV fixo,Ativo,12/09/2023
2927408-121,2024,BA,Salvador,2927408,ABREE,PEV fixo,Ativo,12/05/2022
2111300-025,2024,MA,São Luís,2111300,Green Eletron,PEV fixo,Ativo,19/06/2019
3159209-000,2024,MG,Santa Rita de Caldas,3159209,Green Eletron,PEV fixo,Ativo,14/12/2020
4211900-000,2024,SC,Palhoça,4211900,Sistema individual,PEV fixo,Ativo,26/05/2024
3128907-000,2024,MG,Guimarânia,3128907,ABREE,PEV fixo,Ativo,26/04/2023
3550308-056,2024,SP,SÃO PAULO,3550308,ABREE,PEV fixo,Ativo,16/09/2019
3106200-133,2024,MG,Belo Horizonte,3106200,ABREE,PEV fixo,Ativo,26/04/2021
4113809-000,2024,PR,Lupionopolis,4113809,ABREE,PEV fixo,Ativo,13/03/2024
2407203-000,2024,RN,Macau,2407203,ABREE,PEV fixo,Ativo,23/10/2019
3202553-000,2024,ES,Ibitirama,3202553,Green Eletron,PEV fixo,Ativo,20/05/2021
3550308-000,2024,SP,São Paulo,3550308,ABREE,PEV fixo,Ativo,24/09/2019
3524402-004,2024,SP,Jacareí,3524402,Green Eletron,PEV fixo,Ativo,13/08/2023
4317806-000,2024,RS,Santo Augusto,4317806,ABREE,PEV fixo,Ativo,01/05/2020
3300258-002,2024,RJ,Arraial do Cabo,3300258,Sistema individual,Ponto de consolidação,Ativo,01/09/2021
2304400-033,2024,CE,  Fortaleza ,2304400,Green Eletron,PEV fixo,Ativo,16/04/2020
2111300-060,2024,MA,São Luís,2111300,ABREE,PEV fixo,Ativo,06/06/2021
3510302-000,2024,SP,Capela do Alto,3510302,ABREE,PEV fixo,Ativo,25/07/2021
2309904-005,2024,CE,Pacujá,2309904,ABREE,Ponto de consolidação,Ativo,02/08/2022
2804102-000,2024,SE,Moita Bonita,2804102,Green Eletron,Campanha itinerante,Ativo,17/09/2022
3301504-000,2024,RJ,CORDEIRO,3301504,Green Eletron,PEV fixo,Ativo,06/02/2019
4314902-153,2024,RS,  Porto Alegre ,4314902,ABREE,PEV fixo,Ativo,21/03/2023
3555109-010,2024,SP,Tupi Paulista,3555109,ABREE,PEV fixo,Ativo,07/01/2022
3109402-000,2024,MG,Buritizeiro,3109402,ABREE,PEV fixo,Ativo,27/01/2024
3168705-000,2024,MG,TIMÓTEO,3168705,ABREE,Campanha itinerante,Ativo,14/03/2020
3167509-000,2024,MG,Simão Pereira,,Sistema individual,PEV fixo,Ativo,14/04/2021
3305133-000,2024,RJ,São José de Ubá,3305133,Green Eletron,PEV fixo,Ativo,18/06/2023
3302106-005,2024,RJ,Itaocara,3302106,ABREE,Campanha itinerante,Ativo,17/05/2022
3530508-000,2024,SP,MOCOCA,3530508,Sistema individual,PEV fixo,Ativo,19/09/2024
2410405-000,2024,RN,Pureza,2410405,Sistema individual,PEV fixo,Ativo,05/08/2020
3102100-000,2024,MG,Alto Rio Doce,3102100,ABREE,PEV fixo,Ativo,17/07/2022
5105309-000,2024,MT,Luciara,5105309,Green Eletron,PEV fixo,Ativo,14/01/2022
2202251-000,2024,PI,Canavieira,2202251,Green Eletron,PEV fixo,Ativo,24/12/2024
3550308-141,2024,SP,São Paulo,3550308,Sistema individual,PEV fixo,Ativo,09/11/2020
5205497-000,2024,GO,Cidade Ocidental,5205497,ABREE,PEV fixo,Ativo,21/01/2019
3108909-000,2024,MG,Brazopolis,3108909,ABREE,PEV fixo,Ativo,12/10/2019
4314902-090,2024,RS,Porto Alegre,4314902,Green Eletron,PEV fixo,Ativo,13/10/2022
3135100-000,2024,MG,Janaúba,,Green Eletron,PEV fixo,Ativo,21/02/2020
4319604-000,2024,RS,São Sepé,4319604,Green Eletron,Ponto de consolidação,Ativo,15/09/2021
4106902-064,2024,PR,Curitiba,4106902,Green Eletron,Ponto de consolidação,Ativo,11/09/2022
3520442-002,2024,SP,Ilha Solteira,3520442,ABREE,PEV fixo,Ativo,04/03/2023
2602902-002,2024,PE,Cabo de Santo Agostinho,2602902,Green Eletron,PEV fixo,Ativo,27/06/2019
3552502-000,2024,SP,Suzano,3552502,Sistema individual,PEV fixo,Ativo,04/10/2021
4210704-000,2024,SC,MATOS COSTA,4210704,ABREE,PEV fixo,Ativo,08/10/2024
2311231-001,2024,CE,Potiretama,2311231,ABREE,PEV fixo,Ativo,13/09/2024
2611606-085,2024,PE,RECIFE,2611606,Sistema individual,Campanha itinerante,Inativo,06/10/2023
4307559-000,2024,RS,Estação,4307559,ABREE,PEV fixo,Ativo,02/05/2020
3202454-005,2024,ES,Ibatiba,3202454,Green Eletron,PEV fixo,Ativo,08/01/2024
2309904-002,2024,CE,Pacujá,2309904,ABREE,PEV fixo,Ativo,04/10/2020
3532306-003,2024,SP,NATIVIDADE DA SERRA,3532306,Green Eletron,PEV fixo,Ativo,23/09/2020
4119400-000,2024,PR,PIRAÍ DO SUL,4119400,ABREE,PEV fixo,Ativo,18/07/2019
2922904-000,2024,BA,Nova Soure,2922904,Green Eletron,PEV fixo,Ativo,09/12/2024
2914208-001,2024,BA,Irajuba,2914208,ABREE,PEV fixo,Ativo,06/07/2022
2916906-000,2024,BA,Itirucu,2916906,Green Eletron,PEV fixo,Ativo,24/04/2023
2202000-000,2024,PI,BURITI DOS LOPES,2202000,ABREE,PEV fixo,Ativo,14/04/2021
2304400-073,2024,CE,FORTALEZA,,Green Eletron,PEV fixo,Ativo,19/05/2022
5210802-000,2024,GO,ITAJÁ,5210802,ABREE,PEV fixo,Ativo,09/03/2022
3549706-005,2024,SP,Sao Jose do Rio Pardo,3549706,ABREE,PEV fixo,Ativo,12/01/2023
4307807-001,2024,RS,Estrela,4307807,Green Eletron,PEV fixo,Ativo,21/02/2024
1703701-000,2024,TO,Brejinho de Nazaré,1703701,Green Eletron,PEV fixo,Ativo,07/12/2020
2514008-000,2024,PB,São João do Cariri,2514008,ABREE,Campanha itinerante,Ativo,28/08/2020
3532306-011,2024,SP,Natividade da Serra,3532306,Green Eletron,Campanha itinerante,Ativo,19/10/2023
2411106-000,2024,RN,Ruy Barbosa,2411106,Sistema individual,Ponto de consolidação,Ativo,06/10/2023
2703304-000,2024,AL,INHAPI,2703304,ABREE,PEV fixo,Ativo,05/02/2022
3106200-037,2024,MG,Belo Horizonte,3106200,ABREE,PEV fixo,Ativo,08/02/2020
2601052-000,2024,PE,Araçoiaba,2601052,ABREE,PEV fixo,Ativo,28/07/2020
4115358-000,2024,PR,  Maripá ,4115358,Green Eletron,PEV fixo,Ativo,12/09/2022
3202405-000,2024,ES,Guarapari,3202405,Green Eletron,PEV fixo,Ativo,13/04/2020
3150539-000,2024,MG,Pingo-d'Agua,3150539,Green Eletron,Campanha itinerante,Ativo,08/08/2019
3106200-048,2024,MG,Belo Horizonte,3106200,Green Eletron,Campanha itinerante,Ativo,18/03/2020
3304557-127,2024,RJ,Rio de Janeiro,3304557,Green Eletron,PEV fixo,Ativo,11/10/2022
5300108-000,2024,DF,BRASÍLIA,5300108,ABREE,PEV fixo,Ativo,20/03/2019
2405504-000,2024,RN,Jardim de Angicos,2405504,Sistema individual,Ponto de consolidação,Ativo,01/02/2024
1507151-004,2024,PA,São Domingos do Araguaia,1507151,Green Eletron,PEV fixo,Ativo,15/08/2021
2412401-000,2024,RN,São José do Seridó,2412401,ABREE,PEV fixo,Ativo,11/04/2019
1502707-000,2024,PA,Conceicao do Araguaia,1502707,ABREE,PEV fixo,Ativo,20/02/2019
3106200-061,2024,MG,Belo Horizonte,3106200,Sistema individual,PEV fixo,Ativo,06/09/2020
1713700-000,2024,TO,Monte Santo do Tocantins,1713700,Green Eletron,PEV fixo,Ativo,21/07/2020
5005152-000,2024,MS,Juti,5005152,Green Eletron,PEV fixo,Ativo,03/10/2019
1302603-000,2024,AM,Manaus,1302603,ABREE,Campanha itinerante,Ativo,01/11/2019
2103000-000,2024,MA,Caxias,2103000,ABREE,PEV fixo,Ativo,13/12/2020
2511004-000,2024,PB,Pedra Branca,2511004,Green Eletron,PEV fixo,Ativo,05/07/2019
4314902-002,2024,RS,Porto Alegre,4314902,Green Eletron,PEV fixo,Ativo,03/12/2020
4206207-000,2024,SC,Gravatal,4206207,ABREE,PEV fixo,Ativo,12/07/2023
3160009-000,2024,MG,Santo Antônio do Aventureiro,3160009,ABREE,PEV fixo,Ativo,23/06/2022
2802403-000,2024,SE,GARARU,2802403,Green Eletron,PEV fixo,Ativo,20/10/2020
3550308-165,2024,SP,São Paulo,3550308,ABREE,PEV fixo,Ativo,28/03/2020
3550308-155,2024,SP,SÃO PAULO,3550308,ABREE,Campanha itinerante,Ativo,12/09/2020
2806305-000,2024,SE,Santa Luzia do Itanhy,2806305,Green Eletron,PEV fixo,Ativo,18/06/2020
2613701-000,2024,PE,Sao Lourenco da Mata,2613701,ABREE,PEV fixo,Ativo,07/12/2022
2504157-000,2024,PB,Casserengue,2504157,Green Eletron,PEV fixo,Ativo,20/06/2021
2616183-010,2024,PE,Vertente do Lério,2616183,Green Eletron,PEV fixo,Ativo,17/12/2022
1504208-005,2024,PA,  Marabá ,1504208,Green Eletron,Campanha itinerante,Ativo,05/12/2022
3530409-000,2024,SP,Mirassolândia,3530409,ABREE,PEV fixo,Ativo,18/09/2022
1501402-021,2024,PA,Belém,1501402,Green Eletron,PEV fixo,Ativo,17/07/2022
1302553-000,2024,AM,Manaquiri,1302553,ABREE,PEV fixo,Ativo,14/07/2020
1508001-000,2024,PA,TOMÉ-AÇU,1508001,Green Eletron,PEV fixo,Ativo,21/10/2022
3110608-000,2024,MG,Cambuí,3110608,Green Eletron,PEV fixo,Ativo,13/08/2022
1302801-000,2024,AM,MARAÃ,1302801,ABREE,PEV fixo,Ativo,17/12/2020
3304557-184,2024,RJ,RIO DE JANEIRO,3304557,Green Eletron,PEV fixo,Ativo,23/07/2023
2610301-000,2024,PE,Paranatama,2610301,ABREE,PEV fixo,Ativo,09/03/2020
3106200-247,2024,MG,Belo Horizonte,3106200,ABREE,PEV fixo,Ativo,23/09/2023
3303856-000,2024,RJ,Paty do Alferes,3303856,ABREE,Campanha itinerante,Ativo,11/09/2021
3532009-010,2024,SP,Morungaba,3532009,ABREE,PEV fixo,Ativo,02/08/2021
2611606-068,2024,PE,RECIFE,2611606,ABREE,PEV fixo,Ativo,18/05/2022
3304557-061,2024,RJ,  Rio de Janeiro ,3304557,Sistema individual,PEV fixo,Ativo,15/03/2020
4314902-147,2024,RS,Porto Alegre,4314902,ABREE,PEV fixo,Ativo,02/06/2023
4315149-000,2024,RS,Presidente Lucena,4315149,ABREE,PEV fixo,Ativo,01/09/2019
2800308-016,2024,SE,  Aracaju ,2800308,ABREE,PEV fixo,Ativo,09/12/2021
2304400-007,2024,CE,Fortaleza,2304400,Green Eletron,PEV fixo,Ativo,16/11/2019
5300108-087,2024,DF,BRASÍLIA,5300108,Green Eletron,PEV fixo,Ativo,02/08/2022
2206720-000,2024,PI,Nazaria,2206720,Green Eletron,PEV fixo,Ativo,15/06/2022
4308201-000,2024,RS,Flores da Cunha,4308201,ABREE,PEV fixo,Ativo,22/03/2021
4201406-000,2024,SC,Araranguá,4201406,Green Eletron,PEV fixo,Ativo,23/11/2023
3532306-008,2024,SP,Natividade da Serra,3532306,ABREE,PEV fixo,Ativo,04/05/2022
1400605-000,2024,RR,SÃO LUIZ,1400605,ABREE,PEV fixo,Ativo,28/10/2022
5101837-000,2024,MT,Boa Esperança do Norte,5101837,ABREE,PEV fixo,Ativo,24/11/2023
3146255-000,2024,MG,Padre Carvalho,3146255,ABREE,PEV fixo,Ativo,14/09/2024
3530201-000,2024,SP,Mirante do Paranapanema,3530201,ABREE,PEV fixo,Ativo,08/12/2020
5201603-000,2024,GO,ARAÇU,5201603,Green Eletron,PEV fixo,Ativo,26/02/2024
2927408-108,2024,BA,Salvador,2927408,Green Eletron,PEV fixo,Ativo,25/06/2022
2504405-000,2024,PB,  Conceição ,2504405,ABREE,PEV fixo,Ativo,07/04/2022
3532900-000,2024,SP,  Nova Europa ,3532900,ABREE,PEV fixo,Ativo,18/03/2019
3205002-000,2024,ES,Serra,3205002,Sistema individual,Ponto de consolidação,Ativo,12/08/2023
2104628-000,2024,MA,Governador Luiz Rocha,2104628,Sistema individual,PEV fixo,Ativo,09/12/2021
2920502-004,2024,BA,Maracás,2920502,Green Eletron,PEV fixo,Ativo,18/09/2023
3106200-205,2024,MG,Belo Horizonte,3106200,Sistema individual,PEV fixo,Ativo,08/07/2022
4317251-000,2024,RS,Santa Tereza,4317251,ABREE,PEV fixo,Ativo,06/04/2023
3148400-000,2024,MG,Paulistas,3148400,ABREE,PEV fixo,Ativo,09/01/2022
4315800-001,2024,RS,Roca Sales,4315800,ABREE,PEV fixo,Ativo,25/08/2022
3106200-058,2024,MG,  Belo Horizonte ,3106200,ABREE,PEV fixo,Ativo,17/04/2020
3134400-000,2024,MG,ITURAMA,3134400,Green Eletron,Ponto de consolidação,Ativo,24/11/2023
4305504-000,2024,RS,Ciríaco,4305504,ABREE,PEV fixo,Ativo,19/09/2023
3556354-000,2024,SP,Vargem,3556354,ABREE,PEV fixo,Ativo,22/01/2020
3205309-022,2024,ES,VITÓRIA,3205309,ABREE,Ponto de consolidação,Ativo,03/10/2023
4106902-091,2024,PR,Curitiba,4106902,ABREE,PEV fixo,Ativo,15/07/2024
3304557-004,2024,RJ,RIO DE JANEIRO,3304557,Sistema individual,PEV fixo,Ativo,07/05/2020
5300108-057,2024,DF,BRASÍLIA,5300108,ABREE,PEV fixo,Ativo,14/02/2021
1501402-035,2024,PA,Belem,1501402,Green Eletron,PEV fixo,Ativo,03/05/2024
4201273-000,2024,SC,Arabutã,4201273,ABREE,PEV fixo,Ativo,28/05/2021
2921609-000,2024,BA,MORPARÁ,2921609,ABREE,PEV fixo,Ativo,14/03/2022
3512001-006,2024,SP,COLINA,3512001,ABREE,PEV fixo,Ativo,13/03/2024
3129301-000,2024,MG,IAPU,3129301,ABREE,PEV fixo,Ativo,10/03/2022
2705606-000,2024,AL,Novo Lino,2705606,Sistema individual,Ponto de consolidação,Ativo,26/06/2024
3135605-001,2024,MG,Jequitaí,3135605,ABREE,PEV fixo,Ativo,06/12/2023
3304557-193,2024,RJ,RIO DE JANEIRO,3304557,ABREE,PEV fixo,Ativo,14/08/2023
3153004-000,2024,MG,Pratinha,3153004,ABREE,PEV fixo,Ativo,05/01/2022
2616183-005,2024,PE,Vertente do Lério,2616183,Green Eletron,PEV fixo,Ativo,19/08/2020
3106200-308,2024,MG,Belo Horizonte,3106200,ABREE,PEV fixo,Ativo,27/03/2024
4314902-101,2024,RS,Porto Alegre,4314902,ABREE,PEV fixo,Ativo,01/10/2022
5300108-003,2024,DF,  Brasília ,5300108,ABREE,PEV fixo,Ativo,15/12/2019
2605806-008,2024,PE,Frei Miguelinho,2605806,Green Eletron,PEV fixo,Ativo,15/09/2023
2931053-000,2024,BA,Tanque Novo,2931053,ABREE,PEV fixo,Ativo,25/11/2023
2504702-000,2024,PB,Congo,2504702,Green Eletron,PEV fixo,Ativo,17/04/2021
3538600-000,2024,SP,Piracaia,3538600,Green Eletron,PEV fixo,Ativo,24/01/2024
2922409-000,2024,BA,Mutuípe,2922409,Green Eletron,PEV fixo,Ativo,06/02/2024
3106200-232,2024,MG,Belo Horizonte,3106200,Sistema individual,PEV fixo,Ativo,05/03/2023
3549003-000,2024,SP,São Francisco,3549003,Green Eletron,PEV fixo,Ativo,10/11/2020
4218855-000,2024,SC,UNIÃO DO OESTE,4218855,Green Eletron,PEV fixo,Ativo,21/08/2021
3550308-072,2024,SP,  São Paulo ,3550308,Green Eletron,PEV fixo,Ativo,04/10/2019
1716307-000,2024,TO,Pau D'Arco,1716307,ABREE,PEV fixo,Ativo,19/06/2024
1501402-024,2024,PA,Belém,1501402,Green Eletron,PEV fixo,Ativo,13/06/2022
2300606-001,2024,CE,Altaneira,2300606,ABREE,PEV fixo,Ativo,17/03/2021
2514206-000,2024,PB,São José da Lagoa Tapada,2514206,ABREE,PEV fixo,Ativo,09/12/2022
3502606-000,2024,SP,Aparecida d'Oeste,3502606,Green Eletron,PEV fixo,Ativo,28/11/2021
2909604-000,2024,BA,Crisopolis,2909604,Sistema individual,PEV fixo,Ativo,02/10/2019
2302107-004,2024,CE,Baturité,2302107,Green Eletron,PEV fixo,Ativo,14/02/2021
3152907-000,2024,MG,Pratapolis,3152907,Green Eletron,PEV fixo,Ativo,01/08/2022
1501402-029,2024,PA,BELÉM,1501402,Sistema individual,Campanha itinerante,Ativo,14/09/2023
5106232-000,2024,MT,NOVA OLÍMPIA,5106232,Sistema individual,PEV fixo,Ativo,22/03/2020
3130408-000,2024,MG,Ijaci,3130408,ABREE,Ponto de consolidação,Ativo,02/07/2020
4314902-111,2024,RS,Porto Alegre,4314902,Green Eletron,PEV fixo,Ativo,14/12/2022
3549706-001,2024,SP,SÃO JOSÉ DO RIO PARDO,3549706,ABREE,Ponto de consolidação,Ativo,26/09/2021
3157302-000,2024,MG,Santa Barbara do Tugurio,3157302,Sistema individual,PEV fixo,Ativo,17/01/2022
3550308-139,2024,SP,São Paulo,3550308,ABREE,PEV fixo,Ativo,04/02/2020
2902203-000,2024,BA,  Aramari ,2902203,Green Eletron,PEV fixo,Ativo,03/07/2019
3536307-000,2024,SP,Patrocínio Paulista,3536307,Green Eletron,PEV fixo,Ativo,12/05/2024
4103008-000,2024,PR,Boa Esperança,4103008,ABREE,PEV fixo,Ativo,19/12/2019
4106902-070,2024,PR,Curitiba,4106902,Green Eletron,PEV fixo,Ativo,10/06/2023
4123303-000,2024,PR,Santa Cruz de Monte Castelo,4123303,ABREE,PEV fixo,Ativo,22/12/2023
3106200-090,2024,MG,Belo Horizonte,3106200,Green Eletron,PEV fixo,Ativo,09/12/2020
1500107-001,2024,PA,Abaetetuba,1500107,ABREE,PEV fixo,Ativo,01/12/2024
4314902-015,2024,RS,Porto Alegre,4314902,ABREE,PEV fixo,Ativo,11/04/2020
5218052-003,2024,GO,  Porteirão ,5218052,ABREE,PEV fixo,Ativo,24/03/2022
3106200-284,2024,MG,Belo Horizonte,3106200,ABREE,PEV fixo,Ativo,17/03/2024
4314902-122,2024,RS,Porto Alegre,4314902,ABREE,PEV fixo,Ativo,03/04/2022
2506004-000,2024,PB,Esperança,2506004,Sistema individual,PEV fixo,Ativo,06/03/2024
2611606-096,2024,PE,Recife,2611606,Green Eletron,Campanha itinerante,Ativo,23/11/2024
3304557-144,2024,RJ,Rio de Janeiro,3304557,Sistema individual,PEV fixo,Ativo,03/08/2022
3106200-192,2024,MG,BELO HORIZONTE,3106200,ABREE,PEV fixo,Ativo,26/02/2022
4311791-000,2024,RS,Marata,4311791,ABREE,PEV fixo,Ativo,01/03/2020
3116001-000,2024,MG,CHALÉ,3116001,ABREE,PEV fixo,Ativo,03/06/2019
2304400-094,2024,CE,Fortaleza,2304400,ABREE,Campanha itinerante,Ativo,13/11/2023
3106002-000,2024,MG,Bela Vista de Minas,3106002,Green Eletron,PEV fixo,Ativo,17/12/2021
1502855-000,2024,PA,Curua,1502855,Green Eletron,PEV fixo,Ativo,21/11/2021
2922656-000,2024,BA,Nordestina,2922656,Green Eletron,Ponto de consolidação,Ativo,09/12/2019
3550308-117,2024,SP,São Paulo,3550308,Sistema individual,PEV fixo,Ativo,12/12/2020
3506904-002,2024,SP,Bofete,3506904,Green Eletron,PEV fixo,Ativo,14/10/2021
3508900-000,2024,SP,Caiabu,3508900,ABREE,PEV fixo,Ativo,11/05/2022
5300108-009,2024,DF,Brasília,5300108,ABREE,PEV fixo,Ativo,07/01/2019
3121209-000,2024,MG,Delfinópolis,3121209,Sistema individual,PEV fixo,Ativo,18/02/2023
2800308-027,2024,SE,Aracaju,2800308,Green Eletron,PEV fixo,Ativo,06/11/2023
3503950-001,2024,SP,ASPÁSIA,3503950,Green Eletron,PEV fixo,Ativo,14/10/2023
4205407-007,2024,SC,  Florianópolis ,4205407,ABREE,PEV fixo,Ativo,09/12/2019
3106200-029,2024,MG,Belo Horizonte,3106200,Green Eletron,PEV fixo,Ativo,05/09/2020
2107258-000,2024,MA,Nova Colinas,2107258,ABREE,PEV fixo,Ativo,01/12/2019
4302204-000,2024,RS,Boa Vista do Buricá,4302204,ABREE,PEV fixo,Ativo,19/05/2023
3539608-000,2024,SP,Planalto,3539608,Green Eletron,PEV fixo,Ativo,13/06/2022
3551405-001,2024,SP,Serra Azul,3551405,ABREE,PEV fixo,Inativo,27/06/2023
4323507-000,2024,RS,  Vista Alegre ,4323507,ABREE,PEV fixo,Ativo,13/11/2019
3106804-000,2024,MG,BIAS FORTES,3106804,ABREE,PEV fixo,Ativo,07/01/2021
3106200-124,2024,MG,BELO HORIZONTE,3106200,ABREE,PEV fixo,Ativo,23/07/2021
2507507-008,2024,PB,Joao Pessoa,2507507,ABREE,PEV fixo,Ativo,18/05/2021
2611606-062,2024,PE,Recife,2611606,ABREE,Ponto de consolidação,Ativo,01/02/2022
5300108-102,2024,DF,Brasília,5300108,Green Eletron,PEV fixo,Ativo,03/11/2023
5220009-000,2024,GO,São João d'Aliança,5220009,ABREE,PEV fixo,Ativo,24/03/2024
3138625-000,2024,MG,LIMEIRA DO OESTE,,ABREE,PEV fixo,Ativo,28/10/2019
3200136-000,2024,ES,Águia Branca,3200136,ABREE,PEV fixo,Ativo,08/09/2020
1704105-000,2024,TO,Centenário,1704105,Green Eletron,PEV fixo,Ativo,18/02/2021
4108007-000,2024,PR,Florestópolis,4108007,ABREE,PEV fixo,Ativo,08/04/2023
3106002-003,2024,MG,BELA VISTA DE MINAS,3106002,Green Eletron,PEV fixo,Ativo,06/08/2024
4205407-051,2024,SC,FLORIANÓPOLIS,4205407,Green Eletron,PEV fixo,Ativo,06/10/2021
3550308-287,2024,SP,São Paulo,3550308,ABREE,PEV fixo,Ativo,21/01/2022
3163300-000,2024,MG,SÃO JOSÉ DO DIVINO,3163300,ABREE,PEV fixo,Ativo,11/02/2019
2312601-001,2024,CE,São Luís do Curu,2312601,Green Eletron,PEV fixo,Ativo,06/01/2023
2309904-001,2024,CE,Pacujá,2309904,ABREE,PEV fixo,Ativo,07/04/2019
2307650-000,2024,CE,MARACANAÚ,2307650,Sistema individual,PEV fixo,Ativo,04/12/2022
3304557-156,2024,RJ,Rio de Janeiro,3304557,Sistema individual,PEV fixo,Inativo,13/02/2022
4309050-000,2024,RS,GLORINHA,4309050,Green Eletron,PEV fixo,Ativo,03/09/2021
3145802-000,2024,MG,Onça de Pitangui,3145802,Green Eletron,PEV fixo,Ativo,04/01/2024
4215075-000,2024,SC,Riqueza,4215075,ABREE,PEV fixo,Ativo,11/01/2020
3550308-186,2024,SP,São Paulo,3550308,ABREE,PEV fixo,Ativo,27/02/2021
2106201-000,2024,MA,Luís Domingues,2106201,Green Eletron,Ponto de consolidação,Ativo,23/01/2023
3301876-007,2024,RJ,Iguaba Grande,3301876,ABREE,PEV fixo,Ativo,07/01/2022
2906808-000,2024,BA,Cansancao,2906808,ABREE,Ponto de consolidação,Ativo,20/03/2019
3159209-001,2024,MG,SANTA RITA DE CALDAS,3159209,ABREE,PEV fixo,Ativo,05/04/2023
5214838-000,2024,GO,Nova Crixás,5214838,ABREE,PEV fixo,Ativo,06/03/2022
2305704-000,2024,CE,IPAUMIRIM,2305704,Green Eletron,PEV fixo,Ativo,13/09/2021
4205407-050,2024,SC,Florianópolis,4205407,ABREE,PEV fixo,Ativo,05/06/2021
2933000-000,2024,BA,  Valente ,2933000,ABREE,PEV fixo,Ativo,07/12/2020
2610103-005,2024,PE,Palmeirina,2610103,Green Eletron,PEV fixo,Ativo,12/12/2023
1718758-000,2024,TO,Rio Sono,1718758,ABREE,PEV fixo,Ativo,07/11/2023
2926301-000,2024,BA,Riachão do Jacuípe,2926301,ABREE,PEV fixo,Ativo,28/04/2023
5300108-050,2024,DF,BRASÍLIA,5300108,Green Eletron,PEV fixo,Ativo,12/06/2020
2111300-091,2024,MA,Sao Luis,2111300,Sistema individual,PEV fixo,Ativo,09/09/2022
3165206-000,2024,MG,São Thomé das Letras,3165206,Green Eletron,PEV fixo,Ativo,23/08/2020
2408102-018,2024,RN,NATAL,2408102,ABREE,PEV fixo,Ativo,07/08/2022
2110278-000,2024,MA,SANTO AMARO DO MARANHÃO,2110278,Green Eletron,Campanha itinerante,Ativo,04/02/2020
4124707-000,2024,PR,SÃO JERÔNIMO DA SERRA,4124707,Green Eletron,PEV fixo,Ativo,20/09/2020
2501104-000,2024,PB,  Areia ,2501104,Green Eletron,PEV fixo,Ativo,01/04/2019
3106200-277,2024,MG,Belo Horizonte,3106200,Green Eletron,PEV fixo,Ativo,21/10/2023
4312476-000,2024,RS,MORRO REUTER,4312476,Green Eletron,PEV fixo,Ativo,17/06/2024
3101409-000,2024,MG,ALBERTINA,3101409,Green Eletron,PEV fixo,Ativo,03/01/2019
4200804-000,2024,SC,Anchieta,4200804,Green Eletron,PEV fixo,Ativo,27/09/2022
3135076-000,2024,MG,Jampruca,3135076,ABREE,PEV fixo,Ativo,17/06/2019
4306304-000,2024,RS,David Canabarro,4306304,Green Eletron,PEV fixo,Ativo,02/03/2022
2304400-015,2024,CE,FORTALEZA,2304400,Green Eletron,PEV fixo,Ativo,16/11/2019
2408607-000,2024,RN,PARANÁ,2408607,Green Eletron,PEV fixo,Ativo,11/01/2021
1503093-002,2024,PA,Goianésia do Pará,1503093,ABREE,PEV fixo,Ativo,03/06/2022
2204659-000,2024,PI,Ilha Grande,2204659,Green Eletron,PEV fixo,Ativo,03/11/2022
4128708-000,2024,PR,Vitorino,4128708,Green Eletron,PEV fixo,Ativo,11/08/2020
3135605-002,2024,MG,Jequitaí,3135605,ABREE,PEV fixo,Ativo,19/09/2024
5007802-000,2024,MS,  Selvíria ,5007802,Sistema individual,PEV fixo,Ativo,16/06/2022
3508504-000,2024,SP,CAÇAPAVA,3508504,ABREE,Ponto de consolidação,Ativo,06/06/2023
2927408-066,2024,BA,Salvador,2927408,ABREE,PEV fixo,Ativo,14/02/2020
2913002-000,2024,BA,IBITIARA,,ABREE,PEV fixo,Ativo,26/09/2021
3550308-348,2024,SP,São Paulo,3550308,Green Eletron,PEV fixo,Inativo,02/05/2023
2203255-000,2024,PI,CURRALINHOS,2203255,ABREE,PEV fixo,Ativo,02/01/2023
3106200-266,2024,MG,Belo Horizonte,3106200,Green Eletron,PEV fixo,Ativo,15/01/2023
5106216-000,2024,MT,NOVA CANAÃ DO NORTE,5106216,ABREE,PEV fixo,Ativo,21/04/2019
3508405-002,2024,SP,Cabreuva,3508405,Sistema individual,PEV fixo,Ativo,26/08/2023
4307302-000,2024,RS,Erval Seco,4307302,Green Eletron,PEV fixo,Ativo,08/05/2022
4318309-000,2024,RS,SÃO GABRIEL,4318309,ABREE,PEV fixo,Ativo,06/04/2019
4106209-000,2024,PR,Contenda,4106209,ABREE,PEV fixo,Ativo,07/07/2022
4205407-039,2024,SC,  Florianópolis ,4205407,Green Eletron,PEV fixo,Ativo,22/10/2020
3304557-225,2024,RJ,Rio de Janeiro,3304557,ABREE,PEV fixo,Ativo,21/02/2024
3168200-000,2024,MG,Tapirai,3168200,Green Eletron,PEV fixo,Ativo,13/06/2019
4316758-000,2024,RS,SANTA CLARA DO SUL,4316758,ABREE,PEV fixo,Ativo,11/06/2023
2412500-000,2024,RN,SÃO MIGUEL,2412500,ABREE,PEV fixo,Ativo,27/09/2019
2515609-001,2024,PB,Serra da Raiz,2515609,ABREE,PEV fixo,Ativo,06/02/2022
3550308-272,2024,SP,SÃO PAULO,3550308,ABREE,PEV fixo,Ativo,08/07/2022
2927408-102,2024,BA,Salvador,2927408,Green Eletron,PEV fixo,Ativo,20/07/2022
2611606-079,2024,PE,Recife,2611606,Sistema individual,PEV fixo,Ativo,09/08/2023
3146602-000,2024,MG,PAIVA,3146602,ABREE,PEV fixo,Ativo,11/07/2023
2508000-000,2024,PB,Juru,2508000,ABREE,PEV fixo,Ativo,08/10/2020
4205407-069,2024,SC,Florianópolis,4205407,ABREE,PEV fixo,Ativo,24/02/2022
3304557-121,2024,RJ,RIO DE JANEIRO,3304557,ABREE,Ponto de consolidação,Ativo,14/10/2022
2610509-000,2024,PE,PASSIRA,2610509,Green Eletron,PEV fixo,Ativo,12/09/2019
3557006-007,2024,SP,Votorantim,3557006,Green Eletron,PEV fixo,Ativo,26/07/2023
4314902-051,2024,RS,Porto Alegre,4314902,Green Eletron,PEV fixo,Ativo,24/10/2020
5214705-000,2024,GO,Nova América,5214705,ABREE,PEV fixo,Ativo,19/04/2022
4314902-119,2024,RS,Porto Alegre,4314902,ABREE,PEV fixo,Ativo,17/01/2022
3550308-138,2024,SP,São Paulo,3550308,Green Eletron,PEV fixo,Ativo,07/05/2020
2927408-037,2024,BA,SALVADOR,2927408,Green Eletron,Campanha itinerante,Ativo,07/07/2019
4314902-168,2024,RS,Porto Alegre,4314902,ABREE,PEV fixo,Ativo,23/01/2024
3522000-000,2024,SP,Itaju,3522000,Green Eletron,PEV fixo,Ativo,17/05/2021
5002704-004,2024,MS,Campo Grande,5002704,ABREE,PEV fixo,Ativo,27/03/2020
3119906-000,2024,MG,Córrego do Bom Jesus,3119906,Green Eletron,PEV fixo,Ativo,05/10/2019
2304400-043,2024,CE,Fortaleza,2304400,ABREE,PEV fixo,Ativo,16/04/2020
3134905-000,2024,MG,Jacutinga,3134905,Sistema individual,PEV fixo,Ativo,08/08/2019
2403608-000,2024,RN,EXTREMOZ,2403608,ABREE,PEV fixo,Ativo,20/03/2024
3106200-190,2024,MG,Belo Horizonte,3106200,Green Eletron,Ponto de consolidação,Ativo,24/10/2022
4314902-157,2024,RS,Porto Alegre,4314902,Green Eletron,PEV fixo,Ativo,18/06/2023
2515104-000,2024,PB,São Sebastião de Lagoa de Roça,2515104,Green Eletron,PEV fixo,Ativo,01/03/2022
4314902-082,2024,RS,PORTO ALEGRE,4314902,ABREE,PEV fixo,Ativo,06/11/2021
3549250-005,2024,SP,SÃO JOÃO DE IRACEMA,3549250,Green Eletron,PEV fixo,Ativo,12/02/2022
2105963-000,2024,MA,LAGOA GRANDE DO MARANHÃO,2105963,ABREE,PEV fixo,Ativo,22/05/2023
1700301-000,2024,TO,Aguiarnópolis,1700301,ABREE,PEV fixo,Ativo,05/08/2023
3545100-004,2024,SP,SALMOURÃO,3545100,Green Eletron,Ponto de consolidação,Ativo,11/11/2024
3538808-020,2024,SP,Piraju,3538808,ABREE,PEV fixo,Inativo,22/07/2021
2933406-000,2024,BA,Wagner,2933406,ABREE,PEV fixo,Ativo,25/06/2019
1508001-001,2024,PA,Tomé-Açu,1508001,Green Eletron,PEV fixo,Ativo,17/10/2022
3526803-007,2024,SP,Lençóis Paulista,3526803,Green Eletron,PEV fixo,Ativo,25/04/2022
2502102-000,2024,PB,  Boa Ventura ,2502102,Green Eletron,Campanha itinerante,Ativo,23/02/2020
4107850-000,2024,PR,Flor da Serra do Sul,4107850,ABREE,PEV fixo,Ativo,06/11/2019
4205407-021,2024,SC,FLORIANÓPOLIS,4205407,ABREE,PEV fixo,Ativo,17/08/2019
3106200-215,2024,MG,BELO HORIZONTE,3106200,Green Eletron,PEV fixo,Ativo,22/10/2022
3106200-304,2024,MG,Belo Horizonte,3106200,Green Eletron,PEV fixo,Ativo,19/01/2024
3548500-000,2024,SP,SANTOS,3548500,ABREE,PEV fixo,Ativo,14/09/2022
3550308-286,2024,SP,SÃO PAULO,3550308,ABREE,Campanha itinerante,Ativo,26/06/2022
2507507-007,2024,PB,Joao Pessoa,2507507,Green Eletron,PEV fixo,Ativo,28/10/2020
4314902-175,2024,RS,PORTO ALEGRE,4314902,Green Eletron,PEV fixo,Ativo,20/05/2024
3550308-174,2024,SP,SÃO PAULO,3550308,Sistema individual,PEV fixo,Ativo,10/04/2020
4207106-000,2024,SC,Ilhota,4207106,Green Eletron,Campanha itinerante,Ativo,02/05/2022
3557006-003,2024,SP,Votorantim,3557006,ABREE,PEV fixo,Ativo,26/10/2021
3304508-002,2024,RJ,RIO DAS FLORES,3304508,ABREE,PEV fixo,Ativo,27/08/2020
3550605-001,2024,SP,SÃO ROQUE,3550605,ABREE,PEV fixo,Ativo,18/12/2024
4313037-000,2024,RS,  Nova Esperança do Sul ,4313037,Green Eletron,PEV fixo,Ativo,11/02/2022
3304557-013,2024,RJ,Rio de Janeiro,3304557,ABREE,Ponto de consolidação,Ativo,26/12/2020
3304557-068,2024,RJ,Rio de Janeiro,3304557,ABREE,Ponto de consolidação,Ativo,10/05/2021
4205407-028,2024,SC,FLORIANÓPOLIS,4205407,Green Eletron,Campanha itinerante,Ativo,11/11/2020
2300705-014,2024,CE,ALTO SANTO,2300705,Green Eletron,PEV fixo,Ativo,07/03/2024
4206603-000,2024,SC,Guarujá do Sul,4206603,Green Eletron,Ponto de consolidação,Ativo,06/04/2019
1501402-020,2024,PA,BELÉM,1501402,ABREE,PEV fixo,Ativo,22/08/2022
4314902-110,2024,RS,PORTO ALEGRE,4314902,Green Eletron,PEV fixo,Ativo,02/11/2022
2927408-087,2024,BA,Salvador,2927408,Green Eletron,PEV fixo,Ativo,26/10/2021
2927408-039,2024,BA,Salvador,2927408,Green Eletron,PEV fixo,Ativo,27/07/2019
2614105-003,2024,PE,Sertânia,2614105,Green Eletron,PEV fixo,Ativo,17/08/2022
3166808-000,2024,MG,SERRA DO SALITRE,3166808,Sistema individual,PEV fixo,Ativo,28/02/2019
5208707-024,2024,GO,Goiania,5208707,ABREE,PEV fixo,Ativo,07/07/2023
3513306-000,2024,SP,Cruzalia,3513306,ABREE,Ponto de consolidação,Ativo,21/03/2022
2111300-104,2024,MA,São Luís,2111300,Green Eletron,PEV fixo,Ativo,15/04/2023
3538808-028,2024,SP,Piraju,3538808,ABREE,PEV fixo,Ativo,09/06/2022
2903409-002,2024,BA,Belmonte,2903409,Green Eletron,PEV fixo,Ativo,12/02/2024
3304557-155,2024,RJ,Rio de Janeiro,3304557,ABREE,PEV fixo,Ativo,11/11/2022
3123528-006,2024,MG,Durande,3123528,ABREE,PEV fixo,Ativo,10/12/2023
2916856-000,2024,BA,Itatim,2916856,ABREE,Ponto de consolidação,Ativo,20/01/2024
1502509-000,2024,PA,Chaves,1502509,Green Eletron,PEV fixo,Ativo,05/10/2024
4106902-022,2024,PR,Curitiba,4106902,Green Eletron,PEV fixo,Ativo,05/10/2020
3303609-000,2024,RJ,Paracambi,3303609,Sistema individual,Campanha itinerante,Ativo,24/09/2019
3119104-000,2024,MG,Corinto,3119104,ABREE,PEV fixo,Ativo,23/03/2024
2923605-000,2024,BA,Paramirim,2923605,Green Eletron,PEV fixo,Ativo,20/02/2019
2111300-075,2024,MA,São Luís,2111300,ABREE,PEV fixo,Ativo,12/07/2022
3305208-000,2024,RJ,São Pedro da Aldeia,3305208,ABREE,PEV fixo,Ativo,09/08/2022
3147006-000,2024,MG,  Paracatu ,3147006,Green Eletron,PEV fixo,Ativo,08/06/2022
2701308-000,2024,AL,Cajueiro,2701308,Green Eletron,Ponto de consolidação,Ativo,23/08/2019
3165305-000,2024,MG,São Vicente de Minas,3165305,Green Eletron,PEV fixo,Ativo,25/02/2021
5005152-001,2024,MS,Juti,5005152,Green Eletron,PEV fixo,Ativo,08/09/2022
5200308-001,2024,GO,Alexânia,5200308,Green Eletron,PEV fixo,Ativo,03/07/2022
3127909-000,2024,MG,GRUPIARA,3127909,ABREE,Campanha itinerante,Ativo,17/02/2019
3304557-209,2024,RJ,Rio de Janeiro,3304557,Green Eletron,PEV fixo,Ativo,20/01/2024
3103009-000,2024,MG,ANTÔNIO DIAS,3103009,Green Eletron,PEV fixo,Ativo,24/03/2021
2927408-092,2024,BA,Salvador,2927408,Green Eletron,PEV fixo,Ativo,25/08/2021
3304151-002,2024,RJ,QUISSAMÃ,3304151,ABREE,PEV fixo,Ativo,18/09/2021
3157500-000,2024,MG,Santa Efigênia de Minas,3157500,Green Eletron,Campanha itinerante,Ativo,03/12/2019
2310001-000,2024,CE,Palhano,2310001,ABREE,PEV fixo,Ativo,25/01/2020
3505203-002,2024,SP,Bariri,3505203,ABREE,PEV fixo,Ativo,27/11/2020
2915304-000,2024,BA,Itagimirim,2915304,Green Eletron,PEV fixo,Ativo,27/08/2023
2103406-001,2024,MA,Coelho Neto,2103406,Green Eletron,PEV fixo,Ativo,09/12/2023
2600708-002,2024,PE,ALIANÇA,2600708,ABREE,PEV fixo,Ativo,04/01/2023
3302908-000,2024,RJ,Miguel Pereira,3302908,Green Eletron,PEV fixo,Ativo,04/10/2019
2104206-000,2024,MA,Fortuna,2104206,ABREE,Ponto de consolidação,Ativo,12/03/2022
5106505-000,2024,MT,  Poconé ,5106505,ABREE,Ponto de consolidação,Ativo,23/10/2020
2210391-000,2024,PI,São Miguel do Fidalgo,2210391,Sistema individual,PEV fixo,Ativo,21/05/2019
2615102-002,2024,PE,Terezinha,2615102,Green Eletron,PEV fixo,Ativo,05/06/2019
3512605-000,2024,SP,Coronel Macedo,3512605,Green Eletron,PEV fixo,Ativo,08/06/2023
3512100-003,2024,SP,Colômbia,3512100,Sistema individual,Ponto de consolidação,Ativo,17/09/2023
4310108-000,2024,RS,IGREJINHA,4310108,Green Eletron,PEV fixo,Ativo,01/04/2021
2205953-000,2024,PI,Marcolândia,2205953,Green Eletron,PEV fixo,Ativo,18/07/2020
2800308-021,2024,SE,Aracaju,2800308,ABREE,PEV fixo,Ativo,28/01/2022
4310207-008,2024,RS,Ijuí,4310207,Green Eletron,PEV fixo,Ativo,06/12/2022
3106200-015,2024,MG,BELO HORIZONTE,3106200,ABREE,PEV fixo,Ativo,10/12/2020
2112209-002,2024,MA,Timon,,ABREE,PEV fixo,Ativo,10/06/2022
4311304-000,2024,RS,Lagoa Vermelha,,Green Eletron,PEV fixo,Ativo,11/03/2022
2920502-003,2024,BA,MARACÁS,2920502,ABREE,Campanha itinerante,Ativo,27/01/2022
2611606-005,2024,PE,RECIFE,2611606,Green Eletron,PEV fixo,Ativo,09/05/2020
4205407-024,2024,SC,  Florianópolis ,4205407,ABREE,PEV fixo,Ativo,16/05/2019
4314050-000,2024,RS,Parobé,4314050,Green Eletron,PEV fixo,Ativo,19/08/2023
3505203-000,2024,SP,Bariri,3505203,ABREE,PEV fixo,Ativo,28/01/2020
4314902-130,2024,RS,  Porto Alegre ,4314902,Green Eletron,PEV fixo,Ativo,21/04/2023
3106200-295,2024,MG,Belo Horizonte,3106200,ABREE,PEV fixo,Ativo,04/08/2024
1720499-000,2024,TO,Sao Valerio,1720499,Green Eletron,PEV fixo,Ativo,21/01/2023
2918407-000,2024,BA,Juazeiro,2918407,ABREE,PEV fixo,Ativo,08/03/2020
2304400-047,2024,CE,Fortaleza,2304400,Green Eletron,PEV fixo,Ativo,17/02/2020
5004502-000,2024,MS,ITAPORÃ,5004502,ABREE,Ponto de consolidação,Ativo,25/01/2022
3139409-000,2024,MG,Manhuaçu,3139409,Green Eletron,PEV fixo,Ativo,10/06/2021
1504208-000,2024,PA,MARABÁ,1504208,Green Eletron,PEV fixo,Ativo,27/02/2019
1301951-004,2024,AM,Itamarati,1301951,Green Eletron,PEV fixo,Ativo,20/01/2022
2933208-000,2024,BA,Vera Cruz,2933208,Green Eletron,PEV fixo,Ativo,08/07/2023
5101001-000,2024,MT,Araguaiana,5101001,Sistema individual,PEV fixo,Ativo,09/03/2021
3106200-252,2024,MG,Belo Horizonte,3106200,Green Eletron,PEV fixo,Ativo,17/01/2023
2925956-000,2024,BA,Rafael Jambeiro,2925956,Green Eletron,PEV fixo,Ativo,01/11/2023
2111300-081,2024,MA,SÃO LUÍS,2111300,ABREE,PEV fixo,Ativo,06/06/2022
4212106-000,2024,SC,Palmitos,4212106,ABREE,PEV fixo,Ativo,14/03/2019
4204509-000,2024,SC,CORUPÁ,4204509,Green Eletron,PEV fixo,Ativo,12/10/2019
3106200-036,2024,MG,BELO HORIZONTE,3106200,ABREE,PEV fixo,Ativo,08/09/2020
1507003-000,2024,PA,Santo Antônio do Tauá,1507003,Green Eletron,PEV fixo,Ativo,28/12/2019
3525201-011,2024,SP,JARINU,3525201,ABREE,Campanha itinerante,Ativo,14/01/2023
4312708-000,2024,RS,Nonoai,4312708,Green Eletron,PEV fixo,Ativo,28/04/2019
4315552-000,2024,RS,Rio dos Índios,4315552,Green Eletron,PEV fixo,Ativo,22/10/2019
2509206-001,2024,PB,Massaranduba,2509206,ABREE,PEV fixo,Ativo,11/03/2022
2704807-000,2024,AL,MARIBONDO,2704807,Green Eletron,PEV fixo,Ativo,07/04/2019
1507151-003,2024,PA,São Domingos do Araguaia,1507151,Green Eletron,PEV fixo,Ativo,10/11/2020
1302603-003,2024,AM,Manaus,1302603,Green Eletron,PEV fixo,Ativo,19/05/2019
3121001-000,2024,MG,Datas,3121001,ABREE,PEV fixo,Ativo,13/11/2019
3304557-067,2024,RJ,Rio de Janeiro,3304557,ABREE,PEV fixo,Ativo,12/02/2020
1716703-000,2024,TO,COLMÉIA,1716703,Sistema individual,PEV fixo,Ativo,02/05/2019
3136306-000,2024,MG,João Pinheiro,3136306,ABREE,Ponto de consolidação,Ativo,22/05/2024
4314902-137,2024,RS,PORTO ALEGRE,4314902,ABREE,PEV fixo,Ativo,13/01/2023
4128401-001,2024,PR,URAÍ,4128401,ABREE,PEV fixo,Ativo,27/01/2020
2104081-000,2024,MA,Fernando Falcão,2104081,Green Eletron,PEV fixo,Ativo,07/06/2019
2927309-000,2024,BA,SALINAS DA MARGARIDA,2927309,Green Eletron,PEV fixo,Ativo,17/10/2024
3537404-004,2024,SP,Pereira Barreto,3537404,Green Eletron,PEV fixo,Ativo,26/12/2023
2903300-000,2024,BA,BARRO PRETO,2903300,ABREE,PEV fixo,Ativo,22/07/2022
4303905-000,2024,RS,  Campo Bom ,4303905,ABREE,PEV fixo,Ativo,07/11/2019
3111150-000,2024,MG,Campo Azul,3111150,ABREE,PEV fixo,Ativo,12/11/2021
3550308-266,2024,SP,SÃO PAULO,3550308,ABREE,PEV fixo,Ativo,26/11/2022
5300108-090,2024,DF,BRASÍLIA,5300108,ABREE,PEV fixo,Ativo,12/03/2022
1302603-004,2024,AM,MANAUS,1302603,ABREE,PEV fixo,Ativo,23/07/2020
2109304-001,2024,MA,Presidente Vargas,2109304,ABREE,PEV fixo,Inativo,22/10/2023
3117009-000,2024,MG,COMERCINHO,3117009,ABREE,PEV fixo,Ativo,06/12/2019
3301108-024,2024,RJ,Cantagalo,3301108,ABREE,PEV fixo,Ativo,19/04/2023
3539509-002,2024,SP,Pitangueiras,3539509,ABREE,Ponto de consolidação,Ativo,21/02/2021
3156908-000,2024,MG,  Sacramento ,3156908,Green Eletron,Ponto de consolidação,Ativo,19/10/2022
3304557-023,2024,RJ,Rio de Janeiro,3304557,Green Eletron,PEV fixo,Ativo,24/11/2020
4314902-098,2024,RS,Porto Alegre,4314902,Green Eletron,PEV fixo,Ativo,14/09/2022
3507308-000,2024,SP,BORACÉIA,3507308,ABREE,PEV fixo,Ativo,23/05/2024
4201109-001,2024,SC,ANITÁPOLIS,4201109,ABREE,PEV fixo,Ativo,07/08/2023
3146404-000,2024,MG,Paineiras,3146404,ABREE,PEV fixo,Ativo,21/09/2022
3101631-001,2024,MG,  Alfredo Vasconcelos ,3101631,Sistema individual,PEV fixo,Ativo,26/05/2022
2303402-000,2024,CE,Carnaubal,2303402,ABREE,PEV fixo,Ativo,13/07/2021
3550308-308,2024,SP,Sao Paulo,3550308,Green Eletron,PEV fixo,Ativo,23/02/2022
3529708-000,2024,SP,Miguelópolis,3529708,Green Eletron,PEV fixo,Ativo,13/06/2021
3106200-163,2024,MG,BELO HORIZONTE,3106200,Green Eletron,PEV fixo,Ativo,23/04/2022
4127007-000,2024,PR,TEIXEIRA SOARES,4127007,ABREE,PEV fixo,Ativo,05/02/2023
3146503-000,2024,MG,PAINS,3146503,ABREE,PEV fixo,Ativo,04/01/2023
2413508-000,2024,RN,SERRINHA,2413508,Green Eletron,PEV fixo,Ativo,10/02/2024
3163904-000,2024,MG,São Pedro da União,3163904,Sistema individual,PEV fixo,Ativo,09/05/2020
3106200-235,2024,MG,BELO HORIZONTE,3106200,Sistema individual,PEV fixo,Ativo,13/10/2023
2111300-071,2024,MA,  São Luís ,2111300,ABREE,PEV fixo,Ativo,07/06/2021
4306130-000,2024,RS,Cruzaltense,4306130,ABREE,PEV fixo,Ativo,20/02/2021
3302106-002,2024,RJ,Itaocara,3302106,ABREE,PEV fixo,Ativo,14/04/2020
3532504-002,2024,SP,Neves Paulista,3532504,ABREE,PEV fixo,Ativo,10/12/2020
4303301-001,2024,RS,Caibaté,4303301,Green Eletron,PEV fixo,Ativo,12/03/2023
3106200-043,2024,MG,  Belo Horizonte ,3106200,Green Eletron,PEV fixo,Ativo,08/02/2020
3300605-002,2024,RJ,BOM JESUS DO ITABAPOANA,3300605,Green Eletron,PEV fixo,Ativo,15/09/2023
3304557-211,2024,RJ,RIO DE JANEIRO,3304557,Green Eletron,Campanha itinerante,Ativo,18/09/2024
4321105-000,2024,RS,TAPES,4321105,ABREE,Ponto de consolidação,Ativo,22/05/2022
5204805-000,2024,GO,Campo Alegre de Goiás,5204805,ABREE,PEV fixo,Ativo,27/03/2023
3556701-002,2024,SP,VINHEDO,3556701,ABREE,PEV fixo,Ativo,15/11/2024
4300604-000,2024,RS,Alvorada,4300604,ABREE,Ponto de consolidação,Ativo,13/05/2023
3201001-000,2024,ES,BOA ESPERANÇA,3201001,Green Eletron,PEV fixo,Ativo,28/04/2020
3525201-010,2024,SP,Jarinu,3525201,ABREE,Ponto de consolidação,Ativo,14/12/2022
2611606-078,2024,PE,Recife,2611606,ABREE,Campanha itinerante,Ativo,13/08/2023
1500909-000,2024,PA,Augusto Corrêa,1500909,Green Eletron,PEV fixo,Ativo,12/10/2021
3146206-000,2024,MG,Ouro Verde de Minas,3146206,Green Eletron,PEV fixo,Ativo,05/07/2020
3525706-000,2024,SP,JOSÉ BONIFÁCIO,3525706,ABREE,PEV fixo,Ativo,26/09/2023
4106902-041,2024,PR,CURITIBA,4106902,ABREE,PEV fixo,Ativo,19/11/2021
3304557-102,2024,RJ,Rio de Janeiro,3304557,Sistema individual,PEV fixo,Ativo,03/09/2021
1100130-000,2024,RO,  Machadinho D'Oeste ,1100130,ABREE,PEV fixo,Ativo,25/07/2023
2305357-000,2024,CE,ICAPUÍ,2305357,Green Eletron,PEV fixo,Ativo,15/01/2020
2611606-031,2024,PE,Recife,2611606,ABREE,PEV fixo,Ativo,22/03/2021
5208707-002,2024,GO,Goiânia,5208707,Green Eletron,PEV fixo,Ativo,22/09/2019
3106200-125,2024,MG,Belo Horizonte,3106200,ABREE,PEV fixo,Ativo,04/05/2021
2927408-132,2024,BA,Salvador,2927408,ABREE,Campanha itinerante,Ativo,21/12/2023
3152907-000,2024,MG,Pratapolis,3152907,Green Eletron,PEV fixo,Ativo,01/08/2022
3116803-000,2024,MG,COLUNA,3116803,ABREE,Ponto de consolidação,Ativo,06/07/2020
3110202-000,2024,MG,Cajuri,3110202,Green Eletron,PEV fixo,Ativo,14/07/2020
4206652-000,2024,SC,Guatambu,4206652,ABREE,PEV fixo,Ativo,13/03/2020
3106200-071,2024,MG,Belo Horizonte,,ABREE,PEV fixo,Ativo,04/11/2020
3550308-127,2024,SP,São Paulo,3550308,Green Eletron,PEV fixo,Inativo,04/03/2020
3550308-224,2024,SP,Sao Paulo,3550308,ABREE,PEV fixo,Ativo,22/12/2021
2930105-000,2024,BA,Senhor do Bonfim,2930105,ABREE,Campanha itinerante,Ativo,24/09/2021
3505708-000,2024,SP,Barueri,3505708,Green Eletron,PEV fixo,Ativo,21/02/2024
3122454-000,2024,MG,DIVISÓPOLIS,3122454,ABREE,Ponto de consolidação,Ativo,14/03/2020
3555109-013,2024,SP,Tupi Paulista,3555109,Green Eletron,PEV fixo,Ativo,22/04/2022
2304400-029,2024,CE,Fortaleza,2304400,Green Eletron,PEV fixo,Ativo,08/10/2019
4101853-000,2024,PR,Ariranha do Ivaí,4101853,Green Eletron,PEV fixo,Ativo,25/02/2019
4115705-000,2024,PR,MATINHOS,4115705,ABREE,Ponto de consolidação,Ativo,01/01/2023
5212055-000,2024,GO,Jesúpolis,5212055,Green Eletron,PEV fixo,Ativo,16/10/2022
1101559-000,2024,RO,Teixeirópolis,1101559,ABREE,Ponto de consolidação,Ativo,19/10/2021
2914604-000,2024,BA,IRECÊ,2914604,Green Eletron,PEV fixo,Ativo,10/09/2023
3304557-180,2024,RJ,Rio de Janeiro,3304557,ABREE,Campanha itinerante,Ativo,24/03/2023
3550308-211,2024,SP,SÃO PAULO,3550308,ABREE,PEV fixo,Ativo,07/01/2021
4128401-000,2024,PR,Uraí,4128401,ABREE,Ponto de consolidação,Ativo,26/08/2020
5300108-055,2024,DF,Brasilia,5300108,Green Eletron,PEV fixo,Ativo,21/11/2021
3109253-000,2024,MG,Bugre,3109253,Green Eletron,PEV fixo,Ativo,17/12/2020
2615102-000,2024,PE,  Terezinha ,2615102,ABREE,PEV fixo,Ativo,10/09/2019
3518503-001,2024,SP,Guareí,3518503,Green Eletron,Campanha itinerante,Ativo,26/08/2022
3303302-000,2024,RJ,Niterói,3303302,Green Eletron,PEV fixo,Ativo,18/04/2020
3302700-000,2024,RJ,Maricá,3302700,Green Eletron,PEV fixo,Ativo,10/06/2019
2928604-000,2024,BA,Santo Amaro,2928604,Green Eletron,PEV fixo,Ativo,09/12/2024
2408102-016,2024,RN,NATAL,2408102,Green Eletron,PEV fixo,Ativo,24/09/2022
3304557-192,2024,RJ,  Rio de Janeiro ,3304557,Sistema individual,PEV fixo,Ativo,01/05/2023
5103254-000,2024,MT,COLNIZA,5103254,Green Eletron,PEV fixo,Ativo,19/10/2020
3138401-000,2024,MG,Leopoldina,3138401,Green Eletron,PEV fixo,Ativo,01/10/2023
4314548-000,2024,RS,  Pinto Bandeira ,4314548,Green Eletron,Campanha itinerante,Ativo,02/07/2021
2311009-000,2024,CE,PORANGA,2311009,Green Eletron,PEV fixo,Ativo,23/04/2021
4104907-000,2024,PR,Castro,4104907,Sistema individual,Ponto de consolidação,Ativo,11/04/2019
1302603-001,2024,AM,Manaus,1302603,ABREE,PEV fixo,Ativo,08/09/2019
1703305-001,2024,TO,  Bom Jesus do Tocantins ,1703305,ABREE,Campanha itinerante,Ativo,08/11/2022
3142502-000,2024,MG,MONJOLOS,3142502,Green Eletron,PEV fixo,Ativo,08/03/2021
4106902-005,2024,PR,Curitiba,4106902,Green Eletron,PEV fixo,Ativo,10/02/2020
3525508-000,2024,SP,JOANÓPOLIS,3525508,Green Eletron,PEV fixo,Ativo,22/09/2022
2611606-006,2024,PE,RECIFE,2611606,ABREE,PEV fixo,Ativo,02/02/2020
3303302-005,2024,RJ,NITERÓI,3303302,Green Eletron,PEV fixo,Ativo,09/03/2021
4314902-050,2024,RS,PORTO ALEGRE,4314902,Green Eletron,PEV fixo,Ativo,22/05/2020
3106200-288,2024,MG,Belo Horizonte,3106200,Green Eletron,PEV fixo,Ativo,17/06/2024
1300102-000,2024,AM,ANORI,1300102,Sistema individual,PEV fixo,Ativo,17/06/2023
3522703-003,2024,SP,Itápolis,3522703,Sistema individual,PEV fixo,Ativo,11/08/2021
3304557-103,2024,RJ,RIO DE JANEIRO,3304557,Green Eletron,PEV fixo,Ativo,12/05/2021
3514957-000,2024,SP,Embaúba,3514957,ABREE,PEV fixo,Ativo,21/05/2024
3305307-003,2024,RJ,São Sebastião do Alto,3305307,ABREE,PEV fixo,Ativo,03/06/2019
3115300-000,2024,MG,Cataguases,3115300,ABREE,PEV fixo,Ativo,14/11/2024
3166709-000,2024,MG,Serra dos Aimorés,3166709,ABREE,PEV fixo,Ativo,23/06/2023
3304557-073,2024,RJ,  Rio de Janeiro ,3304557,ABREE,PEV fixo,Ativo,05/06/2021
3302106-008,2024,RJ,  Itaocara ,3302106,ABREE,Ponto de consolidação,Ativo,02/07/2023
2513653-000,2024,PB,Joca Claudino,2513653,ABREE,PEV fixo,Ativo,15/04/2022
3304557-011,2024,RJ,Rio de Janeiro,3304557,Green Eletron,PEV fixo,Ativo,10/04/2020
1200351-000,2024,AC,Marechal Thaumaturgo,1200351,Sistema individual,PEV fixo,Ativo,07/06/2024
3106200-201,2024,MG,Belo Horizonte,3106200,Green Eletron,PEV fixo,Ativo,02/03/2022
5007406-000,2024,MS,Rio Verde de Mato Grosso,5007406,Green Eletron,PEV fixo,Ativo,22/01/2021
3300803-000,2024,RJ,Cachoeiras de Macacu,3300803,ABREE,PEV fixo,Ativo,08/05/2020
3550308-069,2024,SP,São Paulo,3550308,ABREE,PEV fixo,Ativo,20/08/2019
2704302-001,2024,AL,Maceió,2704302,Green Eletron,PEV fixo,Ativo,22/01/2020
4304671-000,2024,RS,Capivari do Sul,4304671,Green Eletron,PEV fixo,Ativo,22/01/2022
3513702-000,2024,SP,DESCALVADO,3513702,Green Eletron,PEV fixo,Ativo,07/06/2021
3550308-080,2024,SP,SÃO PAULO,3550308,ABREE,PEV fixo,Ativo,03/02/2019
3550308-085,2024,SP,Sao Paulo,3550308,ABREE,PEV fixo,Ativo,05/04/2019
3302700-005,2024,RJ,Maricá,3302700,Green Eletron,Campanha itinerante,Ativo,23/04/2019
2927408-130,2024,BA,  Salvador ,,Sistema individual,PEV fixo,Ativo,06/12/2022
3106200-028,2024,MG,BELO HORIZONTE,3106200,ABREE,PEV fixo,Ativo,07/09/2020
3501103-005,2024,SP,ALTO ALEGRE,3501103,Sistema individual,Ponto de consolidação,Ativo,11/02/2023
4205407-056,2024,SC,Florianópolis,4205407,ABREE,PEV fixo,Ativo,12/03/2021
4319505-000,2024,RS,Sao Sebastiao do Cai,4319505,ABREE,PEV fixo,Ativo,23/10/2024
1502939-000,2024,PA,DOM ELISEU,1502939,Green Eletron,PEV fixo,Ativo,01/09/2019
4110656-000,2024,PR,Iracema do Oeste,4110656,Green Eletron,PEV fixo,Ativo,02/10/2020
3304557-148,2024,RJ,  Rio de Janeiro ,3304557,Green Eletron,PEV fixo,Ativo,17/07/2022
4100202-001,2024,PR,ADRIANÓPOLIS,4100202,Green Eletron,PEV fixo,Ativo,24/02/2024
3550308-192,2024,SP,São Paulo,3550308,ABREE,PEV fixo,Ativo,16/09/2021
5006408-000,2024,MS,Pedro Gomes,5006408,Green Eletron,PEV fixo,Ativo,13/04/2019
2104008-000,2024,MA,ESPERANTINÓPOLIS,2104008,ABREE,PEV fixo,Ativo,05/04/2019
4117909-000,2024,PR,Palotina,4117909,ABREE,PEV fixo,Ativo,14/02/2020
3121902-000,2024,MG,Divinesia,3121902,ABREE,PEV fixo,Ativo,19/02/2019
3302700-014,2024,RJ,Maricá,3302700,Sistema individual,PEV fixo,Ativo,22/10/2022
3519402-000,2024,SP,Ibirá,3519402,Sistema individual,PEV fixo,Ativo,28/06/2024
2306306-000,2024,CE,ITAPAJÉ,2306306,Green Eletron,PEV fixo,Ativo,25/04/2024
3130051-000,2024,MG,Icaraí de Minas,3130051,Green Eletron,PEV fixo,Ativo,24/02/2022
4314902-152,2024,RS,Porto Alegre,4314902,Green Eletron,PEV fixo,Ativo,24/09/2023
2210904-000,2024,PI,Socorro do Piauí,2210904,ABREE,PEV fixo,Ativo,16/08/2023
3304557-164,2024,RJ,RIO DE JANEIRO,3304557,Green Eletron,PEV fixo,Ativo,26/09/2023
4322186-000,2024,RS,Tupanci do Sul,4322186,Green Eletron,PEV fixo,Ativo,11/11/2019
3555109-004,2024,SP,Tupi Paulista,3555109,ABREE,PEV fixo,Inativo,16/11/2020
2111300-002,2024,MA,Sao Luis,2111300,ABREE,PEV fixo,Ativo,01/11/2019
2611606-102,2024,PE,Recife,2611606,Green Eletron,PEV fixo,Ativo,10/01/2024
4301206-000,2024,RS,ARROIO DO TIGRE,4301206,ABREE,PEV fixo,Ativo,14/07/2020
4108650-000,2024,PR,GOIOXIM,4108650,Green Eletron,PEV fixo,Ativo,03/01/2019
3162658-000,2024,MG,SÃO JOÃO DO PACUÍ,3162658,ABREE,PEV fixo,Ativo,10/01/2023
3157377-001,2024,MG,Santa Cruz de Salinas,3157377,ABREE,PEV fixo,Ativo,03/10/2023
2601607-000,2024,PE,Belém do São Francisco,2601607,ABREE,PEV fixo,Ativo,08/10/2019
5002902-002,2024,MS,Cassilândia,5002902,Green Eletron,PEV fixo,Ativo,28/10/2023
3550308-197,2024,SP,São Paulo,3550308,ABREE,PEV fixo,Ativo,07/07/2021
5205208-000,2024,GO,Caturai,5205208,ABREE,Ponto de consolidação,Ativo,13/01/2020
3550308-313,2024,SP,São Paulo,3550308,ABREE,PEV fixo,Ativo,22/05/2022
4123907-000,2024,PR,SANTA MARIANA,4123907,ABREE,PEV fixo,Inativo,12/06/2024
4103206-000,2024,PR,Bom Sucesso,4103206,ABREE,PEV fixo,Ativo,03/07/2023
2304400-078,2024,CE,Fortaleza,2304400,Green Eletron,PEV fixo,Ativo,19/02/2022
1505700-005,2024,PA,Ponta de Pedras,1505700,Green Eletron,PEV fixo,Ativo,18/06/2024
2111300-011,2024,MA,São Luís,2111300,Green Eletron,PEV fixo,Ativo,20/12/2019
2921708-000,2024,BA,Morro do Chapéu,2921708,Green Eletron,PEV fixo,Ativo,05/10/2021
3538808-007,2024,SP,PIRAJU,3538808,ABREE,PEV fixo,Ativo,08/08/2019
4314902-123,2024,RS,Porto Alegre,4314902,Sistema individual,PEV fixo,Ativo,25/04/2022
2304400-099,2024,CE,Fortaleza,2304400,Green Eletron,PEV fixo,Ativo,27/11/2023
3507209-000,2024,SP,Bora,3507209,ABREE,Ponto de consolidação,Ativo,17/06/2020
2301604-004,2024,CE,ASSARÉ,2301604,ABREE,PEV fixo,Ativo,02/01/2022
4318606-000,2024,RS,São José do Ouro,4318606,ABREE,PEV fixo,Ativo,05/05/2023
3541059-000,2024,SP,Pratania,3541059,ABREE,PEV fixo,Ativo,26/09/2019
1200104-000,2024,AC,Brasileia,1200104,Green Eletron,PEV fixo,Ativo,20/08/2020
3532827-000,2024,SP,Nova Campina,3532827,Green Eletron,Ponto de consolidação,Ativo,08/09/2020
1600303-002,2024,AP,Macapa,1600303,ABREE,PEV fixo,Ativo,01/06/2023
2608701-000,2024,PE,Lagoa dos Gatos,2608701,ABREE,PEV fixo,Ativo,08/03/2020
1302603-007,2024,AM,Manaus,1302603,ABREE,PEV fixo,Ativo,23/05/2021
1300029-001,2024,AM,Alvaraes,1300029,Green Eletron,PEV fixo,Ativo,19/05/2019
3301108-015,2024,RJ,Cantagalo,3301108,ABREE,PEV fixo,Ativo,26/06/2022
2504207-000,2024,PB,  Catingueira ,2504207,Green Eletron,Campanha itinerante,Ativo,05/05/2020
2500304-000,2024,PB,ALAGOA GRANDE,2500304,ABREE,PEV fixo,Ativo,16/02/2023
4112207-002,2024,PR,JANIÓPOLIS,4112207,Green Eletron,PEV fixo,Ativo,28/11/2024
3106200-087,2024,MG,BELO HORIZONTE,3106200,Sistema individual,Campanha itinerante,Ativo,11/10/2020
2309300-003,2024,CE,Nova Russas,2309300,Green Eletron,PEV fixo,Ativo,04/09/2024
2300705-001,2024,CE,Alto Santo,2300705,Green Eletron,Ponto de consolidação,Ativo,25/03/2020
3118601-000,2024,MG,Contagem,3118601,Green Eletron,PEV fixo,Ativo,12/09/2019
2304400-019,2024,CE,Fortaleza,2304400,ABREE,Ponto de consolidação,Ativo,12/11/2019
3303856-001,2024,RJ,PATY DO ALFERES,3303856,ABREE,PEV fixo,Ativo,06/04/2023
4314902-046,2024,RS,PORTO ALEGRE,4314902,Sistema individual,PEV fixo,Ativo,02/05/2020
2304400-052,2024,CE,FORTALEZA,2304400,Sistema individual,PEV fixo,Ativo,12/08/2021
3101003-000,2024,MG,ÁGUAS VERMELHAS,3101003,ABREE,PEV fixo,Ativo,23/08/2022
3167202-004,2024,MG,Sete Lagoas,3167202,ABREE,PEV fixo,Ativo,01/10/2024
3106200-103,2024,MG,BELO HORIZONTE,3106200,ABREE,PEV fixo,Ativo,10/02/2021
3532900-018,2024,SP,Nova Europa,3532900,Sistema individual,PEV fixo,Ativo,27/07/2022
3305752-001,2024,RJ,Tangua,3305752,Green Eletron,Ponto de consolidação,Ativo,13/02/2020
5208152-000,2024,GO,Gameleira de Goiás,5208152,Green Eletron,PEV fixo,Ativo,12/10/2019
4128625-000,2024,PR,Alto Paraíso,4128625,Green Eletron,PEV fixo,Ativo,13/04/2022
4115457-007,2024,PR,Marquinho,4115457,ABREE,Campanha itinerante,Ativo,12/02/2022
3106200-075,2024,MG,BELO HORIZONTE,3106200,Sistema individual,Ponto de consolidação,Ativo,16/01/2020
2304004-000,2024,CE,COREAÚ,2304004,Green Eletron,Campanha itinerante,Ativo,03/08/2019
5300108-072,2024,DF,BRASÍLIA,5300108,Green Eletron,PEV fixo,Ativo,07/10/2021
3106200-260,2024,MG,Belo Horizonte,3106200,ABREE,PEV fixo,Ativo,24/04/2023
3550308-263,2024,SP,São Paulo,3550308,Sistema individual,PEV fixo,Ativo,04/11/2022
3501608-003,2024,SP,Americana,3501608,Green Eletron,PEV fixo,Ativo,18/02/2023
3114907-000,2024,MG,  Casa Grande ,3114907,Green Eletron,Ponto de consolidação,Ativo,19/10/2023
2927408-078,2024,BA,SALVADOR,2927408,ABREE,PEV fixo,Ativo,14/06/2021
2703205-000,2024,AL,Igreja Nova,2703205,ABREE,PEV fixo,Ativo,17/05/2022
2106102-000,2024,MA,Loreto,2106102,Green Eletron,PEV fixo,Ativo,18/11/2019
5100805-001,2024,MT,Apiacás,5100805,Green Eletron,PEV fixo,Ativo,01/11/2024
5300108-081,2024,DF,BRASÍLIA,5300108,ABREE,PEV fixo,Ativo,01/02/2022
4302253-000,2024,RS,Boa Vista do Sul,4302253,ABREE,PEV fixo,Ativo,07/06/2023
4314902-040,2024,RS,Porto Alegre,4314902,ABREE,PEV fixo,Ativo,23/01/2020
2901957-000,2024,BA,Apuarema,2901957,Green Eletron,PEV fixo,Ativo,01/10/2022
4126801-001,2024,PR,Tapejara,4126801,ABREE,Ponto de consolidação,Ativo,03/06/2024
3532009-011,2024,SP,Morungaba,3532009,ABREE,PEV fixo,Ativo,01/10/2021
2611606-099,2024,PE,Recife,2611606,Sistema individual,PEV fixo,Ativo,15/04/2024
3544004-003,2024,SP,Rio das Pedras,3544004,ABREE,PEV fixo,Ativo,10/10/2022
3106200-000,2024,MG,Belo Horizonte,3106200,Green Eletron,PEV fixo,Ativo,25/07/2020
3552502-001,2024,SP,Suzano,3552502,ABREE,PEV fixo,Ativo,09/11/2022
3170800-000,2024,MG,Várzea da Palma,3170800,Green Eletron,Campanha itinerante,Ativo,18/04/2022
4211603-000,2024,SC,Nova Veneza,4211603,Green Eletron,PEV fixo,Ativo,28/12/2019
2100436-000,2024,MA,ALTO ALEGRE DO MARANHÃO,2100436,ABREE,PEV fixo,Ativo,18/01/2024
3122702-000,2024,MG,Dom Silverio,3122702,Green Eletron,Campanha itinerante,Ativo,22/06/2019
2605152-002,2024,PE,DORMENTES,2605152,Green Eletron,PEV fixo,Ativo,26/01/2022
4114005-000,2024,PR,MAMBORÊ,4114005,ABREE,PEV fixo,Ativo,08/08/2023
3522208-000,2024,SP,Itapecerica da Serra,3522208,ABREE,PEV fixo,Ativo,04/06/2020
3544251-001,2024,SP,Rosana,3544251,Sistema individual,PEV fixo,Ativo,20/05/2022
3525607-003,2024,SP,JOÃO RAMALHO,3525607,ABREE,PEV fixo,Ativo,01/11/2020
2101939-002,2024,MA,BERNARDO DO MEARIM,2101939,ABREE,Campanha itinerante,Ativo,21/10/2020
3533254-001,2024,SP,Novais,3533254,Green Eletron,PEV fixo,Ativo,15/05/2023
1300086-000,2024,AM,Anamã,1300086,ABREE,PEV fixo,Ativo,21/10/2020
3106200-161,2024,MG,Belo Horizonte,3106200,ABREE,PEV fixo,Ativo,13/02/2022
2304400-040,2024,CE,FORTALEZA,2304400,Green Eletron,PEV fixo,Ativo,22/08/2020
3106200-089,2024,MG,Belo Horizonte,3106200,Sistema individual,PEV fixo,Ativo,01/03/2020
4314902-038,2024,RS,Porto Alegre,4314902,ABREE,PEV fixo,Ativo,25/12/2020
2301604-006,2024,CE,Assaré,2301604,ABREE,PEV fixo,Ativo,22/08/2023
2408102-022,2024,RN,Natal,2408102,Green Eletron,PEV fixo,Ativo,12/08/2023
3532504-003,2024,SP,  Neves Paulista ,3532504,ABREE,PEV fixo,Ativo,24/05/2021
3521903-001,2024,SP,  Itajobi ,3521903,Green Eletron,PEV fixo,Ativo,21/04/2022
3139904-000,2024,MG,Maria da Fé,3139904,ABREE,Campanha itinerante,Ativo,13/05/2021
3136579-000,2024,MG,Josenópolis,3136579,ABREE,Ponto de consolidação,Ativo,17/05/2020
4311239-000,2024,RS,Lagoa Bonita do Sul,4311239,Green Eletron,PEV fixo,Ativo,26/04/2024
3549904-000,2024,SP,SÃO JOSÉ DOS CAMPOS,3549904,ABREE,PEV fixo,Ativo,08/03/2020
3533304-000,2024,SP,Nova Luzitânia,3533304,Green Eletron,Campanha itinerante,Ativo,07/09/2021
4314902-067,2024,RS,  Porto Alegre ,4314902,Green Eletron,PEV fixo,Ativo,19/04/2021
2902708-000,2024,BA,Barra,2902708,ABREE,PEV fixo,Ativo,01/01/2020
5213400-000,2024,GO,  Moiporá ,,Green Eletron,PEV fixo,Ativo,02/05/2024
5100805-000,2024,MT,Apiacás,5100805,Green Eletron,PEV fixo,Ativo,14/02/2021
3532900-021,2024,SP,Nova Europa,3532900,ABREE,PEV fixo,Ativo,15/07/2022
1711100-000,2024,TO,Itaporã do Tocantins,1711100,ABREE,PEV fixo,Ativo,11/02/2024
3155900-001,2024,MG,RIO PRETO,3155900,Green Eletron,PEV fixo,Ativo,18/06/2022
3504008-000,2024,SP,Assis,3504008,ABREE,PEV fixo,Ativo,14/04/2019
2503704-000,2024,PB,Cajazeiras,2503704,Green Eletron,PEV fixo,Ativo,16/07/2023
4314902-133,2024,RS,PORTO ALEGRE,4314902,Sistema individual,PEV fixo,Ativo,23/05/2023
3302502-006,2024,RJ,Magé,3302502,Green Eletron,PEV fixo,Ativo,20/01/2022
2103752-000,2024,MA,Davinópolis,2103752,ABREE,PEV fixo,Ativo,01/10/2024
2800308-017,2024,SE,ARACAJU,2800308,Sistema individual,PEV fixo,Ativo,19/01/2021
3106200-079,2024,MG,Belo Horizonte,3106200,ABREE,Ponto de consolidação,Ativo,24/02/2020
3301900-001,2024,RJ,Itaborai,3301900,ABREE,PEV fixo,Ativo,05/10/2023
4106902-042,2024,PR,Curitiba,4106902,Sistema individual,Ponto de consolidação,Ativo,02/08/2021
3543006-005,2024,SP,Ribeirão Branco,3543006,ABREE,PEV fixo,Ativo,21/07/2022
4310363-000,2024,RS,IMIGRANTE,4310363,ABREE,Campanha itinerante,Ativo,24/05/2023
2102002-000,2024,MA,Bom Jardim,2102002,Green Eletron,Campanha itinerante,Ativo,13/09/2023
5103403-005,2024,MT,  Cuiabá ,5103403,Green Eletron,Ponto de consolidação,Ativo,16/10/2020
2924678-000,2024,BA,Piraí do Norte,2924678,Green Eletron,Campanha itinerante,Ativo,05/05/2022
3510302-001,2024,SP,Capela do Alto,3510302,ABREE,PEV fixo,Ativo,25/07/2022
2308005-000,2024,CE,Massapê,2308005,ABREE,Ponto de consolidação,Ativo,18/09/2024
3304557-010,2024,RJ,Rio de Janeiro,3304557,ABREE,PEV fixo,Ativo,23/03/2020
2304400-018,2024,CE,Fortaleza,2304400,ABREE,PEV fixo,Ativo,15/11/2019
3550308-171,2024,SP,São Paulo,3550308,Green Eletron,PEV fixo,Ativo,20/09/2020
3538808-033,2024,SP,Piraju,3538808,Green Eletron,PEV fixo,Ativo,02/10/2023
3201100-000,2024,ES,Bom Jesus do Norte,3201100,ABREE,Ponto de consolidação,Ativo,14/07/2022
2304400-100,2024,CE,Fortaleza,2304400,Green Eletron,PEV fixo,Ativo,17/06/2023
3127354-000,2024,MG,Glaucilândia,3127354,ABREE,PEV fixo,Ativo,06/08/2024
2616183-009,2024,PE,Vertente do Lerio,2616183,ABREE,PEV fixo,Ativo,07/10/2022
5103403-010,2024,MT,Cuiabá,5103403,ABREE,PEV fixo,Ativo,25/12/2022
4302378-000,2024,RS,Bom Progresso,4302378,ABREE,PEV fixo,Ativo,26/02/2024
2601102-000,2024,PE,Araripina,2601102,ABREE,PEV fixo,Ativo,27/12/2021
3532900-013,2024,SP,NOVA EUROPA,3532900,Sistema individual,Ponto de consolidação,Ativo,28/02/2021
3525607-002,2024,SP,JOÃO RAMALHO,3525607,Green Eletron,PEV fixo,Ativo,17/09/2020
3305901-000,2024,RJ,Trajano de Moraes,3305901,Sistema individual,PEV fixo,Ativo,07/11/2024
2101970-000,2024,MA,Boa Vista do Gurupi,2101970,Green Eletron,PEV fixo,Ativo,26/10/2024
3549904-007,2024,SP,São José dos Campos,3549904,Green Eletron,PEV fixo,Ativo,25/07/2023
3518503-003,2024,SP,GUAREÍ,3518503,ABREE,Campanha itinerante,Ativo,19/02/2024
2611606-092,2024,PE,Recife,2611606,Green Eletron,Ponto de consolidação,Ativo,06/03/2023
3538808-009,2024,SP,Piraju,3538808,ABREE,PEV fixo,Ativo,02/09/2019
3109501-000,2024,MG,Cabo Verde,3109501,ABREE,PEV fixo,Ativo,11/02/2022
3301108-000,2024,RJ,Cantagalo,3301108,ABREE,PEV fixo,Ativo,24/01/2020
3304557-124,2024,RJ,Rio de Janeiro,3304557,ABREE,Campanha itinerante,Ativo,18/07/2022
3525201-015,2024,SP,Jarinu,3525201,ABREE,PEV fixo,Ativo,25/12/2024
1504406-000,2024,PA,Marapanim,1504406,ABREE,PEV fixo,Ativo,01/02/2019
3550308-043,2024,SP,São Paulo,3550308,ABREE,PEV fixo,Ativo,27/09/2019
3503802-000,2024,SP,Artur Nogueira,3503802,ABREE,PEV fixo,Ativo,22/12/2019
2104206-001,2024,MA,  Fortuna ,2104206,ABREE,PEV fixo,Ativo,14/03/2022
2507507-000,2024,PB,João Pessoa,2507507,Green Eletron,PEV fixo,Ativo,06/06/2019
5200803-000,2024,GO,Alvorada do Norte,5200803,ABREE,PEV fixo,Ativo,20/03/2020
3117207-000,2024,MG,  Conceição das Pedras ,3117207,ABREE,PEV fixo,Ativo,28/04/2023
2409704-000,2024,RN,Pedro Avelino,2409704,Green Eletron,PEV fixo,Ativo,21/10/2022
2502003-000,2024,PB,Belém do Brejo do Cruz,2502003,Green Eletron,PEV fixo,Ativo,28/09/2024
4309654-000,2024,RS,HULHA NEGRA,4309654,ABREE,PEV fixo,Ativo,05/01/2023
4308409-000,2024,RS,Formigueiro,4308409,Green Eletron,PEV fixo,Ativo,10/07/2024
2611606-000,2024,PE,Recife,2611606,Green Eletron,PEV fixo,Ativo,03/02/2020
3106200-134,2024,MG,  Belo Horizonte ,3106200,Green Eletron,PEV fixo,Ativo,05/10/2021
5103403-007,2024,MT,Cuiabá,5103403,ABREE,PEV fixo,Ativo,09/06/2021
3305505-005,2024,RJ,Saquarema,3305505,Sistema individual,PEV fixo,Ativo,08/07/2024
2610103-002,2024,PE,  Palmeirina ,2610103,ABREE,PEV fixo,Ativo,04/02/2022
2903276-000,2024,BA,Barrocas,2903276,ABREE,PEV fixo,Ativo,16/10/2022
2301604-007,2024,CE,Assare,2301604,Green Eletron,PEV fixo,Ativo,12/06/2023
3304557-181,2024,RJ,Rio de Janeiro,3304557,Green Eletron,PEV fixo,Ativo,26/09/2023
2507507-012,2024,PB,JOÃO PESSOA,2507507,Green Eletron,PEV fixo,Ativo,21/05/2022
3550308-307,2024,SP,São Paulo,3550308,ABREE,PEV fixo,Ativo,17/02/2022
3550308-351,2024,SP,São Paulo,3550308,Sistema individual,PEV fixo,Ativo,05/01/2023
4124806-000,2024,PR,São João,4124806,ABREE,PEV fixo,Ativo,26/01/2019
2903607-000,2024,BA,Biritinga,2903607,ABREE,Ponto de consolidação,Ativo,25/05/2024
4128401-003,2024,PR,Uraí,4128401,Green Eletron,PEV fixo,Ativo,04/09/2022
4314902-056,2024,RS,Porto Alegre,4314902,ABREE,Ponto de consolidação,Ativo,12/11/2021
4123402-000,2024,PR,SANTA FÉ,4123402,Sistema individual,PEV fixo,Ativo,14/03/2019
2927408-069,2024,BA,Salvador,2927408,ABREE,PEV fixo,Ativo,03/10/2020
2930774-000,2024,BA,Sobradinho,2930774,Green Eletron,Ponto de consolidação,Ativo,02/12/2022
4314902-159,2024,RS,Porto Alegre,4314902,ABREE,PEV fixo,Ativo,14/01/2023
4120507-000,2024,PR,Primeiro de Maio,4120507,Green Eletron,Campanha itinerante,Ativo,17/01/2021
2112209-000,2024,MA,Timon,2112209,ABREE,PEV fixo,Ativo,12/11/2021
1304260-001,2024,AM,UARINI,1304260,Green Eletron,PEV fixo,Ativo,18/05/2021
1200401-005,2024,AC,Rio Branco,1200401,Green Eletron,PEV fixo,Ativo,19/03/2022
3106200-046,2024,MG,BELO HORIZONTE,3106200,ABREE,PEV fixo,Ativo,07/11/2020
5003751-000,2024,MS,Eldorado,5003751,ABREE,PEV fixo,Ativo,20/06/2024
4314902-170,2024,RS,  Porto Alegre ,4314902,ABREE,PEV fixo,Ativo,18/01/2024
2801207-000,2024,SE,Canindé de São Francisco,2801207,Green Eletron,PEV fixo,Ativo,09/09/2021
2111300-085,2024,MA,Sao Luis,2111300,ABREE,Campanha itinerante,Ativo,04/11/2022
3106200-144,2024,MG,Belo Horizonte,3106200,Green Eletron,PEV fixo,Ativo,05/09/2021
1501402-018,2024,PA,Belém,1501402,Green Eletron,PEV fixo,Ativo,23/03/2022
2501351-000,2024,PB,  Assunção ,2501351,Green Eletron,PEV fixo,Ativo,08/03/2020
3305752-000,2024,RJ,Tanguá,3305752,Green Eletron,PEV fixo,Ativo,15/03/2020
3106200-070,2024,MG,Belo Horizonte,3106200,Green Eletron,Campanha itinerante,Ativo,14/06/2020
3506300-000,2024,SP,BERNARDINO DE CAMPOS,3506300,Green Eletron,PEV fixo,Ativo,12/12/2024
2707305-000,2024,AL,Porto Calvo,2707305,Green Eletron,PEV fixo,Ativo,11/05/2024
3522901-001,2024,SP,Itapuí,3522901,Green Eletron,PEV fixo,Ativo,25/11/2021
2305209-000,2024,CE,Hidrolândia,2305209,ABREE,PEV fixo,Ativo,06/02/2019
3539509-000,2024,SP,Pitangueiras,3539509,ABREE,PEV fixo,Ativo,09/06/2019
3550308-004,2024,SP,SÃO PAULO,3550308,ABREE,PEV fixo,Ativo,11/06/2019
3106200-211,2024,MG,Belo Horizonte,3106200,ABREE,PEV fixo,Ativo,28/02/2022
2111300-045,2024,MA,São Luís,2111300,ABREE,PEV fixo,Ativo,13/06/2020
3551306-006,2024,SP,Sebastianópolis do Sul,3551306,Green Eletron,PEV fixo,Ativo,26/01/2022
3535309-000,2024,SP,Palmital,3535309,ABREE,PEV fixo,Ativo,27/09/2021
4205407-079,2024,SC,  Florianópolis ,4205407,Green Eletron,Campanha itinerante,Ativo,09/10/2023
5300108-019,2024,DF,Brasília,5300108,ABREE,Ponto de consolidação,Ativo,17/02/2019
3170305-000,2024,MG,Umburatiba,3170305,Green Eletron,PEV fixo,Ativo,18/05/2019
3122603-000,2024,MG,DOM JOAQUIM,3122603,Green Eletron,PEV fixo,Ativo,16/07/2022
3550308-115,2024,SP,SÃO PAULO,3550308,Green Eletron,Ponto de consolidação,Ativo,23/12/2020
3106200-055,2024,MG,Belo Horizonte,3106200,Green Eletron,PEV fixo,Ativo,28/04/2020
2905602-000,2024,BA,  Camacan ,2905602,ABREE,PEV fixo,Ativo,16/05/2020
3550308-196,2024,SP,SÃO PAULO,3550308,ABREE,PEV fixo,Ativo,23/03/2021
4316733-000,2024,RS,Santa Cecília do Sul,,Green Eletron,Ponto de consolidação,Ativo,02/04/2021
3302403-005,2024,RJ,Macaé,3302403,Green Eletron,PEV fixo,Ativo,01/04/2020
2602902-000,2024,PE,Cabo de Santo Agostinho,2602902,Green Eletron,Campanha itinerante,Ativo,13/02/2019
2207850-002,2024,PI,Pavussu,2207850,Green Eletron,PEV fixo,Ativo,23/10/2023
3550308-091,2024,SP,São Paulo,3550308,Green Eletron,PEV fixo,Ativo,11/03/2019
5300108-063,2024,DF,BRASÍLIA,5300108,Green Eletron,PEV fixo,Ativo,26/03/2021
5212808-000,2024,GO,Mara Rosa,5212808,ABREE,Campanha itinerante,Ativo,28/10/2023
3553500-000,2024,SP,Tapirai,3553500,Green Eletron,PEV fixo,Ativo,04/12/2020
5300108-056,2024,DF,BRASÍLIA,5300108,ABREE,PEV fixo,Ativo,18/06/2021
3532603-003,2024,SP,Nhandeara,3532603,ABREE,PEV fixo,Ativo,11/02/2023
3302106-000,2024,RJ,  Itaocara ,3302106,Sistema individual,PEV fixo,Ativo,12/09/2020
3538105-000,2024,SP,Pindorama,3538105,ABREE,PEV fixo,Ativo,02/07/2023
2304400-054,2024,CE,Fortaleza,2304400,Green Eletron,PEV fixo,Ativo,18/11/2021
5205521-000,2024,GO,COLINAS DO SUL,5205521,Green Eletron,PEV fixo,Ativo,07/08/2024
4102000-000,2024,PR,Assis Chateaubriand,4102000,ABREE,PEV fixo,Ativo,21/04/2022
4314902-028,2024,RS,Porto Alegre,4314902,ABREE,PEV fixo,Ativo,13/03/2020
3550308-208,2024,SP,São Paulo,3550308,Sistema individual,PEV fixo,Ativo,15/03/2021
4106902-018,2024,PR,Curitiba,4106902,ABREE,Ponto de consolidação,Ativo,09/03/2020
4304408-000,2024,RS,Canela,4304408,Green Eletron,PEV fixo,Ativo,03/10/2021
4102307-000,2024,PR,Balsa Nova,4102307,ABREE,PEV fixo,Ativo,10/04/2019
2111300-033,2024,MA,São Luís,2111300,Green Eletron,PEV fixo,Ativo,26/04/2020
3304557-182,2024,RJ,Rio de Janeiro,3304557,ABREE,PEV fixo,Ativo,25/01/2023
2507200-000,2024,PB,Itatuba,2507200,ABREE,Ponto de consolidação,Ativo,12/10/2024
3532306-006,2024,SP,Natividade da Serra,3532306,ABREE,PEV fixo,Ativo,17/02/2021
3550308-205,2024,SP,SÃO PAULO,3550308,ABREE,PEV fixo,Ativo,23/11/2021
3529708-004,2024,SP,MIGUELÓPOLIS,3529708,ABREE,PEV fixo,Ativo,07/03/2023
3304557-104,2024,RJ,Rio de Janeiro,3304557,Green Eletron,PEV fixo,Ativo,14/10/2021
3541000-000,2024,SP,Praia Grande,3541000,ABREE,PEV fixo,Ativo,13/12/2022
5300108-005,2024,DF,Brasilia,5300108,Green Eletron,PEV fixo,Ativo,26/05/2019
2803708-000,2024,SE,Macambira,2803708,ABREE,Ponto de consolidação,Ativo,17/12/2020
3300233-000,2024,RJ,Armação dos Búzios,3300233,Green Eletron,PEV fixo,Ativo,06/04/2023
3304557-083,2024,RJ,Rio de Janeiro,3304557,ABREE,PEV fixo,Ativo,09/04/2021
2930600-000,2024,BA,Serrolandia,2930600,ABREE,PEV fixo,Ativo,23/08/2022
2932408-000,2024,BA,UIBAÍ,2932408,Green Eletron,PEV fixo,Ativo,16/11/2021
1503077-000,2024,PA,Garrafao do Norte,1503077,Green Eletron,PEV fixo,Ativo,18/04/2019
3304557-054,2024,RJ,RIO DE JANEIRO,3304557,Green Eletron,Campanha itinerante,Ativo,12/03/2020
3139607-000,2024,MG,MANTENA,3139607,ABREE,PEV fixo,Ativo,10/03/2024
3106200-192,2024,MG,BELO HORIZONTE,3106200,ABREE,PEV fixo,Ativo,26/02/2022
3549904-008,2024,SP,São José dos Campos,3549904,Green Eletron,Campanha itinerante,Ativo,07/02/2023
2600203-000,2024,PE,Afrânio,2600203,Sistema individual,Ponto de consolidação,Ativo,05/08/2019
3106200-282,2024,MG,BELO HORIZONTE,3106200,ABREE,Campanha itinerante,Ativo,22/02/2023
4314902-099,2024,RS,PORTO ALEGRE,4314902,ABREE,Ponto de consolidação,Ativo,23/02/2022
2304400-083,2024,CE,Fortaleza,2304400,ABREE,PEV fixo,Ativo,16/08/2022
4106902-010,2024,PR,Curitiba,4106902,ABREE,PEV fixo,Ativo,15/03/2020
5002704-008,2024,MS,Campo Grande,5002704,Green Eletron,PEV fixo,Ativo,20/01/2022
2927408-008,2024,BA,SALVADOR,2927408,Green Eletron,PEV fixo,Ativo,24/06/2019
3106200-200,2024,MG,BELO HORIZONTE,3106200,Green Eletron,PEV fixo,Ativo,19/09/2022
3550308-357,2024,SP,  São Paulo ,3550308,ABREE,PEV fixo,Ativo,14/11/2023
5204102-000,2024,GO,Cachoeira Alta,5204102,Green Eletron,Campanha itinerante,Ativo,27/12/2020
2304251-001,2024,CE,Cruz,2304251,Green Eletron,PEV fixo,Ativo,01/02/2019
3550308-324,2024,SP,SÃO PAULO,3550308,ABREE,PEV fixo,Ativo,28/09/2023
3118809-000,2024,MG,  Coração de Jesus ,3118809,Green Eletron,PEV fixo,Ativo,21/06/2024
3304557-031,2024,RJ,Rio de Janeiro,3304557,ABREE,PEV fixo,Ativo,26/11/2020
2901700-000,2024,BA,  Antônio Cardoso ,2901700,ABREE,PEV fixo,Ativo,23/08/2020
5204607-000,2024,GO,Campestre de Goiás,5204607,ABREE,Campanha itinerante,Ativo,05/02/2020
3533106-000,2024,SP,Nova Guataporanga,3533106,Green Eletron,PEV fixo,Ativo,06/08/2021
4115754-000,2024,PR,MAUÁ DA SERRA,4115754,ABREE,PEV fixo,Ativo,14/01/2019
4205407-035,2024,SC,Florianópolis,4205407,Sistema individual,PEV fixo,Ativo,12/03/2020
2208502-000,2024,PI,Porto,2208502,Green Eletron,PEV fixo,Ativo,21/09/2019
3518503-000,2024,SP,Guareí,3518503,ABREE,PEV fixo,Ativo,10/05/2022
5102603-000,2024,MT,CAMPINÁPOLIS,5102603,ABREE,PEV fixo,Ativo,10/05/2020
3514809-000,2024,SP,Eldorado,3514809,ABREE,PEV fixo,Ativo,15/08/2020
4308854-000,2024,RS,Gentil,4308854,ABREE,PEV fixo,Ativo,20/08/2023
3555109-016,2024,SP,Tupi Paulista,3555109,Green Eletron,PEV fixo,Ativo,20/02/2023
5105259-000,2024,MT,Lucas do Rio Verde,5105259,ABREE,PEV fixo,Ativo,03/06/2021
3304557-084,2024,RJ,Rio de Janeiro,3304557,ABREE,PEV fixo,Ativo,06/07/2021
2209658-000,2024,PI,São Francisco de Assis do Piauí,2209658,ABREE,PEV fixo,Ativo,22/09/2020
1508209-003,2024,PA,Vigia,1508209,Green Eletron,Campanha itinerante,Ativo,23/09/2019
4304630-000,2024,RS,CAPÃO DA CANOA,4304630,ABREE,PEV fixo,Ativo,17/12/2022
3545803-001,2024,SP,Santa Bárbara d'Oeste,3545803,Green Eletron,PEV fixo,Ativo,11/08/2021
2300705-011,2024,CE,Alto Santo,2300705,ABREE,PEV fixo,Ativo,28/11/2023
3514700-000,2024,SP,Echaporã,3514700,Green Eletron,PEV fixo,Ativo,26/08/2023
5106315-000,2024,MT,Novo Santo Antônio,5106315,ABREE,PEV fixo,Ativo,11/07/2022
2111300-027,2024,MA,São Luís,2111300,Green Eletron,PEV fixo,Ativo,03/08/2019
2929107-000,2024,BA,  São Felipe ,2929107,ABREE,PEV fixo,Ativo,25/09/2020
3549508-007,2024,SP,São José da Bela Vista,3549508,ABREE,PEV fixo,Ativo,19/09/2022
2207702-000,2024,PI,Parnaíba,2207702,Green Eletron,PEV fixo,Ativo,02/04/2023
5219902-000,2024,GO,  São Francisco de Goiás ,5219902,Sistema individual,PEV fixo,Ativo,07/11/2019
5005202-000,2024,MS,Ladário,5005202,Green Eletron,Ponto de consolidação,Ativo,26/09/2023
2905503-001,2024,BA,CALDEIRÃO GRANDE,2905503,Green Eletron,PEV fixo,Ativo,06/12/2020
4122651-000,2024,PR,Rosário do Ivaí,4122651,ABREE,Campanha itinerante,Ativo,14/09/2023
1508209-005,2024,PA,Vigia,1508209,Green Eletron,Ponto de consolidação,Ativo,15/08/2020
2111706-000,2024,MA,Sao Vicente Ferrer,2111706,ABREE,Ponto de consolidação,Ativo,26/02/2019
3504701-000,2024,SP,BALBINOS,3504701,ABREE,PEV fixo,Ativo,21/05/2021
2919926-000,2024,BA,  Madre de Deus ,2919926,Green Eletron,PEV fixo,Ativo,09/11/2022
1300680-002,2024,AM,Boa Vista do Ramos,1300680,Green Eletron,PEV fixo,Ativo,21/07/2024
5300108-006,2024,DF,BRASÍLIA,5300108,Green Eletron,PEV fixo,Ativo,23/10/2019
3304557-122,2024,RJ,Rio de Janeiro,3304557,ABREE,PEV fixo,Inativo,03/06/2022
5104500-001,2024,MT,Indiavaí,5104500,Green Eletron,PEV fixo,Ativo,25/05/2022
3132008-000,2024,MG,Itacambira,3132008,Green Eletron,Ponto de consolidação,Ativo,02/02/2022
2111201-000,2024,MA,SÃO JOSÉ DE RIBAMAR,2111201,ABREE,PEV fixo,Ativo,15/02/2021
3550308-310,2024,SP,São Paulo,3550308,ABREE,PEV fixo,Ativo,15/09/2022
3304557-052,2024,RJ,Rio de Janeiro,3304557,Green Eletron,Ponto de consolidação,Ativo,22/05/2020
4310207-006,2024,RS,  Ijuí ,4310207,Sistema individual,PEV fixo,Ativo,17/07/2021
5208707-006,2024,GO,Goiânia,5208707,Green Eletron,PEV fixo,Ativo,27/09/2019
2925303-000,2024,BA,Porto Seguro,2925303,Green Eletron,PEV fixo,Ativo,14/12/2019
5300108-028,2024,DF,Brasília,5300108,ABREE,PEV fixo,Ativo,19/08/2019
3166204-000,2024,MG,SENHORA DOS REMÉDIOS,3166204,Sistema individual,PEV fixo,Ativo,15/03/2021
3531803-000,2024,SP,MONTE MOR,3531803,Green Eletron,PEV fixo,Ativo,03/12/2020
3555109-000,2024,SP,Tupi Paulista,3555109,ABREE,PEV fixo,Ativo,12/12/2020
2111300-069,2024,MA,São Luís,2111300,ABREE,PEV fixo,Ativo,14/01/2021
2309904-004,2024,CE,Pacuja,2309904,ABREE,PEV fixo,Ativo,27/11/2021
4313441-000,2024,RS,Novo Tiradentes,4313441,Sistema individual,PEV fixo,Ativo,06/10/2024
2600708-001,2024,PE,Aliança,2600708,Green Eletron,Ponto de consolidação,Ativo,25/11/2021
2513968-000,2024,PB,Sao Domingos,2513968,Sistema individual,PEV fixo,Ativo,28/10/2024
3551306-008,2024,SP,SEBASTIANÓPOLIS DO SUL,3551306,Green Eletron,PEV fixo,Ativo,23/09/2023
3553807-003,2024,SP,Taquarituba,3553807,Green Eletron,PEV fixo,Ativo,25/05/2024
2407906-000,2024,RN,MONTE DAS GAMELEIRAS,2407906,Green Eletron,PEV fixo,Ativo,03/02/2023
2408102-010,2024,RN,Natal,2408102,ABREE,PEV fixo,Ativo,10/02/2021
2612471-000,2024,PE,  Santa Cruz da Baixa Verde ,2612471,Green Eletron,PEV fixo,Ativo,05/10/2022
4314902-012,2024,RS,Porto Alegre,4314902,ABREE,PEV fixo,Ativo,01/05/2020
4205407-065,2024,SC,Florianópolis,4205407,ABREE,Campanha itinerante,Ativo,17/06/2022
2111300-034,2024,MA,São Luís,2111300,ABREE,PEV fixo,Ativo,20/02/2020
1400506-000,2024,RR,SÃO JOÃO DA BALIZA,1400506,Green Eletron,PEV fixo,Ativo,10/06/2019
3106200-301,2024,MG,Belo Horizonte,3106200,ABREE,PEV fixo,Ativo,01/03/2024
3203130-000,2024,ES,JOÃO NEIVA,3203130,ABREE,PEV fixo,Ativo,24/07/2021
3110806-001,2024,MG,CAMPANÁRIO,3110806,ABREE,PEV fixo,Inativo,15/01/2024
1504208-003,2024,PA,MARABÁ,1504208,Green Eletron,PEV fixo,Ativo,09/06/2021
3134608-000,2024,MG,JABOTICATUBAS,3134608,ABREE,PEV fixo,Ativo,09/03/2023
2111789-000,2024,MA,Serrano do Maranhão,2111789,Green Eletron,PEV fixo,Ativo,07/10/2020
1500107-000,2024,PA,ABAETETUBA,1500107,ABREE,PEV fixo,Ativo,08/05/2021
3304557-024,2024,RJ,Rio de Janeiro,3304557,ABREE,Ponto de consolidação,Ativo,07/12/2020
3106200-217,2024,MG,Belo Horizonte,3106200,ABREE,PEV fixo,Ativo,05/01/2022
3305307-009,2024,RJ,São Sebastião do Alto,3305307,ABREE,PEV fixo,Ativo,22/11/2021
3550308-006,2024,SP,São Paulo,3550308,ABREE,PEV fixo,Ativo,13/04/2019
2304400-093,2024,CE,FORTALEZA,2304400,Green Eletron,PEV fixo,Inativo,04/08/2023
5006358-000,2024,MS,Paranhos,5006358,Green Eletron,PEV fixo,Ativo,03/02/2021
2300705-009,2024,CE,Alto Santo,2300705,ABREE,PEV fixo,Ativo,22/07/2022
2927408-056,2024,BA,Salvador,2927408,ABREE,PEV fixo,Ativo,15/11/2020
4300455-000,2024,RS,  Alegria ,4300455,ABREE,PEV fixo,Ativo,13/11/2019
3106200-262,2024,MG,BELO HORIZONTE,3106200,ABREE,PEV fixo,Ativo,05/10/2023
4121307-000,2024,PR,RANCHO ALEGRE,4121307,Green Eletron,PEV fixo,Ativo,12/03/2023
2111300-036,2024,MA,São Luís,2111300,Green Eletron,PEV fixo,Ativo,25/08/2020
3303302-008,2024,RJ,Niteroi,3303302,Green Eletron,PEV fixo,Ativo,15/11/2022
2108405-000,2024,MA,Peri Mirim,2108405,Green Eletron,PEV fixo,Ativo,12/11/2020
1720978-000,2024,TO,Talismã,1720978,ABREE,PEV fixo,Ativo,01/02/2020
3500808-000,2024,SP,Alfredo Marcondes,3500808,ABREE,PEV fixo,Ativo,04/04/2022
3550308-346,2024,SP,Sao Paulo,3550308,Green Eletron,PEV fixo,Ativo,04/06/2023
2602902-007,2024,PE,Cabo de Santo Agostinho,2602902,ABREE,PEV fixo,Ativo,07/12/2022
4204350-000,2024,SC,Cordilheira Alta,4204350,Green Eletron,PEV fixo,Ativo,22/09/2022
5300108-030,2024,DF,BRASÍLIA,5300108,ABREE,PEV fixo,Ativo,26/12/2019
3106200-158,2024,MG,Belo Horizonte,3106200,Green Eletron,Campanha itinerante,Ativo,07/05/2022
2402709-001,2024,RN,Cerro Corá,2402709,ABREE,Campanha itinerante,Ativo,16/11/2024
1500347-000,2024,PA,Água Azul do Norte,1500347,Green Eletron,PEV fixo,Ativo,16/03/2019
4217550-000,2024,SC,SERRA ALTA,4217550,Green Eletron,PEV fixo,Ativo,12/07/2023
2209856-000,2024,PI,  São João da Canabrava ,2209856,Green Eletron,PEV fixo,Ativo,22/01/2019
4307708-000,2024,RS,Esteio,4307708,ABREE,PEV fixo,Ativo,09/11/2020
3550308-327,2024,SP,Sao Paulo,3550308,ABREE,PEV fixo,Ativo,01/12/2023
5002704-014,2024,MS,CAMPO GRANDE,5002704,ABREE,PEV fixo,Ativo,08/04/2024
5215207-008,2024,GO,Novo Brasil,5215207,ABREE,Campanha itinerante,Ativo,26/11/2022
4215356-000,2024,SC,Saltinho,4215356,ABREE,PEV fixo,Ativo,03/05/2020
4120333-000,2024,PR,PRADO FERREIRA,4120333,ABREE,Campanha itinerante,Ativo,13/07/2019
5002902-000,2024,MS,Cassilandia,5002902,Green Eletron,PEV fixo,Ativo,25/06/2022
3302403-015,2024,RJ,Macae,3302403,Green Eletron,PEV fixo,Ativo,02/06/2023
2804409-000,2024,SE,Neópolis,2804409,Sistema individual,PEV fixo,Ativo,19/05/2019
3134103-000,2024,MG,ITUETA,3134103,ABREE,PEV fixo,Ativo,17/10/2021
2401404-000,2024,RN,  Baía Formosa ,2401404,Green Eletron,PEV fixo,Ativo,04/07/2023
2913309-000,2024,BA,Ichu,2913309,Green Eletron,PEV fixo,Ativo,18/05/2024
3549904-005,2024,SP,São José dos Campos,3549904,ABREE,PEV fixo,Ativo,22/02/2022
3147501-000,2024,MG,Passabém,3147501,ABREE,Campanha itinerante,Ativo,17/09/2023
3157906-000,2024,MG,Santa Margarida,3157906,Green Eletron,PEV fixo,Ativo,16/06/2022
5106000-000,2024,MT,Nortelandia,5106000,Green Eletron,Ponto de consolidação,Ativo,15/10/2021
3305307-006,2024,RJ,  São Sebastião do Alto ,3305307,Green Eletron,PEV fixo,Ativo,15/07/2020
3304557-143,2024,RJ,Rio de Janeiro,3304557,ABREE,PEV fixo,Ativo,01/07/2022
2611606-004,2024,PE,  Recife ,2611606,ABREE,PEV fixo,Ativo,19/03/2020
3550308-190,2024,SP,São Paulo,3550308,Green Eletron,PEV fixo,Ativo,17/12/2021
3550308-051,2024,SP,São Paulo,3550308,Green Eletron,PEV fixo,Ativo,14/10/2019
2312700-000,2024,CE,SENADOR POMPEU,2312700,ABREE,PEV fixo,Ativo,25/07/2019
4314902-125,2024,RS,Porto Alegre,4314902,Green Eletron,PEV fixo,Ativo,16/07/2023
4314902-169,2024,RS,Porto Alegre,4314902,ABREE,Ponto de consolidação,Ativo,04/12/2024
5300108-085,2024,DF,Brasília,,ABREE,PEV fixo,Ativo,17/12/2022
1718659-000,2024,TO,RIO DA CONCEIÇÃO,1718659,ABREE,PEV fixo,Ativo,04/02/2021
2501153-000,2024,PB,Areia de Baraúnas,2501153,ABREE,PEV fixo,Ativo,27/10/2020
4211405-000,2024,SC,Nova Erechim,4211405,Green Eletron,PEV fixo,Inativo,13/04/2022
1400100-001,2024,RR,Boa Vista,1400100,Green Eletron,PEV fixo,Ativo,08/02/2022
3106200-196,2024,MG,Belo Horizonte,3106200,ABREE,PEV fixo,Ativo,04/10/2022
4205407-057,2024,SC,FLORIANÓPOLIS,4205407,ABREE,Campanha itinerante,Ativo,01/03/2021
3304557-201,2024,RJ,RIO DE JANEIRO,3304557,Green Eletron,PEV fixo,Ativo,27/12/2023
2301604-000,2024,CE,Assare,2301604,ABREE,Campanha itinerante,Ativo,01/06/2020
1501402-019,2024,PA,Belém,1501402,Green Eletron,PEV fixo,Ativo,06/10/2022
4205407-009,2024,SC,Florianópolis,4205407,ABREE,PEV fixo,Ativo,15/01/2019
3555307-000,2024,SP,Turmalina,3555307,ABREE,PEV fixo,Ativo,02/12/2024
2930774-001,2024,BA,SOBRADINHO,2930774,Green Eletron,PEV fixo,Inativo,18/06/2023
1501253-000,2024,PA,Bannach,1501253,Green Eletron,PEV fixo,Ativo,02/08/2022
2604007-000,2024,PE,  Carpina ,2604007,Green Eletron,PEV fixo,Ativo,25/08/2019
3304557-195,2024,RJ,Rio de Janeiro,3304557,ABREE,PEV fixo,Ativo,17/06/2023
2516409-000,2024,PB,TACIMA,2516409,Green Eletron,PEV fixo,Ativo,10/08/2021
3119807-000,2024,MG,Córrego Danta,3119807,ABREE,PEV fixo,Ativo,15/10/2019
1301209-000,2024,AM,Coari,1301209,Green Eletron,PEV fixo,Ativo,01/12/2020
4120853-000,2024,PR,Quatro Pontes,4120853,Sistema individual,PEV fixo,Ativo,19/07/2022
1302603-006,2024,AM,Manaus,1302603,ABREE,PEV fixo,Ativo,15/06/2021
2101939-003,2024,MA,Bernardo do Mearim,2101939,Green Eletron,PEV fixo,Ativo,16/07/2021
3528403-000,2024,SP,Mairinque,3528403,ABREE,PEV fixo,Ativo,13/03/2024
3550308-089,2024,SP,SÃO PAULO,3550308,Green Eletron,PEV fixo,Ativo,03/10/2019
3305307-011,2024,RJ,São Sebastião do Alto,3305307,Green Eletron,PEV fixo,Ativo,19/06/2021
5007802-001,2024,MS,Selvíria,5007802,ABREE,PEV fixo,Ativo,11/02/2024
2611606-059,2024,PE,Recife,2611606,Green Eletron,PEV fixo,Ativo,24/09/2022
2304400-031,2024,CE,Fortaleza,2304400,ABREE,PEV fixo,Ativo,17/07/2020
2608404-000,2024,PE,Jurema,2608404,ABREE,PEV fixo,Ativo,22/09/2019
2611002-000,2024,PE,Petrolândia,2611002,Sistema individual,Campanha itinerante,Ativo,17/09/2022
3148004-000,2024,MG,Patos de Minas,3148004,ABREE,PEV fixo,Ativo,11/07/2024
2800308-018,2024,SE,Aracaju,2800308,Green Eletron,PEV fixo,Ativo,16/09/2021
3304557-161,2024,RJ,Rio de Janeiro,3304557,Green Eletron,PEV fixo,Ativo,27/04/2023
3122355-000,2024,MG,Divisa Alegre,3122355,ABREE,PEV fixo,Ativo,25/05/2024
4314902-166,2024,RS,PORTO ALEGRE,4314902,ABREE,Ponto de consolidação,Ativo,28/05/2024
2308351-000,2024,CE,Milha,2308351,ABREE,PEV fixo,Inativo,19/02/2020
4301750-000,2024,RS,BARÃO DO TRIUNFO,4301750,Green Eletron,PEV fixo,Ativo,03/12/2023
3106200-225,2024,MG,BELO HORIZONTE,3106200,ABREE,Campanha itinerante,Ativo,24/05/2023
4321501-000,2024,RS,Torres,4321501,ABREE,PEV fixo,Ativo,21/07/2024
2304400-039,2024,CE,Fortaleza,2304400,ABREE,PEV fixo,Ativo,14/06/2020
3106200-292,2024,MG,Belo Horizonte,3106200,Green Eletron,PEV fixo,Ativo,25/10/2024
2111300-080,2024,MA,São Luís,2111300,ABREE,PEV fixo,Ativo,21/08/2022
1703206-000,2024,TO,Bernardo Sayão,1703206,Green Eletron,PEV fixo,Ativo,09/02/2024
2927408-107,2024,BA,Salvador,2927408,Green Eletron,Campanha itinerante,Inativo,10/01/2022
3551306-007,2024,SP,  Sebastianópolis do Sul ,3551306,Green Eletron,PEV fixo,Ativo,14/07/2022
2917300-000,2024,BA,ITUBERÁ,2917300,ABREE,PEV fixo,Ativo,19/08/2022
2204550-001,2024,PI,Guaribas,2204550,ABREE,PEV fixo,Ativo,18/10/2024
3136959-000,2024,MG,Juvenilia,3136959,Green Eletron,Campanha itinerante,Ativo,18/10/2021
2606903-000,2024,PE,Iguaracy,2606903,ABREE,PEV fixo,Ativo,23/03/2019
3532009-000,2024,SP,Morungaba,3532009,Green Eletron,PEV fixo,Ativo,17/06/2019
3123528-002,2024,MG,  Durandé ,3123528,ABREE,Ponto de consolidação,Ativo,27/09/2020
3507100-002,2024,SP,BOM JESUS DOS PERDÕES,3507100,ABREE,PEV fixo,Ativo,22/01/2023
4108700-000,2024,PR,Grandes Rios,4108700,Sistema individual,PEV fixo,Ativo,05/09/2019
3553302-001,2024,SP,TAMBAÚ,3553302,ABREE,PEV fixo,Ativo,18/06/2022
3305307-015,2024,RJ,SÃO SEBASTIÃO DO ALTO,3305307,ABREE,PEV fixo,Ativo,02/08/2022
5300108-047,2024,DF,Brasília,5300108,Green Eletron,PEV fixo,Ativo,03/11/2020
3160207-004,2024,MG,Santo Antonio do Itambe,3160207,ABREE,PEV fixo,Ativo,12/02/2020
2927408-065,2024,BA,SALVADOR,2927408,ABREE,PEV fixo,Ativo,23/08/2020
3169505-000,2024,MG,Tumiritinga,3169505,ABREE,PEV fixo,Ativo,16/09/2019
3129806-000,2024,MG,  Ibirité ,3129806,Green Eletron,PEV fixo,Ativo,25/11/2019
3550308-128,2024,SP,São Paulo,3550308,ABREE,PEV fixo,Ativo,26/10/2020
3550308-299,2024,SP,SÃO PAULO,3550308,Green Eletron,Ponto de consolidação,Ativo,16/02/2022
5002605-000,2024,MS,  Camapuã ,5002605,ABREE,Campanha itinerante,Ativo,06/12/2022
3302403-000,2024,RJ,  Macaé ,3302403,ABREE,PEV fixo,Ativo,09/02/2019
3304508-012,2024,RJ,  Rio das Flores ,3304508,Green Eletron,PEV fixo,Ativo,28/07/2022
3550308-132,2024,SP,SÃO PAULO,3550308,ABREE,PEV fixo,Ativo,01/01/2020
4314902-065,2024,RS,PORTO ALEGRE,4314902,Green Eletron,PEV fixo,Ativo,14/06/2021
3106200-147,2024,MG,  Belo Horizonte ,3106200,ABREE,PEV fixo,Ativo,17/05/2021
2411007-000,2024,RN,Rodolfo Fernandes,2411007,ABREE,PEV fixo,Ativo,09/09/2023
3301108-005,2024,RJ,Cantagalo,3301108,Green Eletron,PEV fixo,Ativo,05/08/2020
1302603-005,2024,AM,Manaus,1302603,Green Eletron,PEV fixo,Ativo,03/02/2020
4315131-000,2024,RS,Pouso Novo,4315131,ABREE,PEV fixo,Ativo,23/09/2019
3106200-257,2024,MG,Belo Horizonte,3106200,Green Eletron,PEV fixo,Ativo,14/08/2023
2611606-053,2024,PE,Recife,2611606,ABREE,PEV fixo,Ativo,21/03/2022
2904605-000,2024,BA,Brumado,2904605,ABREE,PEV fixo,Ativo,10/09/2022
4310207-002,2024,RS,Ijuí,4310207,Green Eletron,PEV fixo,Ativo,13/09/2020
2515906-000,2024,PB,Serraria,2515906,Green Eletron,PEV fixo,Ativo,13/05/2021
5300108-046,2024,DF,Brasilia,5300108,ABREE,PEV fixo,Ativo,08/01/2020
3528106-000,2024,SP,Macaubal,3528106,Sistema individual,PEV fixo,Ativo,23/03/2019
2101939-001,2024,MA,Bernardo do Mearim,2101939,Green Eletron,PEV fixo,Ativo,20/11/2019
4314902-054,2024,RS,PORTO ALEGRE,4314902,ABREE,PEV fixo,Ativo,27/05/2021
3300100-002,2024,RJ,Angra dos Reis,3300100,ABREE,PEV fixo,Ativo,13/11/2021
2611606-017,2024,PE,Recife,2611606,Green Eletron,PEV fixo,Ativo,05/09/2020
5215207-001,2024,GO,NOVO BRASIL,5215207,ABREE,PEV fixo,Ativo,17/11/2019
2304400-092,2024,CE,Fortaleza,2304400,Green Eletron,Ponto de consolidação,Ativo,24/05/2023
4117297-000,2024,PR,NOVO ITACOLOMI,4117297,Green Eletron,PEV fixo,Ativo,02/02/2020
2513000-000,2024,PB,Salgadinho,2513000,ABREE,Campanha itinerante,Ativo,28/08/2021
2205003-000,2024,PI,Itainópolis,2205003,ABREE,PEV fixo,Ativo,11/11/2021
2104206-003,2024,MA,FORTUNA,2104206,Sistema individual,PEV fixo,Ativo,24/04/2024
3303302-004,2024,RJ,  Niterói ,3303302,ABREE,Campanha itinerante,Ativo,11/12/2020
2919504-000,2024,BA,Livramento de Nossa Senhora,2919504,Green Eletron,PEV fixo,Ativo,25/04/2019
5300108-033,2024,DF,Brasília,5300108,Green Eletron,PEV fixo,Ativo,03/12/2020
5300108-083,2024,DF,  Brasília ,5300108,Green Eletron,PEV fixo,Ativo,19/11/2022
2702900-001,2024,AL,GIRAU DO PONCIANO,2702900,Green Eletron,PEV fixo,Ativo,12/06/2024
3525201-001,2024,SP,Jarinu,3525201,ABREE,PEV fixo,Ativo,20/02/2020
4122602-001,2024,PR,RONDON,4122602,Green Eletron,PEV fixo,Ativo,17/03/2023
3550308-071,2024,SP,São Paulo,3550308,Green Eletron,PEV fixo,Ativo,10/07/2019
2211001-017,2024,PI,Teresina,2211001,Green Eletron,PEV fixo,Ativo,09/11/2021
3550308-062,2024,SP,São Paulo,3550308,Green Eletron,PEV fixo,Ativo,15/02/2019
3121902-001,2024,MG,DIVINÉSIA,3121902,ABREE,PEV fixo,Ativo,15/05/2022
3550308-203,2024,SP,  São Paulo ,3550308,ABREE,PEV fixo,Ativo,08/12/2021
3304557-016,2024,RJ,Rio de Janeiro,3304557,ABREE,Campanha itinerante,Ativo,22/02/2020
2111300-061,2024,MA,SÃO LUÍS,2111300,Green Eletron,PEV fixo,Ativo,15/06/2021
3169307-003,2024,MG,Três Corações,3169307,ABREE,PEV fixo,Ativo,02/03/2021
1302603-009,2024,AM,Manaus,1302603,ABREE,PEV fixo,Ativo,13/12/2022
1300201-000,2024,AM,Atalaia do Norte,1300201,ABREE,PEV fixo,Ativo,03/02/2023
3304557-217,2024,RJ,Rio de Janeiro,3304557,ABREE,PEV fixo,Ativo,03/06/2024
1303700-001,2024,AM,Santo Antônio do Içá,1303700,ABREE,Campanha itinerante,Inativo,24/10/2020
2100709-000,2024,MA,Anajatuba,2100709,ABREE,PEV fixo,Ativo,10/04/2019
4204400-000,2024,SC,Coronel Freitas,4204400,Green Eletron,PEV fixo,Ativo,18/12/2019
3550308-147,2024,SP,São Paulo,3550308,ABREE,Ponto de consolidação,Ativo,08/10/2020
5215207-002,2024,GO,NOVO BRASIL,5215207,Sistema individual,PEV fixo,Ativo,02/03/2019
2211100-000,2024,PI,União,2211100,ABREE,PEV fixo,Ativo,20/01/2022
3106200-180,2024,MG,BELO HORIZONTE,3106200,Green Eletron,PEV fixo,Ativo,02/07/2022
2106300-000,2024,MA,Magalhães de Almeida,2106300,Green Eletron,PEV fixo,Ativo,06/03/2020
2802205-000,2024,SE,Feira Nova,2802205,Sistema individual,Ponto de consolidação,Ativo,13/09/2020
3301108-013,2024,RJ,Cantagalo,3301108,ABREE,PEV fixo,Ativo,02/03/2021
5002704-012,2024,MS,Campo Grande,5002704,Green Eletron,PEV fixo,Ativo,18/06/2023
1501808-000,2024,PA,Breves,1501808,Green Eletron,Ponto de consolidação,Ativo,08/10/2024
4106902-032,2024,PR,Curitiba,4106902,ABREE,PEV fixo,Ativo,21/07/2021
4215208-000,2024,SC,Romelandia,4215208,Green Eletron,PEV fixo,Ativo,04/11/2019
2806909-000,2024,SE,São Francisco,2806909,ABREE,PEV fixo,Ativo,02/06/2019
3504305-000,2024,SP,Avaí,3504305,Green Eletron,PEV fixo,Ativo,06/07/2019
3509809-000,2024,SP,CAMPOS NOVOS PAULISTA,3509809,ABREE,PEV fixo,Ativo,06/02/2024
5300108-074,2024,DF,Brasilia,5300108,ABREE,PEV fixo,Ativo,25/04/2022
3300258-003,2024,RJ,ARRAIAL DO CABO,3300258,Green Eletron,PEV fixo,Ativo,27/06/2022
3145000-000,2024,MG,NOVA PONTE,3145000,Green Eletron,PEV fixo,Ativo,17/02/2020
3106200-085,2024,MG,BELO HORIZONTE,3106200,Green Eletron,PEV fixo,Ativo,26/01/2020
3504800-000,2024,SP,Bálsamo,3504800,ABREE,PEV fixo,Ativo,15/10/2022
1501402-036,2024,PA,Belém,1501402,Green Eletron,Ponto de consolidação,Ativo,12/03/2024
3525201-001,2024,SP,Jarinu,3525201,ABREE,PEV fixo,Ativo,20/02/2020
2304400-009,2024,CE,Fortaleza,2304400,Green Eletron,PEV fixo,Ativo,27/12/2019
3300308-011,2024,RJ,  Barra do Piraí ,3300308,Green Eletron,PEV fixo,Ativo,03/10/2023
2608008-000,2024,PE,Jataúba,2608008,Sistema individual,PEV fixo,Ativo,23/02/2024
5108956-006,2024,MT,Nova Monte Verde,5108956,ABREE,PEV fixo,Ativo,06/05/2023
4101903-000,2024,PR,ASSAÍ,4101903,Green Eletron,PEV fixo,Ativo,07/10/2023
1300508-000,2024,AM,BARREIRINHA,1300508,ABREE,PEV fixo,Ativo,25/07/2019
3525201-007,2024,SP,Jarinu,3525201,ABREE,PEV fixo,Ativo,15/08/2021
3205309-008,2024,ES,VITÓRIA,3205309,ABREE,PEV fixo,Ativo,13/08/2021
1508209-006,2024,PA,VIGIA,1508209,ABREE,PEV fixo,Ativo,24/03/2021
4126207-000,2024,PR,Sapopema,4126207,ABREE,PEV fixo,Ativo,02/08/2023
4308102-001,2024,RS,Feliz,4308102,Green Eletron,PEV fixo,Ativo,27/10/2022
3549250-002,2024,SP,  São João de Iracema ,3549250,ABREE,PEV fixo,Ativo,26/11/2020
4106902-089,2024,PR,CURITIBA,4106902,ABREE,PEV fixo,Ativo,28/06/2024
4118006-000,2024,PR,  Paraíso do Norte ,4118006,ABREE,PEV fixo,Ativo,01/02/2019
3100906-000,2024,MG,  Águas Formosas ,3100906,ABREE,PEV fixo,Ativo,02/12/2019
2508109-000,2024,PB,Lagoa,2508109,ABREE,PEV fixo,Ativo,24/04/2022
4205407-055,2024,SC,Florianópolis,4205407,ABREE,PEV fixo,Ativo,10/10/2021
2927408-124,2024,BA,Salvador,2927408,Green Eletron,PEV fixo,Ativo,17/11/2022
2401453-000,2024,RN,Barauna,2401453,Sistema individual,PEV fixo,Ativo,09/12/2020
5105002-001,2024,MT,JAURU,5105002,ABREE,PEV fixo,Ativo,11/05/2023
4100459-000,2024,PR,Altamira do Parana,4100459,Green Eletron,Ponto de consolidação,Ativo,21/05/2022
1501600-000,2024,PA,BONITO,1501600,ABREE,Ponto de consolidação,Ativo,16/12/2020
2200608-000,2024,PI,Angical do Piauí,2200608,ABREE,Campanha itinerante,Ativo,04/08/2023
3106200-243,2024,MG,Belo Horizonte,,ABREE,Ponto de consolidação,Ativo,13/01/2023
3106200-306,2024,MG,Belo Horizonte,3106200,Sistema individual,PEV fixo,Ativo,20/01/2024
3532900-010,2024,SP,Nova Europa,3532900,Green Eletron,PEV fixo,Ativo,09/12/2020
2414001-000,2024,RN,TANGARÁ,2414001,Green Eletron,PEV fixo,Ativo,16/04/2021
5208707-001,2024,GO,Goiania,5208707,ABREE,PEV fixo,Ativo,21/07/2019
4314902-149,2024,RS,Porto Alegre,4314902,ABREE,PEV fixo,Ativo,14/02/2023
4104659-000,2024,PR,Carambeí,4104659,Green Eletron,PEV fixo,Ativo,11/08/2024
4312054-000,2024,RS,Marques de Souza,4312054,ABREE,PEV fixo,Ativo,09/04/2023
4127205-003,2024,PR,Terra Boa,4127205,Sistema individual,Ponto de consolidação,Ativo,03/11/2024
3106200-242,2024,MG,Belo Horizonte,3106200,Sistema individual,PEV fixo,Ativo,16/05/2023
2309508-000,2024,CE,ORÓS,2309508,Green Eletron,PEV fixo,Ativo,08/02/2023
3106200-274,2024,MG,BELO HORIZONTE,3106200,ABREE,PEV fixo,Ativo,15/02/2023
2927408-067,2024,BA,Salvador,2927408,ABREE,Ponto de consolidação,Ativo,17/05/2020
3300308-004,2024,RJ,Barra do Pirai,3300308,ABREE,PEV fixo,Ativo,10/05/2020
4109104-000,2024,PR,  Guaporema ,4109104,Green Eletron,Campanha itinerante,Ativo,20/02/2021
4306106-000,2024,RS,Cruz Alta,4306106,ABREE,PEV fixo,Ativo,11/09/2019
4123006-000,2024,PR,Salto do Lontra,4123006,Green Eletron,PEV fixo,Ativo,21/06/2019
4314902-029,2024,RS,Porto Alegre,4314902,Green Eletron,PEV fixo,Ativo,12/01/2020
3550308-116,2024,SP,SÃO PAULO,3550308,Green Eletron,Ponto de consolidação,Ativo,10/05/2020
2614006-000,2024,PE,SERRITA,2614006,Green Eletron,PEV fixo,Ativo,03/07/2022
2108058-000,2024,MA,PAULINO NEVES,2108058,Sistema individual,Ponto de consolidação,Ativo,15/04/2021
3521002-000,2024,SP,Ipero,3521002,ABREE,PEV fixo,Ativo,16/05/2023
4127957-001,2024,PR,TUPÃSSI,4127957,Sistema individual,PEV fixo,Ativo,12/11/2021
3304557-018,2024,RJ,Rio de Janeiro,3304557,ABREE,PEV fixo,Ativo,08/11/2020
4106902-073,2024,PR,Curitiba,4106902,ABREE,PEV fixo,Ativo,05/04/2023
4300851-000,2024,RS,Arambare,,Green Eletron,Campanha itinerante,Ativo,10/12/2021
4202859-000,2024,SC,Braco do Trombudo,4202859,Green Eletron,PEV fixo,Ativo,12/07/2024
3550308-151,2024,SP,São Paulo,3550308,Green Eletron,Campanha itinerante,Ativo,06/05/2020
2702009-000,2024,AL,Coité do Nóia,2702009,ABREE,Campanha itinerante,Ativo,09/04/2022
4201307-000,2024,SC,  Araquari ,4201307,Green Eletron,PEV fixo,Ativo,02/08/2019
2111300-020,2024,MA,São Luís,2111300,Green Eletron,Campanha itinerante,Ativo,11/05/2019
4319356-000,2024,RS,São Pedro da Serra,4319356,Green Eletron,Campanha itinerante,Ativo,18/10/2019
4205407-043,2024,SC,Florianópolis,4205407,Green Eletron,PEV fixo,Ativo,28/03/2020
3550308-049,2024,SP,  São Paulo ,3550308,ABREE,Campanha itinerante,Ativo,14/07/2019
3304557-219,2024,RJ,RIO DE JANEIRO,3304557,Green Eletron,PEV fixo,Ativo,16/02/2024
3554201-001,2024,SP,Tejupa,3554201,Green Eletron,PEV fixo,Ativo,21/01/2024
2103000-001,2024,MA,Caxias,2103000,Green Eletron,PEV fixo,Ativo,22/01/2023
2306207-000,2024,CE,  Itaiçaba ,2306207,ABREE,PEV fixo,Ativo,13/05/2024
3524402-001,2024,SP,JACAREÍ,3524402,ABREE,PEV fixo,Ativo,03/10/2020
2931301-003,2024,BA,Tapiramutá,2931301,ABREE,PEV fixo,Ativo,01/01/2024
3550308-229,2024,SP,  São Paulo ,3550308,Green Eletron,PEV fixo,Ativo,17/05/2021
2111300-052,2024,MA,São Luís,2111300,ABREE,PEV fixo,Ativo,15/01/2020
3550308-233,2024,SP,São Paulo,3550308,Green Eletron,PEV fixo,Ativo,02/01/2021
4106902-072,2024,PR,Curitiba,4106902,Sistema individual,PEV fixo,Ativo,11/10/2023
5300108-010,2024,DF,Brasilia,5300108,ABREE,PEV fixo,Ativo,08/09/2019
3304557-119,2024,RJ,Rio de Janeiro,3304557,Green Eletron,PEV fixo,Ativo,01/02/2022
2204204-000,2024,PI,Francisco Santos,2204204,Green Eletron,PEV fixo,Ativo,07/02/2022
2610202-003,2024,PE,Panelas,2610202,Green Eletron,PEV fixo,Ativo,20/06/2024
2601706-000,2024,PE,Belo Jardim,2601706,ABREE,PEV fixo,Ativo,15/10/2020
4314902-036,2024,RS,Porto Alegre,4314902,Green Eletron,PEV fixo,Ativo,19/11/2020
3168507-000,2024,MG,Teixeiras,3168507,ABREE,PEV fixo,Ativo,26/10/2024
2607406-000,2024,PE,Itacuruba,2607406,Green Eletron,Ponto de consolidação,Ativo,12/11/2020
2400604-000,2024,RN,Almino Afonso,2400604,Green Eletron,Ponto de consolidação,Ativo,20/10/2024
3300951-001,2024,RJ,Comendador Levy Gasparian,3300951,ABREE,PEV fixo,Ativo,08/09/2019
3301876-003,2024,RJ,Iguaba Grande,3301876,ABREE,Campanha itinerante,Ativo,24/05/2020
3106200-025,2024,MG,BELO HORIZONTE,3106200,ABREE,PEV fixo,Ativo,07/09/2020
5103908-001,2024,MT,General Carneiro,5103908,Green Eletron,PEV fixo,Ativo,18/04/2023
2200459-000,2024,PI,Alvorada do Gurguéia,2200459,ABREE,PEV fixo,Ativo,14/07/2022
2614105-001,2024,PE,Sertânia,2614105,Green Eletron,PEV fixo,Ativo,11/01/2020
4314902-019,2024,RS,Porto Alegre,4314902,Green Eletron,PEV fixo,Ativo,10/02/2020
2112274-000,2024,MA,Tufilândia,2112274,Green Eletron,PEV fixo,Ativo,21/12/2020
3507506-000,2024,SP,Botucatu,3507506,Sistema individual,Campanha itinerante,Ativo,26/04/2020
3539301-004,2024,SP,Pirassununga,3539301,Green Eletron,PEV fixo,Ativo,02/12/2024
4314902-043,2024,RS,Porto Alegre,4314902,Green Eletron,PEV fixo,Ativo,23/07/2020
3503406-000,2024,SP,Arealva,3503406,ABREE,PEV fixo,Ativo,24/07/2022
2807105-001,2024,SE,Simão Dias,2807105,ABREE,PEV fixo,Ativo,11/11/2022
3524402-000,2024,SP,JACAREÍ,3524402,ABREE,PEV fixo,Ativo,27/04/2020
5100102-000,2024,MT,ACORIZAL,5100102,ABREE,PEV fixo,Ativo,26/07/2023
3302403-007,2024,RJ,MACAÉ,3302403,Green Eletron,PEV fixo,Inativo,01/02/2020
1505700-002,2024,PA,Ponta de Pedras,,ABREE,PEV fixo,Ativo,04/01/2022
4306734-000,2024,RS,  Doutor Maurício Cardoso ,4306734,ABREE,PEV fixo,Inativo,04/08/2019
3155504-000,2024,MG,Rio Paranaíba,3155504,ABREE,Campanha itinerante,Ativo,26/03/2022
3201407-000,2024,ES,CASTELO,3201407,Green Eletron,PEV fixo,Ativo,08/05/2019
3522653-000,2024,SP,Itapirapuã Paulista,3522653,ABREE,Ponto de consolidação,Ativo,12/06/2019
3550308-160,2024,SP,São Paulo,3550308,ABREE,PEV fixo,Ativo,16/04/2020
3147600-000,2024,MG,Passa Quatro,3147600,Green Eletron,PEV fixo,Ativo,20/02/2021
4106902-053,2024,PR,CURITIBA,4106902,ABREE,Ponto de consolidação,Ativo,04/06/2022
2901304-000,2024,BA,Andaraí,2901304,Green Eletron,PEV fixo,Ativo,24/02/2020
4308706-000,2024,RS,Gaurama,4308706,ABREE,PEV fixo,Ativo,10/08/2022
2301406-001,2024,CE,Aratuba,2301406,ABREE,PEV fixo,Ativo,14/06/2024
3106200-097,2024,MG,BELO HORIZONTE,3106200,ABREE,PEV fixo,Ativo,23/12/2021
2927408-138,2024,BA,SALVADOR,2927408,ABREE,PEV fixo,Ativo,02/02/2023
3300258-000,2024,RJ,Arraial do Cabo,3300258,ABREE,PEV fixo,Ativo,21/03/2019
1501402-024,2024,PA,Belém,1501402,Green Eletron,PEV fixo,Ativo,13/06/2022
2616183-002,2024,PE,Vertente do Lerio,2616183,Sistema individual,PEV fixo,Ativo,12/05/2019
1600402-000,2024,AP,  Mazagão ,1600402,ABREE,PEV fixo,Ativo,01/06/2019
1501402-017,2024,PA,Belém,1501402,Green Eletron,PEV fixo,Ativo,06/11/2021
1100205-004,2024,RO,Porto Velho,1100205,ABREE,PEV fixo,Ativo,22/05/2021
4106902-028,2024,PR,CURITIBA,,ABREE,Ponto de consolidação,Ativo,08/10/2020
1508209-009,2024,PA,Vigia,1508209,Green Eletron,Campanha itinerante,Ativo,23/04/2022
4106902-040,2024,PR,CURITIBA,4106902,ABREE,PEV fixo,Ativo,26/12/2021
4124301-000,2024,PR,Santo Antonio do Paraiso,4124301,ABREE,PEV fixo,Ativo,12/09/2020
2605004-000,2024,PE,CUPIRA,2605004,ABREE,PEV fixo,Ativo,14/02/2019
2408102-019,2024,RN,NATAL,2408102,Green Eletron,PEV fixo,Ativo,11/12/2023
2516508-000,2024,PB,Taperoá,2516508,Green Eletron,PEV fixo,Ativo,24/12/2019
2611606-032,2024,PE,Recife,2611606,ABREE,PEV fixo,Ativo,14/04/2021
2207850-004,2024,PI,PAVUSSU,2207850,ABREE,PEV fixo,Ativo,04/04/2024
4308078-000,2024,RS,Fazenda Vilanova,4308078,ABREE,PEV fixo,Ativo,22/05/2019
2616209-000,2024,PE,VERTENTES,2616209,ABREE,PEV fixo,Inativo,15/08/2019
3519253-002,2024,SP,IARAS,3519253,Green Eletron,PEV fixo,Inativo,20/06/2024
3305307-002,2024,RJ,São Sebastião do Alto,3305307,ABREE,Ponto de consolidação,Ativo,25/10/2019
3106200-033,2024,MG,BELO HORIZONTE,3106200,ABREE,PEV fixo,Ativo,21/08/2020
2610608-000,2024,PE,PAUDALHO,2610608,Green Eletron,PEV fixo,Ativo,18/09/2021
3120409-000,2024,MG,CRISTIANO OTONI,3120409,ABREE,PEV fixo,Ativo,27/07/2023
3532900-006,2024,SP,Nova Europa,3532900,ABREE,PEV fixo,Ativo,21/10/2019
2616183-003,2024,PE,VERTENTE DO LÉRIO,2616183,Green Eletron,PEV fixo,Ativo,04/04/2019
3203056-000,2024,ES,Jaguaré,3203056,ABREE,PEV fixo,Ativo,17/06/2024
5212204-000,2024,GO,JUSSARA,5212204,Green Eletron,Campanha itinerante,Ativo,22/03/2020
3304557-206,2024,RJ,Rio de Janeiro,3304557,ABREE,PEV fixo,Ativo,14/08/2024
4205407-068,2024,SC,Florianopolis,4205407,ABREE,PEV fixo,Ativo,07/11/2022
4314902-116,2024,RS,Porto Alegre,4314902,Green Eletron,PEV fixo,Ativo,08/02/2022
2908507-000,2024,BA,Conceição do Jacuípe,2908507,ABREE,Ponto de consolidação,Ativo,27/09/2022
3150158-001,2024,MG,  Piedade de Caratinga ,3150158,ABREE,PEV fixo,Ativo,03/05/2022
2207207-000,2024,PI,Padre Marcos,2207207,Green Eletron,Ponto de consolidação,Ativo,16/05/2022
4108809-000,2024,PR,Guaira,4108809,ABREE,PEV fixo,Ativo,22/10/2024
2304400-017,2024,CE,Fortaleza,2304400,Sistema individual,PEV fixo,Ativo,20/10/2019
5107875-000,2024,MT,Sapezal,5107875,ABREE,Campanha itinerante,Ativo,26/08/2023
2204105-000,2024,PI,Francisco Ayres,2204105,ABREE,PEV fixo,Ativo,10/12/2023
2610202-002,2024,PE,Panelas,2610202,Green Eletron,PEV fixo,Ativo,09/08/2023
2401107-000,2024,RN,AREIA BRANCA,2401107,Green Eletron,PEV fixo,Ativo,09/01/2023
2304400-063,2024,CE,Fortaleza,2304400,ABREE,PEV fixo,Ativo,21/11/2021
4322541-001,2024,RS,Vale Real,4322541,Green Eletron,PEV fixo,Ativo,27/05/2024
2611606-008,2024,PE,  Recife ,2611606,Sistema individual,PEV fixo,Ativo,07/06/2020
2920502-005,2024,BA,Maracas,2920502,ABREE,PEV fixo,Ativo,07/02/2024
1713809-000,2024,TO,Palmeiras do Tocantins,1713809,Green Eletron,PEV fixo,Ativo,19/07/2024
3106200-098,2024,MG,BELO HORIZONTE,3106200,ABREE,PEV fixo,Ativo,12/03/2021
3532306-002,2024,SP,Natividade da Serra,3532306,ABREE,PEV fixo,Ativo,25/02/2020
2704302-009,2024,AL,Maceió,2704302,ABREE,PEV fixo,Ativo,06/05/2023
2605806-002,2024,PE,Frei Miguelinho,2605806,Green Eletron,PEV fixo,Ativo,03/03/2019
3106200-102,2024,MG,Belo Horizonte,3106200,Sistema individual,PEV fixo,Ativo,17/07/2021
3301876-006,2024,RJ,IGUABA GRANDE,3301876,Green Eletron,PEV fixo,Ativo,12/07/2022
2601508-000,2024,PE,BELÉM DE MARIA,2601508,ABREE,PEV fixo,Ativo,24/12/2020
5300108-082,2024,DF,Brasilia,5300108,ABREE,Ponto de consolidação,Ativo,01/01/2022
2209302-001,2024,PI,SANTA LUZ,2209302,Sistema individual,PEV fixo,Ativo,26/01/2022
4310405-000,2024,RS,Independencia,4310405,Green Eletron,PEV fixo,Ativo,12/03/2021
2927408-072,2024,BA,Salvador,2927408,Green Eletron,PEV fixo,Ativo,13/04/2020
2803807-000,2024,SE,Malhada dos Bois,2803807,Sistema individual,PEV fixo,Ativo,03/09/2019
3550308-352,2024,SP,Sao Paulo,3550308,ABREE,Ponto de consolidação,Ativo,01/06/2023
3302106-006,2024,RJ,Itaocara,3302106,ABREE,PEV fixo,Ativo,13/06/2022
5300108-035,2024,DF,Brasília,5300108,ABREE,PEV fixo,Ativo,20/06/2020
2507507-002,2024,PB,Joao Pessoa,2507507,Green Eletron,PEV fixo,Ativo,08/06/2019
3550308-218,2024,SP,Sao Paulo,3550308,Green Eletron,PEV fixo,Ativo,13/06/2021
3304144-001,2024,RJ,QUEIMADOS,3304144,Green Eletron,PEV fixo,Ativo,09/06/2020
2111300-076,2024,MA,São Luís,2111300,ABREE,PEV fixo,Ativo,03/01/2022
3106200-078,2024,MG,BELO HORIZONTE,3106200,ABREE,Ponto de consolidação,Ativo,10/09/2020
3550605-000,2024,SP,SÃO ROQUE,3550605,Green Eletron,Campanha itinerante,Ativo,07/12/2021
3304557-106,2024,RJ,RIO DE JANEIRO,3304557,ABREE,PEV fixo,Inativo,13/05/2021
4314902-044,2024,RS,Porto Alegre,4314902,ABREE,Ponto de consolidação,Ativo,04/01/2020
3304557-064,2024,RJ,Rio de Janeiro,3304557,Green Eletron,PEV fixo,Ativo,17/02/2020
3550308-201,2024,SP,São Paulo,3550308,Green Eletron,PEV fixo,Ativo,07/11/2021
3135308-000,2024,MG,JAPARAÍBA,3135308,ABREE,PEV fixo,Ativo,23/09/2023
3538808-030,2024,SP,Piraju,3538808,Green Eletron,PEV fixo,Ativo,21/02/2022
1504950-001,2024,PA,Nova Esperança do Piriá,1504950,ABREE,PEV fixo,Ativo,22/01/2023
3300951-002,2024,RJ,Comendador Levy Gasparian,3300951,ABREE,Campanha itinerante,Ativo,06/02/2020
2202778-000,2024,PI,Colônia do Piauí,2202778,Green Eletron,PEV fixo,Ativo,23/02/2019
3124005-000,2024,MG,Ervália,3124005,Green Eletron,PEV fixo,Ativo,12/12/2021
2400208-000,2024,RN,Acu,2400208,Green Eletron,Ponto de consolidação,Ativo,21/04/2019
3159001-000,2024,MG,SANTANA DO RIACHO,3159001,ABREE,PEV fixo,Ativo,02/03/2023
2108900-000,2024,MA,Poção de Pedras,2108900,Green Eletron,PEV fixo,Ativo,23/05/2022
2927408-031,2024,BA,Salvador,2927408,ABREE,PEV fixo,Ativo,26/02/2019
3304557-132,2024,RJ,  Rio de Janeiro ,3304557,ABREE,PEV fixo,Ativo,20/02/2022
3161106-000,2024,MG,  São Francisco ,3161106,ABREE,PEV fixo,Ativo,16/12/2021
2411908-000,2024,RN,Sao Francisco do Oeste,2411908,ABREE,PEV fixo,Ativo,15/05/2020
4106902-001,2024,PR,  Curitiba ,4106902,Green Eletron,PEV fixo,Ativo,24/03/2020
4314902-061,2024,RS,Porto Alegre,4314902,ABREE,PEV fixo,Ativo,23/08/2021
3116902-000,2024,MG,Comendador Gomes,3116902,ABREE,PEV fixo,Ativo,13/11/2022
3514502-000,2024,SP,Duartina,3514502,ABREE,PEV fixo,Ativo,02/03/2022
2502805-000,2024,PB,BREJO DO CRUZ,2502805,ABREE,PEV fixo,Ativo,16/10/2019
3162906-000,2024,MG,  São João Nepomuceno ,3162906,Sistema individual,PEV fixo,Ativo,12/02/2020
3106200-220,2024,MG,Belo Horizonte,3106200,ABREE,Ponto de consolidação,Ativo,15/10/2022
3300258-001,2024,RJ,  Arraial do Cabo ,3300258,Green Eletron,PEV fixo,Inativo,26/12/2020
2304400-044,2024,CE,Fortaleza,2304400,ABREE,PEV fixo,Ativo,04/01/2020
2408102-005,2024,RN,Natal,2408102,Green Eletron,PEV fixo,Ativo,01/01/2020
3542602-003,2024,SP,Registro,3542602,ABREE,PEV fixo,Ativo,08/04/2020
5300108-088,2024,DF,Brasilia,5300108,ABREE,PEV fixo,Ativo,20/12/2022
3105608-001,2024,MG,BARBACENA,3105608,ABREE,PEV fixo,Ativo,14/11/2024
2919801-000,2024,BA,Macaúbas,2919801,Green Eletron,PEV fixo,Ativo,13/11/2019
2506806-000,2024,PB,  Ingá ,2506806,ABREE,PEV fixo,Ativo,24/08/2023
3201605-003,2024,ES,Conceição da Barra,3201605,ABREE,PEV fixo,Ativo,15/09/2024
4305850-000,2024,RS,  Coqueiros do Sul ,4305850,ABREE,Ponto de consolidação,Ativo,10/10/2023
2413359-002,2024,RN,SERRA DO MEL,2413359,Green Eletron,PEV fixo,Ativo,24/12/2024
2709301-000,2024,AL,União dos Palmares,2709301,Green Eletron,PEV fixo,Ativo,01/09/2024
3304557-204,2024,RJ,  Rio de Janeiro ,3304557,ABREE,Ponto de consolidação,Ativo,10/09/2024
3107307-000,2024,MG,BOCAIÚVA,3107307,ABREE,PEV fixo,Ativo,03/05/2020
3528007-003,2024,SP,  Macatuba ,3528007,Green Eletron,PEV fixo,Ativo,21/07/2023
3156700-000,2024,MG,Sabará,3156700,Green Eletron,Ponto de consolidação,Ativo,04/04/2024
3106200-109,2024,MG,Belo Horizonte,3106200,ABREE,PEV fixo,Ativo,25/02/2021
4321709-000,2024,RS,TRÊS COROAS,4321709,ABREE,PEV fixo,Ativo,22/11/2020
3303302-001,2024,RJ,Niterói,3303302,Green Eletron,Ponto de consolidação,Ativo,24/12/2020
3541109-000,2024,SP,Presidente Alves,3541109,Sistema individual,PEV fixo,Ativo,24/06/2019
2608701-001,2024,PE,Lagoa dos Gatos,2608701,ABREE,PEV fixo,Ativo,01/06/2023
2612208-000,2024,PE,Salgueiro,2612208,Sistema individual,PEV fixo,Ativo,22/10/2022
5300108-054,2024,DF,BRASÍLIA,5300108,Green Eletron,Ponto de consolidação,Ativo,12/12/2021
4314902-104,2024,RS,PORTO ALEGRE,4314902,ABREE,PEV fixo,Ativo,21/12/2022
3553104-000,2024,SP,Taiacu,3553104,ABREE,PEV fixo,Ativo,28/11/2019
5002001-000,2024,MS,BATAYPORÃ,5002001,Sistema individual,PEV fixo,Ativo,13/10/2022
3106200-227,2024,MG,Belo Horizonte,3106200,ABREE,PEV fixo,Ativo,22/05/2023
2112803-000,2024,MA,Viana,2112803,Green Eletron,PEV fixo,Ativo,05/08/2019
3142809-000,2024,MG,Monte Alegre de Minas,3142809,Green Eletron,Ponto de consolidação,Ativo,05/06/2020
3550308-106,2024,SP,SÃO PAULO,3550308,ABREE,PEV fixo,Ativo,28/05/2019
2309300-000,2024,CE,Nova Russas,2309300,Green Eletron,PEV fixo,Ativo,12/07/2022
2206704-000,2024,PI,Nazaré do Piauí,2206704,Green Eletron,PEV fixo,Ativo,19/10/2023
2918555-000,2024,BA,Jussari,2918555,Green Eletron,PEV fixo,Ativo,09/01/2020
3301702-000,2024,RJ,Duque de Caxias,3301702,ABREE,PEV fixo,Ativo,06/10/2019
2111300-021,2024,MA,São Luís,2111300,Green Eletron,PEV fixo,Ativo,21/06/2019
3106200-143,2024,MG,Belo Horizonte,3106200,ABREE,Ponto de consolidação,Ativo,19/09/2021
3143104-000,2024,MG,Monte Carmelo,3143104,ABREE,PEV fixo,Ativo,27/10/2020
3150505-000,2024,MG,Pimenta,3150505,ABREE,PEV fixo,Ativo,19/08/2021
3305505-003,2024,RJ,Saquarema,3305505,Green Eletron,PEV fixo,Ativo,25/03/2023
2803609-000,2024,SE,Laranjeiras,2803609,ABREE,PEV fixo,Ativo,09/02/2020
3168101-000,2024,MG,Tapira,3168101,Sistema individual,Ponto de consolidação,Ativo,01/08/2022
3123528-004,2024,MG,Durandé,3123528,ABREE,Ponto de consolidação,Ativo,10/08/2022
3106200-312,2024,MG,Belo Horizonte,3106200,ABREE,PEV fixo,Ativo,11/03/2024
5300108-075,2024,DF,Brasília,5300108,Green Eletron,PEV fixo,Ativo,11/03/2022
2111300-079,2024,MA,SÃO LUÍS,2111300,ABREE,PEV fixo,Ativo,18/07/2022
3528700-000,2024,SP,  Marabá Paulista ,3528700,ABREE,PEV fixo,Ativo,11/07/2019
2304400-082,2024,CE,Fortaleza,2304400,ABREE,PEV fixo,Ativo,08/10/2022
3550308-055,2024,SP,São Paulo,3550308,ABREE,PEV fixo,Ativo,05/11/2019
2304400-001,2024,CE,FORTALEZA,,Green Eletron,PEV fixo,Ativo,13/09/2019
2922656-004,2024,BA,Nordestina,2922656,ABREE,PEV fixo,Ativo,04/09/2021
3304557-043,2024,RJ,Rio de Janeiro,3304557,ABREE,PEV fixo,Ativo,17/05/2020
2605400-000,2024,PE,Feira Nova,2605400,Green Eletron,PEV fixo,Ativo,19/06/2022
3304557-165,2024,RJ,Rio de Janeiro,3304557,Sistema individual,PEV fixo,Ativo,16/07/2023
4201653-000,2024,SC,Arvoredo,4201653,Green Eletron,PEV fixo,Ativo,15/05/2024
3304557-168,2024,RJ,Rio de Janeiro,3304557,Green Eletron,PEV fixo,Ativo,03/08/2023
3530102-001,2024,SP,Mirandópolis,3530102,ABREE,PEV fixo,Ativo,21/04/2020
3504602-000,2024,SP,Bady Bassitt,3504602,Sistema individual,PEV fixo,Ativo,03/01/2019
3549706-003,2024,SP,São José do Rio Pardo,3549706,ABREE,PEV fixo,Ativo,22/01/2022
1507755-000,2024,PA,Sapucaia,1507755,Green Eletron,PEV fixo,Ativo,18/04/2023
3108305-000,2024,MG,BORDA DA MATA,3108305,ABREE,PEV fixo,Ativo,24/01/2019
2105153-000,2024,MA,IGARAPÉ DO MEIO,2105153,Sistema individual,PEV fixo,Ativo,23/08/2019
3106200-100,2024,MG,BELO HORIZONTE,3106200,ABREE,PEV fixo,Ativo,10/12/2021
2513604-000,2024,PB,Santana dos Garrotes,2513604,ABREE,PEV fixo,Ativo,23/08/2022
2311405-000,2024,CE,Quixeramobim,2311405,Green Eletron,PEV fixo,Ativo,25/01/2022
3513702-000,2024,SP,DESCALVADO,3513702,Green Eletron,PEV fixo,Ativo,07/06/2021
4314902-088,2024,RS,Porto Alegre,4314902,Green Eletron,PEV fixo,Ativo,24/03/2021
2203271-001,2024,PI,Curral Novo do Piauí,2203271,ABREE,PEV fixo,Ativo,23/01/2024
2927408-097,2024,BA,Salvador,2927408,Green Eletron,PEV fixo,Ativo,01/06/2021
2203602-001,2024,PI,Eliseu Martins,2203602,Sistema individual,PEV fixo,Ativo,23/04/2024
1300508-001,2024,AM,BARREIRINHA,1300508,ABREE,PEV fixo,Ativo,09/11/2022
3301207-001,2024,RJ,  Carmo ,3301207,ABREE,PEV fixo,Ativo,08/01/2021
3550308-041,2024,SP,São Paulo,3550308,Green Eletron,PEV fixo,Ativo,18/04/2019
3303302-006,2024,RJ,  Niterói ,3303302,ABREE,PEV fixo,Ativo,06/07/2021
3127339-004,2024,MG,Gameleiras,3127339,ABREE,Ponto de consolidação,Ativo,18/11/2024
3127404-000,2024,MG,Gonçalves,3127404,Green Eletron,PEV fixo,Ativo,18/02/2023
5106158-000,2024,MT,Nova Bandeirantes,5106158,Green Eletron,PEV fixo,Ativo,07/04/2021
2703106-000,2024,AL,Igaci,2703106,Green Eletron,PEV fixo,Ativo,21/12/2022
3547601-000,2024,SP,Santa Rosa de Viterbo,3547601,Green Eletron,PEV fixo,Ativo,15/11/2022
3534203-000,2024,SP,Orindiúva,3534203,ABREE,PEV fixo,Ativo,15/11/2020
1501204-000,2024,PA,Baião,1501204,ABREE,PEV fixo,Ativo,02/07/2019
2107001-000,2024,MA,MONTES ALTOS,2107001,ABREE,Ponto de consolidação,Ativo,07/10/2021
4314902-060,2024,RS,PORTO ALEGRE,4314902,ABREE,PEV fixo,Ativo,24/09/2021
1504505-000,2024,PA,Melgaço,1504505,Green Eletron,Ponto de consolidação,Ativo,23/02/2023
4202107-000,2024,SC,BARRA VELHA,4202107,Green Eletron,Campanha itinerante,Ativo,15/08/2020
3508306-005,2024,SP,CABRÁLIA PAULISTA,3508306,Green Eletron,Ponto de consolidação,Ativo,13/12/2022
1721000-005,2024,TO,Palmas,1721000,Green Eletron,PEV fixo,Ativo,22/10/2020
3545803-003,2024,SP,Santa Bárbara d'Oeste,3545803,ABREE,PEV fixo,Ativo,02/04/2023
2708600-000,2024,AL,São Miguel dos Campos,2708600,Green Eletron,PEV fixo,Ativo,13/01/2020
3203007-001,2024,ES,Iúna,3203007,ABREE,PEV fixo,Ativo,22/07/2022
3302403-009,2024,RJ,Macae,3302403,Green Eletron,PEV fixo,Ativo,27/05/2021
2407302-000,2024,RN,Marcelino Vieira,2407302,ABREE,PEV fixo,Ativo,28/05/2019
4215307-000,2024,SC,Salete,4215307,ABREE,PEV fixo,Ativo,09/05/2022
2111300-056,2024,MA,São Luís,2111300,Green Eletron,PEV fixo,Ativo,07/02/2021
4313334-001,2024,RS,Nova Ramada,4313334,Sistema individual,PEV fixo,Ativo,21/01/2019
5300108-095,2024,DF,BRASÍLIA,5300108,Green Eletron,PEV fixo,Ativo,03/10/2023
2211001-002,2024,PI,TERESINA,2211001,Green Eletron,PEV fixo,Ativo,07/07/2019
3126505-000,2024,MG,Francisco Badaró,3126505,ABREE,Ponto de consolidação,Ativo,08/10/2020
3549250-001,2024,SP,São João de Iracema,3549250,ABREE,PEV fixo,Ativo,28/05/2019
2310704-000,2024,CE,Pentecoste,2310704,ABREE,PEV fixo,Ativo,12/02/2023
2211001-016,2024,PI,Teresina,2211001,ABREE,PEV fixo,Ativo,10/12/2021
1304203-001,2024,AM,Tefé,1304203,ABREE,PEV fixo,Ativo,20/06/2024
3549904-009,2024,SP,São José dos Campos,3549904,Green Eletron,PEV fixo,Ativo,01/06/2024
2928307-001,2024,BA,Santanópolis,2928307,ABREE,Campanha itinerante,Ativo,16/07/2022
4323002-000,2024,RS,VIAMÃO,4323002,ABREE,PEV fixo,Ativo,15/10/2019
3503208-000,2024,SP,Araraquara,3503208,Green Eletron,PEV fixo,Ativo,11/04/2024
2603405-000,2024,PE,CALUMBI,2603405,ABREE,Campanha itinerante,Ativo,17/12/2023
4207502-000,2024,SC,Indaial,4207502,ABREE,Campanha itinerante,Ativo,26/11/2020
5007901-000,2024,MS,Sidrolandia,5007901,Green Eletron,PEV fixo,Ativo,05/04/2022
4315206-001,2024,RS,PUTINGA,4315206,ABREE,Ponto de consolidação,Ativo,09/08/2022
4212239-000,2024,SC,PARAÍSO,4212239,Green Eletron,PEV fixo,Ativo,14/06/2019
2901205-001,2024,BA,Anagé,2901205,Green Eletron,PEV fixo,Ativo,02/09/2022
1300144-001,2024,AM,Apuí,1300144,ABREE,PEV fixo,Ativo,18/05/2022
3106200-127,2024,MG,BELO HORIZONTE,3106200,ABREE,PEV fixo,Ativo,08/04/2021
4205407-041,2024,SC,Florianópolis,4205407,Green Eletron,PEV fixo,Ativo,25/07/2020
2910107-000,2024,BA,Dom Basílio,2910107,ABREE,PEV fixo,Ativo,01/12/2019
2205201-000,2024,PI,Jaicós,2205201,ABREE,PEV fixo,Ativo,16/03/2024
1100205-007,2024,RO,Porto Velho,1100205,ABREE,PEV fixo,Ativo,17/06/2022
4118709-000,2024,PR,Paulo Frontin,4118709,Green Eletron,PEV fixo,Ativo,18/11/2020
2804458-001,2024,SE,Nossa Senhora Aparecida,2804458,ABREE,PEV fixo,Ativo,20/01/2022
3304557-137,2024,RJ,Rio de Janeiro,3304557,ABREE,PEV fixo,Ativo,01/01/2022
3167707-000,2024,MG,Sobrália,3167707,ABREE,PEV fixo,Ativo,22/09/2019
4319307-000,2024,RS,  São Paulo das Missões ,4319307,ABREE,PEV fixo,Ativo,18/02/2020
2507507-015,2024,PB,João Pessoa,2507507,ABREE,PEV fixo,Ativo,01/12/2023
3106200-184,2024,MG,Belo Horizonte,3106200,ABREE,PEV fixo,Ativo,01/11/2022
3545803-002,2024,SP,Santa Bárbara d'Oeste,3545803,Green Eletron,Ponto de consolidação,Ativo,04/03/2022
2922656-005,2024,BA,  Nordestina ,2922656,ABREE,PEV fixo,Ativo,20/03/2022
4100202-000,2024,PR,Adrianópolis,4100202,Green Eletron,Campanha itinerante,Ativo,24/03/2021
2200806-000,2024,PI,Antonio Almeida,2200806,ABREE,PEV fixo,Ativo,28/04/2019
3550308-305,2024,SP,SÃO PAULO,3550308,ABREE,PEV fixo,Ativo,27/06/2022
3106200-148,2024,MG,Belo Horizonte,3106200,Green Eletron,PEV fixo,Ativo,02/08/2021
3127388-000,2024,MG,Goianá,3127388,Green Eletron,PEV fixo,Ativo,03/04/2019
3134202-000,2024,MG,Ituiutaba,3134202,ABREE,PEV fixo,Ativo,04/09/2019
3205176-000,2024,ES,Vila Valerio,3205176,Green Eletron,PEV fixo,Ativo,11/11/2021
1300680-001,2024,AM,Boa Vista do Ramos,1300680,ABREE,PEV fixo,Ativo,20/12/2023
2103505-000,2024,MA,COLINAS,2103505,ABREE,PEV fixo,Ativo,13/09/2024
3550308-294,2024,SP,São Paulo,3550308,Green Eletron,Campanha itinerante,Ativo,10/08/2022
4314902-004,2024,RS,PORTO ALEGRE,4314902,ABREE,Ponto de consolidação,Ativo,08/01/2020
2408102-013,2024,RN,Natal,2408102,Green Eletron,PEV fixo,Ativo,11/07/2021
3106200-149,2024,MG,BELO HORIZONTE,3106200,ABREE,PEV fixo,Ativo,26/10/2021
3160207-006,2024,MG,SANTO ANTÔNIO DO ITAMBÉ,3160207,ABREE,Campanha itinerante,Ativo,20/07/2021
3550308-288,2024,SP,SÃO PAULO,3550308,Green Eletron,PEV fixo,Ativo,01/06/2022
2306900-000,2024,CE,Jaguaribe,2306900,ABREE,PEV fixo,Ativo,25/05/2019
2702900-000,2024,AL,GIRAU DO PONCIANO,2702900,ABREE,PEV fixo,Ativo,20/08/2021
1705508-000,2024,TO,Colinas do Tocantins,1705508,Green Eletron,PEV fixo,Ativo,27/07/2019
3108602-000,2024,MG,Brasilia de Minas,3108602,ABREE,PEV fixo,Ativo,04/04/2021
3106200-093,2024,MG,Belo Horizonte,3106200,Green Eletron,Ponto de consolidação,Ativo,17/10/2020
3550308-120,2024,SP,São Paulo,3550308,ABREE,PEV fixo,Ativo,26/09/2020
2111300-096,2024,MA,SÃO LUÍS,2111300,Green Eletron,PEV fixo,Ativo,14/02/2023
4205555-000,2024,SC,Frei Rogério,4205555,ABREE,PEV fixo,Ativo,12/08/2024
5214861-000,2024,GO,NOVA GLÓRIA,5214861,ABREE,PEV fixo,Ativo,11/12/2023
3550308-158,2024,SP,SÃO PAULO,3550308,Green Eletron,PEV fixo,Ativo,01/07/2020
3162955-000,2024,MG,São José da Lapa,3162955,Green Eletron,PEV fixo,Inativo,24/07/2022
2614857-000,2024,PE,TAMANDARÉ,2614857,Green Eletron,PEV fixo,Ativo,28/11/2024
3550308-020,2024,SP,Sao Paulo,3550308,Green Eletron,PEV fixo,Ativo,18/03/2019
3109204-001,2024,MG,Buenópolis,3109204,ABREE,PEV fixo,Ativo,18/07/2022
4211108-000,2024,SC,  Monte Castelo ,4211108,Green Eletron,PEV fixo,Ativo,04/05/2022
2207751-000,2024,PI,Passagem Franca do Piaui,2207751,ABREE,PEV fixo,Ativo,15/04/2021
3304557-082,2024,RJ,Rio de Janeiro,3304557,Sistema individual,Campanha itinerante,Ativo,03/03/2021
4314902-136,2024,RS,Porto Alegre,4314902,Green Eletron,PEV fixo,Ativo,28/05/2023
2311207-001,2024,CE,  Potengi ,2311207,Green Eletron,Ponto de consolidação,Ativo,21/05/2022
2408102-003,2024,RN,  Natal ,2408102,ABREE,Ponto de consolidação,Ativo,17/12/2020
5210604-000,2024,GO,ITAGUARU,5210604,ABREE,PEV fixo,Ativo,01/05/2023
5300108-091,2024,DF,Brasília,5300108,ABREE,PEV fixo,Ativo,22/06/2022
2302107-003,2024,CE,Baturite,2302107,Sistema individual,PEV fixo,Ativo,27/11/2020
2503506-000,2024,PB,CACIMBA DE DENTRO,2503506,Green Eletron,PEV fixo,Ativo,05/04/2019
1304005-005,2024,AM,Silves,1304005,ABREE,Ponto de consolidação,Ativo,03/01/2023
3547908-003,2024,SP,  Santo Antônio da Alegria ,3547908,Green Eletron,PEV fixo,Ativo,25/09/2022
3532009-014,2024,SP,Morungaba,3532009,ABREE,PEV fixo,Ativo,10/06/2022
3109253-001,2024,MG,Bugre,3109253,Green Eletron,PEV fixo,Ativo,13/11/2023
4115457-002,2024,PR,MARQUINHO,4115457,ABREE,PEV fixo,Ativo,26/09/2019
4212304-000,2024,SC,PAULO LOPES,4212304,Green Eletron,Ponto de consolidação,Ativo,03/06/2021
1100908-000,2024,RO,Castanheiras,1100908,Green Eletron,PEV fixo,Ativo,27/12/2024
3556453-000,2024,SP,VARGEM GRANDE PAULISTA,3556453,Green Eletron,PEV fixo,Ativo,22/06/2019
3549508-009,2024,SP,São José da Bela Vista,3549508,Green Eletron,PEV fixo,Ativo,11/11/2022
2614303-001,2024,PE,Moreilândia,2614303,Sistema individual,PEV fixo,Ativo,12/07/2022
3128303-000,2024,MG,  Guaranésia ,3128303,Green Eletron,PEV fixo,Ativo,25/07/2020
1303304-000,2024,AM,Novo Aripuanã,1303304,ABREE,PEV fixo,Ativo,26/12/2019
3538808-003,2024,SP,PIRAJU,3538808,ABREE,PEV fixo,Ativo,21/01/2019
3106200-181,2024,MG,BELO HORIZONTE,3106200,Green Eletron,PEV fixo,Ativo,03/03/2022
2614303-000,2024,PE,Moreilandia,2614303,ABREE,PEV fixo,Ativo,17/11/2019
2408102-011,2024,RN,NATAL,2408102,ABREE,PEV fixo,Ativo,03/02/2021
1718865-000,2024,TO,  Santa Fé do Araguaia ,1718865,ABREE,Ponto de consolidação,Ativo,03/09/2019
2311264-000,2024,CE,Quiterianópolis,2311264,ABREE,Campanha itinerante,Ativo,10/11/2024
3106200-207,2024,MG,BELO HORIZONTE,3106200,ABREE,PEV fixo,Ativo,15/05/2022
4208906-000,2024,SC,Jaraguá do Sul,4208906,ABREE,PEV fixo,Ativo,25/09/2024
2611606-080,2024,PE,  Recife ,2611606,Green Eletron,PEV fixo,Ativo,14/01/2023
2300705-005,2024,CE,Alto Santo,2300705,Green Eletron,Ponto de consolidação,Ativo,18/03/2021
5002704-010,2024,MS,Campo Grande,5002704,Green Eletron,Ponto de consolidação,Ativo,19/07/2022
3525607-004,2024,SP,João Ramalho,3525607,Green Eletron,PEV fixo,Ativo,28/04/2021
5105606-000,2024,MT,Matupa,5105606,ABREE,PEV fixo,Ativo,07/04/2020
2300705-013,2024,CE,Alto Santo,2300705,Green Eletron,PEV fixo,Ativo,19/04/2023
2932101-000,2024,BA,Ubaíra,2932101,ABREE,PEV fixo,Ativo,18/12/2021
3106200-013,2024,MG,Belo Horizonte,3106200,Green Eletron,PEV fixo,Ativo,27/10/2020
5005608-000,2024,MS,Miranda,5005608,Green Eletron,PEV fixo,Ativo,08/12/2020
4121752-000,2024,PR,Reserva do Iguaçu,4121752,Green Eletron,PEV fixo,Ativo,06/01/2021
2927408-112,2024,BA,Salvador,2927408,ABREE,PEV fixo,Ativo,02/08/2022
4323804-000,2024,RS,Xangri-lá,4323804,ABREE,PEV fixo,Ativo,25/11/2022
3303302-015,2024,RJ,Niteroi,3303302,Green Eletron,PEV fixo,Ativo,03/01/2024
3106200-249,2024,MG,Belo Horizonte,3106200,ABREE,PEV fixo,Ativo,25/08/2023
4211876-000,2024,SC,Paial,,ABREE,Campanha itinerante,Ativo,09/09/2021
1501402-015,2024,PA,BELÉM,1501402,Green Eletron,PEV fixo,Ativo,01/05/2021
2313807-000,2024,CE,Uruburetama,2313807,ABREE,PEV fixo,Ativo,12/02/2021
2611606-030,2024,PE,Recife,2611606,Sistema individual,PEV fixo,Ativo,02/10/2020
4314902-127,2024,RS,Porto Alegre,4314902,ABREE,Ponto de consolidação,Ativo,03/01/2023
3123528-000,2024,MG,Durandé,3123528,ABREE,PEV fixo,Ativo,21/04/2020
2927408-018,2024,BA,Salvador,2927408,ABREE,PEV fixo,Ativo,27/06/2019
2515609-003,2024,PB,Serra da Raiz,2515609,Green Eletron,Ponto de consolidação,Ativo,08/03/2024
4122107-000,2024,PR,Rio Bom,4122107,Green Eletron,PEV fixo,Ativo,22/12/2020
2101939-006,2024,MA,BERNARDO DO MEARIM,2101939,Green Eletron,PEV fixo,Ativo,09/04/2023
2800308-022,2024,SE,Aracaju,2800308,Green Eletron,PEV fixo,Ativo,24/03/2022
3529104-000,2024,SP,Marinópolis,3529104,ABREE,PEV fixo,Ativo,25/09/2023
1501204-008,2024,PA,BAIÃO,1501204,ABREE,PEV fixo,Ativo,13/10/2021
5201454-000,2024,GO,Aparecida do Rio Doce,5201454,ABREE,PEV fixo,Ativo,11/11/2022
3302502-002,2024,RJ,Magé,3302502,ABREE,PEV fixo,Ativo,20/06/2020
3106200-285,2024,MG,Belo Horizonte,3106200,Green Eletron,PEV fixo,Ativo,11/08/2024
4112306-000,2024,PR,JAPIRA,4112306,ABREE,PEV fixo,Ativo,26/07/2020
2301604-008,2024,CE,Assare,2301604,Green Eletron,PEV fixo,Ativo,21/12/2024
3538808-014,2024,SP,Piraju,3538808,ABREE,PEV fixo,Ativo,16/12/2020
3545100-003,2024,SP,  Salmourão ,3545100,Green Eletron,PEV fixo,Ativo,19/10/2024
4123956-000,2024,PR,Santa Monica,4123956,ABREE,PEV fixo,Ativo,24/09/2019
1721000-002,2024,TO,  Palmas ,1721000,ABREE,PEV fixo,Ativo,06/11/2019
2932309-000,2024,BA,Ubatã,2932309,ABREE,PEV fixo,Ativo,23/04/2021
3304557-060,2024,RJ,  Rio de Janeiro ,3304557,ABREE,PEV fixo,Ativo,22/02/2020
4203402-000,2024,SC,Campo Belo do Sul,4203402,Green Eletron,PEV fixo,Ativo,22/11/2022
2406205-000,2024,RN,  Lagoa d'Anta ,2406205,ABREE,PEV fixo,Ativo,03/12/2021
3543006-002,2024,SP,Ribeirão Branco,3543006,ABREE,PEV fixo,Ativo,12/09/2020
3121308-000,2024,MG,Descoberto,3121308,Sistema individual,PEV fixo,Ativo,25/02/2020
3550308-321,2024,SP,São Paulo,3550308,ABREE,Ponto de consolidação,Ativo,03/08/2022
4115705-000,2024,PR,MATINHOS,4115705,ABREE,Ponto de consolidação,Ativo,01/01/2023
4310876-000,2024,RS,JACUIZINHO,4310876,Green Eletron,PEV fixo,Ativo,20/02/2023
3520301-000,2024,SP,  Iguape ,3520301,ABREE,PEV fixo,Ativo,17/01/2020
5208103-000,2024,GO,Formoso,5208103,Green Eletron,PEV fixo,Ativo,08/10/2020
3526704-000,2024,SP,Leme,3526704,Green Eletron,PEV fixo,Ativo,12/03/2019
2407005-000,2024,RN,Luís Gomes,2407005,ABREE,PEV fixo,Ativo,06/07/2023
3300902-001,2024,RJ,Cambuci,3300902,ABREE,PEV fixo,Ativo,15/09/2019
2800308-014,2024,SE,  Aracaju ,2800308,Green Eletron,PEV fixo,Ativo,20/06/2021
3515806-000,2024,SP,Flora Rica,3515806,ABREE,PEV fixo,Ativo,03/03/2021
3522802-000,2024,SP,Itaporanga,3522802,ABREE,PEV fixo,Inativo,10/03/2022
3536109-001,2024,SP,  Pardinho ,3536109,Green Eletron,PEV fixo,Ativo,24/12/2023
4307906-000,2024,RS,FARROUPILHA,4307906,ABREE,PEV fixo,Ativo,02/05/2019
4323408-000,2024,RS,Vila Maria,4323408,Sistema individual,Campanha itinerante,Ativo,23/03/2022
2304400-023,2024,CE,Fortaleza,2304400,ABREE,PEV fixo,Ativo,02/09/2019
3550308-312,2024,SP,São Paulo,3550308,ABREE,PEV fixo,Ativo,01/06/2022
3304557-109,2024,RJ,RIO DE JANEIRO,3304557,ABREE,PEV fixo,Ativo,11/06/2021
3106200-276,2024,MG,Belo Horizonte,3106200,Sistema individual,PEV fixo,Ativo,18/11/2023
4314902-129,2024,RS,Porto Alegre,4314902,Green Eletron,PEV fixo,Ativo,04/11/2023
4209805-001,2024,SC,LEOBERTO LEAL,4209805,ABREE,PEV fixo,Ativo,21/01/2022
4127908-000,2024,PR,Tuneiras do Oeste,4127908,Green Eletron,Campanha itinerante,Ativo,26/12/2019
1304104-000,2024,AM,Tapauá,1304104,ABREE,Ponto de consolidação,Ativo,20/04/2023
3106200-128,2024,MG,BELO HORIZONTE,3106200,ABREE,PEV fixo,Ativo,19/12/2021
1200328-000,2024,AC,JORDÃO,1200328,ABREE,Ponto de consolidação,Ativo,09/06/2022
3550308-122,2024,SP,SÃO PAULO,3550308,Green Eletron,PEV fixo,Ativo,20/02/2020
5300108-039,2024,DF,Brasília,5300108,Green Eletron,PEV fixo,Ativo,04/09/2020
4106605-000,2024,PR,Cruzeiro do Oeste,4106605,Green Eletron,Ponto de consolidação,Ativo,08/06/2023
3300308-005,2024,RJ,Barra do Piraí,3300308,Green Eletron,PEV fixo,Ativo,10/01/2020
3553302-003,2024,SP,Tambaú,3553302,ABREE,PEV fixo,Ativo,05/04/2024
3549508-004,2024,SP,São José da Bela Vista,3549508,ABREE,PEV fixo,Ativo,11/10/2020
2806404-000,2024,SE,Santana do São Francisco,2806404,ABREE,PEV fixo,Ativo,17/11/2024
3144607-000,2024,MG,Nepomuceno,3144607,Green Eletron,PEV fixo,Ativo,07/03/2020
3550308-212,2024,SP,São Paulo,3550308,ABREE,PEV fixo,Ativo,07/03/2021
3125507-000,2024,MG,Sao Goncalo do Rio Preto,3125507,Sistema individual,PEV fixo,Ativo,14/11/2020
4116505-000,2024,PR,  Nova Aliança do Ivaí ,4116505,Green Eletron,PEV fixo,Ativo,01/11/2023
2309300-002,2024,CE,NOVA RUSSAS,2309300,Green Eletron,Ponto de consolidação,Ativo,28/05/2023
2611606-077,2024,PE,RECIFE,2611606,ABREE,PEV fixo,Ativo,20/12/2023
3550308-268,2024,SP,SÃO PAULO,3550308,Sistema individual,PEV fixo,Ativo,17/08/2022
1303957-000,2024,AM,SÃO SEBASTIÃO DO UATUMÃ,1303957,Green Eletron,PEV fixo,Ativo,09/05/2020
3532306-001,2024,SP,NATIVIDADE DA SERRA,3532306,ABREE,PEV fixo,Ativo,04/12/2020
2304400-074,2024,CE,FORTALEZA,2304400,ABREE,PEV fixo,Ativo,20/04/2022
1200427-000,2024,AC,RODRIGUES ALVES,1200427,ABREE,PEV fixo,Ativo,10/12/2022
3304557-120,2024,RJ,Rio de Janeiro,3304557,Green Eletron,Campanha itinerante,Ativo,02/01/2022
3301108-010,2024,RJ,  Cantagalo ,3301108,Green Eletron,PEV fixo,Ativo,21/01/2021
5101902-000,2024,MT,BRASNORTE,5101902,Green Eletron,Campanha itinerante,Ativo,26/12/2023
2112506-000,2024,MA,Tutóia,2112506,ABREE,PEV fixo,Ativo,27/05/2022
5102504-000,2024,MT,CÁCERES,5102504,Green Eletron,Ponto de consolidação,Ativo,05/02/2023
4106902-039,2024,PR,Curitiba,4106902,ABREE,PEV fixo,Ativo,17/06/2021
4112959-000,2024,PR,JURANDA,4112959,Green Eletron,PEV fixo,Ativo,21/04/2020
3551306-002,2024,SP,Sebastianópolis do Sul,3551306,Sistema individual,PEV fixo,Ativo,17/05/2019
3550308-022,2024,SP,Sao Paulo,3550308,Green Eletron,PEV fixo,Ativo,03/11/2019
3201902-000,2024,ES,DOMINGOS MARTINS,3201902,ABREE,PEV fixo,Ativo,14/11/2020
4306759-000,2024,RS,Doutor Ricardo,4306759,Green Eletron,PEV fixo,Ativo,17/10/2023
1200609-000,2024,AC,Tarauacá,,ABREE,PEV fixo,Ativo,23/05/2023
4120002-000,2024,PR,Porecatu,4120002,ABREE,PEV fixo,Ativo,01/02/2019
3532009-009,2024,SP,Morungaba,3532009,Sistema individual,Ponto de consolidação,Ativo,01/07/2021
3514601-000,2024,SP,DUMONT,3514601,Green Eletron,PEV fixo,Ativo,09/09/2024
3557105-001,2024,SP,Votuporanga,3557105,ABREE,Ponto de consolidação,Ativo,14/06/2023
2806800-000,2024,SE,  São Domingos ,2806800,Green Eletron,Ponto de consolidação,Ativo,14/01/2019
2211001-023,2024,PI,Teresina,2211001,Green Eletron,PEV fixo,Ativo,07/05/2023
3538808-000,2024,SP,PIRAJU,3538808,ABREE,PEV fixo,Ativo,06/12/2019
3304508-018,2024,RJ,Rio das Flores,3304508,ABREE,Campanha itinerante,Ativo,08/07/2024
3106200-214,2024,MG,BELO HORIZONTE,3106200,ABREE,Ponto de consolidação,Ativo,05/08/2022
2602605-002,2024,PE,Brejo da Madre de Deus,2602605,Green Eletron,PEV fixo,Ativo,25/04/2024
3302403-013,2024,RJ,MACAÉ,3302403,ABREE,Ponto de consolidação,Ativo,03/11/2022
2302800-000,2024,CE,Canindé,2302800,Sistema individual,PEV fixo,Ativo,19/02/2021
3106200-278,2024,MG,Belo Horizonte,3106200,ABREE,PEV fixo,Ativo,28/08/2023
1507805-000,2024,PA,SENADOR JOSÉ PORFÍRIO,1507805,Green Eletron,PEV fixo,Ativo,23/05/2024
4106902-030,2024,PR,Curitiba,4106902,ABREE,PEV fixo,Ativo,14/04/2021
3551900-001,2024,SP,Severínia,,ABREE,PEV fixo,Ativo,28/08/2021
3533205-000,2024,SP,  Nova Independência ,3533205,ABREE,Campanha itinerante,Ativo,14/10/2022
3106200-041,2024,MG,Belo Horizonte,3106200,ABREE,PEV fixo,Ativo,26/03/2020
4128807-000,2024,PR,Xambrê,4128807,ABREE,PEV fixo,Ativo,04/03/2023
3550308-005,2024,SP,São Paulo,3550308,Green Eletron,Ponto de consolidação,Ativo,22/06/2019
3106200-151,2024,MG,Belo Horizonte,3106200,ABREE,PEV fixo,Ativo,03/02/2021
3137205-000,2024,MG,Lagoa da Prata,3137205,ABREE,PEV fixo,Ativo,19/12/2021
2511509-000,2024,PB,  Pilar ,2511509,ABREE,PEV fixo,Ativo,19/12/2022
3169307-001,2024,MG,Três Corações,3169307,Sistema individual,PEV fixo,Ativo,07/12/2020
3513504-000,2024,SP,Cubatão,3513504,ABREE,PEV fixo,Ativo,15/12/2021
5300108-062,2024,DF,Brasília,5300108,ABREE,PEV fixo,Ativo,13/03/2021
3555901-000,2024,SP,Uru,3555901,ABREE,PEV fixo,Ativo,24/05/2024
3106200-286,2024,MG,BELO HORIZONTE,3106200,Green Eletron,PEV fixo,Ativo,26/11/2024
3205309-027,2024,ES,Vitória,3205309,ABREE,Campanha itinerante,Ativo,08/08/2024
3304557-150,2024,RJ,Rio de Janeiro,3304557,ABREE,PEV fixo,Ativo,20/09/2022
4311700-000,2024,RS,Machadinho,4311700,ABREE,Campanha itinerante,Ativo,13/03/2023
2511608-000,2024,PB,PILÕES,2511608,Green Eletron,PEV fixo,Ativo,13/12/2021
3553955-004,2024,SP,Tarumã,3553955,ABREE,PEV fixo,Ativo,09/11/2023
3550308-028,2024,SP,SÃO PAULO,3550308,ABREE,PEV fixo,Ativo,14/03/2019
3553955-001,2024,SP,Taruma,3553955,Green Eletron,PEV fixo,Ativo,03/09/2021
2111300-038,2024,MA,São Luís,2111300,Green Eletron,PEV fixo,Ativo,05/01/2020
2927408-111,2024,BA,Salvador,2927408,Green Eletron,PEV fixo,Ativo,07/06/2022
3546702-001,2024,SP,SANTA GERTRUDES,3546702,Sistema individual,PEV fixo,Ativo,26/09/2023
5106174-000,2024,MT,Nova Nazaré,5106174,ABREE,PEV fixo,Ativo,14/12/2024
2927408-103,2024,BA,SALVADOR,2927408,Green Eletron,Ponto de consolidação,Ativo,15/01/2022
5000906-001,2024,MS,Antônio João,5000906,ABREE,PEV fixo,Ativo,15/10/2024
3532504-006,2024,SP,Neves Paulista,3532504,ABREE,Campanha itinerante,Ativo,01/09/2023
2106631-000,2024,MA,Matoes do Norte,2106631,ABREE,PEV fixo,Ativo,22/12/2023
3304409-000,2024,RJ,  Rio Claro ,3304409,Sistema individual,PEV fixo,Ativo,25/10/2021
2311231-000,2024,CE,Potiretama,2311231,Green Eletron,Ponto de consolidação,Ativo,06/08/2022
2211001-008,2024,PI,Teresina,2211001,ABREE,PEV fixo,Ativo,17/05/2020
3550308-236,2024,SP,São Paulo,3550308,Green Eletron,PEV fixo,Ativo,26/06/2021
3555109-019,2024,SP,Tupi Paulista,3555109,Green Eletron,PEV fixo,Ativo,22/04/2024
3301108-026,2024,RJ,Cantagalo,3301108,Green Eletron,PEV fixo,Ativo,11/10/2023
4315750-000,2024,RS,Riozinho,4315750,Green Eletron,Campanha itinerante,Ativo,02/12/2021
3304557-100,2024,RJ,Rio de Janeiro,3304557,ABREE,PEV fixo,Ativo,24/09/2021
2304400-036,2024,CE,Fortaleza,2304400,ABREE,PEV fixo,Ativo,06/03/2020
4127205-000,2024,PR,Terra Boa,4127205,ABREE,Ponto de consolidação,Ativo,21/11/2021
3538808-031,2024,SP,Piraju,3538808,ABREE,Campanha itinerante,Ativo,27/07/2022
3304557-200,2024,RJ,Rio de Janeiro,3304557,ABREE,PEV fixo,Ativo,23/06/2023
1600808-000,2024,AP,VITÓRIA DO JARI,1600808,Green Eletron,PEV fixo,Ativo,05/04/2021
3126901-000,2024,MG,Frei Inocêncio,3126901,Green Eletron,PEV fixo,Ativo,10/05/2019
2513901-000,2024,PB,SÃO BENTO,2513901,ABREE,PEV fixo,Ativo,28/09/2020
3542107-000,2024,SP,Rafard,3542107,Green Eletron,PEV fixo,Ativo,24/08/2023
3304201-001,2024,RJ,Resende,3304201,ABREE,PEV fixo,Ativo,02/11/2021
3522703-004,2024,SP,Itápolis,3522703,Green Eletron,PEV fixo,Ativo,06/10/2022
3550308-230,2024,SP,Sao Paulo,3550308,Green Eletron,PEV fixo,Ativo,21/11/2021
5300108-098,2024,DF,Brasília,5300108,ABREE,PEV fixo,Ativo,27/04/2023
4314902-172,2024,RS,Porto Alegre,4314902,Green Eletron,PEV fixo,Ativo,06/12/2024
3550308-187,2024,SP,SÃO PAULO,3550308,ABREE,PEV fixo,Ativo,16/11/2021
1712454-000,2024,TO,Luzinópolis,1712454,Sistema individual,PEV fixo,Ativo,06/06/2021
5100359-000,2024,MT,Alto Boa Vista,5100359,Sistema individual,PEV fixo,Ativo,09/08/2021
4314902-063,2024,RS,  Porto Alegre ,4314902,Green Eletron,PEV fixo,Ativo,24/10/2021
3550308-011,2024,SP,São Paulo,3550308,Sistema individual,PEV fixo,Ativo,17/02/2019
4321832-000,2024,RS,TRÊS FORQUILHAS,4321832,Sistema individual,PEV fixo,Ativo,12/03/2021
3306305-000,2024,RJ,Volta Redonda,3306305,Green Eletron,PEV fixo,Ativo,07/04/2022
3550308-052,2024,SP,São Paulo,3550308,Green Eletron,PEV fixo,Ativo,21/06/2019
3533908-002,2024,SP,Olímpia,3533908,Sistema individual,PEV fixo,Ativo,08/12/2023
2111300-089,2024,MA,São Luís,2111300,Green Eletron,PEV fixo,Ativo,13/12/2022
4219853-000,2024,SC,Zortéa,4219853,ABREE,Ponto de consolidação,Ativo,16/09/2021
3302700-012,2024,RJ,Maricá,3302700,ABREE,PEV fixo,Ativo,19/07/2021
3301876-009,2024,RJ,Iguaba Grande,3301876,Sistema individual,Ponto de consolidação,Ativo,06/09/2023
3543204-000,2024,SP,Ribeirão do Sul,3543204,ABREE,PEV fixo,Ativo,16/09/2021
2300705-012,2024,CE,Alto Santo,2300705,Green Eletron,Campanha itinerante,Ativo,09/08/2023
3153400-000,2024,MG,PRESIDENTE OLEGÁRIO,3153400,Sistema individual,PEV fixo,Ativo,24/09/2021
3550308-265,2024,SP,SÃO PAULO,3550308,Green Eletron,PEV fixo,Ativo,18/09/2022
4115457-004,2024,PR,Marquinho,4115457,ABREE,PEV fixo,Ativo,10/08/2021
4106902-090,2024,PR,CURITIBA,4106902,ABREE,PEV fixo,Ativo,09/09/2024
1400027-000,2024,RR,AMAJARI,1400027,Green Eletron,PEV fixo,Ativo,19/10/2023
4301925-000,2024,RS,Barra do Rio Azul,4301925,ABREE,PEV fixo,Ativo,23/09/2019
3304557-045,2024,RJ,Rio de Janeiro,3304557,Sistema individual,PEV fixo,Ativo,21/02/2020
2912103-000,2024,BA,Ibicaraí,2912103,ABREE,PEV fixo,Ativo,04/07/2023
3304557-058,2024,RJ,Rio de Janeiro,3304557,Green Eletron,PEV fixo,Ativo,07/05/2020
5219001-000,2024,GO,Sanclerlândia,5219001,Green Eletron,PEV fixo,Ativo,17/09/2023
4314902-100,2024,RS,Porto Alegre,4314902,ABREE,PEV fixo,Ativo,05/08/2022
2210631-000,2024,PI,Sebastiao Leal,2210631,Green Eletron,PEV fixo,Ativo,10/02/2020
2109106-001,2024,MA,Presidente Dutra,2109106,ABREE,PEV fixo,Ativo,27/01/2023
3304557-107,2024,RJ,Rio de Janeiro,3304557,Green Eletron,PEV fixo,Ativo,01/06/2021
3301405-010,2024,RJ,Conceição de Macabu,3301405,Sistema individual,PEV fixo,Ativo,14/11/2022
3304557-166,2024,RJ,Rio de Janeiro,3304557,ABREE,PEV fixo,Ativo,09/04/2023
3202405-001,2024,ES,Guarapari,3202405,ABREE,Ponto de consolidação,Ativo,25/12/2022
4217402-000,2024,SC,Schroeder,4217402,Green Eletron,Ponto de consolidação,Ativo,03/06/2019
2205458-000,2024,PI,  Joca Marques ,2205458,Green Eletron,PEV fixo,Ativo,23/12/2020
2922102-000,2024,BA,  Mundo Novo ,2922102,ABREE,PEV fixo,Ativo,01/12/2021
3520442-001,2024,SP,Ilha Solteira,3520442,ABREE,Campanha itinerante,Ativo,17/08/2022
3160207-010,2024,MG,Santo Antônio do Itambé,3160207,Green Eletron,PEV fixo,Ativo,02/03/2023
3549508-003,2024,SP,São José da Bela Vista,3549508,Sistema individual,PEV fixo,Ativo,06/01/2020
3300704-000,2024,RJ,Cabo Frio,3300704,ABREE,PEV fixo,Ativo,26/07/2023
2616183-008,2024,PE,Vertente do Lerio,2616183,Green Eletron,PEV fixo,Ativo,03/04/2022
3106200-111,2024,MG,BELO HORIZONTE,3106200,ABREE,PEV fixo,Ativo,12/08/2021
4106902-019,2024,PR,Curitiba,4106902,Green Eletron,PEV fixo,Ativo,23/03/2020
2910305-000,2024,BA,ELÍSIO MEDRADO,2910305,Green Eletron,PEV fixo,Ativo,05/08/2020
3303104-000,2024,RJ,Natividade,3303104,Green Eletron,PEV fixo,Ativo,01/03/2021
3550308-331,2024,SP,Sao Paulo,3550308,ABREE,Ponto de consolidação,Ativo,12/01/2023
3549904-004,2024,SP,São José dos Campos,3549904,Green Eletron,Ponto de consolidação,Ativo,25/04/2021
4122503-000,2024,PR,RONCADOR,4122503,ABREE,PEV fixo,Ativo,10/02/2021
5300108-061,2024,DF,Brasilia,5300108,ABREE,PEV fixo,Ativo,04/02/2021
2704005-000,2024,AL,Junqueiro,2704005,ABREE,Ponto de consolidação,Ativo,16/04/2023
4314902-115,2024,RS,Porto Alegre,4314902,Green Eletron,PEV fixo,Ativo,06/01/2022
2925709-000,2024,BA,Presidente Jânio Quadros,2925709,Green Eletron,PEV fixo,Ativo,17/01/2024
3515350-000,2024,SP,EUCLIDES DA CUNHA PAULISTA,3515350,ABREE,PEV fixo,Ativo,09/07/2023
1200401-000,2024,AC,RIO BRANCO,1200401,Green Eletron,PEV fixo,Ativo,15/12/2019
2304400-061,2024,CE,Fortaleza,2304400,ABREE,PEV fixo,Ativo,02/05/2021
2704302-002,2024,AL,MACEIÓ,2704302,ABREE,PEV fixo,Ativo,16/12/2020
3536570-000,2024,SP,Paulistânia,3536570,Sistema individual,Ponto de consolidação,Ativo,19/07/2022
1505106-000,2024,PA,ÓBIDOS,1505106,ABREE,PEV fixo,Ativo,28/07/2020
2408102-002,2024,RN,Natal,2408102,Green Eletron,PEV fixo,Ativo,26/02/2020
2611606-023,2024,PE,Recife,2611606,ABREE,Ponto de consolidação,Ativo,05/05/2020
2304236-000,2024,CE,Croatá,2304236,ABREE,PEV fixo,Ativo,22/04/2021
2304400-064,2024,CE,  Fortaleza ,2304400,ABREE,PEV fixo,Ativo,13/06/2021
3501608-004,2024,SP,AMERICANA,3501608,Green Eletron,PEV fixo,Ativo,16/09/2024
2927408-143,2024,BA,Salvador,2927408,ABREE,PEV fixo,Ativo,11/11/2023
3106200-296,2024,MG,BELO HORIZONTE,3106200,Green Eletron,PEV fixo,Ativo,28/05/2024
2304400-006,2024,CE,Fortaleza,2304400,ABREE,Ponto de consolidação,Ativo,24/09/2019
3549508-001,2024,SP,Sao Jose da Bela Vista,3549508,ABREE,PEV fixo,Inativo,28/05/2019
2111300-007,2024,MA,São Luís,2111300,Green Eletron,PEV fixo,Ativo,12/06/2019
5300108-017,2024,DF,Brasilia,5300108,ABREE,PEV fixo,Ativo,08/06/2019
2924603-000,2024,BA,Pindobaçu,2924603,ABREE,PEV fixo,Ativo,24/05/2019
4104451-000,2024,PR,Cantagalo,4104451,ABREE,PEV fixo,Ativo,02/06/2020
3203908-000,2024,ES,Nova Venécia,3203908,ABREE,PEV fixo,Ativo,22/01/2024
3550308-223,2024,SP,SÃO PAULO,3550308,ABREE,Campanha itinerante,Ativo,09/03/2021
2611606-037,2024,PE,Recife,2611606,ABREE,PEV fixo,Ativo,07/08/2021
2915700-000,2024,BA,Itamari,2915700,Green Eletron,Ponto de consolidação,Ativo,07/12/2019
2110856-000,2024,MA,Sao Francisco do Brejao,2110856,ABREE,PEV fixo,Ativo,06/10/2023
2607000-000,2024,PE,Inajá,2607000,ABREE,Ponto de consolidação,Ativo,23/09/2019
3106002-001,2024,MG,BELA VISTA DE MINAS,3106002,Green Eletron,PEV fixo,Ativo,18/09/2022
2611606-088,2024,PE,  Recife ,2611606,Green Eletron,PEV fixo,Inativo,17/06/2023
3525607-005,2024,SP,João Ramalho,3525607,ABREE,PEV fixo,Ativo,03/01/2022
3541653-002,2024,SP,  Quadra ,3541653,Green Eletron,Ponto de consolidação,Ativo,12/11/2020
2918605-002,2024,BA,Jussiape,2918605,ABREE,PEV fixo,Ativo,13/06/2024
3106200-250,2024,MG,Belo Horizonte,3106200,Sistema individual,Campanha itinerante,Ativo,22/06/2023
3151701-000,2024,MG,Poço Fundo,3151701,Green Eletron,PEV fixo,Ativo,03/06/2024
2111300-041,2024,MA,São Luís,2111300,ABREE,PEV fixo,Ativo,21/12/2020
3550308-293,2024,SP,São Paulo,3550308,ABREE,PEV fixo,Ativo,16/01/2022
3525201-005,2024,SP,JARINU,3525201,ABREE,PEV fixo,Ativo,06/11/2021
2930766-000,2024,BA,Sítio do Quinto,2930766,Sistema individual,PEV fixo,Ativo,02/02/2019
3526803-000,2024,SP,Lençóis Paulista,3526803,ABREE,Campanha itinerante,Ativo,01/02/2019
4103040-000,2024,PR,Boa Ventura de São Roque,4103040,ABREE,PEV fixo,Ativo,15/11/2019
3142304-000,2024,MG,Moeda,3142304,ABREE,PEV fixo,Ativo,03/07/2019
5204557-000,2024,GO,  Caldazinha ,5204557,Green Eletron,Ponto de consolidação,Ativo,16/12/2020
2208601-000,2024,PI,Prata do Piaui,2208601,ABREE,PEV fixo,Ativo,11/04/2019
1721000-012,2024,TO,PALMAS,1721000,ABREE,PEV fixo,Ativo,03/07/2023
5100250-000,2024,MT,Alta Floresta,5100250,Green Eletron,PEV fixo,Ativo,10/05/2022
3305752-008,2024,RJ,Tangua,3305752,Green Eletron,PEV fixo,Ativo,25/03/2023
4312625-000,2024,RS,Muliterno,4312625,ABREE,PEV fixo,Ativo,24/11/2022
4314902-031,2024,RS,Porto Alegre,4314902,Green Eletron,Ponto de consolidação,Ativo,15/09/2020
3111101-000,2024,MG,Campina Verde,3111101,ABREE,PEV fixo,Ativo,09/05/2022
2211001-011,2024,PI,Teresina,2211001,ABREE,PEV fixo,Ativo,06/08/2020
2302305-000,2024,CE,Bela Cruz,2302305,Green Eletron,PEV fixo,Ativo,24/11/2022
3548005-000,2024,SP,SANTO ANTÔNIO DE POSSE,3548005,ABREE,PEV fixo,Ativo,24/06/2021
5102504-001,2024,MT,CÁCERES,5102504,Sistema individual,PEV fixo,Ativo,20/11/2024
2111052-000,2024,MA,São João do Paraíso,2111052,Green Eletron,PEV fixo,Ativo,15/03/2023
3550308-271,2024,SP,São Paulo,3550308,ABREE,PEV fixo,Ativo,04/11/2022
2211308-000,2024,PI,Valença do Piauí,2211308,ABREE,PEV fixo,Ativo,17/07/2024
2304400-095,2024,CE,FORTALEZA,,ABREE,Campanha itinerante,Ativo,22/01/2023
3303302-007,2024,RJ,Niteroi,3303302,ABREE,Campanha itinerante,Ativo,26/07/2021
4125605-000,2024,PR,Sao Mateus do Sul,4125605,ABREE,PEV fixo,Ativo,22/01/2021
3539509-001,2024,SP,PITANGUEIRAS,,ABREE,PEV fixo,Ativo,03/10/2020
3526407-000,2024,SP,Laranjal Paulista,3526407,ABREE,PEV fixo,Ativo,09/06/2020
5202502-000,2024,GO,Aruana,5202502,Green Eletron,PEV fixo,Ativo,06/01/2024
2909703-000,2024,BA,CRISTÓPOLIS,2909703,Green Eletron,PEV fixo,Ativo,15/10/2023
3519105-001,2024,SP,Iacanga,3519105,ABREE,PEV fixo,Ativo,20/10/2023
5218052-005,2024,GO,Porteirão,5218052,Green Eletron,Ponto de consolidação,Ativo,09/01/2024
3201001-002,2024,ES,BOA ESPERANÇA,3201001,ABREE,Campanha itinerante,Ativo,26/01/2023
5209606-000,2024,GO,HEITORAÍ,5209606,ABREE,PEV fixo,Ativo,26/08/2019
3301108-012,2024,RJ,CANTAGALO,3301108,Green Eletron,PEV fixo,Ativo,23/12/2021
3549706-002,2024,SP,São José do Rio Pardo,3549706,Green Eletron,PEV fixo,Ativo,09/08/2021
3542602-000,2024,SP,Registro,3542602,Green Eletron,PEV fixo,Ativo,06/10/2019
3501608-000,2024,SP,AMERICANA,3501608,Green Eletron,PEV fixo,Ativo,20/05/2022
4205407-053,2024,SC,Florianópolis,4205407,ABREE,PEV fixo,Ativo,07/03/2021
2611606-051,2024,PE,RECIFE,2611606,Green Eletron,PEV fixo,Ativo,09/01/2021
3529708-001,2024,SP,Miguelópolis,3529708,Green Eletron,PEV fixo,Ativo,19/08/2021
2901908-004,2024,BA,Aporá,2901908,Green Eletron,PEV fixo,Ativo,26/10/2024
3533908-001,2024,SP,Olímpia,3533908,ABREE,PEV fixo,Ativo,04/05/2021
3539707-000,2024,SP,Platina,3539707,ABREE,PEV fixo,Ativo,06/01/2023
5103437-000,2024,MT,Curvelândia,5103437,Green Eletron,PEV fixo,Ativo,07/09/2021
3550308-278,2024,SP,  São Paulo ,3550308,Green Eletron,Ponto de consolidação,Ativo,12/02/2022
5002704-002,2024,MS,Campo Grande,5002704,Green Eletron,PEV fixo,Ativo,12/06/2020
5212956-000,2024,GO,Matrincha,5212956,Green Eletron,Ponto de consolidação,Ativo,23/02/2019
3304557-174,2024,RJ,Rio de Janeiro,3304557,Sistema individual,PEV fixo,Ativo,10/03/2023
4105102-000,2024,PR,Centenário do Sul,4105102,Green Eletron,PEV fixo,Ativo,15/01/2020
4314902-026,2024,RS,Porto Alegre,4314902,ABREE,PEV fixo,Ativo,16/03/2020
3106200-170,2024,MG,Belo Horizonte,3106200,Green Eletron,Ponto de consolidação,Ativo,04/06/2022
3550308-189,2024,SP,  São Paulo ,3550308,ABREE,PEV fixo,Ativo,12/09/2021
3550308-033,2024,SP,São Paulo,3550308,Green Eletron,PEV fixo,Ativo,19/03/2019
2408805-000,2024,RN,  Parazinho ,2408805,ABREE,PEV fixo,Inativo,27/04/2020
2111300-001,2024,MA,Sao Luis,2111300,Green Eletron,PEV fixo,Ativo,20/07/2019
3538808-004,2024,SP,Piraju,3538808,Green Eletron,PEV fixo,Ativo,04/07/2019
2605459-000,2024,PE,Fernando de Noronha,2605459,ABREE,PEV fixo,Ativo,17/11/2020
2205516-000,2024,PI,JUAZEIRO DO PIAUÍ,2205516,Sistema individual,PEV fixo,Ativo,24/12/2021
3129004-000,2024,MG,Guiricema,3129004,ABREE,PEV fixo,Ativo,17/04/2020
2111300-023,2024,MA,São Luís,2111300,Green Eletron,PEV fixo,Ativo,24/03/2019
4203105-000,2024,SC,Caibi,4203105,ABREE,PEV fixo,Ativo,09/03/2019
4106902-044,2024,PR,  Curitiba ,4106902,Green Eletron,PEV fixo,Ativo,09/04/2021
3151206-000,2024,MG,Pirapora,3151206,Green Eletron,PEV fixo,Ativo,04/11/2023
2905008-000,2024,BA,Caculé,2905008,Green Eletron,PEV fixo,Ativo,20/05/2021
3301108-019,2024,RJ,  Cantagalo ,3301108,ABREE,PEV fixo,Ativo,12/01/2022
3301405-004,2024,RJ,  Conceição de Macabu ,3301405,ABREE,PEV fixo,Ativo,12/10/2020
5220280-000,2024,GO,São Patrício,5220280,Green Eletron,PEV fixo,Ativo,19/08/2023
4216909-000,2024,SC,São Lourenço do Oeste,4216909,Green Eletron,Campanha itinerante,Ativo,03/08/2022
4205407-033,2024,SC,Florianópolis,4205407,ABREE,PEV fixo,Ativo,07/07/2020
3106200-035,2024,MG,BELO HORIZONTE,3106200,ABREE,Ponto de consolidação,Ativo,26/06/2020
3165560-000,2024,MG,SEM-PEIXE,3165560,ABREE,PEV fixo,Ativo,15/08/2020
2611606-061,2024,PE,Recife,2611606,ABREE,PEV fixo,Ativo,28/11/2022
2901908-001,2024,BA,Aporá,2901908,ABREE,PEV fixo,Ativo,25/09/2021
4314902-106,2024,RS,  Porto Alegre ,4314902,ABREE,PEV fixo,Ativo,22/08/2022
3157252-000,2024,MG,SANTA BÁRBARA DO LESTE,3157252,Green Eletron,PEV fixo,Ativo,06/01/2024
1303403-000,2024,AM,Parintins,1303403,Green Eletron,PEV fixo,Ativo,15/09/2023
4304804-000,2024,RS,  Carlos Barbosa ,4304804,ABREE,PEV fixo,Ativo,24/07/2022
4320404-000,2024,RS,Serafina Corrêa,4320404,Sistema individual,Campanha itinerante,Ativo,01/06/2019
2304400-028,2024,CE,FORTALEZA,2304400,Green Eletron,PEV fixo,Ativo,28/01/2019
1600253-000,2024,AP,Itaubal,1600253,Green Eletron,Ponto de consolidação,Ativo,16/05/2023
3550308-195,2024,SP,São Paulo,3550308,Sistema individual,PEV fixo,Ativo,11/01/2021
3134004-000,2024,MG,ITINGA,3134004,ABREE,PEV fixo,Ativo,09/10/2024
2903235-000,2024,BA,Barro Alto,2903235,Green Eletron,PEV fixo,Ativo,15/12/2021
3542602-006,2024,SP,Registro,3542602,ABREE,PEV fixo,Ativo,13/09/2022
2919009-000,2024,BA,LAJEDINHO,2919009,ABREE,Ponto de consolidação,Inativo,09/02/2019
2927408-003,2024,BA,Salvador,2927408,ABREE,PEV fixo,Ativo,28/07/2019
2931103-000,2024,BA,Tanquinho,2931103,Green Eletron,PEV fixo,Ativo,07/06/2021
3549250-003,2024,SP,São João de Iracema,3549250,Green Eletron,PEV fixo,Ativo,27/11/2021
3304557-015,2024,RJ,RIO DE JANEIRO,3304557,ABREE,Campanha itinerante,Ativo,14/01/2020
3534708-000,2024,SP,Ourinhos,3534708,ABREE,PEV fixo,Ativo,15/10/2019
1500305-000,2024,PA,Afuá,1500305,Green Eletron,PEV fixo,Ativo,06/02/2019
5300108-018,2024,DF,Brasilia,5300108,Green Eletron,PEV fixo,Ativo,24/05/2019
5103957-000,2024,MT,Glória D'Oeste,5103957,ABREE,PEV fixo,Ativo,27/01/2022
2913903-000,2024,BA,IPIAÚ,2913903,ABREE,PEV fixo,Ativo,12/07/2024
3147204-000,2024,MG,Paraguaçu,,ABREE,Campanha itinerante,Ativo,25/01/2020
4115739-000,2024,PR,MATO RICO,4115739,Sistema individual,PEV fixo,Ativo,23/02/2024
3303302-011,2024,RJ,Niterói,3303302,Sistema individual,PEV fixo,Ativo,20/02/2022
3555109-012,2024,SP,Tupi Paulista,3555109,Green Eletron,PEV fixo,Ativo,09/10/2022
3300100-005,2024,RJ,Angra dos Reis,3300100,Sistema individual,Campanha itinerante,Ativo,11/06/2023
2933307-000,2024,BA,Vitória da Conquista,2933307,Green Eletron,PEV fixo,Ativo,21/04/2019
4322509-000,2024,RS,Vacaria,4322509,Green Eletron,PEV fixo,Ativo,04/07/2019
3550308-026,2024,SP,SÃO PAULO,3550308,ABREE,PEV fixo,Ativo,21/01/2019
3304557-040,2024,RJ,RIO DE JANEIRO,3304557,Green Eletron,PEV fixo,Ativo,03/06/2020
2507804-000,2024,PB,Junco do Seridó,2507804,ABREE,PEV fixo,Ativo,22/12/2020
2202133-000,2024,PI,Campo Grande do Piaui,2202133,ABREE,PEV fixo,Ativo,02/03/2022
3145372-000,2024,MG,Novorizonte,3145372,ABREE,PEV fixo,Ativo,15/10/2020
2611309-000,2024,PE,Pombos,2611309,ABREE,PEV fixo,Ativo,06/07/2024
2611606-067,2024,PE,RECIFE,2611606,ABREE,Ponto de consolidação,Ativo,25/02/2022
3532900-017,2024,SP,Nova Europa,3532900,ABREE,Campanha itinerante,Ativo,10/12/2021
4314902-013,2024,RS,  Porto Alegre ,4314902,Sistema individual,Campanha itinerante,Ativo,20/08/2020
2801900-000,2024,SE,Cumbe,2801900,Sistema individual,PEV fixo,Ativo,16/05/2021
2605806-007,2024,PE,Frei Miguelinho,2605806,ABREE,PEV fixo,Ativo,01/04/2022
3550308-017,2024,SP,SÃO PAULO,3550308,Green Eletron,PEV fixo,Ativo,17/09/2019
2105658-000,2024,MA,Junco do Maranhão,2105658,Green Eletron,PEV fixo,Ativo,10/05/2023
2611606-071,2024,PE,Recife,2611606,ABREE,PEV fixo,Ativo,17/10/2022
2112209-003,2024,MA,Timon,2112209,ABREE,Ponto de consolidação,Ativo,21/01/2023
3301108-009,2024,RJ,Cantagalo,3301108,Green Eletron,Campanha itinerante,Ativo,11/04/2021
3512001-003,2024,SP,Colina,3512001,ABREE,Campanha itinerante,Ativo,16/03/2022
4117057-000,2024,PR,Nova Laranjeiras,4117057,ABREE,PEV fixo,Ativo,08/07/2024
3532009-015,2024,SP,  Morungaba ,3532009,Green Eletron,PEV fixo,Ativo,18/07/2023
1501402-005,2024,PA,Belém,1501402,ABREE,PEV fixo,Ativo,25/07/2020
5219738-000,2024,GO,SANTO ANTÔNIO DE GOIÁS,5219738,ABREE,PEV fixo,Ativo,06/06/2020
4308433-000,2024,RS,  Forquetinha ,4308433,Sistema individual,PEV fixo,Ativo,17/10/2019
2112852-000,2024,MA,Vila Nova dos Martírios,2112852,ABREE,PEV fixo,Ativo,12/08/2019
3153707-000,2024,MG,Quartel Geral,3153707,ABREE,PEV fixo,Ativo,06/06/2020
5211909-000,2024,GO,JATAÍ,5211909,Green Eletron,Ponto de consolidação,Ativo,10/05/2023
2612000-000,2024,PE,Sairé,2612000,Sistema individual,PEV fixo,Ativo,18/06/2019
2304400-004,2024,CE,Fortaleza,2304400,ABREE,PEV fixo,Ativo,24/08/2019
2918555-001,2024,BA,Jussari,2918555,ABREE,PEV fixo,Ativo,20/05/2023
3148004-000,2024,MG,Patos de Minas,3148004,ABREE,PEV fixo,Ativo,11/07/2024
2304400-070,2024,CE,Fortaleza,2304400,Green Eletron,Ponto de consolidação,Ativo,03/08/2021
3555604-000,2024,SP,UCHOA,3555604,Green Eletron,Ponto de consolidação,Ativo,02/12/2024
2916609-000,2024,BA,Itapitanga,2916609,ABREE,PEV fixo,Ativo,28/08/2019
5002902-003,2024,MS,  Cassilândia ,5002902,ABREE,PEV fixo,Ativo,12/01/2024
3106200-263,2024,MG,BELO HORIZONTE,3106200,Green Eletron,PEV fixo,Ativo,15/04/2023
5218052-001,2024,GO,PORTEIRÃO,5218052,ABREE,PEV fixo,Ativo,28/08/2020
4316972-001,2024,RS,  Santa Margarida do Sul ,4316972,ABREE,PEV fixo,Ativo,04/11/2023
3542602-005,2024,SP,Registro,3542602,Sistema individual,PEV fixo,Ativo,11/12/2021
1718006-000,2024,TO,PORTO ALEGRE DO TOCANTINS,1718006,Green Eletron,PEV fixo,Ativo,02/12/2020
5300108-045,2024,DF,Brasília,5300108,ABREE,PEV fixo,Ativo,11/08/2020
5300108-004,2024,DF,Brasília,5300108,ABREE,PEV fixo,Ativo,11/02/2019
3304557-086,2024,RJ,Rio de Janeiro,3304557,Green Eletron,PEV fixo,Ativo,16/10/2021
2304400-025,2024,CE,Fortaleza,2304400,Green Eletron,PEV fixo,Ativo,16/01/2019
4314902-161,2024,RS,Porto Alegre,4314902,ABREE,Ponto de consolidação,Ativo,08/11/2024
4103057-000,2024,PR,BOA VISTA DA APARECIDA,4103057,ABREE,Ponto de consolidação,Ativo,01/05/2024
3532603-004,2024,SP,Nhandeara,3532603,Sistema individual,PEV fixo,Inativo,15/10/2024
2611606-082,2024,PE,Recife,2611606,ABREE,PEV fixo,Ativo,24/03/2023
3529500-000,2024,SP,Mendonça,3529500,Green Eletron,PEV fixo,Ativo,04/08/2023
2612505-000,2024,PE,Santa Cruz do Capibaribe,2612505,ABREE,PEV fixo,Ativo,17/11/2019
4302659-001,2024,RS,Brochier,4302659,Green Eletron,PEV fixo,Ativo,04/03/2022
2302107-001,2024,CE,Baturité,2302107,Green Eletron,PEV fixo,Ativo,03/07/2019
3550308-154,2024,SP,Sao Paulo,3550308,Green Eletron,PEV fixo,Ativo,25/09/2020
2610103-001,2024,PE,Palmeirina,2610103,ABREE,PEV fixo,Ativo,28/12/2021
3552700-000,2024,SP,Tabatinga,3552700,ABREE,PEV fixo,Ativo,24/05/2023
1717008-001,2024,TO,Pindorama do Tocantins,1717008,Sistema individual,PEV fixo,Ativo,17/09/2023
2507507-003,2024,PB,Joao Pessoa,2507507,Green Eletron,Ponto de consolidação,Ativo,05/07/2019
1505700-004,2024,PA,Ponta de Pedras,1505700,ABREE,PEV fixo,Ativo,25/08/2023
3302403-012,2024,RJ,MACAÉ,3302403,Green Eletron,Ponto de consolidação,Ativo,28/06/2022
4310207-003,2024,RS,Ijuí,4310207,Green Eletron,PEV fixo,Ativo,20/05/2020
3550308-282,2024,SP,SÃO PAULO,3550308,Green Eletron,PEV fixo,Ativo,03/07/2022
3205309-021,2024,ES,Vitória,3205309,Green Eletron,PEV fixo,Ativo,25/07/2023
3302908-002,2024,RJ,MIGUEL PEREIRA,3302908,ABREE,PEV fixo,Ativo,23/12/2020
2922656-007,2024,BA,NORDESTINA,2922656,Green Eletron,Campanha itinerante,Ativo,21/08/2023
3550308-153,2024,SP,São Paulo,3550308,ABREE,PEV fixo,Ativo,12/07/2020
4316105-000,2024,RS,Ronda Alta,4316105,ABREE,PEV fixo,Ativo,23/10/2023
2506509-000,2024,PB,Gurjão,2506509,ABREE,PEV fixo,Ativo,03/11/2021
3125101-000,2024,MG,EXTREMA,3125101,ABREE,PEV fixo,Ativo,07/03/2020
3512100-001,2024,SP,COLÔMBIA,3512100,Green Eletron,Campanha itinerante,Ativo,25/11/2021
3510401-000,2024,SP,CAPIVARI,3510401,ABREE,PEV fixo,Ativo,07/06/2022
3522505-001,2024,SP,Itapevi,3522505,Green Eletron,PEV fixo,Ativo,08/05/2023
3115201-000,2024,MG,CONCEIÇÃO DA BARRA DE MINAS,3115201,ABREE,PEV fixo,Ativo,07/07/2019
4203709-000,2024,SC,Canelinha,4203709,ABREE,PEV fixo,Ativo,18/07/2021
2611606-063,2024,PE,  Recife ,2611606,ABREE,PEV fixo,Ativo,27/09/2022
4314902-156,2024,RS,Porto Alegre,4314902,Green Eletron,PEV fixo,Ativo,19/10/2023
4310207-001,2024,RS,  Ijuí ,4310207,ABREE,PEV fixo,Ativo,19/05/2020
3520400-000,2024,SP,Ilhabela,3520400,Green Eletron,PEV fixo,Ativo,24/07/2023
2111300-051,2024,MA,São Luís,2111300,Green Eletron,Campanha itinerante,Ativo,14/08/2020
2800308-005,2024,SE,ARACAJU,2800308,Green Eletron,PEV fixo,Ativo,10/08/2019
2210623-000,2024,PI,Sebastião Barros,2210623,ABREE,PEV fixo,Ativo,22/12/2022
1721000-003,2024,TO,Palmas,1721000,ABREE,PEV fixo,Ativo,20/03/2019
1505908-000,2024,PA,Porto de Moz,1505908,ABREE,PEV fixo,Ativo,12/06/2023
3106200-084,2024,MG,Belo Horizonte,3106200,Green Eletron,PEV fixo,Ativo,05/05/2020
3532900-012,2024,SP,  Nova Europa ,3532900,Green Eletron,PEV fixo,Ativo,20/12/2020
3117306-000,2024,MG,Conceição das Alagoas,3117306,ABREE,PEV fixo,Ativo,12/11/2020
2901403-000,2024,BA,Angical,2901403,Green Eletron,PEV fixo,Ativo,23/06/2023
4314902-071,2024,RS,Porto Alegre,4314902,ABREE,PEV fixo,Ativo,04/01/2021
3301306-001,2024,RJ,Casimiro de Abreu,3301306,ABREE,PEV fixo,Ativo,28/12/2022
2304608-001,2024,CE,General Sampaio,2304608,ABREE,PEV fixo,Ativo,15/11/2024
2410256-000,2024,RN,Porto do Mangue,2410256,ABREE,PEV fixo,Ativo,08/02/2020
3508405-000,2024,SP,Cabreúva,3508405,ABREE,PEV fixo,Ativo,18/03/2021
5221502-000,2024,GO,Turvânia,5221502,Green Eletron,PEV fixo,Ativo,26/03/2024
2800308-010,2024,SE,ARACAJU,2800308,Green Eletron,Ponto de consolidação,Ativo,07/06/2020
4205704-000,2024,SC,Garopaba,4205704,ABREE,Ponto de consolidação,Ativo,08/09/2019
1501303-000,2024,PA,Barcarena,1501303,ABREE,PEV fixo,Ativo,02/06/2021
2304400-045,2024,CE,  Fortaleza ,2304400,Green Eletron,PEV fixo,Ativo,06/02/2020
2111300-062,2024,MA,São Luís,2111300,ABREE,PEV fixo,Ativo,09/04/2021
3304557-129,2024,RJ,RIO DE JANEIRO,3304557,ABREE,Ponto de consolidação,Ativo,25/11/2022
3136579-002,2024,MG,Josenopolis,3136579,ABREE,PEV fixo,Ativo,15/06/2021
2614105-002,2024,PE,Sertânia,2614105,Green Eletron,PEV fixo,Ativo,24/12/2021
3301702-001,2024,RJ,Duque de Caxias,3301702,Green Eletron,Ponto de consolidação,Ativo,01/07/2022
3539301-000,2024,SP,Pirassununga,3539301,ABREE,Ponto de consolidação,Ativo,07/02/2021
3531308-000,2024,SP,Monte Alto,3531308,Green Eletron,Ponto de consolidação,Ativo,14/01/2019
3550308-149,2024,SP,SÃO PAULO,3550308,ABREE,Ponto de consolidação,Ativo,07/08/2020
3201308-000,2024,ES,Cariacica,3201308,Sistema individual,PEV fixo,Ativo,28/07/2021
2927408-012,2024,BA,Salvador,2927408,Green Eletron,PEV fixo,Ativo,17/09/2019
3550308-009,2024,SP,SÃO PAULO,3550308,Green Eletron,Campanha itinerante,Ativo,21/03/2019
2927408-019,2024,BA,Salvador,2927408,Green Eletron,Campanha itinerante,Ativo,01/08/2019
2406908-000,2024,RN,LUCRÉCIA,2406908,Green Eletron,PEV fixo,Ativo,04/04/2022
3301900-002,2024,RJ,Itaborai,3301900,ABREE,PEV fixo,Ativo,21/08/2024
3304557-050,2024,RJ,Rio de Janeiro,3304557,Green Eletron,PEV fixo,Ativo,06/04/2020
1303700-000,2024,AM,Santo Antônio do Içá,1303700,ABREE,PEV fixo,Ativo,23/12/2019
1200013-000,2024,AC,ACRELÂNDIA,1200013,ABREE,PEV fixo,Ativo,09/11/2021
2931806-000,2024,BA,Tremedal,2931806,Sistema individual,PEV fixo,Ativo,22/03/2023
3144656-000,2024,MG,Ninheira,3144656,ABREE,PEV fixo,Ativo,25/09/2022
4310603-000,2024,RS,Itaqui,4310603,ABREE,Ponto de consolidação,Ativo,19/02/2020
2111300-004,2024,MA,São Luís,2111300,ABREE,PEV fixo,Ativo,06/11/2019
3538808-026,2024,SP,Piraju,3538808,ABREE,PEV fixo,Ativo,08/08/2022
3305307-014,2024,RJ,SÃO SEBASTIÃO DO ALTO,3305307,ABREE,PEV fixo,Ativo,12/08/2022
5300108-067,2024,DF,Brasilia,5300108,ABREE,PEV fixo,Ativo,01/04/2021
3110202-001,2024,MG,Cajuri,3110202,ABREE,PEV fixo,Ativo,18/09/2023
1711951-000,2024,TO,Lagoa do Tocantins,1711951,ABREE,PEV fixo,Ativo,10/05/2019
3304508-001,2024,RJ,  Rio das Flores ,3304508,Green Eletron,PEV fixo,Ativo,11/09/2020
2927408-007,2024,BA,SALVADOR,2927408,Green Eletron,PEV fixo,Ativo,18/12/2019
3304557-189,2024,RJ,Rio de Janeiro,3304557,Green Eletron,PEV fixo,Ativo,05/03/2023
3305752-006,2024,RJ,Tanguá,3305752,ABREE,PEV fixo,Ativo,15/12/2022
3543006-001,2024,SP,Ribeirão Branco,3543006,Green Eletron,Ponto de consolidação,Ativo,15/11/2019
3555109-009,2024,SP,  Tupi Paulista ,3555109,Green Eletron,PEV fixo,Ativo,09/06/2021
4321808-000,2024,RS,Três de Maio,4321808,Green Eletron,PEV fixo,Inativo,15/12/2023
3166303-000,2024,MG,Sericita,3166303,Green Eletron,PEV fixo,Ativo,14/05/2024
4119954-000,2024,PR,Pontal do Paraná,4119954,Green Eletron,PEV fixo,Ativo,18/11/2022
1711902-000,2024,TO,LAGOA DA CONFUSÃO,1711902,Green Eletron,Ponto de consolidação,Ativo,06/03/2021
2408102-015,2024,RN,  Natal ,2408102,ABREE,PEV fixo,Ativo,11/03/2022
4316972-000,2024,RS,SANTA MARGARIDA DO SUL,4316972,Green Eletron,PEV fixo,Ativo,10/08/2020
2304400-024,2024,CE,Fortaleza,2304400,ABREE,PEV fixo,Ativo,04/02/2019
1304005-000,2024,AM,SILVES,1304005,ABREE,PEV fixo,Ativo,02/08/2020
3550308-323,2024,SP,Sao Paulo,3550308,Green Eletron,PEV fixo,Ativo,28/12/2023
2504355-000,2024,PB,Caturité,2504355,Green Eletron,Campanha itinerante,Ativo,03/10/2022
3165701-001,2024,MG,SENADOR FIRMINO,3165701,Green Eletron,Campanha itinerante,Ativo,15/11/2024
3106200-221,2024,MG,Belo Horizonte,3106200,ABREE,PEV fixo,Ativo,23/10/2023
2304251-003,2024,CE,Cruz,2304251,Green Eletron,PEV fixo,Ativo,16/05/2019
2611606-020,2024,PE,Recife,2611606,ABREE,PEV fixo,Ativo,13/09/2020
3532108-000,2024,SP,Murutinga do Sul,3532108,Green Eletron,PEV fixo,Ativo,11/08/2020
1501402-030,2024,PA,BELÉM,1501402,Green Eletron,PEV fixo,Ativo,21/12/2023
2800308-003,2024,SE,Aracaju,2800308,Sistema individual,PEV fixo,Ativo,22/09/2019
2111300-046,2024,MA,São Luís,2111300,ABREE,PEV fixo,Ativo,08/05/2020
3543253-000,2024,SP,Ribeirão Grande,3543253,ABREE,PEV fixo,Ativo,24/07/2021
2708006-000,2024,AL,SANTANA DO IPANEMA,2708006,ABREE,Ponto de consolidação,Ativo,16/01/2020
3301876-001,2024,RJ,Iguaba Grande,3301876,ABREE,PEV fixo,Ativo,15/02/2020
2610202-000,2024,PE,Panelas,2610202,ABREE,PEV fixo,Ativo,01/01/2021
3519105-000,2024,SP,Iacanga,3519105,Green Eletron,PEV fixo,Ativo,07/12/2023
1720309-000,2024,TO,SÃO SEBASTIÃO DO TOCANTINS,1720309,ABREE,PEV fixo,Ativo,14/12/2021
1505106-003,2024,PA,ÓBIDOS,,Green Eletron,Campanha itinerante,Ativo,25/11/2022
3205010-000,2024,ES,SOORETAMA,3205010,ABREE,Campanha itinerante,Ativo,18/06/2020
4318614-000,2024,RS,São José do Sul,4318614,Green Eletron,PEV fixo,Ativo,04/07/2019
2800308-023,2024,SE,ARACAJU,2800308,ABREE,PEV fixo,Ativo,19/01/2022
2304400-058,2024,CE,Fortaleza,2304400,Sistema individual,Campanha itinerante,Ativo,24/07/2021
4124004-000,2024,PR,SANTANA DO ITARARÉ,4124004,Green Eletron,PEV fixo,Ativo,08/10/2023
2309904-006,2024,CE,PACUJÁ,2309904,ABREE,PEV fixo,Ativo,27/01/2022
5006309-000,2024,MS,Paranaiba,5006309,ABREE,PEV fixo,Ativo,26/10/2021
3305505-005,2024,RJ,Saquarema,3305505,Sistema individual,PEV fixo,Ativo,08/07/2024
3205309-020,2024,ES,Vitoria,3205309,Green Eletron,PEV fixo,Ativo,22/08/2023
3550308-073,2024,SP,Sao Paulo,3550308,Green Eletron,PEV fixo,Ativo,16/09/2019
2211001-022,2024,PI,Teresina,2211001,Green Eletron,PEV fixo,Ativo,24/08/2022
2902658-000,2024,BA,Banzae,2902658,ABREE,PEV fixo,Ativo,27/05/2021
2606200-001,2024,PE,Goiana,2606200,ABREE,PEV fixo,Ativo,27/03/2024
2404903-000,2024,RN,Itaú,2404903,ABREE,PEV fixo,Ativo,12/03/2019
3550308-285,2024,SP,Sao Paulo,3550308,ABREE,PEV fixo,Ativo,14/01/2022
3304557-042,2024,RJ,Rio de Janeiro,3304557,Green Eletron,PEV fixo,Ativo,01/01/2020
1200336-000,2024,AC,Mâncio Lima,1200336,Green Eletron,PEV fixo,Ativo,25/03/2022
3106200-105,2024,MG,Belo Horizonte,3106200,Green Eletron,Ponto de consolidação,Ativo,01/01/2021
4217956-000,2024,SC,Tigrinhos,4217956,ABREE,PEV fixo,Ativo,02/04/2019
4321352-000,2024,RS,TAVARES,4321352,ABREE,PEV fixo,Ativo,12/02/2020
4206801-000,2024,SC,Ibicare,4206801,ABREE,Ponto de consolidação,Ativo,22/01/2020
3541653-004,2024,SP,Quadra,3541653,ABREE,PEV fixo,Ativo,06/10/2021
4128534-000,2024,PR,Ventania,4128534,Green Eletron,PEV fixo,Ativo,27/05/2019
2111300-067,2024,MA,São Luís,2111300,ABREE,PEV fixo,Ativo,09/08/2021
2111300-018,2024,MA,São Luís,2111300,ABREE,PEV fixo,Ativo,14/07/2019
2903508-004,2024,BA,Belo Campo,2903508,ABREE,PEV fixo,Ativo,23/04/2023
3521002-001,2024,SP,Iperó,3521002,ABREE,PEV fixo,Ativo,20/01/2024
3547304-000,2024,SP,Santana de Parnaíba,3547304,ABREE,PEV fixo,Ativo,13/05/2019
3170206-000,2024,MG,Uberlandia,3170206,ABREE,PEV fixo,Ativo,19/10/2021
2211001-009,2024,PI,Teresina,2211001,Green Eletron,PEV fixo,Ativo,19/02/2020
2705705-000,2024,AL,Olho d'Água das Flores,2705705,ABREE,PEV fixo,Ativo,26/12/2019
2208874-001,2024,PI,Ribeira do Piauí,2208874,Green Eletron,PEV fixo,Ativo,24/02/2024
2604205-000,2024,PE,Catende,2604205,Green Eletron,PEV fixo,Ativo,03/02/2020
2411700-000,2024,RN,São Bento do Trairí,2411700,Green Eletron,PEV fixo,Ativo,15/09/2019
4201257-000,2024,SC,Apiúna,4201257,ABREE,PEV fixo,Ativo,17/06/2021
4207759-000,2024,SC,IRACEMINHA,4207759,Green Eletron,PEV fixo,Ativo,17/01/2019
3550308-090,2024,SP,SÃO PAULO,3550308,Sistema individual,PEV fixo,Ativo,08/06/2019
4105508-000,2024,PR,  Cianorte ,4105508,Green Eletron,Ponto de consolidação,Ativo,15/09/2019
4306379-000,2024,RS,Dilermando de Aguiar,4306379,ABREE,PEV fixo,Ativo,08/02/2022
3525201-002,2024,SP,Jarinu,3525201,Green Eletron,PEV fixo,Ativo,27/06/2020
2902807-000,2024,BA,BARRA DA ESTIVA,2902807,ABREE,PEV fixo,Ativo,11/10/2021
1302405-000,2024,AM,  Lábrea ,1302405,ABREE,Campanha itinerante,Ativo,24/10/2020
2900801-001,2024,BA,ALCOBAÇA,2900801,ABREE,PEV fixo,Ativo,09/02/2023
2406155-000,2024,RN,  Jundiá ,2406155,ABREE,PEV fixo,Ativo,13/02/2022
2616183-000,2024,PE,VERTENTE DO LÉRIO,2616183,Sistema individual,PEV fixo,Ativo,07/05/2019
2910057-001,2024,BA,Dias d'Ávila,2910057,Green Eletron,PEV fixo,Ativo,02/06/2024
3152303-000,2024,MG,Porto Firme,3152303,Green Eletron,PEV fixo,Ativo,06/04/2023
5300108-011,2024,DF,BRASÍLIA,5300108,ABREE,PEV fixo,Ativo,12/07/2019
2203008-000,2024,PI,Cristalândia do Piauí,2203008,Green Eletron,PEV fixo,Ativo,18/11/2021
3546504-001,2024,SP,Santa Ernestina,3546504,Green Eletron,PEV fixo,Ativo,28/05/2024
2611606-060,2024,PE,Recife,2611606,Green Eletron,Ponto de consolidação,Ativo,08/09/2022
2610103-006,2024,PE,  Palmeirina ,2610103,ABREE,PEV fixo,Ativo,21/07/2024
3509452-000,2024,SP,CAMPINA DO MONTE ALEGRE,3509452,ABREE,PEV fixo,Ativo,10/12/2019
2802601-000,2024,SE,Gracho Cardoso,2802601,ABREE,PEV fixo,Ativo,14/06/2023
3550308-250,2024,SP,  São Paulo ,3550308,ABREE,Campanha itinerante,Ativo,10/01/2021
1501402-023,2024,PA,Belém,1501402,ABREE,Ponto de consolidação,Ativo,21/12/2022
2700805-000,2024,AL,Belém,2700805,ABREE,PEV fixo,Ativo,10/01/2020
5103403-011,2024,MT,Cuiabá,5103403,Green Eletron,PEV fixo,Ativo,09/08/2023
4318903-000,2024,RS,SÃO LUIZ GONZAGA,4318903,ABREE,PEV fixo,Ativo,26/01/2024
3127339-002,2024,MG,GAMELEIRAS,3127339,Green Eletron,PEV fixo,Ativo,06/01/2022
3509254-000,2024,SP,Cajati,3509254,ABREE,PEV fixo,Ativo,15/02/2022
2924009-000,2024,BA,PAULO AFONSO,2924009,ABREE,PEV fixo,Ativo,20/01/2021
2111300-059,2024,MA,São Luís,2111300,Green Eletron,Campanha itinerante,Ativo,01/04/2021
3550308-235,2024,SP,São Paulo,3550308,Green Eletron,PEV fixo,Ativo,07/09/2021
4323358-000,2024,RS,Vila Langaro,4323358,Green Eletron,PEV fixo,Ativo,26/10/2022
3301108-022,2024,RJ,CANTAGALO,3301108,Green Eletron,PEV fixo,Ativo,19/06/2023
3304508-008,2024,RJ,  Rio das Flores ,3304508,Green Eletron,PEV fixo,Ativo,18/06/2021
1100205-011,2024,RO,PORTO VELHO,1100205,ABREE,PEV fixo,Ativo,09/02/2023
4314902-027,2024,RS,PORTO ALEGRE,4314902,ABREE,PEV fixo,Inativo,26/04/2020
5201306-000,2024,GO,Anicuns,5201306,Green Eletron,PEV fixo,Ativo,19/01/2022
2614808-000,2024,PE,TACARATU,2614808,Green Eletron,PEV fixo,Ativo,26/02/2022
3301405-006,2024,RJ,Conceição de Macabu,3301405,ABREE,PEV fixo,Ativo,02/10/2021
2612109-000,2024,PE,  Salgadinho ,2612109,ABREE,PEV fixo,Ativo,03/10/2019
2614501-000,2024,PE,  Surubim ,2614501,Green Eletron,Campanha itinerante,Ativo,23/02/2022
2927408-083,2024,BA,Salvador,2927408,ABREE,PEV fixo,Ativo,27/07/2021
3304557-138,2024,RJ,Rio de Janeiro,3304557,Green Eletron,Campanha itinerante,Ativo,22/08/2022
4314902-148,2024,RS,Porto Alegre,4314902,ABREE,PEV fixo,Inativo,13/11/2023
2505352-000,2024,PB,Damiao,2505352,ABREE,Campanha itinerante,Ativo,19/06/2019
3106200-228,2024,MG,BELO HORIZONTE,3106200,Green Eletron,PEV fixo,Ativo,08/11/2023
2924207-000,2024,BA,Pedro Alexandre,2924207,Green Eletron,PEV fixo,Ativo,13/11/2020
4125803-000,2024,PR,  São Pedro do Ivaí ,4125803,ABREE,PEV fixo,Ativo,01/10/2022
3506904-003,2024,SP,Bofete,3506904,Green Eletron,Ponto de consolidação,Ativo,27/11/2022
3303104-003,2024,RJ,NATIVIDADE,3303104,Green Eletron,PEV fixo,Ativo,15/06/2024
3550308-315,2024,SP,SÃO PAULO,3550308,Green Eletron,PEV fixo,Ativo,01/02/2022
3535804-000,2024,SP,PARANAPANEMA,3535804,ABREE,PEV fixo,Ativo,22/04/2020
4314902-001,2024,RS,PORTO ALEGRE,4314902,Sistema individual,PEV fixo,Ativo,10/03/2020
2702702-000,2024,AL,  Feliz Deserto ,2702702,Green Eletron,PEV fixo,Ativo,06/05/2022
3301108-025,2024,RJ,Cantagalo,3301108,Green Eletron,PEV fixo,Ativo,10/07/2023
2303931-000,2024,CE,Choró,2303931,ABREE,PEV fixo,Ativo,10/04/2022
2611606-074,2024,PE,Recife,2611606,Green Eletron,PEV fixo,Inativo,27/09/2023
5205406-000,2024,GO,CERES,5205406,Green Eletron,PEV fixo,Ativo,02/06/2022
4322707-000,2024,RS,VERA CRUZ,4322707,Green Eletron,PEV fixo,Ativo,07/11/2024
3106200-066,2024,MG,Belo Horizonte,3106200,Green Eletron,PEV fixo,Ativo,13/05/2020
2207777-000,2024,PI,Patos do Piauí,2207777,ABREE,PEV fixo,Ativo,23/01/2022
2927408-001,2024,BA,Salvador,2927408,ABREE,PEV fixo,Ativo,12/10/2019
3304557-069,2024,RJ,RIO DE JANEIRO,3304557,ABREE,Campanha itinerante,Inativo,02/11/2021
4314902-016,2024,RS,Porto Alegre,4314902,Sistema individual,PEV fixo,Ativo,21/01/2020
3503950-000,2024,SP,Aspásia,3503950,ABREE,PEV fixo,Inativo,23/05/2021
2905107-000,2024,BA,  Caém ,2905107,ABREE,PEV fixo,Ativo,22/04/2023
2910057-000,2024,BA,Dias d'Avila,2910057,Sistema individual,PEV fixo,Ativo,09/05/2023
4108502-000,2024,PR,General Carneiro,4108502,ABREE,PEV fixo,Ativo,04/05/2023
3304557-009,2024,RJ,RIO DE JANEIRO,3304557,ABREE,PEV fixo,Ativo,06/11/2020
5208707-005,2024,GO,GOIÂNIA,5208707,ABREE,PEV fixo,Ativo,18/07/2019
4311643-000,2024,RS,Linha Nova,4311643,ABREE,PEV fixo,Ativo,19/07/2019
2205359-000,2024,PI,João Costa,2205359,ABREE,PEV fixo,Ativo,27/12/2020
3524402-002,2024,SP,JACAREÍ,3524402,ABREE,PEV fixo,Ativo,27/04/2021
3552502-002,2024,SP,Suzano,3552502,ABREE,PEV fixo,Ativo,25/12/2024
4112207-001,2024,PR,JANIÓPOLIS,4112207,ABREE,PEV fixo,Ativo,07/04/2023
3529708-003,2024,SP,MIGUELÓPOLIS,3529708,Green Eletron,PEV fixo,Ativo,15/02/2022
3551306-005,2024,SP,  Sebastianópolis do Sul ,3551306,ABREE,PEV fixo,Ativo,15/02/2021
2902104-000,2024,BA,Araci,2902104,ABREE,PEV fixo,Ativo,23/12/2021
4114401-000,2024,PR,Mangueirinha,4114401,ABREE,PEV fixo,Ativo,22/03/2021
4118907-000,2024,PR,Perola,4118907,ABREE,PEV fixo,Ativo,20/04/2021
4302154-000,2024,RS,Boa Vista das Missões,4302154,ABREE,PEV fixo,Ativo,23/07/2019
1300706-006,2024,AM,  Boca do Acre ,1300706,ABREE,PEV fixo,Ativo,15/10/2023
3512100-004,2024,SP,Colombia,3512100,ABREE,Ponto de consolidação,Ativo,13/02/2024
3550308-253,2024,SP,São Paulo,3550308,Green Eletron,PEV fixo,Ativo,13/12/2022
3142809-000,2024,MG,Monte Alegre de Minas,3142809,Green Eletron,Ponto de consolidação,Ativo,05/06/2020
2614105-000,2024,PE,Sertania,2614105,ABREE,PEV fixo,Ativo,27/08/2019
2113009-000,2024,MA,Vitorino Freire,2113009,Green Eletron,Ponto de consolidação,Ativo,18/03/2020
3205309-014,2024,ES,Vitoria,3205309,Green Eletron,PEV fixo,Ativo,14/05/2022
2102150-000,2024,MA,BREJO DE AREIA,2102150,Green Eletron,PEV fixo,Ativo,07/04/2021
3304557-057,2024,RJ,Rio de Janeiro,3304557,Green Eletron,PEV fixo,Ativo,08/08/2020
3530607-000,2024,SP,Mogi das Cruzes,3530607,Sistema individual,Ponto de consolidação,Ativo,25/03/2021
4115804-000,2024,PR,MEDIANEIRA,4115804,Green Eletron,PEV fixo,Ativo,23/11/2021
3550308-216,2024,SP,São Paulo,3550308,Green Eletron,Ponto de consolidação,Ativo,04/09/2021
5300108-093,2024,DF,BRASÍLIA,5300108,ABREE,Campanha itinerante,Ativo,01/11/2022
4314902-066,2024,RS,  Porto Alegre ,4314902,Sistema individual,PEV fixo,Ativo,14/04/2021
4107702-000,2024,PR,FÊNIX,4107702,ABREE,PEV fixo,Ativo,19/08/2020
3302700-011,2024,RJ,MARICÁ,3302700,Green Eletron,PEV fixo,Ativo,13/09/2021
3550308-276,2024,SP,SÃO PAULO,3550308,Green Eletron,PEV fixo,Ativo,10/09/2022
2907707-000,2024,BA,Chorrochó,2907707,Green Eletron,PEV fixo,Ativo,23/01/2022
3106200-289,2024,MG,Belo Horizonte,3106200,ABREE,PEV fixo,Ativo,01/06/2024
3553807-001,2024,SP,TAQUARITUBA,3553807,ABREE,PEV fixo,Ativo,26/08/2022
3106200-034,2024,MG,Belo Horizonte,3106200,Green Eletron,Campanha itinerante,Ativo,16/07/2020
4314902-081,2024,RS,Porto Alegre,4314902,Green Eletron,PEV fixo,Ativo,20/11/2021
2933307-001,2024,BA,Vitoria da Conquista,2933307,ABREE,PEV fixo,Ativo,10/07/2022
2927408-089,2024,BA,SALVADOR,2927408,Green Eletron,PEV fixo,Inativo,24/05/2021
3533908-000,2024,SP,OLÍMPIA,3533908,ABREE,PEV fixo,Ativo,27/03/2020
3142106-000,2024,MG,MIRADOURO,3142106,ABREE,Campanha itinerante,Ativo,19/10/2024
3550308-045,2024,SP,São Paulo,3550308,Green Eletron,PEV fixo,Ativo,22/05/2019
4122602-000,2024,PR,Rondon,4122602,ABREE,PEV fixo,Ativo,04/09/2020
4208500-000,2024,SC,Ituporanga,4208500,Green Eletron,Ponto de consolidação,Ativo,03/02/2021
2311504-000,2024,CE,Quixeré,2311504,ABREE,PEV fixo,Ativo,12/01/2021
5300108-020,2024,DF,Brasília,5300108,ABREE,PEV fixo,Ativo,13/08/2019
3524907-000,2024,SP,Jambeiro,3524907,Green Eletron,PEV fixo,Ativo,07/04/2020
3304557-028,2024,RJ,Rio de Janeiro,3304557,Green Eletron,PEV fixo,Ativo,01/05/2020
2111300-010,2024,MA,SÃO LUÍS,2111300,ABREE,PEV fixo,Ativo,07/05/2019
4200101-000,2024,SC,Abelardo Luz,4200101,Green Eletron,PEV fixo,Ativo,27/09/2023
2927606-000,2024,BA,Santa Brígida,2927606,ABREE,PEV fixo,Ativo,05/04/2020
3106200-003,2024,MG,Belo Horizonte,3106200,ABREE,PEV fixo,Ativo,14/09/2020
2511004-001,2024,PB,Pedra Branca,2511004,ABREE,PEV fixo,Ativo,16/10/2022
2508505-000,2024,PB,Livramento,2508505,Sistema individual,PEV fixo,Ativo,24/02/2021
4314902-108,2024,RS,Porto Alegre,4314902,Green Eletron,PEV fixo,Ativo,22/12/2022
2102754-000,2024,MA,Capinzal do Norte,,ABREE,PEV fixo,Ativo,03/07/2023
3551900-004,2024,SP,Severinia,3551900,ABREE,PEV fixo,Ativo,08/05/2023
4106902-094,2024,PR,CURITIBA,4106902,ABREE,Ponto de consolidação,Ativo,01/04/2024
4213708-000,2024,SC,Pouso Redondo,4213708,Green Eletron,PEV fixo,Ativo,28/08/2021
2602001-000,2024,PE,Bodocó,2602001,Green Eletron,PEV fixo,Ativo,15/06/2023
2505808-000,2024,PB,Duas Estradas,2505808,ABREE,PEV fixo,Ativo,22/07/2021
3112307-000,2024,MG,Capelinha,3112307,Green Eletron,PEV fixo,Ativo,17/11/2024
3549706-008,2024,SP,Sao Jose do Rio Pardo,3549706,Sistema individual,PEV fixo,Ativo,21/10/2024
3127206-000,2024,MG,Funilândia,3127206,Sistema individual,PEV fixo,Ativo,22/10/2021
3550308-354,2024,SP,São Paulo,3550308,ABREE,PEV fixo,Ativo,09/02/2023
4314902-146,2024,RS,Porto Alegre,4314902,ABREE,PEV fixo,Ativo,08/08/2023
2927408-036,2024,BA,  Salvador ,2927408,ABREE,Campanha itinerante,Ativo,10/05/2019
3106200-258,2024,MG,BELO HORIZONTE,3106200,Green Eletron,PEV fixo,Ativo,18/01/2023
3155603-002,2024,MG,Rio Pardo de Minas,3155603,Green Eletron,PEV fixo,Ativo,13/05/2023
3301108-011,2024,RJ,CANTAGALO,3301108,Green Eletron,PEV fixo,Ativo,18/09/2021
3122801-000,2024,MG,Dom Viçoso,3122801,Green Eletron,PEV fixo,Ativo,06/02/2023
2514107-000,2024,PB,Sao Joao do Tigre,2514107,Green Eletron,PEV fixo,Ativo,27/11/2022
2603603-000,2024,PE,Camutanga,2603603,ABREE,PEV fixo,Ativo,21/11/2019
4109906-000,2024,PR,Icaraíma,4109906,Green Eletron,PEV fixo,Ativo,02/10/2020
2203602-000,2024,PI,Eliseu Martins,2203602,ABREE,PEV fixo,Ativo,12/07/2023
2500775-000,2024,PB,Aparecida,2500775,ABREE,PEV fixo,Ativo,04/02/2020
1200179-000,2024,AC,Capixaba,1200179,Sistema individual,Campanha itinerante,Ativo,20/09/2022
2104206-002,2024,MA,  Fortuna ,2104206,ABREE,Campanha itinerante,Ativo,25/02/2023
3544103-002,2024,SP,Rio Grande da Serra,3544103,Sistema individual,PEV fixo,Ativo,04/11/2024
2414456-000,2024,RN,TRIUNFO POTIGUAR,2414456,ABREE,Ponto de consolidação,Ativo,19/07/2020
3550308-030,2024,SP,São Paulo,3550308,ABREE,PEV fixo,Ativo,04/05/2019
2908101-000,2024,BA,Cocos,2908101,Green Eletron,Ponto de consolidação,Ativo,27/09/2024
3546603-000,2024,SP,  Santa Fé do Sul ,3546603,Green Eletron,Ponto de consolidação,Ativo,03/12/2020
3550308-125,2024,SP,São Paulo,3550308,ABREE,PEV fixo,Ativo,28/02/2020
3139201-000,2024,MG,MALACACHETA,3139201,ABREE,PEV fixo,Ativo,11/03/2019
3538808-011,2024,SP,Piraju,3538808,ABREE,PEV fixo,Ativo,06/03/2020
3535705-001,2024,SP,Paraiso,3535705,Green Eletron,PEV fixo,Ativo,05/03/2024
3550308-082,2024,SP,São Paulo,,Sistema individual,PEV fixo,Ativo,25/06/2019
4210407-000,2024,SC,MARACAJÁ,4210407,Green Eletron,PEV fixo,Ativo,14/09/2019
4215000-000,2024,SC,RIO NEGRINHO,4215000,ABREE,PEV fixo,Ativo,01/10/2023
4314902-096,2024,RS,PORTO ALEGRE,4314902,Green Eletron,PEV fixo,Ativo,08/04/2022
4121901-000,2024,PR,Ribeirão do Pinhal,4121901,Green Eletron,Ponto de consolidação,Ativo,06/06/2024
3106200-229,2024,MG,BELO HORIZONTE,3106200,ABREE,Ponto de consolidação,Ativo,01/08/2023
3103751-000,2024,MG,ARAPORÃ,3103751,ABREE,PEV fixo,Ativo,20/07/2022
3106200-246,2024,MG,BELO HORIZONTE,3106200,ABREE,PEV fixo,Ativo,12/09/2023
2304400-010,2024,CE,Fortaleza,2304400,Green Eletron,PEV fixo,Ativo,20/11/2019
2501401-000,2024,PB,BAÍA DA TRAIÇÃO,2501401,ABREE,PEV fixo,Ativo,26/10/2022
2302305-003,2024,CE,Bela Cruz,2302305,Green Eletron,PEV fixo,Ativo,11/04/2023
5007695-000,2024,MS,Sao Gabriel do Oeste,5007695,ABREE,Campanha itinerante,Ativo,14/11/2020
2905305-000,2024,BA,CAFARNAUM,2905305,ABREE,PEV fixo,Ativo,10/07/2019
3550308-169,2024,SP,SÃO PAULO,3550308,ABREE,PEV fixo,Ativo,17/08/2020
1501600-001,2024,PA,Bonito,1501600,ABREE,PEV fixo,Ativo,12/09/2023
3550308-342,2024,SP,São Paulo,3550308,ABREE,PEV fixo,Ativo,04/12/2023
1712157-000,2024,TO,Lavandeira,1712157,ABREE,PEV fixo,Ativo,10/01/2024
2612802-000,2024,PE,  Santa Terezinha ,2612802,Green Eletron,Campanha itinerante,Ativo,06/10/2023
5107701-000,2024,MT,  Rosário Oeste ,5107701,Green Eletron,PEV fixo,Ativo,09/07/2020
5100300-001,2024,MT,Alto Araguaia,5100300,Green Eletron,PEV fixo,Ativo,08/08/2023
2901205-000,2024,BA,Anagé,2901205,ABREE,PEV fixo,Ativo,18/12/2019
4209409-000,2024,SC,LAGUNA,4209409,Green Eletron,PEV fixo,Ativo,06/10/2021
3203007-002,2024,ES,Iúna,3203007,Green Eletron,PEV fixo,Ativo,11/05/2023
3300308-006,2024,RJ,Barra do Piraí,3300308,Green Eletron,Campanha itinerante,Ativo,12/05/2021
3550308-334,2024,SP,São Paulo,3550308,Green Eletron,PEV fixo,Ativo,26/01/2023
4205407-038,2024,SC,Florianópolis,4205407,Green Eletron,PEV fixo,Ativo,13/08/2020
3550308-035,2024,SP,SÃO PAULO,,Sistema individual,PEV fixo,Ativo,27/10/2019
4121802-000,2024,PR,RIBEIRÃO CLARO,4121802,ABREE,PEV fixo,Ativo,04/05/2020
4127601-000,2024,PR,Tijucas do Sul,4127601,Green Eletron,PEV fixo,Ativo,06/03/2020
2303600-000,2024,CE,CATARINA,,ABREE,PEV fixo,Ativo,22/09/2023
5300108-037,2024,DF,BRASÍLIA,5300108,ABREE,PEV fixo,Ativo,17/01/2020
3145307-000,2024,MG,Novo Cruzeiro,3145307,ABREE,PEV fixo,Ativo,14/06/2024
2800308-007,2024,SE,Aracaju,2800308,ABREE,Campanha itinerante,Ativo,19/07/2019
3157278-000,2024,MG,SANTA BÁRBARA DO MONTE VERDE,3157278,Green Eletron,PEV fixo,Ativo,22/03/2022
4209854-000,2024,SC,LINDÓIA DO SUL,4209854,ABREE,PEV fixo,Ativo,02/06/2024
2304400-079,2024,CE,  Fortaleza ,2304400,Green Eletron,Ponto de consolidação,Ativo,14/12/2022
3532306-012,2024,SP,  Natividade da Serra ,3532306,Sistema individual,PEV fixo,Ativo,04/09/2024
4213807-000,2024,SC,  Praia Grande ,4213807,ABREE,PEV fixo,Ativo,10/05/2021
2509503-000,2024,PB,Montadas,2509503,Sistema individual,PEV fixo,Ativo,27/05/2019
3302270-000,2024,RJ,Japeri,3302270,ABREE,PEV fixo,Ativo,10/05/2023
2304400-062,2024,CE,Fortaleza,2304400,Green Eletron,PEV fixo,Ativo,13/03/2021
3109709-001,2024,MG,CACHOEIRA DE MINAS,3109709,ABREE,Ponto de consolidação,Ativo,17/04/2024
2512408-000,2024,PB,Puxinanã,2512408,ABREE,PEV fixo,Ativo,15/06/2023
2611200-000,2024,PE,Pocao,2611200,Green Eletron,PEV fixo,Ativo,13/12/2024
3547502-001,2024,SP,Santa Rita do Passa Quatro,3547502,ABREE,PEV fixo,Ativo,27/01/2022
5206206-000,2024,GO,Cristalina,5206206,ABREE,PEV fixo,Ativo,14/12/2023
2309300-001,2024,CE,NOVA RUSSAS,2309300,Green Eletron,PEV fixo,Ativo,04/08/2022
2929909-000,2024,BA,Seabra,2929909,ABREE,PEV fixo,Ativo,21/07/2019
3527801-001,2024,SP,LUPÉRCIO,3527801,Sistema individual,PEV fixo,Ativo,14/11/2020
3302700-009,2024,RJ,Maricá,3302700,ABREE,PEV fixo,Ativo,05/04/2021
2917508-000,2024,BA,Jacobina,2917508,ABREE,PEV fixo,Ativo,24/03/2020
1300805-000,2024,AM,Borba,1300805,Green Eletron,PEV fixo,Ativo,10/04/2021
3504107-000,2024,SP,Atibaia,3504107,Green Eletron,PEV fixo,Ativo,19/07/2023
4104428-000,2024,PR,CANDÓI,4104428,Green Eletron,PEV fixo,Ativo,26/07/2024
2612455-000,2024,PE,Santa Cruz,2612455,ABREE,PEV fixo,Ativo,21/11/2023
3106200-284,2024,MG,Belo Horizonte,3106200,ABREE,PEV fixo,Ativo,17/03/2024
4123501-000,2024,PR,SANTA HELENA,4123501,Green Eletron,PEV fixo,Ativo,18/12/2021
3106200-281,2024,MG,Belo Horizonte,3106200,Sistema individual,PEV fixo,Ativo,18/01/2023
3165578-000,2024,MG,  Senador Amaral ,3165578,Green Eletron,PEV fixo,Ativo,22/12/2021
3304557-076,2024,RJ,Rio de Janeiro,3304557,ABREE,PEV fixo,Ativo,13/07/2021
4107751-000,2024,PR,  Figueira ,4107751,ABREE,PEV fixo,Ativo,21/06/2019
1300805-001,2024,AM,Borba,1300805,Green Eletron,PEV fixo,Ativo,04/12/2021
3134301-000,2024,MG,Itumirim,3134301,ABREE,Ponto de consolidação,Ativo,13/01/2019
3505203-007,2024,SP,BARIRI,3505203,ABREE,PEV fixo,Ativo,03/12/2022
3302106-007,2024,RJ,ITAOCARA,3302106,Green Eletron,Campanha itinerante,Ativo,08/09/2023
2902302-000,2024,BA,ARATUÍPE,2902302,Green Eletron,Ponto de consolidação,Ativo,05/10/2024
2501500-000,2024,PB,Bananeiras,2501500,ABREE,Campanha itinerante,Ativo,26/08/2023
4124509-000,2024,PR,Santo Inácio,4124509,Green Eletron,PEV fixo,Ativo,18/04/2021
4106902-020,2024,PR,CURITIBA,4106902,ABREE,PEV fixo,Ativo,02/11/2020
3164605-000,2024,MG,SÃO SEBASTIÃO DO OESTE,3164605,ABREE,PEV fixo,Ativo,19/04/2023
3171071-000,2024,MG,  Veredinha ,,ABREE,Ponto de consolidação,Ativo,21/10/2021
1200807-000,2024,AC,Porto Acre,1200807,ABREE,PEV fixo,Ativo,21/05/2021
2404101-000,2024,RN,Galinhos,2404101,Green Eletron,PEV fixo,Ativo,21/02/2019
3550308-126,2024,SP,Sao Paulo,3550308,Green Eletron,PEV fixo,Ativo,09/02/2020
1505601-004,2024,PA,PEIXE-BOI,1505601,Green Eletron,Campanha itinerante,Ativo,07/07/2024
2927408-073,2024,BA,Salvador,2927408,Green Eletron,PEV fixo,Ativo,23/07/2021
3523404-000,2024,SP,Itatiba,3523404,ABREE,Ponto de consolidação,Ativo,10/12/2024
3205309-006,2024,ES,VITÓRIA,3205309,ABREE,PEV fixo,Ativo,24/05/2020
2111300-101,2024,MA,São Luís,2111300,Green Eletron,Ponto de consolidação,Ativo,21/07/2023
1501402-026,2024,PA,Belém,1501402,Green Eletron,PEV fixo,Ativo,24/10/2023
1501402-027,2024,PA,Belém,1501402,ABREE,PEV fixo,Ativo,08/01/2023
3557006-005,2024,SP,Votorantim,3557006,ABREE,Ponto de consolidação,Ativo,12/10/2022
1506807-000,2024,PA,Santarém,1506807,ABREE,PEV fixo,Ativo,15/02/2020
4205407-075,2024,SC,Florianópolis,4205407,ABREE,PEV fixo,Ativo,04/04/2022
2912400-000,2024,BA,Ibipeba,2912400,ABREE,Ponto de consolidação,Ativo,26/05/2023
4111209-000,2024,PR,Itapejara d'Oeste,4111209,Green Eletron,PEV fixo,Ativo,11/05/2020
3304557-139,2024,RJ,RIO DE JANEIRO,3304557,ABREE,PEV fixo,Ativo,01/02/2022
3106200-129,2024,MG,Belo Horizonte,3106200,ABREE,PEV fixo,Ativo,23/10/2021
3202553-002,2024,ES,Ibitirama,3202553,ABREE,PEV fixo,Ativo,09/10/2024
3538808-027,2024,SP,Piraju,3538808,ABREE,PEV fixo,Ativo,22/02/2022
1508084-000,2024,PA,Tucuma,1508084,ABREE,PEV fixo,Ativo,15/11/2019
5300108-073,2024,DF,BRASÍLIA,,ABREE,PEV fixo,Ativo,07/09/2022
3106200-063,2024,MG,Belo Horizonte,3106200,ABREE,PEV fixo,Ativo,11/05/2020
3505203-010,2024,SP,  Bariri ,3505203,Green Eletron,PEV fixo,Ativo,12/01/2024
3555109-003,2024,SP,TUPI PAULISTA,3555109,ABREE,PEV fixo,Ativo,15/02/2020
5221080-000,2024,GO,TERESINA DE GOIÁS,5221080,Green Eletron,Ponto de consolidação,Ativo,03/10/2024
3304557-208,2024,RJ,Rio de Janeiro,3304557,ABREE,PEV fixo,Ativo,26/05/2024
2103406-000,2024,MA,Coelho Neto,2103406,ABREE,PEV fixo,Ativo,23/07/2022
5213087-000,2024,GO,  Minaçu ,5213087,Sistema individual,PEV fixo,Ativo,23/03/2020
3305406-004,2024,RJ,Sapucaia,3305406,Green Eletron,PEV fixo,Ativo,11/02/2021
3302601-000,2024,RJ,Mangaratiba,3302601,ABREE,Ponto de consolidação,Ativo,26/03/2024
2510659-000,2024,PB,Parari,,ABREE,PEV fixo,Ativo,21/05/2024
4310801-000,2024,RS,Ivoti,4310801,Green Eletron,PEV fixo,Ativo,23/06/2024
3503703-000,2024,SP,Ariranha,3503703,ABREE,PEV fixo,Ativo,25/09/2020
2927408-139,2024,BA,Salvador,2927408,ABREE,PEV fixo,Ativo,16/05/2023
2300606-003,2024,CE,  Altaneira ,2300606,ABREE,Ponto de consolidação,Ativo,05/02/2023
4217758-000,2024,SC,Sul Brasil,4217758,Green Eletron,Ponto de consolidação,Ativo,17/05/2021
3140852-000,2024,MG,Matias Cardoso,3140852,Sistema individual,PEV fixo,Ativo,25/05/2020
2608057-000,2024,PE,JATOBÁ,2608057,ABREE,PEV fixo,Ativo,02/08/2023
3106200-198,2024,MG,BELO HORIZONTE,3106200,ABREE,PEV fixo,Ativo,03/03/2022
3511300-000,2024,SP,CEDRAL,3511300,Green Eletron,Ponto de consolidação,Ativo,17/01/2020
2928307-000,2024,BA,SANTANÓPOLIS,2928307,ABREE,PEV fixo,Ativo,28/06/2021
4313086-000,2024,RS,Nova Padua,4313086,Green Eletron,PEV fixo,Inativo,16/01/2020
4201505-001,2024,SC,Armazém,4201505,ABREE,PEV fixo,Ativo,07/10/2023
2921401-001,2024,BA,Mirangaba,2921401,ABREE,PEV fixo,Ativo,11/11/2023
2304400-022,2024,CE,FORTALEZA,2304400,Green Eletron,PEV fixo,Ativo,24/07/2019
2304400-055,2024,CE,Fortaleza,2304400,ABREE,PEV fixo,Ativo,18/09/2021
2604304-000,2024,PE,Cedro,2604304,ABREE,Ponto de consolidação,Ativo,19/08/2020
1300144-000,2024,AM,Apui,1300144,Green Eletron,Campanha itinerante,Ativo,18/06/2019
1505700-005,2024,PA,Ponta de Pedras,1505700,Green Eletron,PEV fixo,Ativo,18/06/2024
4306809-000,2024,RS,Encantado,4306809,Green Eletron,PEV fixo,Ativo,18/07/2019
3133600-000,2024,MG,Itapeva,3133600,ABREE,PEV fixo,Ativo,11/05/2023
2210409-000,2024,PI,São Miguel do Tapuio,2210409,Green Eletron,PEV fixo,Ativo,18/10/2019
3103108-000,2024,MG,Antônio Prado de Minas,3103108,ABREE,PEV fixo,Ativo,28/01/2019
4219002-000,2024,SC,Urussanga,4219002,ABREE,Campanha itinerante,Ativo,13/08/2019
3171709-000,2024,MG,Virgínia,3171709,Green Eletron,PEV fixo,Ativo,21/11/2021
3543006-006,2024,SP,Ribeirão Branco,3543006,ABREE,Ponto de consolidação,Ativo,17/08/2023
3513009-001,2024,SP,Cotia,3513009,Green Eletron,PEV fixo,Ativo,13/04/2019
1501402-011,2024,PA,Belém,1501402,Green Eletron,Ponto de consolidação,Ativo,19/07/2021
4205407-029,2024,SC,FLORIANÓPOLIS,4205407,ABREE,PEV fixo,Ativo,17/05/2020
2610707-000,2024,PE,Paulista,2610707,ABREE,PEV fixo,Ativo,20/05/2023
3107703-000,2024,MG,Bom Jesus do Amparo,3107703,Sistema individual,PEV fixo,Ativo,02/12/2021
1300706-000,2024,AM,Boca do Acre,1300706,Green Eletron,PEV fixo,Ativo,19/05/2020
4106902-029,2024,PR,Curitiba,4106902,ABREE,PEV fixo,Ativo,14/11/2021
4314902-163,2024,RS,Porto Alegre,4314902,Sistema individual,PEV fixo,Ativo,02/05/2024
1721208-000,2024,TO,Tocantinópolis,1721208,ABREE,PEV fixo,Ativo,09/09/2024
5003488-001,2024,MS,Dois Irmãos do Buriti,5003488,ABREE,Campanha itinerante,Ativo,07/09/2024
2507507-014,2024,PB,JOÃO PESSOA,2507507,ABREE,PEV fixo,Ativo,26/10/2022
1508100-000,2024,PA,TUCURUÍ,1508100,ABREE,PEV fixo,Ativo,11/03/2023
2605152-003,2024,PE,Dormentes,2605152,Green Eletron,PEV fixo,Ativo,26/12/2023
2927804-000,2024,BA,Santa Cruz da Vitória,2927804,Green Eletron,PEV fixo,Ativo,12/05/2020
2111300-065,2024,MA,Sao Luis,2111300,ABREE,PEV fixo,Ativo,06/12/2021
4120200-000,2024,PR,Porto Rico,4120200,ABREE,PEV fixo,Ativo,10/12/2020
3547403-001,2024,SP,Santa Rita d'Oeste,3547403,Green Eletron,Ponto de consolidação,Ativo,01/09/2022
3200607-000,2024,ES,ARACRUZ,3200607,ABREE,Ponto de consolidação,Ativo,14/01/2021
3557105-000,2024,SP,VOTUPORANGA,3557105,ABREE,PEV fixo,Ativo,25/06/2020
4127205-002,2024,PR,TERRA BOA,4127205,Sistema individual,Ponto de consolidação,Ativo,25/09/2023
3550308-170,2024,SP,  São Paulo ,3550308,Green Eletron,Ponto de consolidação,Ativo,21/05/2020
2305407-000,2024,CE,Ico,2305407,Green Eletron,PEV fixo,Ativo,14/05/2022
3304557-006,2024,RJ,  Rio de Janeiro ,3304557,ABREE,PEV fixo,Ativo,02/08/2020
2909000-000,2024,BA,Cordeiros,2909000,ABREE,PEV fixo,Ativo,20/08/2021
3135605-000,2024,MG,Jequitaí,3135605,ABREE,PEV fixo,Ativo,16/03/2023
4110805-000,2024,PR,IRETAMA,4110805,ABREE,PEV fixo,Ativo,22/02/2021
3106200-040,2024,MG,Belo Horizonte,3106200,Green Eletron,PEV fixo,Ativo,10/01/2020
1505700-004,2024,PA,Ponta de Pedras,1505700,ABREE,PEV fixo,Ativo,25/08/2023
3304557-032,2024,RJ,Rio de Janeiro,3304557,ABREE,PEV fixo,Inativo,11/10/2020
3121506-000,2024,MG,  Desterro do Melo ,3121506,ABREE,PEV fixo,Ativo,12/09/2020
2912202-000,2024,BA,Ibicoara,2912202,Green Eletron,Ponto de consolidação,Ativo,22/01/2022
4106902-059,2024,PR,CURITIBA,4106902,ABREE,PEV fixo,Ativo,07/04/2022
2514701-000,2024,PB,São José do Sabugi,2514701,Green Eletron,PEV fixo,Ativo,26/06/2023
3304557-153,2024,RJ,Rio de Janeiro,3304557,ABREE,PEV fixo,Ativo,14/05/2022
3550308-206,2024,SP,SÃO PAULO,3550308,ABREE,PEV fixo,Ativo,20/02/2021
1507151-000,2024,PA,São Domingos do Araguaia,1507151,Green Eletron,PEV fixo,Ativo,17/03/2019
5101001-002,2024,MT,ARAGUAIANA,5101001,Sistema individual,PEV fixo,Ativo,19/03/2023
3106606-001,2024,MG,Bertopolis,3106606,Sistema individual,Campanha itinerante,Ativo,06/11/2023
2211209-000,2024,PI,Uruçuí,2211209,Green Eletron,PEV fixo,Ativo,14/01/2021
3505401-000,2024,SP,Barra do Turvo,3505401,ABREE,PEV fixo,Ativo,24/11/2022
4313334-005,2024,RS,Nova Ramada,4313334,Green Eletron,Ponto de consolidação,Ativo,14/03/2023
4205407-047,2024,SC,Florianópolis,4205407,ABREE,Ponto de consolidação,Ativo,18/07/2021
3106200-110,2024,MG,  Belo Horizonte ,3106200,ABREE,PEV fixo,Ativo,06/07/2021
3513009-007,2024,SP,Cotia,3513009,Green Eletron,PEV fixo,Ativo,24/01/2021
2203271-000,2024,PI,CURRAL NOVO DO PIAUÍ,2203271,Green Eletron,PEV fixo,Ativo,17/09/2021
4314902-094,2024,RS,  Porto Alegre ,4314902,Sistema individual,PEV fixo,Ativo,25/08/2022
4314902-087,2024,RS,Porto Alegre,4314902,ABREE,Ponto de consolidação,Ativo,24/01/2021
3106200-019,2024,MG,Belo Horizonte,3106200,ABREE,PEV fixo,Ativo,20/12/2020
2504074-000,2024,PB,CARAÚBAS,2504074,ABREE,PEV fixo,Ativo,02/11/2019
2907707-001,2024,BA,Chorrochó,2907707,Green Eletron,PEV fixo,Ativo,19/03/2023
2927408-085,2024,BA,Salvador,2927408,ABREE,PEV fixo,Ativo,05/12/2021
4213500-000,2024,SC,Porto Belo,4213500,Green Eletron,PEV fixo,Ativo,23/11/2023
3502408-000,2024,SP,Anhumas,3502408,Green Eletron,PEV fixo,Ativo,25/11/2021
4106902-088,2024,PR,CURITIBA,4106902,ABREE,PEV fixo,Ativo,22/11/2024
3550308-102,2024,SP,SÃO PAULO,3550308,Green Eletron,Ponto de consolidação,Ativo,27/05/2019
5108956-000,2024,MT,Nova Monte Verde,5108956,ABREE,PEV fixo,Ativo,02/07/2020
3534005-000,2024,SP,ONDA VERDE,3534005,ABREE,PEV fixo,Ativo,22/09/2024
3205309-011,2024,ES,Vitória,3205309,ABREE,PEV fixo,Ativo,10/08/2021
3303005-000,2024,RJ,Miracema,3303005,Green Eletron,PEV fixo,Ativo,10/03/2022
2512036-000,2024,PB,Poço Dantas,2512036,Green Eletron,PEV fixo,Ativo,26/11/2024
4314902-131,2024,RS,PORTO ALEGRE,4314902,Green Eletron,PEV fixo,Ativo,19/07/2023
3549250-000,2024,SP,SÃO JOÃO DE IRACEMA,3549250,Sistema individual,Campanha itinerante,Ativo,19/01/2019
2927408-041,2024,BA,Salvador,2927408,Green Eletron,PEV fixo,Ativo,24/01/2019
3169059-000,2024,MG,Tocos do Moji,3169059,ABREE,Ponto de consolidação,Ativo,11/04/2021
2304251-002,2024,CE,Cruz,2304251,ABREE,PEV fixo,Ativo,17/01/2019
1720200-000,2024,TO,São Miguel do Tocantins,1720200,Green Eletron,PEV fixo,Ativo,20/03/2020
3543907-001,2024,SP,Rio Claro,3543907,ABREE,PEV fixo,Ativo,17/12/2024
3517000-001,2024,SP,Getulina,3517000,ABREE,PEV fixo,Ativo,08/01/2024
3532603-000,2024,SP,Nhandeara,3532603,ABREE,PEV fixo,Ativo,25/06/2021
3205309-019,2024,ES,Vitória,3205309,Green Eletron,PEV fixo,Ativo,06/09/2023
3300100-006,2024,RJ,Angra dos Reis,3300100,ABREE,PEV fixo,Ativo,11/07/2023
3133204-000,2024,MG,  Itanhomi ,3133204,Green Eletron,Ponto de consolidação,Ativo,24/05/2023
3550308-042,2024,SP,SÃO PAULO,3550308,ABREE,PEV fixo,Ativo,27/02/2019
3537305-000,2024,SP,Penápolis,3537305,ABREE,PEV fixo,Ativo,17/02/2019
4106902-046,2024,PR,Curitiba,4106902,ABREE,PEV fixo,Ativo,16/12/2021
4200705-000,2024,SC,Alfredo Wagner,4200705,Green Eletron,PEV fixo,Ativo,19/06/2020
4100509-003,2024,PR,Altonia,4100509,ABREE,PEV fixo,Ativo,22/11/2024
3138500-000,2024,MG,LIBERDADE,3138500,ABREE,PEV fixo,Inativo,02/11/2020
4107546-000,2024,PR,Espigão Alto do Iguaçu,4107546,Green Eletron,PEV fixo,Ativo,21/10/2022
3540200-000,2024,SP,PONTAL,3540200,Green Eletron,Campanha itinerante,Ativo,04/11/2021
2704302-011,2024,AL,Maceió,2704302,Sistema individual,Campanha itinerante,Ativo,11/07/2023
2611606-055,2024,PE,Recife,2611606,ABREE,Ponto de consolidação,Ativo,17/03/2022
2927408-011,2024,BA,Salvador,2927408,ABREE,Ponto de consolidação,Ativo,28/11/2019
3541109-001,2024,SP,PRESIDENTE ALVES,3541109,ABREE,Ponto de consolidação,Ativo,12/09/2022
3143708-000,2024,MG,Morro do Pilar,3143708,ABREE,Campanha itinerante,Ativo,11/02/2022
3509908-000,2024,SP,Cananéia,3509908,ABREE,PEV fixo,Ativo,05/08/2024
2605152-000,2024,PE,  Dormentes ,2605152,Green Eletron,PEV fixo,Ativo,23/08/2021
2800308-009,2024,SE,Aracaju,2800308,ABREE,Ponto de consolidação,Ativo,15/01/2020
2112605-000,2024,MA,Urbano Santos,2112605,Green Eletron,PEV fixo,Ativo,23/03/2022
3550308-093,2024,SP,São Paulo,3550308,ABREE,PEV fixo,Ativo,26/02/2019
2106326-000,2024,MA,Maracaçumé,2106326,Green Eletron,Campanha itinerante,Ativo,16/03/2021
3106200-293,2024,MG,BELO HORIZONTE,3106200,ABREE,PEV fixo,Ativo,20/09/2024
5103908-000,2024,MT,General Carneiro,5103908,ABREE,PEV fixo,Ativo,27/08/2020
3532900-001,2024,SP,NOVA EUROPA,3532900,ABREE,PEV fixo,Ativo,16/10/2019
3145356-000,2024,MG,Novo Oriente de Minas,3145356,ABREE,PEV fixo,Ativo,06/07/2022
3550308-162,2024,SP,SÃO PAULO,3550308,ABREE,PEV fixo,Ativo,01/06/2020
5215207-006,2024,GO,Novo Brasil,5215207,Sistema individual,PEV fixo,Ativo,19/10/2021
3538808-029,2024,SP,Piraju,3538808,Green Eletron,PEV fixo,Ativo,23/12/2022
3555109-011,2024,SP,Tupi Paulista,3555109,Green Eletron,PEV fixo,Ativo,08/06/2022
1507508-000,2024,PA,São João do Araguaia,1507508,Green Eletron,PEV fixo,Ativo,16/09/2023
3517802-000,2024,SP,Guaraçaí,3517802,ABREE,PEV fixo,Ativo,28/06/2020
3550308-301,2024,SP,São Paulo,3550308,ABREE,PEV fixo,Ativo,19/04/2022
1702000-000,2024,TO,  Araguaçu ,1702000,Green Eletron,PEV fixo,Ativo,01/07/2019
4219309-000,2024,SC,  Videira ,4219309,ABREE,PEV fixo,Ativo,11/07/2021
3503703-002,2024,SP,Ariranha,3503703,ABREE,Ponto de consolidação,Ativo,12/05/2020
2609154-000,2024,PE,Manari,2609154,Green Eletron,PEV fixo,Ativo,01/09/2022
2807303-000,2024,SE,Telha,2807303,ABREE,PEV fixo,Ativo,05/01/2023
3142601-000,2024,MG,MONSENHOR PAULO,3142601,ABREE,PEV fixo,Ativo,14/02/2019
3545506-000,2024,SP,Sandovalina,3545506,Green Eletron,Campanha itinerante,Ativo,08/06/2019
5300108-103,2024,DF,BRASÍLIA,5300108,ABREE,PEV fixo,Ativo,11/09/2023
1505700-003,2024,PA,PONTA DE PEDRAS,1505700,ABREE,PEV fixo,Ativo,19/03/2022
3118403-000,2024,MG,Conselheiro Pena,3118403,ABREE,Campanha itinerante,Ativo,16/08/2020
4304622-000,2024,RS,CAPÃO BONITO DO SUL,4304622,Green Eletron,Campanha itinerante,Ativo,07/07/2019
3304557-159,2024,RJ,RIO DE JANEIRO,3304557,Green Eletron,Ponto de consolidação,Ativo,23/05/2023
3550308-215,2024,SP,  São Paulo ,3550308,Green Eletron,PEV fixo,Ativo,02/11/2021
4106902-052,2024,PR,Curitiba,4106902,ABREE,PEV fixo,Ativo,12/02/2022
3106002-002,2024,MG,Bela Vista de Minas,3106002,ABREE,PEV fixo,Ativo,25/06/2023
1508209-004,2024,PA,Vigia,1508209,Green Eletron,PEV fixo,Ativo,27/10/2020
2807402-001,2024,SE,TOBIAS BARRETO,2807402,Green Eletron,PEV fixo,Ativo,11/05/2024
5221452-000,2024,GO,Trombas,5221452,Green Eletron,PEV fixo,Ativo,06/05/2020
2926202-000,2024,BA,RIACHÃO DAS NEVES,2926202,Sistema individual,Campanha itinerante,Ativo,25/12/2019
2304608-000,2024,CE,General Sampaio,2304608,Green Eletron,PEV fixo,Ativo,14/01/2021
1713601-000,2024,TO,Monte do Carmo,1713601,ABREE,PEV fixo,Ativo,16/06/2023
2111003-000,2024,MA,São João Batista,2111003,Green Eletron,PEV fixo,Ativo,16/04/2021
4313359-000,2024,RS,NOVA ROMA DO SUL,4313359,ABREE,PEV fixo,Ativo,15/06/2022
1300029-002,2024,AM,  Alvarães ,1300029,Green Eletron,PEV fixo,Ativo,07/06/2019
3529708-006,2024,SP,Miguelópolis,3529708,ABREE,PEV fixo,Ativo,10/05/2024
4313334-004,2024,RS,Nova Ramada,4313334,ABREE,PEV fixo,Ativo,18/09/2022
3550308-077,2024,SP,SÃO PAULO,,ABREE,PEV fixo,Ativo,18/02/2019
3123858-000,2024,MG,ENTRE FOLHAS,3123858,ABREE,PEV fixo,Ativo,08/10/2020
3113305-000,2024,MG,Carangola,3113305,Green Eletron,PEV fixo,Ativo,27/06/2024
4314902-160,2024,RS,Porto Alegre,4314902,Sistema individual,PEV fixo,Ativo,22/10/2024
3509601-000,2024,SP,CAMPO LIMPO PAULISTA,3509601,ABREE,PEV fixo,Ativo,02/06/2024
4204004-000,2024,SC,Catanduvas,4204004,Green Eletron,PEV fixo,Ativo,03/04/2024
2111300-063,2024,MA,São Luís,2111300,ABREE,PEV fixo,Ativo,18/01/2021
3556404-000,2024,SP,Vargem Grande do Sul,3556404,ABREE,PEV fixo,Ativo,26/06/2021
2703601-000,2024,AL,Japaratinga,2703601,ABREE,PEV fixo,Ativo,15/12/2021
2800308-001,2024,SE,Aracaju,2800308,Green Eletron,Ponto de consolidação,Ativo,05/02/2019
2512507-000,2024,PB,Queimadas,2512507,ABREE,Ponto de consolidação,Ativo,16/07/2023
3106200-039,2024,MG,Belo Horizonte,3106200,Green Eletron,PEV fixo,Ativo,21/10/2020
3155108-000,2024,MG,Rio do Prado,3155108,Green Eletron,PEV fixo,Ativo,06/02/2023
2605202-000,2024,PE,Escada,2605202,ABREE,PEV fixo,Ativo,07/09/2019
3544251-002,2024,SP,Rosana,3544251,Green Eletron,PEV fixo,Ativo,18/06/2023
2927408-119,2024,BA,Salvador,2927408,ABREE,PEV fixo,Ativo,28/03/2022
2304400-072,2024,CE,FORTALEZA,2304400,ABREE,PEV fixo,Ativo,15/07/2022
2304400-098,2024,CE,Fortaleza,2304400,Sistema individual,PEV fixo,Ativo,07/02/2023
3529708-005,2024,SP,  Miguelópolis ,3529708,Green Eletron,Campanha itinerante,Ativo,27/05/2024
2304707-001,2024,CE,GRANJA,2304707,ABREE,PEV fixo,Ativo,02/10/2023
3550308-248,2024,SP,São Paulo,3550308,Green Eletron,PEV fixo,Ativo,15/10/2021
2609204-000,2024,PE,Maraial,2609204,ABREE,PEV fixo,Ativo,13/02/2024
2801108-000,2024,SE,  Canhoba ,2801108,Green Eletron,PEV fixo,Ativo,23/08/2020
3557006-006,2024,SP,VOTORANTIM,3557006,Green Eletron,PEV fixo,Ativo,26/07/2023
3133501-000,2024,MG,ITAPECERICA,3133501,ABREE,PEV fixo,Ativo,02/04/2019
3546009-000,2024,SP,Santa Branca,3546009,ABREE,PEV fixo,Ativo,10/09/2019
4106902-047,2024,PR,Curitiba,4106902,ABREE,PEV fixo,Ativo,06/06/2021
2304251-004,2024,CE,Cruz,2304251,Green Eletron,PEV fixo,Ativo,07/08/2020
2304400-014,2024,CE,FORTALEZA,2304400,Green Eletron,PEV fixo,Ativo,10/09/2019
5200605-000,2024,GO,Alto Paraiso de Goias,5200605,Green Eletron,Campanha itinerante,Ativo,27/04/2020
2927408-051,2024,BA,  Salvador ,2927408,ABREE,Campanha itinerante,Ativo,16/07/2020
2402105-001,2024,RN,CAMPO REDONDO,2402105,Green Eletron,PEV fixo,Ativo,14/08/2022
3304557-041,2024,RJ,RIO DE JANEIRO,3304557,ABREE,PEV fixo,Ativo,04/05/2020
3115607-000,2024,MG,CEDRO DO ABAETÉ,3115607,Green Eletron,PEV fixo,Ativo,04/06/2020
3550308-123,2024,SP,SÃO PAULO,3550308,ABREE,PEV fixo,Ativo,22/09/2020
2607802-000,2024,PE,Itaquitinga,2607802,ABREE,PEV fixo,Ativo,11/04/2022
3106200-022,2024,MG,Belo Horizonte,3106200,ABREE,PEV fixo,Ativo,17/06/2020
3162559-000,2024,MG,Sao Joao do Manhuacu,,Green Eletron,PEV fixo,Ativo,26/09/2021
3550308-111,2024,SP,Sao Paulo,3550308,ABREE,PEV fixo,Ativo,01/11/2020
3549706-006,2024,SP,São José do Rio Pardo,3549706,ABREE,PEV fixo,Ativo,05/11/2023
3301108-016,2024,RJ,Cantagalo,3301108,Sistema individual,PEV fixo,Ativo,10/05/2022
4205407-011,2024,SC,Florianopolis,4205407,ABREE,PEV fixo,Ativo,22/04/2019
1501204-004,2024,PA,Baião,1501204,ABREE,PEV fixo,Ativo,26/11/2020
3508207-000,2024,SP,Buritizal,3508207,Green Eletron,PEV fixo,Ativo,26/02/2022
3550308-256,2024,SP,São Paulo,3550308,Sistema individual,PEV fixo,Ativo,18/11/2022
5205109-000,2024,GO,Catalão,5205109,ABREE,Ponto de consolidação,Ativo,16/08/2021
3303302-010,2024,RJ,NITERÓI,3303302,ABREE,PEV fixo,Inativo,02/01/2022
4202909-000,2024,SC,Brusque,4202909,Green Eletron,PEV fixo,Ativo,04/11/2022
4106902-065,2024,PR,Curitiba,4106902,ABREE,PEV fixo,Ativo,21/08/2022
4106902-013,2024,PR,Curitiba,4106902,ABREE,PEV fixo,Ativo,12/07/2020
3550308-016,2024,SP,São Paulo,3550308,ABREE,PEV fixo,Ativo,07/11/2019
2802007-000,2024,SE,  Divina Pastora ,2802007,ABREE,PEV fixo,Ativo,02/07/2021
2209351-000,2024,PI,Santana do Piaui,2209351,ABREE,PEV fixo,Ativo,15/11/2023
2111300-024,2024,MA,São Luís,2111300,Green Eletron,PEV fixo,Ativo,11/06/2019
3509403-000,2024,SP,Cajuru,3509403,Green Eletron,PEV fixo,Ativo,05/09/2024
2104206-002,2024,MA,  Fortuna ,2104206,ABREE,Campanha itinerante,Ativo,25/02/2023
1101484-000,2024,RO,São Felipe D'Oeste,1101484,ABREE,PEV fixo,Ativo,10/10/2019
2312007-002,2024,CE,Santana do Acarau,2312007,Sistema individual,Ponto de consolidação,Ativo,28/03/2022
5105150-000,2024,MT,JUÍNA,5105150,Green Eletron,PEV fixo,Ativo,08/01/2021
2505238-000,2024,PB,CUITÉ DE MAMANGUAPE,2505238,ABREE,PEV fixo,Ativo,20/07/2019
4205407-022,2024,SC,Florianópolis,4205407,ABREE,PEV fixo,Ativo,05/07/2019
2908101-000,2024,BA,Cocos,2908101,Green Eletron,Ponto de consolidação,Ativo,27/09/2024
3126752-000,2024,MG,Franciscópolis,3126752,Green Eletron,PEV fixo,Ativo,16/10/2019
5213053-000,2024,GO,Mimoso de Goiás,5213053,Sistema individual,PEV fixo,Ativo,27/06/2023
2903508-005,2024,BA,Belo Campo,2903508,ABREE,PEV fixo,Ativo,18/12/2023
4105805-000,2024,PR,Colombo,4105805,ABREE,PEV fixo,Ativo,16/03/2023
3555109-015,2024,SP,Tupi Paulista,3555109,Green Eletron,PEV fixo,Ativo,03/10/2023
2610301-001,2024,PE,PARANATAMA,2610301,Green Eletron,PEV fixo,Ativo,08/08/2020
2704302-005,2024,AL,MACEIÓ,2704302,Green Eletron,PEV fixo,Ativo,17/09/2021
4121257-000,2024,PR,RAMILÂNDIA,4121257,ABREE,PEV fixo,Ativo,10/04/2019
2403509-000,2024,RN,Espírito Santo,2403509,Green Eletron,PEV fixo,Ativo,11/10/2021
3135209-000,2024,MG,Januária,3135209,ABREE,PEV fixo,Ativo,14/07/2020
3550308-013,2024,SP,São Paulo,3550308,ABREE,PEV fixo,Ativo,19/05/2019
3526803-001,2024,SP,Lençóis Paulista,3526803,ABREE,Ponto de consolidação,Ativo,06/09/2019
2706109-000,2024,AL,Ouro Branco,2706109,Green Eletron,PEV fixo,Ativo,23/06/2023
4307807-000,2024,RS,  Estrela ,4307807,Green Eletron,Ponto de consolidação,Ativo,19/09/2021
3145901-000,2024,MG,  Ouro Branco ,3145901,Green Eletron,PEV fixo,Ativo,24/03/2021
3106200-068,2024,MG,Belo Horizonte,3106200,ABREE,Campanha itinerante,Ativo,06/06/2020
5300108-027,2024,DF,BRASÍLIA,5300108,ABREE,Campanha itinerante,Ativo,17/07/2019
3144706-000,2024,MG,Nova Era,3144706,ABREE,Campanha itinerante,Ativo,09/01/2020
3550308-275,2024,SP,SÃO PAULO,3550308,ABREE,PEV fixo,Ativo,20/10/2022
3542602-002,2024,SP,REGISTRO,3542602,ABREE,PEV fixo,Ativo,11/09/2020
2304400-071,2024,CE,  Fortaleza ,2304400,ABREE,PEV fixo,Ativo,20/07/2022
4322376-000,2024,RS,Unistalda,4322376,ABREE,Ponto de consolidação,Ativo,22/09/2021
1300029-007,2024,AM,ALVARÃES,1300029,Green Eletron,PEV fixo,Ativo,03/02/2022
2927408-100,2024,BA,SALVADOR,2927408,ABREE,PEV fixo,Ativo,21/10/2021
2932903-000,2024,BA,Valença,2932903,Green Eletron,PEV fixo,Ativo,06/12/2020
2102325-000,2024,MA,BURITICUPU,2102325,ABREE,PEV fixo,Ativo,12/01/2024
3550308-247,2024,SP,Sao Paulo,3550308,Green Eletron,Ponto de consolidação,Ativo,16/08/2021
3136405-000,2024,MG,JOAQUIM FELÍCIO,3136405,ABREE,Campanha itinerante,Ativo,02/05/2019
4312674-000,2024,RS,Nicolau Vergueiro,4312674,ABREE,PEV fixo,Ativo,05/03/2020
3550308-098,2024,SP,Sao Paulo,3550308,Green Eletron,PEV fixo,Ativo,15/05/2019
3526803-005,2024,SP,Lençóis Paulista,3526803,ABREE,PEV fixo,Ativo,05/01/2021
3106200-203,2024,MG,BELO HORIZONTE,3106200,ABREE,PEV fixo,Inativo,17/07/2022
5219357-000,2024,GO,Santa Isabel,5219357,ABREE,PEV fixo,Ativo,11/05/2020
1400100-000,2024,RR,BOA VISTA,1400100,ABREE,PEV fixo,Ativo,15/06/2021
4205407-012,2024,SC,Florianópolis,4205407,ABREE,PEV fixo,Ativo,18/10/2019
3169307-004,2024,MG,Tres Coracoes,3169307,Green Eletron,PEV fixo,Ativo,16/11/2022
5202353-000,2024,GO,ARENÓPOLIS,5202353,ABREE,Campanha itinerante,Ativo,20/01/2021
3119500-000,2024,MG,Coronel Murta,3119500,ABREE,PEV fixo,Ativo,14/05/2024
5215207-003,2024,GO,Novo Brasil,5215207,Green Eletron,Ponto de consolidação,Ativo,05/05/2020
4100509-001,2024,PR,Altônia,4100509,Green Eletron,Ponto de consolidação,Ativo,10/03/2022
5002704-007,2024,MS,Campo Grande,5002704,ABREE,PEV fixo,Ativo,19/06/2021
4316501-000,2024,RS,Salvador do Sul,4316501,Green Eletron,PEV fixo,Ativo,23/05/2022
2927408-063,2024,BA,  Salvador ,2927408,Green Eletron,PEV fixo,Ativo,15/08/2020
4114351-000,2024,PR,MANFRINÓPOLIS,4114351,Sistema individual,Campanha itinerante,Ativo,16/05/2024
2700409-000,2024,AL,Atalaia,2700409,Sistema individual,PEV fixo,Ativo,22/08/2021
1717008-000,2024,TO,PINDORAMA DO TOCANTINS,1717008,Green Eletron,PEV fixo,Ativo,03/05/2020
4311130-000,2024,RS,Jari,4311130,ABREE,PEV fixo,Ativo,05/07/2019
3160207-003,2024,MG,Santo Antônio do Itambé,3160207,ABREE,Campanha itinerante,Ativo,24/10/2020
3550308-284,2024,SP,SÃO PAULO,3550308,Green Eletron,Campanha itinerante,Ativo,19/08/2022
3304144-006,2024,RJ,Queimados,3304144,Green Eletron,PEV fixo,Ativo,13/12/2024
2513851-000,2024,PB,Santo André,2513851,ABREE,Ponto de consolidação,Inativo,03/04/2021
3550308-137,2024,SP,São Paulo,3550308,Green Eletron,Ponto de consolidação,Ativo,09/05/2020
4314902-158,2024,RS,PORTO ALEGRE,4314902,ABREE,PEV fixo,Ativo,18/03/2023
3527900-000,2024,SP,Lutécia,3527900,ABREE,PEV fixo,Ativo,07/12/2024
5217609-000,2024,GO,PLANALTINA,5217609,ABREE,PEV fixo,Ativo,02/07/2024
3556909-000,2024,SP,Vista Alegre do Alto,3556909,Sistema individual,PEV fixo,Ativo,14/08/2019
3555109-008,2024,SP,Tupi Paulista,3555109,ABREE,PEV fixo,Ativo,11/05/2021
3512100-000,2024,SP,COLÔMBIA,3512100,Sistema individual,PEV fixo,Ativo,20/03/2021
2513356-000,2024,PB,Santa Ines,2513356,ABREE,PEV fixo,Ativo,08/06/2023
3546009-006,2024,SP,Santa Branca,3546009,Sistema individual,PEV fixo,Ativo,18/06/2022
2515930-000,2024,PB,Sertãozinho,2515930,Green Eletron,PEV fixo,Ativo,01/12/2024
2306603-000,2024,CE,Itatira,2306603,Green Eletron,PEV fixo,Ativo,05/12/2019
2111300-039,2024,MA,Sao Luis,2111300,Green Eletron,PEV fixo,Ativo,13/11/2020
2107456-000,2024,MA,OLINDA NOVA DO MARANHÃO,2107456,ABREE,PEV fixo,Ativo,28/02/2021
4121208-000,2024,PR,Quitandinha,4121208,Green Eletron,PEV fixo,Ativo,15/03/2023
2205250-000,2024,PI,Jardim do Mulato,2205250,Green Eletron,Ponto de consolidação,Ativo,22/06/2022
2914208-002,2024,BA,  Irajuba ,2914208,ABREE,PEV fixo,Ativo,03/07/2023
4214607-000,2024,SC,Rio do Oeste,4214607,ABREE,Ponto de consolidação,Ativo,13/09/2020
3205309-016,2024,ES,Vitoria,3205309,ABREE,PEV fixo,Ativo,12/08/2022
4314902-132,2024,RS,Porto Alegre,4314902,ABREE,PEV fixo,Ativo,11/11/2023
3553302-000,2024,SP,Tambau,3553302,Green Eletron,PEV fixo,Ativo,27/03/2022
3505203-004,2024,SP,Bariri,3505203,ABREE,PEV fixo,Inativo,19/01/2021
3508306-007,2024,SP,Cabralia Paulista,3508306,ABREE,PEV fixo,Ativo,13/09/2023
3102506-000,2024,MG,Amparo do Serra,,ABREE,PEV fixo,Ativo,04/06/2022
2304400-057,2024,CE,Fortaleza,2304400,Green Eletron,PEV fixo,Ativo,14/04/2021
4314902-006,2024,RS,PORTO ALEGRE,4314902,ABREE,Campanha itinerante,Ativo,10/07/2020
1303700-002,2024,AM,Santo Antônio do Içá,1303700,Sistema individual,Ponto de consolidação,Ativo,11/01/2022
2304400-026,2024,CE,Fortaleza,2304400,ABREE,PEV fixo,Ativo,14/05/2019
2304251-009,2024,CE,Cruz,2304251,ABREE,PEV fixo,Ativo,22/06/2022
2408102-026,2024,RN,NATAL,2408102,ABREE,PEV fixo,Ativo,06/02/2024
3550308-140,2024,SP,SÃO PAULO,3550308,ABREE,PEV fixo,Ativo,17/11/2020
2909208-000,2024,BA,CORONEL JOÃO SÁ,2909208,Green Eletron,Ponto de consolidação,Ativo,17/12/2019
5003488-000,2024,MS,Dois Irmaos do Buriti,5003488,Green Eletron,PEV fixo,Ativo,08/12/2021
5215207-007,2024,GO,NOVO BRASIL,5215207,ABREE,PEV fixo,Ativo,14/08/2022
2914901-001,2024,BA,Itacaré,2914901,ABREE,Ponto de consolidação,Ativo,20/04/2022
2100907-000,2024,MA,Araioses,2100907,ABREE,PEV fixo,Ativo,24/02/2019
5204409-000,2024,GO,Caiapônia,5204409,ABREE,Campanha itinerante,Ativo,09/02/2024
3305307-005,2024,RJ,São Sebastião do Alto,3305307,ABREE,Campanha itinerante,Ativo,26/05/2020
3538808-023,2024,SP,Piraju,3538808,ABREE,PEV fixo,Ativo,10/01/2021
4316436-000,2024,RS,  Saldanha Marinho ,4316436,Green Eletron,PEV fixo,Ativo,08/10/2020
3508306-003,2024,SP,Cabralia Paulista,3508306,Sistema individual,PEV fixo,Ativo,16/02/2021
3548401-000,2024,SP,Santópolis do Aguapeí,3548401,ABREE,Ponto de consolidação,Ativo,11/09/2021
3142403-001,2024,MG,Moema,3142403,Green Eletron,Campanha itinerante,Ativo,25/03/2024
4214805-000,2024,SC,Rio do Sul,4214805,ABREE,PEV fixo,Ativo,15/04/2024
4111803-000,2024,PR,JACAREZINHO,4111803,Sistema individual,PEV fixo,Ativo,01/06/2022
4310207-011,2024,RS,IJUÍ,4310207,Green Eletron,PEV fixo,Ativo,13/12/2023
4118808-000,2024,PR,Peabiru,4118808,Sistema individual,PEV fixo,Ativo,25/02/2021
2304400-088,2024,CE,Fortaleza,2304400,ABREE,Campanha itinerante,Ativo,28/04/2022
4317103-000,2024,RS,Sant'Ana do Livramento,,Sistema individual,PEV fixo,Inativo,18/02/2020
3516903-000,2024,SP,General Salgado,3516903,Green Eletron,PEV fixo,Ativo,13/04/2019
2512721-000,2024,PB,Pedro Régis,2512721,Green Eletron,PEV fixo,Ativo,16/07/2019
4313466-000,2024,RS,  Novo Xingu ,4313466,Green Eletron,PEV fixo,Ativo,10/10/2023
3304557-044,2024,RJ,Rio de Janeiro,3304557,ABREE,PEV fixo,Ativo,26/05/2020
3157658-000,2024,MG,Santa Helena de Minas,3157658,ABREE,PEV fixo,Ativo,20/07/2024
4308656-000,2024,RS,Garruchos,4308656,ABREE,PEV fixo,Ativo,22/03/2020
3546207-000,2024,SP,Santa Cruz da Conceição,3546207,Green Eletron,PEV fixo,Ativo,15/03/2021
1300029-000,2024,AM,ALVARÃES,1300029,ABREE,PEV fixo,Ativo,17/12/2019
4314902-037,2024,RS,Porto Alegre,4314902,Green Eletron,PEV fixo,Ativo,26/05/2020
4107801-000,2024,PR,Floraí,4107801,ABREE,PEV fixo,Ativo,04/12/2021
1100205-013,2024,RO,  Porto Velho ,1100205,Green Eletron,Campanha itinerante,Ativo,10/02/2024
4303202-000,2024,RS,  Cacique Doble ,4303202,ABREE,PEV fixo,Ativo,11/01/2021
2600708-000,2024,PE,Aliança,2600708,ABREE,PEV fixo,Ativo,01/01/2020
3550308-202,2024,SP,São Paulo,3550308,Green Eletron,PEV fixo,Ativo,10/05/2021
3546603-003,2024,SP,  Santa Fé do Sul ,3546603,ABREE,PEV fixo,Ativo,13/01/2023
5002308-000,2024,MS,Brasilândia,5002308,Sistema individual,PEV fixo,Ativo,13/02/2020
2314003-000,2024,CE,Várzea Alegre,2314003,ABREE,PEV fixo,Ativo,06/02/2020
2304400-097,2024,CE,FORTALEZA,2304400,ABREE,Campanha itinerante,Ativo,25/03/2023
2111607-000,2024,MA,SÃO RAIMUNDO DAS MANGABEIRAS,2111607,ABREE,PEV fixo,Ativo,26/07/2020
3541653-007,2024,SP,Quadra,3541653,Green Eletron,PEV fixo,Ativo,07/08/2023
3507100-003,2024,SP,Bom Jesus dos Perdões,3507100,Sistema individual,PEV fixo,Ativo,11/09/2024
2612604-000,2024,PE,SANTA MARIA DA BOA VISTA,2612604,ABREE,Ponto de consolidação,Ativo,21/06/2020
2509701-000,2024,PB,Monteiro,2509701,ABREE,PEV fixo,Ativo,04/04/2022
1501204-010,2024,PA,Baião,1501204,ABREE,PEV fixo,Ativo,21/06/2022
5006002-000,2024,MS,Nova Alvorada do Sul,5006002,ABREE,PEV fixo,Ativo,09/04/2024
2406106-000,2024,RN,Jucurutu,2406106,ABREE,PEV fixo,Ativo,10/06/2019
1300805-004,2024,AM,Borba,1300805,ABREE,PEV fixo,Ativo,28/01/2024
5101803-000,2024,MT,Barra do Garças,5101803,Sistema individual,Ponto de consolidação,Ativo,10/04/2020
5201405-000,2024,GO,Aparecida de Goiania,5201405,Green Eletron,PEV fixo,Ativo,12/01/2024
2611606-028,2024,PE,RECIFE,2611606,Green Eletron,PEV fixo,Ativo,27/10/2020
5102603-000,2024,MT,CAMPINÁPOLIS,5102603,ABREE,PEV fixo,Ativo,10/05/2020
3518602-000,2024,SP,Guariba,3518602,Green Eletron,PEV fixo,Ativo,05/07/2020
4106902-043,2024,PR,Curitiba,4106902,Green Eletron,PEV fixo,Ativo,12/02/2021
2919405-000,2024,BA,Licínio de Almeida,2919405,ABREE,Ponto de consolidação,Ativo,26/10/2024
2414704-000,2024,RN,VÁRZEA,2414704,ABREE,PEV fixo,Ativo,15/12/2023
3550308-176,2024,SP,SÃO PAULO,3550308,ABREE,PEV fixo,Ativo,20/06/2020
3550308-325,2024,SP,São Paulo,3550308,Sistema individual,PEV fixo,Ativo,01/09/2023
3539301-001,2024,SP,  Pirassununga ,3539301,ABREE,PEV fixo,Ativo,21/03/2021
1505106-003,2024,PA,ÓBIDOS,,Green Eletron,Campanha itinerante,Ativo,25/11/2022
2304400-056,2024,CE,FORTALEZA,2304400,Green Eletron,PEV fixo,Ativo,27/11/2021
1502806-000,2024,PA,Curralinho,1502806,ABREE,PEV fixo,Ativo,18/05/2022
3142908-000,2024,MG,Monte Azul,3142908,Green Eletron,PEV fixo,Ativo,02/11/2020
3131505-000,2024,MG,Ipuiúna,3131505,Green Eletron,PEV fixo,Ativo,22/01/2023
3515129-001,2024,SP,Emilianópolis,3515129,Green Eletron,PEV fixo,Ativo,13/10/2023
2304400-037,2024,CE,Fortaleza,2304400,Green Eletron,PEV fixo,Ativo,08/03/2020
3135506-000,2024,MG,  Jequeri ,3135506,Green Eletron,PEV fixo,Ativo,07/08/2019
3106200-177,2024,MG,Belo Horizonte,3106200,Green Eletron,PEV fixo,Ativo,08/03/2022
2512606-000,2024,PB,  Quixabá ,2512606,ABREE,PEV fixo,Ativo,19/12/2024
3532801-000,2024,SP,Nova Alianca,3532801,Sistema individual,PEV fixo,Ativo,03/12/2022
3550308-113,2024,SP,São Paulo,3550308,ABREE,PEV fixo,Ativo,08/12/2020
3106200-172,2024,MG,BELO HORIZONTE,,Green Eletron,PEV fixo,Inativo,25/05/2022
3301900-000,2024,RJ,  Itaboraí ,3301900,Sistema individual,PEV fixo,Ativo,18/08/2022
2800308-006,2024,SE,ARACAJU,2800308,ABREE,PEV fixo,Ativo,26/07/2019
2111300-022,2024,MA,São Luís,2111300,ABREE,PEV fixo,Ativo,17/06/2019
2927408-091,2024,BA,Salvador,2927408,ABREE,PEV fixo,Ativo,05/11/2021
4109203-000,2024,PR,Guaraci,4109203,Green Eletron,PEV fixo,Ativo,12/12/2022
4309050-001,2024,RS,GLORINHA,4309050,Green Eletron,PEV fixo,Ativo,26/08/2024
2927408-095,2024,BA,Salvador,2927408,Green Eletron,PEV fixo,Ativo,25/10/2021
2927408-057,2024,BA,Salvador,2927408,ABREE,PEV fixo,Ativo,26/12/2020
4314902-085,2024,RS,Porto Alegre,4314902,ABREE,PEV fixo,Ativo,17/07/2021
4311270-000,2024,RS,Lagoa dos Três Cantos,4311270,ABREE,PEV fixo,Ativo,15/01/2021
4122305-000,2024,PR,Rio Negro,4122305,Green Eletron,PEV fixo,Ativo,15/06/2020
4103453-000,2024,PR,Cafelândia,4103453,Green Eletron,PEV fixo,Ativo,03/10/2021
4128203-000,2024,PR,  União da Vitória ,,Green Eletron,PEV fixo,Ativo,17/11/2024
2502300-000,2024,PB,Bom Sucesso,2502300,ABREE,PEV fixo,Ativo,23/05/2020
3139102-000,2024,MG,MADRE DE DEUS DE MINAS,3139102,Green Eletron,PEV fixo,Ativo,08/07/2022
2612455-001,2024,PE,Santa Cruz,2612455,ABREE,Campanha itinerante,Ativo,20/05/2024
2927408-038,2024,BA,Salvador,2927408,Green Eletron,PEV fixo,Ativo,26/10/2019
4106902-012,2024,PR,  Curitiba ,4106902,Green Eletron,PEV fixo,Ativo,27/07/2020
3550308-234,2024,SP,São Paulo,3550308,ABREE,Campanha itinerante,Ativo,09/09/2021
1504208-002,2024,PA,Maraba,1504208,Green Eletron,PEV fixo,Ativo,28/01/2020
4127957-002,2024,PR,Tupãssi,4127957,Green Eletron,PEV fixo,Ativo,06/04/2023
1502152-000,2024,PA,Canaã dos Carajás,1502152,ABREE,PEV fixo,Ativo,05/10/2023
2300705-000,2024,CE,ALTO SANTO,2300705,ABREE,PEV fixo,Ativo,21/12/2020
2616183-006,2024,PE,VERTENTE DO LÉRIO,2616183,Green Eletron,PEV fixo,Ativo,17/12/2021
4314902-171,2024,RS,Porto Alegre,4314902,Sistema individual,PEV fixo,Ativo,03/06/2024
2302800-001,2024,CE,Canindé,2302800,Green Eletron,Ponto de consolidação,Ativo,17/07/2024
2211001-003,2024,PI,Teresina,2211001,ABREE,PEV fixo,Ativo,08/03/2019
2706422-000,2024,AL,Pariconha,2706422,Green Eletron,PEV fixo,Ativo,20/01/2024
2103802-000,2024,MA,Dom Pedro,2103802,ABREE,PEV fixo,Ativo,17/10/2019
3304557-025,2024,RJ,  Rio de Janeiro ,3304557,Green Eletron,PEV fixo,Ativo,03/09/2020
2304400-049,2024,CE,Fortaleza,2304400,Green Eletron,PEV fixo,Ativo,18/08/2020
3514205-001,2024,SP,Dolcinópolis,,ABREE,PEV fixo,Ativo,07/12/2024
5002704-005,2024,MS,  Campo Grande ,5002704,Green Eletron,PEV fixo,Ativo,01/05/2021
2602308-000,2024,PE,BONITO,2602308,Green Eletron,PEV fixo,Ativo,25/01/2021
3304151-004,2024,RJ,Quissamã,3304151,ABREE,Ponto de consolidação,Ativo,14/08/2023
2919702-000,2024,BA,Macarani,2919702,Green Eletron,Campanha itinerante,Ativo,08/08/2023
5221007-000,2024,GO,Taquaral de Goias,5221007,Sistema individual,PEV fixo,Ativo,24/02/2022
4314902-145,2024,RS,Porto Alegre,4314902,ABREE,Ponto de consolidação,Ativo,24/03/2023
3530102-006,2024,SP,Mirandópolis,3530102,Green Eletron,PEV fixo,Ativo,09/09/2023
1721000-010,2024,TO,Palmas,1721000,ABREE,PEV fixo,Ativo,22/01/2022
3525607-000,2024,SP,João Ramalho,3525607,Green Eletron,Ponto de consolidação,Ativo,07/07/2019
3137809-001,2024,MG,LAMBARI,3137809,ABREE,Campanha itinerante,Ativo,14/01/2022
1503093-001,2024,PA,Goianésia do Pará,1503093,Green Eletron,PEV fixo,Ativo,28/05/2021
2111300-102,2024,MA,São Luís,2111300,Green Eletron,Campanha itinerante,Ativo,19/11/2023
5103403-002,2024,MT,Cuiabá,5103403,Green Eletron,Campanha itinerante,Ativo,26/10/2019
3114303-000,2024,MG,CARMO DO PARANAÍBA,3114303,Green Eletron,PEV fixo,Inativo,09/08/2023
3550308-198,2024,SP,São Paulo,3550308,Sistema individual,PEV fixo,Ativo,20/10/2021
3106200-118,2024,MG,Belo Horizonte,3106200,Green Eletron,PEV fixo,Ativo,23/10/2021
3106200-120,2024,MG,Belo Horizonte,3106200,Green Eletron,PEV fixo,Ativo,02/04/2021
3550308-242,2024,SP,SÃO PAULO,3550308,ABREE,PEV fixo,Ativo,15/03/2021
3106200-153,2024,MG,BELO HORIZONTE,3106200,ABREE,PEV fixo,Ativo,04/07/2021
3120201-000,2024,MG,Cristais,3120201,ABREE,PEV fixo,Ativo,28/11/2024
2927408-013,2024,BA,Salvador,2927408,ABREE,Campanha itinerante,Ativo,07/10/2019
3530102-002,2024,SP,Mirandópolis,3530102,Green Eletron,PEV fixo,Ativo,04/05/2020
4314902-143,2024,RS,Porto Alegre,4314902,ABREE,PEV fixo,Ativo,10/03/2023
2111300-009,2024,MA,Sao Luis,2111300,ABREE,PEV fixo,Ativo,24/11/2019
4205407-003,2024,SC,Florianópolis,4205407,Green Eletron,PEV fixo,Ativo,16/01/2019
3106200-300,2024,MG,BELO HORIZONTE,3106200,ABREE,PEV fixo,Ativo,06/03/2024
3106200-164,2024,MG,Belo Horizonte,3106200,ABREE,PEV fixo,Ativo,12/02/2022
3155207-000,2024,MG,Rio Espera,3155207,ABREE,Ponto de consolidação,Ativo,22/03/2019
3167905-000,2024,MG,Tabuleiro,3167905,Green Eletron,PEV fixo,Ativo,16/10/2019
5208707-017,2024,GO,Goiânia,5208707,Green Eletron,PEV fixo,Ativo,05/01/2022
2304400-050,2024,CE,FORTALEZA,2304400,ABREE,PEV fixo,Ativo,13/09/2020
3120151-000,2024,MG,Crisólita,3120151,ABREE,Campanha itinerante,Ativo,08/01/2019
3158607-000,2024,MG,Santana do Deserto,3158607,Green Eletron,PEV fixo,Ativo,15/05/2023
2202729-000,2024,PI,COCAL DOS ALVES,2202729,ABREE,PEV fixo,Ativo,01/03/2024
1304005-001,2024,AM,Silves,1304005,ABREE,Campanha itinerante,Ativo,15/07/2020
3551504-001,2024,SP,Serrana,,Green Eletron,PEV fixo,Ativo,22/04/2022
1300706-007,2024,AM,BOCA DO ACRE,1300706,ABREE,PEV fixo,Ativo,05/10/2024
3106200-113,2024,MG,Belo Horizonte,3106200,Green Eletron,PEV fixo,Ativo,09/11/2021
3300308-007,2024,RJ,Barra do Piraí,3300308,ABREE,Ponto de consolidação,Ativo,16/10/2021
2103554-000,2024,MA,Conceição do Lago-Açu,2103554,Green Eletron,PEV fixo,Ativo,09/01/2023
5007109-000,2024,MS,Ribas do Rio Pardo,5007109,Green Eletron,PEV fixo,Ativo,28/07/2022
3106200-159,2024,MG,Belo Horizonte,3106200,ABREE,PEV fixo,Ativo,06/02/2022
3205101-000,2024,ES,Viana,3205101,Green Eletron,PEV fixo,Ativo,19/06/2020
4314704-000,2024,RS,Planalto,4314704,ABREE,Campanha itinerante,Ativo,20/11/2023
5106224-000,2024,MT,Nova Mutum,5106224,ABREE,PEV fixo,Ativo,03/02/2023
2903409-000,2024,BA,Belmonte,2903409,Green Eletron,Campanha itinerante,Inativo,25/09/2023
2602506-000,2024,PE,BREJINHO,2602506,Green Eletron,PEV fixo,Ativo,26/11/2022
2927408-128,2024,BA,SALVADOR,2927408,ABREE,PEV fixo,Ativo,07/12/2022
2611606-076,2024,PE,Recife,2611606,Green Eletron,PEV fixo,Ativo,15/01/2023
3144672-000,2024,MG,NOVA BELÉM,3144672,ABREE,PEV fixo,Ativo,26/03/2022
3305307-000,2024,RJ,São Sebastião do Alto,3305307,ABREE,PEV fixo,Ativo,02/03/2019
3538808-002,2024,SP,PIRAJU,3538808,ABREE,Campanha itinerante,Ativo,21/03/2019
3304557-001,2024,RJ,RIO DE JANEIRO,3304557,ABREE,Ponto de consolidação,Ativo,09/03/2020
2300754-000,2024,CE,Amontada,2300754,ABREE,PEV fixo,Ativo,26/03/2022
3532603-002,2024,SP,Nhandeara,3532603,Sistema individual,Ponto de consolidação,Ativo,04/01/2022
2508406-000,2024,PB,  Lastro ,2508406,ABREE,PEV fixo,Ativo,01/10/2023
4314902-134,2024,RS,Porto Alegre,4314902,Green Eletron,Ponto de consolidação,Ativo,28/06/2023
3160207-001,2024,MG,Santo Antônio do Itambé,3160207,Green Eletron,PEV fixo,Ativo,16/10/2019
3303302-003,2024,RJ,Niterói,3303302,Green Eletron,PEV fixo,Ativo,12/05/2020
4121703-000,2024,PR,Reserva,4121703,ABREE,Ponto de consolidação,Ativo,14/12/2024
3106200-309,2024,MG,Belo Horizonte,3106200,ABREE,PEV fixo,Ativo,02/03/2024
3106200-136,2024,MG,Belo Horizonte,3106200,Green Eletron,PEV fixo,Ativo,13/09/2021
2933505-000,2024,BA,Wenceslau Guimaraes,2933505,ABREE,Ponto de consolidação,Ativo,20/02/2020
4120150-000,2024,PR,Porto Barreiro,4120150,Green Eletron,PEV fixo,Ativo,13/04/2019
3300100-004,2024,RJ,Angra dos Reis,3300100,Green Eletron,PEV fixo,Ativo,15/10/2022
2911105-000,2024,BA,Formosa do Rio Preto,2911105,ABREE,PEV fixo,Ativo,25/12/2024
5213756-000,2024,GO,MONTIVIDIU,5213756,ABREE,Ponto de consolidação,Ativo,02/12/2024
3550308-296,2024,SP,SÃO PAULO,3550308,Sistema individual,PEV fixo,Ativo,21/04/2022
3550308-350,2024,SP,São Paulo,3550308,ABREE,PEV fixo,Ativo,12/10/2023
4305603-000,2024,RS,  Colorado ,4305603,Green Eletron,PEV fixo,Ativo,16/11/2020
3301108-023,2024,RJ,Cantagalo,3301108,Green Eletron,Ponto de consolidação,Ativo,02/08/2023
2200277-000,2024,PI,Alegrete do Piauí,2200277,Green Eletron,PEV fixo,Ativo,20/11/2023
2932002-000,2024,BA,UAUÁ,2932002,Green Eletron,PEV fixo,Ativo,13/02/2020
4210308-001,2024,SC,Major Vieira,4210308,Sistema individual,PEV fixo,Ativo,25/02/2023
1501402-028,2024,PA,Belem,1501402,ABREE,PEV fixo,Ativo,24/06/2023
3302403-011,2024,RJ,MACAÉ,3302403,Green Eletron,PEV fixo,Ativo,15/05/2021
5300108-026,2024,DF,Brasília,5300108,ABREE,Ponto de consolidação,Ativo,15/04/2019
3550308-239,2024,SP,SÃO PAULO,3550308,Green Eletron,PEV fixo,Ativo,11/01/2021
3300308-010,2024,RJ,BARRA DO PIRAÍ,3300308,Green Eletron,PEV fixo,Ativo,02/02/2022
4314902-154,2024,RS,PORTO ALEGRE,4314902,Green Eletron,PEV fixo,Ativo,02/11/2023
2513208-000,2024,PB,Santa Cruz,2513208,Green Eletron,PEV fixo,Ativo,21/06/2022
3522703-001,2024,SP,Itápolis,3522703,Green Eletron,PEV fixo,Ativo,16/08/2020
4318002-000,2024,RS,SÃO BORJA,4318002,Green Eletron,PEV fixo,Ativo,27/09/2024
3512001-001,2024,SP,Colina,3512001,Sistema individual,PEV fixo,Ativo,27/04/2021
5103403-009,2024,MT,CUIABÁ,5103403,Green Eletron,Ponto de consolidação,Ativo,14/07/2022
4208005-000,2024,SC,Ita,4208005,ABREE,Ponto de consolidação,Ativo,22/04/2019
4107256-000,2024,PR,Douradina,4107256,ABREE,Ponto de consolidação,Ativo,15/10/2024
5002704-011,2024,MS,  Campo Grande ,5002704,ABREE,PEV fixo,Ativo,12/09/2023
3106200-138,2024,MG,Belo Horizonte,3106200,Green Eletron,PEV fixo,Ativo,18/09/2021
2405603-000,2024,RN,Jardim de Piranhas,2405603,Sistema individual,PEV fixo,Ativo,10/04/2021
5300108-043,2024,DF,BRASÍLIA,5300108,Green Eletron,Ponto de consolidação,Ativo,19/12/2020
2604601-000,2024,PE,  Condado ,2604601,ABREE,PEV fixo,Ativo,02/03/2022
2304400-008,2024,CE,FORTALEZA,2304400,ABREE,PEV fixo,Ativo,12/07/2019
2109205-000,2024,MA,Presidente Juscelino,2109205,ABREE,PEV fixo,Ativo,12/03/2024
3127800-000,2024,MG,GRÃO MOGOL,3127800,ABREE,PEV fixo,Ativo,23/04/2022
3108404-000,2024,MG,  Botelhos ,3108404,Green Eletron,PEV fixo,Ativo,23/03/2023
3504503-000,2024,SP,  Avaré ,3504503,Green Eletron,PEV fixo,Ativo,16/07/2019
4114302-000,2024,PR,MANDIRITUBA,4114302,ABREE,PEV fixo,Ativo,15/06/2023
3167202-000,2024,MG,Sete Lagoas,3167202,Sistema individual,PEV fixo,Ativo,05/12/2021
3167202-001,2024,MG,SETE LAGOAS,,ABREE,Campanha itinerante,Ativo,23/11/2021
3516309-000,2024,SP,Francisco Morato,3516309,ABREE,PEV fixo,Ativo,26/12/2019
4114203-000,2024,PR,Mandaguari,4114203,Green Eletron,PEV fixo,Ativo,12/04/2020
3550308-221,2024,SP,SÃO PAULO,3550308,Sistema individual,PEV fixo,Ativo,24/11/2021
4314902-112,2024,RS,PORTO ALEGRE,4314902,Green Eletron,PEV fixo,Ativo,24/06/2022
4305173-000,2024,RS,CERRO GRANDE DO SUL,4305173,ABREE,PEV fixo,Ativo,10/04/2020
2927408-050,2024,BA,SALVADOR,2927408,ABREE,Ponto de consolidação,Ativo,09/12/2020
3550308-335,2024,SP,São Paulo,3550308,ABREE,Ponto de consolidação,Ativo,05/08/2023
4314902-058,2024,RS,Porto Alegre,4314902,Green Eletron,PEV fixo,Ativo,19/11/2021
4217907-000,2024,SC,TANGARÁ,4217907,Green Eletron,PEV fixo,Ativo,24/10/2019
2313708-000,2024,CE,UMARI,2313708,Green Eletron,PEV fixo,Ativo,21/06/2019
2414407-000,2024,RN,  Touros ,2414407,ABREE,PEV fixo,Ativo,11/09/2022
3550308-103,2024,SP,São Paulo,3550308,Green Eletron,PEV fixo,Ativo,18/04/2019
3550308-252,2024,SP,São Paulo,3550308,ABREE,Campanha itinerante,Ativo,11/10/2022
2414001-001,2024,RN,Tangará,2414001,ABREE,PEV fixo,Ativo,11/03/2024
2111300-055,2024,MA,SÃO LUÍS,2111300,ABREE,Ponto de consolidação,Ativo,27/04/2021
4219150-000,2024,SC,VARGEM,4219150,ABREE,Campanha itinerante,Ativo,21/12/2023
2902401-000,2024,BA,  Aurelino Leal ,2902401,ABREE,PEV fixo,Ativo,04/04/2020
5200134-000,2024,GO,Acreúna,5200134,Green Eletron,PEV fixo,Ativo,26/12/2019
2401206-000,2024,RN,  Arês ,2401206,ABREE,PEV fixo,Ativo,23/12/2024
3135050-000,2024,MG,Jaíba,3135050,Green Eletron,PEV fixo,Ativo,01/01/2022
3129657-000,2024,MG,IBIRACATU,3129657,ABREE,PEV fixo,Ativo,24/09/2019
4313102-000,2024,RS,NOVA PALMA,4313102,ABREE,PEV fixo,Ativo,03/09/2023
2304251-000,2024,CE,Cruz,2304251,ABREE,Ponto de consolidação,Ativo,23/04/2019
1501402-013,2024,PA,Belém,1501402,Green Eletron,PEV fixo,Ativo,14/01/2021
1707306-000,2024,TO,Duere,1707306,Green Eletron,PEV fixo,Ativo,19/03/2021
4312427-000,2024,RS,Mormaço,4312427,Green Eletron,Ponto de consolidação,Ativo,02/04/2023
3532306-000,2024,SP,Natividade da Serra,3532306,Green Eletron,PEV fixo,Ativo,22/05/2020
2314102-000,2024,CE,Vicosa do Ceara,2314102,Green Eletron,PEV fixo,Ativo,14/06/2019
4316006-000,2024,RS,Rolante,4316006,Green Eletron,PEV fixo,Ativo,14/01/2019
4112702-000,2024,PR,Jataizinho,4112702,Green Eletron,PEV fixo,Ativo,20/02/2022
3143906-000,2024,MG,Muriaé,3143906,Green Eletron,PEV fixo,Ativo,23/01/2019
5300108-044,2024,DF,Brasília,5300108,ABREE,Ponto de consolidação,Ativo,24/06/2020
3550308-194,2024,SP,SÃO PAULO,3550308,Green Eletron,PEV fixo,Inativo,22/03/2021
3550308-279,2024,SP,São Paulo,3550308,ABREE,PEV fixo,Ativo,20/11/2022
2111300-092,2024,MA,São Luís,2111300,Sistema individual,Ponto de consolidação,Ativo,05/06/2022
4106902-051,2024,PR,Curitiba,4106902,Sistema individual,PEV fixo,Ativo,05/02/2022
3550308-086,2024,SP,São Paulo,3550308,ABREE,PEV fixo,Ativo,02/02/2019
4314902-049,2024,RS,Porto Alegre,4314902,Sistema individual,Ponto de consolidação,Ativo,02/03/2020
4218350-000,2024,SC,Treviso,4218350,Green Eletron,PEV fixo,Ativo,28/06/2023
3163201-000,2024,MG,São José do Alegre,3163201,Green Eletron,PEV fixo,Ativo,28/04/2021
1505700-006,2024,PA,PONTA DE PEDRAS,1505700,Sistema individual,PEV fixo,Ativo,22/08/2024
2800308-024,2024,SE,ARACAJU,2800308,ABREE,PEV fixo,Ativo,19/07/2022
3550308-021,2024,SP,São Paulo,3550308,ABREE,PEV fixo,Ativo,27/09/2019
3147709-000,2024,MG,Passa Tempo,3147709,ABREE,PEV fixo,Ativo,28/03/2022
4211876-005,2024,SC,PAIAL,4211876,ABREE,PEV fixo,Ativo,01/03/2023
1710508-000,2024,TO,Itacajá,1710508,Green Eletron,PEV fixo,Ativo,19/11/2023
3545308-000,2024,SP,Salto de Pirapora,3545308,ABREE,Campanha itinerante,Ativo,26/09/2023
2110203-000,2024,MA,SANTA RITA,2110203,Green Eletron,Ponto de consolidação,Ativo,24/08/2022
1507102-000,2024,PA,São Caetano de Odivelas,1507102,Sistema individual,PEV fixo,Ativo,20/03/2022
2912004-000,2024,BA,Ibiassucê,2912004,ABREE,Ponto de consolidação,Ativo,28/07/2023
3304557-037,2024,RJ,Rio de Janeiro,3304557,Green Eletron,Ponto de consolidação,Ativo,20/03/2020
4106902-017,2024,PR,Curitiba,4106902,ABREE,Campanha itinerante,Ativo,09/09/2020
4314902-076,2024,RS,Porto Alegre,4314902,Green Eletron,PEV fixo,Ativo,26/10/2021
4202131-000,2024,SC,Bela Vista do Toldo,4202131,ABREE,PEV fixo,Ativo,12/11/2023
5002704-003,2024,MS,CAMPO GRANDE,5002704,Green Eletron,PEV fixo,Ativo,05/12/2020
3162005-000,2024,MG,São Gonçalo do Sapucaí,3162005,Green Eletron,PEV fixo,Ativo,24/11/2019
2903508-002,2024,BA,Belo Campo,2903508,Green Eletron,PEV fixo,Ativo,27/03/2021
5300108-059,2024,DF,Brasília,5300108,ABREE,PEV fixo,Ativo,21/09/2021
4128401-004,2024,PR,Urai,4128401,Sistema individual,Campanha itinerante,Ativo,15/02/2023
4302907-000,2024,RS,Cacequi,4302907,Green Eletron,Campanha itinerante,Ativo,14/10/2024
3526506-000,2024,SP,Lavínia,3526506,Green Eletron,PEV fixo,Ativo,07/02/2023
2700805-003,2024,AL,Belém,2700805,Green Eletron,PEV fixo,Ativo,01/02/2023
2112902-000,2024,MA,VITÓRIA DO MEARIM,2112902,ABREE,PEV fixo,Ativo,07/01/2023
2905503-004,2024,BA,Caldeirao Grande,2905503,Green Eletron,PEV fixo,Ativo,10/10/2022
2111300-054,2024,MA,São Luís,2111300,Green Eletron,PEV fixo,Ativo,17/05/2021
3304508-016,2024,RJ,Rio das Flores,3304508,ABREE,PEV fixo,Ativo,12/07/2023
3550308-241,2024,SP,São Paulo,3550308,Sistema individual,PEV fixo,Ativo,24/02/2021
1300706-002,2024,AM,Boca do Acre,1300706,Green Eletron,PEV fixo,Ativo,12/07/2021
3550308-157,2024,SP,São Paulo,3550308,ABREE,PEV fixo,Ativo,28/02/2020
3304151-001,2024,RJ,QUISSAMÃ,3304151,Green Eletron,PEV fixo,Ativo,23/05/2020
3305505-001,2024,RJ,Saquarema,3305505,Green Eletron,PEV fixo,Ativo,18/07/2021
2304400-066,2024,CE,Fortaleza,2304400,ABREE,PEV fixo,Ativo,27/05/2021
5208707-013,2024,GO,Goiania,5208707,ABREE,PEV fixo,Ativo,24/11/2021
2304400-042,2024,CE,FORTALEZA,2304400,ABREE,PEV fixo,Ativo,20/09/2020
3106200-209,2024,MG,BELO HORIZONTE,3106200,ABREE,Ponto de consolidação,Ativo,06/02/2022
3510302-002,2024,SP,Capela do Alto,3510302,ABREE,PEV fixo,Ativo,22/09/2023
3302908-001,2024,RJ,MIGUEL PEREIRA,3302908,Sistema individual,PEV fixo,Ativo,22/05/2019
4311809-002,2024,RS,Marau,4311809,Sistema individual,PEV fixo,Ativo,01/05/2024
2706505-000,2024,AL,Passo de Camaragibe,2706505,Green Eletron,PEV fixo,Ativo,26/04/2021
4127205-001,2024,PR,Terra Boa,4127205,Green Eletron,PEV fixo,Ativo,08/08/2022
3304557-092,2024,RJ,Rio de Janeiro,3304557,Sistema individual,PEV fixo,Ativo,26/07/2021
3548302-001,2024,SP,SANTO EXPEDITO,3548302,ABREE,PEV fixo,Ativo,16/07/2024
4317558-000,2024,RS,SANTO ANTÔNIO DO PALMA,4317558,Green Eletron,PEV fixo,Ativo,07/04/2022
3106200-081,2024,MG,Belo Horizonte,3106200,ABREE,PEV fixo,Ativo,07/12/2020
3304557-170,2024,RJ,Rio de Janeiro,3304557,Green Eletron,PEV fixo,Ativo,28/04/2023
4314902-003,2024,RS,Porto Alegre,4314902,Green Eletron,PEV fixo,Ativo,04/01/2020
4209201-000,2024,SC,LACERDÓPOLIS,4209201,Green Eletron,PEV fixo,Ativo,06/02/2023
4303608-000,2024,RS,Cambará do Sul,4303608,Green Eletron,PEV fixo,Ativo,15/07/2022
3106200-269,2024,MG,Belo Horizonte,3106200,Green Eletron,PEV fixo,Ativo,05/12/2023
2616183-007,2024,PE,Vertente do Lério,2616183,Green Eletron,Campanha itinerante,Ativo,21/12/2021
1503093-003,2024,PA,Goianesia do Para,1503093,ABREE,PEV fixo,Ativo,25/11/2023
3304201-002,2024,RJ,Resende,3304201,ABREE,PEV fixo,Ativo,22/08/2022
3304755-002,2024,RJ,São Francisco de Itabapoana,3304755,Green Eletron,PEV fixo,Ativo,16/09/2023
5208707-021,2024,GO,GOIÂNIA,5208707,ABREE,PEV fixo,Ativo,12/06/2022
3304557-110,2024,RJ,Rio de Janeiro,3304557,ABREE,PEV fixo,Ativo,19/12/2021
2111300-048,2024,MA,São Luís,2111300,Green Eletron,Campanha itinerante,Ativo,02/05/2020
4314902-079,2024,RS,Porto Alegre,4314902,ABREE,PEV fixo,Ativo,10/05/2021
3301876-011,2024,RJ,  Iguaba Grande ,3301876,ABREE,Campanha itinerante,Ativo,03/08/2023
3549607-000,2024,SP,São José do Barreiro,3549607,ABREE,Campanha itinerante,Ativo,04/03/2021
5000856-000,2024,MS,ANGÉLICA,5000856,Green Eletron,PEV fixo,Ativo,13/08/2019
2927408-009,2024,BA,SALVADOR,2927408,ABREE,PEV fixo,Ativo,26/11/2019
3106200-117,2024,MG,BELO HORIZONTE,3106200,Green Eletron,PEV fixo,Ativo,12/07/2021
4308102-000,2024,RS,FELIZ,4308102,Green Eletron,PEV fixo,Ativo,24/12/2019
4200903-000,2024,SC,Angelina,4200903,ABREE,PEV fixo,Ativo,01/11/2022
2616100-000,2024,PE,Verdejante,2616100,Green Eletron,Campanha itinerante,Ativo,06/05/2019
4211801-000,2024,SC,Ouro,4211801,Green Eletron,PEV fixo,Ativo,11/10/2023
3139508-000,2024,MG,Manhumirim,3139508,ABREE,Ponto de consolidação,Ativo,18/10/2019
2306009-000,2024,CE,IRACEMA,2306009,ABREE,PEV fixo,Inativo,21/03/2020
4306320-000,2024,RS,Derrubadas,4306320,Green Eletron,PEV fixo,Ativo,25/03/2019
2408102-021,2024,RN,NATAL,2408102,ABREE,PEV fixo,Ativo,12/08/2023
3163102-000,2024,MG,SÃO JOSÉ DA VARGINHA,3163102,Green Eletron,PEV fixo,Ativo,23/09/2019
3151107-000,2024,MG,Pirapetinga,3151107,ABREE,PEV fixo,Ativo,27/10/2022
3304557-066,2024,RJ,RIO DE JANEIRO,3304557,ABREE,PEV fixo,Ativo,17/08/2020
3503703-003,2024,SP,Ariranha,3503703,ABREE,PEV fixo,Ativo,03/03/2021
4314902-174,2024,RS,PORTO ALEGRE,4314902,Sistema individual,PEV fixo,Ativo,08/02/2024
2511707-000,2024,PB,  Pilõezinhos ,2511707,Green Eletron,PEV fixo,Ativo,19/11/2020
3304557-075,2024,RJ,  Rio de Janeiro ,3304557,Green Eletron,PEV fixo,Ativo,27/01/2021
2504009-000,2024,PB,Campina Grande,2504009,Green Eletron,PEV fixo,Ativo,19/04/2022
2602902-004,2024,PE,CABO DE SANTO AGOSTINHO,2602902,Sistema individual,PEV fixo,Ativo,14/07/2020
4305173-001,2024,RS,Cerro Grande do Sul,4305173,Green Eletron,PEV fixo,Ativo,27/02/2023
2927408-068,2024,BA,SALVADOR,2927408,Green Eletron,PEV fixo,Ativo,25/01/2020
3304557-140,2024,RJ,RIO DE JANEIRO,3304557,Green Eletron,PEV fixo,Ativo,03/01/2022
2927408-105,2024,BA,Salvador,2927408,ABREE,PEV fixo,Ativo,14/10/2022
2312007-003,2024,CE,SANTANA DO ACARAÚ,2312007,ABREE,PEV fixo,Ativo,01/07/2023
3201902-001,2024,ES,Domingos Martins,3201902,ABREE,PEV fixo,Ativo,16/10/2021
3550308-095,2024,SP,São Paulo,3550308,ABREE,PEV fixo,Ativo,28/06/2019
2203305-000,2024,PI,DEMERVAL LOBÃO,2203305,ABREE,PEV fixo,Ativo,20/03/2020
2608602-000,2024,PE,Lagoa do Ouro,2608602,ABREE,PEV fixo,Ativo,02/03/2022
3301876-002,2024,RJ,IGUABA GRANDE,3301876,Sistema individual,PEV fixo,Ativo,14/04/2020
1300706-003,2024,AM,Boca do Acre,1300706,ABREE,PEV fixo,Ativo,23/12/2021
3300225-000,2024,RJ,  Areal ,3300225,ABREE,PEV fixo,Ativo,16/06/2022
3304557-099,2024,RJ,RIO DE JANEIRO,3304557,Green Eletron,Campanha itinerante,Ativo,28/11/2021
4301008-000,2024,RS,ARROIO DO MEIO,4301008,Green Eletron,PEV fixo,Ativo,07/02/2019
3550308-333,2024,SP,São Paulo,3550308,Green Eletron,PEV fixo,Ativo,06/02/2023
4106902-024,2024,PR,Curitiba,4106902,Green Eletron,PEV fixo,Ativo,13/02/2020
3303302-009,2024,RJ,Niteroi,3303302,Green Eletron,Ponto de consolidação,Ativo,19/02/2022
3201605-000,2024,ES,Conceicao da Barra,3201605,ABREE,PEV fixo,Ativo,18/09/2022
2304400-076,2024,CE,Fortaleza,2304400,ABREE,PEV fixo,Ativo,23/10/2022
4124400-000,2024,PR,Santo Antônio do Sudoeste,4124400,ABREE,PEV fixo,Ativo,23/08/2019
3145604-000,2024,MG,Oliveira,3145604,Green Eletron,PEV fixo,Ativo,10/03/2024
5300108-022,2024,DF,Brasília,5300108,ABREE,PEV fixo,Ativo,07/01/2019
3300308-000,2024,RJ,Barra do Pirai,3300308,Green Eletron,PEV fixo,Ativo,24/03/2019
3106200-222,2024,MG,BELO HORIZONTE,3106200,Green Eletron,Campanha itinerante,Ativo,07/05/2023
3513009-006,2024,SP,Cotia,3513009,Green Eletron,Campanha itinerante,Ativo,14/01/2021
3513009-009,2024,SP,Cotia,3513009,Green Eletron,PEV fixo,Ativo,28/06/2022
3205309-005,2024,ES,VITÓRIA,3205309,ABREE,PEV fixo,Ativo,14/05/2020
2502151-000,2024,PB,Boa Vista,2502151,Sistema individual,Ponto de consolidação,Ativo,18/05/2024
4322806-000,2024,RS,VERANÓPOLIS,4322806,ABREE,PEV fixo,Ativo,09/11/2022
3106200-160,2024,MG,Belo Horizonte,3106200,Green Eletron,Campanha itinerante,Ativo,11/11/2022
3122108-000,2024,MG,Divino das Laranjeiras,3122108,ABREE,PEV fixo,Ativo,11/02/2024
3106200-065,2024,MG,Belo Horizonte,3106200,ABREE,Ponto de consolidação,Ativo,14/09/2020
1508209-000,2024,PA,Vigia,1508209,Sistema individual,PEV fixo,Ativo,11/03/2019
3304557-199,2024,RJ,  Rio de Janeiro ,3304557,Sistema individual,Ponto de consolidação,Ativo,22/05/2023
4314902-142,2024,RS,PORTO ALEGRE,4314902,Sistema individual,Campanha itinerante,Ativo,11/03/2023
4302378-000,2024,RS,Bom Progresso,4302378,ABREE,PEV fixo,Ativo,26/02/2024
2901106-000,2024,BA,AMÉLIA RODRIGUES,2901106,ABREE,PEV fixo,Ativo,26/08/2024
4308300-000,2024,RS,Fontoura Xavier,4308300,Green Eletron,PEV fixo,Ativo,05/02/2023
3168051-000,2024,MG,TAPARUBA,3168051,ABREE,Campanha itinerante,Ativo,15/03/2022
3106200-024,2024,MG,Belo Horizonte,3106200,Green Eletron,Ponto de consolidação,Ativo,17/02/2020
3525201-012,2024,SP,Jarinu,3525201,Green Eletron,PEV fixo,Ativo,11/09/2023
5300108-060,2024,DF,Brasília,5300108,ABREE,PEV fixo,Ativo,13/09/2021
4205407-072,2024,SC,Florianópolis,4205407,Green Eletron,PEV fixo,Ativo,05/09/2022
3304557-077,2024,RJ,RIO DE JANEIRO,3304557,Green Eletron,PEV fixo,Ativo,13/06/2021
2312007-004,2024,CE,Santana do Acaraú,2312007,ABREE,PEV fixo,Ativo,01/02/2024
3544202-000,2024,SP,RIOLÂNDIA,3544202,ABREE,Ponto de consolidação,Ativo,02/06/2022
2309607-000,2024,CE,PACAJUS,2309607,ABREE,PEV fixo,Ativo,02/04/2024
2109304-000,2024,MA,Presidente Vargas,2109304,ABREE,PEV fixo,Ativo,22/01/2021
2111300-058,2024,MA,São Luís,2111300,ABREE,PEV fixo,Ativo,14/08/2021
4320263-000,2024,RS,Segredo,4320263,ABREE,PEV fixo,Ativo,13/07/2022
2920809-000,2024,BA,MARCIONÍLIO SOUZA,2920809,Sistema individual,PEV fixo,Ativo,04/06/2019
3304508-015,2024,RJ,Rio das Flores,3304508,ABREE,Ponto de consolidação,Ativo,25/10/2023
3301306-003,2024,RJ,Casimiro de Abreu,3301306,ABREE,PEV fixo,Ativo,23/05/2024
3524402-005,2024,SP,Jacarei,3524402,ABREE,PEV fixo,Ativo,15/10/2023
3304557-095,2024,RJ,Rio de Janeiro,,Green Eletron,Ponto de consolidação,Ativo,04/06/2021
5217104-001,2024,GO,Piracanjuba,5217104,ABREE,Campanha itinerante,Ativo,26/04/2024
3530409-002,2024,SP,Mirassolândia,3530409,ABREE,PEV fixo,Ativo,11/01/2024
4305306-000,2024,RS,  Chapada ,4305306,Sistema individual,PEV fixo,Ativo,25/03/2020
2304251-005,2024,CE,Cruz,2304251,ABREE,PEV fixo,Ativo,13/10/2020
5103403-003,2024,MT,  Cuiabá ,5103403,Green Eletron,PEV fixo,Ativo,22/12/2019
2703205-001,2024,AL,IGREJA NOVA,2703205,ABREE,PEV fixo,Ativo,13/04/2023
2209302-000,2024,PI,Santa Luz,2209302,ABREE,PEV fixo,Ativo,21/05/2019
1505601-001,2024,PA,Peixe-Boi,1505601,Green Eletron,PEV fixo,Ativo,26/08/2021
4214508-000,2024,SC,Rio do Campo,4214508,Green Eletron,PEV fixo,Ativo,27/10/2022
1302900-000,2024,AM,Maues,1302900,Green Eletron,Ponto de consolidação,Ativo,05/05/2023
3148905-000,2024,MG,Pedra do Indaiá,3148905,ABREE,PEV fixo,Ativo,23/10/2021
2706208-000,2024,AL,Palestina,2706208,ABREE,PEV fixo,Ativo,11/07/2021
4314902-084,2024,RS,Porto Alegre,4314902,Green Eletron,PEV fixo,Ativo,08/01/2021
3550308-121,2024,SP,Sao Paulo,3550308,ABREE,PEV fixo,Ativo,24/07/2020
3501103-000,2024,SP,ALTO ALEGRE,3501103,ABREE,PEV fixo,Ativo,19/03/2020
4212403-000,2024,SC,Pedras Grandes,4212403,Green Eletron,PEV fixo,Ativo,20/05/2021
3513009-005,2024,SP,  Cotia ,3513009,ABREE,PEV fixo,Ativo,26/10/2020
3549508-002,2024,SP,São José da Bela Vista,3549508,ABREE,PEV fixo,Ativo,05/09/2019
2610103-004,2024,PE,Palmeirina,2610103,Sistema individual,PEV fixo,Ativo,03/02/2023
1503093-000,2024,PA,Goianesia do Para,1503093,Green Eletron,Ponto de consolidação,Ativo,22/08/2020
4211876-003,2024,SC,PAIAL,4211876,ABREE,PEV fixo,Ativo,21/05/2022
1501402-025,2024,PA,BELÉM,1501402,Green Eletron,PEV fixo,Ativo,21/11/2022
2927408-116,2024,BA,Salvador,2927408,ABREE,PEV fixo,Ativo,27/07/2022
3505203-001,2024,SP,Bariri,3505203,ABREE,Ponto de consolidação,Ativo,19/08/2020
3550308-297,2024,SP,  São Paulo ,3550308,Green Eletron,PEV fixo,Ativo,13/10/2022
3532306-006,2024,SP,Natividade da Serra,3532306,ABREE,PEV fixo,Ativo,17/02/2021
2301604-005,2024,CE,Assare,2301604,Green Eletron,PEV fixo,Ativo,21/03/2022
3202900-000,2024,ES,Itarana,3202900,Green Eletron,PEV fixo,Ativo,21/06/2019
2111300-094,2024,MA,SÃO LUÍS,,Green Eletron,PEV fixo,Ativo,18/07/2022
3304557-020,2024,RJ,  Rio de Janeiro ,3304557,Green Eletron,PEV fixo,Ativo,01/09/2020
2302107-000,2024,CE,BATURITÉ,2302107,ABREE,PEV fixo,Ativo,17/05/2019
5108956-005,2024,MT,Nova Monte Verde,5108956,Green Eletron,PEV fixo,Ativo,16/02/2023
3109501-001,2024,MG,Cabo Verde,3109501,Sistema individual,PEV fixo,Ativo,02/08/2023
3156304-000,2024,MG,Rodeiro,3156304,Green Eletron,PEV fixo,Ativo,19/10/2022
3304557-203,2024,RJ,Rio de Janeiro,,Green Eletron,PEV fixo,Ativo,07/06/2024
2300705-003,2024,CE,Alto Santo,2300705,Green Eletron,PEV fixo,Ativo,18/04/2020
2927408-047,2024,BA,Salvador,2927408,Green Eletron,PEV fixo,Ativo,05/05/2020
1506104-000,2024,PA,Primavera,1506104,Green Eletron,PEV fixo,Ativo,17/10/2021
4314902-021,2024,RS,PORTO ALEGRE,4314902,Green Eletron,PEV fixo,Ativo,22/12/2020
3302700-002,2024,RJ,MARICÁ,3302700,ABREE,PEV fixo,Ativo,11/01/2019
1702406-000,2024,TO,Arraias,1702406,Green Eletron,PEV fixo,Ativo,01/12/2022
2401602-000,2024,RN,BENTO FERNANDES,2401602,ABREE,Ponto de consolidação,Ativo,16/02/2023
2927408-054,2024,BA,Salvador,2927408,Green Eletron,PEV fixo,Ativo,07/03/2020
3529807-000,2024,SP,Mineiros do Tietê,3529807,ABREE,PEV fixo,Ativo,21/03/2023
3555109-006,2024,SP,Tupi Paulista,3555109,ABREE,PEV fixo,Ativo,28/10/2021
2909505-000,2024,BA,Cravolandia,2909505,Green Eletron,PEV fixo,Ativo,27/09/2020
2905503-006,2024,BA,Caldeirão Grande,2905503,Green Eletron,PEV fixo,Ativo,14/08/2024
5206701-000,2024,GO,Damianopolis,5206701,Green Eletron,PEV fixo,Ativo,07/12/2020
2611606-073,2024,PE,Recife,2611606,Green Eletron,PEV fixo,Ativo,20/02/2023
4314902-059,2024,RS,Porto Alegre,4314902,Green Eletron,PEV fixo,Ativo,26/04/2021
2408102-024,2024,RN,Natal,2408102,ABREE,Campanha itinerante,Ativo,04/09/2023
2925758-000,2024,BA,Presidente Tancredo Neves,2925758,ABREE,PEV fixo,Ativo,24/02/2024
1505601-000,2024,PA,Peixe-Boi,1505601,ABREE,PEV fixo,Ativo,14/11/2021
3302403-001,2024,RJ,Macaé,3302403,Green Eletron,Ponto de consolidação,Ativo,21/11/2019
2611606-075,2024,PE,Recife,2611606,ABREE,PEV fixo,Ativo,06/10/2023
2111300-037,2024,MA,Sao Luis,2111300,Green Eletron,PEV fixo,Ativo,04/12/2020
3118502-000,2024,MG,Consolação,3118502,ABREE,PEV fixo,Ativo,01/11/2019
3550308-320,2024,SP,São Paulo,3550308,Green Eletron,PEV fixo,Ativo,03/09/2022
4315073-000,2024,RS,Porto Vera Cruz,4315073,ABREE,PEV fixo,Ativo,08/10/2024
2927408-006,2024,BA,  Salvador ,2927408,ABREE,PEV fixo,Ativo,11/06/2019
3304557-198,2024,RJ,RIO DE JANEIRO,3304557,Sistema individual,PEV fixo,Ativo,07/05/2023
1707108-000,2024,TO,DIVINÓPOLIS DO TOCANTINS,1707108,Green Eletron,PEV fixo,Ativo,18/03/2024
2602902-001,2024,PE,CABO DE SANTO AGOSTINHO,2602902,Green Eletron,Ponto de consolidação,Ativo,18/04/2019
3503901-000,2024,SP,Aruja,3503901,ABREE,PEV fixo,Ativo,20/09/2019
3136579-004,2024,MG,Josenopolis,3136579,ABREE,PEV fixo,Ativo,21/02/2023
2513984-000,2024,PB,São Francisco,2513984,Sistema individual,PEV fixo,Ativo,12/09/2020
3521903-000,2024,SP,Itajobi,3521903,Green Eletron,PEV fixo,Ativo,05/04/2019
3302809-001,2024,RJ,MENDES,3302809,ABREE,PEV fixo,Ativo,10/01/2024
1302603-008,2024,AM,Manaus,1302603,ABREE,PEV fixo,Ativo,04/03/2021
2901957-001,2024,BA,APUAREMA,2901957,ABREE,PEV fixo,Ativo,15/06/2023
3301405-007,2024,RJ,Conceição de Macabu,3301405,Green Eletron,PEV fixo,Ativo,12/11/2021
3170438-000,2024,MG,União de Minas,3170438,Green Eletron,PEV fixo,Ativo,12/08/2024
2408102-012,2024,RN,Natal,2408102,Green Eletron,PEV fixo,Ativo,03/07/2021
4127882-000,2024,PR,Tunas do Paraná,4127882,Sistema individual,PEV fixo,Ativo,19/12/2019
3538808-013,2024,SP,Piraju,3538808,Green Eletron,Ponto de consolidação,Ativo,21/03/2020
2207009-000,2024,PI,Oeiras,2207009,Green Eletron,PEV fixo,Ativo,16/11/2023
3514205-000,2024,SP,DOLCINÓPOLIS,3514205,ABREE,PEV fixo,Ativo,11/01/2021
3556701-001,2024,SP,VINHEDO,3556701,ABREE,PEV fixo,Ativo,06/02/2023
2304251-006,2024,CE,CRUZ,2304251,ABREE,PEV fixo,Ativo,07/11/2021
3158953-000,2024,MG,Santana do Paraíso,3158953,ABREE,PEV fixo,Inativo,12/08/2022
3301009-000,2024,RJ,Campos dos Goytacazes,3301009,ABREE,PEV fixo,Ativo,21/03/2024
3155900-000,2024,MG,Rio Preto,3155900,ABREE,Ponto de consolidação,Ativo,06/05/2019
3525201-006,2024,SP,Jarinu,,ABREE,PEV fixo,Ativo,28/12/2021
4314902-176,2024,RS,PORTO ALEGRE,4314902,Sistema individual,PEV fixo,Ativo,16/02/2024
4300109-000,2024,RS,Agudo,4300109,ABREE,PEV fixo,Ativo,18/12/2024
4104055-000,2024,PR,Campo Bonito,4104055,Sistema individual,Campanha itinerante,Ativo,25/10/2020
1721000-001,2024,TO,Palmas,1721000,ABREE,PEV fixo,Ativo,24/06/2019
4116604-000,2024,PR,Nova America da Colina,4116604,Sistema individual,PEV fixo,Ativo,19/12/2024
4215356-001,2024,SC,Saltinho,4215356,ABREE,PEV fixo,Ativo,14/04/2021
2307635-000,2024,CE,Madalena,2307635,ABREE,Campanha itinerante,Ativo,14/12/2019
1400159-000,2024,RR,Bonfim,1400159,ABREE,PEV fixo,Ativo,06/08/2022
3301876-010,2024,RJ,Iguaba Grande,3301876,Sistema individual,PEV fixo,Ativo,05/11/2023
2917359-000,2024,BA,Jaborandi,2917359,Green Eletron,PEV fixo,Ativo,25/08/2024
3119005-000,2024,MG,Cordislândia,3119005,Green Eletron,PEV fixo,Ativo,09/03/2022
2611606-089,2024,PE,  Recife ,2611606,Green Eletron,PEV fixo,Ativo,04/07/2023
3546603-002,2024,SP,  Santa Fé do Sul ,3546603,Green Eletron,PEV fixo,Ativo,23/09/2022
3544905-000,2024,SP,Sales Oliveira,3544905,Sistema individual,PEV fixo,Ativo,03/07/2023
3517901-000,2024,SP,GUARACI,3517901,ABREE,PEV fixo,Ativo,14/10/2024
3131802-000,2024,MG,Itabirinha,3131802,Green Eletron,PEV fixo,Ativo,20/10/2021
2403400-000,2024,RN,Equador,2403400,Green Eletron,PEV fixo,Ativo,09/08/2019
3167608-000,2024,MG,Simonésia,3167608,Green Eletron,PEV fixo,Ativo,07/02/2021
3305109-000,2024,RJ,São João de Meriti,3305109,ABREE,Ponto de consolidação,Ativo,12/08/2022
1303106-000,2024,AM,NOVA OLINDA DO NORTE,1303106,ABREE,Campanha itinerante,Ativo,02/08/2022
3201001-001,2024,ES,Boa Esperança,3201001,ABREE,PEV fixo,Ativo,17/08/2022
3106200-069,2024,MG,Belo Horizonte,3106200,Green Eletron,PEV fixo,Ativo,03/07/2020
2925501-000,2024,BA,Prado,2925501,Green Eletron,PEV fixo,Ativo,09/06/2020
5217401-000,2024,GO,  Pires do Rio ,5217401,ABREE,Ponto de consolidação,Ativo,22/06/2022
3513009-000,2024,SP,Cotia,3513009,Sistema individual,PEV fixo,Ativo,03/09/2019
4304713-000,2024,RS,Caraá,4304713,ABREE,Campanha itinerante,Ativo,16/06/2019
2403806-001,2024,RN,Florânia,2403806,Green Eletron,Ponto de consolidação,Ativo,25/08/2023
5208707-009,2024,GO,  Goiânia ,5208707,Green Eletron,PEV fixo,Ativo,28/03/2020
2610707-000,2024,PE,Paulista,2610707,ABREE,PEV fixo,Ativo,20/05/2023
4205407-081,2024,SC,FLORIANÓPOLIS,4205407,ABREE,PEV fixo,Ativo,03/10/2023
2930006-000,2024,BA,Sebastião Laranjeiras,2930006,ABREE,PEV fixo,Ativo,17/08/2022
4106902-003,2024,PR,CURITIBA,4106902,ABREE,PEV fixo,Ativo,27/04/2020
3304557-222,2024,RJ,Rio de Janeiro,3304557,ABREE,Ponto de consolidação,Ativo,23/12/2024
4205175-000,2024,SC,Entre Rios,4205175,Green Eletron,Campanha itinerante,Ativo,14/09/2021
1200401-006,2024,AC,Rio Branco,1200401,Green Eletron,PEV fixo,Ativo,02/03/2022
4205407-052,2024,SC,Florianópolis,4205407,Green Eletron,PEV fixo,Ativo,13/02/2021
3536802-000,2024,SP,PEDRA BELA,3536802,Sistema individual,Campanha itinerante,Ativo,02/08/2024
4302600-000,2024,RS,Braga,4302600,Green Eletron,PEV fixo,Ativo,19/05/2019
3550308-107,2024,SP,São Paulo,3550308,Green Eletron,PEV fixo,Ativo,18/02/2020
4312658-001,2024,RS,Nao-Me-Toque,4312658,ABREE,PEV fixo,Ativo,07/10/2022
2805000-001,2024,SE,Pedra Mole,2805000,Green Eletron,PEV fixo,Ativo,01/01/2023
3304557-213,2024,RJ,Rio de Janeiro,3304557,ABREE,PEV fixo,Ativo,05/01/2024
3302502-000,2024,RJ,Magé,3302502,Green Eletron,PEV fixo,Ativo,17/01/2020
3158706-000,2024,MG,SANTANA DO GARAMBÉU,3158706,ABREE,PEV fixo,Ativo,05/08/2020
4321634-000,2024,RS,  Três Arroios ,4321634,Green Eletron,PEV fixo,Ativo,14/02/2023
2104057-000,2024,MA,Estreito,2104057,Green Eletron,PEV fixo,Ativo,20/04/2021
3300902-002,2024,RJ,Cambuci,3300902,ABREE,PEV fixo,Ativo,06/12/2020
3130903-000,2024,MG,Inhapim,3130903,ABREE,PEV fixo,Ativo,07/08/2022
4115457-003,2024,PR,Marquinho,4115457,ABREE,PEV fixo,Ativo,09/07/2020
2922656-006,2024,BA,Nordestina,2922656,ABREE,PEV fixo,Ativo,05/06/2022
3130408-004,2024,MG,Ijaci,3130408,Sistema individual,PEV fixo,Ativo,18/10/2023
2927408-137,2024,BA,SALVADOR,2927408,ABREE,PEV fixo,Ativo,13/01/2023
3304557-212,2024,RJ,Rio de Janeiro,3304557,Green Eletron,PEV fixo,Ativo,18/12/2024
2507507-005,2024,PB,  João Pessoa ,2507507,Green Eletron,PEV fixo,Ativo,27/08/2020
3130408-001,2024,MG,IJACI,3130408,Green Eletron,PEV fixo,Ativo,23/02/2020
2927408-055,2024,BA,Salvador,2927408,ABREE,PEV fixo,Ativo,22/04/2020
2804508-000,2024,SE,Nossa Senhora da Glória,2804508,ABREE,PEV fixo,Ativo,16/07/2022
5002704-006,2024,MS,Campo Grande,5002704,Green Eletron,PEV fixo,Ativo,25/06/2021
2616183-004,2024,PE,Vertente do Lerio,2616183,Sistema individual,PEV fixo,Ativo,03/02/2020
2927408-071,2024,BA,Salvador,2927408,ABREE,Ponto de consolidação,Ativo,17/05/2020
3550308-143,2024,SP,SÃO PAULO,3550308,ABREE,Ponto de consolidação,Ativo,19/10/2020
3164308-000,2024,MG,SÃO ROQUE DE MINAS,3164308,Green Eletron,Campanha itinerante,Ativo,18/07/2023
1300029-004,2024,AM,Alvarães,1300029,ABREE,PEV fixo,Ativo,04/02/2021
3303302-012,2024,RJ,Niterói,3303302,Sistema individual,PEV fixo,Ativo,03/04/2023
4305108-000,2024,RS,Caxias do Sul,4305108,ABREE,PEV fixo,Ativo,04/04/2019
3540705-000,2024,SP,Porto Ferreira,3540705,ABREE,PEV fixo,Ativo,12/09/2021
3550308-008,2024,SP,SÃO PAULO,3550308,Sistema individual,PEV fixo,Ativo,18/03/2019
2800308-020,2024,SE,Aracaju,2800308,ABREE,PEV fixo,Ativo,11/07/2022
2905503-000,2024,BA,Caldeirao Grande,2905503,ABREE,PEV fixo,Ativo,22/01/2020
1300029-005,2024,AM,Alvaraes,1300029,Green Eletron,PEV fixo,Ativo,18/08/2021
2927408-048,2024,BA,  Salvador ,2927408,Green Eletron,PEV fixo,Ativo,03/08/2020
3205309-010,2024,ES,VITÓRIA,3205309,ABREE,PEV fixo,Ativo,04/02/2021
2602704-000,2024,PE,BUENOS AIRES,2602704,ABREE,PEV fixo,Ativo,11/03/2021
2106607-000,2024,MA,Matões,2106607,Green Eletron,PEV fixo,Ativo,05/04/2021
3501301-000,2024,SP,Alvares Machado,3501301,Green Eletron,PEV fixo,Inativo,13/02/2019
2211001-013,2024,PI,  Teresina ,2211001,Green Eletron,Ponto de consolidação,Ativo,13/08/2021
2903508-000,2024,BA,Belo Campo,2903508,ABREE,PEV fixo,Ativo,23/10/2020
2904852-000,2024,BA,CABACEIRAS DO PARAGUAÇU,2904852,Green Eletron,PEV fixo,Ativo,02/07/2020
4322103-000,2024,RS,Tucunduva,4322103,Green Eletron,PEV fixo,Ativo,01/04/2022
3508306-004,2024,SP,CABRÁLIA PAULISTA,3508306,Green Eletron,PEV fixo,Ativo,18/02/2021
2803005-000,2024,SE,Itabaianinha,2803005,ABREE,PEV fixo,Ativo,14/12/2024
3124203-001,2024,MG,Espera Feliz,3124203,ABREE,Ponto de consolidação,Ativo,24/10/2024
2111300-097,2024,MA,São Luís,2111300,Green Eletron,PEV fixo,Ativo,04/05/2023
3305307-016,2024,RJ,SÃO SEBASTIÃO DO ALTO,3305307,ABREE,PEV fixo,Ativo,03/09/2023
2515609-002,2024,PB,Serra da Raiz,2515609,ABREE,PEV fixo,Ativo,10/10/2023
3506409-000,2024,SP,BILAC,3506409,ABREE,Campanha itinerante,Ativo,28/07/2020
3202454-000,2024,ES,Ibatiba,3202454,Green Eletron,PEV fixo,Ativo,08/02/2021
3550308-232,2024,SP,SÃO PAULO,3550308,Green Eletron,Ponto de consolidação,Ativo,05/07/2021
2604106-000,2024,PE,Caruaru,2604106,Green Eletron,PEV fixo,Ativo,03/12/2021
5220686-000,2024,GO,Simolândia,5220686,ABREE,PEV fixo,Inativo,08/03/2023
3538808-024,2024,SP,PIRAJU,3538808,ABREE,PEV fixo,Ativo,11/02/2021
5002704-013,2024,MS,Campo Grande,5002704,Green Eletron,PEV fixo,Ativo,07/12/2023
2707206-000,2024,AL,Poço das Trincheiras,2707206,ABREE,PEV fixo,Ativo,11/05/2020
5105507-000,2024,MT,Vila Bela da Santissima Trindade,5105507,ABREE,Campanha itinerante,Ativo,03/05/2023
2300309-000,2024,CE,Acopiara,2300309,ABREE,PEV fixo,Ativo,11/11/2024
3549706-000,2024,SP,SÃO JOSÉ DO RIO PARDO,3549706,ABREE,PEV fixo,Ativo,25/08/2021
3109451-000,2024,MG,Cabeceira Grande,3109451,ABREE,PEV fixo,Ativo,26/05/2024
5107750-000,2024,MT,SALTO DO CÉU,5107750,Green Eletron,PEV fixo,Ativo,14/03/2023
1200500-000,2024,AC,Sena Madureira,1200500,Green Eletron,PEV fixo,Ativo,12/10/2024
3529500-001,2024,SP,Mendonca,3529500,Sistema individual,PEV fixo,Ativo,15/07/2024
2611606-054,2024,PE,Recife,2611606,Green Eletron,Campanha itinerante,Ativo,09/10/2022
3304557-034,2024,RJ,Rio de Janeiro,3304557,ABREE,PEV fixo,Ativo,05/09/2020
4306452-000,2024,RS,Dois Lajeados,4306452,ABREE,PEV fixo,Ativo,04/02/2021
3550308-318,2024,SP,São Paulo,3550308,Green Eletron,PEV fixo,Ativo,07/04/2022
4211876-004,2024,SC,PAIAL,4211876,ABREE,PEV fixo,Ativo,26/09/2023
3109709-001,2024,MG,CACHOEIRA DE MINAS,3109709,ABREE,Ponto de consolidação,Ativo,17/04/2024
2304400-054,2024,CE,Fortaleza,2304400,Green Eletron,PEV fixo,Ativo,18/11/2021
5215207-005,2024,GO,NOVO BRASIL,5215207,Green Eletron,PEV fixo,Ativo,24/02/2021
3120870-000,2024,MG,Curral de Dentro,3120870,ABREE,Campanha itinerante,Ativo,21/01/2020
3106200-162,2024,MG,Belo Horizonte,3106200,Sistema individual,PEV fixo,Ativo,25/08/2022
3506904-000,2024,SP,Bofete,3506904,ABREE,PEV fixo,Ativo,04/06/2021
4207304-000,2024,SC,Imbituba,4207304,Green Eletron,Ponto de consolidação,Inativo,20/10/2020
3536505-000,2024,SP,Paulínia,3536505,ABREE,PEV fixo,Ativo,13/09/2020
3550308-281,2024,SP,Sao Paulo,3550308,ABREE,PEV fixo,Ativo,12/08/2022
3532900-015,2024,SP,Nova Europa,3532900,Green Eletron,Campanha itinerante,Inativo,23/11/2021
2110658-000,2024,MA,São Domingos do Azeitão,2110658,ABREE,PEV fixo,Ativo,17/05/2020
3538808-025,2024,SP,Piraju,3538808,ABREE,PEV fixo,Ativo,22/08/2021
4214102-000,2024,SC,Presidente Nereu,4214102,Green Eletron,PEV fixo,Ativo,14/02/2023
2905503-002,2024,BA,Caldeirão Grande,2905503,Green Eletron,PEV fixo,Ativo,17/01/2021
3532900-008,2024,SP,Nova Europa,3532900,Green Eletron,PEV fixo,Inativo,21/01/2020
5205307-000,2024,GO,CAVALCANTE,5205307,Green Eletron,PEV fixo,Ativo,17/07/2022
2927408-010,2024,BA,Salvador,2927408,Green Eletron,PEV fixo,Ativo,02/02/2019
2906006-001,2024,BA,Campo Formoso,2906006,ABREE,PEV fixo,Ativo,27/08/2022
2413359-000,2024,RN,Serra do Mel,2413359,ABREE,PEV fixo,Ativo,12/03/2020
5208707-014,2024,GO,GOIÂNIA,5208707,Green Eletron,Ponto de consolidação,Ativo,04/03/2021
3543907-000,2024,SP,Rio Claro,3543907,Green Eletron,PEV fixo,Ativo,07/08/2021
2926707-000,2024,BA,RIO DE CONTAS,2926707,ABREE,PEV fixo,Ativo,12/06/2023
3541653-008,2024,SP,Quadra,,ABREE,Campanha itinerante,Ativo,03/06/2024
2202059-000,2024,PI,  Cabeceiras do Piauí ,2202059,ABREE,PEV fixo,Ativo,08/12/2023
5103007-000,2024,MT,Chapada dos Guimaraes,5103007,ABREE,PEV fixo,Ativo,12/10/2024
1703305-000,2024,TO,Bom Jesus do Tocantins,1703305,Green Eletron,PEV fixo,Ativo,05/05/2019
1501204-005,2024,PA,Baião,1501204,Green Eletron,PEV fixo,Ativo,23/12/2020
4128401-002,2024,PR,Uraí,4128401,ABREE,PEV fixo,Ativo,23/02/2021
4204178-000,2024,SC,CERRO NEGRO,4204178,ABREE,PEV fixo,Ativo,13/04/2021
1501204-002,2024,PA,Baião,1501204,Green Eletron,PEV fixo,Ativo,15/05/2019
3106200-056,2024,MG,Belo Horizonte,3106200,Sistema individual,PEV fixo,Ativo,27/05/2020
3555109-002,2024,SP,TUPI PAULISTA,3555109,Sistema individual,PEV fixo,Ativo,12/02/2020
3550308-319,2024,SP,Sao Paulo,3550308,ABREE,PEV fixo,Ativo,26/04/2022
3205309-000,2024,ES,Vitoria,3205309,ABREE,PEV fixo,Ativo,28/09/2020
4110300-001,2024,PR,Inajá,4110300,Green Eletron,PEV fixo,Ativo,20/07/2024
2704401-000,2024,AL,Major Isidoro,2704401,Green Eletron,PEV fixo,Ativo,25/02/2024
4322541-000,2024,RS,VALE REAL,4322541,ABREE,PEV fixo,Ativo,07/03/2021
3302700-008,2024,RJ,MARICÁ,3302700,ABREE,PEV fixo,Ativo,20/08/2020
5300108-024,2024,DF,Brasília,5300108,Green Eletron,PEV fixo,Ativo,20/11/2019
2705101-000,2024,AL,Matriz de Camaragibe,2705101,Green Eletron,Ponto de consolidação,Ativo,25/06/2021
1501402-004,2024,PA,Belém,1501402,Green Eletron,PEV fixo,Ativo,05/09/2020
4319125-000,2024,RS,SÃO MARTINHO DA SERRA,4319125,ABREE,PEV fixo,Ativo,21/09/2019
3109907-000,2024,MG,Caetanópolis,3109907,ABREE,PEV fixo,Ativo,02/07/2021
2111300-013,2024,MA,SÃO LUÍS,2111300,Sistema individual,PEV fixo,Ativo,05/09/2019
2927408-088,2024,BA,SALVADOR,2927408,ABREE,PEV fixo,Ativo,13/01/2021
2602902-008,2024,PE,Cabo de Santo Agostinho,2602902,ABREE,Ponto de consolidação,Ativo,09/01/2022
2927408-075,2024,BA,Salvador,2927408,ABREE,PEV fixo,Ativo,28/04/2021
3550308-163,2024,SP,São Paulo,3550308,ABREE,PEV fixo,Ativo,27/10/2020
2927408-120,2024,BA,Salvador,2927408,Green Eletron,PEV fixo,Ativo,17/06/2022
2611606-043,2024,PE,Recife,2611606,ABREE,Ponto de consolidação,Ativo,17/05/2021
2927408-062,2024,BA,Salvador,2927408,Green Eletron,PEV fixo,Ativo,12/12/2020
1506195-000,2024,PA,Rurópolis,1506195,Green Eletron,PEV fixo,Ativo,12/07/2022
3106200-270,2024,MG,Belo Horizonte,3106200,Green Eletron,PEV fixo,Ativo,12/09/2023
2202653-000,2024,PI,Caxingó,2202653,ABREE,PEV fixo,Ativo,02/02/2021
4100400-000,2024,PR,Almirante Tamandare,4100400,ABREE,Ponto de consolidação,Ativo,11/07/2023
4106902-062,2024,PR,Curitiba,4106902,Green Eletron,PEV fixo,Ativo,10/11/2022
4317608-000,2024,RS,Santo Antônio da Patrulha,4317608,ABREE,PEV fixo,Ativo,21/04/2020
3550308-204,2024,SP,SÃO PAULO,3550308,ABREE,PEV fixo,Ativo,25/09/2021
3104502-000,2024,MG,Arinos,3104502,ABREE,Ponto de consolidação,Ativo,16/01/2023
4102604-000,2024,PR,  Barracão ,4102604,ABREE,PEV fixo,Ativo,14/10/2022
2209377-000,2024,PI,Santa Rosa do Piauí,2209377,Green Eletron,Ponto de consolidação,Ativo,26/05/2021
1101708-000,2024,RO,URUPÁ,1101708,Green Eletron,PEV fixo,Ativo,12/03/2019
3538808-008,2024,SP,PIRAJU,3538808,ABREE,PEV fixo,Ativo,14/02/2019
3122405-000,2024,MG,Divisa Nova,3122405,ABREE,PEV fixo,Ativo,10/06/2019
5300108-008,2024,DF,Brasília,5300108,Sistema individual,PEV fixo,Ativo,11/06/2019
3544004-005,2024,SP,Rio das Pedras,3544004,ABREE,PEV fixo,Ativo,22/11/2024
3124203-000,2024,MG,Espera Feliz,3124203,Green Eletron,PEV fixo,Ativo,01/08/2021
4119152-000,2024,PR,PINHAIS,4119152,ABREE,PEV fixo,Ativo,05/10/2022
3517000-000,2024,SP,Getulina,3517000,Green Eletron,PEV fixo,Ativo,13/08/2021
3106200-042,2024,MG,  Belo Horizonte ,3106200,ABREE,PEV fixo,Ativo,23/08/2020
5201306-001,2024,GO,Anicuns,5201306,ABREE,PEV fixo,Ativo,07/01/2023
5300108-036,2024,DF,BRASÍLIA,5300108,ABREE,PEV fixo,Ativo,10/08/2020
3127503-000,2024,MG,GONZAGA,3127503,Green Eletron,PEV fixo,Ativo,26/09/2022
3130101-000,2024,MG,IGARAPÉ,3130101,Green Eletron,Campanha itinerante,Ativo,15/05/2019
3536505-001,2024,SP,Paulínia,3536505,Green Eletron,PEV fixo,Ativo,18/10/2022
5208707-008,2024,GO,Goiania,5208707,ABREE,PEV fixo,Ativo,07/05/2020
2924603-002,2024,BA,Pindobaçu,2924603,ABREE,Campanha itinerante,Ativo,01/04/2021
4314902-165,2024,RS,  Porto Alegre ,4314902,ABREE,PEV fixo,Ativo,07/04/2024
3550308-133,2024,SP,SÃO PAULO,3550308,ABREE,PEV fixo,Ativo,20/12/2020
3136504-000,2024,MG,Jordania,3136504,ABREE,Ponto de consolidação,Ativo,26/01/2023
4314902-095,2024,RS,Porto Alegre,4314902,ABREE,PEV fixo,Ativo,18/10/2022
4112207-000,2024,PR,JANIÓPOLIS,4112207,ABREE,PEV fixo,Ativo,05/10/2022
3536208-000,2024,SP,Pariquera-Açu,3536208,Sistema individual,PEV fixo,Ativo,24/02/2023
5107909-000,2024,MT,  Sinop ,5107909,Green Eletron,PEV fixo,Ativo,28/07/2019
2309805-000,2024,CE,PACOTI,2309805,ABREE,Campanha itinerante,Ativo,16/04/2020
3205309-004,2024,ES,VITÓRIA,3205309,Green Eletron,PEV fixo,Ativo,18/03/2020
1504000-000,2024,PA,Limoeiro do Ajuru,1504000,ABREE,PEV fixo,Ativo,05/09/2022
3550308-134,2024,SP,São Paulo,3550308,Sistema individual,PEV fixo,Ativo,11/02/2020
4106902-095,2024,PR,Curitiba,4106902,ABREE,PEV fixo,Ativo,17/08/2024
3301108-029,2024,RJ,Cantagalo,3301108,Sistema individual,PEV fixo,Ativo,22/11/2024
2111300-042,2024,MA,SÃO LUÍS,2111300,Green Eletron,PEV fixo,Ativo,17/11/2020
3546009-008,2024,SP,SANTA BRANCA,3546009,ABREE,PEV fixo,Ativo,26/12/2023
1501402-010,2024,PA,Belém,1501402,ABREE,PEV fixo,Ativo,02/06/2020
2305506-000,2024,CE,Iguatu,2305506,Green Eletron,PEV fixo,Ativo,08/04/2023
2929354-000,2024,BA,  São José da Vitória ,2929354,ABREE,PEV fixo,Ativo,20/01/2020
3523602-000,2024,SP,ITIRAPINA,,Green Eletron,Campanha itinerante,Ativo,21/12/2019
3531308-001,2024,SP,MONTE ALTO,3531308,Green Eletron,Campanha itinerante,Ativo,14/05/2020
3536257-000,2024,SP,Parisi,3536257,Green Eletron,PEV fixo,Ativo,16/05/2019
3106200-239,2024,MG,BELO HORIZONTE,3106200,ABREE,PEV fixo,Ativo,03/09/2023
5105002-000,2024,MT,Jauru,5105002,Green Eletron,Campanha itinerante,Ativo,08/02/2020
2927408-084,2024,BA,  Salvador ,2927408,Sistema individual,PEV fixo,Ativo,03/10/2021
2602407-000,2024,PE,Brejão,2602407,Green Eletron,PEV fixo,Ativo,14/10/2024
5201801-000,2024,GO,Aragoiânia,5201801,Sistema individual,Ponto de consolidação,Ativo,23/08/2021
2506608-000,2024,PB,Ibiara,2506608,ABREE,PEV fixo,Ativo,28/03/2020
2602704-002,2024,PE,Buenos Aires,2602704,Sistema individual,PEV fixo,Ativo,28/10/2023
3542503-001,2024,SP,  Reginópolis ,3542503,ABREE,PEV fixo,Ativo,20/04/2024
2203750-000,2024,PI,Fartura do Piaui,2203750,ABREE,PEV fixo,Ativo,02/01/2021
5002951-000,2024,MS,  Chapadão do Sul ,5002951,ABREE,PEV fixo,Ativo,09/10/2019
3171204-000,2024,MG,VESPASIANO,3171204,Green Eletron,PEV fixo,Ativo,02/08/2023
1304401-000,2024,AM,URUCURITUBA,1304401,ABREE,Ponto de consolidação,Ativo,19/02/2021
3512803-000,2024,SP,COSMÓPOLIS,3512803,Green Eletron,PEV fixo,Ativo,22/04/2019
4205407-008,2024,SC,Florianópolis,4205407,Green Eletron,PEV fixo,Ativo,19/07/2019
3550308-227,2024,SP,  São Paulo ,3550308,Green Eletron,PEV fixo,Ativo,24/03/2021
4315958-000,2024,RS,ROLADOR,4315958,ABREE,PEV fixo,Ativo,17/05/2019
3158201-000,2024,MG,Santa Maria do Suaçuí,3158201,ABREE,Campanha itinerante,Ativo,03/08/2022
2100808-000,2024,MA,Anapurus,2100808,ABREE,PEV fixo,Ativo,21/12/2021
1304005-004,2024,AM,Silves,1304005,ABREE,Campanha itinerante,Ativo,17/10/2022
4305454-000,2024,RS,Cidreira,4305454,ABREE,PEV fixo,Ativo,04/07/2020
3512506-001,2024,SP,Coroados,3512506,Sistema individual,Ponto de consolidação,Ativo,28/06/2023
2927408-016,2024,BA,Salvador,2927408,ABREE,PEV fixo,Ativo,20/07/2019
2702504-000,2024,AL,Dois Riachos,2702504,ABREE,PEV fixo,Ativo,16/02/2022
2610301-003,2024,PE,PARANATAMA,2610301,ABREE,PEV fixo,Ativo,09/07/2021
2927408-082,2024,BA,Salvador,2927408,Green Eletron,PEV fixo,Ativo,13/07/2021
4114609-000,2024,PR,Marechal Cândido Rondon,4114609,ABREE,PEV fixo,Ativo,16/11/2021
3134509-000,2024,MG,ITUTINGA,3134509,Sistema individual,PEV fixo,Ativo,27/11/2020
2611606-045,2024,PE,RECIFE,2611606,ABREE,Ponto de consolidação,Ativo,12/09/2021
1718808-000,2024,TO,Sampaio,1718808,Green Eletron,PEV fixo,Ativo,24/12/2020
5211701-000,2024,GO,JANDAIA,5211701,ABREE,Campanha itinerante,Ativo,11/08/2021
2610103-003,2024,PE,Palmeirina,2610103,Green Eletron,PEV fixo,Ativo,15/11/2022
2202075-000,2024,PI,Cajazeiras do Piauí,2202075,ABREE,PEV fixo,Ativo,22/07/2022
3304557-019,2024,RJ,Rio de Janeiro,3304557,ABREE,PEV fixo,Ativo,22/04/2020
2100303-000,2024,MA,ALDEIAS ALTAS,2100303,ABREE,Ponto de consolidação,Ativo,16/09/2019
2927408-074,2024,BA,Salvador,2927408,ABREE,PEV fixo,Ativo,13/11/2021
4314902-089,2024,RS,Porto Alegre,4314902,Green Eletron,PEV fixo,Ativo,14/09/2022
3104304-000,2024,MG,AREADO,3104304,Green Eletron,PEV fixo,Ativo,21/11/2022
3301876-008,2024,RJ,Iguaba Grande,3301876,ABREE,PEV fixo,Ativo,09/02/2022
3302056-000,2024,RJ,ITALVA,3302056,Green Eletron,Ponto de consolidação,Ativo,21/08/2023
2903904-000,2024,BA,Bom Jesus da Lapa,2903904,ABREE,PEV fixo,Ativo,24/08/2023
3520608-000,2024,SP,Indiana,3520608,Sistema individual,Ponto de consolidação,Ativo,08/10/2020
4205407-006,2024,SC,Florianópolis,4205407,Green Eletron,PEV fixo,Ativo,15/04/2019
1504901-000,2024,PA,Muaná,1504901,ABREE,PEV fixo,Ativo,22/01/2020
3305505-004,2024,RJ,Saquarema,3305505,Green Eletron,PEV fixo,Ativo,22/06/2024
5300108-086,2024,DF,BRASÍLIA,5300108,ABREE,PEV fixo,Ativo,17/02/2022
3304557-179,2024,RJ,  Rio de Janeiro ,3304557,Green Eletron,PEV fixo,Ativo,18/03/2023
2609600-000,2024,PE,OLINDA,2609600,Green Eletron,PEV fixo,Ativo,21/08/2020
1505700-000,2024,PA,PONTA DE PEDRAS,1505700,ABREE,PEV fixo,Ativo,06/05/2021
2413607-000,2024,RN,Severiano Melo,2413607,Sistema individual,Ponto de consolidação,Ativo,23/04/2020
3306305-000,2024,RJ,Volta Redonda,3306305,Green Eletron,PEV fixo,Ativo,07/04/2022
5105622-000,2024,MT,Mirassol d'Oeste,5105622,Sistema individual,PEV fixo,Ativo,26/03/2021
3305752-009,2024,RJ,Tanguá,3305752,ABREE,PEV fixo,Ativo,20/08/2023
4314902-078,2024,RS,  Porto Alegre ,4314902,ABREE,Ponto de consolidação,Ativo,07/09/2021
4320602-000,2024,RS,SEVERIANO DE ALMEIDA,4320602,ABREE,PEV fixo,Ativo,13/11/2023
3106200-096,2024,MG,Belo Horizonte,3106200,Green Eletron,PEV fixo,Ativo,25/05/2021
3550308-298,2024,SP,São Paulo,3550308,Green Eletron,PEV fixo,Ativo,03/02/2022
3106200-077,2024,MG,BELO HORIZONTE,3106200,ABREE,PEV fixo,Ativo,14/02/2020
2304251-010,2024,CE,CRUZ,2304251,ABREE,PEV fixo,Ativo,07/11/2022
2509057-000,2024,PB,  Marcação ,2509057,Green Eletron,PEV fixo,Ativo,13/08/2024
3205309-018,2024,ES,VITÓRIA,3205309,ABREE,Campanha itinerante,Ativo,16/03/2022
4202073-000,2024,SC,BALNEÁRIO GAIVOTA,4202073,Green Eletron,PEV fixo,Ativo,24/04/2023
4100509-000,2024,PR,Altônia,4100509,Green Eletron,PEV fixo,Ativo,10/08/2022
3532504-008,2024,SP,Neves Paulista,3532504,Green Eletron,Ponto de consolidação,Ativo,13/01/2024
3300605-000,2024,RJ,Bom Jesus do Itabapoana,3300605,Green Eletron,Campanha itinerante,Ativo,05/09/2021
2615706-000,2024,PE,Triunfo,2615706,ABREE,PEV fixo,Ativo,23/05/2022
3205309-003,2024,ES,Vitoria,3205309,Green Eletron,PEV fixo,Ativo,04/07/2020
1400100-003,2024,RR,Boa Vista,1400100,ABREE,PEV fixo,Ativo,14/09/2024
1506203-000,2024,PA,Salinópolis,1506203,Green Eletron,Campanha itinerante,Inativo,20/06/2023
3131158-000,2024,MG,Ipaba,3131158,ABREE,PEV fixo,Ativo,15/08/2019
3522000-001,2024,SP,Itaju,3522000,ABREE,PEV fixo,Ativo,11/07/2024
5300108-002,2024,DF,Brasília,5300108,Green Eletron,PEV fixo,Ativo,11/08/2019
3550308-181,2024,SP,São Paulo,3550308,ABREE,Ponto de consolidação,Ativo,04/04/2021
2709103-000,2024,AL,TAQUARANA,2709103,Sistema individual,Ponto de consolidação,Ativo,25/02/2020
2605806-000,2024,PE,Frei Miguelinho,2605806,Green Eletron,Ponto de consolidação,Ativo,11/10/2019
2306603-000,2024,CE,Itatira,2306603,Green Eletron,PEV fixo,Ativo,05/12/2019
2200400-000,2024,PI,ALTOS,2200400,ABREE,PEV fixo,Ativo,16/11/2021
2306009-001,2024,CE,IRACEMA,2306009,Green Eletron,Campanha itinerante,Ativo,16/08/2023
4106902-061,2024,PR,Curitiba,4106902,Green Eletron,Campanha itinerante,Ativo,01/12/2022
2910008-000,2024,BA,Dário Meira,2910008,ABREE,PEV fixo,Ativo,14/11/2019
3147907-000,2024,MG,Passos,3147907,Sistema individual,PEV fixo,Ativo,09/04/2020
3547809-000,2024,SP,SANTO ANDRÉ,3547809,ABREE,PEV fixo,Ativo,06/08/2023
4106902-054,2024,PR,Curitiba,4106902,Green Eletron,PEV fixo,Ativo,25/02/2022
3304128-000,2024,RJ,QUATIS,3304128,ABREE,PEV fixo,Ativo,09/06/2023
2615102-008,2024,PE,Terezinha,2615102,Green Eletron,PEV fixo,Ativo,09/12/2023
2300606-000,2024,CE,ALTANEIRA,2300606,Green Eletron,PEV fixo,Ativo,15/01/2021
3141900-000,2024,MG,Minduri,3141900,ABREE,PEV fixo,Ativo,20/11/2019
3510005-000,2024,SP,Cândido Mota,3510005,ABREE,PEV fixo,Ativo,09/09/2024
3106200-185,2024,MG,Belo Horizonte,3106200,Green Eletron,PEV fixo,Ativo,12/08/2022
2611606-019,2024,PE,Recife,2611606,Green Eletron,PEV fixo,Ativo,14/08/2020
3556354-001,2024,SP,VARGEM,3556354,Green Eletron,PEV fixo,Ativo,11/05/2023
3513603-000,2024,SP,  Cunha ,3513603,ABREE,PEV fixo,Ativo,24/11/2021
3300100-000,2024,RJ,ANGRA DOS REIS,3300100,Green Eletron,PEV fixo,Ativo,25/11/2020
2112605-002,2024,MA,Urbano Santos,2112605,ABREE,Campanha itinerante,Ativo,11/11/2024
3106200-280,2024,MG,Belo Horizonte,3106200,ABREE,PEV fixo,Ativo,11/08/2023
1721000-009,2024,TO,Palmas,1721000,Green Eletron,PEV fixo,Ativo,05/06/2022
3553955-000,2024,SP,Tarumã,3553955,ABREE,PEV fixo,Ativo,05/08/2021
3509957-000,2024,SP,Canas,3509957,ABREE,PEV fixo,Ativo,15/06/2021
5215256-001,2024,GO,Novo Planalto,5215256,Sistema individual,Ponto de consolidação,Ativo,02/01/2022
3547908-004,2024,SP,Santo Antônio da Alegria,3547908,ABREE,PEV fixo,Ativo,26/04/2023
2507507-010,2024,PB,João Pessoa,2507507,ABREE,PEV fixo,Ativo,21/08/2021
3304557-224,2024,RJ,RIO DE JANEIRO,3304557,Green Eletron,PEV fixo,Ativo,16/01/2024
3128006-000,2024,MG,GUANHÃES,3128006,Green Eletron,PEV fixo,Ativo,18/08/2022
3125606-000,2024,MG,  Felisburgo ,3125606,ABREE,PEV fixo,Ativo,21/06/2019
2927408-140,2024,BA,Salvador,2927408,Sistema individual,PEV fixo,Ativo,09/07/2023
5300108-076,2024,DF,BRASÍLIA,5300108,ABREE,PEV fixo,Ativo,23/01/2022
2408102-014,2024,RN,Natal,2408102,ABREE,PEV fixo,Ativo,10/04/2022
2927408-126,2024,BA,Salvador,2927408,Green Eletron,PEV fixo,Ativo,13/03/2022
3506904-005,2024,SP,  Bofete ,3506904,ABREE,PEV fixo,Ativo,13/01/2023
3532009-001,2024,SP,Morungaba,3532009,Sistema individual,Campanha itinerante,Ativo,25/07/2019
3120102-000,2024,MG,Couto de Magalhaes de Minas,3120102,ABREE,PEV fixo,Ativo,15/09/2021
3150901-001,2024,MG,Piranguçu,3150901,Green Eletron,PEV fixo,Ativo,27/07/2024
2207850-000,2024,PI,Pavussu,2207850,Green Eletron,PEV fixo,Ativo,12/07/2022
3538808-010,2024,SP,PIRAJU,3538808,Green Eletron,PEV fixo,Inativo,09/06/2019
2310308-000,2024,CE,Parambu,2310308,Green Eletron,PEV fixo,Ativo,14/05/2020
4314902-138,2024,RS,Porto Alegre,4314902,ABREE,PEV fixo,Ativo,10/01/2023
3165305-000,2024,MG,São Vicente de Minas,3165305,Green Eletron,PEV fixo,Ativo,25/02/2021
3556602-000,2024,SP,Vera Cruz,3556602,Green Eletron,PEV fixo,Ativo,13/09/2022
5220454-000,2024,GO,Senador Canedo,5220454,ABREE,PEV fixo,Ativo,16/05/2024
4218905-000,2024,SC,Urubici,4218905,ABREE,PEV fixo,Ativo,23/01/2020
3304557-116,2024,RJ,RIO DE JANEIRO,3304557,ABREE,PEV fixo,Ativo,13/01/2022
3304557-187,2024,RJ,Rio de Janeiro,3304557,ABREE,PEV fixo,Ativo,27/01/2023
3304144-000,2024,RJ,QUEIMADOS,3304144,Sistema individual,Campanha itinerante,Ativo,02/01/2020
2800100-000,2024,SE,Amparo de São Francisco,2800100,ABREE,PEV fixo,Ativo,04/06/2019
4207577-000,2024,SC,Iomerê,4207577,ABREE,Ponto de consolidação,Ativo,02/09/2024
2927408-080,2024,BA,SALVADOR,2927408,Green Eletron,PEV fixo,Ativo,02/03/2021
2913705-000,2024,BA,INHAMBUPE,2913705,ABREE,PEV fixo,Ativo,01/09/2020
5104526-000,2024,MT,Ipiranga do Norte,5104526,ABREE,PEV fixo,Ativo,15/12/2020
3144409-000,2024,MG,NATÉRCIA,3144409,ABREE,PEV fixo,Inativo,02/11/2023
2403103-000,2024,RN,CURRAIS NOVOS,2403103,ABREE,PEV fixo,Ativo,14/06/2020
2210003-000,2024,PI,SÃO JOÃO DO PIAUÍ,2210003,Green Eletron,PEV fixo,Ativo,20/12/2021
3304144-002,2024,RJ,Queimados,3304144,Green Eletron,PEV fixo,Ativo,28/03/2021
2106672-000,2024,MA,Milagres do Maranhão,2106672,Sistema individual,PEV fixo,Ativo,26/02/2021
3300936-000,2024,RJ,Carapebus,3300936,Green Eletron,PEV fixo,Ativo,02/01/2022
3517703-000,2024,SP,Guará,3517703,ABREE,PEV fixo,Ativo,27/07/2019
4122701-000,2024,PR,Sabáudia,4122701,Green Eletron,PEV fixo,Ativo,20/12/2019
2615102-003,2024,PE,Terezinha,2615102,ABREE,Campanha itinerante,Ativo,05/09/2020
3537404-001,2024,SP,Pereira Barreto,3537404,Green Eletron,PEV fixo,Ativo,24/10/2020
3302502-007,2024,RJ,MAGÉ,3302502,ABREE,Campanha itinerante,Ativo,19/11/2022
3152709-000,2024,MG,Prados,3152709,ABREE,PEV fixo,Ativo,06/10/2024
3302858-001,2024,RJ,Mesquita,3302858,ABREE,PEV fixo,Ativo,26/12/2021
3537404-000,2024,SP,Pereira Barreto,3537404,Sistema individual,Ponto de consolidação,Ativo,17/06/2020
2111300-073,2024,MA,São Luís,2111300,ABREE,PEV fixo,Ativo,25/09/2021
3106200-008,2024,MG,Belo Horizonte,3106200,Sistema individual,PEV fixo,Ativo,17/09/2020
2611606-070,2024,PE,Recife,2611606,ABREE,PEV fixo,Ativo,01/05/2022
3510153-000,2024,SP,Canitar,3510153,ABREE,Campanha itinerante,Ativo,03/07/2023
3550902-000,2024,SP,São Simão,3550902,Green Eletron,PEV fixo,Ativo,28/10/2023
2403806-000,2024,RN,  Florânia ,2403806,Green Eletron,Ponto de consolidação,Ativo,18/03/2021
3145455-000,2024,MG,Olhos d'Água,3145455,Green Eletron,PEV fixo,Ativo,01/11/2024
3501103-003,2024,SP,Alto Alegre,3501103,ABREE,PEV fixo,Ativo,28/10/2022
3522307-000,2024,SP,ITAPETININGA,3522307,ABREE,PEV fixo,Ativo,19/06/2023
2605806-006,2024,PE,Frei Miguelinho,2605806,ABREE,PEV fixo,Ativo,20/05/2022
3304557-035,2024,RJ,Rio de Janeiro,3304557,ABREE,PEV fixo,Ativo,27/12/2020
4205407-004,2024,SC,Florianópolis,4205407,ABREE,PEV fixo,Ativo,16/03/2019
5103502-000,2024,MT,Diamantino,5103502,Green Eletron,PEV fixo,Ativo,12/10/2019
2309904-000,2024,CE,Pacujá,2309904,Green Eletron,Ponto de consolidação,Ativo,24/11/2019
2615102-007,2024,PE,Terezinha,2615102,ABREE,PEV fixo,Ativo,10/03/2022
1505601-002,2024,PA,Peixe-Boi,1505601,Green Eletron,PEV fixo,Ativo,17/01/2022
3141801-000,2024,MG,Minas Novas,3141801,Green Eletron,PEV fixo,Ativo,26/07/2023
4205407-045,2024,SC,Florianópolis,4205407,Green Eletron,PEV fixo,Ativo,07/03/2021
1508001-002,2024,PA,Tomé-Açu,1508001,Green Eletron,PEV fixo,Ativo,17/07/2023
3550308-249,2024,SP,Sao Paulo,3550308,Green Eletron,PEV fixo,Ativo,06/03/2021
5205901-002,2024,GO,CORUMBAÍBA,5205901,ABREE,PEV fixo,Ativo,25/01/2023
3532900-022,2024,SP,NOVA EUROPA,3532900,ABREE,PEV fixo,Ativo,08/12/2022
1504059-000,2024,PA,Mãe do Rio,1504059,ABREE,PEV fixo,Ativo,19/01/2022
3550308-237,2024,SP,SÃO PAULO,3550308,Sistema individual,PEV fixo,Ativo,08/08/2021
3550308-119,2024,SP,São Paulo,3550308,ABREE,Campanha itinerante,Ativo,18/05/2020
3304557-169,2024,RJ,RIO DE JANEIRO,3304557,ABREE,PEV fixo,Ativo,03/04/2023
3541653-001,2024,SP,QUADRA,3541653,ABREE,PEV fixo,Ativo,05/01/2020
3506904-001,2024,SP,Bofete,3506904,ABREE,PEV fixo,Ativo,26/11/2021
2609402-000,2024,PE,Moreno,2609402,ABREE,PEV fixo,Ativo,19/09/2024
3305307-001,2024,RJ,São Sebastião do Alto,3305307,Green Eletron,PEV fixo,Ativo,20/10/2019
3304557-173,2024,RJ,Rio de Janeiro,3304557,Green Eletron,PEV fixo,Ativo,26/02/2023
2603207-000,2024,PE,CAETÉS,2603207,ABREE,PEV fixo,Ativo,22/04/2019
4212056-000,2024,SC,Palmeira,4212056,ABREE,Ponto de consolidação,Ativo,08/01/2020
2922805-000,2024,BA,Nova Itarana,2922805,Green Eletron,PEV fixo,Ativo,22/05/2019
3110103-000,2024,MG,Caiana,3110103,Green Eletron,PEV fixo,Ativo,13/04/2021
1501204-009,2024,PA,Baião,1501204,ABREE,PEV fixo,Ativo,17/11/2022
3532504-000,2024,SP,Neves Paulista,3532504,Green Eletron,PEV fixo,Ativo,09/10/2020
2313559-000,2024,CE,TURURU,2313559,ABREE,PEV fixo,Ativo,10/11/2022
3546702-002,2024,SP,Santa Gertrudes,3546702,ABREE,Campanha itinerante,Ativo,21/04/2024
1721000-008,2024,TO,Palmas,1721000,ABREE,Campanha itinerante,Ativo,14/06/2021
3130408-005,2024,MG,Ijaci,3130408,Green Eletron,PEV fixo,Ativo,25/10/2023
3536109-000,2024,SP,Pardinho,3536109,ABREE,PEV fixo,Ativo,05/08/2021
3526803-000,2024,SP,Lençóis Paulista,3526803,ABREE,Campanha itinerante,Ativo,01/02/2019
3141702-000,2024,MG,Mesquita,3141702,ABREE,PEV fixo,Ativo,03/05/2021
3168309-000,2024,MG,Taquaracu de Minas,3168309,ABREE,Campanha itinerante,Ativo,28/10/2019
3106200-086,2024,MG,Belo Horizonte,3106200,ABREE,PEV fixo,Ativo,11/04/2020
3302700-001,2024,RJ,Maricá,3302700,Sistema individual,Campanha itinerante,Ativo,13/08/2019
4306007-000,2024,RS,Crissiumal,4306007,Green Eletron,PEV fixo,Ativo,12/08/2019
5209705-000,2024,GO,Hidrolândia,5209705,ABREE,PEV fixo,Ativo,04/06/2022
3114550-000,2024,MG,Carneirinho,3114550,ABREE,PEV fixo,Ativo,12/11/2023
3555109-001,2024,SP,Tupi Paulista,3555109,ABREE,PEV fixo,Ativo,14/05/2020
3141108-000,2024,MG,Matozinhos,3141108,ABREE,PEV fixo,Ativo,22/09/2023
3302700-018,2024,RJ,Maricá,3302700,ABREE,PEV fixo,Ativo,08/05/2023
3550308-059,2024,SP,São Paulo,3550308,Green Eletron,PEV fixo,Ativo,01/10/2019
3106200-095,2024,MG,Belo Horizonte,3106200,Green Eletron,PEV fixo,Ativo,25/06/2021
5208707-018,2024,GO,Goiânia,5208707,ABREE,PEV fixo,Ativo,19/01/2022
4314902-024,2024,RS,Porto Alegre,4314902,ABREE,PEV fixo,Ativo,23/08/2020
4314902-167,2024,RS,PORTO ALEGRE,4314902,Green Eletron,PEV fixo,Ativo,23/11/2024
2412005-001,2024,RN,SÃO GONÇALO DO AMARANTE,2412005,Green Eletron,Campanha itinerante,Ativo,03/10/2023
3136900-000,2024,MG,  Juruaia ,3136900,ABREE,PEV fixo,Ativo,06/10/2022
1100304-001,2024,RO,Vilhena,1100304,Green Eletron,PEV fixo,Ativo,05/07/2022
2920452-001,2024,BA,Mansidão,2920452,ABREE,PEV fixo,Ativo,18/07/2024
4128633-000,2024,PR,  Doutor Ulysses ,4128633,ABREE,PEV fixo,Ativo,07/10/2022
5213087-000,2024,GO,  Minaçu ,5213087,Sistema individual,PEV fixo,Ativo,23/03/2020
2921005-000,2024,BA,Mata de São João,2921005,ABREE,Campanha itinerante,Ativo,04/09/2021
4300901-000,2024,RS,Aratiba,4300901,Sistema individual,PEV fixo,Ativo,13/04/2020
4205407-000,2024,SC,Florianópolis,4205407,ABREE,PEV fixo,Ativo,22/11/2019
2102374-000,2024,MA,Cachoeira Grande,2102374,ABREE,PEV fixo,Ativo,13/06/2019
2927408-060,2024,BA,Salvador,2927408,ABREE,PEV fixo,Ativo,21/10/2020
3304557-091,2024,RJ,Rio de Janeiro,3304557,Green Eletron,PEV fixo,Ativo,27/02/2021
4319000-000,2024,RS,São Marcos,4319000,Green Eletron,PEV fixo,Ativo,05/06/2021
2313401-000,2024,CE,Tianguá,2313401,Sistema individual,PEV fixo,Inativo,11/11/2024
4120606-000,2024,PR,  Prudentópolis ,4120606,ABREE,PEV fixo,Ativo,27/01/2022
2402808-000,2024,RN,CORONEL EZEQUIEL,2402808,ABREE,PEV fixo,Ativo,16/03/2022
3106200-299,2024,MG,Belo Horizonte,3106200,Green Eletron,PEV fixo,Ativo,06/09/2024
3555208-000,2024,SP,Turiúba,3555208,Green Eletron,PEV fixo,Ativo,20/03/2021
3528007-001,2024,SP,MACATUBA,3528007,ABREE,PEV fixo,Ativo,23/11/2022
2928109-000,2024,BA,Santa Maria da Vitória,2928109,ABREE,Ponto de consolidação,Ativo,09/11/2024
2111300-078,2024,MA,São Luís,2111300,ABREE,PEV fixo,Ativo,10/12/2022
3550308-182,2024,SP,SÃO PAULO,3550308,Green Eletron,PEV fixo,Ativo,08/03/2021
3301108-008,2024,RJ,Cantagalo,3301108,Green Eletron,PEV fixo,Ativo,05/12/2020
2302107-006,2024,CE,Baturité,2302107,Green Eletron,Ponto de consolidação,Ativo,01/01/2022
2302107-002,2024,CE,Baturité,2302107,ABREE,PEV fixo,Ativo,18/01/2020
3550308-191,2024,SP,São Paulo,3550308,ABREE,PEV fixo,Ativo,02/01/2021
4304663-000,2024,RS,Capão do Leão,4304663,ABREE,Campanha itinerante,Ativo,13/08/2022
3514403-000,2024,SP,  Dracena ,3514403,ABREE,PEV fixo,Ativo,16/07/2019
5203807-000,2024,GO,Britânia,5203807,Green Eletron,PEV fixo,Ativo,28/01/2024
2101350-000,2024,MA,BACURITUBA,2101350,ABREE,Ponto de consolidação,Ativo,01/03/2024
3546603-001,2024,SP,SANTA FÉ DO SUL,3546603,ABREE,PEV fixo,Ativo,25/12/2021
2202703-000,2024,PI,Cocal,2202703,ABREE,PEV fixo,Ativo,11/08/2019
1501402-033,2024,PA,Belém,1501402,ABREE,Ponto de consolidação,Ativo,20/06/2024
2304400-002,2024,CE,FORTALEZA,2304400,ABREE,PEV fixo,Ativo,16/08/2019
3549904-001,2024,SP,Sao Jose dos Campos,3549904,ABREE,PEV fixo,Ativo,01/02/2020
1100205-010,2024,RO,Porto Velho,1100205,ABREE,PEV fixo,Ativo,19/06/2023
3305752-005,2024,RJ,Tangua,3305752,ABREE,PEV fixo,Ativo,15/03/2021
4211892-000,2024,SC,Painel,4211892,ABREE,PEV fixo,Ativo,05/01/2019
2304400-089,2024,CE,Fortaleza,2304400,ABREE,PEV fixo,Ativo,17/08/2022
2304459-000,2024,CE,FORTIM,2304459,ABREE,Ponto de consolidação,Ativo,22/05/2023
3550308-159,2024,SP,São Paulo,3550308,ABREE,PEV fixo,Ativo,03/08/2020
1302553-001,2024,AM,Manaquiri,1302553,ABREE,PEV fixo,Ativo,23/01/2022
3157377-000,2024,MG,SANTA CRUZ DE SALINAS,3157377,Green Eletron,PEV fixo,Ativo,25/09/2020
3501608-001,2024,SP,AMERICANA,3501608,ABREE,PEV fixo,Ativo,26/06/2022
4314902-068,2024,RS,  Porto Alegre ,4314902,Green Eletron,Campanha itinerante,Ativo,08/03/2021
3525201-003,2024,SP,Jarinu,3525201,Green Eletron,PEV fixo,Ativo,15/06/2020
3305752-003,2024,RJ,Tanguá,3305752,Sistema individual,PEV fixo,Ativo,22/02/2021
2903508-001,2024,BA,BELO CAMPO,2903508,ABREE,Campanha itinerante,Ativo,17/06/2020
2207108-000,2024,PI,OLHO D'ÁGUA DO PIAUÍ,2207108,Green Eletron,PEV fixo,Ativo,15/12/2023
3301108-030,2024,RJ,Cantagalo,3301108,ABREE,PEV fixo,Ativo,14/10/2024
4318408-000,2024,RS,São Jerônimo,4318408,ABREE,PEV fixo,Ativo,02/01/2021
2111300-066,2024,MA,SÃO LUÍS,2111300,Sistema individual,PEV fixo,Ativo,28/05/2021
3524006-001,2024,SP,Itupeva,3524006,ABREE,Campanha itinerante,Ativo,12/01/2024
3106200-114,2024,MG,BELO HORIZONTE,3106200,ABREE,PEV fixo,Ativo,06/01/2021
3160207-000,2024,MG,SANTO ANTÔNIO DO ITAMBÉ,3160207,ABREE,PEV fixo,Ativo,24/09/2019
3550308-347,2024,SP,São Paulo,3550308,Green Eletron,PEV fixo,Ativo,06/03/2023
3302700-010,2024,RJ,Marica,3302700,ABREE,PEV fixo,Ativo,01/12/2021
3508306-000,2024,SP,Cabrália Paulista,3508306,Green Eletron,PEV fixo,Inativo,20/10/2020
2300606-004,2024,CE,  Altaneira ,2300606,Green Eletron,PEV fixo,Ativo,10/10/2024
1100205-005,2024,RO,Porto Velho,1100205,ABREE,Ponto de consolidação,Ativo,19/02/2021
3556503-000,2024,SP,Varzea Paulista,3556503,ABREE,PEV fixo,Ativo,16/01/2019
3533601-000,2024,SP,Nuporanga,3533601,Green Eletron,PEV fixo,Ativo,28/10/2021
3508306-001,2024,SP,Cabrália Paulista,3508306,ABREE,PEV fixo,Ativo,26/08/2020
4103909-000,2024,PR,Campina da Lagoa,,ABREE,PEV fixo,Ativo,10/01/2020
2506301-000,2024,PB,Guarabira,2506301,ABREE,Campanha itinerante,Ativo,28/07/2024
3106200-010,2024,MG,Belo Horizonte,3106200,ABREE,PEV fixo,Ativo,14/11/2020
4106902-014,2024,PR,CURITIBA,4106902,ABREE,PEV fixo,Ativo,25/11/2020
3522901-000,2024,SP,Itapui,3522901,Green Eletron,Ponto de consolidação,Ativo,21/05/2021
2930154-000,2024,BA,Serra do Ramalho,2930154,ABREE,PEV fixo,Ativo,22/03/2019
1503705-000,2024,PA,ITUPIRANGA,1503705,ABREE,Ponto de consolidação,Ativo,12/01/2024
4106902-055,2024,PR,Curitiba,4106902,ABREE,PEV fixo,Ativo,17/06/2022
4209458-000,2024,SC,LAJEADO GRANDE,4209458,Green Eletron,PEV fixo,Ativo,03/07/2021
3106200-223,2024,MG,Belo Horizonte,3106200,Green Eletron,PEV fixo,Ativo,17/05/2023
2927408-122,2024,BA,Salvador,2927408,ABREE,PEV fixo,Ativo,18/01/2022
3167103-000,2024,MG,SERRO,3167103,Sistema individual,PEV fixo,Ativo,21/11/2019
4314902-091,2024,RS,Porto Alegre,4314902,ABREE,Campanha itinerante,Ativo,23/09/2022
2111300-093,2024,MA,SÃO LUÍS,2111300,Green Eletron,PEV fixo,Ativo,17/05/2022
3169307-002,2024,MG,Três Corações,3169307,ABREE,PEV fixo,Ativo,25/04/2021
1200401-002,2024,AC,Rio Branco,1200401,Green Eletron,PEV fixo,Ativo,21/07/2020
2201572-000,2024,PI,Belem do Piaui,2201572,ABREE,PEV fixo,Ativo,27/07/2021
4218707-000,2024,SC,Tubarão,4218707,Green Eletron,Campanha itinerante,Ativo,02/11/2020
4305371-000,2024,RS,Charrua,4305371,Green Eletron,PEV fixo,Ativo,07/08/2019
3155603-001,2024,MG,Rio Pardo de Minas,3155603,Green Eletron,PEV fixo,Ativo,12/09/2022
4210035-000,2024,SC,Luzerna,4210035,ABREE,PEV fixo,Ativo,09/07/2024
5108956-003,2024,MT,Nova Monte Verde,5108956,Green Eletron,PEV fixo,Ativo,18/04/2021
2102374-001,2024,MA,CACHOEIRA GRANDE,2102374,ABREE,PEV fixo,Ativo,21/09/2022
4124103-000,2024,PR,SANTO ANTÔNIO DA PLATINA,4124103,Green Eletron,PEV fixo,Ativo,09/02/2019
3106200-182,2024,MG,BELO HORIZONTE,3106200,ABREE,PEV fixo,Ativo,28/07/2022
2104099-000,2024,MA,Formosa da Serra Negra,2104099,ABREE,Ponto de consolidação,Ativo,21/08/2023
2304400-013,2024,CE,FORTALEZA,2304400,Green Eletron,PEV fixo,Ativo,26/11/2019
3546504-000,2024,SP,Santa Ernestina,3546504,Green Eletron,PEV fixo,Ativo,11/07/2021
4117701-000,2024,PR,PALMEIRA,4117701,ABREE,PEV fixo,Ativo,25/01/2021
2304400-016,2024,CE,Fortaleza,2304400,Green Eletron,PEV fixo,Ativo,08/09/2019
2908606-000,2024,BA,Conde,2908606,ABREE,PEV fixo,Ativo,24/08/2023
1505403-000,2024,PA,Ourem,1505403,Green Eletron,PEV fixo,Ativo,28/01/2021
1505650-000,2024,PA,PLACAS,1505650,Green Eletron,PEV fixo,Ativo,12/10/2020
2105708-000,2024,MA,Lago da Pedra,2105708,Green Eletron,PEV fixo,Ativo,04/09/2019
5106372-000,2024,MT,  Pedra Preta ,5106372,Sistema individual,PEV fixo,Ativo,03/08/2023
3529708-002,2024,SP,Miguelópolis,3529708,ABREE,PEV fixo,Ativo,18/04/2022
2611606-034,2024,PE,RECIFE,2611606,Green Eletron,PEV fixo,Ativo,11/01/2021
5208707-023,2024,GO,Goiania,5208707,ABREE,PEV fixo,Ativo,25/01/2023
1302009-000,2024,AM,Itapiranga,1302009,ABREE,Ponto de consolidação,Ativo,02/12/2023
2603926-000,2024,PE,Carnaubeira da Penha,2603926,Sistema individual,Ponto de consolidação,Ativo,14/10/2021
3508306-006,2024,SP,CABRÁLIA PAULISTA,3508306,Green Eletron,PEV fixo,Ativo,14/01/2022
1506500-000,2024,PA,Santa Izabel do Pará,1506500,ABREE,PEV fixo,Ativo,15/08/2019
2911659-000,2024,BA,GUAJERU,2911659,Green Eletron,PEV fixo,Ativo,07/05/2020
2211001-024,2024,PI,Teresina,2211001,Green Eletron,PEV fixo,Ativo,07/06/2023
3522901-004,2024,SP,ITAPUÍ,3522901,ABREE,PEV fixo,Ativo,04/04/2024
5208707-000,2024,GO,Goiânia,5208707,Green Eletron,PEV fixo,Ativo,08/05/2019
3547403-002,2024,SP,SANTA RITA D'OESTE,3547403,Green Eletron,PEV fixo,Ativo,08/05/2024
3302502-003,2024,RJ,  Magé ,3302502,ABREE,PEV fixo,Ativo,18/03/2021
2609006-000,2024,PE,  Macaparana ,2609006,Green Eletron,PEV fixo,Ativo,12/03/2019
4205506-000,2024,SC,Fraiburgo,4205506,Green Eletron,PEV fixo,Ativo,19/12/2020
4314902-173,2024,RS,Porto Alegre,4314902,Green Eletron,PEV fixo,Ativo,28/03/2024
3164803-000,2024,MG,São Sebastião do Rio Preto,3164803,ABREE,PEV fixo,Ativo,16/04/2021
5300108-078,2024,DF,Brasilia,5300108,Green Eletron,PEV fixo,Ativo,03/09/2022
3166402-000,2024,MG,Seritinga,3166402,Green Eletron,PEV fixo,Ativo,02/08/2024
3550308-060,2024,SP,São Paulo,3550308,Green Eletron,PEV fixo,Ativo,09/02/2019
2414803-001,2024,RN,VERA CRUZ,2414803,ABREE,PEV fixo,Ativo,14/10/2023
3304557-185,2024,RJ,Rio de Janeiro,3304557,ABREE,PEV fixo,Ativo,08/06/2023
4318051-000,2024,RS,São Domingos do Sul,4318051,ABREE,PEV fixo,Ativo,11/01/2020
2927408-094,2024,BA,Salvador,2927408,Green Eletron,PEV fixo,Ativo,23/01/2021
3154507-000,2024,MG,Riacho dos Machados,3154507,Green Eletron,PEV fixo,Ativo,04/10/2022
3528007-002,2024,SP,Macatuba,3528007,ABREE,PEV fixo,Ativo,09/04/2023
2927408-042,2024,BA,SALVADOR,2927408,ABREE,PEV fixo,Ativo,24/03/2019
5300108-100,2024,DF,Brasília,5300108,Sistema individual,PEV fixo,Ativo,20/07/2023
3305406-001,2024,RJ,Sapucaia,3305406,Green Eletron,PEV fixo,Ativo,26/07/2019
3556305-000,2024,SP,VALPARAÍSO,3556305,ABREE,PEV fixo,Ativo,04/07/2023
5300108-074,2024,DF,Brasilia,5300108,ABREE,PEV fixo,Ativo,25/04/2022
2304400-081,2024,CE,  Fortaleza ,2304400,ABREE,PEV fixo,Ativo,18/04/2022
4300638-000,2024,RS,AMARAL FERRADOR,4300638,Sistema individual,PEV fixo,Ativo,15/03/2022
2211605-001,2024,PI,Vila Nova do Piauí,2211605,Green Eletron,PEV fixo,Ativo,14/08/2023
3169406-000,2024,MG,TRÊS PONTAS,3169406,Green Eletron,Ponto de consolidação,Ativo,20/07/2021
5105176-000,2024,MT,Juruena,5105176,ABREE,PEV fixo,Ativo,01/08/2024
4115457-005,2024,PR,Marquinho,4115457,Green Eletron,PEV fixo,Ativo,08/12/2021
3550308-054,2024,SP,  São Paulo ,3550308,ABREE,PEV fixo,Ativo,07/11/2019
3550308-036,2024,SP,São Paulo,3550308,Sistema individual,PEV fixo,Ativo,19/06/2019
4128104-000,2024,PR,Umuarama,4128104,ABREE,PEV fixo,Ativo,12/04/2021
2301406-000,2024,CE,Aratuba,2301406,Green Eletron,Ponto de consolidação,Ativo,26/06/2021
2208106-000,2024,PI,PIMENTEIRAS,2208106,Green Eletron,Campanha itinerante,Ativo,05/03/2022
3550308-053,2024,SP,São Paulo,3550308,ABREE,PEV fixo,Ativo,21/09/2019
4106902-002,2024,PR,Curitiba,4106902,ABREE,PEV fixo,Ativo,23/07/2020
4323457-000,2024,RS,Vila Nova do Sul,4323457,Green Eletron,PEV fixo,Ativo,24/07/2020
3300308-009,2024,RJ,Barra do Piraí,3300308,Green Eletron,Campanha itinerante,Ativo,27/05/2022
3550308-225,2024,SP,São Paulo,3550308,ABREE,PEV fixo,Ativo,21/02/2021
2111300-043,2024,MA,Sao Luis,2111300,ABREE,PEV fixo,Ativo,17/02/2020
3518107-000,2024,SP,Guarantã,3518107,Sistema individual,Ponto de consolidação,Ativo,09/05/2024
2105906-000,2024,MA,LAGO VERDE,2105906,ABREE,PEV fixo,Ativo,16/02/2021
3303302-002,2024,RJ,  Niterói ,3303302,Green Eletron,Campanha itinerante,Ativo,01/01/2020
3555703-000,2024,SP,União Paulista,3555703,Green Eletron,PEV fixo,Ativo,15/02/2023
3550308-087,2024,SP,  São Paulo ,3550308,ABREE,PEV fixo,Ativo,14/07/2019
4318051-001,2024,RS,São Domingos do Sul,4318051,ABREE,PEV fixo,Ativo,07/12/2023
3304557-108,2024,RJ,RIO DE JANEIRO,3304557,ABREE,PEV fixo,Ativo,11/12/2021
3550308-273,2024,SP,São Paulo,3550308,Sistema individual,PEV fixo,Ativo,19/06/2022
3532504-004,2024,SP,Neves Paulista,3532504,ABREE,PEV fixo,Ativo,28/11/2021
3550308-311,2024,SP,SÃO PAULO,3550308,ABREE,PEV fixo,Ativo,25/11/2022
4106902-056,2024,PR,Curitiba,4106902,Sistema individual,PEV fixo,Ativo,03/02/2022
5221197-001,2024,GO,TEREZÓPOLIS DE GOIÁS,5221197,ABREE,PEV fixo,Ativo,17/05/2023
4201307-002,2024,SC,Araquari,4201307,ABREE,PEV fixo,Ativo,02/03/2021
1600303-000,2024,AP,Macapá,1600303,Green Eletron,PEV fixo,Ativo,04/01/2020
2933257-000,2024,BA,Vereda,2933257,ABREE,Ponto de consolidação,Ativo,27/04/2019
3132701-000,2024,MG,ITAMBACURI,3132701,ABREE,PEV fixo,Ativo,28/01/2023
3532009-003,2024,SP,Morungaba,3532009,Green Eletron,PEV fixo,Ativo,17/02/2019
2920502-000,2024,BA,Maracás,2920502,Green Eletron,PEV fixo,Ativo,04/11/2020
1303205-000,2024,AM,Novo Airão,1303205,ABREE,PEV fixo,Ativo,11/02/2020
4108320-000,2024,PR,Francisco Alves,4108320,Green Eletron,PEV fixo,Ativo,07/09/2022
2605806-005,2024,PE,Frei Miguelinho,2605806,Green Eletron,PEV fixo,Ativo,16/12/2021
3507605-000,2024,SP,Bragança Paulista,3507605,Sistema individual,PEV fixo,Ativo,20/01/2022
1501782-000,2024,PA,  Breu Branco ,1501782,Green Eletron,PEV fixo,Ativo,18/04/2019
2208205-000,2024,PI,Pio IX,2208205,ABREE,PEV fixo,Ativo,06/10/2022
4315305-000,2024,RS,Quaraí,4315305,ABREE,Campanha itinerante,Ativo,20/08/2023
2918704-000,2024,BA,Lafaiete Coutinho,2918704,Green Eletron,PEV fixo,Ativo,07/04/2019
2305266-000,2024,CE,Ibaretama,2305266,ABREE,PEV fixo,Ativo,04/11/2021
4200408-001,2024,SC,ÁGUA DOCE,4200408,Green Eletron,PEV fixo,Ativo,12/01/2023
3106200-140,2024,MG,Belo Horizonte,3106200,Sistema individual,PEV fixo,Ativo,27/03/2021
2513000-003,2024,PB,Salgadinho,2513000,ABREE,PEV fixo,Ativo,18/12/2024
4205407-048,2024,SC,Florianópolis,4205407,Sistema individual,Ponto de consolidação,Ativo,23/06/2021
2927408-017,2024,BA,SALVADOR,2927408,ABREE,PEV fixo,Ativo,28/02/2019
2800308-019,2024,SE,Aracaju,2800308,Green Eletron,PEV fixo,Ativo,10/10/2022
4314803-000,2024,RS,Portão,4314803,Green Eletron,PEV fixo,Ativo,20/02/2021
3544004-000,2024,SP,Rio das Pedras,3544004,Green Eletron,PEV fixo,Ativo,15/05/2020
2304400-075,2024,CE,  Fortaleza ,2304400,Green Eletron,PEV fixo,Ativo,20/12/2022
3305307-004,2024,RJ,São Sebastião do Alto,3305307,Green Eletron,PEV fixo,Ativo,07/12/2019
4127957-000,2024,PR,TUPÃSSI,4127957,ABREE,Campanha itinerante,Ativo,20/07/2019
4106902-082,2024,PR,CURITIBA,4106902,Green Eletron,PEV fixo,Ativo,23/07/2023
2604155-000,2024,PE,  Casinhas ,2604155,ABREE,PEV fixo,Ativo,14/10/2021
3126901-001,2024,MG,Frei Inocêncio,3126901,Sistema individual,PEV fixo,Ativo,15/12/2022
2111300-082,2024,MA,São Luís,2111300,ABREE,Campanha itinerante,Ativo,25/09/2022
3550308-344,2024,SP,  São Paulo ,3550308,Green Eletron,PEV fixo,Ativo,28/10/2023
3304557-196,2024,RJ,Rio de Janeiro,3304557,Green Eletron,PEV fixo,Ativo,02/04/2023
3555000-000,2024,SP,Tupa,3555000,ABREE,PEV fixo,Ativo,11/10/2023
3551405-000,2024,SP,Serra Azul,3551405,Green Eletron,PEV fixo,Ativo,14/06/2022
3502606-002,2024,SP,Aparecida d'Oeste,3502606,ABREE,PEV fixo,Ativo,14/09/2023
5106190-000,2024,MT,Nova Santa Helena,5106190,Green Eletron,PEV fixo,Ativo,15/03/2019
3137809-000,2024,MG,LAMBARI,3137809,ABREE,PEV fixo,Ativo,12/04/2019
3304557-128,2024,RJ,Rio de Janeiro,3304557,ABREE,PEV fixo,Ativo,02/08/2022
2503902-000,2024,PB,Camalaú,2503902,Green Eletron,Ponto de consolidação,Ativo,21/06/2020
4211652-000,2024,SC,Novo Horizonte,4211652,Green Eletron,PEV fixo,Ativo,06/04/2019
2300705-008,2024,CE,Alto Santo,2300705,Green Eletron,PEV fixo,Ativo,16/01/2022
4213807-001,2024,SC,  Praia Grande ,4213807,ABREE,PEV fixo,Ativo,28/01/2024
2505808-001,2024,PB,DUAS ESTRADAS,2505808,ABREE,PEV fixo,Ativo,26/10/2022
3132206-000,2024,MG,Itaguara,3132206,Green Eletron,PEV fixo,Ativo,23/02/2019
4302709-000,2024,RS,Butiá,4302709,ABREE,PEV fixo,Ativo,22/07/2021
4205407-005,2024,SC,FLORIANÓPOLIS,4205407,ABREE,PEV fixo,Ativo,11/08/2019
5205901-000,2024,GO,Corumbaíba,5205901,ABREE,Ponto de consolidação,Ativo,01/02/2020
3501103-006,2024,SP,Alto Alegre,3501103,ABREE,PEV fixo,Ativo,16/06/2024
3160108-001,2024,MG,Santo Antonio do Grama,3160108,Green Eletron,PEV fixo,Ativo,04/03/2022
3137908-000,2024,MG,  Lamim ,3137908,Sistema individual,PEV fixo,Ativo,26/06/2024
2111300-064,2024,MA,SÃO LUÍS,2111300,Green Eletron,PEV fixo,Ativo,24/01/2021
3304557-074,2024,RJ,Rio de Janeiro,3304557,ABREE,Ponto de consolidação,Ativo,09/03/2021
1100098-000,2024,RO,Espigao D'Oeste,1100098,Green Eletron,PEV fixo,Ativo,20/02/2020
2611606-039,2024,PE,RECIFE,2611606,ABREE,Ponto de consolidação,Ativo,17/05/2021
3304557-175,2024,RJ,Rio de Janeiro,3304557,ABREE,PEV fixo,Ativo,28/05/2023
3515301-000,2024,SP,Estrela do Norte,3515301,Green Eletron,Ponto de consolidação,Ativo,06/08/2023
2807006-000,2024,SE,Sao Miguel do Aleixo,2807006,Green Eletron,PEV fixo,Ativo,23/12/2023
3517703-003,2024,SP,Guara,3517703,Green Eletron,PEV fixo,Ativo,27/01/2022
2927408-023,2024,BA,Salvador,2927408,ABREE,PEV fixo,Ativo,27/03/2019
3205309-017,2024,ES,  Vitória ,3205309,Green Eletron,Ponto de consolidação,Ativo,19/07/2022
1304260-004,2024,AM,Uarini,1304260,ABREE,Ponto de consolidação,Ativo,23/05/2023
5217104-000,2024,GO,Piracanjuba,5217104,Green Eletron,PEV fixo,Ativo,09/08/2021
4314027-000,2024,RS,  Paraíso do Sul ,4314027,Green Eletron,PEV fixo,Ativo,02/05/2020
4203154-000,2024,SC,Calmon,4203154,ABREE,Campanha itinerante,Ativo,21/09/2024
3302403-008,2024,RJ,  Macaé ,3302403,ABREE,PEV fixo,Ativo,11/08/2021
2605806-003,2024,PE,FREI MIGUELINHO,2605806,ABREE,PEV fixo,Ativo,01/08/2020
3530102-004,2024,SP,Mirandópolis,3530102,Green Eletron,PEV fixo,Ativo,05/12/2022
3202652-000,2024,ES,Irupi,3202652,Green Eletron,PEV fixo,Ativo,23/01/2022
3528007-004,2024,SP,Macatuba,3528007,Green Eletron,PEV fixo,Ativo,21/05/2024
2611606-095,2024,PE,Recife,2611606,ABREE,PEV fixo,Ativo,25/12/2024
3550308-015,2024,SP,São Paulo,3550308,ABREE,PEV fixo,Ativo,12/08/2019
2601508-001,2024,PE,BELÉM DE MARIA,2601508,ABREE,PEV fixo,Ativo,03/11/2023
2927408-135,2024,BA,Salvador,2927408,ABREE,PEV fixo,Ativo,13/07/2023
2914703-000,2024,BA,Itaberaba,2914703,Green Eletron,PEV fixo,Ativo,22/07/2022
2611606-024,2024,PE,Recife,2611606,ABREE,PEV fixo,Ativo,26/06/2020
2611606-042,2024,PE,Recife,,ABREE,PEV fixo,Ativo,10/01/2021
5208301-000,2024,GO,Divinopolis de Goias,5208301,Green Eletron,PEV fixo,Ativo,05/10/2020
3201902-003,2024,ES,  Domingos Martins ,3201902,Green Eletron,PEV fixo,Ativo,14/07/2024
2205557-000,2024,PI,  Lagoa Alegre ,2205557,Green Eletron,PEV fixo,Ativo,02/01/2022
5101407-000,2024,MT,Aripuana,5101407,ABREE,PEV fixo,Ativo,27/12/2024
4100301-000,2024,PR,Agudos do Sul,4100301,Green Eletron,Ponto de consolidação,Ativo,26/10/2024
3304508-010,2024,RJ,Rio das Flores,3304508,ABREE,PEV fixo,Ativo,05/10/2022
4205407-010,2024,SC,Florianópolis,4205407,ABREE,PEV fixo,Ativo,20/04/2019
3532504-007,2024,SP,Neves Paulista,3532504,Green Eletron,PEV fixo,Ativo,22/01/2023
2611606-018,2024,PE,Recife,2611606,Green Eletron,PEV fixo,Ativo,03/04/2020
2301604-003,2024,CE,Assare,2301604,Green Eletron,PEV fixo,Ativo,07/12/2021
2304400-027,2024,CE,Fortaleza,2304400,ABREE,PEV fixo,Ativo,13/02/2019
3550308-002,2024,SP,São Paulo,3550308,Green Eletron,PEV fixo,Ativo,04/05/2019
2925600-000,2024,BA,Presidente Dutra,2925600,Green Eletron,PEV fixo,Ativo,28/12/2024
4119707-000,2024,PR,Planaltina do Paraná,4119707,ABREE,PEV fixo,Ativo,23/02/2019
5106703-000,2024,MT,Ponte Branca,5106703,ABREE,PEV fixo,Ativo,27/01/2022
4314902-164,2024,RS,Porto Alegre,4314902,ABREE,PEV fixo,Ativo,25/12/2024
2201002-000,2024,PI,Arraial,2201002,ABREE,Campanha itinerante,Ativo,14/07/2024
2611606-001,2024,PE,Recife,,ABREE,PEV fixo,Ativo,06/06/2020
4107157-000,2024,PR,Diamante D'Oeste,4107157,ABREE,PEV fixo,Ativo,24/06/2019
3106200-045,2024,MG,BELO HORIZONTE,3106200,Green Eletron,PEV fixo,Ativo,08/06/2020
4319109-000,2024,RS,Sao Martinho,4319109,ABREE,PEV fixo,Ativo,24/09/2019
2111300-100,2024,MA,Sao Luis,2111300,Green Eletron,PEV fixo,Ativo,25/02/2023
2103406-002,2024,MA,Coelho Neto,2103406,ABREE,PEV fixo,Ativo,24/03/2024
2611606-100,2024,PE,Recife,2611606,ABREE,PEV fixo,Ativo,12/01/2024
2406601-000,2024,RN,LAGOA SALGADA,2406601,ABREE,PEV fixo,Ativo,04/10/2022
3109501-002,2024,MG,Cabo Verde,3109501,Green Eletron,PEV fixo,Ativo,27/05/2024
3511706-000,2024,SP,Charqueada,3511706,ABREE,PEV fixo,Ativo,10/02/2021
3101631-000,2024,MG,ALFREDO VASCONCELOS,3101631,ABREE,PEV fixo,Ativo,27/07/2019
2905909-000,2024,BA,Campo Alegre de Lourdes,2905909,Green Eletron,Ponto de consolidação,Ativo,04/02/2020
2301208-000,2024,CE,Aracoiaba,2301208,Green Eletron,PEV fixo,Ativo,01/10/2023
5300108-099,2024,DF,Brasília,5300108,ABREE,PEV fixo,Ativo,02/04/2023
3512902-000,2024,SP,Cosmorama,3512902,Green Eletron,PEV fixo,Ativo,07/08/2021
1301951-005,2024,AM,Itamarati,1301951,Green Eletron,PEV fixo,Ativo,03/03/2023
5200050-000,2024,GO,Abadia de Goias,5200050,ABREE,PEV fixo,Ativo,09/02/2023
2514651-000,2024,PB,São José do Brejo do Cruz,2514651,ABREE,Campanha itinerante,Ativo,19/03/2019
1304005-002,2024,AM,SILVES,1304005,Green Eletron,Ponto de consolidação,Ativo,17/07/2021
2927408-043,2024,BA,Salvador,2927408,Sistema individual,Ponto de consolidação,Ativo,10/07/2019
2112001-000,2024,MA,TASSO FRAGOSO,2112001,ABREE,PEV fixo,Ativo,04/11/2022
3550308-290,2024,SP,  São Paulo ,3550308,Green Eletron,PEV fixo,Ativo,01/07/2022
2111300-090,2024,MA,São Luís,2111300,Green Eletron,PEV fixo,Ativo,15/01/2022
4205407-001,2024,SC,Florianopolis,4205407,Green Eletron,Campanha itinerante,Ativo,24/03/2019
2611606-069,2024,PE,RECIFE,2611606,ABREE,PEV fixo,Ativo,27/03/2022
5107305-000,2024,MT,SÃO JOSÉ DO RIO CLARO,,ABREE,Campanha itinerante,Ativo,15/02/2020
3106200-031,2024,MG,Belo Horizonte,3106200,Green Eletron,PEV fixo,Ativo,10/06/2020
3304557-080,2024,RJ,RIO DE JANEIRO,3304557,Green Eletron,Ponto de consolidação,Ativo,12/06/2021
2921302-000,2024,BA,Milagres,2921302,ABREE,PEV fixo,Ativo,04/02/2022
3527801-002,2024,SP,Lupércio,3527801,Green Eletron,PEV fixo,Ativo,09/06/2021
3544251-003,2024,SP,Rosana,3544251,ABREE,Campanha itinerante,Ativo,13/09/2024
4106902-016,2024,PR,Curitiba,4106902,ABREE,Campanha itinerante,Ativo,23/04/2020
3544103-001,2024,SP,RIO GRANDE DA SERRA,3544103,Green Eletron,PEV fixo,Ativo,05/01/2022
3124609-000,2024,MG,Estrela Dalva,3124609,ABREE,PEV fixo,Ativo,27/12/2021
2709202-000,2024,AL,Traipu,2709202,ABREE,PEV fixo,Ativo,11/04/2023
4315206-000,2024,RS,Putinga,4315206,ABREE,Campanha itinerante,Ativo,15/12/2019
2602902-003,2024,PE,Cabo de Santo Agostinho,2602902,Green Eletron,Ponto de consolidação,Ativo,07/02/2020
3521804-000,2024,SP,Itaí,3521804,ABREE,PEV fixo,Ativo,18/04/2021
4200507-000,2024,SC,Águas de Chapecó,4200507,ABREE,PEV fixo,Ativo,27/03/2019
2903102-000,2024,BA,Barra do Rocha,2903102,ABREE,PEV fixo,Ativo,27/05/2020
5211503-000,2024,GO,Itumbiara,5211503,ABREE,PEV fixo,Ativo,07/06/2023
1300904-000,2024,AM,Canutama,1300904,ABREE,Campanha itinerante,Ativo,18/09/2020
2708709-000,2024,AL,SÃO MIGUEL DOS MILAGRES,2708709,ABREE,PEV fixo,Ativo,15/05/2021
3106200-259,2024,MG,Belo Horizonte,3106200,Green Eletron,PEV fixo,Ativo,14/01/2023
3534500-000,2024,SP,OSCAR BRESSANE,3534500,ABREE,Ponto de consolidação,Ativo,05/01/2024
4106902-071,2024,PR,Curitiba,4106902,Green Eletron,Campanha itinerante,Ativo,07/09/2023
2927408-034,2024,BA,Salvador,2927408,Sistema individual,PEV fixo,Ativo,25/05/2019
3550308-110,2024,SP,Sao Paulo,3550308,Green Eletron,PEV fixo,Ativo,24/09/2020
3106200-238,2024,MG,Belo Horizonte,3106200,Green Eletron,Campanha itinerante,Ativo,12/11/2023
3512001-005,2024,SP,  Colina ,3512001,Green Eletron,PEV fixo,Ativo,13/11/2023
3304755-003,2024,RJ,  São Francisco de Itabapoana ,3304755,Green Eletron,PEV fixo,Ativo,25/03/2024
3511003-000,2024,SP,Castilho,3511003,ABREE,Campanha itinerante,Ativo,07/04/2023
2611606-057,2024,PE,RECIFE,2611606,Green Eletron,PEV fixo,Ativo,21/03/2022
2111300-016,2024,MA,São Luís,2111300,Green Eletron,PEV fixo,Ativo,28/04/2019
3121100-000,2024,MG,DELFIM MOREIRA,3121100,ABREE,Ponto de consolidação,Ativo,04/01/2020
1101492-000,2024,RO,São Francisco do Guaporé,1101492,Green Eletron,Ponto de consolidação,Ativo,06/10/2019
4202438-000,2024,SC,Bocaina do Sul,4202438,ABREE,Ponto de consolidação,Ativo,13/07/2024
3543006-003,2024,SP,Ribeirao Branco,3543006,Green Eletron,PEV fixo,Ativo,09/05/2021
2111300-103,2024,MA,São Luís,2111300,ABREE,PEV fixo,Ativo,18/08/2023
4111258-000,2024,PR,ITAPERUÇU,4111258,Green Eletron,PEV fixo,Ativo,05/04/2019
3303302-007,2024,RJ,Niteroi,3303302,ABREE,Campanha itinerante,Ativo,26/07/2021
2922656-003,2024,BA,NORDESTINA,2922656,Green Eletron,PEV fixo,Ativo,21/10/2020
3304557-171,2024,RJ,RIO DE JANEIRO,3304557,ABREE,PEV fixo,Ativo,23/10/2023
4126504-000,2024,PR,Sertanópolis,4126504,ABREE,PEV fixo,Ativo,27/05/2023
3106200-231,2024,MG,Belo Horizonte,3106200,ABREE,PEV fixo,Ativo,13/04/2023
3550308-262,2024,SP,SÃO PAULO,3550308,ABREE,PEV fixo,Ativo,16/06/2022
3109204-000,2024,MG,Buenópolis,3109204,ABREE,PEV fixo,Ativo,15/04/2019
3106200-137,2024,MG,BELO HORIZONTE,3106200,Green Eletron,PEV fixo,Ativo,07/07/2021
5003256-001,2024,MS,Costa Rica,5003256,Green Eletron,PEV fixo,Ativo,17/10/2024
5200308-000,2024,GO,Alexânia,5200308,Green Eletron,PEV fixo,Ativo,17/06/2019
3550308-101,2024,SP,São Paulo,3550308,Green Eletron,PEV fixo,Ativo,19/07/2019
4209508-000,2024,SC,Laurentino,4209508,Green Eletron,PEV fixo,Ativo,05/07/2021
3106200-016,2024,MG,Belo Horizonte,3106200,Green Eletron,Ponto de consolidação,Ativo,26/05/2020
3106200-314,2024,MG,Belo Horizonte,3106200,ABREE,PEV fixo,Ativo,20/05/2024
3100807-000,2024,MG,AGUANIL,3100807,Green Eletron,PEV fixo,Ativo,24/11/2021
4127403-000,2024,PR,TERRA ROXA,4127403,ABREE,PEV fixo,Ativo,18/10/2022
1721000-007,2024,TO,PALMAS,1721000,ABREE,Campanha itinerante,Ativo,16/10/2021
3507407-000,2024,SP,  Borborema ,3507407,Green Eletron,PEV fixo,Ativo,17/09/2021
3513009-003,2024,SP,Cotia,3513009,Green Eletron,PEV fixo,Ativo,19/08/2019
3524402-003,2024,SP,Jacareí,3524402,ABREE,PEV fixo,Ativo,02/08/2022
3106200-122,2024,MG,Belo Horizonte,3106200,ABREE,Ponto de consolidação,Ativo,22/08/2021
4301107-000,2024,RS,ARROIO DOS RATOS,4301107,Green Eletron,Campanha itinerante,Ativo,19/02/2019
2608107-000,2024,PE,João Alfredo,2608107,Green Eletron,Campanha itinerante,Ativo,18/08/2019
3106200-230,2024,MG,Belo Horizonte,3106200,ABREE,PEV fixo,Ativo,27/08/2023
4302006-000,2024,RS,Barros Cassal,4302006,Green Eletron,PEV fixo,Ativo,04/04/2024
4310652-000,2024,RS,  Itati ,4310652,Sistema individual,PEV fixo,Ativo,10/01/2019
2807600-000,2024,SE,Umbaúba,2807600,Green Eletron,PEV fixo,Ativo,20/07/2024
3304557-135,2024,RJ,RIO DE JANEIRO,3304557,ABREE,PEV fixo,Ativo,23/02/2022
3106200-218,2024,MG,Belo Horizonte,3106200,ABREE,PEV fixo,Ativo,26/04/2022
4314902-009,2024,RS,Porto Alegre,4314902,ABREE,PEV fixo,Ativo,21/02/2020
3550308-063,2024,SP,São Paulo,3550308,Sistema individual,PEV fixo,Ativo,03/07/2019
3501152-000,2024,SP,Alumínio,3501152,ABREE,PEV fixo,Ativo,03/09/2021
4314902-093,2024,RS,PORTO ALEGRE,4314902,Green Eletron,PEV fixo,Ativo,22/11/2022
2927408-078,2024,BA,SALVADOR,2927408,ABREE,PEV fixo,Ativo,14/06/2021
2303808-000,2024,CE,Cedro,2303808,ABREE,PEV fixo,Ativo,13/11/2019
3503703-007,2024,SP,  Ariranha ,3503703,Sistema individual,PEV fixo,Ativo,06/05/2023
2504603-000,2024,PB,CONDE,2504603,Green Eletron,Campanha itinerante,Ativo,04/05/2021
1508357-001,2024,PA,VITÓRIA DO XINGU,1508357,Green Eletron,Ponto de consolidação,Ativo,20/02/2024
3123304-000,2024,MG,DORES DO TURVO,3123304,Green Eletron,PEV fixo,Ativo,09/03/2020
1501204-007,2024,PA,Baião,1501204,ABREE,PEV fixo,Ativo,20/01/2021
2409803-000,2024,RN,Pedro Velho,2409803,ABREE,Campanha itinerante,Ativo,12/11/2021
3549102-000,2024,SP,Sao Joao da Boa Vista,3549102,ABREE,PEV fixo,Ativo,22/01/2022
3550308-065,2024,SP,São Paulo,3550308,ABREE,PEV fixo,Ativo,11/04/2019
2616183-001,2024,PE,VERTENTE DO LÉRIO,2616183,ABREE,Ponto de consolidação,Ativo,01/06/2019
3106200-115,2024,MG,Belo Horizonte,3106200,Green Eletron,PEV fixo,Ativo,22/01/2021
1302603-004,2024,AM,MANAUS,1302603,ABREE,PEV fixo,Ativo,23/07/2020
2608305-000,2024,PE,Jupi,2608305,Green Eletron,PEV fixo,Ativo,06/09/2023
3550308-129,2024,SP,São Paulo,3550308,ABREE,PEV fixo,Ativo,08/02/2020
2930774-002,2024,BA,  Sobradinho ,2930774,ABREE,PEV fixo,Ativo,01/11/2024
3545803-004,2024,SP,Santa Barbara d'Oeste,3545803,ABREE,PEV fixo,Ativo,03/08/2024
2211001-021,2024,PI,Teresina,2211001,ABREE,PEV fixo,Ativo,23/01/2022
4118303-000,2024,PR,Paranapoema,4118303,Green Eletron,PEV fixo,Ativo,16/09/2023
3511508-000,2024,SP,Cerquilho,3511508,Green Eletron,PEV fixo,Ativo,07/10/2020
2202455-000,2024,PI,Capitão Gervásio Oliveira,2202455,Green Eletron,PEV fixo,Ativo,06/10/2023
1506708-000,2024,PA,Santana do Araguaia,1506708,Green Eletron,Ponto de consolidação,Ativo,15/08/2019
2926509-000,2024,BA,  Ribeira do Amparo ,2926509,Green Eletron,PEV fixo,Ativo,20/04/2023
2507101-000,2024,PB,  Itapororoca ,2507101,Sistema individual,PEV fixo,Ativo,26/05/2022
1100205-003,2024,RO,Porto Velho,1100205,Green Eletron,PEV fixo,Ativo,26/09/2020
4314902-020,2024,RS,Porto Alegre,4314902,Green Eletron,PEV fixo,Ativo,02/05/2020
2509206-000,2024,PB,  Massaranduba ,2509206,ABREE,PEV fixo,Ativo,10/10/2019
3154150-000,2024,MG,Reduto,3154150,ABREE,PEV fixo,Ativo,06/11/2022
3205309-023,2024,ES,Vitoria,3205309,ABREE,PEV fixo,Ativo,28/10/2023
5102702-000,2024,MT,CANARANA,5102702,ABREE,PEV fixo,Ativo,05/06/2022
3163805-000,2024,MG,SÃO MIGUEL DO ANTA,3163805,ABREE,PEV fixo,Ativo,19/03/2019
2209104-000,2024,PI,Santa Cruz do Piauí,2209104,ABREE,PEV fixo,Ativo,20/05/2022
2910800-000,2024,BA,Feira de Santana,2910800,Green Eletron,PEV fixo,Ativo,17/01/2019
3515657-000,2024,SP,FERNÃO,3515657,ABREE,PEV fixo,Ativo,17/07/2023
3526803-003,2024,SP,LENÇÓIS PAULISTA,3526803,Green Eletron,PEV fixo,Ativo,27/02/2020
4106803-001,2024,PR,Cruz Machado,4106803,Green Eletron,PEV fixo,Ativo,02/10/2023
3544004-001,2024,SP,Rio das Pedras,3544004,Green Eletron,PEV fixo,Ativo,24/11/2020
2909406-000,2024,BA,Cotegipe,2909406,ABREE,Campanha itinerante,Ativo,06/03/2021
2503605-000,2024,PB,Caiçara,2503605,Sistema individual,PEV fixo,Ativo,02/04/2020
3106200-305,2024,MG,Belo Horizonte,3106200,ABREE,PEV fixo,Ativo,21/11/2024
4304606-000,2024,RS,CANOAS,4304606,ABREE,PEV fixo,Ativo,18/04/2024
3532900-025,2024,SP,Nova Europa,3532900,ABREE,PEV fixo,Ativo,27/05/2023
4204806-000,2024,SC,Curitibanos,4204806,Green Eletron,PEV fixo,Ativo,18/01/2019
3152204-000,2024,MG,Porteirinha,3152204,ABREE,PEV fixo,Ativo,03/01/2020
2605152-004,2024,PE,Dormentes,2605152,ABREE,PEV fixo,Ativo,23/09/2024
2927408-079,2024,BA,Salvador,2927408,ABREE,PEV fixo,Ativo,23/07/2021
3538808-018,2024,SP,Piraju,3538808,ABREE,PEV fixo,Ativo,04/12/2021
3126000-001,2024,MG,Florestal,3126000,Green Eletron,PEV fixo,Ativo,20/03/2023
1704600-001,2024,TO,CHAPADA DE AREIA,1704600,ABREE,PEV fixo,Ativo,07/10/2024
3535705-000,2024,SP,Paraíso,,Green Eletron,PEV fixo,Ativo,10/11/2021
2107209-000,2024,MA,Nina Rodrigues,2107209,ABREE,PEV fixo,Ativo,08/05/2021
3301306-002,2024,RJ,Casimiro de Abreu,3301306,Green Eletron,PEV fixo,Ativo,12/04/2023
1508209-001,2024,PA,Vigia,1508209,Green Eletron,PEV fixo,Ativo,04/06/2019
3513009-008,2024,SP,Cotia,3513009,ABREE,PEV fixo,Ativo,14/03/2022
2611903-000,2024,PE,Rio Formoso,2611903,Sistema individual,PEV fixo,Ativo,14/12/2024
2108454-000,2024,MA,Peritoró,2108454,Green Eletron,PEV fixo,Ativo,27/12/2022
2615102-004,2024,PE,Terezinha,2615102,ABREE,PEV fixo,Ativo,16/03/2021
4205407-058,2024,SC,Florianopolis,4205407,ABREE,PEV fixo,Ativo,02/09/2021
3162922-000,2024,MG,SÃO JOAQUIM DE BICAS,3162922,ABREE,PEV fixo,Ativo,25/11/2022
2930154-001,2024,BA,SERRA DO RAMALHO,2930154,ABREE,PEV fixo,Ativo,01/10/2022
2508901-000,2024,PB,MAMANGUAPE,2508901,Sistema individual,Campanha itinerante,Ativo,09/02/2024
2927408-049,2024,BA,Salvador,2927408,Green Eletron,PEV fixo,Ativo,28/02/2020
4127304-000,2024,PR,Terra Rica,4127304,Green Eletron,Ponto de consolidação,Ativo,07/07/2023
2908903-000,2024,BA,Coração de Maria,2908903,Green Eletron,PEV fixo,Ativo,13/02/2024
2111300-003,2024,MA,São Luís,2111300,ABREE,PEV fixo,Ativo,27/08/2019
3550308-200,2024,SP,São Paulo,3550308,Green Eletron,PEV fixo,Inativo,21/08/2021
3526803-006,2024,SP,LENÇÓIS PAULISTA,3526803,Green Eletron,PEV fixo,Ativo,06/09/2022
2509206-001,2024,PB,Massaranduba,2509206,ABREE,PEV fixo,Ativo,11/03/2022
3106200-157,2024,MG,Belo Horizonte,3106200,Green Eletron,PEV fixo,Ativo,18/12/2021
1501402-008,2024,PA,Belém,1501402,Green Eletron,PEV fixo,Ativo,20/03/2020
2208403-000,2024,PI,Piripiri,2208403,Green Eletron,PEV fixo,Ativo,27/09/2022
3151503-000,2024,MG,Piumhi,3151503,ABREE,PEV fixo,Ativo,25/07/2022
5006903-000,2024,MS,Porto Murtinho,5006903,ABREE,PEV fixo,Ativo,13/05/2023
2501906-000,2024,PB,Belém,2501906,ABREE,PEV fixo,Ativo,24/11/2023
2922102-000,2024,BA,  Mundo Novo ,2922102,ABREE,PEV fixo,Ativo,01/12/2021
4106902-066,2024,PR,Curitiba,4106902,ABREE,PEV fixo,Ativo,01/04/2022
3132107-000,2024,MG,Itacarambi,3132107,ABREE,Ponto de consolidação,Inativo,19/08/2024
5106307-000,2024,MT,Paranatinga,5106307,ABREE,PEV fixo,Ativo,16/07/2024
3128709-000,2024,MG,Guaxupé,3128709,Green Eletron,PEV fixo,Ativo,15/04/2022
2927408-002,2024,BA,  Salvador ,2927408,ABREE,PEV fixo,Ativo,16/05/2019
2306306-000,2024,CE,ITAPAJÉ,2306306,Green Eletron,PEV fixo,Ativo,25/04/2024
2111300-026,2024,MA,São Luís,2111300,Green Eletron,PEV fixo,Ativo,06/12/2019
3305752-011,2024,RJ,Tanguá,3305752,Green Eletron,PEV fixo,Ativo,13/11/2024
4317905-001,2024,RS,Santo Cristo,4317905,ABREE,PEV fixo,Ativo,24/12/2021
2924603-001,2024,BA,Pindobaçu,2924603,Green Eletron,PEV fixo,Ativo,25/03/2020
2502201-000,2024,PB,Bom Jesus,2502201,ABREE,PEV fixo,Ativo,10/07/2021
5218904-000,2024,GO,Rubiataba,5218904,ABREE,PEV fixo,Ativo,20/05/2019
3202306-000,2024,ES,GUAÇUÍ,3202306,ABREE,PEV fixo,Inativo,04/12/2022
2910727-000,2024,BA,EUNÁPOLIS,2910727,ABREE,PEV fixo,Ativo,23/07/2021
3525201-014,2024,SP,Jarinu,3525201,Green Eletron,PEV fixo,Ativo,26/06/2024
3126109-000,2024,MG,Formiga,3126109,ABREE,Ponto de consolidação,Inativo,01/05/2019
3205309-013,2024,ES,  Vitória ,3205309,ABREE,PEV fixo,Ativo,11/07/2021
4106902-069,2024,PR,CURITIBA,4106902,ABREE,PEV fixo,Ativo,25/04/2023
1301001-000,2024,AM,Carauari,1301001,ABREE,PEV fixo,Ativo,10/11/2019
4210308-000,2024,SC,Major Vieira,4210308,ABREE,PEV fixo,Ativo,08/04/2020
4106902-021,2024,PR,Curitiba,4106902,ABREE,PEV fixo,Ativo,06/08/2020
2927408-076,2024,BA,Salvador,2927408,ABREE,PEV fixo,Ativo,13/01/2021
3170305-000,2024,MG,Umburatiba,3170305,Green Eletron,PEV fixo,Ativo,18/05/2019
3106200-294,2024,MG,BELO HORIZONTE,3106200,Green Eletron,PEV fixo,Ativo,02/06/2024
3539400-001,2024,SP,PIRATININGA,3539400,ABREE,PEV fixo,Ativo,07/03/2022
3302700-006,2024,RJ,Maricá,3302700,Green Eletron,PEV fixo,Ativo,22/04/2020
3106200-072,2024,MG,BELO HORIZONTE,3106200,Sistema individual,PEV fixo,Ativo,13/06/2020
3508306-009,2024,SP,Cabrália Paulista,3508306,ABREE,Campanha itinerante,Ativo,26/03/2024
4311429-000,2024,RS,LAJEADO DO BUGRE,4311429,Sistema individual,Campanha itinerante,Ativo,08/10/2019
3160900-000,2024,MG,  São Brás do Suaçuí ,3160900,ABREE,PEV fixo,Ativo,20/12/2020
3305406-002,2024,RJ,Sapucaia,3305406,ABREE,PEV fixo,Ativo,15/05/2020
3505203-005,2024,SP,BARIRI,3505203,ABREE,Campanha itinerante,Ativo,06/09/2021
3304557-101,2024,RJ,Rio de Janeiro,,ABREE,PEV fixo,Ativo,14/09/2021
3524105-000,2024,SP,Ituverava,3524105,ABREE,PEV fixo,Ativo,11/06/2021
3304557-053,2024,RJ,Rio de Janeiro,3304557,ABREE,PEV fixo,Ativo,23/06/2020
3106200-145,2024,MG,BELO HORIZONTE,3106200,ABREE,PEV fixo,Ativo,27/10/2021
4305702-000,2024,RS,Condor,4305702,Green Eletron,PEV fixo,Ativo,27/05/2023
2601003-000,2024,PE,  Angelim ,2601003,ABREE,PEV fixo,Ativo,02/12/2019
2111300-047,2024,MA,São Luís,2111300,Green Eletron,PEV fixo,Ativo,21/02/2020
3300902-003,2024,RJ,CAMBUCI,3300902,Green Eletron,PEV fixo,Ativo,08/08/2021
3304508-007,2024,RJ,Rio das Flores,3304508,ABREE,PEV fixo,Ativo,22/08/2021
2410603-000,2024,RN,RAFAEL GODEIRO,2410603,ABREE,PEV fixo,Ativo,26/01/2019
3542800-000,2024,SP,Ribeira,3542800,Sistema individual,PEV fixo,Ativo,11/05/2022
3520905-000,2024,SP,Ipaussu,3520905,ABREE,PEV fixo,Inativo,25/10/2022
3300258-004,2024,RJ,Arraial do Cabo,3300258,ABREE,PEV fixo,Ativo,06/09/2023
2301950-000,2024,CE,Barreira,2301950,ABREE,Campanha itinerante,Ativo,19/08/2020
3549250-006,2024,SP,São João de Iracema,3549250,Green Eletron,PEV fixo,Ativo,06/11/2023
2708501-000,2024,AL,São Luís do Quitunde,2708501,ABREE,Ponto de consolidação,Ativo,22/09/2020
3303708-001,2024,RJ,Paraíba do Sul,3303708,ABREE,PEV fixo,Ativo,10/06/2024
2927408-090,2024,BA,SALVADOR,2927408,ABREE,PEV fixo,Ativo,08/09/2021
3117801-000,2024,MG,Conceição dos Ouros,3117801,Sistema individual,PEV fixo,Ativo,22/05/2020
3532900-005,2024,SP,NOVA EUROPA,3532900,ABREE,Campanha itinerante,Ativo,03/04/2019
3123858-001,2024,MG,Entre Folhas,3123858,Green Eletron,PEV fixo,Ativo,17/04/2023
3150158-000,2024,MG,Piedade de Caratinga,3150158,ABREE,PEV fixo,Ativo,25/03/2019
2927408-059,2024,BA,Salvador,2927408,ABREE,PEV fixo,Ativo,23/03/2020
5004007-000,2024,MS,Glória de Dourados,5004007,ABREE,PEV fixo,Ativo,26/04/2023
2927408-026,2024,BA,Salvador,,Green Eletron,PEV fixo,Ativo,23/08/2019
3500550-000,2024,SP,Águas de Santa Bárbara,3500550,ABREE,PEV fixo,Ativo,03/12/2023
3508405-001,2024,SP,CABREÚVA,3508405,ABREE,PEV fixo,Ativo,13/07/2022
4106902-011,2024,PR,Curitiba,4106902,Green Eletron,PEV fixo,Ativo,03/05/2020
3304557-111,2024,RJ,Rio de Janeiro,3304557,ABREE,PEV fixo,Ativo,07/10/2021
2611606-041,2024,PE,Recife,2611606,ABREE,PEV fixo,Ativo,11/09/2021
2110807-000,2024,MA,São Félix de Balsas,2110807,Green Eletron,Campanha itinerante,Ativo,07/09/2019
5215009-000,2024,GO,Nova Veneza,5215009,ABREE,PEV fixo,Ativo,02/07/2023
4314902-010,2024,RS,Porto Alegre,4314902,Green Eletron,PEV fixo,Ativo,17/01/2020
2409506-000,2024,RN,PEDRA GRANDE,2409506,Green Eletron,Ponto de consolidação,Ativo,14/05/2022
5208707-022,2024,GO,GOIÂNIA,5208707,Green Eletron,PEV fixo,Ativo,26/05/2023
4205407-064,2024,SC,Florianópolis,4205407,Green Eletron,PEV fixo,Ativo,25/04/2022
4314902-086,2024,RS,PORTO ALEGRE,4314902,ABREE,PEV fixo,Ativo,02/02/2021
3106200-202,2024,MG,Belo Horizonte,3106200,ABREE,PEV fixo,Ativo,08/03/2022
2313906-001,2024,CE,Uruoca,2313906,ABREE,PEV fixo,Ativo,05/10/2024
3304508-011,2024,RJ,Rio das Flores,3304508,Sistema individual,PEV fixo,Ativo,20/02/2022
4207601-000,2024,SC,Ipira,4207601,Green Eletron,PEV fixo,Ativo,20/04/2024
3203304-000,2024,ES,MANTENÓPOLIS,3203304,ABREE,Campanha itinerante,Ativo,27/09/2022
5208707-003,2024,GO,Goiânia,5208707,Green Eletron,PEV fixo,Ativo,11/11/2019
1717909-000,2024,TO,Ponte Alta do Tocantins,1717909,ABREE,PEV fixo,Ativo,26/10/2019
3106200-189,2024,MG,Belo Horizonte,3106200,Green Eletron,Ponto de consolidação,Ativo,01/07/2022
4307831-000,2024,RS,Eugênio de Castro,4307831,ABREE,PEV fixo,Ativo,24/02/2020
3550308-341,2024,SP,SÃO PAULO,3550308,ABREE,PEV fixo,Ativo,10/09/2023
2709004-000,2024,AL,TANQUE D'ARCA,2709004,Sistema individual,PEV fixo,Ativo,04/03/2019
3113107-000,2024,MG,Caranaiba,3113107,ABREE,PEV fixo,Ativo,27/07/2023
5300108-015,2024,DF,  Brasília ,5300108,ABREE,PEV fixo,Ativo,16/11/2019
4320800-000,2024,RS,Soledade,4320800,Sistema individual,PEV fixo,Ativo,26/02/2020
3500758-000,2024,SP,Alambari,3500758,Green Eletron,Campanha itinerante,Ativo,20/07/2024
2905206-000,2024,BA,Caetité,2905206,Sistema individual,PEV fixo,Ativo,13/01/2019
3304557-002,2024,RJ,Rio de Janeiro,3304557,Green Eletron,PEV fixo,Ativo,01/04/2020
5003207-000,2024,MS,  Corumbá ,5003207,Green Eletron,Ponto de consolidação,Ativo,01/02/2023
3146107-000,2024,MG,Ouro Preto,3146107,Green Eletron,PEV fixo,Ativo,26/08/2020
2401651-000,2024,RN,BODÓ,2401651,Green Eletron,PEV fixo,Ativo,12/12/2019
3550308-328,2024,SP,São Paulo,3550308,Green Eletron,PEV fixo,Ativo,20/03/2023
4215703-000,2024,SC,Santo Amaro da Imperatriz,4215703,ABREE,Ponto de consolidação,Ativo,03/04/2019
3507100-001,2024,SP,BOM JESUS DOS PERDÕES,3507100,Green Eletron,PEV fixo,Ativo,02/09/2022
1706100-000,2024,TO,Cristalândia,1706100,Green Eletron,PEV fixo,Ativo,25/04/2022
3106200-007,2024,MG,Belo Horizonte,3106200,Green Eletron,PEV fixo,Ativo,28/05/2020
3123528-007,2024,MG,Durandé,3123528,ABREE,PEV fixo,Ativo,11/12/2023
3106200-054,2024,MG,Belo Horizonte,3106200,ABREE,PEV fixo,Ativo,23/04/2020
3300506-000,2024,RJ,Bom Jardim,3300506,ABREE,Campanha itinerante,Ativo,06/05/2022
3106200-053,2024,MG,Belo Horizonte,3106200,Green Eletron,PEV fixo,Ativo,27/02/2020
3301108-018,2024,RJ,Cantagalo,3301108,ABREE,PEV fixo,Ativo,06/01/2022
4205407-084,2024,SC,Florianopolis,4205407,Sistema individual,PEV fixo,Ativo,04/07/2023
4312807-000,2024,RS,Nova Araçá,4312807,ABREE,Ponto de consolidação,Ativo,26/02/2020
2928901-000,2024,BA,São Desidério,2928901,ABREE,PEV fixo,Ativo,16/08/2020
3519600-000,2024,SP,Ibitinga,3519600,ABREE,PEV fixo,Ativo,25/07/2024
2611606-021,2024,PE,Recife,2611606,ABREE,PEV fixo,Ativo,28/05/2020
5218052-002,2024,GO,Porteirao,5218052,Green Eletron,PEV fixo,Ativo,14/10/2021
1100601-000,2024,RO,Cacaulândia,,ABREE,PEV fixo,Ativo,04/12/2021
3304557-178,2024,RJ,Rio de Janeiro,3304557,Green Eletron,PEV fixo,Ativo,01/05/2023
1300029-008,2024,AM,Alvarães,1300029,Green Eletron,PEV fixo,Ativo,27/06/2023
2107803-000,2024,MA,Parnarama,2107803,Green Eletron,PEV fixo,Ativo,03/05/2021
2310803-000,2024,CE,Pereiro,2310803,Sistema individual,PEV fixo,Ativo,07/06/2019
4205175-001,2024,SC,ENTRE RIOS,4205175,ABREE,Campanha itinerante,Ativo,23/07/2024
3304557-062,2024,RJ,Rio de Janeiro,3304557,ABREE,PEV fixo,Ativo,13/09/2020
2207801-000,2024,PI,Paulistana,2207801,Green Eletron,PEV fixo,Ativo,03/07/2022
4300208-000,2024,RS,Ajuricaba,4300208,Green Eletron,PEV fixo,Ativo,10/02/2019
4305447-000,2024,RS,Chuvisca,,Green Eletron,Ponto de consolidação,Ativo,03/11/2022
2927408-064,2024,BA,Salvador,2927408,ABREE,PEV fixo,Ativo,18/11/2020
5300108-080,2024,DF,Brasília,5300108,Green Eletron,Ponto de consolidação,Ativo,09/03/2022
3550308-079,2024,SP,Sao Paulo,3550308,Green Eletron,PEV fixo,Ativo,15/12/2019
3524006-000,2024,SP,ITUPEVA,3524006,Green Eletron,PEV fixo,Ativo,01/08/2022
3304557-157,2024,RJ,Rio de Janeiro,3304557,Green Eletron,PEV fixo,Ativo,08/04/2022
3550308-166,2024,SP,São Paulo,3550308,Green Eletron,PEV fixo,Ativo,06/02/2020
3106200-178,2024,MG,Belo Horizonte,3106200,Green Eletron,PEV fixo,Ativo,26/09/2022
2917334-000,2024,BA,  Iuiú ,2917334,ABREE,PEV fixo,Ativo,10/03/2022
4309555-000,2024,RS,HARMONIA,4309555,Green Eletron,PEV fixo,Ativo,28/02/2023
2104677-000,2024,MA,Governador Nunes Freire,2104677,ABREE,PEV fixo,Ativo,26/09/2023
3538808-012,2024,SP,Piraju,3538808,Sistema individual,Campanha itinerante,Ativo,28/10/2020
2500700-000,2024,PB,São João do Rio do Peixe,2500700,Sistema individual,PEV fixo,Ativo,23/05/2019
3117603-000,2024,MG,Conceição do Pará,3117603,ABREE,PEV fixo,Ativo,10/07/2024
2302305-002,2024,CE,  Bela Cruz ,2302305,ABREE,PEV fixo,Ativo,06/03/2023
5101001-001,2024,MT,ARAGUAIANA,5101001,Green Eletron,PEV fixo,Ativo,28/02/2022
2211001-019,2024,PI,TERESINA,2211001,ABREE,PEV fixo,Ativo,06/06/2022
3545803-000,2024,SP,Santa Barbara d'Oeste,3545803,ABREE,PEV fixo,Ativo,13/06/2020
3532009-005,2024,SP,Morungaba,3532009,Sistema individual,PEV fixo,Ativo,02/01/2020
2410801-000,2024,RN,Riacho de Santana,2410801,ABREE,Ponto de consolidação,Ativo,16/08/2020
5300108-013,2024,DF,Brasilia,5300108,ABREE,PEV fixo,Ativo,08/05/2019
5203906-000,2024,GO,Buriti Alegre,5203906,Green Eletron,PEV fixo,Ativo,08/07/2021
4216008-000,2024,SC,São Carlos,4216008,Green Eletron,PEV fixo,Ativo,12/11/2019
2931053-001,2024,BA,Tanque Novo,2931053,Green Eletron,PEV fixo,Ativo,05/06/2024
3550308-145,2024,SP,  São Paulo ,3550308,ABREE,PEV fixo,Ativo,23/05/2020
3168903-000,2024,MG,Tiros,3168903,ABREE,PEV fixo,Ativo,10/03/2023
2408102-023,2024,RN,Natal,2408102,Green Eletron,PEV fixo,Ativo,27/07/2023
3110905-000,2024,MG,  Campanha ,3110905,ABREE,Campanha itinerante,Ativo,18/04/2024
5218052-004,2024,GO,Porteirão,5218052,Green Eletron,PEV fixo,Ativo,28/11/2023
2107456-001,2024,MA,OLINDA NOVA DO MARANHÃO,2107456,ABREE,PEV fixo,Ativo,22/03/2024
2927408-118,2024,BA,Salvador,2927408,ABREE,PEV fixo,Ativo,02/05/2022
3158409-000,2024,MG,Santana de Cataguases,3158409,Green Eletron,Campanha itinerante,Ativo,24/12/2019
3522901-002,2024,SP,  Itapuí ,3522901,Green Eletron,PEV fixo,Ativo,17/11/2022
3106200-256,2024,MG,Belo Horizonte,3106200,Green Eletron,Ponto de consolidação,Ativo,28/03/2023
4205407-023,2024,SC,Florianópolis,4205407,ABREE,PEV fixo,Ativo,20/08/2019
5300108-084,2024,DF,Brasília,5300108,ABREE,Ponto de consolidação,Ativo,28/11/2022
3300902-006,2024,RJ,CAMBUCI,3300902,Green Eletron,PEV fixo,Inativo,21/08/2023
3129905-000,2024,MG,Ibitiúra de Minas,3129905,ABREE,PEV fixo,Inativo,23/02/2024
2615409-000,2024,PE,Toritama,2615409,ABREE,PEV fixo,Ativo,27/11/2021
5300108-029,2024,DF,BRASÍLIA,5300108,Green Eletron,PEV fixo,Ativo,04/02/2019
3123809-000,2024,MG,ENGENHEIRO NAVARRO,3123809,Green Eletron,PEV fixo,Ativo,03/06/2022
3305406-003,2024,RJ,  Sapucaia ,3305406,ABREE,PEV fixo,Ativo,04/12/2021
1303007-000,2024,AM,Nhamunda,1303007,ABREE,PEV fixo,Ativo,14/06/2022
4211850-000,2024,SC,Ouro Verde,4211850,Green Eletron,PEV fixo,Ativo,18/05/2024
1718840-000,2024,TO,Sandolândia,1718840,ABREE,PEV fixo,Ativo,10/04/2019
3106200-062,2024,MG,Belo Horizonte,3106200,Sistema individual,Campanha itinerante,Ativo,23/10/2020
1501402-009,2024,PA,Belém,1501402,ABREE,Ponto de consolidação,Ativo,13/05/2020
3106200-092,2024,MG,  Belo Horizonte ,3106200,ABREE,PEV fixo,Ativo,25/08/2020
4211207-000,2024,SC,Morro da Fumaça,4211207,ABREE,PEV fixo,Ativo,20/10/2022
2301604-001,2024,CE,ASSARÉ,2301604,ABREE,PEV fixo,Ativo,06/01/2020
1501402-006,2024,PA,BELÉM,,Green Eletron,PEV fixo,Ativo,16/08/2020
5215256-000,2024,GO,Novo Planalto,5215256,ABREE,Ponto de consolidação,Ativo,17/10/2019
2903904-001,2024,BA,Bom Jesus da Lapa,2903904,Sistema individual,PEV fixo,Ativo,11/10/2024
3550308-353,2024,SP,São Paulo,3550308,ABREE,PEV fixo,Ativo,15/01/2023
3532504-001,2024,SP,Neves Paulista,3532504,ABREE,Ponto de consolidação,Ativo,10/06/2020
2211001-006,2024,PI,Teresina,,Green Eletron,PEV fixo,Ativo,11/04/2019
3301108-014,2024,RJ,Cantagalo,3301108,Green Eletron,PEV fixo,Ativo,01/02/2021
3123528-001,2024,MG,Durandé,3123528,Green Eletron,PEV fixo,Ativo,17/03/2020
3532009-002,2024,SP,MORUNGABA,3532009,Green Eletron,PEV fixo,Ativo,07/07/2019
3550308-058,2024,SP,São Paulo,3550308,ABREE,PEV fixo,Ativo,28/02/2019
5215207-004,2024,GO,Novo Brasil,5215207,Green Eletron,Campanha itinerante,Ativo,16/09/2020
4106902-026,2024,PR,Curitiba,4106902,Green Eletron,PEV fixo,Ativo,12/07/2020
3160207-002,2024,MG,SANTO ANTÔNIO DO ITAMBÉ,3160207,Green Eletron,PEV fixo,Ativo,15/01/2019
3542602-001,2024,SP,  Registro ,3542602,ABREE,PEV fixo,Inativo,07/10/2019
3304508-003,2024,RJ,  Rio das Flores ,3304508,ABREE,PEV fixo,Ativo,03/04/2020
3130606-000,2024,MG,Inconfidentes,3130606,ABREE,PEV fixo,Ativo,20/04/2020
3106200-082,2024,MG,BELO HORIZONTE,3106200,Green Eletron,Ponto de consolidação,Ativo,05/07/2020
1501204-001,2024,PA,Baião,1501204,ABREE,PEV fixo,Ativo,06/10/2019
4305439-000,2024,RS,Chuí,4305439,Green Eletron,PEV fixo,Ativo,07/05/2022
3300456-000,2024,RJ,Belford Roxo,3300456,Green Eletron,PEV fixo,Ativo,04/07/2023
4215356-002,2024,SC,Saltinho,4215356,ABREE,PEV fixo,Ativo,20/08/2023
3304557-112,2024,RJ,Rio de Janeiro,3304557,ABREE,PEV fixo,Ativo,05/05/2021
3106200-126,2024,MG,Belo Horizonte,3106200,Green Eletron,PEV fixo,Ativo,05/05/2021
4314548-001,2024,RS,Pinto Bandeira,4314548,ABREE,PEV fixo,Ativo,16/10/2024
1703107-001,2024,TO,BARROLÂNDIA,1703107,ABREE,PEV fixo,Ativo,16/12/2024
2211001-007,2024,PI,Teresina,2211001,ABREE,PEV fixo,Ativo,03/08/2019
3121407-001,2024,MG,DESTERRO DE ENTRE RIOS,3121407,ABREE,PEV fixo,Ativo,16/10/2024
1503093-004,2024,PA,Goianésia do Pará,1503093,Green Eletron,Campanha itinerante,Ativo,11/02/2024
4214151-000,2024,SC,Princesa,4214151,Sistema individual,PEV fixo,Ativo,26/12/2022
3550308-075,2024,SP,SÃO PAULO,3550308,Green Eletron,PEV fixo,Ativo,15/08/2019
3550308-066,2024,SP,Sao Paulo,3550308,ABREE,PEV fixo,Ativo,28/05/2019
3116001-001,2024,MG,Chale,3116001,Green Eletron,Ponto de consolidação,Ativo,04/10/2022
3530102-005,2024,SP,Mirandopolis,3530102,ABREE,Campanha itinerante,Ativo,17/11/2022
3106200-083,2024,MG,Belo Horizonte,3106200,ABREE,PEV fixo,Ativo,24/07/2020
2611606-012,2024,PE,RECIFE,2611606,ABREE,PEV fixo,Ativo,27/07/2020
1101807-000,2024,RO,Vale do Paraíso,1101807,Green Eletron,PEV fixo,Ativo,04/10/2019
3547403-000,2024,SP,SANTA RITA D'OESTE,3547403,ABREE,Campanha itinerante,Ativo,26/06/2021
2705200-000,2024,AL,Messias,2705200,ABREE,PEV fixo,Ativo,16/09/2019
2211001-012,2024,PI,TERESINA,2211001,ABREE,PEV fixo,Ativo,11/04/2020
1100023-000,2024,RO,Ariquemes,1100023,ABREE,PEV fixo,Ativo,14/05/2021
2211001-005,2024,PI,Teresina,2211001,Green Eletron,PEV fixo,Ativo,18/11/2019
4312252-000,2024,RS,Minas do Leão,4312252,ABREE,PEV fixo,Ativo,03/03/2022
2308302-000,2024,CE,  Milagres ,2308302,Green Eletron,PEV fixo,Inativo,09/05/2022
2703403-000,2024,AL,Jacaré dos Homens,2703403,ABREE,PEV fixo,Ativo,16/09/2024
3106200-116,2024,MG,Belo Horizonte,3106200,Sistema individual,PEV fixo,Inativo,23/11/2021
2211605-000,2024,PI,Vila Nova do Piauí,2211605,Green Eletron,Campanha itinerante,Ativo,04/09/2020
5002100-000,2024,MS,Bela Vista,5002100,ABREE,PEV fixo,Ativo,07/02/2021
2505709-000,2024,PB,Dona Inês,2505709,ABREE,Campanha itinerante,Ativo,19/11/2020
3539400-000,2024,SP,PIRATININGA,3539400,Green Eletron,PEV fixo,Ativo,17/09/2021
3127503-000,2024,MG,GONZAGA,3127503,Green Eletron,PEV fixo,Ativo,26/09/2022
3105400-000,2024,MG,Barão de Cocais,3105400,ABREE,PEV fixo,Ativo,23/10/2022
2913804-000,2024,BA,Ipecaeta,2913804,Green Eletron,Ponto de consolidação,Ativo,18/09/2021
2108405-001,2024,MA,Peri Mirim,2108405,ABREE,Campanha itinerante,Ativo,16/06/2023
3301207-000,2024,RJ,Carmo,3301207,Green Eletron,PEV fixo,Ativo,17/12/2020
3516606-001,2024,SP,Gália,3516606,ABREE,PEV fixo,Ativo,26/12/2024
3164704-000,2024,MG,Sao Sebastiao do Paraiso,3164704,ABREE,PEV fixo,Ativo,18/05/2020
3171808-000,2024,MG,  Virginópolis ,3171808,ABREE,PEV fixo,Ativo,27/07/2021
3106200-216,2024,MG,Belo Horizonte,3106200,ABREE,PEV fixo,Ativo,19/01/2022
2211001-001,2024,PI,Teresina,2211001,ABREE,PEV fixo,Ativo,17/11/2019
3304508-009,2024,RJ,RIO DAS FLORES,3304508,ABREE,PEV fixo,Ativo,11/05/2022
4205407-085,2024,SC,FLORIANÓPOLIS,4205407,Green Eletron,PEV fixo,Ativo,08/06/2023
1302603-002,2024,AM,Manaus,1302603,Green Eletron,PEV fixo,Ativo,14/05/2019
3550308-088,2024,SP,São Paulo,3550308,Green Eletron,PEV fixo,Ativo,07/04/2019
3304557-048,2024,RJ,Rio de Janeiro,3304557,ABREE,PEV fixo,Ativo,08/05/2020
4314902-055,2024,RS,PORTO ALEGRE,4314902,Green Eletron,PEV fixo,Ativo,15/01/2021
3544103-000,2024,SP,RIO GRANDE DA SERRA,3544103,ABREE,PEV fixo,Ativo,12/10/2021
1704600-000,2024,TO,Chapada de Areia,1704600,ABREE,Campanha itinerante,Ativo,16/08/2021
3304144-005,2024,RJ,Queimados,3304144,ABREE,PEV fixo,Ativo,10/09/2023
3106200-018,2024,MG,Belo Horizonte,,ABREE,PEV fixo,Ativo,25/09/2020
3503703-001,2024,SP,Ariranha,3503703,Green Eletron,PEV fixo,Ativo,26/01/2020
3514007-000,2024,SP,Dobrada,3514007,ABREE,PEV fixo,Ativo,28/01/2024
2921500-000,2024,BA,  Monte Santo ,2921500,ABREE,PEV fixo,Ativo,24/03/2019
2800308-025,2024,SE,ARACAJU,2800308,Sistema individual,PEV fixo,Ativo,27/04/2023
4318457-000,2024,RS,São José das Missões,4318457,ABREE,PEV fixo,Inativo,02/06/2024
4310207-014,2024,RS,IJUÍ,4310207,Green Eletron,PEV fixo,Ativo,09/01/2024
3520426-000,2024,SP,Ilha Comprida,3520426,Green Eletron,PEV fixo,Ativo,05/12/2024
1507151-001,2024,PA,São Domingos do Araguaia,1507151,ABREE,PEV fixo,Ativo,02/01/2019
2611606-036,2024,PE,RECIFE,2611606,ABREE,PEV fixo,Ativo,12/04/2021
3106200-132,2024,MG,Belo Horizonte,3106200,Green Eletron,PEV fixo,Ativo,28/01/2021
4220000-001,2024,SC,BALNEÁRIO RINCÃO,4220000,Green Eletron,PEV fixo,Ativo,24/10/2021
1600402-001,2024,AP,  Mazagão ,1600402,Green Eletron,PEV fixo,Ativo,25/07/2022
3503158-000,2024,SP,Arapeí,3503158,Green Eletron,Campanha itinerante,Ativo,15/07/2021
3119302-000,2024,MG,Coromandel,3119302,ABREE,Ponto de consolidação,Ativo,01/10/2023
2800308-012,2024,SE,ARACAJU,2800308,ABREE,PEV fixo,Ativo,21/02/2020
5300108-104,2024,DF,Brasília,5300108,ABREE,Ponto de consolidação,Ativo,17/02/2023
3512506-000,2024,SP,Coroados,3512506,ABREE,PEV fixo,Ativo,03/12/2021
3550308-260,2024,SP,São Paulo,3550308,Green Eletron,Campanha itinerante,Ativo,14/12/2022
2111300-000,2024,MA,SÃO LUÍS,2111300,Sistema individual,PEV fixo,Ativo,06/11/2019
2412104-000,2024,RN,São João do Sabugi,2412104,ABREE,PEV fixo,Ativo,06/10/2024
3106200-141,2024,MG,BELO HORIZONTE,3106200,ABREE,PEV fixo,Inativo,22/07/2021
3146552-000,2024,MG,PAI PEDRO,3146552,Sistema individual,PEV fixo,Ativo,24/10/2023
4314902-102,2024,RS,Porto Alegre,4314902,Green Eletron,PEV fixo,Ativo,28/10/2022
2708303-000,2024,AL,São José da Laje,2708303,Green Eletron,PEV fixo,Inativo,19/09/2020
3302700-004,2024,RJ,Maricá,3302700,Green Eletron,Ponto de consolidação,Ativo,02/12/2019
2611606-022,2024,PE,Recife,2611606,ABREE,PEV fixo,Ativo,26/06/2020
3550308-274,2024,SP,São Paulo,3550308,Green Eletron,PEV fixo,Ativo,05/03/2022
4314902-018,2024,RS,Porto Alegre,4314902,ABREE,Campanha itinerante,Ativo,08/01/2020
5205901-001,2024,GO,Corumbaíba,5205901,ABREE,PEV fixo,Ativo,17/03/2022
3550308-345,2024,SP,SÃO PAULO,3550308,ABREE,PEV fixo,Ativo,08/06/2023
2411056-000,2024,RN,Tibau,2411056,ABREE,PEV fixo,Ativo,27/06/2022
3148301-000,2024,MG,Paula Cândido,3148301,Green Eletron,PEV fixo,Ativo,28/11/2021
3106200-253,2024,MG,Belo Horizonte,3106200,Green Eletron,PEV fixo,Ativo,28/05/2023
4306700-000,2024,RS,DONA FRANCISCA,4306700,ABREE,PEV fixo,Ativo,03/02/2020
4314902-047,2024,RS,PORTO ALEGRE,4314902,ABREE,PEV fixo,Ativo,17/04/2020
2916500-001,2024,BA,ITAPICURU,2916500,ABREE,Ponto de consolidação,Ativo,25/07/2023
2311355-001,2024,CE,Quixelô,2311355,ABREE,PEV fixo,Ativo,18/08/2023
2304400-030,2024,CE,FORTALEZA,2304400,Green Eletron,PEV fixo,Ativo,18/05/2020
3509957-001,2024,SP,Canas,3509957,Green Eletron,PEV fixo,Ativo,07/05/2024
2111300-032,2024,MA,Sao Luis,2111300,Green Eletron,PEV fixo,Ativo,24/05/2020
3106200-173,2024,MG,Belo Horizonte,3106200,ABREE,PEV fixo,Ativo,02/01/2022
2305902-000,2024,CE,Ipueiras,2305902,Green Eletron,PEV fixo,Ativo,05/11/2021
3106200-165,2024,MG,Belo Horizonte,3106200,ABREE,PEV fixo,Ativo,22/05/2022
1501402-002,2024,PA,Belém,1501402,ABREE,Campanha itinerante,Ativo,26/01/2020
2100105-000,2024,MA,Afonso Cunha,2100105,ABREE,PEV fixo,Ativo,22/11/2021
3536901-000,2024,SP,Pedranópolis,3536901,Green Eletron,Ponto de consolidação,Ativo,26/05/2020
2101251-000,2024,MA,Bacabeira,2101251,ABREE,PEV fixo,Ativo,02/12/2024
2413904-000,2024,RN,Taipu,2413904,ABREE,PEV fixo,Ativo,08/05/2024
3304557-113,2024,RJ,RIO DE JANEIRO,3304557,Green Eletron,PEV fixo,Ativo,12/09/2022
2914901-000,2024,BA,  Itacaré ,2914901,ABREE,PEV fixo,Ativo,20/10/2019
3304557-115,2024,RJ,Rio de Janeiro,3304557,Green Eletron,Ponto de consolidação,Ativo,08/09/2022
2106508-000,2024,MA,MATINHA,2106508,ABREE,PEV fixo,Ativo,10/02/2020
3304557-098,2024,RJ,RIO DE JANEIRO,3304557,Sistema individual,PEV fixo,Ativo,07/01/2021
4106902-048,2024,PR,CURITIBA,4106902,Sistema individual,PEV fixo,Ativo,14/04/2022
3305406-006,2024,RJ,SAPUCAIA,3305406,ABREE,PEV fixo,Ativo,07/03/2023
3304557-205,2024,RJ,  Rio de Janeiro ,3304557,Green Eletron,PEV fixo,Ativo,22/09/2024
3304755-000,2024,RJ,SÃO FRANCISCO DE ITABAPOANA,3304755,Green Eletron,PEV fixo,Ativo,28/03/2021
2504504-000,2024,PB,Condado,2504504,ABREE,PEV fixo,Ativo,09/01/2024
1302108-000,2024,AM,Japurá,1302108,Green Eletron,PEV fixo,Inativo,25/01/2023
3521101-000,2024,SP,IPEÚNA,3521101,ABREE,PEV fixo,Ativo,22/07/2019
3303856-002,2024,RJ,PATY DO ALFERES,3303856,Green Eletron,Campanha itinerante,Ativo,17/06/2024
4314902-035,2024,RS,Porto Alegre,4314902,ABREE,PEV fixo,Ativo,01/08/2020
1504208-001,2024,PA,MARABÁ,1504208,ABREE,PEV fixo,Ativo,07/07/2019
2307304-000,2024,CE,JUAZEIRO DO NORTE,2307304,Green Eletron,PEV fixo,Ativo,02/06/2024
3543808-001,2024,SP,Rinópolis,3543808,ABREE,Campanha itinerante,Inativo,10/07/2024
3554656-000,2024,SP,  Torre de Pedra ,3554656,ABREE,PEV fixo,Ativo,08/12/2021
3106200-012,2024,MG,BELO HORIZONTE,3106200,Green Eletron,Ponto de consolidação,Ativo,13/06/2020
3549508-005,2024,SP,São José da Bela Vista,3549508,Sistema individual,PEV fixo,Ativo,24/07/2021
3301108-028,2024,RJ,  Cantagalo ,3301108,ABREE,Campanha itinerante,Ativo,14/11/2024
3304508-000,2024,RJ,RIO DAS FLORES,3304508,Green Eletron,PEV fixo,Ativo,23/09/2020
4314902-117,2024,RS,Porto Alegre,4314902,Sistema individual,PEV fixo,Ativo,17/06/2022
4314902-045,2024,RS,Porto Alegre,4314902,ABREE,PEV fixo,Ativo,14/07/2020
4314902-041,2024,RS,Porto Alegre,4314902,Green Eletron,PEV fixo,Ativo,09/04/2020
3203403-000,2024,ES,  Mimoso do Sul ,3203403,Green Eletron,PEV fixo,Ativo,24/11/2023
3109105-000,2024,MG,Bueno Brandão,3109105,Green Eletron,Ponto de consolidação,Ativo,28/09/2022
3550308-173,2024,SP,SÃO PAULO,3550308,Green Eletron,PEV fixo,Ativo,25/06/2020
5300108-069,2024,DF,Brasilia,5300108,ABREE,PEV fixo,Ativo,01/04/2021
2611606-083,2024,PE,Recife,2611606,Green Eletron,PEV fixo,Ativo,10/11/2023
2901908-003,2024,BA,APORÁ,2901908,ABREE,PEV fixo,Ativo,09/07/2023
2307205-000,2024,CE,Jati,2307205,ABREE,PEV fixo,Ativo,24/01/2022
2517209-000,2024,PB,VIEIRÓPOLIS,2517209,Green Eletron,PEV fixo,Ativo,24/09/2023
2927408-070,2024,BA,Salvador,2927408,ABREE,Ponto de consolidação,Ativo,06/08/2020
3305307-012,2024,RJ,  São Sebastião do Alto ,3305307,ABREE,Ponto de consolidação,Ativo,12/09/2022
4216354-000,2024,SC,Sao Joao do Itaperiu,4216354,ABREE,PEV fixo,Ativo,17/08/2021
2408102-001,2024,RN,Natal,2408102,Sistema individual,PEV fixo,Ativo,14/10/2020
3516002-000,2024,SP,Flórida Paulista,3516002,Green Eletron,PEV fixo,Ativo,24/08/2024
2615805-000,2024,PE,TUPANATINGA,2615805,ABREE,PEV fixo,Ativo,02/10/2021
2903953-000,2024,BA,Bom Jesus da Serra,2903953,ABREE,PEV fixo,Ativo,25/11/2023
3304557-008,2024,RJ,Rio de Janeiro,3304557,Green Eletron,PEV fixo,Ativo,26/02/2020
2101939-004,2024,MA,BERNARDO DO MEARIM,2101939,ABREE,PEV fixo,Ativo,09/01/2021
3139250-000,2024,MG,Mamonas,3139250,ABREE,PEV fixo,Ativo,02/05/2024
3304557-136,2024,RJ,Rio de Janeiro,3304557,ABREE,PEV fixo,Ativo,12/09/2022
3550308-124,2024,SP,SÃO PAULO,3550308,ABREE,PEV fixo,Ativo,03/11/2020
4314068-000,2024,RS,  Passa Sete ,4314068,ABREE,PEV fixo,Ativo,26/09/2020
2507507-006,2024,PB,João Pessoa,2507507,ABREE,PEV fixo,Ativo,25/12/2020
5103403-008,2024,MT,CUIABÁ,5103403,Green Eletron,PEV fixo,Ativo,02/12/2021
2933059-000,2024,BA,  Várzea da Roça ,2933059,ABREE,PEV fixo,Ativo,20/05/2024
4205407-034,2024,SC,  Florianópolis ,4205407,Sistema individual,Ponto de consolidação,Ativo,06/01/2020
3302700-015,2024,RJ,Maricá,3302700,Green Eletron,PEV fixo,Ativo,12/04/2022
3557006-004,2024,SP,Votorantim,3557006,ABREE,PEV fixo,Ativo,02/04/2022
5104526-001,2024,MT,Ipiranga do Norte,5104526,Green Eletron,PEV fixo,Ativo,10/03/2023
2206951-000,2024,PI,Novo Santo Antonio,2206951,ABREE,Ponto de consolidação,Ativo,09/06/2021
3205309-025,2024,ES,Vitória,3205309,Green Eletron,Campanha itinerante,Ativo,13/01/2024
3500600-001,2024,SP,Águas de São Pedro,3500600,Green Eletron,PEV fixo,Ativo,10/05/2021
1100205-006,2024,RO,PORTO VELHO,1100205,ABREE,PEV fixo,Ativo,20/12/2021
1302603-011,2024,AM,Manaus,1302603,Green Eletron,Ponto de consolidação,Ativo,08/10/2023
4314902-155,2024,RS,PORTO ALEGRE,4314902,ABREE,PEV fixo,Ativo,23/01/2023
3116100-000,2024,MG,Chapada do Norte,3116100,Green Eletron,PEV fixo,Ativo,05/03/2023
4308250-000,2024,RS,Floriano Peixoto,4308250,Sistema individual,PEV fixo,Ativo,16/06/2019
3551900-002,2024,SP,Severínia,3551900,ABREE,PEV fixo,Ativo,26/12/2022
3304557-194,2024,RJ,Rio de Janeiro,3304557,ABREE,PEV fixo,Ativo,01/07/2023
3550308-283,2024,SP,São Paulo,3550308,Sistema individual,PEV fixo,Ativo,07/05/2022
3550308-217,2024,SP,SÃO PAULO,3550308,ABREE,PEV fixo,Ativo,08/06/2021
4314902-022,2024,RS,PORTO ALEGRE,4314902,ABREE,PEV fixo,Ativo,21/05/2020
2111300-019,2024,MA,  São Luís ,2111300,ABREE,PEV fixo,Ativo,07/08/2019
3139003-000,2024,MG,MACHADO,3139003,ABREE,Campanha itinerante,Ativo,18/08/2021
4313334-002,2024,RS,NOVA RAMADA,4313334,Green Eletron,PEV fixo,Ativo,20/04/2020
3550308-156,2024,SP,SÃO PAULO,3550308,Green Eletron,PEV fixo,Ativo,20/04/2020
3125952-000,2024,MG,FERVEDOURO,3125952,Green Eletron,PEV fixo,Ativo,02/07/2021
3302254-000,2024,RJ,Itatiaia,3302254,Green Eletron,PEV fixo,Ativo,17/01/2020
3549508-006,2024,SP,  São José da Bela Vista ,3549508,Green Eletron,PEV fixo,Ativo,28/12/2021
3549706-004,2024,SP,São José do Rio Pardo,3549706,ABREE,PEV fixo,Ativo,14/07/2022
3136579-001,2024,MG,Josenópolis,3136579,Green Eletron,PEV fixo,Ativo,12/02/2020
3557006-002,2024,SP,VOTORANTIM,3557006,ABREE,PEV fixo,Ativo,01/12/2020
3304557-149,2024,RJ,Rio de Janeiro,3304557,ABREE,PEV fixo,Ativo,05/06/2022
1505106-001,2024,PA,ÓBIDOS,1505106,ABREE,PEV fixo,Ativo,25/10/2020
4314498-000,2024,RS,Pinheirinho do Vale,4314498,ABREE,PEV fixo,Ativo,24/02/2019
2202703-001,2024,PI,Cocal,2202703,ABREE,Ponto de consolidação,Ativo,17/06/2022
2200707-000,2024,PI,Anísio de Abreu,2200707,Sistema individual,PEV fixo,Ativo,13/09/2022
2918209-000,2024,BA,Jiquiriçá,2918209,Green Eletron,PEV fixo,Ativo,01/05/2021
3106200-094,2024,MG,Belo Horizonte,3106200,ABREE,PEV fixo,Inativo,03/11/2020
3517406-000,2024,SP,Guaíra,3517406,Green Eletron,PEV fixo,Ativo,12/09/2023
2800308-008,2024,SE,Aracaju,2800308,Green Eletron,PEV fixo,Ativo,14/08/2020
2611606-072,2024,PE,  Recife ,2611606,ABREE,PEV fixo,Ativo,21/11/2022
1716604-000,2024,TO,  Peixe ,1716604,ABREE,Ponto de consolidação,Ativo,15/07/2022
5300108-042,2024,DF,Brasília,5300108,ABREE,Ponto de consolidação,Ativo,18/10/2020
3550308-034,2024,SP,  São Paulo ,3550308,Green Eletron,PEV fixo,Ativo,25/08/2019
1507979-001,2024,PA,Terra Santa,1507979,Green Eletron,PEV fixo,Ativo,23/06/2024
4314902-083,2024,RS,Porto Alegre,,ABREE,PEV fixo,Ativo,28/10/2021
3304557-176,2024,RJ,  Rio de Janeiro ,3304557,Sistema individual,PEV fixo,Ativo,03/07/2023
4102703-000,2024,PR,Barra do Jacare,4102703,Green Eletron,PEV fixo,Ativo,26/12/2022
3557006-000,2024,SP,  Votorantim ,3557006,Green Eletron,PEV fixo,Ativo,15/09/2020
2300705-010,2024,CE,Alto Santo,2300705,Sistema individual,PEV fixo,Ativo,04/01/2022
4314902-011,2024,RS,Porto Alegre,4314902,ABREE,PEV fixo,Ativo,22/12/2020
3506706-000,2024,SP,BOA ESPERANÇA DO SUL,3506706,Green Eletron,PEV fixo,Ativo,22/01/2022
3534757-000,2024,SP,OUROESTE,3534757,Green Eletron,PEV fixo,Ativo,02/07/2023
4322533-000,2024,RS,Vale do Sol,4322533,ABREE,PEV fixo,Ativo,22/08/2021
2105302-000,2024,MA,Imperatriz,2105302,Sistema individual,PEV fixo,Ativo,27/03/2022
2611606-013,2024,PE,  Recife ,2611606,Green Eletron,PEV fixo,Ativo,20/04/2020
5207352-000,2024,GO,Edealina,5207352,Green Eletron,PEV fixo,Ativo,20/09/2021
2505006-000,2024,PB,Cubati,2505006,ABREE,PEV fixo,Ativo,26/09/2024
4201109-000,2024,SC,Anitápolis,4201109,Green Eletron,PEV fixo,Ativo,17/07/2020
4117271-000,2024,PR,Nova Tebas,4117271,Green Eletron,PEV fixo,Ativo,01/07/2024
2800308-015,2024,SE,Aracaju,2800308,ABREE,PEV fixo,Ativo,21/08/2021
3515608-000,2024,SP,FERNANDO PRESTES,3515608,ABREE,PEV fixo,Ativo,03/09/2020
4112900-000,2024,PR,Jundiaí do Sul,4112900,ABREE,PEV fixo,Ativo,14/12/2019
3550308-231,2024,SP,SÃO PAULO,3550308,ABREE,PEV fixo,Ativo,01/02/2021
4205407-073,2024,SC,Florianópolis,4205407,ABREE,PEV fixo,Ativo,11/03/2022
5002704-001,2024,MS,CAMPO GRANDE,5002704,Green Eletron,PEV fixo,Ativo,01/12/2020
3106200-265,2024,MG,Belo Horizonte,3106200,ABREE,PEV fixo,Ativo,24/10/2023
4309407-000,2024,RS,GUAPORÉ,4309407,ABREE,PEV fixo,Ativo,05/03/2024
3106200-155,2024,MG,Belo Horizonte,3106200,Green Eletron,PEV fixo,Ativo,15/11/2021
3129509-000,2024,MG,Ibiá,3129509,ABREE,PEV fixo,Ativo,16/08/2020
3106200-226,2024,MG,Belo Horizonte,3106200,ABREE,PEV fixo,Ativo,26/05/2023
3304144-004,2024,RJ,Queimados,3304144,ABREE,PEV fixo,Ativo,01/08/2022
5209952-000,2024,GO,Indiara,5209952,ABREE,PEV fixo,Ativo,28/12/2024
3507100-000,2024,SP,Bom Jesus dos Perdões,3507100,ABREE,PEV fixo,Ativo,16/06/2021
3154408-000,2024,MG,Ressaquinha,3154408,ABREE,PEV fixo,Ativo,05/08/2024
5300108-041,2024,DF,BRASÍLIA,5300108,Green Eletron,PEV fixo,Ativo,06/12/2020
2608206-000,2024,PE,Joaquim Nabuco,2608206,ABREE,PEV fixo,Ativo,12/11/2022
2903508-003,2024,BA,Belo Campo,2903508,ABREE,PEV fixo,Ativo,16/03/2022
1200393-000,2024,AC,Porto Walter,1200393,Sistema individual,PEV fixo,Ativo,07/04/2024
2604908-000,2024,PE,CUMARU,2604908,Green Eletron,PEV fixo,Ativo,26/08/2024
2103901-000,2024,MA,Duque Bacelar,2103901,Sistema individual,PEV fixo,Ativo,06/03/2021
2601201-000,2024,PE,Arcoverde,2601201,Green Eletron,Ponto de consolidação,Ativo,25/04/2020
3547908-005,2024,SP,  Santo Antônio da Alegria ,3547908,Sistema individual,PEV fixo,Ativo,16/10/2023
3550308-291,2024,SP,  São Paulo ,3550308,ABREE,Campanha itinerante,Ativo,27/11/2022
3550308-038,2024,SP,SÃO PAULO,3550308,ABREE,PEV fixo,Ativo,09/01/2019
1301951-000,2024,AM,Itamarati,1301951,Green Eletron,PEV fixo,Ativo,17/02/2020
3304557-038,2024,RJ,Rio de Janeiro,3304557,Green Eletron,PEV fixo,Ativo,06/02/2020
3507753-000,2024,SP,Brejo Alegre,3507753,ABREE,PEV fixo,Ativo,21/07/2022
4202578-000,2024,SC,Bom Jesus do Oeste,4202578,ABREE,PEV fixo,Ativo,13/04/2020
1301951-003,2024,AM,Itamarati,1301951,Green Eletron,PEV fixo,Ativo,14/05/2021
3532009-008,2024,SP,MORUNGABA,3532009,Green Eletron,Ponto de consolidação,Ativo,23/04/2020
2407708-000,2024,RN,Montanhas,2407708,ABREE,PEV fixo,Ativo,17/11/2021
3546009-002,2024,SP,Santa Branca,3546009,Green Eletron,PEV fixo,Ativo,10/02/2019
3538907-000,2024,SP,Pirajui,3538907,ABREE,PEV fixo,Ativo,16/12/2023
3106200-060,2024,MG,BELO HORIZONTE,3106200,ABREE,Campanha itinerante,Ativo,23/08/2020
3550308-258,2024,SP,Sao Paulo,3550308,ABREE,PEV fixo,Ativo,06/05/2022
3142254-000,2024,MG,Miravânia,3142254,Green Eletron,PEV fixo,Ativo,10/10/2022
2931509-001,2024,BA,TEOFILÂNDIA,2931509,Green Eletron,PEV fixo,Ativo,21/04/2022
4314902-144,2024,RS,Porto Alegre,4314902,Sistema individual,PEV fixo,Ativo,03/01/2023
3513009-010,2024,SP,Cotia,3513009,ABREE,PEV fixo,Ativo,12/12/2022
3538808-003,2024,SP,PIRAJU,3538808,ABREE,PEV fixo,Ativo,21/01/2019
5300108-071,2024,DF,BRASÍLIA,5300108,ABREE,PEV fixo,Ativo,06/10/2021
2929255-000,2024,BA,SÃO GABRIEL,2929255,ABREE,PEV fixo,Ativo,13/12/2024
2928208-001,2024,BA,SANTANA,2928208,ABREE,PEV fixo,Ativo,04/07/2024
2611606-084,2024,PE,Recife,2611606,ABREE,PEV fixo,Ativo,13/10/2023
5105507-001,2024,MT,VILA BELA DA SANTÍSSIMA TRINDADE,5105507,Green Eletron,PEV fixo,Ativo,03/02/2024
1701002-000,2024,TO,Ananás,1701002,Green Eletron,PEV fixo,Ativo,08/06/2022
3105707-000,2024,MG,Barra Longa,3105707,ABREE,PEV fixo,Ativo,28/01/2022
4202081-000,2024,SC,BANDEIRANTE,4202081,ABREE,PEV fixo,Ativo,20/08/2024
4322251-000,2024,RS,Tupandi,4322251,ABREE,PEV fixo,Ativo,28/10/2023
2413102-000,2024,RN,Senador Elói de Souza,2413102,Sistema individual,PEV fixo,Ativo,19/02/2020
2611606-044,2024,PE,Recife,2611606,Green Eletron,PEV fixo,Inativo,17/07/2021
3302403-003,2024,RJ,Macae,3302403,ABREE,PEV fixo,Ativo,23/08/2019
2908200-000,2024,BA,CONCEIÇÃO DA FEIRA,2908200,Green Eletron,Ponto de consolidação,Ativo,20/08/2020
2206902-000,2024,PI,Novo Oriente do Piauí,2206902,Green Eletron,PEV fixo,Ativo,01/11/2022
2611606-014,2024,PE,RECIFE,2611606,ABREE,PEV fixo,Ativo,17/04/2020
2616183-011,2024,PE,Vertente do Lério,2616183,Green Eletron,PEV fixo,Ativo,24/09/2023
3302908-003,2024,RJ,Miguel Pereira,3302908,ABREE,PEV fixo,Ativo,20/03/2021
3550308-180,2024,SP,São Paulo,3550308,ABREE,PEV fixo,Ativo,28/12/2021
4313334-000,2024,RS,Nova Ramada,4313334,ABREE,PEV fixo,Ativo,11/12/2019
3531209-000,2024,SP,MONTE ALEGRE DO SUL,3531209,ABREE,PEV fixo,Ativo,08/01/2024
3115474-000,2024,MG,CATUTI,3115474,ABREE,PEV fixo,Ativo,10/10/2021
3304557-220,2024,RJ,  Rio de Janeiro ,3304557,ABREE,Ponto de consolidação,Ativo,22/06/2024
4314902-120,2024,RS,Porto Alegre,4314902,Green Eletron,PEV fixo,Ativo,15/06/2022
3510104-001,2024,SP,Cândido Rodrigues,3510104,Green Eletron,PEV fixo,Ativo,21/09/2024
4314902-073,2024,RS,Porto Alegre,4314902,Green Eletron,PEV fixo,Ativo,09/08/2021
5300108-065,2024,DF,BRASÍLIA,5300108,Green Eletron,PEV fixo,Ativo,24/01/2021
1502103-000,2024,PA,Cametá,1502103,Green Eletron,Ponto de consolidação,Ativo,20/03/2021
3300902-004,2024,RJ,Cambuci,3300902,ABREE,Ponto de consolidação,Ativo,25/09/2021
2927408-104,2024,BA,Salvador,2927408,ABREE,PEV fixo,Ativo,12/11/2022
4205407-027,2024,SC,Florianópolis,4205407,ABREE,PEV fixo,Ativo,10/05/2020
3550308-243,2024,SP,São Paulo,3550308,ABREE,PEV fixo,Ativo,03/11/2021
2300408-000,2024,CE,Aiuaba,2300408,ABREE,PEV fixo,Ativo,26/09/2020
4312104-000,2024,RS,MATA,4312104,ABREE,PEV fixo,Ativo,10/03/2019
2507507-011,2024,PB,JOÃO PESSOA,2507507,Green Eletron,PEV fixo,Ativo,14/07/2022
3305752-002,2024,RJ,TANGUÁ,3305752,Sistema individual,PEV fixo,Ativo,04/06/2020
2925006-000,2024,BA,PLANALTO,2925006,ABREE,Campanha itinerante,Ativo,23/03/2021
3106200-183,2024,MG,Belo Horizonte,3106200,ABREE,PEV fixo,Ativo,21/10/2022
3505351-000,2024,SP,BARRA DO CHAPÉU,3505351,Sistema individual,PEV fixo,Ativo,14/02/2019
4320578-000,2024,RS,Sete de Setembro,4320578,ABREE,PEV fixo,Ativo,03/06/2020
3549508-000,2024,SP,São José da Bela Vista,3549508,ABREE,PEV fixo,Ativo,26/11/2019
2600906-000,2024,PE,AMARAJI,2600906,Green Eletron,PEV fixo,Ativo,19/05/2023
3205309-012,2024,ES,Vitória,3205309,Green Eletron,PEV fixo,Ativo,13/02/2021
2515807-000,2024,PB,Serra Redonda,2515807,ABREE,PEV fixo,Ativo,17/07/2020
2927408-101,2024,BA,SALVADOR,2927408,Green Eletron,Campanha itinerante,Ativo,16/10/2021
2106300-001,2024,MA,MAGALHÃES DE ALMEIDA,2106300,Green Eletron,Campanha itinerante,Ativo,21/05/2023
1500602-000,2024,PA,Altamira,1500602,Green Eletron,Campanha itinerante,Ativo,25/11/2021
5107107-000,2024,MT,  São José dos Quatro Marcos ,5107107,Sistema individual,PEV fixo,Ativo,27/08/2020
5001243-000,2024,MS,Aral Moreira,5001243,Sistema individual,PEV fixo,Ativo,23/03/2024
1506138-000,2024,PA,Redenção,1506138,Green Eletron,PEV fixo,Ativo,25/05/2023
2304400-069,2024,CE,Fortaleza,2304400,ABREE,PEV fixo,Ativo,16/07/2021
3304557-021,2024,RJ,RIO DE JANEIRO,3304557,Green Eletron,Ponto de consolidação,Ativo,01/08/2020
2412005-000,2024,RN,Sao Goncalo do Amarante,2412005,ABREE,PEV fixo,Ativo,14/06/2022
3302106-003,2024,RJ,Itaocara,3302106,ABREE,PEV fixo,Ativo,02/04/2021
3106200-187,2024,MG,Belo Horizonte,3106200,ABREE,PEV fixo,Ativo,12/05/2022
3302700-016,2024,RJ,Maricá,3302700,Green Eletron,PEV fixo,Ativo,21/06/2022
4314902-128,2024,RS,PORTO ALEGRE,4314902,Green Eletron,Ponto de consolidação,Ativo,12/06/2023
3171154-000,2024,MG,Vermelho Novo,3171154,ABREE,PEV fixo,Ativo,10/12/2024
4302303-000,2024,RS,Bom Jesus,4302303,Green Eletron,Ponto de consolidação,Ativo,07/01/2020
3106200-283,2024,MG,Belo Horizonte,3106200,Green Eletron,PEV fixo,Ativo,20/10/2023
2102358-000,2024,MA,Buritirana,2102358,ABREE,PEV fixo,Ativo,16/02/2019
4106902-009,2024,PR,CURITIBA,4106902,ABREE,PEV fixo,Ativo,01/09/2020
4304853-000,2024,RS,CARLOS GOMES,4304853,ABREE,PEV fixo,Ativo,24/10/2022
2210805-000,2024,PI,SIMPLÍCIO MENDES,2210805,ABREE,PEV fixo,Ativo,19/04/2022
2908309-000,2024,BA,CONCEIÇÃO DO ALMEIDA,2908309,Green Eletron,Ponto de consolidação,Ativo,22/08/2024
3302403-014,2024,RJ,Macaé,3302403,ABREE,PEV fixo,Ativo,12/11/2022
3160207-008,2024,MG,Santo Antonio do Itambe,3160207,Sistema individual,PEV fixo,Ativo,25/01/2022
1200203-000,2024,AC,CRUZEIRO DO SUL,1200203,ABREE,PEV fixo,Ativo,13/02/2019
2612307-000,2024,PE,Saloá,2612307,ABREE,Ponto de consolidação,Ativo,10/02/2024
2304400-080,2024,CE,Fortaleza,2304400,Sistema individual,Ponto de consolidação,Ativo,18/12/2022
2701902-000,2024,AL,Chã Preta,2701902,Sistema individual,PEV fixo,Ativo,10/09/2019
2514404-000,2024,PB,São José de Espinharas,2514404,ABREE,PEV fixo,Ativo,23/03/2019
3304557-014,2024,RJ,Rio de Janeiro,3304557,ABREE,PEV fixo,Ativo,24/02/2020
2102077-000,2024,MA,Bom Lugar,2102077,ABREE,PEV fixo,Ativo,10/02/2019
3138674-000,2024,MG,Luisburgo,3138674,Green Eletron,PEV fixo,Ativo,13/12/2022
4211504-000,2024,SC,NOVA TRENTO,4211504,Green Eletron,PEV fixo,Ativo,25/03/2024
3300951-003,2024,RJ,  Comendador Levy Gasparian ,3300951,Green Eletron,PEV fixo,Ativo,18/01/2021
4128500-000,2024,PR,WENCESLAU BRAZ,4128500,Green Eletron,PEV fixo,Ativo,11/03/2019
3106200-224,2024,MG,BELO HORIZONTE,3106200,Green Eletron,Ponto de consolidação,Ativo,13/01/2023
3550308-317,2024,SP,São Paulo,3550308,ABREE,PEV fixo,Ativo,01/08/2022
2412302-000,2024,RN,São José do Campestre,,ABREE,PEV fixo,Ativo,05/08/2024
3550308-295,2024,SP,São Paulo,3550308,Green Eletron,PEV fixo,Ativo,10/07/2022
3100708-000,2024,MG,Água Comprida,3100708,Green Eletron,PEV fixo,Ativo,18/04/2022
2807402-000,2024,SE,  Tobias Barreto ,2807402,ABREE,PEV fixo,Ativo,04/07/2023
2923704-000,2024,BA,  Paratinga ,2923704,Green Eletron,PEV fixo,Ativo,12/11/2024
4205407-066,2024,SC,Florianópolis,4205407,Green Eletron,PEV fixo,Ativo,10/02/2022
2404606-000,2024,RN,IELMO MARINHO,2404606,ABREE,Ponto de consolidação,Ativo,03/12/2022
2611606-047,2024,PE,Recife,2611606,ABREE,PEV fixo,Inativo,20/05/2021
5107198-000,2024,MT,Ribeirãozinho,5107198,Green Eletron,PEV fixo,Ativo,09/12/2024
5200902-000,2024,GO,Amorinópolis,5200902,Green Eletron,PEV fixo,Ativo,05/12/2019
3113602-000,2024,MG,Careaçu,3113602,ABREE,PEV fixo,Ativo,01/09/2024
3550308-337,2024,SP,SÃO PAULO,3550308,Green Eletron,PEV fixo,Ativo,02/08/2023
3304557-183,2024,RJ,Rio de Janeiro,3304557,ABREE,PEV fixo,Ativo,24/07/2023
3305802-000,2024,RJ,TERESÓPOLIS,3305802,Green Eletron,PEV fixo,Ativo,03/10/2022
3515129-000,2024,SP,Emilianópolis,3515129,Green Eletron,Ponto de consolidação,Ativo,02/11/2020
3550308-179,2024,SP,São Paulo,3550308,Green Eletron,PEV fixo,Ativo,01/08/2021
2927408-113,2024,BA,Salvador,2927408,ABREE,PEV fixo,Ativo,02/12/2022
3555406-000,2024,SP,Ubatuba,3555406,ABREE,PEV fixo,Ativo,20/05/2023
3502606-003,2024,SP,  Aparecida d'Oeste ,3502606,ABREE,PEV fixo,Ativo,03/08/2024
3545100-000,2024,SP,Salmourão,3545100,Sistema individual,PEV fixo,Inativo,04/02/2022
3144201-000,2024,MG,NACIP RAYDAN,3144201,ABREE,PEV fixo,Ativo,07/11/2023
2210938-000,2024,PI,SUSSUAPARA,2210938,Green Eletron,PEV fixo,Ativo,05/04/2020
3302403-006,2024,RJ,MACAÉ,3302403,ABREE,PEV fixo,Ativo,07/09/2020
2408300-000,2024,RN,  Nova Cruz ,2408300,ABREE,PEV fixo,Ativo,19/09/2019
3527801-000,2024,SP,LUPÉRCIO,3527801,Sistema individual,Campanha itinerante,Ativo,05/02/2019
2927408-144,2024,BA,Salvador,2927408,Green Eletron,PEV fixo,Ativo,06/07/2023
4213153-000,2024,SC,Planalto Alegre,4213153,ABREE,PEV fixo,Ativo,07/08/2023
3550308-254,2024,SP,Sao Paulo,3550308,ABREE,PEV fixo,Ativo,06/01/2022
2927408-022,2024,BA,Salvador,2927408,ABREE,PEV fixo,Ativo,23/07/2019
3550308-032,2024,SP,Sao Paulo,3550308,ABREE,PEV fixo,Ativo,26/09/2019
3132404-000,2024,MG,Itajubá,3132404,ABREE,PEV fixo,Ativo,23/04/2023
2708204-000,2024,AL,São Brás,2708204,ABREE,PEV fixo,Ativo,19/11/2021
4316436-001,2024,RS,  Saldanha Marinho ,4316436,Sistema individual,Campanha itinerante,Ativo,06/07/2023
2413706-000,2024,RN,Sítio Novo,,Green Eletron,Campanha itinerante,Ativo,13/12/2020
3550308-251,2024,SP,São Paulo,3550308,Green Eletron,PEV fixo,Ativo,11/05/2022
2900900-000,2024,BA,Almadina,2900900,Green Eletron,PEV fixo,Ativo,03/07/2024
5103403-006,2024,MT,CUIABÁ,5103403,Green Eletron,PEV fixo,Ativo,22/03/2021
1503507-000,2024,PA,Irituia,1503507,Green Eletron,PEV fixo,Ativo,04/10/2021
1502764-000,2024,PA,CUMARU DO NORTE,1502764,Green Eletron,PEV fixo,Ativo,28/10/2023
3126000-000,2024,MG,Florestal,3126000,ABREE,PEV fixo,Ativo,05/07/2020
3144706-001,2024,MG,NOVA ERA,3144706,Green Eletron,PEV fixo,Ativo,03/04/2023
3532009-016,2024,SP,MORUNGABA,3532009,Green Eletron,PEV fixo,Ativo,02/09/2023
2911402-000,2024,BA,GLÓRIA,2911402,ABREE,PEV fixo,Ativo,15/06/2024
3550308-142,2024,SP,SÃO PAULO,3550308,ABREE,PEV fixo,Ativo,12/06/2020
1501725-000,2024,PA,Brasil Novo,1501725,ABREE,PEV fixo,Inativo,28/10/2021
3302858-000,2024,RJ,Mesquita,3302858,Green Eletron,PEV fixo,Ativo,11/08/2020
3114600-000,2024,MG,Carrancas,3114600,ABREE,PEV fixo,Ativo,22/06/2020
2611606-066,2024,PE,RECIFE,2611606,ABREE,PEV fixo,Ativo,04/01/2022
3550308-081,2024,SP,SÃO PAULO,3550308,Sistema individual,PEV fixo,Ativo,28/01/2019
4205407-040,2024,SC,Florianópolis,4205407,Green Eletron,Ponto de consolidação,Ativo,04/11/2020
2807105-000,2024,SE,Simao Dias,2807105,Green Eletron,Ponto de consolidação,Ativo,24/09/2019
4205407-036,2024,SC,FLORIANÓPOLIS,4205407,ABREE,PEV fixo,Ativo,09/10/2020
4204301-000,2024,SC,Concórdia,,ABREE,PEV fixo,Ativo,26/06/2023
2204501-000,2024,PI,Guadalupe,2204501,Green Eletron,PEV fixo,Ativo,21/07/2022
3521309-000,2024,SP,Ipua,3521309,ABREE,PEV fixo,Ativo,06/05/2023
3526704-001,2024,SP,Leme,3526704,Green Eletron,PEV fixo,Ativo,15/06/2022
2101301-000,2024,MA,Bacuri,2101301,ABREE,PEV fixo,Ativo,17/04/2024
2920502-002,2024,BA,MARACÁS,2920502,Green Eletron,PEV fixo,Ativo,02/05/2021
3550308-152,2024,SP,São Paulo,3550308,Green Eletron,PEV fixo,Ativo,16/07/2020
3508108-000,2024,SP,BURITAMA,3508108,ABREE,PEV fixo,Ativo,25/06/2022
3302809-000,2024,RJ,MENDES,3302809,ABREE,Ponto de consolidação,Ativo,07/09/2023
3550803-000,2024,SP,São Sebastião da Grama,3550803,ABREE,PEV fixo,Ativo,10/03/2024
3550308-047,2024,SP,São Paulo,3550308,Green Eletron,PEV fixo,Ativo,25/09/2019
3508306-010,2024,SP,CABRÁLIA PAULISTA,3508306,Green Eletron,PEV fixo,Ativo,03/11/2024
1506351-000,2024,PA,  Santa Bárbara do Pará ,1506351,ABREE,Campanha itinerante,Ativo,12/12/2020
2611606-009,2024,PE,  Recife ,2611606,ABREE,PEV fixo,Ativo,11/06/2020
3501103-002,2024,SP,Alto Alegre,3501103,Green Eletron,Campanha itinerante,Ativo,15/05/2021
4119657-000,2024,PR,Pitangueiras,4119657,Green Eletron,Campanha itinerante,Ativo,06/11/2020
3543808-000,2024,SP,Rinópolis,3543808,ABREE,PEV fixo,Ativo,23/04/2022
4205407-014,2024,SC,FLORIANÓPOLIS,4205407,ABREE,PEV fixo,Ativo,15/02/2019
2604809-000,2024,PE,CORTÊS,2604809,Green Eletron,Campanha itinerante,Ativo,10/04/2022
5104500-003,2024,MT,INDIAVAÍ,5104500,Green Eletron,PEV fixo,Ativo,13/08/2024
4314902-077,2024,RS,PORTO ALEGRE,4314902,ABREE,Ponto de consolidação,Ativo,02/08/2021
4314902-113,2024,RS,PORTO ALEGRE,4314902,Green Eletron,PEV fixo,Ativo,18/03/2022
3522703-000,2024,SP,ITÁPOLIS,3522703,ABREE,PEV fixo,Ativo,08/07/2020
2210052-000,2024,PI,São José do Divino,2210052,ABREE,PEV fixo,Ativo,26/06/2019
3125200-000,2024,MG,FAMA,3125200,ABREE,PEV fixo,Ativo,17/12/2022
3555109-014,2024,SP,Tupi Paulista,3555109,ABREE,PEV fixo,Ativo,09/08/2023
4219101-001,2024,SC,Vargeão,4219101,Green Eletron,Campanha itinerante,Ativo,18/02/2022
4106902-025,2024,PR,CURITIBA,4106902,Sistema individual,PEV fixo,Ativo,25/04/2020
3304508-006,2024,RJ,Rio das Flores,3304508,ABREE,PEV fixo,Ativo,24/11/2021
2510303-000,2024,PB,Nova Palmeira,2510303,ABREE,Campanha itinerante,Ativo,19/07/2024
3129707-000,2024,MG,Ibiraci,3129707,Sistema individual,PEV fixo,Ativo,15/12/2019
3514106-000,2024,SP,DOIS CÓRREGOS,3514106,ABREE,PEV fixo,Inativo,03/09/2021
3112703-000,2024,MG,CAPITÃO ENÉAS,3112703,ABREE,PEV fixo,Ativo,28/02/2022
4323200-000,2024,RS,Victor Graeff,4323200,Green Eletron,PEV fixo,Ativo,02/07/2021
3513009-011,2024,SP,Cotia,3513009,Green Eletron,PEV fixo,Ativo,09/06/2023
3106200-287,2024,MG,Belo Horizonte,3106200,ABREE,PEV fixo,Ativo,23/07/2024
5108956-001,2024,MT,NOVA MONTE VERDE,5108956,ABREE,PEV fixo,Ativo,20/11/2020
4107553-000,2024,PR,  Farol ,4107553,ABREE,PEV fixo,Ativo,16/01/2019
5220504-000,2024,GO,Serranópolis,5220504,ABREE,PEV fixo,Ativo,28/01/2022
2111300-049,2024,MA,São Luís,2111300,Green Eletron,PEV fixo,Ativo,28/10/2020
2611606-081,2024,PE,RECIFE,2611606,ABREE,Campanha itinerante,Ativo,17/08/2023
4203501-000,2024,SC,Campo Ere,4203501,ABREE,PEV fixo,Ativo,16/09/2023
4205407-061,2024,SC,Florianópolis,4205407,Green Eletron,PEV fixo,Ativo,13/11/2022
2602902-009,2024,PE,Cabo de Santo Agostinho,2602902,ABREE,Ponto de consolidação,Ativo,28/04/2023
2907004-000,2024,BA,Cardeal da Silva,2907004,Green Eletron,PEV fixo,Ativo,05/05/2022
2602902-006,2024,PE,Cabo de Santo Agostinho,2602902,Green Eletron,PEV fixo,Ativo,28/11/2021
2517100-000,2024,PB,VÁRZEA,2517100,Green Eletron,Campanha itinerante,Ativo,28/02/2021
3542404-000,2024,SP,Regente Feijó,3542404,ABREE,PEV fixo,Ativo,04/09/2022
5003900-000,2024,MS,FIGUEIRÃO,5003900,ABREE,PEV fixo,Ativo,01/09/2021
4205407-044,2024,SC,Florianópolis,4205407,ABREE,Ponto de consolidação,Inativo,14/04/2021
1304260-000,2024,AM,Uarini,1304260,ABREE,PEV fixo,Ativo,12/12/2021
3139300-000,2024,MG,MANGA,3139300,Green Eletron,PEV fixo,Ativo,21/01/2023
3132800-000,2024,MG,Itambé do Mato Dentro,3132800,Green Eletron,PEV fixo,Ativo,04/04/2020
2930501-000,2024,BA,Serrinha,2930501,ABREE,Ponto de consolidação,Ativo,06/10/2021
3304557-081,2024,RJ,Rio de Janeiro,3304557,ABREE,PEV fixo,Ativo,03/05/2021
3544103-002,2024,SP,Rio Grande da Serra,3544103,Sistema individual,PEV fixo,Ativo,04/11/2024
2312007-001,2024,CE,SANTANA DO ACARAÚ,2312007,Green Eletron,PEV fixo,Ativo,05/11/2021
4323705-000,2024,RS,Vista Gaúcha,4323705,Green Eletron,PEV fixo,Ativo,22/05/2022
3550308-019,2024,SP,São Paulo,3550308,ABREE,PEV fixo,Ativo,04/04/2019
3305752-007,2024,RJ,Tanguá,3305752,Green Eletron,PEV fixo,Ativo,06/02/2022
2927408-093,2024,BA,Salvador,2927408,ABREE,PEV fixo,Ativo,12/02/2021
4106902-004,2024,PR,Curitiba,4106902,Green Eletron,PEV fixo,Ativo,12/06/2020
5002902-001,2024,MS,Cassilandia,5002902,ABREE,PEV fixo,Ativo,01/03/2022
3106200-101,2024,MG,BELO HORIZONTE,3106200,Green Eletron,PEV fixo,Ativo,08/09/2021
2610301-005,2024,PE,Paranatama,2610301,ABREE,Campanha itinerante,Ativo,26/09/2023
3204351-000,2024,ES,Rio Bananal,3204351,ABREE,PEV fixo,Ativo,13/07/2020
3304557-152,2024,RJ,RIO DE JANEIRO,3304557,Green Eletron,PEV fixo,Ativo,14/09/2022
2607505-000,2024,PE,Itaíba,2607505,Green Eletron,PEV fixo,Ativo,16/10/2019
3140605-000,2024,MG,Materlândia,3140605,ABREE,Campanha itinerante,Ativo,04/08/2021
5003504-000,2024,MS,Douradina,5003504,ABREE,PEV fixo,Ativo,05/10/2024
1303205-001,2024,AM,Novo Airão,1303205,Sistema individual,Campanha itinerante,Ativo,27/05/2023
2306801-000,2024,CE,JAGUARIBARA,2306801,Sistema individual,PEV fixo,Ativo,08/07/2019
4205001-001,2024,SC,Dionisio Cerqueira,4205001,Green Eletron,PEV fixo,Ativo,27/10/2022
3123601-000,2024,MG,Elói Mendes,3123601,Green Eletron,PEV fixo,Ativo,20/03/2020
3550308-219,2024,SP,São Paulo,3550308,ABREE,Ponto de consolidação,Ativo,02/02/2021
3543006-000,2024,SP,Ribeirão Branco,3543006,ABREE,PEV fixo,Ativo,16/12/2019
5212006-000,2024,GO,Jaupaci,5212006,ABREE,PEV fixo,Ativo,14/04/2023
3536604-000,2024,SP,Paulo de Faria,3536604,Green Eletron,PEV fixo,Ativo,23/02/2024
4106902-058,2024,PR,Curitiba,4106902,Green Eletron,PEV fixo,Ativo,13/12/2022
3550308-084,2024,SP,São Paulo,3550308,Green Eletron,PEV fixo,Ativo,28/10/2019
3545704-000,2024,SP,Santa Albertina,3545704,ABREE,PEV fixo,Ativo,26/10/2024
3550308-326,2024,SP,São Paulo,3550308,ABREE,PEV fixo,Inativo,20/09/2023
3304557-190,2024,RJ,RIO DE JANEIRO,3304557,ABREE,PEV fixo,Ativo,22/04/2023
3106200-050,2024,MG,BELO HORIZONTE,3106200,ABREE,PEV fixo,Ativo,04/12/2020
5006275-000,2024,MS,PARAÍSO DAS ÁGUAS,5006275,Green Eletron,PEV fixo,Ativo,20/10/2019
4306767-000,2024,RS,Eldorado do Sul,4306767,ABREE,PEV fixo,Ativo,06/07/2024
3303005-001,2024,RJ,Miracema,3303005,ABREE,PEV fixo,Ativo,25/02/2022
3515152-000,2024,SP,ENGENHEIRO COELHO,3515152,Sistema individual,PEV fixo,Ativo,01/09/2020
3550308-167,2024,SP,São Paulo,3550308,Green Eletron,Ponto de consolidação,Ativo,26/11/2020
3515509-000,2024,SP,FERNANDÓPOLIS,3515509,Green Eletron,PEV fixo,Ativo,05/07/2019
5212253-000,2024,GO,LAGOA SANTA,5212253,Green Eletron,PEV fixo,Ativo,08/06/2019
2205565-000,2024,PI,Lagoa do Barro do Piauí,2205565,Sistema individual,PEV fixo,Ativo,25/11/2023
2800308-000,2024,SE,ARACAJU,2800308,ABREE,PEV fixo,Ativo,16/09/2019
3304755-001,2024,RJ,  São Francisco de Itabapoana ,3304755,ABREE,PEV fixo,Ativo,16/03/2022
2922656-001,2024,BA,Nordestina,2922656,ABREE,PEV fixo,Ativo,24/01/2019
4128401-005,2024,PR,URAÍ,4128401,Green Eletron,Ponto de consolidação,Ativo,27/06/2023
4304705-000,2024,RS,CARAZINHO,4304705,Green Eletron,PEV fixo,Ativo,25/01/2020
2506509-001,2024,PB,Gurjao,2506509,Green Eletron,PEV fixo,Ativo,27/12/2024
3138609-000,2024,MG,LIMA DUARTE,3138609,ABREE,Campanha itinerante,Ativo,06/09/2024
3149309-000,2024,MG,PEDRO LEOPOLDO,3149309,Green Eletron,PEV fixo,Ativo,02/02/2019
2927408-046,2024,BA,Salvador,2927408,ABREE,PEV fixo,Ativo,13/05/2020
2202604-000,2024,PI,Castelo do Piauí,2202604,Green Eletron,PEV fixo,Ativo,11/05/2022
2105609-000,2024,MA,JOSELÂNDIA,2105609,ABREE,PEV fixo,Ativo,22/03/2022
2410207-000,2024,RN,PORTALEGRE,2410207,ABREE,PEV fixo,Ativo,05/02/2021
4205407-087,2024,SC,Florianopolis,4205407,ABREE,Campanha itinerante,Ativo,16/06/2023
3135704-000,2024,MG,JEQUITIBÁ,3135704,Green Eletron,PEV fixo,Ativo,13/10/2024
3538808-001,2024,SP,Piraju,3538808,ABREE,PEV fixo,Ativo,03/06/2019
2210508-000,2024,PI,São Pedro do Piauí,2210508,Green Eletron,PEV fixo,Ativo,11/12/2021
3203106-000,2024,ES,  Jerônimo Monteiro ,3203106,ABREE,PEV fixo,Ativo,10/02/2022
2600609-000,2024,PE,Alagoinha,2600609,ABREE,PEV fixo,Ativo,05/03/2021
3513405-000,2024,SP,Cruzeiro,3513405,Green Eletron,PEV fixo,Ativo,22/12/2021
3539400-002,2024,SP,Piratininga,3539400,ABREE,PEV fixo,Ativo,12/05/2023
2102408-000,2024,MA,  Cajapió ,2102408,Green Eletron,PEV fixo,Ativo,04/01/2019
4113205-000,2024,PR,LAPA,4113205,ABREE,PEV fixo,Ativo,28/09/2020
2928505-000,2024,BA,Santa Teresinha,2928505,ABREE,PEV fixo,Ativo,13/02/2022
3550308-064,2024,SP,São Paulo,3550308,Sistema individual,Ponto de consolidação,Ativo,07/03/2019
2927408-145,2024,BA,SALVADOR,2927408,Green Eletron,Ponto de consolidação,Ativo,14/01/2023
3516507-000,2024,SP,Gabriel Monteiro,3516507,Green Eletron,PEV fixo,Ativo,18/05/2022
5002704-009,2024,MS,CAMPO GRANDE,5002704,Green Eletron,PEV fixo,Ativo,03/11/2022
3135357-000,2024,MG,JAPONVAR,3135357,Green Eletron,PEV fixo,Ativo,15/05/2024
3502606-001,2024,SP,APARECIDA D'OESTE,3502606,ABREE,PEV fixo,Ativo,28/07/2022
3204500-000,2024,ES,SANTA LEOPOLDINA,3204500,ABREE,Ponto de consolidação,Ativo,09/05/2019
2805000-000,2024,SE,Pedra Mole,2805000,ABREE,PEV fixo,Ativo,27/08/2020
3140209-000,2024,MG,Maripá de Minas,3140209,ABREE,PEV fixo,Ativo,08/09/2023
1100205-009,2024,RO,Porto Velho,1100205,ABREE,PEV fixo,Ativo,04/11/2022
2111300-072,2024,MA,São Luís,2111300,ABREE,PEV fixo,Ativo,04/02/2021
4314175-000,2024,RS,Pedras Altas,4314175,Green Eletron,PEV fixo,Ativo,12/03/2022
2304277-000,2024,CE,Ererê,2304277,Green Eletron,PEV fixo,Ativo,23/08/2023
4211702-000,2024,SC,Orleans,4211702,ABREE,PEV fixo,Ativo,24/09/2019
4302402-000,2024,RS,Bom Retiro do Sul,4302402,Green Eletron,Campanha itinerante,Ativo,14/02/2019
4205456-000,2024,SC,FORQUILHINHA,4205456,ABREE,PEV fixo,Ativo,06/09/2019
3301207-002,2024,RJ,CARMO,3301207,ABREE,PEV fixo,Ativo,26/11/2022
3520442-003,2024,SP,Ilha Solteira,3520442,ABREE,PEV fixo,Ativo,27/11/2024
2800407-000,2024,SE,Arauá,2800407,Green Eletron,PEV fixo,Ativo,28/08/2021
4300604-001,2024,RS,Alvorada,4300604,ABREE,PEV fixo,Ativo,08/09/2024
3544806-000,2024,SP,SALES,3544806,Sistema individual,PEV fixo,Ativo,02/02/2023
3512902-001,2024,SP,Cosmorama,3512902,Sistema individual,Campanha itinerante,Ativo,04/10/2023
3518909-000,2024,SP,GUZOLÂNDIA,3518909,Green Eletron,PEV fixo,Inativo,25/08/2024
1501402-001,2024,PA,Belem,,ABREE,PEV fixo,Ativo,07/12/2020
4311106-000,2024,RS,JAGUARI,4311106,Green Eletron,PEV fixo,Ativo,07/10/2022
4202453-000,2024,SC,Bombinhas,4202453,ABREE,Ponto de consolidação,Ativo,06/07/2021
2111300-008,2024,MA,São Luís,2111300,ABREE,PEV fixo,Ativo,17/10/2019
2310001-001,2024,CE,PALHANO,2310001,Green Eletron,PEV fixo,Ativo,25/08/2022
3525201-004,2024,SP,Jarinu,3525201,Green Eletron,Campanha itinerante,Ativo,05/05/2020
3301108-002,2024,RJ,  Cantagalo ,3301108,ABREE,Ponto de consolidação,Ativo,25/11/2020
5208707-019,2024,GO,Goiânia,5208707,ABREE,PEV fixo,Ativo,11/06/2022
4309100-000,2024,RS,GRAMADO,4309100,Green Eletron,PEV fixo,Ativo,15/09/2021
3106200-021,2024,MG,Belo Horizonte,3106200,Green Eletron,Ponto de consolidação,Ativo,11/09/2020
4314902-005,2024,RS,Porto Alegre,4314902,Sistema individual,PEV fixo,Ativo,20/11/2020
3171501-001,2024,MG,Mathias Lobato,3171501,ABREE,Ponto de consolidação,Ativo,05/04/2023
4205407-020,2024,SC,FLORIANÓPOLIS,4205407,Sistema individual,Campanha itinerante,Ativo,03/01/2019
3502200-000,2024,SP,Angatuba,3502200,Green Eletron,PEV fixo,Ativo,17/07/2024
1507904-000,2024,PA,Soure,1507904,ABREE,PEV fixo,Ativo,07/01/2022
3108701-000,2024,MG,Brás Pires,3108701,ABREE,Ponto de consolidação,Ativo,21/01/2022
2704302-008,2024,AL,Maceió,2704302,Green Eletron,Ponto de consolidação,Ativo,26/07/2022
2111300-012,2024,MA,São Luís,2111300,ABREE,PEV fixo,Ativo,26/02/2019
1500404-000,2024,PA,ALENQUER,1500404,Green Eletron,PEV fixo,Ativo,03/06/2023
3304557-059,2024,RJ,Rio de Janeiro,3304557,ABREE,PEV fixo,Ativo,02/07/2020
3550308-220,2024,SP,  São Paulo ,3550308,ABREE,PEV fixo,Ativo,12/04/2021
4314902-124,2024,RS,Porto Alegre,4314902,ABREE,Campanha itinerante,Ativo,05/01/2022
3106200-195,2024,MG,Belo Horizonte,3106200,ABREE,PEV fixo,Ativo,15/12/2022
4106902-077,2024,PR,Curitiba,4106902,Green Eletron,Campanha itinerante,Ativo,11/04/2023
2313104-000,2024,CE,Tabuleiro do Norte,2313104,ABREE,Campanha itinerante,Ativo,06/12/2020
3106200-154,2024,MG,Belo Horizonte,3106200,ABREE,PEV fixo,Ativo,04/03/2021
3106200-233,2024,MG,Belo Horizonte,3106200,ABREE,PEV fixo,Ativo,22/07/2023
5200829-000,2024,GO,Amaralina,5200829,Green Eletron,PEV fixo,Ativo,26/01/2020
2927408-115,2024,BA,Salvador,2927408,Sistema individual,PEV fixo,Inativo,28/04/2022
4102406-000,2024,PR,BANDEIRANTES,4102406,Green Eletron,PEV fixo,Ativo,08/05/2020
3549409-000,2024,SP,SÃO JOAQUIM DA BARRA,3549409,Green Eletron,Ponto de consolidação,Ativo,28/05/2024
3541901-000,2024,SP,  Queluz ,3541901,ABREE,PEV fixo,Ativo,06/04/2020
3304557-133,2024,RJ,Rio de Janeiro,3304557,Green Eletron,PEV fixo,Ativo,17/10/2022
3302205-000,2024,RJ,Itaperuna,3302205,Green Eletron,Campanha itinerante,Ativo,17/07/2023
1600303-001,2024,AP,Macapá,1600303,ABREE,PEV fixo,Ativo,07/03/2021
2611606-046,2024,PE,RECIFE,2611606,Sistema individual,PEV fixo,Ativo,23/08/2021
3117405-000,2024,MG,Conceicao de Ipanema,3117405,ABREE,PEV fixo,Ativo,01/11/2023
3532306-005,2024,SP,Natividade da Serra,3532306,Sistema individual,PEV fixo,Ativo,11/08/2021
3550308-099,2024,SP,Sao Paulo,3550308,Green Eletron,Campanha itinerante,Ativo,09/11/2019
3106200-166,2024,MG,Belo Horizonte,3106200,Green Eletron,PEV fixo,Ativo,25/07/2022
2111953-000,2024,MA,Sucupira do Riachão,2111953,Green Eletron,PEV fixo,Ativo,06/12/2024
3532900-011,2024,SP,Nova Europa,3532900,ABREE,PEV fixo,Ativo,06/03/2020
2107100-000,2024,MA,Morros,2107100,Green Eletron,PEV fixo,Ativo,22/05/2020
4111506-000,2024,PR,  Ivaiporã ,4111506,ABREE,PEV fixo,Ativo,25/02/2020
1720937-000,2024,TO,  Taipas do Tocantins ,1720937,Green Eletron,PEV fixo,Ativo,04/01/2024
2704302-004,2024,AL,Maceió,2704302,ABREE,Ponto de consolidação,Ativo,26/06/2021
3519253-000,2024,SP,Iaras,3519253,ABREE,PEV fixo,Ativo,24/05/2022
3523701-000,2024,SP,Itirapuã,3523701,ABREE,PEV fixo,Ativo,19/02/2022
5213855-000,2024,GO,Morro Agudo de Goiás,5213855,Sistema individual,PEV fixo,Ativo,25/10/2021
3106200-290,2024,MG,BELO HORIZONTE,3106200,Green Eletron,Ponto de consolidação,Ativo,26/06/2024
3148509-000,2024,MG,Pavão,3148509,Green Eletron,PEV fixo,Ativo,25/09/2021
2205706-000,2024,PI,Luís Correia,2205706,ABREE,Ponto de consolidação,Ativo,24/03/2020
3164001-000,2024,MG,São Pedro dos Ferros,3164001,ABREE,Ponto de consolidação,Ativo,27/02/2022
5107156-000,2024,MT,Reserva do Cabaçal,5107156,Green Eletron,PEV fixo,Ativo,03/10/2020
3304508-017,2024,RJ,Rio das Flores,3304508,ABREE,PEV fixo,Ativo,13/07/2024
3136009-001,2024,MG,Joaíma,3136009,ABREE,PEV fixo,Ativo,07/10/2024
2615102-005,2024,PE,TEREZINHA,2615102,Green Eletron,PEV fixo,Ativo,20/11/2021
3304201-005,2024,RJ,RESENDE,3304201,ABREE,Ponto de consolidação,Ativo,20/06/2024
3304524-000,2024,RJ,Rio das Ostras,3304524,Green Eletron,PEV fixo,Ativo,01/09/2019
1504208-004,2024,PA,Marabá,1504208,ABREE,PEV fixo,Ativo,07/07/2021
4214904-000,2024,SC,Rio Fortuna,4214904,ABREE,PEV fixo,Ativo,20/01/2023
2304251-011,2024,CE,Cruz,2304251,ABREE,PEV fixo,Ativo,22/02/2023
3302403-002,2024,RJ,MACAÉ,3302403,Green Eletron,PEV fixo,Ativo,12/07/2019
3532009-007,2024,SP,Morungaba,,ABREE,PEV fixo,Ativo,22/12/2020
1100700-000,2024,RO,Campo Novo de Rondônia,1100700,Green Eletron,PEV fixo,Ativo,03/08/2022
2207959-000,2024,PI,Nova Santa Rita,2207959,ABREE,PEV fixo,Ativo,01/08/2022
5107040-000,2024,MT,PRIMAVERA DO LESTE,5107040,ABREE,PEV fixo,Ativo,10/10/2020
2211001-010,2024,PI,Teresina,2211001,ABREE,PEV fixo,Ativo,20/07/2020
4105706-000,2024,PR,Clevelândia,4105706,ABREE,Ponto de consolidação,Ativo,14/06/2023
5222302-000,2024,GO,Vila Propício,5222302,ABREE,PEV fixo,Ativo,27/11/2019
4106902-036,2024,PR,  Curitiba ,4106902,ABREE,Campanha itinerante,Ativo,22/05/2021
4314902-105,2024,RS,Porto Alegre,4314902,ABREE,PEV fixo,Ativo,17/03/2022
3106200-119,2024,MG,BELO HORIZONTE,3106200,ABREE,Campanha itinerante,Ativo,24/01/2021
1710706-000,2024,TO,ITAGUATINS,1710706,ABREE,PEV fixo,Ativo,23/12/2021
3106200-261,2024,MG,Belo Horizonte,3106200,ABREE,PEV fixo,Ativo,09/10/2023
3155603-000,2024,MG,Rio Pardo de Minas,3155603,ABREE,PEV fixo,Ativo,03/05/2021
3304557-033,2024,RJ,Rio de Janeiro,3304557,Green Eletron,Ponto de consolidação,Ativo,06/01/2020
3534302-000,2024,SP,Orlândia,3534302,ABREE,PEV fixo,Ativo,02/08/2022
3300902-000,2024,RJ,  Cambuci ,3300902,Green Eletron,Campanha itinerante,Ativo,18/05/2019
3550308-238,2024,SP,São Paulo,3550308,ABREE,PEV fixo,Ativo,03/07/2021
3550308-207,2024,SP,São Paulo,3550308,ABREE,PEV fixo,Ativo,07/07/2021
2509800-000,2024,PB,Mulungu,2509800,ABREE,PEV fixo,Ativo,27/05/2024
3547502-000,2024,SP,Santa Rita do Passa Quatro,3547502,ABREE,PEV fixo,Ativo,24/04/2019
1304260-002,2024,AM,Uarini,1304260,ABREE,PEV fixo,Ativo,16/01/2022
4201307-001,2024,SC,Araquari,,ABREE,PEV fixo,Ativo,28/03/2020
2111300-031,2024,MA,São Luís,2111300,ABREE,Ponto de consolidação,Ativo,28/04/2019
5221700-000,2024,GO,Uruana,5221700,ABREE,PEV fixo,Ativo,17/08/2022
2107605-000,2024,MA,PALMEIRÂNDIA,2107605,ABREE,PEV fixo,Ativo,08/10/2019
4314902-162,2024,RS,Porto Alegre,4314902,Green Eletron,Ponto de consolidação,Ativo,09/07/2024
3532900-024,2024,SP,Nova Europa,3532900,ABREE,Ponto de consolidação,Ativo,20/01/2023
5208707-010,2024,GO,Goiânia,5208707,Sistema individual,Ponto de consolidação,Ativo,25/06/2020
4314902-121,2024,RS,Porto Alegre,4314902,Green Eletron,PEV fixo,Ativo,11/05/2022
2506103-000,2024,PB,Fagundes,2506103,ABREE,PEV fixo,Ativo,15/02/2023
3546009-005,2024,SP,Santa Branca,3546009,Green Eletron,Campanha itinerante,Ativo,12/11/2021
2800308-004,2024,SE,Aracaju,2800308,Green Eletron,Campanha itinerante,Ativo,07/06/2019
3301108-020,2024,RJ,Cantagalo,3301108,Green Eletron,PEV fixo,Ativo,20/09/2022
4205407-076,2024,SC,Florianópolis,4205407,Green Eletron,Campanha itinerante,Ativo,27/02/2022
3202454-006,2024,ES,Ibatiba,3202454,ABREE,PEV fixo,Ativo,18/12/2024
3113701-000,2024,MG,CARLOS CHAGAS,3113701,Green Eletron,Ponto de consolidação,Ativo,24/08/2024
3304557-163,2024,RJ,Rio de Janeiro,3304557,ABREE,PEV fixo,Ativo,21/03/2023
4318440-000,2024,RS,Sao Jorge,4318440,ABREE,Ponto de consolidação,Ativo,22/12/2019
3532009-006,2024,SP,Morungaba,3532009,Green Eletron,PEV fixo,Ativo,24/05/2020
3159506-000,2024,MG,Santa Rita do Itueto,3159506,Sistema individual,PEV fixo,Ativo,25/01/2024
3525607-006,2024,SP,João Ramalho,3525607,ABREE,PEV fixo,Ativo,27/11/2023
4300851-001,2024,RS,Arambare,4300851,ABREE,PEV fixo,Ativo,12/03/2024
5300108-094,2024,DF,Brasília,5300108,ABREE,PEV fixo,Ativo,01/09/2023
3550308-096,2024,SP,São Paulo,3550308,Green Eletron,PEV fixo,Ativo,17/11/2019
5215207-000,2024,GO,Novo Brasil,5215207,ABREE,Ponto de consolidação,Ativo,21/03/2019
1501402-007,2024,PA,Belém,1501402,ABREE,PEV fixo,Ativo,10/08/2020
2704302-003,2024,AL,Maceió,2704302,Sistema individual,Ponto de consolidação,Ativo,02/07/2020
3515608-001,2024,SP,Fernando Prestes,3515608,Green Eletron,PEV fixo,Ativo,13/06/2023
2611606-086,2024,PE,Recife,2611606,ABREE,PEV fixo,Ativo,17/03/2023
2204550-000,2024,PI,GUARIBAS,2204550,Green Eletron,PEV fixo,Ativo,09/11/2021
2927408-134,2024,BA,Salvador,2927408,Sistema individual,Campanha itinerante,Ativo,13/10/2023
3550308-025,2024,SP,Sao Paulo,3550308,Green Eletron,PEV fixo,Ativo,12/11/2019
4205407-025,2024,SC,Florianópolis,4205407,Green Eletron,PEV fixo,Ativo,27/01/2019
3550308-029,2024,SP,  São Paulo ,3550308,ABREE,PEV fixo,Ativo,06/08/2019
1508001-003,2024,PA,  Tomé-Açu ,1508001,ABREE,PEV fixo,Inativo,16/06/2024
4322558-000,2024,RS,Vanini,4322558,ABREE,PEV fixo,Ativo,28/12/2023
2908408-000,2024,BA,Conceicao do Coite,2908408,ABREE,PEV fixo,Ativo,04/07/2020
3127339-003,2024,MG,GAMELEIRAS,3127339,ABREE,PEV fixo,Ativo,03/10/2023
3521507-000,2024,SP,Irapuã,3521507,Green Eletron,PEV fixo,Inativo,18/07/2019
3515194-003,2024,SP,Espírito Santo do Turvo,3515194,ABREE,PEV fixo,Ativo,06/12/2022
2904050-000,2024,BA,Bonito,2904050,ABREE,PEV fixo,Ativo,27/11/2021
3118106-000,2024,MG,  Congonhas do Norte ,3118106,ABREE,PEV fixo,Ativo,02/05/2019
2927408-061,2024,BA,Salvador,2927408,Green Eletron,PEV fixo,Ativo,03/07/2020
2304400-034,2024,CE,Fortaleza,2304400,Green Eletron,PEV fixo,Ativo,28/03/2020
3302403-004,2024,RJ,MACAÉ,3302403,ABREE,PEV fixo,Ativo,12/10/2019
5300108-001,2024,DF,Brasília,5300108,Green Eletron,PEV fixo,Ativo,17/08/2019
2112209-004,2024,MA,Timon,2112209,ABREE,PEV fixo,Ativo,03/10/2024
3541653-005,2024,SP,Quadra,3541653,ABREE,PEV fixo,Ativo,26/05/2022
2403202-000,2024,RN,Doutor Severiano,2403202,Green Eletron,Ponto de consolidação,Ativo,27/01/2022
4115200-000,2024,PR,  Maringá ,4115200,ABREE,PEV fixo,Ativo,25/10/2021
4205407-042,2024,SC,Florianópolis,4205407,Green Eletron,Campanha itinerante,Ativo,15/11/2020
3304557-105,2024,RJ,Rio de Janeiro,3304557,Sistema individual,PEV fixo,Ativo,24/04/2021
3106200-197,2024,MG,Belo Horizonte,3106200,Green Eletron,Campanha itinerante,Ativo,20/07/2022
2408102-007,2024,RN,NATAL,2408102,Green Eletron,Ponto de consolidação,Ativo,23/08/2020
5221577-000,2024,GO,  Uirapuru ,5221577,Sistema individual,PEV fixo,Ativo,03/03/2023
5104500-000,2024,MT,INDIAVAÍ,5104500,ABREE,PEV fixo,Ativo,17/05/2021
3512506-002,2024,SP,Coroados,3512506,ABREE,Ponto de consolidação,Ativo,12/06/2024
4303301-000,2024,RS,  Caibaté ,4303301,Green Eletron,PEV fixo,Ativo,06/08/2022
2304400-059,2024,CE,Fortaleza,2304400,Green Eletron,Ponto de consolidação,Ativo,23/09/2021
3304151-000,2024,RJ,Quissamã,3304151,ABREE,PEV fixo,Ativo,25/05/2020
3305505-000,2024,RJ,Saquarema,3305505,Sistema individual,PEV fixo,Ativo,04/08/2021
3141702-001,2024,MG,MESQUITA,3141702,ABREE,Ponto de consolidação,Ativo,19/01/2024
2103158-000,2024,MA,CENTRO DO GUILHERME,2103158,ABREE,Ponto de consolidação,Ativo,14/01/2022
2924306-000,2024,BA,Piata,2924306,Green Eletron,PEV fixo,Ativo,16/04/2019
3537404-002,2024,SP,Pereira Barreto,3537404,Green Eletron,PEV fixo,Ativo,27/12/2021
3550308-188,2024,SP,SÃO PAULO,3550308,ABREE,PEV fixo,Ativo,17/08/2021
5218052-000,2024,GO,Porteirão,5218052,Green Eletron,PEV fixo,Ativo,15/12/2020
3117702-000,2024,MG,Conceição do Rio Verde,3117702,Green Eletron,PEV fixo,Ativo,24/12/2021
2207306-000,2024,PI,  Paes Landim ,2207306,Green Eletron,PEV fixo,Ativo,27/05/2019
3205150-000,2024,ES,VILA PAVÃO,3205150,ABREE,PEV fixo,Ativo,25/04/2020
3106200-135,2024,MG,  Belo Horizonte ,3106200,Sistema individual,PEV fixo,Ativo,11/09/2021
3304557-134,2024,RJ,Rio de Janeiro,3304557,Green Eletron,PEV fixo,Ativo,18/02/2022
3110707-000,2024,MG,Cambuquira,3110707,Sistema individual,PEV fixo,Ativo,05/01/2019
4319406-000,2024,RS,São Pedro do Sul,4319406,ABREE,PEV fixo,Ativo,19/04/2019
4104501-000,2024,PR,Capanema,4104501,Green Eletron,Ponto de consolidação,Ativo,17/06/2024
3538808-035,2024,SP,Piraju,3538808,Green Eletron,Ponto de consolidação,Ativo,07/04/2023
3532900-009,2024,SP,  Nova Europa ,3532900,Green Eletron,PEV fixo,Ativo,17/12/2020
2507507-013,2024,PB,João Pessoa,2507507,ABREE,PEV fixo,Ativo,11/12/2022
2927408-053,2024,BA,SALVADOR,2927408,Green Eletron,Ponto de consolidação,Ativo,01/01/2020
4212007-000,2024,SC,  Palma Sola ,4212007,ABREE,PEV fixo,Ativo,09/04/2023
3106200-099,2024,MG,Belo Horizonte,3106200,Sistema individual,PEV fixo,Ativo,15/12/2021
4106902-084,2024,PR,CURITIBA,4106902,Green Eletron,Campanha itinerante,Ativo,09/04/2023
3550308-044,2024,SP,Sao Paulo,,ABREE,PEV fixo,Ativo,02/06/2019
3537107-000,2024,SP,Pedreira,3537107,Green Eletron,PEV fixo,Ativo,11/03/2023
3101706-000,2024,MG,Almenara,3101706,ABREE,Campanha itinerante,Ativo,24/10/2021
4204251-000,2024,SC,Cocal do Sul,4204251,Sistema individual,PEV fixo,Ativo,24/05/2023
3106200-049,2024,MG,Belo Horizonte,3106200,Green Eletron,PEV fixo,Ativo,04/07/2020
4302055-000,2024,RS,Benjamin Constant do Sul,4302055,Green Eletron,Ponto de consolidação,Ativo,13/09/2022
3304557-047,2024,RJ,Rio de Janeiro,3304557,ABREE,PEV fixo,Ativo,03/11/2020
2502607-000,2024,PB,Igaracy,2502607,Sistema individual,PEV fixo,Ativo,24/05/2024
2927408-142,2024,BA,Salvador,2927408,Green Eletron,PEV fixo,Ativo,02/11/2023
5202809-000,2024,GO,Avelinópolis,5202809,ABREE,PEV fixo,Ativo,04/06/2021
4114807-000,2024,PR,Marialva,4114807,ABREE,PEV fixo,Ativo,16/02/2022
3503000-000,2024,SP,ARAMINA,3503000,ABREE,PEV fixo,Ativo,06/10/2022
3304557-078,2024,RJ,Rio de Janeiro,3304557,ABREE,Ponto de consolidação,Ativo,05/06/2021
2304657-000,2024,CE,Graça,2304657,Green Eletron,PEV fixo,Ativo,17/04/2019
1507151-006,2024,PA,São Domingos do Araguaia,1507151,ABREE,PEV fixo,Ativo,21/06/2023
2916500-000,2024,BA,ITAPICURU,2916500,ABREE,PEV fixo,Ativo,03/11/2020
3510708-003,2024,SP,Cardoso,3510708,Sistema individual,PEV fixo,Ativo,17/07/2023
5204904-000,2024,GO,Campos Belos,5204904,Green Eletron,PEV fixo,Ativo,12/09/2023
3553955-005,2024,SP,Tarumã,3553955,Sistema individual,PEV fixo,Ativo,10/09/2024
2927408-110,2024,BA,SALVADOR,2927408,ABREE,Campanha itinerante,Ativo,23/04/2022
4311809-001,2024,RS,Marau,4311809,Green Eletron,PEV fixo,Ativo,10/08/2023
3539301-003,2024,SP,  Pirassununga ,3539301,ABREE,PEV fixo,Ativo,03/07/2023
4215687-000,2024,SC,Santa Terezinha do Progresso,4215687,ABREE,PEV fixo,Ativo,02/07/2021
2111748-000,2024,MA,SENADOR ALEXANDRE COSTA,2111748,Green Eletron,PEV fixo,Ativo,13/10/2021
3106200-011,2024,MG,Belo Horizonte,3106200,Green Eletron,PEV fixo,Ativo,06/08/2020
3106200-208,2024,MG,Belo Horizonte,3106200,Green Eletron,PEV fixo,Ativo,18/10/2022
2304400-012,2024,CE,Fortaleza,2304400,Green Eletron,PEV fixo,Ativo,10/05/2019
2611606-048,2024,PE,Recife,2611606,ABREE,PEV fixo,Ativo,27/10/2021
2704906-000,2024,AL,Mar Vermelho,2704906,Green Eletron,PEV fixo,Inativo,07/09/2021
3150109-000,2024,MG,PIAU,3150109,ABREE,PEV fixo,Ativo,13/01/2019
4317905-002,2024,RS,  Santo Cristo ,4317905,Green Eletron,PEV fixo,Ativo,14/01/2023
2412203-000,2024,RN,  São José de Mipibu ,2412203,Green Eletron,PEV fixo,Ativo,19/07/2021
2616308-000,2024,PE,  Vicência ,2616308,Sistema individual,PEV fixo,Ativo,03/11/2022
3202207-000,2024,ES,Fundão,3202207,Green Eletron,PEV fixo,Ativo,26/03/2024
4106308-000,2024,PR,Corbélia,4106308,ABREE,PEV fixo,Ativo,27/04/2019
5300108-092,2024,DF,Brasília,5300108,ABREE,PEV fixo,Ativo,15/08/2022
3302700-013,2024,RJ,MARICÁ,3302700,Green Eletron,PEV fixo,Ativo,08/11/2022
1505536-000,2024,PA,Parauapebas,1505536,ABREE,PEV fixo,Ativo,05/04/2021
3106200-267,2024,MG,Belo Horizonte,3106200,ABREE,PEV fixo,Ativo,03/08/2023
4314902-053,2024,RS,PORTO ALEGRE,,Sistema individual,PEV fixo,Ativo,11/09/2021
2616308-001,2024,PE,Vicencia,2616308,Green Eletron,PEV fixo,Ativo,21/12/2023
2705507-000,2024,AL,MURICI,2705507,Green Eletron,Ponto de consolidação,Ativo,27/12/2024
4106902-037,2024,PR,Curitiba,4106902,ABREE,PEV fixo,Ativo,27/06/2021
2300705-006,2024,CE,Alto Santo,2300705,ABREE,PEV fixo,Ativo,16/07/2021
3520707-000,2024,SP,INDIAPORÃ,3520707,ABREE,PEV fixo,Ativo,13/03/2022
5002704-000,2024,MS,CAMPO GRANDE,5002704,ABREE,PEV fixo,Ativo,20/02/2020
2615102-001,2024,PE,  Terezinha ,2615102,Green Eletron,PEV fixo,Ativo,08/04/2019
4306551-000,2024,RS,  Dom Pedro de Alcântara ,4306551,Green Eletron,PEV fixo,Ativo,22/03/2021
3124104-001,2024,MG,Esmeraldas,3124104,Green Eletron,PEV fixo,Ativo,22/12/2022
3507704-000,2024,SP,Braúna,3507704,ABREE,PEV fixo,Ativo,16/07/2023
2100055-000,2024,MA,Açailândia,2100055,ABREE,PEV fixo,Ativo,03/05/2024
4106902-035,2024,PR,Curitiba,4106902,ABREE,PEV fixo,Ativo,13/10/2021
2516755-000,2024,PB,Tenório,2516755,Green Eletron,PEV fixo,Ativo,17/04/2019
3549250-004,2024,SP,Sao Joao de Iracema,3549250,ABREE,PEV fixo,Ativo,28/03/2021
3302908-004,2024,RJ,Miguel Pereira,3302908,Green Eletron,PEV fixo,Ativo,07/11/2021
4105300-000,2024,PR,Céu Azul,4105300,ABREE,PEV fixo,Ativo,28/03/2022
2931301-002,2024,BA,TAPIRAMUTÁ,2931301,Green Eletron,PEV fixo,Ativo,08/03/2023
5300108-079,2024,DF,BRASÍLIA,5300108,Green Eletron,PEV fixo,Ativo,05/12/2022
2312007-000,2024,CE,Santana do Acarau,2312007,ABREE,PEV fixo,Ativo,15/02/2021
2309458-000,2024,CE,Ocara,2309458,ABREE,PEV fixo,Ativo,24/02/2024
3106200-130,2024,MG,BELO HORIZONTE,3106200,ABREE,PEV fixo,Ativo,16/09/2021
4319158-000,2024,RS,Sao Miguel das Missoes,4319158,ABREE,PEV fixo,Ativo,16/07/2024
2111300-074,2024,MA,São Luís,2111300,ABREE,PEV fixo,Ativo,09/06/2022
4314902-151,2024,RS,Porto Alegre,4314902,Green Eletron,PEV fixo,Ativo,21/07/2023
3304557-065,2024,RJ,Rio de Janeiro,3304557,ABREE,PEV fixo,Ativo,15/07/2020
5101001-003,2024,MT,Araguaiana,5101001,Green Eletron,Ponto de consolidação,Ativo,17/03/2024
2902005-000,2024,BA,Aracatu,2902005,ABREE,PEV fixo,Ativo,13/11/2020
2506202-000,2024,PB,FREI MARTINHO,2506202,ABREE,Campanha itinerante,Ativo,19/05/2019
3304557-202,2024,RJ,  Rio de Janeiro ,3304557,ABREE,PEV fixo,Ativo,20/10/2023
3525854-000,2024,SP,Jumirim,3525854,Green Eletron,PEV fixo,Ativo,08/06/2021
3526803-004,2024,SP,Lencois Paulista,3526803,ABREE,PEV fixo,Ativo,23/10/2021
2924652-000,2024,BA,PINTADAS,2924652,ABREE,PEV fixo,Ativo,15/02/2019
2602704-001,2024,PE,Buenos Aires,2602704,Green Eletron,PEV fixo,Ativo,11/12/2022
3140308-000,2024,MG,Marliéria,3140308,ABREE,PEV fixo,Ativo,03/03/2023
3550308-332,2024,SP,Sao Paulo,3550308,ABREE,PEV fixo,Ativo,06/11/2023
2509107-000,2024,PB,Mari,2509107,ABREE,Campanha itinerante,Ativo,14/08/2020
3166204-001,2024,MG,Senhora dos Remédios,3166204,Green Eletron,Ponto de consolidação,Ativo,09/06/2023
3302502-008,2024,RJ,Magé,3302502,Green Eletron,PEV fixo,Ativo,11/11/2023
2903235-003,2024,BA,BARRO ALTO,2903235,Sistema individual,PEV fixo,Ativo,05/01/2023
3205036-000,2024,ES,Vargem Alta,3205036,Green Eletron,Ponto de consolidação,Ativo,14/10/2023
2210383-000,2024,PI,São Miguel da Baixa Grande,2210383,Green Eletron,Campanha itinerante,Ativo,07/03/2023
1505494-000,2024,PA,PALESTINA DO PARÁ,1505494,ABREE,PEV fixo,Ativo,06/03/2024
1501402-003,2024,PA,Belém,1501402,Green Eletron,PEV fixo,Ativo,08/10/2020
4106902-057,2024,PR,Curitiba,4106902,ABREE,PEV fixo,Ativo,19/02/2022
1721000-011,2024,TO,Palmas,1721000,Sistema individual,PEV fixo,Ativo,01/09/2022
2800308-011,2024,SE,Aracaju,2800308,ABREE,PEV fixo,Ativo,14/02/2020
3150901-000,2024,MG,Piranguçu,3150901,Green Eletron,PEV fixo,Ativo,14/08/2023
3550308-267,2024,SP,  São Paulo ,3550308,ABREE,PEV fixo,Ativo,08/10/2022
4205704-001,2024,SC,Garopaba,4205704,Green Eletron,PEV fixo,Ativo,04/07/2022
3538808-017,2024,SP,Piraju,3538808,Sistema individual,PEV fixo,Ativo,20/03/2020
5300108-052,2024,DF,Brasília,5300108,Green Eletron,PEV fixo,Ativo,08/08/2021
3550308-027,2024,SP,Sao Paulo,3550308,Green Eletron,Campanha itinerante,Ativo,28/05/2019
3550308-018,2024,SP,São Paulo,3550308,ABREE,PEV fixo,Ativo,10/03/2019
3106200-146,2024,MG,  Belo Horizonte ,3106200,Green Eletron,Campanha itinerante,Ativo,24/06/2021
2313757-000,2024,CE,Umirim,2313757,ABREE,PEV fixo,Ativo,21/02/2024
4205407-071,2024,SC,Florianópolis,4205407,ABREE,PEV fixo,Ativo,02/05/2022
3118908-000,2024,MG,Cordisburgo,3118908,Green Eletron,Ponto de consolidação,Ativo,16/05/2019
4220000-004,2024,SC,Balneário Rincão,4220000,ABREE,PEV fixo,Ativo,26/03/2024
3106200-234,2024,MG,Belo Horizonte,3106200,ABREE,PEV fixo,Ativo,23/10/2023
2611606-090,2024,PE,Recife,2611606,ABREE,PEV fixo,Ativo,16/06/2023
2207850-001,2024,PI,Pavussu,2207850,Green Eletron,PEV fixo,Ativo,16/08/2022
3106200-302,2024,MG,BELO HORIZONTE,3106200,Green Eletron,Ponto de consolidação,Ativo,09/05/2024
2501203-000,2024,PB,Areial,2501203,Green Eletron,PEV fixo,Ativo,27/05/2023
3115003-000,2024,MG,  Cascalho Rico ,3115003,ABREE,Ponto de consolidação,Ativo,12/07/2022
3301108-017,2024,RJ,Cantagalo,3301108,ABREE,PEV fixo,Ativo,06/02/2022
4106902-074,2024,PR,Curitiba,4106902,Green Eletron,PEV fixo,Ativo,15/07/2023
3300407-000,2024,RJ,Barra Mansa,3300407,ABREE,PEV fixo,Ativo,07/09/2023
3106200-076,2024,MG,Belo Horizonte,3106200,ABREE,PEV fixo,Ativo,02/11/2020
3304557-007,2024,RJ,Rio de Janeiro,3304557,ABREE,PEV fixo,Ativo,13/05/2020
5300108-058,2024,DF,Brasília,5300108,ABREE,PEV fixo,Ativo,08/05/2021
3538808-015,2024,SP,PIRAJU,3538808,Sistema individual,Campanha itinerante,Ativo,04/03/2020
4106902-068,2024,PR,Curitiba,4106902,ABREE,PEV fixo,Ativo,21/09/2023
4315800-000,2024,RS,ROCA SALES,4315800,ABREE,PEV fixo,Ativo,23/06/2019
3506904-007,2024,SP,Bofete,3506904,ABREE,PEV fixo,Ativo,10/10/2024
3532603-001,2024,SP,  Nhandeara ,3532603,ABREE,PEV fixo,Ativo,01/06/2021
3553955-002,2024,SP,Taruma,3553955,Green Eletron,PEV fixo,Ativo,03/07/2022
4106902-027,2024,PR,Curitiba,4106902,ABREE,PEV fixo,Ativo,24/11/2020
1301951-002,2024,AM,  Itamarati ,1301951,ABREE,PEV fixo,Ativo,08/02/2021
3517703-004,2024,SP,Guará,3517703,Green Eletron,PEV fixo,Ativo,27/03/2023
2402709-000,2024,RN,Cerro Cora,2402709,Green Eletron,PEV fixo,Ativo,24/05/2022
2605806-004,2024,PE,FREI MIGUELINHO,2605806,Green Eletron,PEV fixo,Ativo,17/02/2021
1302553-002,2024,AM,MANAQUIRI,1302553,ABREE,PEV fixo,Ativo,23/03/2024
3167400-000,2024,MG,SILVIANÓPOLIS,3167400,Green Eletron,PEV fixo,Ativo,28/07/2022
2912608-000,2024,BA,Ibiquera,2912608,Green Eletron,PEV fixo,Ativo,26/06/2022
2927408-125,2024,BA,SALVADOR,,Green Eletron,PEV fixo,Ativo,03/11/2022
4106902-038,2024,PR,CURITIBA,4106902,ABREE,PEV fixo,Ativo,07/04/2021
1100205-002,2024,RO,Porto Velho,1100205,ABREE,PEV fixo,Ativo,01/02/2020
5300108-032,2024,DF,Brasilia,5300108,Green Eletron,PEV fixo,Ativo,12/06/2020
2111300-057,2024,MA,São Luís,2111300,Green Eletron,PEV fixo,Ativo,28/01/2021
4313953-000,2024,RS,Pantano Grande,,ABREE,PEV fixo,Ativo,14/01/2019
2927408-077,2024,BA,Salvador,2927408,Green Eletron,PEV fixo,Ativo,03/03/2021
4205407-018,2024,SC,Florianópolis,4205407,Green Eletron,PEV fixo,Ativo,11/02/2019
3526209-000,2024,SP,Juquitiba,3526209,Green Eletron,PEV fixo,Ativo,07/06/2020
2611606-016,2024,PE,Recife,2611606,ABREE,Ponto de consolidação,Ativo,01/09/2020
3550308-184,2024,SP,SÃO PAULO,3550308,ABREE,PEV fixo,Ativo,12/09/2021
2904308-000,2024,BA,Brejões,2904308,Green Eletron,Ponto de consolidação,Inativo,11/09/2019
2205516-001,2024,PI,  Juazeiro do Piauí ,2205516,ABREE,PEV fixo,Ativo,11/11/2024
4304309-000,2024,RS,Cândido Godói,4304309,ABREE,PEV fixo,Ativo,22/11/2022
2920452-000,2024,BA,Mansidão,2920452,Green Eletron,PEV fixo,Ativo,03/08/2023
3550308-210,2024,SP,Sao Paulo,3550308,ABREE,Campanha itinerante,Ativo,17/07/2021
1720309-001,2024,TO,SÃO SEBASTIÃO DO TOCANTINS,1720309,Green Eletron,PEV fixo,Ativo,02/01/2024
2503753-000,2024,PB,Cajazeirinhas,2503753,Green Eletron,Ponto de consolidação,Ativo,10/03/2019
4205407-016,2024,SC,FLORIANÓPOLIS,4205407,ABREE,PEV fixo,Ativo,16/02/2019
3553807-002,2024,SP,TAQUARITUBA,3553807,Green Eletron,PEV fixo,Ativo,12/06/2023
2909901-001,2024,BA,Curaca,2909901,ABREE,PEV fixo,Ativo,04/05/2023
2931350-000,2024,BA,Teixeira de Freitas,2931350,Green Eletron,PEV fixo,Ativo,12/08/2019
3106200-171,2024,MG,BELO HORIZONTE,3106200,ABREE,PEV fixo,Ativo,22/03/2022
3304557-071,2024,RJ,  Rio de Janeiro ,3304557,ABREE,Ponto de consolidação,Ativo,14/11/2021
3541406-000,2024,SP,Presidente Prudente,3541406,Green Eletron,PEV fixo,Ativo,10/01/2019
1304203-000,2024,AM,TEFÉ,1304203,ABREE,PEV fixo,Ativo,23/02/2022
3503703-006,2024,SP,Ariranha,3503703,Green Eletron,PEV fixo,Ativo,26/02/2022
3302304-000,2024,RJ,LAJE DO MURIAÉ,3302304,ABREE,PEV fixo,Ativo,14/10/2023
3202454-004,2024,ES,IBATIBA,3202454,Green Eletron,PEV fixo,Ativo,11/10/2023
3302403-010,2024,RJ,MACAÉ,3302403,ABREE,PEV fixo,Ativo,13/11/2021
1501402-014,2024,PA,Belém,1501402,ABREE,PEV fixo,Ativo,16/07/2021
3301405-002,2024,RJ,Conceicao de Macabu,3301405,ABREE,PEV fixo,Inativo,12/02/2019
4106902-007,2024,PR,Curitiba,4106902,ABREE,PEV fixo,Ativo,14/04/2020
3152808-000,2024,MG,Prata,3152808,ABREE,PEV fixo,Ativo,14/12/2022
3304557-177,2024,RJ,Rio de Janeiro,3304557,ABREE,PEV fixo,Ativo,18/12/2023
3160207-007,2024,MG,Santo Antonio do Itambe,3160207,ABREE,PEV fixo,Ativo,16/01/2021
4317509-000,2024,RS,Santo Ângelo,4317509,Green Eletron,PEV fixo,Ativo,25/08/2024
2923035-000,2024,BA,Novo Horizonte,2923035,ABREE,PEV fixo,Ativo,11/05/2021
1200401-003,2024,AC,Rio Branco,1200401,ABREE,PEV fixo,Ativo,14/02/2020
2803500-000,2024,SE,Lagarto,2803500,ABREE,PEV fixo,Ativo,02/02/2023
1503200-000,2024,PA,Igarapé-Açu,1503200,Green Eletron,PEV fixo,Ativo,13/06/2024
1508209-008,2024,PA,Vigia,1508209,ABREE,PEV fixo,Ativo,27/07/2022
3500907-000,2024,SP,Altair,3500907,ABREE,PEV fixo,Ativo,27/11/2020
5102678-000,2024,MT,Campo Verde,5102678,Green Eletron,Campanha itinerante,Ativo,19/05/2019
1100379-000,2024,RO,Alto Alegre dos Parecis,1100379,Green Eletron,PEV fixo,Ativo,23/07/2024
3550308-314,2024,SP,Sao Paulo,3550308,Green Eletron,PEV fixo,Ativo,26/06/2022
2616001-000,2024,PE,Venturosa,2616001,ABREE,PEV fixo,Ativo,16/07/2020
5106653-000,2024,MT,  Pontal do Araguaia ,5106653,ABREE,PEV fixo,Ativo,02/05/2022
2927408-035,2024,BA,Salvador,2927408,ABREE,PEV fixo,Ativo,06/11/2019
3550308-226,2024,SP,São Paulo,3550308,ABREE,PEV fixo,Ativo,20/06/2021
2307908-000,2024,CE,Martinópole,2307908,ABREE,PEV fixo,Ativo,05/08/2019
3304151-003,2024,RJ,Quissamã,3304151,Green Eletron,Campanha itinerante,Ativo,14/06/2022
4305587-000,2024,RS,  Colinas ,4305587,ABREE,PEV fixo,Ativo,08/07/2022
4321667-000,2024,RS,TRÊS CACHOEIRAS,4321667,ABREE,Campanha itinerante,Ativo,23/12/2020
3160207-009,2024,MG,Santo Antônio do Itambé,3160207,Sistema individual,PEV fixo,Ativo,07/01/2022
3111903-000,2024,MG,CANA VERDE,3111903,Green Eletron,Ponto de consolidação,Ativo,06/12/2019
2204600-000,2024,PI,HUGO NAPOLEÃO,2204600,ABREE,PEV fixo,Ativo,07/11/2023
3142403-000,2024,MG,Moema,3142403,Green Eletron,PEV fixo,Ativo,21/01/2021
3304557-126,2024,RJ,Rio de Janeiro,3304557,ABREE,PEV fixo,Ativo,16/02/2022
3512001-000,2024,SP,COLINA,3512001,ABREE,PEV fixo,Ativo,24/10/2021
3106200-179,2024,MG,Belo Horizonte,3106200,ABREE,PEV fixo,Ativo,13/10/2022
3169901-000,2024,MG,Ubá,3169901,Sistema individual,PEV fixo,Ativo,14/07/2024
1505106-004,2024,PA,  Óbidos ,1505106,Green Eletron,PEV fixo,Ativo,07/10/2023
2309904-003,2024,CE,  Pacujá ,2309904,ABREE,PEV fixo,Ativo,25/05/2020
4114500-000,2024,PR,Manoel Ribas,4114500,Green Eletron,Ponto de consolidação,Ativo,01/01/2024
3304557-097,2024,RJ,Rio de Janeiro,3304557,Green Eletron,PEV fixo,Ativo,24/07/2021
3503703-008,2024,SP,Ariranha,3503703,Green Eletron,PEV fixo,Ativo,09/10/2023
4312203-000,2024,RS,Maximiliano de Almeida,4312203,Green Eletron,PEV fixo,Ativo,05/03/2019
2927408-020,2024,BA,Salvador,2927408,ABREE,PEV fixo,Ativo,13/06/2019
4314035-000,2024,RS,Pareci Novo,4314035,ABREE,PEV fixo,Ativo,05/05/2021
3306008-000,2024,RJ,TRÊS RIOS,3306008,ABREE,PEV fixo,Ativo,01/03/2022
5108402-000,2024,MT,Várzea Grande,5108402,Green Eletron,PEV fixo,Ativo,14/03/2024
3140001-000,2024,MG,Mariana,3140001,Green Eletron,PEV fixo,Ativo,20/11/2021
3106200-240,2024,MG,Belo Horizonte,3106200,Green Eletron,Ponto de consolidação,Ativo,11/07/2023
4213708-001,2024,SC,  Pouso Redondo ,4213708,Green Eletron,PEV fixo,Ativo,24/05/2024
3544004-002,2024,SP,Rio das Pedras,3544004,Green Eletron,PEV fixo,Ativo,20/12/2021
4106902-008,2024,PR,Curitiba,4106902,ABREE,PEV fixo,Ativo,27/10/2020
1703891-000,2024,TO,Carrasco Bonito,1703891,ABREE,PEV fixo,Ativo,03/02/2024
2304400-085,2024,CE,Fortaleza,2304400,ABREE,PEV fixo,Ativo,05/05/2022
3123528-005,2024,MG,Durande,3123528,ABREE,PEV fixo,Ativo,06/12/2022
3515905-000,2024,SP,Floreal,3515905,ABREE,Campanha itinerante,Ativo,11/11/2020
5103403-004,2024,MT,Cuiabá,5103403,ABREE,PEV fixo,Ativo,05/07/2020
3510302-003,2024,SP,Capela do Alto,3510302,ABREE,PEV fixo,Ativo,25/03/2024
2304400-087,2024,CE,Fortaleza,2304400,Green Eletron,Campanha itinerante,Ativo,22/10/2022
5219704-000,2024,GO,SANTA TEREZINHA DE GOIÁS,5219704,Green Eletron,PEV fixo,Ativo,03/10/2023
3124104-000,2024,MG,Esmeraldas,3124104,Green Eletron,PEV fixo,Ativo,25/09/2019
3528908-000,2024,SP,MARIÁPOLIS,3528908,Green Eletron,PEV fixo,Ativo,07/07/2020
2304400-003,2024,CE,  Fortaleza ,2304400,ABREE,PEV fixo,Ativo,23/06/2019
1709500-000,2024,TO,Gurupi,1709500,ABREE,PEV fixo,Ativo,13/10/2020
4205407-063,2024,SC,Florianópolis,4205407,Sistema individual,PEV fixo,Ativo,02/09/2022
3304557-088,2024,RJ,Rio de Janeiro,3304557,Sistema individual,Ponto de consolidação,Ativo,09/04/2021
3305158-000,2024,RJ,SÃO JOSÉ DO VALE DO RIO PRETO,3305158,Green Eletron,Ponto de consolidação,Ativo,04/02/2024
2927408-040,2024,BA,Salvador,2927408,ABREE,PEV fixo,Ativo,01/09/2019
2111300-044,2024,MA,São Luís,2111300,Green Eletron,Campanha itinerante,Ativo,13/03/2020
3538808-022,2024,SP,Piraju,3538808,Sistema individual,Campanha itinerante,Ativo,15/10/2021
1200302-000,2024,AC,Feijó,1200302,ABREE,Ponto de consolidação,Ativo,23/07/2021
3303005-003,2024,RJ,Miracema,3303005,Green Eletron,PEV fixo,Ativo,01/04/2024
4303806-000,2024,RS,CAMPINAS DO SUL,4303806,Green Eletron,PEV fixo,Ativo,19/10/2023
3303302-014,2024,RJ,Niteroi,3303302,Green Eletron,PEV fixo,Ativo,19/05/2023
4313334-003,2024,RS,Nova Ramada,4313334,ABREE,PEV fixo,Ativo,07/02/2021
5002159-000,2024,MS,Bodoquena,5002159,ABREE,PEV fixo,Ativo,18/10/2021
4219101-000,2024,SC,Vargeão,4219101,Green Eletron,PEV fixo,Ativo,12/09/2019
3106200-291,2024,MG,Belo Horizonte,3106200,ABREE,Ponto de consolidação,Ativo,01/12/2024
1708205-000,2024,TO,FORMOSO DO ARAGUAIA,1708205,Green Eletron,Campanha itinerante,Ativo,10/10/2019
2203420-000,2024,PI,  Domingos Mourão ,2203420,ABREE,Ponto de consolidação,Ativo,07/09/2020
3538808-032,2024,SP,Piraju,3538808,Green Eletron,PEV fixo,Ativo,10/02/2022
2515971-000,2024,PB,SOBRADO,2515971,Green Eletron,PEV fixo,Ativo,15/09/2024
4314902-140,2024,RS,PORTO ALEGRE,4314902,Green Eletron,PEV fixo,Ativo,21/12/2023
4220000-003,2024,SC,Balneário Rincão,4220000,Green Eletron,Ponto de consolidação,Ativo,22/10/2023
3522703-002,2024,SP,Itapolis,3522703,Sistema individual,Ponto de consolidação,Ativo,22/11/2021
3304557-027,2024,RJ,RIO DE JANEIRO,3304557,Green Eletron,PEV fixo,Ativo,15/05/2020
3304557-221,2024,RJ,RIO DE JANEIRO,3304557,Green Eletron,PEV fixo,Ativo,19/10/2024
2611606-050,2024,PE,Recife,2611606,Green Eletron,PEV fixo,Ativo,25/09/2021
3304557-046,2024,RJ,  Rio de Janeiro ,3304557,ABREE,Campanha itinerante,Ativo,03/07/2020
4311403-000,2024,RS,Lajeado,4311403,ABREE,PEV fixo,Ativo,02/05/2024
2927408-123,2024,BA,SALVADOR,2927408,ABREE,PEV fixo,Ativo,11/07/2022
3106200-168,2024,MG,Belo Horizonte,3106200,Green Eletron,PEV fixo,Ativo,22/12/2022
3302502-004,2024,RJ,Magé,3302502,ABREE,PEV fixo,Ativo,14/07/2021
4314902-070,2024,RS,PORTO ALEGRE,4314902,Green Eletron,PEV fixo,Ativo,19/11/2021
4106902-093,2024,PR,CURITIBA,4106902,Green Eletron,PEV fixo,Ativo,26/08/2024
2925709-000,2024,BA,Presidente Jânio Quadros,2925709,Green Eletron,PEV fixo,Ativo,17/01/2024
2505808-002,2024,PB,DUAS ESTRADAS,2505808,Green Eletron,PEV fixo,Ativo,12/05/2024
2918506-000,2024,BA,JUSSARA,2918506,ABREE,PEV fixo,Ativo,12/10/2020
1508209-011,2024,PA,VIGIA,1508209,ABREE,Ponto de consolidação,Ativo,06/01/2023
5300108-016,2024,DF,Brasilia,5300108,Green Eletron,PEV fixo,Ativo,22/08/2019
2112803-000,2024,MA,Viana,2112803,Green Eletron,PEV fixo,Ativo,05/08/2019
3304557-096,2024,RJ,Rio de Janeiro,3304557,ABREE,PEV fixo,Ativo,21/02/2021
3508306-008,2024,SP,Cabrália Paulista,3508306,Green Eletron,PEV fixo,Ativo,24/11/2023
3106200-123,2024,MG,Belo Horizonte,3106200,Green Eletron,PEV fixo,Ativo,24/03/2021
3516606-000,2024,SP,Gália,3516606,ABREE,PEV fixo,Ativo,18/03/2021
3304201-003,2024,RJ,Resende,3304201,ABREE,Ponto de consolidação,Ativo,06/08/2023
3550308-336,2024,SP,SÃO PAULO,3550308,ABREE,Ponto de consolidação,Ativo,17/05/2023
4300034-000,2024,RS,  Aceguá ,4300034,ABREE,PEV fixo,Ativo,26/05/2022
3301405-008,2024,RJ,CONCEIÇÃO DE MACABU,3301405,ABREE,PEV fixo,Ativo,18/09/2022
3550308-322,2024,SP,São Paulo,3550308,Green Eletron,PEV fixo,Inativo,23/12/2023
3167202-002,2024,MG,Sete Lagoas,3167202,ABREE,PEV fixo,Ativo,11/07/2022
1400100-002,2024,RR,Boa Vista,1400100,ABREE,PEV fixo,Ativo,06/09/2023
4310207-013,2024,RS,  Ijuí ,4310207,Green Eletron,PEV fixo,Ativo,04/12/2023
5220058-000,2024,GO,São João da Paraúna,5220058,ABREE,Ponto de consolidação,Ativo,10/12/2019
3300605-001,2024,RJ,BOM JESUS DO ITABAPOANA,3300605,Green Eletron,Campanha itinerante,Ativo,01/05/2022
3202454-003,2024,ES,Ibatiba,3202454,Green Eletron,PEV fixo,Ativo,03/09/2022
2307601-002,2024,CE,  Limoeiro do Norte ,2307601,ABREE,Campanha itinerante,Ativo,26/07/2024
3550308-012,2024,SP,SÃO PAULO,3550308,Green Eletron,PEV fixo,Ativo,09/09/2019
2408102-017,2024,RN,NATAL,2408102,ABREE,PEV fixo,Ativo,28/05/2022
3550308-213,2024,SP,SÃO PAULO,3550308,Green Eletron,PEV fixo,Ativo,20/04/2021
3549953-000,2024,SP,São Lourenço da Serra,3549953,Green Eletron,Ponto de consolidação,Ativo,17/03/2022
3553807-000,2024,SP,Taquarituba,,ABREE,PEV fixo,Ativo,09/02/2022
3509304-000,2024,SP,Cajobi,,ABREE,PEV fixo,Ativo,23/10/2019
2913457-000,2024,BA,Igrapiúna,,Green Eletron,Ponto de consolidação,Ativo,09/08/2020
3304557-223,2024,RJ,  Rio de Janeiro ,3304557,ABREE,PEV fixo,Ativo,08/08/2024
5300108-025,2024,DF,Brasília,5300108,Green Eletron,PEV fixo,Ativo,28/03/2019
3541000-001,2024,SP,Praia Grande,3541000,Sistema individual,PEV fixo,Ativo,18/09/2023
1100304-000,2024,RO,Vilhena,1100304,Green Eletron,Campanha itinerante,Ativo,08/09/2019
5103205-000,2024,MT,COLÍDER,5103205,Green Eletron,PEV fixo,Ativo,10/09/2023
2202752-000,2024,PI,COLÔNIA DO GURGUÉIA,2202752,Green Eletron,PEV fixo,Ativo,13/09/2019
3527702-000,2024,SP,Luiziânia,3527702,Green Eletron,PEV fixo,Ativo,23/11/2019
2412708-000,2024,RN,São Pedro,2412708,ABREE,PEV fixo,Ativo,24/06/2019
2304400-011,2024,CE,FORTALEZA,2304400,ABREE,PEV fixo,Ativo,10/11/2019
5300108-007,2024,DF,Brasilia,5300108,Green Eletron,Campanha itinerante,Ativo,17/04/2019
5300108-068,2024,DF,  Brasília ,5300108,ABREE,Campanha itinerante,Ativo,14/04/2021
3305406-005,2024,RJ,Sapucaia,3305406,Green Eletron,PEV fixo,Ativo,28/01/2022
2927408-141,2024,BA,Salvador,2927408,ABREE,PEV fixo,Ativo,24/01/2023
3301405-005,2024,RJ,Conceicao de Macabu,3301405,Green Eletron,Ponto de consolidação,Ativo,01/06/2020
2507507-004,2024,PB,João Pessoa,2507507,Green Eletron,PEV fixo,Ativo,14/07/2019
2804300-000,2024,SE,Muribeca,2804300,ABREE,PEV fixo,Ativo,07/03/2019
1200054-000,2024,AC,ASSIS BRASIL,1200054,ABREE,PEV fixo,Ativo,06/02/2021
2503001-000,2024,PB,Caaporã,2503001,ABREE,PEV fixo,Ativo,04/12/2022
2304400-068,2024,CE,Fortaleza,2304400,ABREE,PEV fixo,Ativo,25/02/2021
5215207-009,2024,GO,NOVO BRASIL,5215207,ABREE,PEV fixo,Ativo,02/08/2023
3538808-036,2024,SP,Piraju,3538808,Green Eletron,Campanha itinerante,Ativo,07/11/2023
2303907-000,2024,CE,Chaval,2303907,Green Eletron,PEV fixo,Ativo,09/05/2019
2902500-000,2024,BA,Baianópolis,2902500,Green Eletron,PEV fixo,Ativo,06/01/2024
3106200-059,2024,MG,BELO HORIZONTE,3106200,ABREE,PEV fixo,Ativo,11/12/2020
4314902-139,2024,RS,Porto Alegre,4314902,Green Eletron,PEV fixo,Ativo,06/05/2023
4123006-001,2024,PR,Salto do Lontra,4123006,ABREE,PEV fixo,Ativo,18/08/2022
4126900-000,2024,PR,Tapira,4126900,Green Eletron,Campanha itinerante,Ativo,07/07/2021
1506906-000,2024,PA,Santarém Novo,1506906,ABREE,PEV fixo,Ativo,08/02/2020
3525201-013,2024,SP,Jarinu,3525201,ABREE,PEV fixo,Ativo,15/12/2023
3550308-161,2024,SP,São Paulo,3550308,Green Eletron,PEV fixo,Ativo,07/11/2020
2201770-000,2024,PI,Boa Hora,2201770,Green Eletron,PEV fixo,Ativo,16/10/2022
4320206-000,2024,RS,  Seberi ,4320206,Green Eletron,PEV fixo,Ativo,03/03/2019
3106200-073,2024,MG,BELO HORIZONTE,3106200,ABREE,PEV fixo,Ativo,01/10/2020
3110509-000,2024,MG,  Camanducaia ,3110509,Green Eletron,PEV fixo,Ativo,22/03/2019
2705408-000,2024,AL,MONTEIRÓPOLIS,2705408,ABREE,PEV fixo,Ativo,15/12/2022
3538808-006,2024,SP,Piraju,3538808,ABREE,PEV fixo,Ativo,21/11/2019
3304557-012,2024,RJ,  Rio de Janeiro ,3304557,Green Eletron,Ponto de consolidação,Ativo,03/01/2020
2512903-000,2024,PB,RIO TINTO,2512903,ABREE,PEV fixo,Ativo,23/08/2022
4314902-080,2024,RS,Porto Alegre,4314902,Green Eletron,PEV fixo,Ativo,26/06/2021
2307601-000,2024,CE,Limoeiro do Norte,2307601,Green Eletron,Campanha itinerante,Ativo,09/10/2023
3166105-000,2024,MG,  Senhora do Porto ,3166105,ABREE,PEV fixo,Ativo,12/09/2024
3304557-154,2024,RJ,Rio de Janeiro,3304557,ABREE,PEV fixo,Ativo,24/02/2022
2208551-000,2024,PI,Porto Alegre do Piauí,2208551,Green Eletron,PEV fixo,Ativo,09/03/2024
5200100-000,2024,GO,  Abadiânia ,5200100,Sistema individual,PEV fixo,Ativo,21/02/2023
3106200-310,2024,MG,BELO HORIZONTE,3106200,Green Eletron,Campanha itinerante,Ativo,16/01/2024
2707701-000,2024,AL,Rio Largo,2707701,ABREE,PEV fixo,Ativo,21/06/2022
3161056-000,2024,MG,SÃO FÉLIX DE MINAS,3161056,ABREE,Ponto de consolidação,Ativo,26/07/2021
3200904-000,2024,ES,Barra de São Francisco,3200904,ABREE,PEV fixo,Ativo,18/10/2024
3550308-277,2024,SP,São Paulo,3550308,ABREE,PEV fixo,Ativo,24/01/2022
3125002-000,2024,MG,Ewbank da Câmara,3125002,Green Eletron,PEV fixo,Ativo,11/11/2024
3550308-070,2024,SP,São Paulo,3550308,ABREE,PEV fixo,Ativo,10/02/2019
2602803-000,2024,PE,BUÍQUE,2602803,Green Eletron,PEV fixo,Ativo,22/01/2019
3545100-001,2024,SP,Salmourão,3545100,Green Eletron,PEV fixo,Ativo,03/10/2022
4201307-003,2024,SC,ARAQUARI,4201307,ABREE,PEV fixo,Ativo,13/03/2022
3550308-269,2024,SP,SÃO PAULO,3550308,ABREE,PEV fixo,Ativo,05/05/2022
1500701-000,2024,PA,ANAJÁS,1500701,Green Eletron,PEV fixo,Ativo,13/06/2022
5108055-000,2024,MT,Terra Nova do Norte,5108055,Green Eletron,PEV fixo,Ativo,18/10/2019
3551504-000,2024,SP,Serrana,3551504,Green Eletron,PEV fixo,Ativo,09/01/2019
3521002-000,2024,SP,Ipero,3521002,ABREE,PEV fixo,Ativo,16/05/2023
3106200-279,2024,MG,Belo Horizonte,3106200,ABREE,PEV fixo,Ativo,05/02/2023
3546009-003,2024,SP,Santa Branca,3546009,Green Eletron,PEV fixo,Ativo,11/04/2020
3172004-000,2024,MG,Visconde do Rio Branco,3172004,Green Eletron,PEV fixo,Ativo,23/04/2019
5209150-000,2024,GO,Gouvelândia,5209150,Green Eletron,PEV fixo,Ativo,24/03/2024
1700350-000,2024,TO,ALIANÇA DO TOCANTINS,1700350,ABREE,Ponto de consolidação,Ativo,24/10/2023
3550308-185,2024,SP,SÃO PAULO,3550308,Green Eletron,PEV fixo,Inativo,21/06/2021
3550308-349,2024,SP,São Paulo,3550308,Green Eletron,PEV fixo,Ativo,06/01/2023
5214408-000,2024,GO,Nazario,5214408,ABREE,PEV fixo,Ativo,17/11/2024
3123205-000,2024,MG,Dores do Indaiá,3123205,Green Eletron,PEV fixo,Ativo,18/08/2024
3500600-002,2024,SP,Águas de São Pedro,3500600,ABREE,PEV fixo,Ativo,10/06/2022
3106408-000,2024,MG,Belo Vale,3106408,Green Eletron,Ponto de consolidação,Ativo,23/02/2023
3302502-001,2024,RJ,Magé,3302502,Sistema individual,PEV fixo,Ativo,18/11/2020
2701506-000,2024,AL,CAMPO GRANDE,2701506,Green Eletron,PEV fixo,Ativo,07/03/2024
3531308-002,2024,SP,Monte Alto,3531308,Green Eletron,Campanha itinerante,Ativo,14/10/2022
3165909-000,2024,MG,Senador Modestino Gonçalves,3165909,Sistema individual,PEV fixo,Ativo,10/08/2019
3304557-145,2024,RJ,Rio de Janeiro,3304557,ABREE,PEV fixo,Ativo,17/09/2022
3106200-131,2024,MG,BELO HORIZONTE,3106200,Green Eletron,PEV fixo,Ativo,10/07/2021
3538808-021,2024,SP,Piraju,3538808,ABREE,PEV fixo,Ativo,16/10/2021
3551405-002,2024,SP,Serra Azul,3551405,ABREE,PEV fixo,Ativo,08/09/2024
2108058-001,2024,MA,Paulino Neves,2108058,Green Eletron,PEV fixo,Ativo,09/04/2024
4211876-007,2024,SC,Paial,4211876,Green Eletron,PEV fixo,Ativo,23/01/2024
4106902-050,2024,PR,CURITIBA,4106902,ABREE,PEV fixo,Ativo,11/08/2022
3304557-070,2024,RJ,Rio de Janeiro,3304557,Green Eletron,PEV fixo,Ativo,22/09/2021
3550308-259,2024,SP,São Paulo,3550308,ABREE,PEV fixo,Ativo,02/10/2022
3550308-010,2024,SP,Sao Paulo,3550308,ABREE,PEV fixo,Ativo,26/02/2019
3508306-002,2024,SP,Cabrália Paulista,3508306,ABREE,Campanha itinerante,Ativo,03/01/2020
2304400-020,2024,CE,Fortaleza,2304400,Green Eletron,PEV fixo,Ativo,22/08/2019
5104104-000,2024,MT,Guarantã do Norte,5104104,ABREE,PEV fixo,Ativo,15/03/2023
3203007-000,2024,ES,Iuna,3203007,ABREE,PEV fixo,Ativo,18/08/2020
5207535-000,2024,GO,Faina,5207535,Green Eletron,PEV fixo,Ativo,05/03/2022
4314902-126,2024,RS,Porto Alegre,4314902,ABREE,PEV fixo,Ativo,26/02/2023
2904100-000,2024,BA,BOQUIRA,2904100,Green Eletron,PEV fixo,Ativo,18/02/2022
2917805-000,2024,BA,JAGUARIPE,2917805,ABREE,PEV fixo,Ativo,24/08/2019
3301108-006,2024,RJ,Cantagalo,3301108,ABREE,PEV fixo,Ativo,08/10/2020
4127858-001,2024,PR,Três Barras do Paraná,4127858,Green Eletron,PEV fixo,Ativo,03/02/2024
4115853-000,2024,PR,Mercedes,4115853,ABREE,Campanha itinerante,Ativo,26/02/2022
5300108-049,2024,DF,BRASÍLIA,5300108,ABREE,PEV fixo,Ativo,26/03/2020
1100205-008,2024,RO,Porto Velho,1100205,ABREE,PEV fixo,Ativo,28/01/2022
1200450-000,2024,AC,SENADOR GUIOMARD,1200450,ABREE,PEV fixo,Ativo,14/04/2022
2103257-000,2024,MA,  Cidelândia ,2103257,ABREE,PEV fixo,Ativo,28/10/2022
4106902-034,2024,PR,Curitiba,4106902,Green Eletron,PEV fixo,Ativo,19/01/2021
3518800-000,2024,SP,Guarulhos,3518800,Sistema individual,PEV fixo,Ativo,05/02/2019
4205407-019,2024,SC,FLORIANÓPOLIS,4205407,Green Eletron,Campanha itinerante,Ativo,21/04/2019
3302403-016,2024,RJ,Macaé,3302403,ABREE,PEV fixo,Ativo,03/09/2023
2406809-000,2024,RN,Lajes Pintadas,2406809,ABREE,PEV fixo,Ativo,16/08/2022
3304557-114,2024,RJ,RIO DE JANEIRO,3304557,ABREE,PEV fixo,Ativo,17/12/2022
2511103-000,2024,PB,Pedra Lavrada,2511103,Green Eletron,PEV fixo,Ativo,02/04/2019
3530102-000,2024,SP,Mirandopolis,3530102,Green Eletron,PEV fixo,Ativo,13/07/2020
3510708-004,2024,SP,Cardoso,3510708,ABREE,PEV fixo,Ativo,24/04/2024
3201605-002,2024,ES,CONCEIÇÃO DA BARRA,3201605,ABREE,PEV fixo,Ativo,20/01/2023
3550308-100,2024,SP,São Paulo,3550308,ABREE,PEV fixo,Ativo,28/01/2019
3522901-003,2024,SP,Itapuí,3522901,ABREE,PEV fixo,Ativo,14/01/2023
1506906-001,2024,PA,Santarém Novo,1506906,ABREE,PEV fixo,Ativo,04/06/2023
3517703-002,2024,SP,Guará,3517703,ABREE,PEV fixo,Ativo,16/10/2021
2610301-002,2024,PE,Paranatama,2610301,ABREE,PEV fixo,Ativo,12/09/2021
3532900-020,2024,SP,Nova Europa,3532900,Green Eletron,PEV fixo,Ativo,10/10/2022
3106200-006,2024,MG,BELO HORIZONTE,3106200,ABREE,Ponto de consolidação,Ativo,20/07/2020
1304005-003,2024,AM,Silves,1304005,ABREE,PEV fixo,Ativo,12/07/2022
3106200-067,2024,MG,Belo Horizonte,3106200,Green Eletron,PEV fixo,Ativo,26/12/2020
3301207-004,2024,RJ,CARMO,3301207,ABREE,PEV fixo,Ativo,15/05/2024
3106200-106,2024,MG,Belo Horizonte,3106200,Green Eletron,PEV fixo,Ativo,17/06/2021
1600600-000,2024,AP,Santana,1600600,ABREE,PEV fixo,Ativo,13/10/2023
4312658-000,2024,RS,NÃO-ME-TOQUE,4312658,Sistema individual,PEV fixo,Ativo,02/10/2019
3549904-006,2024,SP,São José dos Campos,3549904,ABREE,Ponto de consolidação,Ativo,03/01/2022
3106200-212,2024,MG,Belo Horizonte,3106200,ABREE,PEV fixo,Ativo,28/04/2022
3167202-003,2024,MG,Sete Lagoas,3167202,Green Eletron,PEV fixo,Ativo,22/08/2023
1301951-001,2024,AM,Itamarati,1301951,ABREE,PEV fixo,Ativo,01/12/2020
4311775-000,2024,RS,Maquiné,4311775,ABREE,Campanha itinerante,Ativo,06/11/2023
2112605-001,2024,MA,URBANO SANTOS,2112605,ABREE,PEV fixo,Ativo,10/09/2023
3550308-094,2024,SP,São Paulo,3550308,ABREE,PEV fixo,Ativo,15/07/2019
1505106-002,2024,PA,ÓBIDOS,1505106,ABREE,PEV fixo,Ativo,26/07/2021
4207403-000,2024,SC,Imbuia,4207403,Green Eletron,PEV fixo,Ativo,20/08/2020
5300108-070,2024,DF,BRASÍLIA,5300108,Green Eletron,PEV fixo,Ativo,07/03/2021
1501907-000,2024,PA,Bujaru,1501907,ABREE,PEV fixo,Ativo,28/04/2021
2504801-000,2024,PB,Coremas,2504801,ABREE,Ponto de consolidação,Ativo,27/03/2019
1304260-006,2024,AM,Uarini,1304260,ABREE,PEV fixo,Ativo,09/11/2024
3525607-001,2024,SP,Joao Ramalho,3525607,Green Eletron,PEV fixo,Ativo,11/09/2019
2205102-000,2024,PI,ITAUEIRA,2205102,ABREE,PEV fixo,Ativo,08/08/2024
2924504-000,2024,BA,Pindaí,2924504,Green Eletron,PEV fixo,Ativo,01/03/2023
4314001-000,2024,RS,Parai,4314001,ABREE,PEV fixo,Ativo,24/12/2022
1716109-000,2024,TO,Paraiso do Tocantins,1716109,Green Eletron,PEV fixo,Ativo,14/04/2019
3550308-264,2024,SP,São Paulo,3550308,ABREE,PEV fixo,Ativo,01/09/2022
3304557-030,2024,RJ,Rio de Janeiro,3304557,ABREE,PEV fixo,Ativo,07/04/2020
2402105-000,2024,RN,Campo Redondo,2402105,ABREE,PEV fixo,Ativo,26/01/2019
2709400-000,2024,AL,VIÇOSA,2709400,Green Eletron,Campanha itinerante,Ativo,03/01/2021
2922656-002,2024,BA,Nordestina,2922656,ABREE,PEV fixo,Ativo,04/02/2020
3107604-000,2024,MG,Bom Jesus da Penha,3107604,Green Eletron,Campanha itinerante,Ativo,13/04/2022
1301407-000,2024,AM,Eirunepé,1301407,ABREE,PEV fixo,Ativo,20/04/2023
3106200-139,2024,MG,Belo Horizonte,3106200,Green Eletron,Ponto de consolidação,Ativo,05/09/2021
5207808-000,2024,GO,Firminópolis,5207808,Green Eletron,PEV fixo,Ativo,27/05/2019
3303104-002,2024,RJ,Natividade,3303104,ABREE,PEV fixo,Ativo,15/07/2023
3550308-037,2024,SP,Sao Paulo,3550308,ABREE,PEV fixo,Ativo,01/05/2019
3550308-330,2024,SP,SÃO PAULO,3550308,ABREE,PEV fixo,Ativo,07/05/2023
3114501-000,2024,MG,Carmópolis de Minas,3114501,ABREE,Ponto de consolidação,Ativo,03/10/2024
1703073-000,2024,TO,Barra do Ouro,1703073,ABREE,PEV fixo,Ativo,06/05/2023
3145208-000,2024,MG,Nova Serrana,3145208,Green Eletron,Campanha itinerante,Ativo,26/05/2022
3202652-002,2024,ES,Irupi,3202652,Green Eletron,PEV fixo,Ativo,07/10/2024
3532009-013,2024,SP,Morungaba,3532009,Green Eletron,Ponto de consolidação,Ativo,13/06/2022
3304557-160,2024,RJ,  Rio de Janeiro ,3304557,ABREE,PEV fixo,Ativo,19/10/2023
2515609-000,2024,PB,  Serra da Raiz ,2515609,ABREE,PEV fixo,Ativo,15/04/2022
3106200-210,2024,MG,BELO HORIZONTE,3106200,ABREE,PEV fixo,Ativo,15/04/2022
3154705-000,2024,MG,Ribeirão Vermelho,3154705,ABREE,Campanha itinerante,Ativo,12/01/2022
3161007-000,2024,MG,São Domingos do Prata,3161007,Green Eletron,PEV fixo,Ativo,11/06/2019
2800308-013,2024,SE,Aracaju,2800308,ABREE,Ponto de consolidação,Ativo,16/05/2020
3537404-003,2024,SP,  Pereira Barreto ,3537404,ABREE,PEV fixo,Ativo,04/01/2022
5300108-089,2024,DF,Brasilia,5300108,Sistema individual,PEV fixo,Ativo,21/06/2022
3205309-009,2024,ES,VITÓRIA,3205309,ABREE,PEV fixo,Ativo,25/10/2021
5300108-048,2024,DF,Brasília,5300108,ABREE,PEV fixo,Ativo,23/03/2020
4104402-000,2024,PR,  Cândido de Abreu ,4104402,Green Eletron,Campanha itinerante,Ativo,03/06/2023
2408102-020,2024,RN,Natal,2408102,Green Eletron,Ponto de consolidação,Ativo,07/03/2023
3550308-240,2024,SP,  São Paulo ,3550308,Green Eletron,PEV fixo,Ativo,13/08/2021
3303005-002,2024,RJ,MIRACEMA,3303005,Green Eletron,PEV fixo,Ativo,02/04/2023
1501204-003,2024,PA,Baião,1501204,ABREE,PEV fixo,Ativo,18/06/2019
3508405-003,2024,SP,CABREÚVA,3508405,ABREE,PEV fixo,Ativo,12/03/2024
4106902-031,2024,PR,CURITIBA,4106902,ABREE,PEV fixo,Ativo,21/10/2021
3550308-302,2024,SP,São Paulo,3550308,Green Eletron,PEV fixo,Ativo,11/11/2022
3519907-000,2024,SP,Iepe,3519907,ABREE,PEV fixo,Ativo,12/09/2021
5106208-000,2024,MT,Nova Brasilândia,5106208,ABREE,PEV fixo,Ativo,05/10/2024
3531407-000,2024,SP,Monte Aprazivel,3531407,ABREE,PEV fixo,Ativo,18/06/2020
4106902-023,2024,PR,CURITIBA,4106902,Green Eletron,Ponto de consolidação,Ativo,20/08/2020
3550308-007,2024,SP,Sao Paulo,3550308,Green Eletron,PEV fixo,Ativo,22/08/2019
4314902-107,2024,RS,Porto Alegre,4314902,Green Eletron,PEV fixo,Ativo,03/10/2022
2927408-052,2024,BA,Salvador,2927408,Green Eletron,PEV fixo,Ativo,06/01/2020
3550308-228,2024,SP,SÃO PAULO,3550308,ABREE,PEV fixo,Ativo,24/06/2021
2408102-006,2024,RN,NATAL,2408102,Green Eletron,PEV fixo,Ativo,10/10/2020
3171501-000,2024,MG,Mathias Lobato,3171501,Green Eletron,PEV fixo,Ativo,28/04/2020
5104542-000,2024,MT,ITANHANGÁ,5104542,Green Eletron,PEV fixo,Ativo,16/02/2021
2202109-000,2024,PI,CAMPINAS DO PIAUÍ,2202109,Green Eletron,PEV fixo,Inativo,17/02/2023
3302700-003,2024,RJ,Maricá,3302700,Green Eletron,PEV fixo,Ativo,08/08/2019
4209102-000,2024,SC,Joinville,4209102,ABREE,PEV fixo,Ativo,20/11/2024
3553104-001,2024,SP,Taiacu,3553104,ABREE,PEV fixo,Ativo,15/10/2022
3106200-303,2024,MG,Belo Horizonte,3106200,ABREE,Campanha itinerante,Ativo,19/11/2024
3500303-000,2024,SP,  Aguaí ,3500303,Sistema individual,PEV fixo,Ativo,01/12/2021
3205309-001,2024,ES,Vitória,3205309,ABREE,PEV fixo,Ativo,19/01/2020
3532900-004,2024,SP,Nova Europa,,Sistema individual,Ponto de consolidação,Ativo,03/02/2019
4209805-000,2024,SC,Leoberto Leal,4209805,Green Eletron,Ponto de consolidação,Ativo,23/02/2019
2202505-000,2024,PI,Caracol,2202505,Green Eletron,Campanha itinerante,Ativo,05/07/2023
4314902-017,2024,RS,PORTO ALEGRE,4314902,ABREE,PEV fixo,Ativo,26/09/2020
3105103-000,2024,MG,Bambui,3105103,Green Eletron,PEV fixo,Ativo,09/12/2024
3528007-000,2024,SP,Macatuba,3528007,ABREE,PEV fixo,Ativo,16/01/2022
3550308-178,2024,SP,SÃO PAULO,3550308,ABREE,PEV fixo,Ativo,01/08/2020
2304400-005,2024,CE,Fortaleza,2304400,ABREE,PEV fixo,Ativo,14/04/2019
2103307-000,2024,MA,Codó,2103307,ABREE,PEV fixo,Ativo,21/02/2021
2611606-035,2024,PE,Recife,2611606,Green Eletron,PEV fixo,Ativo,28/04/2021
4100509-004,2024,PR,Altônia,4100509,Green Eletron,PEV fixo,Ativo,11/06/2024
4309803-000,2024,RS,Ibiaca,4309803,Green Eletron,PEV fixo,Ativo,04/08/2022
4205407-078,2024,SC,Florianópolis,4205407,ABREE,PEV fixo,Ativo,14/03/2022
3548203-000,2024,SP,Santo Antônio do Pinhal,3548203,ABREE,Ponto de consolidação,Ativo,01/01/2020
2906006-000,2024,BA,Campo Formoso,2906006,ABREE,PEV fixo,Ativo,25/03/2019
3300100-003,2024,RJ,Angra dos Reis,3300100,Sistema individual,PEV fixo,Ativo,27/11/2021
2614709-000,2024,PE,TACAIMBÓ,2614709,ABREE,Ponto de consolidação,Ativo,02/10/2019
2927408-024,2024,BA,SALVADOR,2927408,ABREE,PEV fixo,Ativo,16/03/2019
3550308-356,2024,SP,São Paulo,3550308,ABREE,PEV fixo,Ativo,15/06/2023
2611606-091,2024,PE,Recife,2611606,Sistema individual,Ponto de consolidação,Ativo,22/10/2023
2708956-000,2024,AL,SENADOR RUI PALMEIRA,2708956,ABREE,PEV fixo,Inativo,16/01/2023
3302908-005,2024,RJ,MIGUEL PEREIRA,3302908,Green Eletron,Campanha itinerante,Ativo,13/03/2022
3304557-056,2024,RJ,RIO DE JANEIRO,3304557,ABREE,PEV fixo,Ativo,02/08/2020
2111300-099,2024,MA,São Luís,2111300,ABREE,PEV fixo,Ativo,19/12/2023
3547908-002,2024,SP,Santo Antônio da Alegria,3547908,ABREE,PEV fixo,Ativo,11/01/2021
5300108-023,2024,DF,Brasília,5300108,ABREE,PEV fixo,Ativo,17/01/2019
4126272-000,2024,PR,SAUDADE DO IGUAÇU,4126272,Green Eletron,PEV fixo,Ativo,10/10/2021
4302659-000,2024,RS,BROCHIER,4302659,Green Eletron,PEV fixo,Ativo,25/06/2019
1504950-002,2024,PA,Nova Esperança do Piriá,1504950,ABREE,PEV fixo,Ativo,09/05/2024
2102903-000,2024,MA,CARUTAPERA,2102903,ABREE,PEV fixo,Ativo,18/02/2024
3550308-199,2024,SP,  São Paulo ,3550308,ABREE,PEV fixo,Ativo,08/08/2021
5300108-040,2024,DF,Brasília,5300108,ABREE,PEV fixo,Ativo,25/04/2020
3106200-030,2024,MG,BELO HORIZONTE,3106200,Green Eletron,PEV fixo,Ativo,04/12/2020
1505635-000,2024,PA,PIÇARRA,1505635,ABREE,PEV fixo,Ativo,03/08/2021
3102407-000,2024,MG,Alvorada de Minas,3102407,Green Eletron,PEV fixo,Inativo,05/02/2022
1718550-000,2024,TO,RIACHINHO,1718550,Green Eletron,PEV fixo,Ativo,26/10/2020
3515194-000,2024,SP,Espírito Santo do Turvo,3515194,ABREE,PEV fixo,Ativo,07/04/2019
3532900-019,2024,SP,NOVA EUROPA,3532900,Green Eletron,PEV fixo,Ativo,23/12/2022
5000906-000,2024,MS,  Antônio João ,5000906,Sistema individual,PEV fixo,Ativo,01/02/2022
4205407-030,2024,SC,FLORIANÓPOLIS,4205407,Green Eletron,PEV fixo,Ativo,27/08/2020
3106200-245,2024,MG,  Belo Horizonte ,3106200,Green Eletron,PEV fixo,Ativo,10/06/2023
2904902-000,2024,BA,Cachoeira,2904902,ABREE,PEV fixo,Ativo,03/06/2022
3514924-000,2024,SP,Elisiário,3514924,ABREE,PEV fixo,Ativo,10/09/2020
3106200-026,2024,MG,Belo Horizonte,3106200,ABREE,PEV fixo,Ativo,20/12/2020
3130408-003,2024,MG,Ijaci,3130408,ABREE,PEV fixo,Ativo,10/11/2022
3505203-006,2024,SP,Bariri,3505203,ABREE,PEV fixo,Ativo,01/09/2022
3503604-000,2024,SP,Areiópolis,3503604,Green Eletron,Ponto de consolidação,Ativo,11/09/2021
3545100-002,2024,SP,SALMOURÃO,3545100,ABREE,PEV fixo,Ativo,03/12/2023
2902252-000,2024,BA,Arataca,2902252,Green Eletron,Ponto de consolidação,Ativo,19/08/2024
3532009-004,2024,SP,  Morungaba ,3532009,Green Eletron,PEV fixo,Ativo,17/02/2019
2408102-004,2024,RN,Natal,2408102,ABREE,PEV fixo,Ativo,19/01/2020
2927408-086,2024,BA,Salvador,2927408,ABREE,PEV fixo,Ativo,14/01/2021
4314902-064,2024,RS,Porto Alegre,4314902,ABREE,PEV fixo,Ativo,24/04/2021
3106200-152,2024,MG,Belo Horizonte,3106200,Green Eletron,Campanha itinerante,Ativo,17/04/2021
3519204-000,2024,SP,Iacri,3519204,Green Eletron,Campanha itinerante,Ativo,02/02/2019
3170578-000,2024,MG,VARGEM ALEGRE,3170578,ABREE,PEV fixo,Ativo,22/03/2024
2211704-000,2024,PI,Wall Ferraz,2211704,ABREE,Campanha itinerante,Ativo,10/02/2021
1100114-000,2024,RO,Jaru,1100114,Green Eletron,PEV fixo,Ativo,11/10/2024
3301405-001,2024,RJ,Conceicao de Macabu,3301405,ABREE,PEV fixo,Ativo,08/10/2019
2404200-000,2024,RN,GOIANINHA,2404200,Green Eletron,PEV fixo,Ativo,01/06/2023
1721000-004,2024,TO,Palmas,1721000,ABREE,PEV fixo,Ativo,19/10/2020
4126256-000,2024,PR,  Sarandi ,4126256,Sistema individual,PEV fixo,Ativo,01/09/2020
4300802-000,2024,RS,Antônio Prado,4300802,ABREE,PEV fixo,Ativo,21/10/2022
4104600-000,2024,PR,CAPITÃO LEÔNIDAS MARQUES,4104600,Green Eletron,PEV fixo,Ativo,18/08/2023
1720804-000,2024,TO,SÍTIO NOVO DO TOCANTINS,1720804,Green Eletron,Campanha itinerante,Ativo,07/03/2024
4108601-000,2024,PR,Goioerê,4108601,ABREE,PEV fixo,Ativo,25/02/2022
3152131-000,2024,MG,Ponto Chique,3152131,ABREE,PEV fixo,Ativo,20/08/2020
2507309-000,2024,PB,Jacaraú,2507309,ABREE,PEV fixo,Ativo,10/03/2019
3169307-006,2024,MG,Três Corações,3169307,Green Eletron,PEV fixo,Ativo,23/11/2023
2311900-000,2024,CE,Saboeiro,2311900,Green Eletron,PEV fixo,Ativo,12/09/2020
1501006-000,2024,PA,AVEIRO,1501006,ABREE,PEV fixo,Ativo,05/11/2024
3200136-001,2024,ES,Aguia Branca,3200136,Green Eletron,PEV fixo,Ativo,06/12/2023
3106200-057,2024,MG,Belo Horizonte,3106200,ABREE,PEV fixo,Ativo,22/07/2020
2304400-090,2024,CE,Fortaleza,2304400,ABREE,PEV fixo,Ativo,09/12/2022
2413359-001,2024,RN,Serra do Mel,2413359,Green Eletron,PEV fixo,Ativo,17/10/2022
2304400-060,2024,CE,Fortaleza,2304400,ABREE,PEV fixo,Ativo,23/10/2021
2304400-084,2024,CE,Fortaleza,2304400,Green Eletron,PEV fixo,Ativo,24/07/2022
4106902-083,2024,PR,CURITIBA,4106902,Green Eletron,PEV fixo,Ativo,22/03/2023
5108808-000,2024,MT,Nova Guarita,5108808,ABREE,PEV fixo,Ativo,07/02/2024
3106200-275,2024,MG,Belo Horizonte,3106200,ABREE,Campanha itinerante,Ativo,08/06/2023
4120903-000,2024,PR,Quedas do Iguaçu,4120903,Green Eletron,PEV fixo,Ativo,09/06/2019
3164407-000,2024,MG,São Sebastião da Bela Vista,3164407,Green Eletron,PEV fixo,Ativo,16/09/2022
3550308-078,2024,SP,São Paulo,3550308,Green Eletron,PEV fixo,Ativo,16/12/2019
3304557-214,2024,RJ,Rio de Janeiro,3304557,ABREE,PEV fixo,Ativo,13/03/2024
4314902-032,2024,RS,Porto Alegre,4314902,Green Eletron,PEV fixo,Ativo,07/04/2020
3153301-000,2024,MG,Presidente Kubitschek,3153301,ABREE,Campanha itinerante,Ativo,13/02/2019
1301506-000,2024,AM,ENVIRA,1301506,Green Eletron,PEV fixo,Ativo,05/01/2022
2302206-000,2024,CE,Beberibe,2302206,Green Eletron,PEV fixo,Ativo,21/09/2024
2700805-001,2024,AL,Belém,2700805,ABREE,PEV fixo,Ativo,21/10/2021
2300705-007,2024,CE,Alto Santo,2300705,Sistema individual,PEV fixo,Ativo,20/03/2021
3530102-003,2024,SP,Mirandópolis,3530102,ABREE,PEV fixo,Ativo,21/02/2021
5001508-000,2024,MS,Bandeirantes,5001508,ABREE,PEV fixo,Ativo,26/11/2022
2900801-000,2024,BA,ALCOBAÇA,2900801,Green Eletron,PEV fixo,Ativo,06/08/2020
2304400-038,2024,CE,Fortaleza,2304400,Green Eletron,PEV fixo,Ativo,16/11/2020
2111300-095,2024,MA,SÃO LUÍS,2111300,ABREE,Ponto de consolidação,Ativo,03/11/2023
1718451-000,2024,TO,Pugmil,1718451,ABREE,PEV fixo,Ativo,28/12/2022
5218607-000,2024,GO,Rialma,5218607,Green Eletron,Campanha itinerante,Ativo,26/12/2023
3162450-000,2024,MG,  São João das Missões ,3162450,Green Eletron,PEV fixo,Ativo,18/04/2021
3148301-001,2024,MG,Paula Cândido,3148301,ABREE,PEV fixo,Ativo,21/11/2024
3542206-000,2024,SP,Rancharia,3542206,ABREE,PEV fixo,Ativo,25/10/2020
3551900-005,2024,SP,Severínia,3551900,Green Eletron,PEV fixo,Ativo,11/05/2024
2302305-001,2024,CE,Bela Cruz,2302305,Sistema individual,Ponto de consolidação,Ativo,22/09/2022
3106200-297,2024,MG,Belo Horizonte,3106200,ABREE,PEV fixo,Ativo,14/12/2024
2306405-000,2024,CE,Itapipoca,2306405,Green Eletron,PEV fixo,Ativo,14/11/2022
3538808-016,2024,SP,Piraju,3538808,Green Eletron,PEV fixo,Ativo,16/11/2020
3305307-010,2024,RJ,São Sebastião do Alto,3305307,ABREE,PEV fixo,Ativo,10/03/2021
3512001-004,2024,SP,Colina,3512001,Green Eletron,PEV fixo,Ativo,06/02/2023
2301109-000,2024,CE,  Aracati ,2301109,Green Eletron,PEV fixo,Ativo,23/02/2020
5204656-000,2024,GO,Campinaçu,5204656,ABREE,PEV fixo,Ativo,26/06/2023
3550308-024,2024,SP,São Paulo,3550308,Green Eletron,PEV fixo,Ativo,22/03/2019
2111300-014,2024,MA,Sao Luis,2111300,Green Eletron,PEV fixo,Ativo,17/01/2019
3106200-017,2024,MG,  Belo Horizonte ,3106200,ABREE,PEV fixo,Ativo,02/01/2020
1505601-003,2024,PA,Peixe-Boi,1505601,Green Eletron,PEV fixo,Ativo,18/08/2023
3505500-000,2024,SP,Barretos,3505500,Green Eletron,PEV fixo,Ativo,14/10/2022
2109106-000,2024,MA,  Presidente Dutra ,2109106,ABREE,PEV fixo,Ativo,27/02/2020
2111409-000,2024,MA,SÃO LUÍS GONZAGA DO MARANHÃO,2111409,ABREE,Campanha itinerante,Ativo,01/11/2020
3106200-104,2024,MG,Belo Horizonte,,ABREE,PEV fixo,Ativo,04/06/2021
3500105-000,2024,SP,ADAMANTINA,3500105,Green Eletron,PEV fixo,Ativo,26/12/2021
3550308-214,2024,SP,SÃO PAULO,3550308,ABREE,Ponto de consolidação,Ativo,19/11/2021
1501402-012,2024,PA,Belém,1501402,ABREE,PEV fixo,Ativo,20/05/2021
3301876-004,2024,RJ,Iguaba Grande,3301876,ABREE,PEV fixo,Ativo,27/09/2021
4314902-092,2024,RS,PORTO ALEGRE,4314902,ABREE,PEV fixo,Ativo,05/11/2022
2917409-000,2024,BA,Jacaraci,2917409,Sistema individual,Campanha itinerante,Ativo,06/10/2023
5104500-002,2024,MT,INDIAVAÍ,5104500,ABREE,PEV fixo,Ativo,07/06/2023
5107768-000,2024,MT,  Santa Rita do Trivelato ,5107768,Green Eletron,PEV fixo,Ativo,04/11/2019
3106200-047,2024,MG,Belo Horizonte,3106200,ABREE,PEV fixo,Ativo,26/06/2020
3546009-004,2024,SP,SANTA BRANCA,3546009,Green Eletron,PEV fixo,Ativo,07/01/2021
3520202-000,2024,SP,Igaratá,3520202,ABREE,PEV fixo,Ativo,08/03/2024
2211001-025,2024,PI,  Teresina ,2211001,Green Eletron,PEV fixo,Ativo,02/04/2023
2304251-008,2024,CE,Cruz,2304251,ABREE,Ponto de consolidação,Ativo,02/01/2022
3550308-061,2024,SP,São Paulo,3550308,Green Eletron,PEV fixo,Ativo,24/02/2019
2111300-050,2024,MA,São Luís,2111300,ABREE,PEV fixo,Ativo,10/11/2020
3550308-172,2024,SP,São Paulo,3550308,ABREE,PEV fixo,Ativo,22/02/2020
4205407-070,2024,SC,  Florianópolis ,4205407,ABREE,PEV fixo,Ativo,28/11/2022
2611606-104,2024,PE,Recife,2611606,ABREE,PEV fixo,Ativo,08/12/2024
3106200-194,2024,MG,BELO HORIZONTE,3106200,Green Eletron,PEV fixo,Ativo,01/03/2022
4319901-000,2024,RS,Sapiranga,4319901,Sistema individual,PEV fixo,Ativo,03/02/2019
3304557-125,2024,RJ,RIO DE JANEIRO,3304557,ABREE,PEV fixo,Ativo,02/05/2022
3532504-005,2024,SP,NEVES PAULISTA,3532504,Green Eletron,PEV fixo,Ativo,09/06/2022
3550308-309,2024,SP,São Paulo,3550308,Green Eletron,PEV fixo,Ativo,18/08/2022
3525409-000,2024,SP,Jeriquara,3525409,Green Eletron,PEV fixo,Ativo,11/11/2019
5300108-077,2024,DF,Brasília,5300108,Green Eletron,PEV fixo,Ativo,02/05/2022
3304557-130,2024,RJ,Rio de Janeiro,3304557,ABREE,PEV fixo,Ativo,03/01/2022
4302808-000,2024,RS,  Caçapava do Sul ,4302808,Green Eletron,PEV fixo,Ativo,17/06/2022
3110806-000,2024,MG,Campanario,3110806,Green Eletron,PEV fixo,Ativo,27/05/2021
2611606-033,2024,PE,Recife,2611606,Green Eletron,PEV fixo,Ativo,14/06/2021
3547908-001,2024,SP,Santo Antônio da Alegria,3547908,ABREE,PEV fixo,Ativo,09/04/2020
2927408-033,2024,BA,Salvador,2927408,ABREE,PEV fixo,Ativo,26/03/2019
3501608-002,2024,SP,Americana,3501608,ABREE,Ponto de consolidação,Ativo,25/12/2023
3106200-080,2024,MG,Belo Horizonte,3106200,ABREE,PEV fixo,Ativo,12/07/2020
3550308-104,2024,SP,São Paulo,3550308,ABREE,Campanha itinerante,Ativo,01/04/2019
3111002-000,2024,MG,CAMPESTRE,3111002,ABREE,PEV fixo,Ativo,05/07/2019
2111300-017,2024,MA,Sao Luis,2111300,ABREE,PEV fixo,Ativo,16/06/2019
3532157-000,2024,SP,NANTES,3532157,ABREE,PEV fixo,Ativo,13/11/2019
2112209-001,2024,MA,Timon,2112209,ABREE,PEV fixo,Ativo,14/08/2021
3502002-000,2024,SP,Analândia,3502002,Green Eletron,PEV fixo,Ativo,22/03/2020
3550308-014,2024,SP,São Paulo,3550308,Green Eletron,PEV fixo,Ativo,09/10/2019
5107297-000,2024,MT,São José do Povo,5107297,ABREE,PEV fixo,Ativo,07/11/2020
4314779-000,2024,RS,  Pontão ,4314779,ABREE,PEV fixo,Ativo,04/01/2019
3532900-023,2024,SP,Nova Europa,3532900,Green Eletron,PEV fixo,Ativo,19/06/2022
3501004-000,2024,SP,Altinópolis,3501004,ABREE,PEV fixo,Ativo,23/05/2024
4205407-067,2024,SC,Florianópolis,4205407,Green Eletron,PEV fixo,Ativo,03/04/2022
3549300-000,2024,SP,São João do Pau d'Alho,3549300,Sistema individual,PEV fixo,Ativo,04/04/2021
4106902-045,2024,PR,CURITIBA,4106902,ABREE,PEV fixo,Ativo,26/02/2021
4303301-002,2024,RS,Caibate,4303301,ABREE,PEV fixo,Ativo,14/01/2024
1600154-000,2024,AP,Pedra Branca do Amapari,1600154,Green Eletron,PEV fixo,Ativo,19/12/2020
3544905-001,2024,SP,Sales Oliveira,3544905,Green Eletron,PEV fixo,Ativo,10/08/2024
3301207-003,2024,RJ,CARMO,3301207,Green Eletron,PEV fixo,Ativo,20/07/2023
3502903-000,2024,SP,Aracoiaba da Serra,3502903,ABREE,PEV fixo,Ativo,07/06/2019
3540002-000,2024,SP,POMPÉIA,3540002,ABREE,PEV fixo,Ativo,10/01/2022
2211001-015,2024,PI,Teresina,2211001,Green Eletron,PEV fixo,Ativo,20/06/2021
2609907-000,2024,PE,Ouricuri,2609907,ABREE,PEV fixo,Ativo,21/12/2019
2210706-000,2024,PI,Simoes,2210706,Green Eletron,PEV fixo,Ativo,26/01/2024
3304557-218,2024,RJ,Rio de Janeiro,3304557,ABREE,PEV fixo,Ativo,03/03/2024
3533254-000,2024,SP,Novais,3533254,ABREE,PEV fixo,Ativo,25/11/2020
3545159-000,2024,SP,SALTINHO,3545159,ABREE,PEV fixo,Ativo,06/03/2020
3106200-032,2024,MG,Belo Horizonte,3106200,Sistema individual,PEV fixo,Ativo,21/02/2020
3106200-156,2024,MG,Belo Horizonte,3106200,Sistema individual,PEV fixo,Ativo,23/01/2021
3515194-001,2024,SP,ESPÍRITO SANTO DO TURVO,3515194,ABREE,Ponto de consolidação,Ativo,02/03/2020
3550308-339,2024,SP,São Paulo,3550308,ABREE,Ponto de consolidação,Ativo,23/12/2023
4301552-000,2024,RS,Áurea,4301552,Green Eletron,Campanha itinerante,Ativo,08/04/2021
4117214-000,2024,PR,Nova Santa Barbara,4117214,ABREE,PEV fixo,Ativo,16/11/2024
3170602-000,2024,MG,Vargem Bonita,3170602,Green Eletron,PEV fixo,Ativo,20/10/2021
2304400-041,2024,CE,Fortaleza,2304400,Green Eletron,PEV fixo,Ativo,26/08/2020
1714302-000,2024,TO,Nazaré,1714302,Green Eletron,PEV fixo,Ativo,22/12/2019
2305357-001,2024,CE,ICAPUÍ,2305357,Green Eletron,PEV fixo,Ativo,05/01/2023
5216809-000,2024,GO,Petrolina de Goiás,5216809,Green Eletron,PEV fixo,Ativo,06/10/2024
4214409-000,2024,SC,Rio das Antas,4214409,ABREE,PEV fixo,Ativo,19/11/2024
4314902-141,2024,RS,PORTO ALEGRE,4314902,ABREE,PEV fixo,Ativo,27/08/2023
2701357-000,2024,AL,CAMPESTRE,2701357,ABREE,PEV fixo,Ativo,03/08/2020
4108403-000,2024,PR,FRANCISCO BELTRÃO,4108403,Sistema individual,PEV fixo,Ativo,04/08/2022
3550308-092,2024,SP,São Paulo,3550308,Green Eletron,PEV fixo,Ativo,15/09/2019
3530409-001,2024,SP,Mirassolândia,3530409,Green Eletron,PEV fixo,Ativo,15/05/2023
3160207-005,2024,MG,Santo Antonio do Itambe,3160207,Green Eletron,Ponto de consolidação,Ativo,28/11/2020
2111300-084,2024,MA,São Luís,2111300,ABREE,PEV fixo,Ativo,21/10/2022
3130804-000,2024,MG,Ingaí,3130804,Green Eletron,PEV fixo,Inativo,03/08/2022
3205309-015,2024,ES,Vitória,3205309,ABREE,PEV fixo,Ativo,12/09/2022
3305307-007,2024,RJ,São Sebastião do Alto,3305307,ABREE,PEV fixo,Ativo,02/11/2020
3304557-063,2024,RJ,Rio de Janeiro,3304557,ABREE,PEV fixo,Ativo,03/01/2020
2111300-070,2024,MA,SÃO LUÍS,2111300,ABREE,PEV fixo,Ativo,07/06/2021
4205407-031,2024,SC,Florianópolis,4205407,ABREE,Ponto de consolidação,Ativo,22/12/2020
3106200-307,2024,MG,  Belo Horizonte ,3106200,Green Eletron,PEV fixo,Ativo,14/03/2024
3550308-112,2024,SP,Sao Paulo,3550308,Sistema individual,Campanha itinerante,Ativo,22/03/2020
3109709-000,2024,MG,CACHOEIRA DE MINAS,3109709,Green Eletron,PEV fixo,Ativo,03/06/2021
4201505-000,2024,SC,ARMAZÉM,4201505,Sistema individual,PEV fixo,Ativo,12/05/2020
3165008-000,2024,MG,SÃO TIAGO,3165008,ABREE,PEV fixo,Ativo,16/01/2024
3304557-017,2024,RJ,Rio de Janeiro,3304557,ABREE,Ponto de consolidação,Ativo,07/01/2020
3541653-000,2024,SP,Quadra,3541653,ABREE,PEV fixo,Ativo,04/04/2020
3522307-001,2024,SP,Itapetininga,3522307,Green Eletron,PEV fixo,Ativo,18/03/2024
4106902-076,2024,PR,Curitiba,4106902,Sistema individual,Ponto de consolidação,Ativo,16/06/2023
4205001-000,2024,SC,DIONÍSIO CERQUEIRA,4205001,ABREE,Campanha itinerante,Ativo,15/07/2019
4205407-017,2024,SC,FLORIANÓPOLIS,4205407,Green Eletron,PEV fixo,Ativo,01/03/2019
3304805-001,2024,RJ,São Fidélis,3304805,ABREE,PEV fixo,Ativo,06/07/2024
4211256-000,2024,SC,Morro Grande,4211256,Green Eletron,PEV fixo,Ativo,05/08/2021
2412609-000,2024,RN,Sao Paulo do Potengi,,Sistema individual,PEV fixo,Ativo,19/04/2019
2611606-011,2024,PE,Recife,2611606,Green Eletron,PEV fixo,Ativo,25/02/2020
3160108-000,2024,MG,  Santo Antônio do Grama ,3160108,Sistema individual,PEV fixo,Ativo,03/06/2019
2313104-001,2024,CE,Tabuleiro do Norte,2313104,Sistema individual,PEV fixo,Ativo,22/11/2023
4314902-000,2024,RS,PORTO ALEGRE,4314902,Green Eletron,PEV fixo,Ativo,08/12/2020
3550308-039,2024,SP,São Paulo,3550308,ABREE,PEV fixo,Ativo,06/09/2019
3303708-000,2024,RJ,PARAÍBA DO SUL,3303708,Green Eletron,PEV fixo,Ativo,19/05/2023
4207700-000,2024,SC,  Ipumirim ,4207700,Green Eletron,PEV fixo,Ativo,04/06/2020
3106200-088,2024,MG,Belo Horizonte,3106200,Green Eletron,PEV fixo,Ativo,20/07/2020
2611705-000,2024,PE,Riacho das Almas,2611705,Green Eletron,PEV fixo,Ativo,11/10/2022
2919157-000,2024,BA,Lapão,2919157,Sistema individual,PEV fixo,Ativo,06/06/2022
5300108-038,2024,DF,Brasilia,5300108,Green Eletron,PEV fixo,Ativo,07/05/2020
3106200-005,2024,MG,Belo Horizonte,3106200,ABREE,Campanha itinerante,Ativo,10/06/2020
3549508-008,2024,SP,São José da Bela Vista,3549508,ABREE,PEV fixo,Ativo,25/11/2022
2414209-000,2024,RN,Tibau do Sul,2414209,ABREE,PEV fixo,Ativo,18/10/2022
4104709-000,2024,PR,Carlópolis,4104709,ABREE,PEV fixo,Ativo,15/02/2024
5208707-015,2024,GO,GOIÂNIA,5208707,ABREE,PEV fixo,Ativo,11/07/2021
1302603-010,2024,AM,Manaus,1302603,ABREE,Ponto de consolidação,Ativo,09/03/2022
3301405-003,2024,RJ,Conceição de Macabu,3301405,ABREE,PEV fixo,Ativo,14/05/2019
3555505-000,2024,SP,Ubirajara,3555505,Green Eletron,PEV fixo,Ativo,25/02/2020
2304400-067,2024,CE,Fortaleza,2304400,ABREE,Ponto de consolidação,Ativo,19/11/2021
3304557-123,2024,RJ,Rio de Janeiro,3304557,ABREE,PEV fixo,Ativo,23/03/2022
2513000-002,2024,PB,Salgadinho,2513000,ABREE,PEV fixo,Ativo,09/03/2023
1508407-000,2024,PA,Xinguara,1508407,ABREE,PEV fixo,Ativo,17/06/2020
4205407-015,2024,SC,Florianópolis,4205407,ABREE,PEV fixo,Ativo,21/08/2019
3202652-001,2024,ES,Irupi,3202652,ABREE,PEV fixo,Ativo,19/12/2023
3519501-000,2024,SP,  Ibirarema ,3519501,ABREE,PEV fixo,Ativo,22/12/2020
3166956-000,2024,MG,  Serranópolis de Minas ,3166956,Green Eletron,PEV fixo,Ativo,02/05/2020
2300705-002,2024,CE,Alto Santo,2300705,ABREE,PEV fixo,Ativo,11/08/2020
4314902-048,2024,RS,  Porto Alegre ,4314902,Green Eletron,Ponto de consolidação,Ativo,03/01/2020
1300706-001,2024,AM,Boca do Acre,1300706,Sistema individual,PEV fixo,Ativo,10/10/2020
4314902-075,2024,RS,Porto Alegre,4314902,Green Eletron,Campanha itinerante,Ativo,06/08/2021
3304557-141,2024,RJ,  Rio de Janeiro ,3304557,Green Eletron,PEV fixo,Ativo,09/12/2022
1300706-005,2024,AM,Boca do Acre,1300706,ABREE,PEV fixo,Ativo,21/02/2023
3506201-000,2024,SP,Bento de Abreu,3506201,ABREE,PEV fixo,Ativo,17/01/2022
1508209-002,2024,PA,Vigia,1508209,ABREE,PEV fixo,Ativo,01/10/2019
1504208-003,2024,PA,MARABÁ,1504208,Green Eletron,PEV fixo,Ativo,09/06/2021
3550308-168,2024,SP,São Paulo,3550308,Green Eletron,Ponto de consolidação,Ativo,01/12/2020
3304508-014,2024,RJ,Rio das Flores,3304508,Green Eletron,PEV fixo,Ativo,24/09/2023
2205532-000,2024,PI,Jurema,2205532,Green Eletron,PEV fixo,Ativo,28/09/2023
1501402-031,2024,PA,BELÉM,1501402,ABREE,Campanha itinerante,Ativo,27/11/2023
3550308-114,2024,SP,São Paulo,3550308,ABREE,PEV fixo,Ativo,07/08/2020
2505907-000,2024,PB,Emas,2505907,ABREE,Campanha itinerante,Ativo,21/04/2024
4316808-000,2024,RS,Santa Cruz do Sul,4316808,ABREE,PEV fixo,Ativo,06/07/2020
3550308-257,2024,SP,  São Paulo ,3550308,Green Eletron,PEV fixo,Ativo,16/09/2022
2800308-002,2024,SE,Aracaju,2800308,Green Eletron,PEV fixo,Ativo,05/02/2019
4314902-114,2024,RS,Porto Alegre,4314902,ABREE,PEV fixo,Ativo,07/05/2022
3550308-108,2024,SP,SÃO PAULO,3550308,Green Eletron,PEV fixo,Ativo,19/01/2020
3165701-000,2024,MG,SENADOR FIRMINO,3165701,ABREE,Ponto de consolidação,Ativo,25/12/2023
2505238-001,2024,PB,  Cuité de Mamanguape ,2505238,Green Eletron,PEV fixo,Ativo,03/01/2022
2201929-000,2024,PI,Bonfim do Piauí,2201929,Green Eletron,PEV fixo,Ativo,20/05/2020
2304400-046,2024,CE,FORTALEZA,2304400,Green Eletron,PEV fixo,Ativo,22/11/2020
2303105-000,2024,CE,CARIRÉ,2303105,ABREE,PEV fixo,Ativo,23/08/2021
2927408-129,2024,BA,Salvador,2927408,ABREE,PEV fixo,Inativo,07/02/2022
2927408-114,2024,BA,Salvador,2927408,ABREE,Ponto de consolidação,Ativo,13/05/2022
4213203-000,2024,SC,Pomerode,4213203,ABREE,PEV fixo,Ativo,23/04/2022
2921401-000,2024,BA,Mirangaba,2921401,Green Eletron,Ponto de consolidação,Ativo,13/04/2020
2604809-001,2024,PE,Cortês,2604809,ABREE,PEV fixo,Ativo,06/02/2023
5210109-000,2024,GO,Ipameri,5210109,ABREE,PEV fixo,Inativo,05/08/2021
3556206-000,2024,SP,Valinhos,3556206,ABREE,PEV fixo,Inativo,16/09/2020
5219258-000,2024,GO,Santa Fé de Goiás,5219258,ABREE,PEV fixo,Ativo,13/05/2024
4209151-000,2024,SC,José Boiteux,4209151,Green Eletron,PEV fixo,Ativo,19/09/2020
2111300-015,2024,MA,Sao Luis,2111300,ABREE,PEV fixo,Ativo,26/03/2019
3515103-000,2024,SP,EMBU-GUAÇU,3515103,ABREE,PEV fixo,Ativo,09/07/2021
3304557-085,2024,RJ,Rio de Janeiro,3304557,ABREE,Ponto de consolidação,Ativo,14/08/2021
2308500-000,2024,CE,Mombaça,2308500,ABREE,PEV fixo,Ativo,27/11/2019
3554508-000,2024,SP,Tietê,3554508,Green Eletron,PEV fixo,Ativo,04/10/2023
3510708-000,2024,SP,Cardoso,3510708,ABREE,PEV fixo,Ativo,23/05/2021
4207684-000,2024,SC,Ipuacu,4207684,ABREE,PEV fixo,Ativo,06/10/2021
5200258-000,2024,GO,Águas Lindas de Goiás,5200258,Green Eletron,PEV fixo,Ativo,19/11/2021
2611606-101,2024,PE,RECIFE,2611606,Green Eletron,PEV fixo,Ativo,01/09/2024
1719004-000,2024,TO,Santa Tereza do Tocantins,1719004,ABREE,PEV fixo,Ativo,03/08/2024
3548302-000,2024,SP,Santo Expedito,3548302,Green Eletron,PEV fixo,Ativo,11/04/2023
1300805-002,2024,AM,  Borba ,1300805,Green Eletron,PEV fixo,Ativo,13/09/2022
4314902-103,2024,RS,Porto Alegre,4314902,Green Eletron,PEV fixo,Ativo,12/09/2022
3550308-148,2024,SP,São Paulo,3550308,ABREE,PEV fixo,Ativo,23/12/2020
2111300-028,2024,MA,São Luís,2111300,Green Eletron,PEV fixo,Ativo,04/06/2019
2304400-086,2024,CE,Fortaleza,2304400,Green Eletron,PEV fixo,Ativo,05/06/2022
4322343-000,2024,RS,Ubiretama,4322343,Green Eletron,PEV fixo,Ativo,25/02/2021
4314902-033,2024,RS,Porto Alegre,4314902,ABREE,PEV fixo,Ativo,23/02/2020
1501402-022,2024,PA,Belém,1501402,Green Eletron,PEV fixo,Ativo,11/07/2022
4215653-000,2024,SC,Santa Rosa do Sul,4215653,ABREE,Ponto de consolidação,Ativo,09/06/2019
2111300-030,2024,MA,São Luís,2111300,Green Eletron,PEV fixo,Ativo,28/10/2019
2611101-000,2024,PE,PETROLINA,2611101,Green Eletron,PEV fixo,Ativo,17/01/2020
4209706-001,2024,SC,Lebon Regis,4209706,ABREE,PEV fixo,Ativo,13/11/2023
4106902-085,2024,PR,CURITIBA,4106902,Green Eletron,PEV fixo,Ativo,19/06/2023
3300159-000,2024,RJ,Aperibé,3300159,Green Eletron,PEV fixo,Ativo,08/04/2019
3304805-000,2024,RJ,São Fidélis,3304805,ABREE,PEV fixo,Ativo,15/06/2021
2408003-000,2024,RN,Mossoro,2408003,Green Eletron,PEV fixo,Ativo,11/05/2021
2610905-000,2024,PE,Pesqueira,2610905,ABREE,PEV fixo,Ativo,15/08/2022
4215752-000,2024,SC,São Bernardino,4215752,Green Eletron,PEV fixo,Ativo,16/02/2019
2211001-018,2024,PI,Teresina,2211001,ABREE,Campanha itinerante,Ativo,17/01/2022
2611606-052,2024,PE,Recife,2611606,ABREE,PEV fixo,Ativo,26/11/2022
2706307-000,2024,AL,PALMEIRA DOS ÍNDIOS,2706307,ABREE,PEV fixo,Ativo,23/03/2024
3551900-000,2024,SP,Severínia,3551900,Green Eletron,PEV fixo,Ativo,28/08/2021
3304557-131,2024,RJ,Rio de Janeiro,3304557,ABREE,PEV fixo,Ativo,27/04/2022
3532306-009,2024,SP,Natividade da Serra,3532306,Green Eletron,PEV fixo,Ativo,09/10/2023
3302700-007,2024,RJ,Maricá,3302700,Green Eletron,PEV fixo,Ativo,07/03/2020
3116506-000,2024,MG,Claro dos Poções,3116506,Sistema individual,Ponto de consolidação,Ativo,06/07/2024
2311207-002,2024,CE,Potengi,2311207,ABREE,PEV fixo,Ativo,12/03/2023
2200103-000,2024,PI,Agricolândia,2200103,ABREE,Ponto de consolidação,Ativo,23/02/2022
4122107-001,2024,PR,Rio Bom,4122107,Sistema individual,Ponto de consolidação,Ativo,24/08/2023
3106200-061,2024,MG,Belo Horizonte,3106200,Sistema individual,PEV fixo,Ativo,06/09/2020
4109757-000,2024,PR,Ibema,4109757,Green Eletron,PEV fixo,Ativo,14/03/2024
3550308-246,2024,SP,São Paulo,3550308,ABREE,PEV fixo,Ativo,28/05/2021
2611606-064,2024,PE,Recife,2611606,Green Eletron,Campanha itinerante,Ativo,14/09/2022
2211001-014,2024,PI,Teresina,2211001,ABREE,PEV fixo,Ativo,07/06/2021
5221197-000,2024,GO,TEREZÓPOLIS DE GOIÁS,5221197,ABREE,Ponto de consolidação,Ativo,28/03/2020
4313060-000,2024,RS,Nova Hartz,4313060,Green Eletron,PEV fixo,Ativo,09/03/2020
3505708-000,2024,SP,Barueri,3505708,Green Eletron,PEV fixo,Ativo,21/02/2024
3106200-051,2024,MG,Belo Horizonte,3106200,ABREE,PEV fixo,Ativo,11/09/2020
2100808-001,2024,MA,Anapurus,2100808,ABREE,Ponto de consolidação,Ativo,13/03/2024
2211001-020,2024,PI,Teresina,2211001,ABREE,PEV fixo,Ativo,22/09/2022
3510104-000,2024,SP,CÂNDIDO RODRIGUES,3510104,ABREE,PEV fixo,Ativo,04/04/2022
3304557-003,2024,RJ,Rio de Janeiro,3304557,Green Eletron,PEV fixo,Ativo,22/07/2020
3550308-270,2024,SP,São Paulo,3550308,Sistema individual,PEV fixo,Inativo,10/05/2022
4106902-092,2024,PR,Curitiba,4106902,Green Eletron,PEV fixo,Ativo,22/08/2024
3507803-000,2024,SP,Brodowski,3507803,ABREE,PEV fixo,Ativo,20/10/2020
2202851-000,2024,PI,  Coronel José Dias ,2202851,ABREE,PEV fixo,Ativo,19/01/2019
1506401-000,2024,PA,Santa Cruz do Arari,1506401,Green Eletron,PEV fixo,Ativo,03/04/2022
1100080-000,2024,RO,Costa Marques,1100080,Green Eletron,PEV fixo,Ativo,18/06/2022
3106200-264,2024,MG,Belo Horizonte,3106200,Sistema individual,PEV fixo,Ativo,11/09/2023
2513406-000,2024,PB,  Santa Luzia ,2513406,Green Eletron,PEV fixo,Ativo,06/01/2020
5203575-000,2024,GO,Bonópolis,5203575,ABREE,PEV fixo,Ativo,11/07/2022
3527801-003,2024,SP,Lupércio,3527801,ABREE,PEV fixo,Ativo,05/02/2022
4115457-006,2024,PR,MARQUINHO,4115457,ABREE,Ponto de consolidação,Ativo,10/12/2022
4211876-002,2024,SC,Paial,4211876,Green Eletron,PEV fixo,Ativo,17/06/2021
3202405-002,2024,ES,Guarapari,3202405,ABREE,PEV fixo,Ativo,16/12/2024
4205407-060,2024,SC,FLORIANÓPOLIS,4205407,Green Eletron,PEV fixo,Ativo,25/07/2021
3169356-000,2024,MG,Três Marias,3169356,Sistema individual,PEV fixo,Ativo,07/08/2020
3550100-000,2024,SP,São Manuel,3550100,Green Eletron,PEV fixo,Ativo,13/06/2023
3304557-036,2024,RJ,RIO DE JANEIRO,3304557,Green Eletron,PEV fixo,Ativo,20/03/2020
2927408-014,2024,BA,Salvador,2927408,Green Eletron,PEV fixo,Ativo,23/06/2019
3106200-204,2024,MG,Belo Horizonte,3106200,Green Eletron,PEV fixo,Ativo,11/07/2022
3550308-303,2024,SP,São Paulo,3550308,Green Eletron,PEV fixo,Ativo,01/08/2022
2927408-000,2024,BA,Salvador,2927408,Sistema individual,PEV fixo,Ativo,06/09/2019
3106200-219,2024,MG,  Belo Horizonte ,3106200,Green Eletron,PEV fixo,Ativo,25/04/2022
3304557-087,2024,RJ,RIO DE JANEIRO,3304557,Green Eletron,PEV fixo,Ativo,24/08/2021
2611606-056,2024,PE,Recife,2611606,Green Eletron,PEV fixo,Ativo,27/10/2022
4106902-075,2024,PR,Curitiba,4106902,Green Eletron,PEV fixo,Ativo,03/05/2023
2927408-045,2024,BA,Salvador,2927408,Green Eletron,PEV fixo,Ativo,16/04/2020
4314902-030,2024,RS,Porto Alegre,4314902,ABREE,PEV fixo,Ativo,14/08/2020
2308401-000,2024,CE,Missao Velha,2308401,ABREE,PEV fixo,Ativo,22/04/2021
3304128-001,2024,RJ,Quatis,3304128,ABREE,PEV fixo,Ativo,05/01/2024
2909901-000,2024,BA,Curaçá,2909901,ABREE,PEV fixo,Ativo,24/08/2020
2612901-000,2024,PE,São Benedito do Sul,2612901,ABREE,PEV fixo,Ativo,09/08/2019
2304400-048,2024,CE,Fortaleza,2304400,Sistema individual,PEV fixo,Ativo,01/12/2020
1716208-000,2024,TO,  Paranã ,1716208,ABREE,PEV fixo,Ativo,09/01/2019
2312601-000,2024,CE,São Luís do Curu,2312601,Green Eletron,PEV fixo,Ativo,03/09/2020
2927408-106,2024,BA,Salvador,2927408,Green Eletron,PEV fixo,Ativo,21/04/2022
2905503-003,2024,BA,Caldeirão Grande,2905503,Green Eletron,PEV fixo,Ativo,19/03/2022
2920700-000,2024,BA,Maraú,2920700,Green Eletron,Ponto de consolidação,Ativo,22/11/2021
2512705-000,2024,PB,Remígio,2512705,ABREE,PEV fixo,Ativo,13/10/2021
2300705-004,2024,CE,  Alto Santo ,2300705,ABREE,PEV fixo,Ativo,03/05/2020
5108501-000,2024,MT,Vera,5108501,ABREE,PEV fixo,Ativo,04/12/2019
2903235-004,2024,BA,Barro Alto,2903235,Green Eletron,PEV fixo,Ativo,14/09/2024
3304557-051,2024,RJ,Rio de Janeiro,,ABREE,PEV fixo,Ativo,01/12/2020
3104601-000,2024,MG,ASTOLFO DUTRA,3104601,ABREE,PEV fixo,Ativo,27/11/2022
3553807-004,2024,SP,Taquarituba,3553807,Sistema individual,PEV fixo,Ativo,12/04/2024
2106706-000,2024,MA,Mirador,2106706,ABREE,PEV fixo,Ativo,27/06/2022
4205407-074,2024,SC,Florianópolis,4205407,ABREE,PEV fixo,Ativo,28/04/2022
5215306-000,2024,GO,ORIZONA,5215306,Green Eletron,Campanha itinerante,Ativo,12/03/2022
3153608-000,2024,MG,Prudente de Morais,3153608,Sistema individual,PEV fixo,Ativo,13/11/2020
4103909-001,2024,PR,Campina da Lagoa,4103909,ABREE,PEV fixo,Ativo,03/04/2023
3106200-112,2024,MG,Belo Horizonte,3106200,ABREE,PEV fixo,Ativo,28/02/2021
2403004-000,2024,RN,CRUZETA,2403004,ABREE,PEV fixo,Ativo,20/12/2022
3513009-002,2024,SP,Cotia,3513009,Green Eletron,PEV fixo,Ativo,19/11/2019
5300108-066,2024,DF,Brasília,5300108,Sistema individual,PEV fixo,Ativo,13/01/2021
4314902-097,2024,RS,Porto Alegre,4314902,Green Eletron,PEV fixo,Ativo,08/08/2022
3532900-002,2024,SP,Nova Europa,3532900,Green Eletron,PEV fixo,Ativo,28/01/2019
4123808-000,2024,PR,SANTA IZABEL DO OESTE,4123808,Green Eletron,PEV fixo,Ativo,10/07/2023
3551306-001,2024,SP,SEBASTIANÓPOLIS DO SUL,3551306,Sistema individual,PEV fixo,Ativo,28/05/2019
3302502-009,2024,RJ,Magé,3302502,ABREE,PEV fixo,Ativo,21/03/2023
3106200-108,2024,MG,Belo Horizonte,3106200,ABREE,PEV fixo,Ativo,04/04/2021
3104403-000,2024,MG,  Argirita ,3104403,Green Eletron,PEV fixo,Ativo,13/06/2020
1101450-000,2024,RO,Parecis,1101450,ABREE,PEV fixo,Ativo,13/01/2021
3549904-003,2024,SP,São José dos Campos,3549904,ABREE,PEV fixo,Ativo,05/10/2021
4205407-062,2024,SC,  Florianópolis ,4205407,Green Eletron,PEV fixo,Ativo,25/06/2022
2211001-004,2024,PI,Teresina,2211001,Green Eletron,Campanha itinerante,Ativo,28/10/2019
4106902-006,2024,PR,Curitiba,4106902,ABREE,Campanha itinerante,Ativo,24/02/2020
4205407-080,2024,SC,FLORIANÓPOLIS,4205407,Green Eletron,PEV fixo,Ativo,20/11/2023
3519303-000,2024,SP,Ibaté,3519303,ABREE,Campanha itinerante,Ativo,12/01/2023
4117503-000,2024,PR,PAIÇANDU,4117503,Sistema individual,PEV fixo,Ativo,14/04/2023
2302404-000,2024,CE,Boa Viagem,2302404,Green Eletron,PEV fixo,Ativo,11/03/2021
3304201-000,2024,RJ,RESENDE,3304201,ABREE,PEV fixo,Ativo,27/08/2021
2409407-000,2024,RN,Pau dos Ferros,2409407,Green Eletron,PEV fixo,Ativo,13/01/2022
2903003-000,2024,BA,BARRA DO MENDES,2903003,Green Eletron,PEV fixo,Ativo,18/10/2021
4310207-012,2024,RS,  Ijuí ,4310207,Green Eletron,PEV fixo,Ativo,19/07/2023
4217253-000,2024,SC,SÃO PEDRO DE ALCÂNTARA,4217253,Green Eletron,Campanha itinerante,Ativo,05/11/2019
3542602-007,2024,SP,Registro,3542602,Green Eletron,PEV fixo,Ativo,20/07/2023
2111300-087,2024,MA,São Luís,2111300,ABREE,PEV fixo,Ativo,25/09/2022
5300108-014,2024,DF,BRASÍLIA,5300108,ABREE,PEV fixo,Ativo,08/11/2019
4118501-000,2024,PR,PATO BRANCO,4118501,ABREE,PEV fixo,Ativo,11/06/2019
2500536-000,2024,PB,Alcantil,2500536,ABREE,PEV fixo,Ativo,06/03/2019
4310439-000,2024,RS,Ipê,4310439,ABREE,PEV fixo,Ativo,06/08/2019
4306205-000,2024,RS,Cruzeiro do Sul,4306205,ABREE,Campanha itinerante,Ativo,21/10/2021
5300108-012,2024,DF,Brasília,5300108,ABREE,PEV fixo,Ativo,12/11/2019
2401503-000,2024,RN,Barcelona,2401503,Green Eletron,PEV fixo,Ativo,02/06/2021
4215802-000,2024,SC,SÃO BENTO DO SUL,4215802,Green Eletron,Campanha itinerante,Ativo,06/09/2022
3550308-131,2024,SP,Sao Paulo,3550308,Green Eletron,PEV fixo,Ativo,28/09/2020
3304557-186,2024,RJ,Rio de Janeiro,3304557,Green Eletron,PEV fixo,Ativo,18/08/2023
1100924-000,2024,RO,Chupinguaia,1100924,Green Eletron,PEV fixo,Ativo,17/01/2019
3300951-004,2024,RJ,Comendador Levy Gasparian,3300951,ABREE,PEV fixo,Ativo,01/07/2022
3550308-245,2024,SP,São Paulo,3550308,ABREE,PEV fixo,Ativo,27/12/2021
1501204-006,2024,PA,Baião,1501204,Green Eletron,PEV fixo,Ativo,12/12/2021
4321469-000,2024,RS,TIO HUGO,4321469,Green Eletron,PEV fixo,Ativo,16/01/2020
4212700-000,2024,SC,PETROLÂNDIA,4212700,Green Eletron,PEV fixo,Ativo,20/12/2020
3127602-000,2024,MG,Gouveia,3127602,ABREE,PEV fixo,Ativo,23/07/2024
4103800-000,2024,PR,Cambira,4103800,Green Eletron,PEV fixo,Ativo,12/11/2019
4106902-086,2024,PR,Curitiba,4106902,Sistema individual,PEV fixo,Ativo,16/03/2024
4310207-007,2024,RS,IJUÍ,4310207,ABREE,PEV fixo,Ativo,18/08/2021
3540507-000,2024,SP,Porangaba,3540507,Green Eletron,PEV fixo,Ativo,24/04/2021
3301108-004,2024,RJ,Cantagalo,3301108,Green Eletron,PEV fixo,Ativo,05/01/2020
3550506-000,2024,SP,SÃO PEDRO DO TURVO,3550506,ABREE,Ponto de consolidação,Ativo,24/03/2019
3106309-000,2024,MG,Belo Oriente,3106309,Green Eletron,PEV fixo,Ativo,24/09/2022
3305505-002,2024,RJ,Saquarema,3305505,ABREE,PEV fixo,Ativo,16/07/2022
5300108-096,2024,DF,Brasília,5300108,ABREE,PEV fixo,Ativo,04/11/2023
2921203-000,2024,BA,Miguel Calmon,2921203,ABREE,PEV fixo,Ativo,01/12/2023
3304508-005,2024,RJ,Rio das Flores,3304508,ABREE,PEV fixo,Ativo,27/04/2020
2111300-077,2024,MA,São Luís,2111300,ABREE,Campanha itinerante,Ativo,05/07/2022
2931301-001,2024,BA,Tapiramuta,2931301,Green Eletron,PEV fixo,Ativo,19/06/2022
4106902-033,2024,PR,Curitiba,4106902,Green Eletron,PEV fixo,Ativo,10/04/2021
2611606-026,2024,PE,Recife,2611606,ABREE,Campanha itinerante,Ativo,21/07/2020
3106200-191,2024,MG,Belo Horizonte,3106200,Sistema individual,PEV fixo,Ativo,12/07/2022
3158904-000,2024,MG,Santana do Manhuaçu,3158904,Green Eletron,PEV fixo,Ativo,10/04/2019
3506003-000,2024,SP,  Bauru ,,Green Eletron,PEV fixo,Ativo,04/05/2022
4310207-000,2024,RS,Ijuí,4310207,Green Eletron,PEV fixo,Ativo,21/02/2020
4206405-000,2024,SC,Guaraciaba,4206405,ABREE,PEV fixo,Ativo,23/10/2024
4205407-013,2024,SC,Florianópolis,4205407,Green Eletron,PEV fixo,Ativo,05/08/2019
5300108-101,2024,DF,Brasília,5300108,ABREE,PEV fixo,Ativo,17/11/2023
1707702-000,2024,TO,Filadelfia,1707702,ABREE,PEV fixo,Ativo,16/11/2021
3305208-001,2024,RJ,São Pedro da Aldeia,3305208,Sistema individual,Ponto de consolidação,Ativo,05/01/2024
3300308-008,2024,RJ,Barra do Piraí,3300308,Green Eletron,PEV fixo,Ativo,03/10/2022
3550308-338,2024,SP,São Paulo,3550308,Green Eletron,PEV fixo,Ativo,13/10/2023
1507151-002,2024,PA,São Domingos do Araguaia,1507151,ABREE,Campanha itinerante,Ativo,18/09/2020
1508209-007,2024,PA,VIGIA,1508209,Green Eletron,Campanha itinerante,Ativo,12/02/2021
3124302-000,2024,MG,Espinosa,3124302,ABREE,PEV fixo,Ativo,27/02/2021
2703205-002,2024,AL,Igreja Nova,2703205,Green Eletron,PEV fixo,Ativo,17/03/2024
5208707-004,2024,GO,Goiânia,5208707,ABREE,PEV fixo,Ativo,14/08/2019
3145877-000,2024,MG,Orizania,3145877,ABREE,PEV fixo,Ativo,28/11/2022
5209200-000,2024,GO,Guapo,5209200,Sistema individual,PEV fixo,Ativo,07/10/2021
4314902-072,2024,RS,PORTO ALEGRE,4314902,Sistema individual,Ponto de consolidação,Ativo,25/10/2021
4306700-001,2024,RS,Dona Francisca,4306700,ABREE,Campanha itinerante,Ativo,10/04/2023
3300308-001,2024,RJ,Barra do Piraí,3300308,Green Eletron,PEV fixo,Ativo,26/12/2019
3106200-255,2024,MG,Belo Horizonte,3106200,Green Eletron,PEV fixo,Ativo,21/12/2023
2111300-035,2024,MA,São Luís,2111300,ABREE,PEV fixo,Ativo,13/05/2020
2304400-053,2024,CE,Fortaleza,2304400,ABREE,Ponto de consolidação,Ativo,15/04/2021
5203559-000,2024,GO,BONFINÓPOLIS,5203559,ABREE,Ponto de consolidação,Ativo,19/10/2021
2602407-000,2024,PE,Brejão,2602407,Green Eletron,PEV fixo,Ativo,14/10/2024
3142205-000,2024,MG,  Miraí ,3142205,Green Eletron,PEV fixo,Ativo,21/09/2021
2604502-000,2024,PE,Chã Grande,2604502,Green Eletron,PEV fixo,Ativo,23/04/2021
4106902-080,2024,PR,Curitiba,4106902,Sistema individual,PEV fixo,Ativo,04/02/2023
2512309-000,2024,PB,Princesa Isabel,2512309,ABREE,PEV fixo,Ativo,28/08/2023
4310207-009,2024,RS,Ijuí,4310207,ABREE,PEV fixo,Ativo,16/02/2022
2304400-077,2024,CE,Fortaleza,2304400,ABREE,Ponto de consolidação,Ativo,26/04/2022
2100600-000,2024,MA,Amarante do Maranhao,2100600,ABREE,Ponto de consolidação,Ativo,20/04/2020
2927408-029,2024,BA,Salvador,2927408,ABREE,PEV fixo,Ativo,02/09/2019
4106803-000,2024,PR,Cruz Machado,4106803,ABREE,PEV fixo,Ativo,02/04/2020
2307601-001,2024,CE,  Limoeiro do Norte ,2307601,Green Eletron,PEV fixo,Ativo,09/01/2023
4210852-000,2024,SC,Mirim Doce,4210852,ABREE,PEV fixo,Ativo,26/02/2020
4124400-001,2024,PR,Santo Antônio do Sudoeste,4124400,Sistema individual,Campanha itinerante,Ativo,21/01/2022
2105708-001,2024,MA,Lago da Pedra,2105708,ABREE,PEV fixo,Ativo,16/05/2022
4309159-000,2024,RS,GRAMADO XAVIER,4309159,ABREE,Campanha itinerante,Ativo,11/04/2020
3106200-268,2024,MG,Belo Horizonte,3106200,Green Eletron,PEV fixo,Ativo,20/02/2023
3304557-146,2024,RJ,Rio de Janeiro,3304557,ABREE,PEV fixo,Ativo,07/06/2022
3526803-002,2024,SP,Lençóis Paulista,3526803,Green Eletron,Ponto de consolidação,Ativo,17/11/2019
4322004-000,2024,RS,Triunfo,4322004,ABREE,PEV fixo,Ativo,06/02/2023
3305307-008,2024,RJ,São Sebastião do Alto,3305307,Green Eletron,PEV fixo,Ativo,12/03/2020
3551306-003,2024,SP,Sebastianópolis do Sul,3551306,Green Eletron,PEV fixo,Inativo,27/01/2020
4205407-086,2024,SC,Florianopolis,4205407,Green Eletron,PEV fixo,Ativo,04/03/2023
3304557-005,2024,RJ,Rio de Janeiro,3304557,ABREE,PEV fixo,Ativo,10/04/2020
1501402-000,2024,PA,Belém,1501402,Green Eletron,PEV fixo,Ativo,26/10/2020
3518503-002,2024,SP,Guareí,3518503,ABREE,PEV fixo,Ativo,28/03/2023
2610301-006,2024,PE,Paranatama,2610301,ABREE,PEV fixo,Ativo,13/06/2023
2208874-000,2024,PI,Ribeira do Piauí,2208874,ABREE,PEV fixo,Ativo,14/08/2022
3125804-000,2024,MG,Fernandes Tourinho,3125804,ABREE,PEV fixo,Ativo,08/08/2022
2609709-001,2024,PE,  Orobó ,2609709,ABREE,Campanha itinerante,Ativo,21/12/2024
2901908-002,2024,BA,Apora,2901908,ABREE,PEV fixo,Ativo,13/11/2022
3106200-150,2024,MG,Belo Horizonte,3106200,ABREE,PEV fixo,Ativo,21/01/2021
2922300-000,2024,BA,MURITIBA,2922300,ABREE,PEV fixo,Ativo,03/10/2022
3532900-003,2024,SP,Nova Europa,3532900,Green Eletron,PEV fixo,Ativo,10/10/2019
3106200-004,2024,MG,Belo Horizonte,3106200,Green Eletron,PEV fixo,Ativo,03/05/2020
3149606-000,2024,MG,Pequi,3149606,Green Eletron,PEV fixo,Ativo,01/11/2022
5003256-000,2024,MS,Costa Rica,5003256,Green Eletron,Campanha itinerante,Ativo,01/06/2023
3106200-213,2024,MG,BELO HORIZONTE,3106200,ABREE,Campanha itinerante,Ativo,07/10/2022
3153103-000,2024,MG,Presidente Bernardes,3153103,Green Eletron,PEV fixo,Ativo,14/03/2023
3302502-005,2024,RJ,Mage,3302502,ABREE,Ponto de consolidação,Ativo,12/12/2022
3106200-254,2024,MG,Belo Horizonte,3106200,ABREE,PEV fixo,Ativo,28/05/2023
5208707-012,2024,GO,  Goiânia ,5208707,ABREE,PEV fixo,Ativo,04/01/2021
3204302-000,2024,ES,Presidente Kennedy,3204302,ABREE,PEV fixo,Ativo,24/10/2022
3550308-083,2024,SP,SÃO PAULO,3550308,Green Eletron,Ponto de consolidação,Ativo,05/07/2019
2611606-098,2024,PE,Recife,2611606,ABREE,PEV fixo,Ativo,13/07/2024
4311809-000,2024,RS,Marau,4311809,Sistema individual,PEV fixo,Ativo,07/08/2022
4314902-150,2024,RS,PORTO ALEGRE,4314902,Green Eletron,PEV fixo,Ativo,23/05/2023
4100509-002,2024,PR,Altônia,4100509,Green Eletron,PEV fixo,Ativo,26/11/2023
2111102-000,2024,MA,Sao Joao dos Patos,2111102,ABREE,PEV fixo,Ativo,16/03/2019
3532306-004,2024,SP,Natividade da Serra,3532306,ABREE,PEV fixo,Ativo,22/11/2021
3525201-009,2024,SP,JARINU,3525201,ABREE,PEV fixo,Ativo,28/10/2022
3550308-280,2024,SP,São Paulo,3550308,Green Eletron,PEV fixo,Ativo,14/02/2022
2704302-006,2024,AL,Maceió,2704302,Green Eletron,PEV fixo,Ativo,28/06/2021
3550308-046,2024,SP,São Paulo,3550308,ABREE,PEV fixo,Ativo,14/06/2019
3550308-076,2024,SP,São Paulo,3550308,Green Eletron,PEV fixo,Ativo,28/03/2019
4314902-008,2024,RS,PORTO ALEGRE,4314902,ABREE,PEV fixo,Ativo,02/09/2020
1703867-000,2024,TO,Cariri do Tocantins,1703867,Green Eletron,PEV fixo,Ativo,28/01/2023
4314902-042,2024,RS,Porto Alegre,4314902,Sistema individual,Campanha itinerante,Ativo,05/11/2020
3130200-000,2024,MG,Igaratinga,3130200,ABREE,PEV fixo,Ativo,24/04/2023
4205407-059,2024,SC,Florianópolis,4205407,Sistema individual,Ponto de consolidação,Ativo,17/09/2021
4310504-000,2024,RS,Iraí,4310504,Green Eletron,PEV fixo,Ativo,04/09/2022
3127339-000,2024,MG,Gameleiras,3127339,Green Eletron,PEV fixo,Ativo,15/11/2021
2700805-002,2024,AL,BELÉM,2700805,ABREE,PEV fixo,Ativo,15/01/2022
3122454-001,2024,MG,DIVISÓPOLIS,3122454,ABREE,PEV fixo,Ativo,23/08/2023
3169307-000,2024,MG,TRÊS CORAÇÕES,3169307,Green Eletron,PEV fixo,Ativo,16/11/2020
3550308-306,2024,SP,São Paulo,3550308,Green Eletron,PEV fixo,Ativo,18/01/2022
3131604-000,2024,MG,Iraí de Minas,3131604,Green Eletron,PEV fixo,Ativo,20/01/2024
3503703-009,2024,SP,ARIRANHA,3503703,Green Eletron,PEV fixo,Ativo,17/08/2024
2707602-000,2024,AL,Quebrangulo,2707602,ABREE,PEV fixo,Ativo,10/12/2019
2307106-000,2024,CE,  Jardim ,2307106,Sistema individual,PEV fixo,Ativo,26/01/2020
2609709-000,2024,PE,OROBÓ,2609709,ABREE,PEV fixo,Ativo,04/03/2022
2111300-068,2024,MA,São Luís,2111300,ABREE,PEV fixo,Ativo,25/12/2021
4205100-000,2024,SC,Dona Emma,4205100,Green Eletron,PEV fixo,Ativo,18/01/2023
2903607-000,2024,BA,Biritinga,2903607,ABREE,Ponto de consolidação,Ativo,25/05/2024
3522505-000,2024,SP,Itapevi,3522505,Green Eletron,PEV fixo,Ativo,27/11/2022
3523305-000,2024,SP,ITARIRI,3523305,ABREE,PEV fixo,Ativo,03/12/2022
3550308-244,2024,SP,São Paulo,3550308,Green Eletron,PEV fixo,Ativo,10/10/2021
2931509-000,2024,BA,TEOFILÂNDIA,2931509,Green Eletron,Ponto de consolidação,Ativo,18/03/2019
3555109-007,2024,SP,TUPI PAULISTA,3555109,ABREE,PEV fixo,Ativo,24/09/2021
2311207-003,2024,CE,Potengi,2311207,ABREE,PEV fixo,Ativo,21/09/2024
5005400-000,2024,MS,MARACAJU,5005400,ABREE,PEV fixo,Ativo,08/05/2023
1715150-000,2024,TO,Novo Alegre,1715150,ABREE,Ponto de consolidação,Ativo,06/07/2024
2927408-133,2024,BA,Salvador,2927408,Sistema individual,Ponto de consolidação,Ativo,08/02/2023
3106200-002,2024,MG,BELO HORIZONTE,3106200,ABREE,PEV fixo,Ativo,16/09/2020
3153509-000,2024,MG,Alto Jequitibá,3153509,Green Eletron,PEV fixo,Ativo,16/12/2024
3554201-000,2024,SP,Tejupa,3554201,ABREE,PEV fixo,Ativo,17/03/2023
3549904-002,2024,SP,Sao Jose dos Campos,3549904,ABREE,PEV fixo,Ativo,20/01/2020
4217501-000,2024,SC,Seara,4217501,ABREE,Campanha itinerante,Ativo,24/05/2019
4309308-000,2024,RS,Guaíba,4309308,ABREE,PEV fixo,Ativo,23/04/2019
2405801-000,2024,RN,Joao Camara,2405801,Green Eletron,Ponto de consolidação,Ativo,15/09/2020
3303104-001,2024,RJ,Natividade,3303104,Green Eletron,PEV fixo,Ativo,19/07/2022
4117255-000,2024,PR,NOVA PRATA DO IGUAÇU,4117255,ABREE,PEV fixo,Ativo,12/08/2020
2931004-000,2024,BA,TANHAÇU,2931004,ABREE,Ponto de consolidação,Ativo,09/06/2024
5000708-000,2024,MS,ANASTÁCIO,5000708,Green Eletron,PEV fixo,Ativo,09/03/2019
5209101-000,2024,GO,Goiatuba,5209101,Green Eletron,PEV fixo,Ativo,18/10/2024
3106200-313,2024,MG,Belo Horizonte,3106200,ABREE,PEV fixo,Ativo,15/04/2024
3106200-121,2024,MG,Belo Horizonte,3106200,ABREE,PEV fixo,Ativo,21/05/2021
4220000-000,2024,SC,BALNEÁRIO RINCÃO,4220000,ABREE,Campanha itinerante,Ativo,09/09/2021
3165800-000,2024,MG,SENADOR JOSÉ BENTO,3165800,ABREE,PEV fixo,Ativo,02/08/2022
3301108-003,2024,RJ,Cantagalo,3301108,Sistema individual,PEV fixo,Ativo,25/08/2020
3304508-013,2024,RJ,RIO DAS FLORES,3304508,Green Eletron,Ponto de consolidação,Ativo,12/11/2023
2931301-000,2024,BA,  Tapiramutá ,2931301,ABREE,PEV fixo,Ativo,24/06/2022
4126678-000,2024,PR,TAMARANA,4126678,ABREE,PEV fixo,Ativo,19/01/2022
5103403-000,2024,MT,Cuiabá,5103403,Green Eletron,PEV fixo,Ativo,03/10/2019
3304557-117,2024,RJ,Rio de Janeiro,3304557,Green Eletron,PEV fixo,Inativo,20/09/2022
3301405-000,2024,RJ,Conceicao de Macabu,3301405,ABREE,PEV fixo,Inativo,16/11/2019
3553856-000,2024,SP,TAQUARIVAÍ,3553856,ABREE,PEV fixo,Ativo,27/02/2023
3150703-000,2024,MG,Pirajuba,3150703,Green Eletron,Ponto de consolidação,Ativo,14/03/2019
3550308-343,2024,SP,São Paulo,3550308,Green Eletron,PEV fixo,Ativo,16/03/2023
3550308-164,2024,SP,São Paulo,3550308,Green Eletron,PEV fixo,Ativo,08/07/2020
1300029-003,2024,AM,Alvarães,1300029,Green Eletron,PEV fixo,Ativo,16/12/2020
2611606-049,2024,PE,Recife,2611606,ABREE,PEV fixo,Ativo,20/11/2021
4310553-000,2024,RS,ITACURUBI,4310553,Green Eletron,PEV fixo,Ativo,15/10/2021
1703883-000,2024,TO,Carmolandia,1703883,ABREE,PEV fixo,Ativo,13/03/2021
3107000-000,2024,MG,Biquinhas,3107000,ABREE,PEV fixo,Ativo,12/04/2020
2209609-000,2024,PI,SÃO FÉLIX DO PIAUÍ,2209609,ABREE,PEV fixo,Ativo,10/08/2022
3304557-188,2024,RJ,Rio de Janeiro,3304557,ABREE,PEV fixo,Ativo,11/05/2023
3550308-222,2024,SP,São Paulo,3550308,Green Eletron,PEV fixo,Ativo,25/11/2021
4314902-034,2024,RS,PORTO ALEGRE,4314902,ABREE,PEV fixo,Ativo,09/01/2020
3552551-000,2024,SP,SUZANÁPOLIS,3552551,ABREE,PEV fixo,Ativo,20/02/2021
4314902-135,2024,RS,PORTO ALEGRE,4314902,ABREE,PEV fixo,Ativo,20/03/2023
2507002-000,2024,PB,Itaporanga,2507002,Green Eletron,PEV fixo,Ativo,16/03/2022
1300029-006,2024,AM,Alvarães,1300029,Green Eletron,PEV fixo,Ativo,25/04/2022
3539301-002,2024,SP,Pirassununga,3539301,Green Eletron,PEV fixo,Ativo,20/07/2022
5201504-000,2024,GO,Apore,5201504,Sistema individual,PEV fixo,Ativo,05/12/2022
5108956-002,2024,MT,Nova Monte Verde,5108956,ABREE,PEV fixo,Ativo,11/02/2021
3131000-000,2024,MG,  Inhaúma ,3131000,ABREE,Campanha itinerante,Ativo,16/02/2021
2901908-000,2024,BA,Aporá,2901908,Sistema individual,Ponto de consolidação,Ativo,02/04/2021
1707652-000,2024,TO,Figueirópolis,1707652,ABREE,PEV fixo,Ativo,04/03/2020
2204709-000,2024,PI,INHUMA,2204709,Green Eletron,PEV fixo,Ativo,28/04/2019
1501402-016,2024,PA,Belém,1501402,ABREE,PEV fixo,Ativo,08/12/2021
4318705-000,2024,RS,São Leopoldo,4318705,Green Eletron,PEV fixo,Ativo,02/08/2021
3555109-018,2024,SP,Tupi Paulista,3555109,ABREE,PEV fixo,Ativo,08/07/2024
3510708-001,2024,SP,Cardoso,3510708,ABREE,PEV fixo,Ativo,17/03/2021
3510708-002,2024,SP,Cardoso,3510708,ABREE,PEV fixo,Ativo,02/12/2022
3503703-004,2024,SP,Ariranha,3503703,Green Eletron,Ponto de consolidação,Ativo,23/10/2021
4106902-000,2024,PR,CURITIBA,4106902,ABREE,Campanha itinerante,Ativo,25/08/2020
3546702-000,2024,SP,SANTA GERTRUDES,3546702,ABREE,PEV fixo,Ativo,13/10/2023
4310207-005,2024,RS,  Ijuí ,4310207,Green Eletron,Campanha itinerante,Ativo,28/11/2021
5105903-001,2024,MT,NOBRES,5105903,ABREE,PEV fixo,Ativo,28/11/2024
2927408-096,2024,BA,Salvador,2927408,ABREE,Ponto de consolidação,Ativo,11/02/2021
3500600-004,2024,SP,Águas de São Pedro,3500600,Green Eletron,PEV fixo,Ativo,16/09/2023
3304557-210,2024,RJ,RIO DE JANEIRO,3304557,Sistema individual,PEV fixo,Ativo,03/10/2024
1200401-004,2024,AC,Rio Branco,1200401,Green Eletron,PEV fixo,Ativo,26/04/2021
2505204-000,2024,PB,Cuitegi,2505204,ABREE,PEV fixo,Ativo,14/06/2022
3532009-012,2024,SP,Morungaba,3532009,Green Eletron,PEV fixo,Ativo,22/11/2022
2408102-008,2024,RN,NATAL,2408102,ABREE,PEV fixo,Ativo,15/09/2021
5106265-000,2024,MT,Novo Mundo,5106265,ABREE,PEV fixo,Ativo,09/09/2021
4319364-000,2024,RS,São Pedro das Missões,4319364,Green Eletron,PEV fixo,Ativo,26/10/2019
3106200-074,2024,MG,Belo Horizonte,3106200,ABREE,PEV fixo,Ativo,17/05/2020
2105401-000,2024,MA,  Itapecuru Mirim ,2105401,Green Eletron,PEV fixo,Ativo,14/06/2023
4310207-004,2024,RS,Ijuí,4310207,Green Eletron,PEV fixo,Ativo,22/09/2020
3169307-005,2024,MG,TRÊS CORAÇÕES,3169307,Green Eletron,PEV fixo,Ativo,12/05/2023
2602605-001,2024,PE,Brejo da Madre de Deus,2602605,ABREE,PEV fixo,Ativo,15/06/2023
3110400-000,2024,MG,Camacho,3110400,Green Eletron,PEV fixo,Ativo,14/06/2019
3513009-004,2024,SP,COTIA,3513009,Green Eletron,PEV fixo,Ativo,24/01/2020
2921708-003,2024,BA,MORRO DO CHAPÉU,2921708,ABREE,PEV fixo,Ativo,21/07/2023
5108956-004,2024,MT,Nova Monte Verde,5108956,ABREE,PEV fixo,Ativo,03/07/2022
3532900-016,2024,SP,NOVA EUROPA,3532900,Green Eletron,PEV fixo,Ativo,03/02/2021
3523503-000,2024,SP,Itatinga,3523503,Green Eletron,Ponto de consolidação,Ativo,26/03/2021
3106200-052,2024,MG,BELO HORIZONTE,3106200,ABREE,PEV fixo,Ativo,10/12/2020
1703057-000,2024,TO,Bandeirantes do Tocantins,1703057,Green Eletron,PEV fixo,Ativo,19/08/2023
3302858-003,2024,RJ,MESQUITA,3302858,Green Eletron,PEV fixo,Ativo,11/12/2023
1300805-003,2024,AM,  Borba ,1300805,Green Eletron,Campanha itinerante,Ativo,21/12/2023
5208707-020,2024,GO,Goiânia,5208707,Sistema individual,PEV fixo,Ativo,19/03/2022
2805109-000,2024,SE,Pedrinhas,2805109,Green Eletron,PEV fixo,Ativo,24/09/2019
3106200-023,2024,MG,Belo Horizonte,3106200,Green Eletron,Campanha itinerante,Ativo,24/09/2020
3553955-003,2024,SP,  Tarumã ,3553955,ABREE,PEV fixo,Ativo,21/08/2023
3304557-039,2024,RJ,RIO DE JANEIRO,3304557,Green Eletron,PEV fixo,Ativo,18/07/2020
2204154-000,2024,PI,Francisco Macedo,2204154,ABREE,PEV fixo,Ativo,09/06/2019
3522703-005,2024,SP,Itápolis,3522703,Green Eletron,Ponto de consolidação,Ativo,01/02/2023
3550308-118,2024,SP,São Paulo,3550308,Green Eletron,PEV fixo,Ativo,11/07/2020
2209153-000,2024,PI,Santa Cruz dos Milagres,2209153,ABREE,PEV fixo,Ativo,25/08/2021
3543303-000,2024,SP,Ribeirão Pires,3543303,Green Eletron,PEV fixo,Ativo,10/08/2024
3550308-289,2024,SP,São Paulo,3550308,ABREE,PEV fixo,Ativo,18/09/2022
2605152-001,2024,PE,DORMENTES,2605152,Green Eletron,PEV fixo,Ativo,06/02/2021
3304557-094,2024,RJ,Rio de Janeiro,3304557,Green Eletron,PEV fixo,Ativo,19/04/2021
3551306-004,2024,SP,SEBASTIANÓPOLIS DO SUL,3551306,Sistema individual,PEV fixo,Ativo,26/12/2021
4314902-109,2024,RS,PORTO ALEGRE,4314902,ABREE,PEV fixo,Ativo,25/03/2022
3539509-003,2024,SP,Pitangueiras,3539509,Sistema individual,PEV fixo,Ativo,27/08/2022
2924603-003,2024,BA,Pindobaçu,2924603,Green Eletron,PEV fixo,Ativo,02/10/2022
4214102-000,2024,SC,Presidente Nereu,4214102,Green Eletron,PEV fixo,Ativo,14/02/2023
4100608-000,2024,PR,Alto Paraná,4100608,Green Eletron,PEV fixo,Ativo,02/10/2022
3162575-000,2024,MG,São João do Manteninha,3162575,Green Eletron,PEV fixo,Ativo,20/07/2021
2707008-000,2024,AL,Pindoba,,ABREE,PEV fixo,Ativo,14/08/2022
3533007-000,2024,SP,Nova Granada,3533007,ABREE,PEV fixo,Ativo,26/02/2019
2304400-065,2024,CE,FORTALEZA,2304400,Green Eletron,Ponto de consolidação,Ativo,16/03/2021
3550308-040,2024,SP,São Paulo,3550308,Green Eletron,PEV fixo,Ativo,16/08/2019
2410009-000,2024,RN,Piloes,2410009,ABREE,PEV fixo,Ativo,01/11/2022
2916708-000,2024,BA,ITAQUARA,2916708,Green Eletron,PEV fixo,Ativo,26/09/2023
3535606-000,2024,SP,  Paraibuna ,3535606,ABREE,PEV fixo,Ativo,11/08/2019
3120607-000,2024,MG,Crucilândia,3120607,Sistema individual,Campanha itinerante,Ativo,14/08/2020
3506904-004,2024,SP,BOFETE,3506904,ABREE,Campanha itinerante,Ativo,17/05/2023
2106326-001,2024,MA,Maracacume,2106326,ABREE,PEV fixo,Ativo,12/11/2024
3202454-001,2024,ES,Ibatiba,3202454,ABREE,PEV fixo,Ativo,17/11/2021
2111300-053,2024,MA,São Luís,2111300,Green Eletron,PEV fixo,Ativo,08/02/2021
4205407-077,2024,SC,FLORIANÓPOLIS,4205407,ABREE,PEV fixo,Ativo,09/03/2022
4122206-000,2024,PR,Rio Branco do Sul,4122206,Green Eletron,PEV fixo,Ativo,25/08/2019
3519105-002,2024,SP,Iacanga,3519105,ABREE,PEV fixo,Ativo,21/02/2024
2408102-009,2024,RN,NATAL,2408102,Green Eletron,PEV fixo,Ativo,12/07/2021
5208707-007,2024,GO,GOIÂNIA,5208707,Green Eletron,PEV fixo,Ativo,17/03/2020
4213401-000,2024,SC,PONTE SERRADA,4213401,ABREE,Ponto de consolidação,Ativo,20/05/2023
3106200-271,2024,MG,BELO HORIZONTE,3106200,Green Eletron,PEV fixo,Ativo,08/08/2023
3541653-003,2024,SP,Quadra,3541653,Green Eletron,PEV fixo,Ativo,03/06/2021
2611606-040,2024,PE,Recife,2611606,Green Eletron,Campanha itinerante,Ativo,02/11/2021
3532306-010,2024,SP,Natividade da Serra,3532306,Green Eletron,PEV fixo,Ativo,25/03/2023
2927408-081,2024,BA,Salvador,,Green Eletron,PEV fixo,Ativo,12/08/2021
5100300-000,2024,MT,Alto Araguaia,5100300,Green Eletron,PEV fixo,Ativo,10/02/2020
3302106-001,2024,RJ,Itaocara,3302106,ABREE,PEV fixo,Ativo,21/08/2020
3106200-169,2024,MG,BELO HORIZONTE,3106200,Sistema individual,PEV fixo,Ativo,09/11/2022
3108602-001,2024,MG,Brasilia de Minas,3108602,Green Eletron,PEV fixo,Ativo,21/05/2024
3146008-000,2024,MG,Ouro Fino,3146008,ABREE,PEV fixo,Ativo,02/04/2019
3300308-002,2024,RJ,Barra do Pirai,3300308,ABREE,PEV fixo,Ativo,06/09/2019
3301306-004,2024,RJ,Casimiro de Abreu,3301306,Green Eletron,PEV fixo,Ativo,28/02/2024
2906873-000,2024,BA,CAPIM GROSSO,2906873,ABREE,Ponto de consolidação,Ativo,26/03/2023
3518305-000,2024,SP,GUARAREMA,3518305,ABREE,PEV fixo,Ativo,27/07/2024
1508035-000,2024,PA,Tracuateua,1508035,ABREE,PEV fixo,Ativo,12/08/2023
4310900-000,2024,RS,JACUTINGA,4310900,Green Eletron,PEV fixo,Ativo,15/10/2021
2613503-000,2024,PE,São José do Belmonte,2613503,Green Eletron,Campanha itinerante,Ativo,22/01/2020
3500600-005,2024,SP,Águas de São Pedro,3500600,Green Eletron,Campanha itinerante,Ativo,21/09/2024
3302502-010,2024,RJ,Magé,3302502,ABREE,PEV fixo,Ativo,17/12/2024
2504306-000,2024,PB,CATOLÉ DO ROCHA,2504306,ABREE,PEV fixo,Ativo,20/06/2021
3106200-298,2024,MG,BELO HORIZONTE,3106200,ABREE,Campanha itinerante,Ativo,13/05/2024
3304557-089,2024,RJ,RIO DE JANEIRO,3304557,Green Eletron,Campanha itinerante,Ativo,12/05/2021
3532900-007,2024,SP,NOVA EUROPA,3532900,ABREE,PEV fixo,Ativo,01/10/2019
4106902-063,2024,PR,Curitiba,4106902,Green Eletron,PEV fixo,Ativo,26/01/2022
3501103-001,2024,SP,Alto Alegre,3501103,Green Eletron,PEV fixo,Ativo,12/06/2020
2111300-006,2024,MA,SÃO LUÍS,2111300,ABREE,PEV fixo,Ativo,28/11/2019
3100203-000,2024,MG,Abaete,3100203,Green Eletron,PEV fixo,Ativo,03/06/2024
3554102-000,2024,SP,Taubaté,3554102,ABREE,Ponto de consolidação,Ativo,25/07/2019
3202504-000,2024,ES,Ibiraçu,3202504,ABREE,PEV fixo,Ativo,26/09/2023
3106200-175,2024,MG,Belo Horizonte,3106200,Green Eletron,PEV fixo,Ativo,14/05/2022
3133303-000,2024,MG,Itaobim,3133303,Green Eletron,Campanha itinerante,Ativo,25/01/2024
5006606-000,2024,MS,PONTA PORÃ,5006606,Green Eletron,Campanha itinerante,Ativo,09/06/2019
5208707-011,2024,GO,GOIÂNIA,5208707,Sistema individual,PEV fixo,Ativo,09/03/2020
3106200-315,2024,MG,BELO HORIZONTE,3106200,Green Eletron,PEV fixo,Inativo,24/03/2024
3500600-006,2024,SP,Águas de São Pedro,3500600,Sistema individual,PEV fixo,Ativo,18/04/2024
2203230-000,2024,PI,Currais,2203230,Green Eletron,PEV fixo,Ativo,27/09/2019
3106200-251,2024,MG,  Belo Horizonte ,3106200,ABREE,PEV fixo,Ativo,05/07/2023
2402006-000,2024,RN,Caicó,2402006,Green Eletron,PEV fixo,Ativo,28/12/2023
2922805-001,2024,BA,  Nova Itarana ,,Green Eletron,PEV fixo,Ativo,11/04/2022
1720101-000,2024,TO,SÃO BENTO DO TOCANTINS,1720101,Green Eletron,PEV fixo,Ativo,22/08/2022
3106200-188,2024,MG,BELO HORIZONTE,3106200,Sistema individual,PEV fixo,Ativo,14/04/2022
2804201-000,2024,SE,Monte Alegre de Sergipe,2804201,Green Eletron,PEV fixo,Ativo,28/02/2022
3550308-067,2024,SP,SÃO PAULO,3550308,ABREE,PEV fixo,Ativo,16/11/2019
3305406-000,2024,RJ,Sapucaia,3305406,Green Eletron,PEV fixo,Ativo,21/12/2019
3300951-000,2024,RJ,Comendador Levy Gasparian,3300951,Sistema individual,Ponto de consolidação,Ativo,12/12/2019
2207793-000,2024,PI,Pau D'Arco do Piauí,,ABREE,PEV fixo,Ativo,09/12/2020
4111555-000,2024,PR,Ivate,4111555,Green Eletron,PEV fixo,Inativo,07/02/2023
1502764-000,2024,PA,CUMARU DO NORTE,1502764,Green Eletron,PEV fixo,Ativo,28/10/2023
3138351-000,2024,MG,Leme do Prado,3138351,ABREE,Ponto de consolidação,Ativo,22/10/2020
4110300-000,2024,PR,Inajá,4110300,ABREE,PEV fixo,Ativo,14/04/2021
2704302-007,2024,AL,Maceió,2704302,Green Eletron,Ponto de consolidação,Ativo,20/12/2022
4211876-006,2024,SC,Paial,4211876,ABREE,Ponto de consolidação,Ativo,09/03/2024
3130408-002,2024,MG,IJACI,3130408,Green Eletron,PEV fixo,Ativo,24/04/2021
3167301-000,2024,MG,Silveirânia,3167301,Sistema individual,PEV fixo,Ativo,04/08/2024
4202800-000,2024,SC,Braço do Norte,4202800,ABREE,PEV fixo,Ativo,11/09/2020
4314902-069,2024,RS,PORTO ALEGRE,4314902,Sistema individual,Ponto de consolidação,Ativo,26/05/2021
5000203-000,2024,MS,Água Clara,5000203,Green Eletron,PEV fixo,Ativo,26/03/2020
1709005-000,2024,TO,GOIATINS,1709005,Green Eletron,PEV fixo,Ativo,28/07/2024
3114006-000,2024,MG,Carmo da Mata,3114006,Green Eletron,PEV fixo,Ativo,10/11/2019
2513802-000,2024,PB,Santa Teresinha,2513802,Green Eletron,PEV fixo,Ativo,10/09/2022
4106902-060,2024,PR,Curitiba,4106902,Green Eletron,PEV fixo,Ativo,06/03/2022
1501204-011,2024,PA,BAIÃO,1501204,Green Eletron,Ponto de consolidação,Ativo,04/08/2023
3304557-055,2024,RJ,Rio de Janeiro,3304557,ABREE,PEV fixo,Ativo,18/03/2020
3550308-135,2024,SP,SÃO PAULO,3550308,Green Eletron,PEV fixo,Ativo,23/12/2020
2610004-000,2024,PE,Palmares,2610004,Green Eletron,PEV fixo,Ativo,03/10/2020
2611606-007,2024,PE,RECIFE,2611606,Sistema individual,PEV fixo,Ativo,03/11/2020
2910404-000,2024,BA,Encruzilhada,2910404,ABREE,PEV fixo,Ativo,16/07/2020
3512100-002,2024,SP,Colombia,3512100,Green Eletron,Ponto de consolidação,Ativo,18/08/2022
3304557-191,2024,RJ,  Rio de Janeiro ,3304557,Sistema individual,PEV fixo,Ativo,28/11/2023
3106200-174,2024,MG,BELO HORIZONTE,3106200,Green Eletron,PEV fixo,Ativo,19/01/2022
3149804-000,2024,MG,Perdizes,3149804,Sistema individual,PEV fixo,Ativo,11/07/2023
3543238-000,2024,SP,Ribeirão dos Índios,,Green Eletron,PEV fixo,Ativo,05/04/2024
2111300-088,2024,MA,São Luís,2111300,ABREE,Ponto de consolidação,Ativo,15/12/2022
3550308-109,2024,SP,São Paulo,3550308,Sistema individual,PEV fixo,Ativo,06/05/2020
2302305-004,2024,CE,Bela Cruz,2302305,ABREE,PEV fixo,Ativo,02/08/2024
5215652-000,2024,GO,Palestina de Goiás,5215652,Green Eletron,PEV fixo,Inativo,16/07/2021
4323309-000,2024,RS,Vila Flores,4323309,ABREE,PEV fixo,Ativo,21/03/2021
2911600-000,2024,BA,Governador Mangabeira,2911600,ABREE,PEV fixo,Ativo,15/11/2020
3169307-007,2024,MG,Três Corações,3169307,Green Eletron,PEV fixo,Ativo,28/01/2024
1702901-000,2024,TO,Axixá do Tocantins,1702901,ABREE,PEV fixo,Ativo,20/11/2024
4318507-000,2024,RS,São José do Norte,4318507,ABREE,PEV fixo,Ativo,11/07/2019
2927408-028,2024,BA,Salvador,2927408,Green Eletron,Ponto de consolidação,Ativo,23/08/2019
1304062-000,2024,AM,  Tabatinga ,1304062,ABREE,PEV fixo,Ativo,04/09/2022
2921708-004,2024,BA,MORRO DO CHAPÉU,2921708,ABREE,PEV fixo,Ativo,16/08/2024
2903235-002,2024,BA,Barro Alto,2903235,ABREE,PEV fixo,Ativo,14/04/2022
3202454-002,2024,ES,Ibatiba,3202454,Green Eletron,PEV fixo,Ativo,24/06/2022
1705607-000,2024,TO,CONCEIÇÃO DO TOCANTINS,1705607,Green Eletron,PEV fixo,Ativo,23/05/2020
3149002-000,2024,MG,PEDRA DOURADA,3149002,ABREE,PEV fixo,Ativo,20/11/2019
2927408-005,2024,BA,Salvador,2927408,Green Eletron,PEV fixo,Ativo,01/03/2019
3124807-000,2024,MG,ESTRELA DO SUL,3124807,ABREE,PEV fixo,Ativo,26/11/2022
4126405-000,2024,PR,Sertaneja,4126405,ABREE,PEV fixo,Ativo,14/07/2020
3305752-010,2024,RJ,TANGUÁ,3305752,Green Eletron,PEV fixo,Ativo,21/02/2024
4110706-000,2024,PR,Irati,4110706,ABREE,PEV fixo,Ativo,03/07/2023
2507507-009,2024,PB,Joao Pessoa,2507507,ABREE,Ponto de consolidação,Ativo,13/06/2021
3106200-193,2024,MG,BELO HORIZONTE,3106200,ABREE,Campanha itinerante,Ativo,01/04/2022
4205407-082,2024,SC,Florianópolis,4205407,Green Eletron,PEV fixo,Ativo,24/09/2023
3514908-000,2024,SP,Elias Fausto,3514908,ABREE,PEV fixo,Ativo,09/07/2021
3106200-186,2024,MG,Belo Horizonte,3106200,ABREE,PEV fixo,Ativo,26/04/2022
2916807-000,2024,BA,Itarantim,2916807,Green Eletron,PEV fixo,Ativo,18/05/2024
2806305-001,2024,SE,Santa Luzia do Itanhy,2806305,ABREE,PEV fixo,Ativo,15/04/2023
2605806-001,2024,PE,Frei Miguelinho,2605806,ABREE,PEV fixo,Inativo,21/09/2019
1400308-000,2024,RR,Mucajaí,1400308,ABREE,Campanha itinerante,Ativo,26/03/2024
3106200-272,2024,MG,Belo Horizonte,3106200,Green Eletron,PEV fixo,Ativo,13/04/2023
2611606-103,2024,PE,Recife,2611606,ABREE,PEV fixo,Ativo,23/06/2024
2920304-000,2024,BA,Malhada de Pedras,2920304,ABREE,PEV fixo,Ativo,28/03/2021
2905503-005,2024,BA,CALDEIRÃO GRANDE,2905503,ABREE,PEV fixo,Inativo,14/11/2023
1508126-000,2024,PA,Ulianópolis,1508126,Green Eletron,PEV fixo,Ativo,11/03/2019
3304557-029,2024,RJ,Rio de Janeiro,3304557,ABREE,PEV fixo,Ativo,26/05/2020
2923209-000,2024,BA,Oliveira dos Brejinhos,2923209,ABREE,PEV fixo,Ativo,11/07/2019
4126652-000,2024,PR,SULINA,4126652,Green Eletron,PEV fixo,Ativo,03/08/2022
1301803-000,2024,AM,Ipixuna,1301803,Green Eletron,PEV fixo,Ativo,19/09/2019
3170503-000,2024,MG,Urucânia,3170503,Green Eletron,PEV fixo,Ativo,17/09/2021
2414803-000,2024,RN,Vera Cruz,2414803,ABREE,PEV fixo,Ativo,18/04/2020
2607653-000,2024,PE,  Itambé ,2607653,Green Eletron,PEV fixo,Ativo,12/08/2019
2312205-000,2024,CE,Santa Quitéria,2312205,ABREE,Ponto de consolidação,Ativo,05/09/2024
2313906-000,2024,CE,Uruoca,,Green Eletron,PEV fixo,Ativo,14/09/2023
2513158-000,2024,PB,SANTA CECÍLIA,2513158,Green Eletron,PEV fixo,Ativo,07/11/2019
3550308-031,2024,SP,SÃO PAULO,3550308,ABREE,PEV fixo,Ativo,26/03/2019
2111300-005,2024,MA,São Luís,2111300,Sistema individual,PEV fixo,Ativo,22/02/2019
3550308-057,2024,SP,Sao Paulo,3550308,ABREE,PEV fixo,Ativo,22/05/2019
3156502-000,2024,MG,Rubelita,,Green Eletron,PEV fixo,Ativo,03/04/2022
3205309-024,2024,ES,VITÓRIA,3205309,ABREE,PEV fixo,Ativo,22/11/2023
3111309-000,2024,MG,Campo do Meio,3111309,ABREE,PEV fixo,Ativo,03/07/2023
3542503-000,2024,SP,Reginópolis,3542503,Sistema individual,PEV fixo,Ativo,05/02/2023
3543006-004,2024,SP,Ribeirão Branco,3543006,Green Eletron,Campanha itinerante,Ativo,04/06/2021
3503703-005,2024,SP,ARIRANHA,3503703,ABREE,PEV fixo,Ativo,09/10/2022
4101804-000,2024,PR,Araucária,4101804,ABREE,Campanha itinerante,Ativo,07/03/2021
2610202-001,2024,PE,PANELAS,2610202,Green Eletron,PEV fixo,Ativo,15/04/2022
1501402-034,2024,PA,BELÉM,1501402,ABREE,Ponto de consolidação,Ativo,28/10/2024
2611606-015,2024,PE,Recife,2611606,ABREE,PEV fixo,Ativo,01/05/2020
2914208-000,2024,BA,  Irajuba ,2914208,ABREE,PEV fixo,Ativo,24/10/2020
1302306-000,2024,AM,Jutaí,1302306,ABREE,PEV fixo,Ativo,18/11/2019
3544251-000,2024,SP,Rosana,3544251,Green Eletron,PEV fixo,Ativo,08/05/2021
2111300-083,2024,MA,São Luís,2111300,Sistema individual,PEV fixo,Ativo,10/02/2022
4314787-000,2024,RS,Ponte Preta,4314787,ABREE,PEV fixo,Ativo,01/08/2022
3550308-340,2024,SP,SÃO PAULO,3550308,Green Eletron,PEV fixo,Ativo,03/05/2023
3141504-000,2024,MG,MENDES PIMENTEL,3141504,Green Eletron,PEV fixo,Ativo,20/07/2021
2301307-000,2024,CE,Araripe,2301307,ABREE,Campanha itinerante,Ativo,12/06/2021
3301306-000,2024,RJ,Casimiro de Abreu,3301306,Green Eletron,PEV fixo,Ativo,16/02/2022
2304400-000,2024,CE,  Fortaleza ,2304400,ABREE,PEV fixo,Inativo,24/01/2019
2921708-001,2024,BA,Morro do Chapéu,2921708,Green Eletron,PEV fixo,Ativo,25/02/2021
2927408-131,2024,BA,SALVADOR,2927408,ABREE,PEV fixo,Ativo,11/05/2023
4201273-001,2024,SC,Arabutã,4201273,ABREE,PEV fixo,Inativo,25/08/2024
4207908-000,2024,SC,Irineopolis,4207908,ABREE,Ponto de consolidação,Ativo,09/08/2022
2921906-000,2024,BA,MUCUGÊ,2921906,ABREE,PEV fixo,Ativo,20/05/2021
2304400-051,2024,CE,Fortaleza,2304400,Green Eletron,PEV fixo,Ativo,24/05/2021
3550308-255,2024,SP,São Paulo,3550308,ABREE,Campanha itinerante,Ativo,22/09/2022
4314902-062,2024,RS,Porto Alegre,4314902,Green Eletron,PEV fixo,Ativo,19/12/2021
5300108-021,2024,DF,Brasília,5300108,ABREE,PEV fixo,Ativo,21/11/2019
3161809-000,2024,MG,  São Gonçalo do Pará ,3161809,Green Eletron,PEV fixo,Ativo,11/04/2024
2927408-044,2024,BA,Salvador,2927408,ABREE,Ponto de consolidação,Ativo,26/10/2020
4314159-000,2024,RS,Paverama,4314159,ABREE,PEV fixo,Ativo,23/04/2020
1501402-032,2024,PA,BELÉM,1501402,Sistema individual,PEV fixo,Ativo,06/09/2023
4106902-089,2024,PR,CURITIBA,4106902,ABREE,PEV fixo,Ativo,28/06/2024
3522406-000,2024,SP,Itapeva,3522406,ABREE,PEV fixo,Ativo,25/07/2019
4219853-001,2024,SC,ZORTÉA,4219853,ABREE,PEV fixo,Ativo,02/06/2023
3150406-000,2024,MG,Piedade dos Gerais,3150406,Green Eletron,Ponto de consolidação,Ativo,13/10/2020
3304557-000,2024,RJ,RIO DE JANEIRO,3304557,Green Eletron,PEV fixo,Ativo,07/09/2020
1400704-000,2024,RR,UIRAMUTÃ,1400704,ABREE,PEV fixo,Ativo,18/02/2023
3536505-002,2024,SP,Paulínia,3536505,ABREE,PEV fixo,Ativo,22/10/2023
3550308-144,2024,SP,São Paulo,3550308,Green Eletron,Campanha itinerante,Ativo,03/02/2020
5300108-031,2024,DF,  Brasília ,5300108,ABREE,PEV fixo,Ativo,20/07/2020
1701051-000,2024,TO,Angico,1701051,ABREE,PEV fixo,Ativo,15/09/2020
3539301-005,2024,SP,Pirassununga,3539301,Green Eletron,Campanha itinerante,Ativo,15/03/2024
2613602-000,2024,PE,São José do Egito,2613602,ABREE,PEV fixo,Ativo,22/06/2021
4128559-000,2024,PR,Vera Cruz do Oeste,4128559,ABREE,Ponto de consolidação,Ativo,15/07/2021
2610103-000,2024,PE,Palmeirina,2610103,Green Eletron,PEV fixo,Ativo,18/11/2021
1505700-001,2024,PA,Ponta de Pedras,1505700,Green Eletron,PEV fixo,Inativo,08/09/2021
4200408-000,2024,SC,Água Doce,4200408,Green Eletron,Campanha itinerante,Ativo,28/10/2020
4309126-000,2024,RS,Gramado dos Loureiros,4309126,ABREE,PEV fixo,Ativo,25/01/2020
2904704-000,2024,BA,Buerarema,2904704,ABREE,PEV fixo,Inativo,09/06/2019
3550308-050,2024,SP,Sao Paulo,3550308,ABREE,PEV fixo,Ativo,10/03/2019
4215059-000,2024,SC,Rio Rufino,4215059,ABREE,PEV fixo,Ativo,21/04/2023
3505906-000,2024,SP,Batatais,3505906,Sistema individual,Campanha itinerante,Ativo,17/01/2024
5107206-000,2024,MT,Rio Branco,5107206,ABREE,PEV fixo,Ativo,19/07/2019
2914000-000,2024,BA,Ipirá,2914000,Green Eletron,PEV fixo,Ativo,18/05/2022
3553302-002,2024,SP,Tambaú,3553302,Green Eletron,Ponto de consolidação,Ativo,25/03/2023
3136579-003,2024,MG,Josenopolis,3136579,ABREE,PEV fixo,Ativo,14/10/2022
2928208-000,2024,BA,Santana,2928208,ABREE,PEV fixo,Ativo,14/10/2021
3555109-005,2024,SP,TUPI PAULISTA,3555109,Green Eletron,PEV fixo,Ativo,04/08/2020
2304400-035,2024,CE,Fortaleza,2304400,ABREE,PEV fixo,Ativo,05/05/2020
3304557-172,2024,RJ,Rio de Janeiro,3304557,Green Eletron,PEV fixo,Ativo,14/06/2023
1304260-005,2024,AM,UARINI,1304260,Sistema individual,PEV fixo,Ativo,21/06/2023
4127858-000,2024,PR,Três Barras do Paraná,4127858,ABREE,Ponto de consolidação,Ativo,16/05/2023
2927408-015,2024,BA,Salvador,2927408,ABREE,PEV fixo,Ativo,03/06/2019
3550308-175,2024,SP,São Paulo,3550308,ABREE,PEV fixo,Ativo,17/10/2020
3140159-000,2024,MG,Mário Campos,3140159,ABREE,PEV fixo,Ativo,12/01/2020
5300108-053,2024,DF,Brasília,5300108,Green Eletron,PEV fixo,Ativo,26/06/2021
3550308-300,2024,SP,São Paulo,3550308,ABREE,PEV fixo,Ativo,02/10/2022
4204459-000,2024,SC,Coronel Martins,4204459,Green Eletron,PEV fixo,Ativo,22/06/2024
3304508-004,2024,RJ,  Rio das Flores ,3304508,Green Eletron,PEV fixo,Ativo,03/05/2020
1508357-000,2024,PA,VITÓRIA DO XINGU,1508357,ABREE,PEV fixo,Ativo,25/04/2023
3556701-000,2024,SP,Vinhedo,3556701,ABREE,PEV fixo,Ativo,14/06/2022
3501103-004,2024,SP,Alto Alegre,3501103,Sistema individual,Ponto de consolidação,Ativo,17/01/2022
2414753-000,2024,RN,Venha-Ver,2414753,ABREE,PEV fixo,Ativo,10/02/2023
2500205-000,2024,PB,Aguiar,2500205,ABREE,PEV fixo,Ativo,24/07/2020
4106902-081,2024,PR,Curitiba,4106902,Green Eletron,PEV fixo,Ativo,27/09/2023
2307403-000,2024,CE,Jucás,2307403,Green Eletron,PEV fixo,Ativo,22/08/2021
2408102-025,2024,RN,Natal,,ABREE,PEV fixo,Ativo,08/10/2024
3113800-000,2024,MG,CARMÉSIA,3113800,Green Eletron,PEV fixo,Ativo,15/09/2019
3531902-000,2024,SP,Morro Agudo,,Green Eletron,PEV fixo,Ativo,22/10/2024
3500600-000,2024,SP,Águas de São Pedro,3500600,Green Eletron,PEV fixo,Ativo,23/10/2021
2200905-000,2024,PI,AROAZES,2200905,Green Eletron,PEV fixo,Ativo,16/09/2024
3301405-009,2024,RJ,Conceição de Macabu,3301405,ABREE,Ponto de consolidação,Ativo,20/06/2022
3301876-005,2024,RJ,Iguaba Grande,3301876,Green Eletron,PEV fixo,Ativo,20/10/2021
3106200-064,2024,MG,Belo Horizonte,3106200,Green Eletron,PEV fixo,Ativo,22/08/2020
3537206-000,2024,SP,Pedro de Toledo,3537206,ABREE,PEV fixo,Ativo,03/09/2020
3120003-000,2024,MG,Corrego Novo,3120003,Green Eletron,PEV fixo,Ativo,04/02/2023
3205309-007,2024,ES,Vitoria,3205309,Green Eletron,PEV fixo,Ativo,17/04/2020
4118600-000,2024,PR,PAULA FREITAS,4118600,ABREE,PEV fixo,Ativo,09/03/2023
3550308-105,2024,SP,SÃO PAULO,3550308,ABREE,PEV fixo,Ativo,21/04/2019
4205407-049,2024,SC,Florianópolis,4205407,ABREE,PEV fixo,Ativo,26/04/2021
3302700-017,2024,RJ,Maricá,3302700,Green Eletron,PEV fixo,Ativo,25/01/2023
2927408-099,2024,BA,Salvador,2927408,Green Eletron,PEV fixo,Ativo,10/11/2021
3304144-003,2024,RJ,QUEIMADOS,3304144,Green Eletron,PEV fixo,Ativo,11/07/2022
2920502-001,2024,BA,MARACÁS,2920502,Green Eletron,Ponto de consolidação,Ativo,17/01/2020
2927408-021,2024,BA,Salvador,2927408,Sistema individual,PEV fixo,Ativo,08/05/2019
4314902-074,2024,RS,Porto Alegre,4314902,Sistema individual,PEV fixo,Ativo,23/03/2021
2304400-091,2024,CE,Fortaleza,2304400,Green Eletron,PEV fixo,Ativo,21/04/2023
5300108-051,2024,DF,Brasília,5300108,Green Eletron,Campanha itinerante,Ativo,09/01/2020
2703759-000,2024,AL,JEQUIÁ DA PRAIA,2703759,ABREE,Ponto de consolidação,Ativo,16/12/2020
4119905-000,2024,PR,  Ponta Grossa ,4119905,Sistema individual,Campanha itinerante,Ativo,09/10/2019
2405900-000,2024,RN,Joao Dias,2405900,ABREE,PEV fixo,Ativo,05/12/2019
1721000-006,2024,TO,Palmas,1721000,ABREE,PEV fixo,Ativo,05/05/2020
2933158-000,2024,BA,Varzea Nova,2933158,Green Eletron,Ponto de consolidação,Ativo,02/07/2024
4306056-000,2024,RS,Cristal,4306056,Green Eletron,Campanha itinerante,Ativo,09/12/2019
1502004-000,2024,PA,Cachoeira do Arari,1502004,Green Eletron,PEV fixo,Ativo,19/10/2022
2927408-025,2024,BA,Salvador,2927408,ABREE,PEV fixo,Ativo,03/06/2019
3301108-027,2024,RJ,Cantagalo,3301108,Green Eletron,Campanha itinerante,Ativo,18/06/2023
3205309-002,2024,ES,Vitória,3205309,ABREE,PEV fixo,Ativo,13/11/2020
3550308-023,2024,SP,São Paulo,3550308,ABREE,Campanha itinerante,Ativo,28/11/2019
2704302-012,2024,AL,Maceio,2704302,Sistema individual,PEV fixo,Ativo,06/09/2024
3549508-010,2024,SP,SÃO JOSÉ DA BELA VISTA,3549508,ABREE,PEV fixo,Ativo,08/04/2023
2611606-010,2024,PE,Recife,2611606,ABREE,PEV fixo,Ativo,18/05/2020
3300100-001,2024,RJ,Angra dos Reis,3300100,Green Eletron,PEV fixo,Ativo,28/06/2020
2902609-000,2024,BA,  Baixa Grande ,2902609,Green Eletron,PEV fixo,Ativo,25/01/2019
4205407-083,2024,SC,Florianópolis,4205407,ABREE,PEV fixo,Ativo,14/11/2023
5003702-000,2024,MS,Dourados,5003702,ABREE,PEV fixo,Ativo,05/09/2023
4107124-000,2024,PR,DIAMANTE DO SUL,4107124,Green Eletron,Ponto de consolidação,Ativo,28/01/2020
4305959-000,2024,RS,Cotiporã,4305959,Green Eletron,PEV fixo,Inativo,16/01/2021
3106200-206,2024,MG,BELO HORIZONTE,3106200,ABREE,PEV fixo,Ativo,23/05/2022
3135001-000,2024,MG,JAGUARAÇU,3135001,ABREE,PEV fixo,Ativo,14/07/2021
3106200-107,2024,MG,Belo Horizonte,3106200,ABREE,PEV fixo,Ativo,17/06/2021
3106200-241,2024,MG,Belo Horizonte,3106200,ABREE,PEV fixo,Ativo,27/03/2023
2702207-000,2024,AL,Coqueiro Seco,2702207,Sistema individual,PEV fixo,Ativo,19/09/2023
4100707-000,2024,PR,Alto Piquiri,4100707,ABREE,PEV fixo,Ativo,26/01/2019
4106902-049,2024,PR,Curitiba,4106902,ABREE,PEV fixo,Ativo,19/07/2022
2311207-000,2024,CE,Potengi,2311207,ABREE,PEV fixo,Ativo,22/04/2022
3550308-146,2024,SP,SÃO PAULO,3550308,Green Eletron,PEV fixo,Ativo,12/10/2020
2606507-000,2024,PE,Iati,2606507,ABREE,Ponto de consolidação,Ativo,26/09/2022
2210607-000,2024,PI,São Raimundo Nonato,2210607,ABREE,PEV fixo,Ativo,28/11/2023
2924058-000,2024,BA,PÉ DE SERRA,2924058,Green Eletron,PEV fixo,Ativo,09/04/2019
3511409-000,2024,SP,Cerqueira César,3511409,Sistema individual,PEV fixo,Ativo,08/10/2020
1507979-000,2024,PA,TERRA SANTA,1507979,Green Eletron,Ponto de consolidação,Ativo,25/06/2023
2308609-000,2024,CE,Monsenhor Tabosa,2308609,ABREE,Campanha itinerante,Ativo,20/10/2021
2500601-000,2024,PB,Alhandra,2500601,Sistema individual,PEV fixo,Ativo,04/12/2019
2927101-000,2024,BA,  Rodelas ,2927101,Green Eletron,PEV fixo,Ativo,12/05/2020
3550308-068,2024,SP,São Paulo,3550308,Green Eletron,PEV fixo,Ativo,12/12/2019
5007307-000,2024,MS,Rio Negro,5007307,Sistema individual,PEV fixo,Ativo,03/10/2022
4219606-000,2024,SC,Xavantina,4219606,ABREE,PEV fixo,Ativo,20/04/2024
4217105-000,2024,SC,São Martinho,4217105,Green Eletron,PEV fixo,Ativo,27/03/2024
3301108-001,2024,RJ,Cantagalo,3301108,ABREE,PEV fixo,Ativo,23/11/2020
2602704-003,2024,PE,Buenos Aires,2602704,ABREE,PEV fixo,Ativo,17/11/2024
4205407-026,2024,SC,FLORIANÓPOLIS,4205407,Green Eletron,PEV fixo,Ativo,01/10/2020
4204202-000,2024,SC,CHAPECÓ,4204202,Green Eletron,PEV fixo,Ativo,09/10/2020
4105102-001,2024,PR,Centenário do Sul,4105102,ABREE,PEV fixo,Ativo,26/05/2023
3106200-014,2024,MG,Belo Horizonte,3106200,ABREE,Ponto de consolidação,Ativo,26/02/2020
2307007-000,2024,CE,Jaguaruana,2307007,ABREE,PEV fixo,Ativo,11/12/2019
2300606-002,2024,CE,Altaneira,2300606,Green Eletron,PEV fixo,Ativo,03/03/2022
2107506-000,2024,MA,PAÇO DO LUMIAR,2107506,ABREE,PEV fixo,Ativo,21/02/2019
2203701-000,2024,PI,Esperantina,2203701,Green Eletron,PEV fixo,Ativo,08/06/2019
3556404-001,2024,SP,Vargem Grande do Sul,3556404,Sistema individual,PEV fixo,Ativo,24/04/2023
4322855-000,2024,RS,Vespasiano Correa,4322855,ABREE,PEV fixo,Ativo,13/04/2023
2104628-001,2024,MA,Governador Luiz Rocha,2104628,ABREE,PEV fixo,Ativo,15/07/2024
3304557-215,2024,RJ,Rio de Janeiro,3304557,ABREE,Campanha itinerante,Ativo,09/09/2024
3112109-000,2024,MG,Caparao,3112109,ABREE,PEV fixo,Ativo,18/05/2021
4106902-015,2024,PR,Curitiba,4106902,Green Eletron,PEV fixo,Inativo,14/10/2020
5300108-034,2024,DF,Brasília,5300108,Green Eletron,PEV fixo,Ativo,14/10/2020
4217154-000,2024,SC,SÃO MIGUEL DA BOA VISTA,4217154,ABREE,PEV fixo,Ativo,04/04/2024
1303700-003,2024,AM,Santo Antônio do Içá,1303700,ABREE,PEV fixo,Ativo,23/12/2023
4313490-000,2024,RS,Novo Barreiro,4313490,Green Eletron,PEV fixo,Ativo,03/10/2019
2927408-136,2024,BA,Salvador,2927408,Green Eletron,PEV fixo,Ativo,14/09/2023
3106200-009,2024,MG,Belo Horizonte,3106200,Green Eletron,PEV fixo,Ativo,02/01/2020
4205407-037,2024,SC,Florianópolis,4205407,ABREE,PEV fixo,Ativo,22/05/2020
3102308-000,2024,MG,Alvinópolis,3102308,Green Eletron,PEV fixo,Ativo,06/01/2021
4314902-177,2024,RS,Porto Alegre,4314902,ABREE,PEV fixo,Ativo,10/06/2024
3201159-000,2024,ES,Brejetuba,3201159,ABREE,PEV fixo,Ativo,01/11/2022
5207501-000,2024,GO,Estrela do Norte,5207501,Sistema individual,Campanha itinerante,Ativo,21/08/2021
2611606-058,2024,PE,Recife,2611606,ABREE,PEV fixo,Ativo,19/08/2022
2704302-010,2024,AL,Maceió,2704302,ABREE,PEV fixo,Ativo,27/09/2023
2611606-025,2024,PE,  Recife ,2611606,Green Eletron,PEV fixo,Ativo,24/04/2020
3538808-034,2024,SP,Piraju,3538808,Green Eletron,PEV fixo,Ativo,09/03/2023
3131307-000,2024,MG,Ipatinga,3131307,ABREE,PEV fixo,Ativo,22/08/2021
5300108-097,2024,DF,Brasília,5300108,ABREE,PEV fixo,Ativo,23/02/2023
2210979-000,2024,PI,Tanque do Piauí,2210979,ABREE,Campanha itinerante,Ativo,12/10/2020
3106200-237,2024,MG,BELO HORIZONTE,3106200,Green Eletron,PEV fixo,Ativo,22/11/2023
2200202-000,2024,PI,Água Branca,2200202,ABREE,PEV fixo,Ativo,27/09/2020
2311207-004,2024,CE,Potengi,2311207,Green Eletron,PEV fixo,Ativo,10/01/2024
3546009-001,2024,SP,Santa Branca,3546009,ABREE,PEV fixo,Ativo,07/07/2019
1200401-001,2024,AC,Rio Branco,1200401,Green Eletron,PEV fixo,Ativo,18/10/2019
3154101-000,2024,MG,RECREIO,3154101,ABREE,PEV fixo,Ativo,03/11/2024
2101731-000,2024,MA,BELÁGUA,2101731,ABREE,PEV fixo,Ativo,15/08/2020
2927408-098,2024,BA,Salvador,2927408,Green Eletron,PEV fixo,Ativo,23/03/2021
3106200-244,2024,MG,BELO HORIZONTE,3106200,Green Eletron,PEV fixo,Ativo,06/06/2023
2305233-000,2024,CE,Horizonte,2305233,Green Eletron,PEV fixo,Ativo,26/02/2023
2507507-001,2024,PB,Joao Pessoa,2507507,ABREE,PEV fixo,Ativo,16/06/2019
2800308-026,2024,SE,Aracaju,2800308,ABREE,PEV fixo,Ativo,04/04/2023
4106001-000,2024,PR,CONGONHINHAS,4106001,ABREE,PEV fixo,Ativo,12/01/2019
3205309-026,2024,ES,Vitória,3205309,Green Eletron,PEV fixo,Ativo,23/06/2024
2508505-001,2024,PB,Livramento,2508505,ABREE,Ponto de consolidação,Ativo,15/05/2024
3550308-003,2024,SP,Sao Paulo,3550308,ABREE,PEV fixo,Ativo,19/07/2019
2910909-000,2024,BA,Firmino Alves,2910909,Green Eletron,PEV fixo,Ativo,02/04/2020
3106606-000,2024,MG,Bertópolis,3106606,ABREE,Ponto de consolidação,Ativo,21/03/2020
2408102-000,2024,RN,Natal,2408102,Green Eletron,PEV fixo,Ativo,02/10/2020
4312385-000,2024,RS,Monte Belo do Sul,4312385,Sistema individual,PEV fixo,Ativo,16/10/2020
4106902-078,2024,PR,Curitiba,4106902,ABREE,PEV fixo,Ativo,26/03/2023
5207600-000,2024,GO,Fazenda Nova,5207600,ABREE,PEV fixo,Ativo,23/02/2024
1300706-004,2024,AM,Boca do Acre,1300706,Sistema individual,PEV fixo,Ativo,06/04/2022
2927408-117,2024,BA,Salvador,2927408,ABREE,Campanha itinerante,Ativo,21/08/2022
3552106-000,2024,SP,SOCORRO,3552106,ABREE,PEV fixo,Ativo,20/04/2020
2109700-000,2024,MA,Sambaíba,2109700,ABREE,Ponto de consolidação,Inativo,25/01/2020
4115457-001,2024,PR,Marquinho,4115457,Green Eletron,PEV fixo,Ativo,27/05/2019
3164100-000,2024,MG,SÃO PEDRO DO SUAÇUÍ,3164100,ABREE,PEV fixo,Ativo,11/11/2020
3550308-130,2024,SP,São Paulo,3550308,Green Eletron,PEV fixo,Ativo,05/02/2020
3106200-167,2024,MG,Belo Horizonte,3106200,Green Eletron,PEV fixo,Ativo,14/02/2022
3302007-000,2024,RJ,ITAGUAÍ,3302007,Green Eletron,PEV fixo,Ativo,12/07/2023
1504950-000,2024,PA,NOVA ESPERANÇA DO PIRIÁ,1504950,ABREE,PEV fixo,Ativo,02/01/2023
3204005-000,2024,ES,Pancas,3204005,ABREE,PEV fixo,Ativo,04/01/2022
4103404-000,2024,PR,Cafeara,4103404,Sistema individual,PEV fixo,Ativo,28/10/2021
3121803-000,2024,MG,DIONÍSIO,3121803,ABREE,PEV fixo,Ativo,26/07/2019
2103307-001,2024,MA,  Codó ,2103307,ABREE,PEV fixo,Ativo,10/07/2024
3505302-000,2024,SP,BARRA BONITA,3505302,ABREE,PEV fixo,Ativo,10/12/2023
4126801-000,2024,PR,Tapejara,4126801,ABREE,PEV fixo,Ativo,15/01/2023
3106200-038,2024,MG,Belo Horizonte,3106200,ABREE,PEV fixo,Ativo,22/12/2020
1507953-000,2024,PA,Tailandia,1507953,ABREE,PEV fixo,Inativo,20/08/2022
5107792-000,2024,MT,  Santo Antônio do Leste ,5107792,Sistema individual,PEV fixo,Ativo,21/01/2020
1100205-001,2024,RO,PORTO VELHO,1100205,Green Eletron,PEV fixo,Ativo,27/07/2020
2304707-000,2024,CE,Granja,2304707,Green Eletron,PEV fixo,Ativo,14/03/2022
4103156-000,2024,PR,BOM JESUS DO SUL,4103156,ABREE,PEV fixo,Ativo,21/07/2021
4219507-000,2024,SC,Xanxerê,4219507,ABREE,PEV fixo,Ativo,01/09/2021
4314902-023,2024,RS,Porto Alegre,4314902,ABREE,Campanha itinerante,Ativo,05/11/2020
3304557-026,2024,RJ,RIO DE JANEIRO,3304557,Green Eletron,PEV fixo,Ativo,04/08/2020
4205407-054,2024,SC,FLORIANÓPOLIS,4205407,ABREE,PEV fixo,Ativo,23/04/2021
2924405-000,2024,BA,Pilão Arcado,2924405,Sistema individual,PEV fixo,Ativo,28/01/2024
3202553-001,2024,ES,IBITIRAMA,3202553,Green Eletron,PEV fixo,Ativo,20/01/2022
5209457-000,2024,GO,Guarinos,5209457,Green Eletron,PEV fixo,Ativo,26/07/2022
3515004-000,2024,SP,EMBU DAS ARTES,3515004,Green Eletron,PEV fixo,Ativo,26/12/2021
2927408-004,2024,BA,SALVADOR,2927408,ABREE,PEV fixo,Ativo,26/03/2019
3106200-001,2024,MG,Belo Horizonte,3106200,ABREE,Ponto de consolidação,Ativo,09/05/2020
3519253-001,2024,SP,IARAS,3519253,Sistema individual,Campanha itinerante,Ativo,12/03/2023
5103403-001,2024,MT,Cuiaba,5103403,ABREE,PEV fixo,Ativo,04/08/2019
3550308-304,2024,SP,Sao Paulo,3550308,ABREE,PEV fixo,Ativo,10/07/2022
3304201-004,2024,RJ,Resende,3304201,Green Eletron,PEV fixo,Ativo,11/04/2023
3301876-012,2024,RJ,Iguaba Grande,3301876,Green Eletron,Campanha itinerante,Ativo,17/07/2024
4126405-000,2024,PR,Sertaneja,4126405,ABREE,PEV fixo,Ativo,14/07/2020
3161908-000,2024,MG,São Gonçalo do Rio Abaixo,,Green Eletron,PEV fixo,Ativo,14/09/2019
2704500-000,2024,AL,Maragogi,2704500,Sistema individual,PEV fixo,Ativo,26/01/2019
2207504-000,2024,PI,PALMEIRAIS,2207504,Green Eletron,PEV fixo,Ativo,01/06/2024
3303302-016,2024,RJ,Niteroi,3303302,Sistema individual,PEV fixo,Ativo,05/08/2024
3538808-019,2024,SP,Piraju,3538808,Sistema individual,Ponto de consolidação,Ativo,18/08/2021
3106200-248,2024,MG,Belo Horizonte,3106200,Green Eletron,PEV fixo,Ativo,01/09/2023
2919306-000,2024,BA,  Lençóis ,2919306,ABREE,PEV fixo,Ativo,06/06/2021
2610806-000,2024,PE,PEDRA,2610806,ABREE,PEV fixo,Ativo,15/08/2023
4322152-000,2024,RS,  Tunas ,4322152,Green Eletron,PEV fixo,Inativo,06/02/2023
2201309-000,2024,PI,BARREIRAS DO PIAUÍ,2201309,ABREE,PEV fixo,Ativo,26/11/2023
3550308-097,2024,SP,São Paulo,3550308,ABREE,PEV fixo,Ativo,24/11/2019
5220264-000,2024,GO,São Miguel do Passa Quatro,5220264,ABREE,PEV fixo,Ativo,05/07/2022
3550308-136,2024,SP,São Paulo,3550308,ABREE,Campanha itinerante,Ativo,02/10/2020
2611606-003,2024,PE,Recife,2611606,ABREE,Campanha itinerante,Ativo,01/04/2020
2919207-000,2024,BA,Lauro de Freitas,2919207,Green Eletron,PEV fixo,Ativo,07/05/2020
4115457-000,2024,PR,Marquinho,4115457,ABREE,PEV fixo,Ativo,07/05/2019
3541653-006,2024,SP,QUADRA,3541653,ABREE,PEV fixo,Ativo,21/07/2023
4319737-000,2024,RS,São Valério do Sul,4319737,ABREE,PEV fixo,Ativo,02/04/2021
3116407-000,2024,MG,  Claraval ,3116407,ABREE,PEV fixo,Ativo,23/05/2020
4209706-000,2024,SC,Lebon Régis,4209706,Green Eletron,PEV fixo,Ativo,26/05/2020
1502608-000,2024,PA,COLARES,1502608,ABREE,PEV fixo,Ativo,20/06/2024
3106200-273,2024,MG,BELO HORIZONTE,3106200,ABREE,PEV fixo,Ativo,27/10/2023
3129608-000,2024,MG,IBIAÍ,3129608,Green Eletron,Ponto de consolidação,Ativo,25/11/2020
3303955-000,2024,RJ,Pinheiral,3303955,Sistema individual,PEV fixo,Ativo,13/04/2019
3550308-150,2024,SP,Sao Paulo,3550308,Sistema individual,Campanha itinerante,Ativo,18/06/2020
2211001-000,2024,PI,TERESINA,2211001,Green Eletron,PEV fixo,Ativo,16/06/2019
3200359-000,2024,ES,Alto Rio Novo,3200359,ABREE,PEV fixo,Ativo,04/10/2022
2301604-002,2024,CE,Assaré,2301604,ABREE,PEV fixo,Ativo,24/10/2020
4317905-000,2024,RS,Santo Cristo,4317905,ABREE,Ponto de consolidação,Ativo,01/04/2020
2108801-000,2024,MA,Pirapemas,2108801,Green Eletron,PEV fixo,Ativo,22/02/2021
3530102-007,2024,SP,Mirandópolis,3530102,ABREE,Ponto de consolidação,Ativo,04/12/2023
4105904-000,2024,PR,Colorado,4105904,Green Eletron,Ponto de consolidação,Ativo,26/02/2023
4313904-000,2024,RS,Panambi,4313904,ABREE,PEV fixo,Ativo,14/08/2019
4316907-000,2024,RS,Santa Maria,4316907,Green Eletron,Ponto de consolidação,Ativo,13/02/2020
1101609-000,2024,RO,Theobroma,1101609,Green Eletron,PEV fixo,Ativo,15/06/2024
2700607-000,2024,AL,Barra de São Miguel,2700607,ABREE,PEV fixo,Ativo,15/08/2021
3525102-000,2024,SP,Jardinopolis,3525102,ABREE,PEV fixo,Ativo,25/10/2024
3505203-008,2024,SP,Bariri,3505203,ABREE,PEV fixo,Ativo,11/04/2023
2312502-000,2024,CE,São João do Jaguaribe,2312502,ABREE,PEV fixo,Ativo,21/01/2024
3525201-008,2024,SP,Jarinu,3525201,Green Eletron,PEV fixo,Ativo,05/03/2022
5219803-000,2024,GO,SÃO DOMINGOS,5219803,ABREE,PEV fixo,Inativo,01/08/2024
1303502-000,2024,AM,PAUINI,1303502,ABREE,PEV fixo,Ativo,27/04/2023
3539202-000,2024,SP,Pirapozinho,3539202,ABREE,Campanha itinerante,Ativo,27/12/2023
2927408-109,2024,BA,Salvador,2927408,Green Eletron,PEV fixo,Ativo,11/01/2022
4205407-002,2024,SC,Florianópolis,4205407,ABREE,PEV fixo,Ativo,20/11/2019
1600808-001,2024,AP,Vitória do Jari,1600808,ABREE,PEV fixo,Ativo,16/09/2024
2502409-000,2024,PB,Bonito de Santa Fe,2502409,ABREE,PEV fixo,Ativo,06/01/2023
1500859-000,2024,PA,ANAPU,1500859,Sistema individual,PEV fixo,Ativo,11/06/2020
3550308-074,2024,SP,São Paulo,3550308,Green Eletron,PEV fixo,Ativo,23/12/2019
3555109-017,2024,SP,Tupi Paulista,3555109,Green Eletron,PEV fixo,Ativo,25/01/2023
3550308-316,2024,SP,São Paulo,3550308,Green Eletron,PEV fixo,Ativo,25/03/2022
4104253-000,2024,PR,  Campo Magro ,4104253,Green Eletron,PEV fixo,Ativo,14/09/2019
2903235-001,2024,BA,Barro Alto,2903235,Green Eletron,PEV fixo,Ativo,09/07/2021
3550308-183,2024,SP,São Paulo,3550308,Sistema individual,PEV fixo,Ativo,08/04/2021
3532306-007,2024,SP,Natividade da Serra,3532306,ABREE,PEV fixo,Ativo,28/07/2022
2405306-000,2024,RN,Januário Cicco (Boa Saúde),2405306,Green Eletron,PEV fixo,Ativo,05/11/2023
3123528-003,2024,MG,Durandé,3123528,Green Eletron,PEV fixo,Ativo,07/12/2021
3515194-002,2024,SP,Espírito Santo do Turvo,3515194,Sistema individual,PEV fixo,Ativo,22/10/2021
2606200-000,2024,PE,Goiana,2606200,ABREE,PEV fixo,Ativo,21/12/2023
