id_ponto;UF;Município;Código IBGE;Entidade Gestora;Tipo de Ponto;Situação;Data de Cadastro
2102408-000;MA;Cajapio;2102408;Green Eletron;PEV fixo;Ativo;26/05/2019
2304400-022;CE;FORTALEZA;2304400;Green Eletron;PEV fixo;Ativo;02/06/2019
4204202-000;SC;Chapecó;4204202;Green Eletron;PEV fixo;Ativo;08/08/2020
4205407-041;SC;Florianópolis;4205407;Green Eletron;PEV fixo;Ativo;01/05/2020
1101708-000;RO;URUPÁ;1101708;Green Eletron;PEV fixo;Ativo;25/04/2019
2111300-042;MA;Sao Luis;2111300;Green Eletron;PEV fixo;Ativo;01/02/2020
3161908-000;MG;São Gonçalo do Rio Abaixo;3161908;Green Eletron;PEV fixo;Ativo;10/04/2019
3126752-000;MG;Franciscópolis;3126752;Green Eletron;PEV fixo;Ativo;09/05/2019
2111300-034;MA;São Luís;2111300;ABREE;PEV fixo;Ativo;19/05/2020
3538808-013;SP;Piraju;3538808;Green Eletron;Ponto de consolidação;Ativo;22/05/2020
3552106-000;SP;Socorro;3552106;ABREE;PEV fixo;Inativo;18/04/2020
4106902-010;PR;Curitiba;4106902;ABREE;PEV fixo;Ativo;05/03/2020
5103254-000;MT;Colniza;5103254;Green Eletron;PEV fixo;Ativo;02/09/2020
3304144-001;RJ;QUEIMADOS;3304144;Green Eletron;PEV fixo;Ativo;07/11/2020
2613503-000;PE;  São José do Belmonte ;2613503;Green Eletron;Campanha itinerante;Ativo;08/04/2020
2616001-000;PE;Venturosa;2616001;ABREE;PEV fixo;Ativo;10/01/2020
5200829-000;GO;Amaralina;5200829;Green Eletron;PEV fixo;Ativo;14/05/2020
3162906-000;MG;São João Nepomuceno;3162906;Sistema individual;PEV fixo;Ativo;24/09/2020
3555109-004;SP;  Tupi Paulista ;3555109;ABREE;PEV fixo;Ativo;06/08/2020
2304400-046;CE;Fortaleza;2304400;Green Eletron;PEV fixo;Ativo;22/11/2020
4322186-000;RS;Tupanci do Sul;4322186;Green Eletron;PEV fixo;Ativo;10/12/2019
3550308-008;SP;São Paulo;3550308;Sistema individual;PEV fixo;Ativo;16/05/2019
3125507-000;MG;Sao Goncalo do Rio Preto;3125507;Sistema individual;PEV fixo;Ativo;21/03/2020
3304557-042;RJ;Rio de Janeiro;3304557;Green Eletron;PEV fixo;Ativo;21/11/2020
3304144-000;RJ;Queimados;3304144;Sistema individual;Campanha itinerante;Ativo;24/04/2020
3525201-001;SP;Jarinu;3525201;ABREE;PEV fixo;Ativo;17/06/2020
4205001-000;SC;Dionísio Cerqueira;4205001;ABREE;Campanha itinerante;Ativo;24/01/2019
3300308-000;RJ;BARRA DO PIRAÍ;3300308;Green Eletron;PEV fixo;Ativo;13/04/2019
3158706-000;MG;  Santana do Garambéu ;3158706;ABREE;PEV fixo;Ativo;05/01/2020
2304251-003;CE;CRUZ;2304251;Green Eletron;PEV fixo;Ativo;11/11/2019
3505203-002;SP;BARIRI;3505203;ABREE;PEV fixo;Ativo;13/01/2020
3550308-106;SP;  São Paulo ;3550308;ABREE;PEV fixo;Ativo;26/11/2019
2901304-000;BA;ANDARAÍ;2901304;Green Eletron;PEV fixo;Ativo;10/06/2020
4304705-000;RS;CARAZINHO;4304705;Green Eletron;PEV fixo;Ativo;15/09/2020
2805000-000;SE;Pedra Mole;2805000;ABREE;PEV fixo;Ativo;12/07/2020
3532900-010;SP;Nova Europa;3532900;Green Eletron;PEV fixo;Ativo;09/01/2020
3110509-000;MG;CAMANDUCAIA;3110509;Green Eletron;PEV fixo;Ativo;10/01/2019
2927408-045;BA;Salvador;2927408;Green Eletron;PEV fixo;Ativo;26/01/2020
4115457-001;PR;MARQUINHO;4115457;Green Eletron;PEV fixo;Ativo;12/12/2019
5002704-004;MS;Campo Grande;5002704;ABREE;PEV fixo;Ativo;12/07/2020
1507151-002;PA;São Domingos do Araguaia;1507151;ABREE;Campanha itinerante;Ativo;20/01/2020
2933406-000;BA;Wagner;2933406;ABREE;PEV fixo;Ativo;09/03/2019
3113800-000;MG;Carmesia;3113800;Green Eletron;PEV fixo;Ativo;15/09/2019
3205309-002;ES;Vitoria;3205309;ABREE;PEV fixo;Ativo;16/09/2020
2927408-032;BA;SALVADOR;2927408;Green Eletron;PEV fixo;Ativo;22/11/2019
3160207-003;MG;Santo Antônio do Itambé;3160207;ABREE;Campanha itinerante;Inativo;25/12/2020
3304557-014;RJ;Rio de Janeiro;3304557;ABREE;PEV fixo;Ativo;13/06/2020
3142601-000;MG;Monsenhor Paulo;3142601;ABREE;PEV fixo;Ativo;16/04/2019
4314902-029;RS;Porto Alegre;4314902;Green Eletron;PEV fixo;Ativo;12/07/2020
4303905-000;RS;  Campo Bom ;4303905;ABREE;PEV fixo;Ativo;02/05/2019
4217402-000;SC;Schroeder;4217402;Green Eletron;Ponto de consolidação;Ativo;17/05/2019
5300108-051;DF;Brasilia;;Green Eletron;Campanha itinerante;Ativo;09/04/2020
3304557-043;RJ;Rio de Janeiro;3304557;ABREE;PEV fixo;Ativo;23/09/2020
3130408-001;MG;  Ijaci ;3130408;Green Eletron;PEV fixo;Ativo;11/07/2020
3550308-109;SP;São Paulo;3550308;Sistema individual;PEV fixo;Ativo;23/01/2020
3301108-001;RJ;Cantagalo;3301108;ABREE;PEV fixo;Ativo;27/11/2020
2102374-000;MA;CACHOEIRA GRANDE;2102374;ABREE;PEV fixo;Ativo;04/01/2019
3303955-000;RJ;PINHEIRAL;3303955;Sistema individual;PEV fixo;Ativo;17/09/2019
4205407-030;SC;FLORIANÓPOLIS;4205407;Green Eletron;PEV fixo;Ativo;28/09/2020
1506906-000;PA;SANTARÉM NOVO;1506906;ABREE;PEV fixo;Ativo;04/07/2020
2210979-000;PI;TANQUE DO PIAUÍ;2210979;ABREE;Campanha itinerante;Inativo;24/06/2020
4113205-000;PR;Lapa;4113205;ABREE;PEV fixo;Ativo;07/06/2020
2615102-001;PE;Terezinha;2615102;Green Eletron;PEV fixo;Ativo;27/11/2019
5208707-004;GO;Goiania;5208707;ABREE;PEV fixo;Ativo;10/09/2019
4320800-000;RS;SOLEDADE;4320800;Sistema individual;PEV fixo;Ativo;15/12/2020
3136405-000;MG;  Joaquim Felício ;3136405;ABREE;Campanha itinerante;Ativo;07/12/2019
3550308-148;SP;Sao Paulo;3550308;ABREE;PEV fixo;Ativo;08/11/2020
4119608-000;PR;PITANGA;4119608;ABREE;PEV fixo;Ativo;20/10/2019
3550308-102;SP;São Paulo;3550308;Green Eletron;Ponto de consolidação;Ativo;13/08/2019
3514809-000;SP;  Eldorado ;3514809;ABREE;PEV fixo;Ativo;10/10/2020
4302154-000;RS;Boa Vista das Missões;4302154;ABREE;PEV fixo;Ativo;13/07/2019
2927408-055;BA;Salvador;2927408;ABREE;PEV fixo;Ativo;08/04/2020
2304400-019;CE;Fortaleza;2304400;ABREE;Ponto de consolidação;Ativo;15/05/2019
3142809-000;MG;  Monte Alegre de Minas ;3142809;Green Eletron;Ponto de consolidação;Ativo;10/11/2020
2927408-059;BA;  Salvador ;2927408;ABREE;PEV fixo;Ativo;12/06/2020
5108956-001;MT;Nova Monte Verde;5108956;ABREE;PEV fixo;Ativo;20/04/2020
2304251-002;CE;Cruz;2304251;ABREE;PEV fixo;Ativo;21/07/2019
3110707-000;MG;CAMBUQUIRA;3110707;Sistema individual;PEV fixo;Ativo;15/12/2019
2403103-000;RN;CURRAIS NOVOS;2403103;ABREE;PEV fixo;Ativo;19/02/2020
4115457-003;PR;Marquinho;4115457;ABREE;PEV fixo;Ativo;04/11/2020
3542602-003;SP;  Registro ;3542602;ABREE;PEV fixo;Ativo;10/10/2020
3538808-016;SP;Piraju;;Green Eletron;PEV fixo;Ativo;04/09/2020
3143104-000;MG;Monte Carmelo;3143104;ABREE;PEV fixo;Ativo;20/03/2020
2511103-000;PB;Pedra Lavrada;2511103;Green Eletron;PEV fixo;Ativo;21/01/2019
5103403-000;MT;Cuiabá;5103403;Green Eletron;PEV fixo;Ativo;02/09/2019
3106200-059;MG;BELO HORIZONTE;3106200;ABREE;PEV fixo;Ativo;07/04/2020
3538808-007;SP;Piraju;3538808;ABREE;PEV fixo;Ativo;02/11/2019
2211001-008;PI;Teresina;2211001;ABREE;PEV fixo;Ativo;24/04/2020
5300108-037;DF;Brasília;5300108;ABREE;PEV fixo;Ativo;15/03/2020
1302553-000;AM;Manaquiri;1302553;ABREE;PEV fixo;Ativo;01/06/2020
4314902-040;RS;Porto Alegre;4314902;ABREE;PEV fixo;Ativo;26/09/2020
3550308-017;SP;São Paulo;3550308;Green Eletron;PEV fixo;Ativo;02/05/2019
3532900-009;SP;Nova Europa;3532900;Green Eletron;PEV fixo;Ativo;24/06/2020
4302402-000;RS;BOM RETIRO DO SUL;4302402;Green Eletron;Campanha itinerante;Ativo;23/10/2019
2309904-002;CE;Pacuja;2309904;ABREE;PEV fixo;Ativo;17/02/2020
3304557-015;RJ;Rio de Janeiro;3304557;ABREE;Campanha itinerante;Ativo;11/11/2020
1500859-000;PA;Anapu;1500859;Sistema individual;PEV fixo;Ativo;14/07/2020
2905909-000;BA;CAMPO ALEGRE DE LOURDES;2905909;Green Eletron;Ponto de consolidação;Ativo;27/06/2020
2307106-000;CE;JARDIM;2307106;Sistema individual;PEV fixo;Ativo;26/07/2020
3302502-002;RJ;  Magé ;3302502;ABREE;PEV fixo;Ativo;01/04/2020
2927408-019;BA;Salvador;2927408;Green Eletron;Campanha itinerante;Ativo;02/04/2019
1300508-000;AM;Barreirinha;1300508;ABREE;PEV fixo;Ativo;25/09/2019
3115201-000;MG;Conceição da Barra de Minas;3115201;ABREE;PEV fixo;Ativo;18/11/2019
3505351-000;SP;Barra do Chapéu;3505351;Sistema individual;PEV fixo;Ativo;22/02/2019
5300108-010;DF;Brasília;5300108;ABREE;PEV fixo;Ativo;18/09/2019
3160207-004;MG;Santo Antônio do Itambé;3160207;ABREE;PEV fixo;Ativo;22/12/2020
2927408-007;BA;Salvador;2927408;Green Eletron;PEV fixo;Ativo;15/11/2019
2209500-000;PI;Santo Inacio do Piaui;2209500;ABREE;PEV fixo;Ativo;01/03/2020
4205407-036;SC;Florianópolis;4205407;ABREE;PEV fixo;Ativo;01/10/2020
3106200-040;MG;  Belo Horizonte ;3106200;Green Eletron;PEV fixo;Ativo;18/05/2020
1720200-000;TO;SÃO MIGUEL DO TOCANTINS;1720200;Green Eletron;PEV fixo;Ativo;08/12/2020
3160108-000;MG;Santo Antonio do Grama;3160108;Sistema individual;PEV fixo;Ativo;22/06/2019
3158409-000;MG;Santana de Cataguases;3158409;Green Eletron;Campanha itinerante;Ativo;14/01/2019
2314102-000;CE;Viçosa do Ceará;2314102;Green Eletron;PEV fixo;Ativo;04/12/2019
4207304-000;SC;Imbituba;;Green Eletron;Ponto de consolidação;Ativo;14/08/2020
3513009-005;SP;COTIA;3513009;ABREE;PEV fixo;Ativo;26/11/2020
3304557-054;RJ;Rio de Janeiro;3304557;Green Eletron;Campanha itinerante;Ativo;17/04/2020
3106200-038;MG;Belo Horizonte;3106200;ABREE;PEV fixo;Ativo;28/09/2020
3304557-047;RJ;Rio de Janeiro;3304557;ABREE;PEV fixo;Ativo;21/01/2020
3550308-043;SP;São Paulo;3550308;ABREE;PEV fixo;Ativo;26/12/2019
3302106-002;RJ;ITAOCARA;3302106;ABREE;PEV fixo;Ativo;27/09/2020
4210407-000;SC;  Maracajá ;4210407;Green Eletron;PEV fixo;Ativo;27/06/2019
3106200-085;MG;Belo Horizonte;3106200;Green Eletron;PEV fixo;Ativo;18/01/2020
1200203-000;AC;Cruzeiro do Sul;1200203;ABREE;PEV fixo;Ativo;03/04/2019
2304400-049;CE;  Fortaleza ;2304400;Green Eletron;PEV fixo;Ativo;24/12/2020
3537305-000;SP;Penápolis;3537305;ABREE;PEV fixo;Ativo;18/02/2019
3106200-025;MG;Belo Horizonte;3106200;ABREE;PEV fixo;Ativo;02/10/2020
2300705-000;CE;Alto Santo;2300705;ABREE;PEV fixo;Ativo;19/07/2020
5300108-014;DF;Brasilia;5300108;ABREE;PEV fixo;Ativo;02/02/2019
4319364-000;RS;  São Pedro das Missões ;4319364;Green Eletron;PEV fixo;Ativo;06/04/2019
4312674-000;RS;Nicolau Vergueiro;4312674;ABREE;PEV fixo;Ativo;24/02/2020
3123601-000;MG;Elói Mendes;3123601;Green Eletron;PEV fixo;Ativo;08/03/2020
3304557-018;RJ;Rio de Janeiro;3304557;ABREE;PEV fixo;Ativo;01/09/2020
2909505-000;BA;CRAVOLÂNDIA;2909505;Green Eletron;PEV fixo;Ativo;25/11/2020
2304400-031;CE;Fortaleza;2304400;ABREE;PEV fixo;Ativo;18/02/2020
3303302-003;RJ;Niterói;3303302;Green Eletron;PEV fixo;Ativo;17/05/2020
3535606-000;SP;  Paraibuna ;3535606;ABREE;PEV fixo;Ativo;04/05/2019
2918555-000;BA;Jussari;2918555;Green Eletron;PEV fixo;Ativo;19/06/2020
4119400-000;PR;Pirai do Sul;4119400;ABREE;PEV fixo;Ativo;09/03/2019
1501402-005;PA;Belem;1501402;ABREE;PEV fixo;Ativo;03/04/2020
2916609-000;BA;Itapitanga;2916609;ABREE;PEV fixo;Ativo;05/09/2019
2304400-014;CE;  Fortaleza ;2304400;Green Eletron;PEV fixo;Ativo;02/07/2019
3503901-000;SP;ARUJÁ;3503901;ABREE;PEV fixo;Ativo;17/04/2019
4318440-000;RS;SÃO JORGE;4318440;ABREE;Ponto de consolidação;Ativo;25/12/2019
4310207-000;RS;Ijui;4310207;Green Eletron;PEV fixo;Ativo;25/02/2020
2516755-000;PB;Tenório;2516755;Green Eletron;PEV fixo;Ativo;04/11/2019
3507803-000;SP;BRODOWSKI;3507803;ABREE;PEV fixo;Ativo;02/08/2020
3509452-000;SP;Campina do Monte Alegre;3509452;ABREE;PEV fixo;Ativo;14/02/2019
2927408-024;BA;Salvador;2927408;ABREE;PEV fixo;Ativo;14/06/2019
2800308-006;SE;Aracaju;2800308;ABREE;PEV fixo;Ativo;03/04/2019
2109106-000;MA;PRESIDENTE DUTRA;2109106;ABREE;PEV fixo;Ativo;15/10/2020
3167707-000;MG;Sobralia;3167707;ABREE;PEV fixo;Ativo;27/05/2019
2111300-004;MA;  São Luís ;2111300;ABREE;PEV fixo;Ativo;14/01/2019
3106200-008;MG;BELO HORIZONTE;3106200;Sistema individual;PEV fixo;Ativo;19/01/2020
4314902-050;RS;  Porto Alegre ;4314902;Green Eletron;PEV fixo;Ativo;21/07/2020
3549250-000;SP;Sao Joao de Iracema;3549250;Sistema individual;Campanha itinerante;Ativo;16/08/2019
3103900-000;MG;  Araújos ;3103900;ABREE;PEV fixo;Ativo;03/09/2019
4106902-017;PR;CURITIBA;4106902;ABREE;Campanha itinerante;Ativo;11/07/2020
2501104-000;PB;  Areia ;2501104;Green Eletron;PEV fixo;Ativo;08/03/2019
5300108-005;DF;Brasilia;5300108;Green Eletron;PEV fixo;Ativo;04/01/2019
3555109-000;SP;TUPI PAULISTA;3555109;ABREE;PEV fixo;Ativo;17/11/2020
4314902-023;RS;PORTO ALEGRE;4314902;ABREE;Campanha itinerante;Ativo;18/02/2020
1300706-001;AM;Boca do Acre;1300706;Sistema individual;PEV fixo;Ativo;03/09/2020
3101631-000;MG;ALFREDO VASCONCELOS;3101631;ABREE;PEV fixo;Ativo;24/02/2019
3305307-004;RJ;São Sebastião do Alto;3305307;Green Eletron;PEV fixo;Ativo;11/02/2019
2304400-025;CE;FORTALEZA;2304400;Green Eletron;PEV fixo;Ativo;10/12/2019
3549250-001;SP;São João de Iracema;3549250;ABREE;PEV fixo;Ativo;02/02/2019
4106902-018;PR;Curitiba;4106902;ABREE;Ponto de consolidação;Ativo;06/08/2020
2100303-000;MA;Aldeias Altas;2100303;ABREE;Ponto de consolidação;Ativo;16/06/2019
3550308-044;SP;Sao Paulo;3550308;ABREE;PEV fixo;Ativo;13/03/2019
1508084-000;PA;Tucuma;1508084;ABREE;PEV fixo;Ativo;12/09/2019
1720978-000;TO;Talismã;1720978;ABREE;PEV fixo;Ativo;09/09/2020
4205407-023;SC;FLORIANÓPOLIS;4205407;ABREE;PEV fixo;Ativo;12/08/2019
4106902-016;PR;Curitiba;4106902;ABREE;Campanha itinerante;Ativo;12/06/2020
3550308-088;SP;  São Paulo ;3550308;Green Eletron;PEV fixo;Ativo;14/12/2019
2800308-013;SE;Aracaju;2800308;ABREE;Ponto de consolidação;Ativo;03/02/2020
1705508-000;TO;Colinas do Tocantins;1705508;Green Eletron;PEV fixo;Ativo;13/05/2019
1501402-001;PA;  Belém ;1501402;ABREE;PEV fixo;Ativo;13/12/2020
4205407-017;SC;Florianopolis;4205407;Green Eletron;PEV fixo;Ativo;19/04/2019
3300308-003;RJ;Barra do Piraí;3300308;Sistema individual;PEV fixo;Ativo;01/11/2019
5103502-000;MT;Diamantino;5103502;Green Eletron;PEV fixo;Ativo;09/06/2019
3557006-002;SP;Votorantim;3557006;ABREE;PEV fixo;Ativo;02/11/2020
2405900-000;RN;João Dias;2405900;ABREE;PEV fixo;Ativo;12/02/2019
4315958-000;RS;Rolador;4315958;ABREE;PEV fixo;Ativo;26/10/2019
2312601-000;CE;Sao Luis do Curu;2312601;Green Eletron;PEV fixo;Ativo;18/12/2020
2614105-000;PE;SERTÂNIA;2614105;ABREE;PEV fixo;Ativo;08/10/2019
2704302-001;AL;Maceió;2704302;Green Eletron;PEV fixo;Ativo;26/11/2020
2910800-000;BA;Feira de Santana;2910800;Green Eletron;PEV fixo;Ativo;08/06/2019
3305406-002;RJ;SAPUCAIA;3305406;ABREE;PEV fixo;Ativo;06/09/2020
2927408-044;BA;Salvador;2927408;ABREE;Ponto de consolidação;Inativo;06/08/2020
4321469-000;RS;Tio Hugo;4321469;Green Eletron;PEV fixo;Ativo;02/10/2020
3541406-000;SP;PRESIDENTE PRUDENTE;3541406;Green Eletron;PEV fixo;Ativo;12/06/2019
2612901-000;PE;SÃO BENEDITO DO SUL;;ABREE;PEV fixo;Ativo;23/04/2019
3106200-002;MG;BELO HORIZONTE;3106200;ABREE;PEV fixo;Ativo;02/11/2020
4219002-000;SC;Urussanga;4219002;ABREE;Campanha itinerante;Ativo;19/04/2019
3550308-060;SP;São Paulo;3550308;Green Eletron;PEV fixo;Inativo;14/06/2019
3304557-017;RJ;RIO DE JANEIRO;3304557;ABREE;Ponto de consolidação;Ativo;23/09/2020
3535606-000;SP;  Paraibuna ;3535606;ABREE;PEV fixo;Ativo;04/05/2019
3116407-000;MG;Claraval;3116407;ABREE;PEV fixo;Ativo;05/10/2020
3121308-000;MG;DESCOBERTO;3121308;Sistema individual;PEV fixo;Ativo;14/03/2020
5000203-000;MS;Água Clara;5000203;Green Eletron;PEV fixo;Ativo;26/07/2020
3106200-094;MG;Belo Horizonte;3106200;ABREE;PEV fixo;Ativo;08/04/2020
2604007-000;PE;  Carpina ;2604007;Green Eletron;PEV fixo;Ativo;27/02/2019
4217501-000;SC;Seara;4217501;ABREE;Campanha itinerante;Ativo;13/02/2019
4117255-000;PR;Nova Prata do Iguaçu;4117255;ABREE;PEV fixo;Ativo;15/10/2020
4314902-021;RS;PORTO ALEGRE;4314902;Green Eletron;PEV fixo;Ativo;27/05/2020
5300108-012;DF;BRASÍLIA;5300108;ABREE;PEV fixo;Ativo;24/11/2019
3551306-000;SP;Sebastianópolis do Sul;3551306;ABREE;Campanha itinerante;Ativo;01/11/2019
2909604-000;BA;Crisopolis;2909604;Sistema individual;PEV fixo;Ativo;04/03/2019
5215207-000;GO;Novo Brasil;5215207;ABREE;Ponto de consolidação;Ativo;04/11/2019
3550308-126;SP;São Paulo;3550308;Green Eletron;PEV fixo;Ativo;26/10/2020
3547502-000;SP;Santa Rita do Passa Quatro;3547502;ABREE;PEV fixo;Ativo;02/04/2019
3545159-000;SP;Saltinho;3545159;ABREE;PEV fixo;Ativo;16/09/2020
5103403-001;MT;CUIABÁ;5103403;ABREE;PEV fixo;Ativo;24/10/2019
2927408-036;BA;Salvador;2927408;ABREE;Campanha itinerante;Ativo;08/04/2019
2101939-001;MA;Bernardo do Mearim;2101939;Green Eletron;PEV fixo;Ativo;23/07/2019
4121802-000;PR;Ribeirao Claro;4121802;ABREE;PEV fixo;Ativo;27/01/2020
2909208-000;BA;Coronel João Sá;2909208;Green Eletron;Ponto de consolidação;Ativo;24/08/2019
5300108-009;DF;Brasília;5300108;ABREE;PEV fixo;Ativo;01/12/2019
3301504-000;RJ;  Cordeiro ;3301504;Green Eletron;PEV fixo;Inativo;14/02/2019
1304005-000;AM;Silves;1304005;ABREE;PEV fixo;Ativo;26/12/2020
3106200-017;MG;Belo Horizonte;3106200;ABREE;PEV fixo;Ativo;03/02/2020
3302502-001;RJ;MAGÉ;3302502;Sistema individual;PEV fixo;Ativo;22/09/2020
4203105-000;SC;  Caibi ;4203105;ABREE;PEV fixo;Ativo;17/06/2019
3550308-014;SP;Sao Paulo;3550308;Green Eletron;PEV fixo;Ativo;09/12/2019
2924306-000;BA;Piatã;2924306;Green Eletron;PEV fixo;Ativo;13/12/2019
5107701-000;MT;Rosário Oeste;5107701;Green Eletron;PEV fixo;Ativo;23/12/2020
1600501-000;AP;  Oiapoque ;1600501;Green Eletron;PEV fixo;Ativo;04/07/2020
2513158-000;PB;SANTA CECÍLIA;2513158;Green Eletron;PEV fixo;Ativo;04/03/2019
3508306-000;SP;CABRÁLIA PAULISTA;3508306;Green Eletron;PEV fixo;Ativo;10/11/2020
1200104-000;AC;Brasiléia;1200104;Green Eletron;PEV fixo;Ativo;01/03/2020
1300029-001;AM;ALVARÃES;1300029;Green Eletron;PEV fixo;Ativo;22/01/2019
3163300-000;MG;São José do Divino;3163300;ABREE;PEV fixo;Ativo;12/02/2019
4211892-000;SC;Painel;4211892;ABREE;PEV fixo;Ativo;17/10/2019
4120150-000;PR;PORTO BARREIRO;4120150;Green Eletron;PEV fixo;Ativo;03/07/2019
1301001-000;AM;Carauari;1301001;ABREE;PEV fixo;Ativo;07/10/2019
3550308-084;SP;SÃO PAULO;3550308;Green Eletron;PEV fixo;Ativo;13/02/2019
3550308-005;SP;  São Paulo ;3550308;Green Eletron;Ponto de consolidação;Ativo;18/08/2019
4215752-000;SC;São Bernardino;4215752;Green Eletron;PEV fixo;Ativo;05/07/2019
2506202-000;PB;  Frei Martinho ;2506202;ABREE;Campanha itinerante;Ativo;11/12/2019
4105102-000;PR;Centenário do Sul;;Green Eletron;PEV fixo;Ativo;07/08/2020
3205309-000;ES;Vitória;3205309;ABREE;PEV fixo;Ativo;22/07/2020
5208707-008;GO;Goiânia;5208707;ABREE;PEV fixo;Ativo;09/06/2020
3106200-024;MG;Belo Horizonte;3106200;Green Eletron;Ponto de consolidação;Ativo;19/10/2020
2918506-000;BA;Jussara;2918506;ABREE;PEV fixo;Ativo;01/07/2020
4312385-000;RS;Monte Belo do Sul;4312385;Sistema individual;PEV fixo;Ativo;05/10/2020
2927408-042;BA;SALVADOR;2927408;ABREE;PEV fixo;Ativo;21/09/2019
3160207-002;MG;Santo Antônio do Itambé;3160207;Green Eletron;PEV fixo;Ativo;06/10/2019
2927408-017;BA;Salvador;2927408;ABREE;PEV fixo;Ativo;07/07/2019
2800308-009;SE;ARACAJU;2800308;ABREE;Ponto de consolidação;Ativo;24/06/2020
5107297-000;MT;  São José do Povo ;5107297;ABREE;PEV fixo;Ativo;15/06/2020
3300902-000;RJ;Cambuci;3300902;Green Eletron;Campanha itinerante;Ativo;14/01/2019
4316436-000;RS;Saldanha Marinho;4316436;Green Eletron;PEV fixo;Ativo;15/06/2020
3550308-054;SP;  São Paulo ;3550308;ABREE;PEV fixo;Ativo;26/04/2019
3205309-006;ES;Vitória;3205309;ABREE;PEV fixo;Ativo;24/06/2020
5208103-000;GO;Formoso;5208103;Green Eletron;PEV fixo;Ativo;03/10/2020
3170305-000;MG;Umburatiba;3170305;Green Eletron;PEV fixo;Ativo;03/08/2019
2918407-000;BA;Juazeiro;2918407;ABREE;PEV fixo;Ativo;18/11/2020
3304557-027;RJ;Rio de Janeiro;3304557;Green Eletron;PEV fixo;Ativo;07/08/2020
2927408-054;BA;Salvador;2927408;Green Eletron;PEV fixo;Ativo;10/10/2020
3300951-002;RJ;Comendador Levy Gasparian;3300951;ABREE;Campanha itinerante;Ativo;28/11/2020
3514403-000;SP;DRACENA;3514403;ABREE;PEV fixo;Ativo;28/05/2019
2927408-029;BA;SALVADOR;2927408;ABREE;PEV fixo;Ativo;19/10/2019
2304400-044;CE;Fortaleza;2304400;ABREE;PEV fixo;Ativo;24/04/2020
3527702-000;SP;LUIZIÂNIA;3527702;Green Eletron;PEV fixo;Ativo;26/12/2019
3146206-000;MG;OURO VERDE DE MINAS;3146206;Green Eletron;PEV fixo;Ativo;14/11/2020
3550308-158;SP;São Paulo;3550308;Green Eletron;PEV fixo;Ativo;02/06/2020
3106200-035;MG;Belo Horizonte;3106200;ABREE;Ponto de consolidação;Ativo;23/06/2020
4212106-000;SC;  Palmitos ;4212106;ABREE;PEV fixo;Ativo;21/12/2019
4104055-000;PR;Campo Bonito;4104055;Sistema individual;Campanha itinerante;Ativo;13/02/2020
3136579-001;MG;Josenópolis;3136579;Green Eletron;PEV fixo;Ativo;03/03/2020
3303302-002;RJ;Niterói;3303302;Green Eletron;Campanha itinerante;Ativo;06/12/2020
3550308-053;SP;São Paulo;;ABREE;PEV fixo;Ativo;07/02/2019
3142304-000;MG;  Moeda ;3142304;ABREE;PEV fixo;Ativo;16/02/2019
3106200-028;MG;Belo Horizonte;3106200;ABREE;PEV fixo;Ativo;01/01/2020
4106902-016;PR;Curitiba;4106902;ABREE;Campanha itinerante;Ativo;12/06/2020
2909901-000;BA;CURAÇÁ;2909901;ABREE;PEV fixo;Ativo;07/03/2020
3550308-022;SP;São Paulo;3550308;Green Eletron;PEV fixo;Ativo;10/10/2019
4215075-000;SC;RIQUEZA;4215075;ABREE;PEV fixo;Ativo;05/11/2020
3550308-153;SP;SÃO PAULO;3550308;ABREE;PEV fixo;Ativo;02/06/2020
3525607-001;SP;João Ramalho;3525607;Green Eletron;PEV fixo;Ativo;28/07/2019
2208502-000;PI;Porto;2208502;Green Eletron;PEV fixo;Ativo;11/06/2019
3550308-113;SP;São Paulo;3550308;ABREE;PEV fixo;Ativo;23/02/2020
5106505-000;MT;Poconé;5106505;ABREE;Ponto de consolidação;Ativo;10/02/2020
3550308-027;SP;  São Paulo ;3550308;Green Eletron;Campanha itinerante;Ativo;17/12/2019
2900801-000;BA;  Alcobaça ;2900801;Green Eletron;PEV fixo;Ativo;23/12/2020
3550308-019;SP;São Paulo;3550308;ABREE;PEV fixo;Ativo;19/06/2019
3550308-146;SP;SÃO PAULO;3550308;Green Eletron;PEV fixo;Ativo;07/05/2020
2931350-000;BA;Teixeira de Freitas;2931350;Green Eletron;PEV fixo;Ativo;17/12/2019
3511409-000;SP;  Cerqueira César ;3511409;Sistema individual;PEV fixo;Ativo;11/02/2020
2507507-005;PB;JOÃO PESSOA;2507507;Green Eletron;PEV fixo;Ativo;05/12/2020
4106902-000;PR;CURITIBA;4106902;ABREE;Campanha itinerante;Ativo;18/09/2020
2605806-002;PE;FREI MIGUELINHO;2605806;Green Eletron;PEV fixo;Ativo;18/05/2019
3503703-000;SP;ARIRANHA;3503703;ABREE;PEV fixo;Ativo;01/03/2020
4106902-002;PR;CURITIBA;4106902;ABREE;PEV fixo;Ativo;09/05/2020
2502805-000;PB;  Brejo do Cruz ;2502805;ABREE;PEV fixo;Ativo;27/05/2019
2105922-000;MA;Lagoa do Mato;2105922;Green Eletron;Ponto de consolidação;Ativo;12/03/2019
3100906-000;MG;  Águas Formosas ;3100906;ABREE;PEV fixo;Ativo;16/10/2019
3550308-068;SP;  São Paulo ;3550308;Green Eletron;PEV fixo;Ativo;05/01/2019
3304557-023;RJ;Rio de Janeiro;3304557;Green Eletron;PEV fixo;Ativo;10/11/2020
2925501-000;BA;Prado;2925501;Green Eletron;PEV fixo;Ativo;13/04/2020
3168309-000;MG;Taquaraçu de Minas;3168309;ABREE;Campanha itinerante;Ativo;07/05/2019
2910305-000;BA;ELÍSIO MEDRADO;2910305;Green Eletron;PEV fixo;Ativo;28/10/2020
3550308-018;SP;São Paulo;3550308;ABREE;PEV fixo;Ativo;12/10/2019
4205407-022;SC;  Florianópolis ;4205407;ABREE;PEV fixo;Ativo;24/01/2019
3110202-000;MG;Cajuri;3110202;Green Eletron;PEV fixo;Ativo;18/10/2020
4103909-000;PR;CAMPINA DA LAGOA;4103909;ABREE;PEV fixo;Ativo;01/08/2020
5300108-011;DF;Brasília;5300108;ABREE;PEV fixo;Ativo;21/10/2019
2615102-000;PE;Terezinha;2615102;ABREE;PEV fixo;Ativo;05/03/2019
4107553-000;PR;  Farol ;4107553;ABREE;PEV fixo;Ativo;16/01/2019
2603603-000;PE;Camutanga;2603603;ABREE;PEV fixo;Ativo;12/12/2019
3302700-005;RJ;Maricá;3302700;Green Eletron;Campanha itinerante;Ativo;26/10/2019
3508306-002;SP;Cabrália Paulista;3508306;ABREE;Campanha itinerante;Ativo;09/02/2020
5107156-000;MT;Reserva do Cabacal;5107156;Green Eletron;PEV fixo;Ativo;03/02/2020
3135100-000;MG;  Janaúba ;3135100;Green Eletron;PEV fixo;Ativo;10/05/2020
3118304-000;MG;Conselheiro Lafaiete;3118304;Green Eletron;PEV fixo;Ativo;03/12/2019
3550308-169;SP;São Paulo;3550308;ABREE;PEV fixo;Ativo;07/08/2020
3507209-000;SP;Bora;3507209;ABREE;Ponto de consolidação;Ativo;13/11/2020
2201929-000;PI;Bonfim do Piaui;2201929;Green Eletron;PEV fixo;Ativo;13/04/2020
3106200-014;MG;Belo Horizonte;3106200;ABREE;Ponto de consolidação;Ativo;28/06/2020
2800308-004;SE;Aracaju;2800308;Green Eletron;Campanha itinerante;Ativo;06/10/2019
1716208-000;TO;Paranã;1716208;ABREE;PEV fixo;Ativo;27/02/2019
4317905-000;RS;SANTO CRISTO;4317905;ABREE;Ponto de consolidação;Ativo;21/06/2020
2611606-000;PE;Recife;2611606;Green Eletron;PEV fixo;Ativo;17/11/2020
3127388-000;MG;Goianá;3127388;Green Eletron;PEV fixo;Ativo;25/03/2019
2311900-000;CE;Saboeiro;2311900;Green Eletron;PEV fixo;Ativo;04/04/2020
3109204-000;MG;Buenópolis;3109204;ABREE;PEV fixo;Ativo;20/08/2019
3527108-000;SP;  Lins ;3527108;ABREE;PEV fixo;Ativo;03/06/2019
3550308-087;SP;São Paulo;3550308;ABREE;PEV fixo;Ativo;12/05/2019
1504406-000;PA;Marapanim;1504406;ABREE;PEV fixo;Ativo;04/03/2019
3550308-035;SP;São Paulo;3550308;Sistema individual;PEV fixo;Ativo;10/08/2019
3550308-124;SP;São Paulo;3550308;ABREE;PEV fixo;Ativo;26/07/2020
3550308-081;SP;  São Paulo ;3550308;Sistema individual;PEV fixo;Ativo;23/11/2019
2306801-000;CE;Jaguaribara;2306801;Sistema individual;PEV fixo;Ativo;16/09/2019
4314159-000;RS;Paverama;4314159;ABREE;PEV fixo;Ativo;14/08/2020
3304557-033;RJ;Rio de Janeiro;3304557;Green Eletron;Ponto de consolidação;Ativo;18/04/2020
3305752-000;RJ;Tanguá;3305752;Green Eletron;PEV fixo;Ativo;04/08/2020
3304557-063;RJ;Rio de Janeiro;3304557;ABREE;PEV fixo;Ativo;26/10/2020
4205407-009;SC;Florianópolis;4205407;ABREE;PEV fixo;Ativo;17/12/2019
4314902-032;RS;Porto Alegre;4314902;Green Eletron;PEV fixo;Inativo;22/05/2020
2612109-000;PE;Salgadinho;2612109;ABREE;PEV fixo;Ativo;19/11/2019
1100098-000;RO;Espigão D'Oeste;1100098;Green Eletron;PEV fixo;Ativo;20/07/2020
3106200-061;MG;Belo Horizonte;3106200;Sistema individual;PEV fixo;Ativo;19/01/2020
2611606-028;PE;Recife;2611606;Green Eletron;PEV fixo;Ativo;05/06/2020
3550308-078;SP;Sao Paulo;3550308;Green Eletron;PEV fixo;Ativo;07/12/2019
3300308-002;RJ;Barra do Piraí;3300308;ABREE;PEV fixo;Ativo;23/06/2019
2927408-071;BA;Salvador;2927408;ABREE;Ponto de consolidação;Ativo;17/03/2020
2112852-000;MA;Vila Nova dos Martírios;2112852;ABREE;PEV fixo;Ativo;23/10/2019
4306056-000;RS;Cristal;4306056;Green Eletron;Campanha itinerante;Ativo;10/01/2019
3106200-057;MG;BELO HORIZONTE;3106200;ABREE;PEV fixo;Ativo;17/11/2020
2802205-000;SE;Feira Nova;2802205;Sistema individual;Ponto de consolidação;Ativo;16/01/2020
3550308-048;SP;Sao Paulo;3550308;ABREE;PEV fixo;Ativo;02/02/2019
3305406-001;RJ;Sapucaia;3305406;Green Eletron;PEV fixo;Ativo;16/11/2019
4108650-000;PR;Goioxim;4108650;Green Eletron;PEV fixo;Ativo;18/08/2019
4307708-000;RS;ESTEIO;4307708;ABREE;PEV fixo;Ativo;27/12/2020
2610509-000;PE;Passira;2610509;Green Eletron;PEV fixo;Ativo;01/02/2019
4308250-000;RS;  Floriano Peixoto ;4308250;Sistema individual;PEV fixo;Ativo;20/03/2019
3301108-006;RJ;Cantagalo;3301108;ABREE;PEV fixo;Ativo;11/08/2020
4205407-008;SC;FLORIANÓPOLIS;4205407;Green Eletron;PEV fixo;Ativo;08/08/2019
4310603-000;RS;Itaqui;4310603;ABREE;Ponto de consolidação;Ativo;14/10/2020
4120200-000;PR;Porto Rico;4120200;ABREE;PEV fixo;Ativo;02/05/2020
2927408-048;BA;Salvador;2927408;Green Eletron;PEV fixo;Ativo;06/03/2020
4106001-000;PR;Congonhinhas;4106001;ABREE;PEV fixo;Ativo;03/03/2019
3205309-003;ES;Vitoria;3205309;Green Eletron;PEV fixo;Ativo;26/04/2020
4111506-000;PR;IVAIPORÃ;4111506;ABREE;PEV fixo;Ativo;15/03/2020
3541653-000;SP;Quadra;3541653;ABREE;PEV fixo;Ativo;22/12/2020
4207403-000;SC;Imbuia;4207403;Green Eletron;PEV fixo;Ativo;05/07/2020
4314902-015;RS;Porto Alegre;4314902;ABREE;PEV fixo;Ativo;20/04/2020
3106200-065;MG;  Belo Horizonte ;3106200;ABREE;Ponto de consolidação;Ativo;15/08/2020
5208707-007;GO;Goiania;5208707;Green Eletron;PEV fixo;Ativo;14/03/2020
3150109-000;MG;Piau;3150109;ABREE;PEV fixo;Ativo;28/04/2019
4314902-013;RS;Porto Alegre;4314902;Sistema individual;Campanha itinerante;Ativo;19/10/2020
3106200-042;MG;  Belo Horizonte ;3106200;ABREE;PEV fixo;Ativo;07/09/2020
2414803-000;RN;Vera Cruz;2414803;ABREE;PEV fixo;Ativo;03/03/2020
2108405-000;MA;Peri Mirim;2108405;Green Eletron;PEV fixo;Ativo;26/09/2020
3532900-001;SP;  Nova Europa ;3532900;ABREE;PEV fixo;Ativo;22/09/2019
1302306-000;AM;  Jutaí ;1302306;ABREE;PEV fixo;Inativo;26/10/2019
3201902-000;ES;DOMINGOS MARTINS;3201902;ABREE;PEV fixo;Ativo;08/04/2020
3556909-000;SP;Vista Alegre do Alto;3556909;Sistema individual;PEV fixo;Ativo;03/07/2019
3106200-006;MG;BELO HORIZONTE;3106200;ABREE;Ponto de consolidação;Ativo;23/01/2020
3101409-000;MG;Albertina;3101409;Green Eletron;PEV fixo;Ativo;05/09/2019
2302107-002;CE;Baturité;2302107;ABREE;PEV fixo;Ativo;17/11/2020
2902609-000;BA;Baixa Grande;2902609;Green Eletron;PEV fixo;Ativo;06/02/2019
4315552-000;RS;RIO DOS ÍNDIOS;4315552;Green Eletron;PEV fixo;Ativo;25/11/2019
1600402-000;AP;Mazagão;1600402;ABREE;PEV fixo;Ativo;21/08/2019
2602902-004;PE;Cabo de Santo Agostinho;2602902;Sistema individual;PEV fixo;Ativo;12/05/2020
3550308-063;SP;  São Paulo ;3550308;Sistema individual;PEV fixo;Ativo;13/08/2019
2927408-018;BA;Salvador;2927408;ABREE;PEV fixo;Ativo;08/01/2019
3537206-000;SP;Pedro de Toledo;3537206;ABREE;PEV fixo;Ativo;03/07/2020
3304557-032;RJ;Rio de Janeiro;3304557;ABREE;PEV fixo;Ativo;03/12/2020
3530102-001;SP;MIRANDÓPOLIS;3530102;ABREE;PEV fixo;Ativo;19/03/2020
3106200-000;MG;BELO HORIZONTE;3106200;Green Eletron;PEV fixo;Ativo;05/11/2020
3524907-000;SP;Jambeiro;3524907;Green Eletron;PEV fixo;Ativo;18/04/2020
3135506-000;MG;Jequeri;3135506;Green Eletron;PEV fixo;Ativo;05/02/2019
3538808-002;SP;Piraju;3538808;ABREE;Campanha itinerante;Ativo;27/08/2019
4107157-000;PR;Diamante D'Oeste;4107157;ABREE;PEV fixo;Ativo;16/09/2019
4119905-000;PR;Ponta Grossa;4119905;Sistema individual;Campanha itinerante;Ativo;25/02/2019
3532900-003;SP;Nova Europa;3532900;Green Eletron;PEV fixo;Ativo;15/01/2019
2800308-010;SE;Aracaju;2800308;Green Eletron;Ponto de consolidação;Ativo;11/05/2020
2413102-000;RN;Senador Elói de Souza;2413102;Sistema individual;PEV fixo;Ativo;21/09/2020
3550308-091;SP;São Paulo;3550308;Green Eletron;PEV fixo;Ativo;06/01/2019
3532009-006;SP;Morungaba;3532009;Green Eletron;PEV fixo;Ativo;28/04/2020
2300705-003;CE;ALTO SANTO;2300705;Green Eletron;PEV fixo;Ativo;21/07/2020
2111706-000;MA;SÃO VICENTE FERRER;2111706;ABREE;Ponto de consolidação;Ativo;08/09/2019
5219357-000;GO;Santa Isabel;5219357;ABREE;PEV fixo;Inativo;18/12/2020
3518800-000;SP;Guarulhos;3518800;Sistema individual;PEV fixo;Ativo;01/12/2019
2927408-049;BA;Salvador;2927408;Green Eletron;PEV fixo;Ativo;13/09/2020
4104451-000;PR;Cantagalo;4104451;ABREE;PEV fixo;Ativo;05/08/2020
3542602-002;SP;REGISTRO;3542602;ABREE;PEV fixo;Ativo;23/12/2020
3300902-001;RJ;Cambuci;3300902;ABREE;PEV fixo;Ativo;22/08/2019
4317806-000;RS;Santo Augusto;4317806;ABREE;PEV fixo;Ativo;15/12/2020
2927408-056;BA;SALVADOR;2927408;ABREE;PEV fixo;Ativo;20/12/2020
2211001-007;PI;Teresina;2211001;ABREE;PEV fixo;Ativo;22/02/2019
3158904-000;MG;Santana do Manhuaçu;3158904;Green Eletron;PEV fixo;Ativo;05/04/2019
5300108-030;DF;BRASÍLIA;5300108;ABREE;PEV fixo;Ativo;13/10/2019
1300029-003;AM;Alvarães;1300029;Green Eletron;PEV fixo;Ativo;16/02/2020
3304557-066;RJ;Rio de Janeiro;3304557;ABREE;PEV fixo;Ativo;28/09/2020
3118106-000;MG;  Congonhas do Norte ;3118106;ABREE;PEV fixo;Ativo;17/05/2019
3301108-007;RJ;Cantagalo;3301108;Green Eletron;Ponto de consolidação;Ativo;06/05/2020
2309805-000;CE;Pacoti;2309805;ABREE;Campanha itinerante;Ativo;27/05/2020
3550308-058;SP;São Paulo;3550308;ABREE;PEV fixo;Ativo;28/09/2019
2611606-010;PE;Recife;2611606;ABREE;PEV fixo;Ativo;20/01/2020
3526407-000;SP;Laranjal Paulista;3526407;ABREE;PEV fixo;Ativo;27/10/2020
1508209-004;PA;  Vigia ;1508209;Green Eletron;PEV fixo;Ativo;16/11/2020
2927408-027;BA;Salvador;2927408;ABREE;PEV fixo;Ativo;27/10/2019
4319109-000;RS;  São Martinho ;4319109;ABREE;PEV fixo;Ativo;18/09/2019
5105606-000;MT;Matupá;5105606;ABREE;PEV fixo;Ativo;03/12/2020
4313953-000;RS;Pantano Grande;;ABREE;PEV fixo;Ativo;04/01/2019
3550308-107;SP;São Paulo;3550308;Green Eletron;PEV fixo;Ativo;15/02/2020
3525201-002;SP;Jarinu;3525201;Green Eletron;PEV fixo;Ativo;05/05/2020
2601201-000;PE;ARCOVERDE;2601201;Green Eletron;Ponto de consolidação;Ativo;21/09/2020
3533007-000;SP;NOVA GRANADA;3533007;ABREE;PEV fixo;Inativo;07/09/2019
2701357-000;AL;  Campestre ;2701357;ABREE;PEV fixo;Ativo;15/10/2020
4314902-024;RS;PORTO ALEGRE;4314902;ABREE;PEV fixo;Ativo;02/05/2020
2407302-000;RN;MARCELINO VIEIRA;2407302;ABREE;PEV fixo;Ativo;08/03/2019
1302603-000;AM;Manaus;1302603;ABREE;Campanha itinerante;Ativo;26/11/2019
2304400-009;CE;Fortaleza;2304400;Green Eletron;PEV fixo;Ativo;18/12/2019
1507151-001;PA;São Domingos do Araguaia;1507151;ABREE;PEV fixo;Ativo;06/03/2019
4122701-000;PR;Sabáudia;4122701;Green Eletron;PEV fixo;Ativo;24/12/2019
4314902-026;RS;PORTO ALEGRE;4314902;ABREE;PEV fixo;Ativo;12/02/2020
5007695-000;MS;São Gabriel do Oeste;5007695;ABREE;Campanha itinerante;Ativo;10/09/2020
4300455-000;RS;ALEGRIA;4300455;ABREE;PEV fixo;Ativo;22/12/2019
1501402-007;PA;Belém;1501402;ABREE;PEV fixo;Ativo;03/11/2020
3550308-133;SP;São Paulo;3550308;ABREE;PEV fixo;Ativo;27/10/2020
2304251-000;CE;Cruz;2304251;ABREE;Ponto de consolidação;Ativo;04/06/2019
2927408-000;BA;Salvador;2927408;Sistema individual;PEV fixo;Ativo;17/01/2019
3149309-000;MG;Pedro Leopoldo;3149309;Green Eletron;PEV fixo;Ativo;23/07/2019
1506708-000;PA;Santana do Araguaia;1506708;Green Eletron;Ponto de consolidação;Ativo;02/08/2019
2917904-000;BA;  Jandaíra ;2917904;Green Eletron;PEV fixo;Ativo;15/02/2019
3305307-000;RJ;São Sebastião do Alto;3305307;ABREE;PEV fixo;Ativo;16/02/2019
2304400-018;CE;Fortaleza;2304400;ABREE;PEV fixo;Ativo;14/10/2019
2804300-000;SE;Muribeca;2804300;ABREE;PEV fixo;Ativo;10/06/2019
2927408-067;BA;Salvador;2927408;ABREE;Ponto de consolidação;Ativo;28/11/2020
2500536-000;PB;ALCANTIL;2500536;ABREE;PEV fixo;Ativo;28/10/2019
5218904-000;GO;Rubiataba;5218904;ABREE;PEV fixo;Ativo;01/04/2019
2205706-000;PI;LUÍS CORREIA;2205706;ABREE;Ponto de consolidação;Ativo;11/11/2020
4314902-008;RS;PORTO ALEGRE;4314902;ABREE;PEV fixo;Ativo;02/09/2020
3305307-001;RJ;SÃO SEBASTIÃO DO ALTO;3305307;Green Eletron;PEV fixo;Ativo;05/12/2019
2210052-000;PI;SÃO JOSÉ DO DIVINO;2210052;ABREE;PEV fixo;Ativo;03/06/2019
4100707-000;PR;Alto Piquiri;4100707;ABREE;PEV fixo;Ativo;27/10/2019
4318614-000;RS;São José do Sul;4318614;Green Eletron;PEV fixo;Ativo;14/03/2019
3205309-004;ES;Vitoria;3205309;Green Eletron;PEV fixo;Ativo;04/10/2020
2107100-000;MA;MORROS;2107100;Green Eletron;PEV fixo;Inativo;25/01/2020
4306809-000;RS;  Encantado ;4306809;Green Eletron;PEV fixo;Ativo;12/06/2019
4314902-025;RS;Porto Alegre;4314902;Sistema individual;PEV fixo;Ativo;13/08/2020
2309904-000;CE;Pacujá;2309904;Green Eletron;Ponto de consolidação;Ativo;16/08/2019
3120870-000;MG;CURRAL DE DENTRO;3120870;ABREE;Campanha itinerante;Ativo;11/03/2020
2616183-001;PE;Vertente do Lério;;ABREE;Ponto de consolidação;Ativo;10/09/2019
3539509-000;SP;Pitangueiras;3539509;ABREE;PEV fixo;Ativo;08/03/2019
4110656-000;PR;IRACEMA DO OESTE;4110656;Green Eletron;PEV fixo;Ativo;23/03/2020
4205407-027;SC;FLORIANÓPOLIS;4205407;ABREE;PEV fixo;Ativo;18/07/2020
2611606-017;PE;Recife;2611606;Green Eletron;PEV fixo;Ativo;06/07/2020
2107605-000;MA;PALMEIRÂNDIA;2107605;ABREE;PEV fixo;Ativo;22/09/2019
3507506-000;SP;Botucatu;3507506;Sistema individual;Campanha itinerante;Ativo;02/03/2020
4314902-020;RS;Porto Alegre;4314902;Green Eletron;PEV fixo;Ativo;07/07/2020
2611606-007;PE;RECIFE;2611606;Sistema individual;PEV fixo;Ativo;08/04/2020
3550308-012;SP;São Paulo;3550308;Green Eletron;PEV fixo;Ativo;01/11/2019
3304557-026;RJ;Rio de Janeiro;3304557;Green Eletron;PEV fixo;Ativo;27/02/2020
3534708-000;SP;OURINHOS;3534708;ABREE;PEV fixo;Inativo;10/03/2019
2615102-002;PE;Terezinha;2615102;Green Eletron;PEV fixo;Ativo;01/06/2019
3532504-002;SP;Neves Paulista;3532504;ABREE;PEV fixo;Ativo;18/12/2020
5000708-000;MS;Anastacio;5000708;Green Eletron;PEV fixo;Ativo;15/09/2019
2210409-000;PI;São Miguel do Tapuio;2210409;Green Eletron;PEV fixo;Ativo;12/07/2019
1501600-000;PA;  Bonito ;1501600;ABREE;Ponto de consolidação;Ativo;14/11/2020
2408102-003;RN;Natal;2408102;ABREE;Ponto de consolidação;Ativo;07/06/2020
3520608-000;SP;INDIANA;3520608;Sistema individual;Ponto de consolidação;Ativo;15/07/2020
3550308-121;SP;São Paulo;3550308;ABREE;PEV fixo;Ativo;11/05/2020
5300108-026;DF;Brasília;5300108;ABREE;Ponto de consolidação;Ativo;04/01/2019
4314902-041;RS;Porto Alegre;4314902;Green Eletron;PEV fixo;Ativo;18/12/2020
3557006-000;SP;Votorantim;3557006;Green Eletron;PEV fixo;Ativo;09/07/2020
3302700-002;RJ;Marica;3302700;ABREE;PEV fixo;Ativo;03/08/2019
2927408-003;BA;Salvador;2927408;ABREE;PEV fixo;Ativo;22/03/2019
3123304-000;MG;Dores do Turvo;3123304;Green Eletron;PEV fixo;Ativo;01/06/2020
3114600-000;MG;Carrancas;3114600;ABREE;PEV fixo;Ativo;25/04/2020
3550308-056;SP;São Paulo;3550308;ABREE;PEV fixo;Inativo;25/02/2019
2304400-036;CE;Fortaleza;2304400;ABREE;PEV fixo;Ativo;27/08/2020
3543006-000;SP;RIBEIRÃO BRANCO;3543006;ABREE;PEV fixo;Ativo;09/10/2019
1200401-001;AC;Rio Branco;1200401;Green Eletron;PEV fixo;Ativo;07/10/2019
2804409-000;SE;Neópolis;2804409;Sistema individual;PEV fixo;Ativo;04/03/2019
3106200-071;MG;Belo Horizonte;3106200;ABREE;PEV fixo;Ativo;05/10/2020
5300108-038;DF;BRASÍLIA;5300108;Green Eletron;PEV fixo;Ativo;09/08/2020
2908200-000;BA;  Conceição da Feira ;2908200;Green Eletron;Ponto de consolidação;Ativo;04/06/2020
4313490-000;RS;Novo Barreiro;4313490;Green Eletron;PEV fixo;Ativo;09/01/2019
2908408-000;BA;Conceição do Coité;2908408;ABREE;PEV fixo;Ativo;09/07/2020
2401453-000;RN;Barauna;2401453;Sistema individual;PEV fixo;Ativo;22/08/2020
4317103-000;RS;Sant'Ana do Livramento;4317103;Sistema individual;PEV fixo;Ativo;08/09/2020
4106902-028;PR;Curitiba;4106902;ABREE;Ponto de consolidação;Ativo;17/10/2020
3106200-073;MG;Belo Horizonte;3106200;ABREE;PEV fixo;Ativo;23/02/2020
1600154-000;AP;PEDRA BRANCA DO AMAPARI;1600154;Green Eletron;PEV fixo;Ativo;21/04/2020
1100205-001;RO;Porto Velho;1100205;Green Eletron;PEV fixo;Ativo;16/01/2020
3537404-000;SP;Pereira Barreto;3537404;Sistema individual;Ponto de consolidação;Ativo;07/09/2020
5105002-000;MT;JAURU;5105002;Green Eletron;Campanha itinerante;Ativo;20/10/2020
3150539-000;MG;Pingo-d'Água;3150539;Green Eletron;Campanha itinerante;Ativo;15/08/2019
4102307-000;PR;  Balsa Nova ;4102307;ABREE;PEV fixo;Ativo;12/11/2019
1708205-000;TO;Formoso do Araguaia;1708205;Green Eletron;Campanha itinerante;Ativo;07/01/2019
4205407-043;SC;Florianópolis;4205407;Green Eletron;PEV fixo;Ativo;26/02/2020
3146008-000;MG;OURO FINO;3146008;ABREE;PEV fixo;Ativo;06/10/2019
3550308-046;SP;São Paulo;3550308;ABREE;PEV fixo;Ativo;13/11/2019
2505352-000;PB;Damião;2505352;ABREE;Campanha itinerante;Ativo;06/12/2019
2303907-000;CE;Chaval;2303907;Green Eletron;PEV fixo;Ativo;01/04/2019
2505238-000;PB;  Cuité de Mamanguape ;2505238;ABREE;PEV fixo;Ativo;18/08/2019
2602902-001;PE;  Cabo de Santo Agostinho ;2602902;Green Eletron;Ponto de consolidação;Ativo;09/11/2019
2927408-001;BA;Salvador;2927408;ABREE;PEV fixo;Ativo;11/04/2019
4301107-000;RS;Arroio dos Ratos;4301107;Green Eletron;Campanha itinerante;Ativo;19/06/2019
5002704-000;MS;Campo Grande;5002704;ABREE;PEV fixo;Ativo;12/02/2020
2927408-010;BA;SALVADOR;2927408;Green Eletron;PEV fixo;Ativo;15/09/2019
5215207-003;GO;NOVO BRASIL;5215207;Green Eletron;Ponto de consolidação;Ativo;03/02/2020
4314902-009;RS;Porto Alegre;4314902;ABREE;PEV fixo;Ativo;26/03/2020
3521101-000;SP;IPEÚNA;3521101;ABREE;PEV fixo;Ativo;23/05/2019
2927408-016;BA;Salvador;2927408;ABREE;PEV fixo;Ativo;11/04/2019
3550308-070;SP;São Paulo;3550308;ABREE;PEV fixo;Ativo;09/01/2019
5100300-000;MT;Alto Araguaia;5100300;Green Eletron;PEV fixo;Ativo;14/05/2020
3515608-000;SP;Fernando Prestes;3515608;ABREE;PEV fixo;Ativo;21/12/2020
3501103-000;SP;Alto Alegre;3501103;ABREE;PEV fixo;Ativo;05/05/2020
3532009-001;SP;  Morungaba ;3532009;Sistema individual;Campanha itinerante;Ativo;01/12/2019
3513009-003;SP;Cotia;3513009;Green Eletron;PEV fixo;Ativo;18/02/2019
4205407-040;SC;Florianópolis;4205407;Green Eletron;Ponto de consolidação;Ativo;02/04/2020
2304251-001;CE;Cruz;2304251;Green Eletron;PEV fixo;Ativo;19/07/2019
1506351-000;PA;Santa Bárbara do Pará;1506351;ABREE;Campanha itinerante;Ativo;15/09/2020
1303700-001;AM;Santo Antônio do Içá;1303700;ABREE;Campanha itinerante;Ativo;02/07/2020
2927408-006;BA;Salvador;2927408;ABREE;PEV fixo;Ativo;27/10/2019
3106200-033;MG;BELO HORIZONTE;3106200;ABREE;PEV fixo;Ativo;04/06/2020
4201505-000;SC;Armazém;4201505;Sistema individual;PEV fixo;Ativo;05/06/2020
3502002-000;SP;ANALÂNDIA;3502002;Green Eletron;PEV fixo;Ativo;10/06/2020
3304557-029;RJ;Rio de Janeiro;3304557;ABREE;PEV fixo;Ativo;10/05/2020
2304400-023;CE;Fortaleza;2304400;ABREE;PEV fixo;Ativo;20/11/2019
1502707-000;PA;Conceição do Araguaia;1502707;ABREE;PEV fixo;Ativo;16/06/2019
4122206-000;PR;  Rio Branco do Sul ;4122206;Green Eletron;PEV fixo;Ativo;05/12/2019
4205407-039;SC;Florianopolis;4205407;Green Eletron;PEV fixo;Ativo;19/07/2020
3106200-047;MG;BELO HORIZONTE;3106200;ABREE;PEV fixo;Ativo;12/10/2020
2307908-000;CE;MARTINÓPOLE;2307908;ABREE;PEV fixo;Ativo;06/09/2019
3549904-000;SP;SÃO JOSÉ DOS CAMPOS;3549904;ABREE;PEV fixo;Ativo;07/02/2020
2211001-002;PI;Teresina;2211001;Green Eletron;PEV fixo;Ativo;15/12/2019
1100924-000;RO;Chupinguaia;1100924;Green Eletron;PEV fixo;Ativo;09/10/2019
1501204-001;PA;BAIÃO;1501204;ABREE;PEV fixo;Ativo;26/04/2019
3304557-009;RJ;Rio de Janeiro;3304557;ABREE;PEV fixo;Ativo;02/10/2020
3525607-003;SP;  João Ramalho ;3525607;ABREE;PEV fixo;Ativo;16/06/2020
2111300-001;MA;São Luís;2111300;Green Eletron;PEV fixo;Ativo;21/03/2019
4206603-000;SC;GUARUJÁ DO SUL;4206603;Green Eletron;Ponto de consolidação;Inativo;08/08/2019
2929107-000;BA;São Felipe;2929107;ABREE;PEV fixo;Ativo;15/05/2020
4127601-000;PR;Tijucas do Sul;4127601;Green Eletron;PEV fixo;Ativo;23/06/2020
4124707-000;PR;São Jerônimo da Serra;4124707;Green Eletron;PEV fixo;Ativo;02/03/2020
3146107-000;MG;Ouro Preto;3146107;Green Eletron;PEV fixo;Ativo;10/09/2020
2210631-000;PI;SEBASTIÃO LEAL;2210631;Green Eletron;PEV fixo;Ativo;13/11/2020
3167103-000;MG;Serro;3167103;Sistema individual;PEV fixo;Ativo;16/03/2019
4315131-000;RS;POUSO NOVO;4315131;ABREE;PEV fixo;Ativo;24/07/2019
3522406-000;SP;ITAPEVA;3522406;ABREE;PEV fixo;Ativo;19/01/2019
5300108-050;DF;Brasília;5300108;Green Eletron;PEV fixo;Ativo;01/02/2020
5300108-022;DF;Brasília;5300108;ABREE;PEV fixo;Ativo;25/08/2019
2800308-008;SE;Aracaju;2800308;Green Eletron;PEV fixo;Ativo;07/03/2020
3205101-000;ES;Viana;3205101;Green Eletron;PEV fixo;Ativo;03/02/2020
3526209-000;SP;Juquitiba;;Green Eletron;PEV fixo;Ativo;03/07/2020
3550308-109;SP;São Paulo;3550308;Sistema individual;PEV fixo;Ativo;23/01/2020
1501204-002;PA;BAIÃO;1501204;Green Eletron;PEV fixo;Ativo;12/01/2019
2111300-008;MA;São Luís;2111300;ABREE;PEV fixo;Ativo;27/08/2019
1718006-000;TO;PORTO ALEGRE DO TOCANTINS;1718006;Green Eletron;PEV fixo;Ativo;03/09/2020
3550308-002;SP;SÃO PAULO;3550308;Green Eletron;PEV fixo;Ativo;24/10/2019
1717909-000;TO;  Ponte Alta do Tocantins ;1717909;ABREE;PEV fixo;Ativo;03/11/2019
4320453-000;RS;Serio;4320453;Green Eletron;Ponto de consolidação;Ativo;08/06/2019
3550308-177;SP;São Paulo;3550308;Green Eletron;PEV fixo;Ativo;15/11/2020
2412401-000;RN;SÃO JOSÉ DO SERIDÓ;2412401;ABREE;PEV fixo;Ativo;13/05/2019
3171501-000;MG;Mathias Lobato;3171501;Green Eletron;PEV fixo;Ativo;09/05/2020
3542206-000;SP;Rancharia;3542206;ABREE;PEV fixo;Ativo;12/05/2020
2704807-000;AL;Maribondo;2704807;Green Eletron;PEV fixo;Ativo;14/02/2019
2408805-000;RN;Parazinho;2408805;ABREE;PEV fixo;Ativo;23/02/2020
3153707-000;MG;Quartel Geral;3153707;ABREE;PEV fixo;Ativo;01/11/2020
2927408-063;BA;Salvador;2927408;Green Eletron;PEV fixo;Ativo;19/07/2020
3550308-172;SP;SÃO PAULO;3550308;ABREE;PEV fixo;Ativo;12/12/2020
3550308-050;SP;SÃO PAULO;3550308;ABREE;PEV fixo;Ativo;06/05/2019
2927408-057;BA;  Salvador ;2927408;ABREE;PEV fixo;Ativo;18/12/2020
2927408-068;BA;Salvador;2927408;Green Eletron;PEV fixo;Ativo;28/03/2020
3302700-000;RJ;  Maricá ;3302700;Green Eletron;PEV fixo;Ativo;16/12/2019
2513901-000;PB;Sao Bento;2513901;ABREE;PEV fixo;Ativo;16/04/2020
2709004-000;AL;TANQUE D'ARCA;2709004;Sistema individual;PEV fixo;Ativo;01/11/2019
3531308-000;SP;Monte Alto;3531308;Green Eletron;Ponto de consolidação;Ativo;24/04/2019
2611606-002;PE;Recife;2611606;Green Eletron;PEV fixo;Ativo;24/07/2020
3301108-002;RJ;  Cantagalo ;3301108;ABREE;Ponto de consolidação;Ativo;19/03/2020
1300904-000;AM;Canutama;;ABREE;Campanha itinerante;Ativo;14/06/2020
2704302-002;AL;Maceió;2704302;ABREE;PEV fixo;Ativo;19/01/2020
2111300-002;MA;SÃO LUÍS;;ABREE;PEV fixo;Ativo;17/06/2019
4107850-000;PR;FLOR DA SERRA DO SUL;4107850;ABREE;PEV fixo;Ativo;24/02/2019
2304400-048;CE;FORTALEZA;2304400;Sistema individual;PEV fixo;Ativo;08/09/2020
3547908-001;SP;  Santo Antônio da Alegria ;3547908;ABREE;PEV fixo;Ativo;26/06/2020
4322509-000;RS;Vacaria;4322509;Green Eletron;PEV fixo;Ativo;24/09/2019
3305307-003;RJ;Sao Sebastiao do Alto;3305307;ABREE;PEV fixo;Ativo;10/09/2019
2611606-030;PE;Recife;2611606;Sistema individual;PEV fixo;Ativo;25/08/2020
2927408-023;BA;SALVADOR;2927408;ABREE;PEV fixo;Ativo;17/08/2019
5300108-046;DF;Brasília;5300108;ABREE;PEV fixo;Ativo;24/05/2020
3550308-073;SP;São Paulo;3550308;Green Eletron;PEV fixo;Ativo;02/08/2019
1302603-001;AM;Manaus;;ABREE;PEV fixo;Ativo;26/11/2019
3531803-000;SP;Monte Mor;3531803;Green Eletron;PEV fixo;Ativo;20/10/2020
2607406-000;PE;Itacuruba;2607406;Green Eletron;Ponto de consolidação;Ativo;12/05/2020
3550308-090;SP;São Paulo;3550308;Sistema individual;PEV fixo;Ativo;18/12/2019
3106200-053;MG;Belo Horizonte;3106200;Green Eletron;PEV fixo;Ativo;19/07/2020
4115457-000;PR;Marquinho;4115457;ABREE;PEV fixo;Ativo;14/02/2019
2611606-012;PE;Recife;2611606;ABREE;PEV fixo;Ativo;18/06/2020
4205407-031;SC;Florianopolis;4205407;ABREE;Ponto de consolidação;Ativo;08/08/2020
3172004-000;MG;VISCONDE DO RIO BRANCO;3172004;Green Eletron;PEV fixo;Ativo;21/11/2019
4103040-000;PR;Boa Ventura de São Roque;4103040;ABREE;PEV fixo;Ativo;20/07/2019
3145372-000;MG;Novorizonte;3145372;ABREE;PEV fixo;Ativo;03/09/2020
2611606-001;PE;Recife;2611606;ABREE;PEV fixo;Ativo;03/09/2020
2611606-003;PE;  Recife ;2611606;ABREE;Campanha itinerante;Ativo;28/02/2020
2111300-031;MA;  São Luís ;2111300;ABREE;Ponto de consolidação;Ativo;19/02/2019
3550308-049;SP;SÃO PAULO;3550308;ABREE;Campanha itinerante;Ativo;02/01/2019
4319125-000;RS;Sao Martinho da Serra;4319125;ABREE;PEV fixo;Ativo;11/09/2019
3165909-000;MG;SENADOR MODESTINO GONÇALVES;3165909;Sistema individual;PEV fixo;Ativo;13/05/2019
3130408-000;MG;Ijaci;3130408;ABREE;Ponto de consolidação;Ativo;15/02/2020
4316006-000;RS;Rolante;4316006;Green Eletron;PEV fixo;Ativo;09/01/2019
3301405-001;RJ;CONCEIÇÃO DE MACABU;3301405;ABREE;PEV fixo;Ativo;16/04/2019
2111300-027;MA;São Luís;2111300;Green Eletron;PEV fixo;Ativo;01/09/2019
3525201-000;SP;Jarinu;3525201;ABREE;PEV fixo;Ativo;09/04/2020
2922656-001;BA;Nordestina;2922656;ABREE;PEV fixo;Ativo;21/10/2019
2602902-003;PE;CABO DE SANTO AGOSTINHO;2602902;Green Eletron;Ponto de consolidação;Ativo;17/05/2020
2927408-043;BA;Salvador;2927408;Sistema individual;Ponto de consolidação;Ativo;17/03/2019
2927408-030;BA;SALVADOR;2927408;ABREE;PEV fixo;Ativo;02/08/2019
3550308-051;SP;SÃO PAULO;3550308;Green Eletron;PEV fixo;Ativo;11/06/2019
2510402-000;PB;OLHO D'ÁGUA;2510402;ABREE;PEV fixo;Ativo;13/08/2019
2306900-000;CE;Jaguaribe;2306900;ABREE;PEV fixo;Ativo;22/05/2019
4107124-000;PR;Diamante do Sul;4107124;Green Eletron;Ponto de consolidação;Ativo;05/07/2020
5205208-000;GO;Caturai;5205208;ABREE;Ponto de consolidação;Ativo;28/07/2020
5005152-000;MS;Juti;5005152;Green Eletron;PEV fixo;Ativo;25/06/2019
3106200-087;MG;Belo Horizonte;3106200;Sistema individual;Campanha itinerante;Ativo;11/01/2020
3201407-000;ES;Castelo;3201407;Green Eletron;PEV fixo;Ativo;04/12/2019
4205407-026;SC;Florianópolis;4205407;Green Eletron;PEV fixo;Ativo;09/10/2020
4103800-000;PR;CAMBIRA;4103800;Green Eletron;PEV fixo;Ativo;19/02/2019
2612604-000;PE;Santa Maria da Boa Vista;2612604;ABREE;Ponto de consolidação;Ativo;07/04/2020
3550308-108;SP;São Paulo;3550308;Green Eletron;PEV fixo;Ativo;24/05/2020
3556503-000;SP;Várzea Paulista;3556503;ABREE;PEV fixo;Ativo;09/04/2019
2502300-000;PB;Bom Sucesso;2502300;ABREE;PEV fixo;Inativo;11/11/2020
3302403-005;RJ;Macaé;3302403;Green Eletron;PEV fixo;Ativo;06/08/2020
3144706-000;MG;NOVA ERA;3144706;ABREE;Campanha itinerante;Ativo;06/03/2020
2312700-000;CE;SENADOR POMPEU;;ABREE;PEV fixo;Ativo;27/08/2019
3106200-083;MG;Belo Horizonte;3106200;ABREE;PEV fixo;Inativo;26/12/2020
4300208-000;RS;Ajuricaba;4300208;Green Eletron;PEV fixo;Ativo;01/05/2019
1501402-006;PA;BELÉM;1501402;Green Eletron;PEV fixo;Ativo;26/11/2020
2411908-000;RN;SÃO FRANCISCO DO OESTE;2411908;ABREE;PEV fixo;Ativo;26/05/2020
3304508-000;RJ;RIO DAS FLORES;3304508;Green Eletron;PEV fixo;Ativo;08/10/2020
3153301-000;MG;Presidente Kubitschek;3153301;ABREE;Campanha itinerante;Ativo;25/02/2019
5106232-000;MT;Nova Olímpia;5106232;Sistema individual;PEV fixo;Ativo;28/08/2020
2507507-000;PB;João Pessoa;2507507;Green Eletron;PEV fixo;Ativo;01/08/2019
4314068-000;RS;Passa Sete;4314068;ABREE;PEV fixo;Ativo;18/10/2020
2805109-000;SE;Pedrinhas;2805109;Green Eletron;PEV fixo;Ativo;28/03/2019
2600708-000;PE;Aliança;2600708;ABREE;PEV fixo;Ativo;17/01/2020
5207808-000;GO;Firminópolis;5207808;Green Eletron;PEV fixo;Ativo;06/07/2019
3300308-001;RJ;  Barra do Piraí ;3300308;Green Eletron;PEV fixo;Ativo;05/11/2019
2203701-000;PI;Esperantina;2203701;Green Eletron;PEV fixo;Ativo;23/02/2019
3304557-059;RJ;Rio de Janeiro;3304557;ABREE;PEV fixo;Ativo;08/09/2020
5107107-000;MT;SÃO JOSÉ DOS QUATRO MARCOS;5107107;Sistema individual;PEV fixo;Ativo;12/08/2020
4106902-022;PR;CURITIBA;4106902;Green Eletron;PEV fixo;Ativo;22/11/2020
2301604-001;CE;Assare;2301604;ABREE;PEV fixo;Ativo;15/04/2020
2807105-000;SE;Simão Dias;2807105;Green Eletron;Ponto de consolidação;Ativo;17/12/2019
3547304-000;SP;Santana de Parnaíba;3547304;ABREE;PEV fixo;Ativo;23/03/2019
3304508-005;RJ;Rio das Flores;3304508;ABREE;PEV fixo;Ativo;15/01/2020
3305752-002;RJ;Tanguá;3305752;Sistema individual;PEV fixo;Ativo;23/11/2020
1200401-003;AC;Rio Branco;1200401;ABREE;PEV fixo;Ativo;23/01/2020
2905602-000;BA;Camacan;2905602;ABREE;PEV fixo;Ativo;18/07/2020
3304557-008;RJ;Rio de Janeiro;3304557;Green Eletron;PEV fixo;Ativo;12/12/2020
4118709-000;PR;PAULO FRONTIN;4118709;Green Eletron;PEV fixo;Ativo;16/11/2020
3550308-008;SP;São Paulo;3550308;Sistema individual;PEV fixo;Ativo;16/05/2019
1400506-000;RR;São João da Baliza;1400506;Green Eletron;PEV fixo;Ativo;26/01/2019
3503703-002;SP;Ariranha;3503703;ABREE;Ponto de consolidação;Ativo;03/03/2020
3526803-002;SP;Lençóis Paulista;3526803;Green Eletron;Ponto de consolidação;Ativo;01/07/2019
3556453-000;SP;Vargem Grande Paulista;3556453;Green Eletron;PEV fixo;Ativo;18/04/2019
4305454-000;RS;Cidreira;4305454;ABREE;PEV fixo;Ativo;04/01/2020
4208005-000;SC;  Itá ;4208005;ABREE;Ponto de consolidação;Ativo;03/04/2019
3526704-000;SP;Leme;3526704;Green Eletron;PEV fixo;Ativo;08/09/2019
2704302-001;AL;Maceió;2704302;Green Eletron;PEV fixo;Ativo;26/11/2020
2919801-000;BA;Macaúbas;2919801;Green Eletron;PEV fixo;Ativo;20/02/2019
4124301-000;PR;Santo Antonio do Paraiso;4124301;ABREE;PEV fixo;Ativo;18/06/2020
3123528-000;MG;DURANDÉ;3123528;ABREE;PEV fixo;Ativo;26/04/2020
4123402-000;PR;  Santa Fé ;4123402;Sistema individual;PEV fixo;Ativo;07/03/2019
3550308-079;SP;SÃO PAULO;3550308;Green Eletron;PEV fixo;Ativo;08/08/2019
3304557-005;RJ;RIO DE JANEIRO;3304557;ABREE;PEV fixo;Ativo;23/09/2020
4310207-003;RS;Ijuí;4310207;Green Eletron;PEV fixo;Ativo;01/08/2020
1505106-001;PA;Óbidos;1505106;ABREE;PEV fixo;Ativo;05/07/2020
2508000-000;PB;Juru;2508000;ABREE;PEV fixo;Ativo;22/08/2020
1301951-000;AM;ITAMARATI;1301951;Green Eletron;PEV fixo;Ativo;07/08/2020
2304400-034;CE;Fortaleza;2304400;Green Eletron;PEV fixo;Ativo;27/01/2020
5300108-028;DF;Brasília;5300108;ABREE;PEV fixo;Ativo;26/06/2019
5300108-044;DF;BRASÍLIA;5300108;ABREE;Ponto de consolidação;Ativo;15/12/2020
2211001-010;PI;Teresina;2211001;ABREE;PEV fixo;Ativo;04/07/2020
4124400-000;PR;  Santo Antônio do Sudoeste ;4124400;ABREE;PEV fixo;Ativo;09/10/2019
5215207-004;GO;Novo Brasil;5215207;Green Eletron;Campanha itinerante;Ativo;06/09/2020
4314902-011;RS;PORTO ALEGRE;4314902;ABREE;PEV fixo;Inativo;19/06/2020
2602803-000;PE;  Buíque ;2602803;Green Eletron;PEV fixo;Ativo;16/03/2019
3525201-003;SP;Jarinu;3525201;Green Eletron;PEV fixo;Ativo;13/08/2020
2103802-000;MA;Dom Pedro;2103802;ABREE;PEV fixo;Ativo;10/08/2019
5107768-000;MT;Santa Rita do Trivelato;5107768;Green Eletron;PEV fixo;Ativo;21/12/2019
3106200-049;MG;Belo Horizonte;3106200;Green Eletron;PEV fixo;Ativo;26/09/2020
3147907-000;MG;Passos;3147907;Sistema individual;PEV fixo;Ativo;11/08/2020
3118908-000;MG;Cordisburgo;3118908;Green Eletron;Ponto de consolidação;Ativo;18/10/2019
2705200-000;AL;MESSIAS;2705200;ABREE;PEV fixo;Ativo;27/11/2019
2111300-029;MA;São Luís;2111300;ABREE;PEV fixo;Ativo;21/08/2019
3302700-006;RJ;Maricá;3302700;Green Eletron;PEV fixo;Ativo;15/06/2020
3538808-014;SP;Piraju;3538808;ABREE;PEV fixo;Ativo;26/12/2020
3205150-000;ES;VILA PAVÃO;3205150;ABREE;PEV fixo;Ativo;12/06/2020
3504503-000;SP;Avaré;;Green Eletron;PEV fixo;Ativo;16/08/2019
2208601-000;PI;Prata do Piauí;2208601;ABREE;PEV fixo;Ativo;04/01/2019
2504074-000;PB;Caraubas;2504074;ABREE;PEV fixo;Ativo;09/01/2019
5103403-005;MT;Cuiabá;5103403;Green Eletron;Ponto de consolidação;Ativo;01/02/2020
2304400-035;CE;  Fortaleza ;2304400;ABREE;PEV fixo;Ativo;28/01/2020
3550308-135;SP;Sao Paulo;3550308;Green Eletron;PEV fixo;Ativo;24/02/2020
3106200-026;MG;BELO HORIZONTE;3106200;ABREE;PEV fixo;Ativo;20/01/2020
3550308-116;SP;Sao Paulo;3550308;Green Eletron;Ponto de consolidação;Ativo;26/01/2020
2111300-048;MA;  São Luís ;2111300;Green Eletron;Campanha itinerante;Ativo;27/03/2020
3304557-022;RJ;Rio de Janeiro;3304557;ABREE;Ponto de consolidação;Ativo;07/01/2020
3533908-000;SP;Olímpia;3533908;ABREE;PEV fixo;Ativo;17/07/2020
3132206-000;MG;Itaguara;3132206;Green Eletron;PEV fixo;Ativo;27/01/2019
4210852-000;SC;Mirim Doce;4210852;ABREE;PEV fixo;Ativo;12/11/2020
2516508-000;PB;Taperoá;2516508;Green Eletron;PEV fixo;Ativo;21/07/2019
3547908-000;SP;Santo Antônio da Alegria;3547908;ABREE;PEV fixo;Ativo;21/03/2020
4111258-000;PR;Itaperuçu;4111258;Green Eletron;PEV fixo;Ativo;11/11/2019
4302600-000;RS;BRAGA;4302600;Green Eletron;PEV fixo;Ativo;02/11/2019
2927408-072;BA;Salvador;2927408;Green Eletron;PEV fixo;Ativo;03/06/2020
2616100-000;PE;Verdejante;2616100;Green Eletron;Campanha itinerante;Ativo;09/01/2019
2701803-000;AL;Carneiros;2701803;ABREE;PEV fixo;Ativo;03/04/2019
4211652-000;SC;NOVO HORIZONTE;4211652;Green Eletron;PEV fixo;Ativo;10/06/2019
2304400-040;CE;Fortaleza;2304400;Green Eletron;PEV fixo;Ativo;27/02/2020
3149002-000;MG;Pedra Dourada;3149002;ABREE;PEV fixo;Ativo;03/10/2019
3518602-000;SP;Guariba;3518602;Green Eletron;PEV fixo;Ativo;02/10/2020
5222302-000;GO;VILA PROPÍCIO;5222302;ABREE;PEV fixo;Ativo;06/03/2019
2803807-000;SE;Malhada dos Bois;2803807;Sistema individual;PEV fixo;Ativo;24/01/2019
5002308-000;MS;BRASILÂNDIA;5002308;Sistema individual;PEV fixo;Ativo;05/04/2020
2304400-029;CE;Fortaleza;2304400;Green Eletron;PEV fixo;Ativo;16/01/2019
4313060-000;RS;NOVA HARTZ;4313060;Green Eletron;PEV fixo;Ativo;19/08/2020
2901700-000;BA;ANTÔNIO CARDOSO;2901700;ABREE;PEV fixo;Ativo;04/03/2020
3107000-000;MG;Biquinhas;3107000;ABREE;PEV fixo;Ativo;09/09/2020
3515194-000;SP;ESPÍRITO SANTO DO TURVO;3515194;ABREE;PEV fixo;Ativo;14/08/2019
4314027-000;RS;PARAÍSO DO SUL;4314027;Green Eletron;PEV fixo;Ativo;09/11/2020
3129509-000;MG;Ibiá;3129509;ABREE;PEV fixo;Ativo;10/10/2020
3532900-012;SP;Nova Europa;3532900;Green Eletron;PEV fixo;Ativo;04/07/2020
3106200-050;MG;Belo Horizonte;3106200;ABREE;PEV fixo;Ativo;01/08/2020
5108055-000;MT;Terra Nova do Norte;5108055;Green Eletron;PEV fixo;Ativo;21/10/2019
2500205-000;PB;  Aguiar ;2500205;ABREE;PEV fixo;Ativo;19/08/2020
2611606-014;PE;  Recife ;2611606;ABREE;PEV fixo;Ativo;03/08/2020
3137809-000;MG;Lambari;3137809;ABREE;PEV fixo;Ativo;08/09/2019
4306106-000;RS;CRUZ ALTA;4306106;ABREE;PEV fixo;Ativo;23/05/2019
2803708-000;SE;  Macambira ;2803708;ABREE;Ponto de consolidação;Ativo;12/03/2020
2305357-000;CE;Icapuí;2305357;Green Eletron;PEV fixo;Ativo;13/04/2020
4104907-000;PR;CASTRO;4104907;Sistema individual;Ponto de consolidação;Ativo;27/01/2019
3142007-000;MG;Mirabela;3142007;Green Eletron;PEV fixo;Ativo;05/03/2019
3550308-076;SP;São Paulo;3550308;Green Eletron;PEV fixo;Ativo;26/07/2019
3304151-001;RJ;QUISSAMÃ;3304151;Green Eletron;PEV fixo;Ativo;03/11/2020
2111300-010;MA;São Luís;2111300;ABREE;PEV fixo;Ativo;07/01/2019
3550308-085;SP;São Paulo;3550308;ABREE;PEV fixo;Ativo;14/01/2019
3550308-015;SP;SÃO PAULO;3550308;ABREE;PEV fixo;Ativo;25/07/2019
3106200-012;MG;BELO HORIZONTE;3106200;Green Eletron;Ponto de consolidação;Ativo;03/07/2020
3550308-098;SP;São Paulo;3550308;Green Eletron;PEV fixo;Ativo;11/04/2019
2304400-008;CE;FORTALEZA;2304400;ABREE;PEV fixo;Ativo;05/02/2019
4219101-000;SC;Vargeão;4219101;Green Eletron;PEV fixo;Ativo;12/12/2019
4308078-000;RS;Fazenda Vilanova;4308078;ABREE;PEV fixo;Ativo;01/06/2019
3301108-000;RJ;Cantagalo;3301108;ABREE;PEV fixo;Ativo;17/11/2020
3550308-115;SP;São Paulo;3550308;Green Eletron;Ponto de consolidação;Ativo;21/09/2020
2414456-000;RN;Triunfo Potiguar;2414456;ABREE;Ponto de consolidação;Ativo;08/10/2020
2111300-003;MA;São Luís;2111300;ABREE;PEV fixo;Ativo;27/07/2019
3550308-110;SP;SÃO PAULO;3550308;Green Eletron;PEV fixo;Ativo;03/05/2020
5103403-004;MT;CUIABÁ;5103403;ABREE;PEV fixo;Ativo;26/02/2020
3106200-015;MG;Belo Horizonte;3106200;ABREE;PEV fixo;Ativo;14/11/2020
5103403-003;MT;Cuiabá;5103403;Green Eletron;PEV fixo;Ativo;15/09/2019
2304400-017;CE;Fortaleza;2304400;Sistema individual;PEV fixo;Ativo;11/04/2019
2111300-000;MA;Sao Luis;2111300;Sistema individual;PEV fixo;Ativo;03/08/2019
1507151-000;PA;São Domingos do Araguaia;1507151;Green Eletron;PEV fixo;Ativo;13/11/2019
3305307-001;RJ;SÃO SEBASTIÃO DO ALTO;3305307;Green Eletron;PEV fixo;Ativo;05/12/2019
3525201-004;SP;JARINU;3525201;Green Eletron;Campanha itinerante;Ativo;13/03/2020
3122454-000;MG;Divisópolis;3122454;ABREE;Ponto de consolidação;Ativo;27/03/2020
3550308-120;SP;SÃO PAULO;3550308;ABREE;PEV fixo;Ativo;20/07/2020
5214507-000;GO;Nerópolis;5214507;ABREE;PEV fixo;Ativo;15/10/2020
2914901-000;BA;Itacaré;2914901;ABREE;PEV fixo;Ativo;27/04/2019
5300108-035;DF;Brasília;5300108;ABREE;PEV fixo;Ativo;21/11/2020
3106200-056;MG;Belo Horizonte;3106200;Sistema individual;PEV fixo;Ativo;09/01/2020
3202900-000;ES;ITARANA;3202900;Green Eletron;PEV fixo;Ativo;03/08/2019
3532900-004;SP;NOVA EUROPA;3532900;Sistema individual;Ponto de consolidação;Ativo;28/01/2019
2307635-000;CE;MADALENA;2307635;ABREE;Campanha itinerante;Ativo;13/02/2019
3304557-038;RJ;Rio de Janeiro;3304557;Green Eletron;PEV fixo;Ativo;16/12/2020
5300108-015;DF;Brasília;5300108;ABREE;PEV fixo;Ativo;27/06/2019
2211001-003;PI;Teresina;2211001;ABREE;PEV fixo;Ativo;04/11/2019
2927408-069;BA;Salvador;2927408;ABREE;PEV fixo;Ativo;24/01/2020
2507507-007;PB;Joao Pessoa;2507507;Green Eletron;PEV fixo;Ativo;20/06/2020
2304657-000;CE;Graça;2304657;Green Eletron;PEV fixo;Ativo;26/07/2019
3532843-000;SP;Nova Canaã Paulista;3532843;ABREE;PEV fixo;Ativo;15/06/2020
1501402-010;PA;BELÉM;1501402;ABREE;PEV fixo;Ativo;15/03/2020
4200507-000;SC;Águas de Chapecó;4200507;ABREE;PEV fixo;Ativo;20/06/2019
3549904-002;SP;SÃO JOSÉ DOS CAMPOS;3549904;ABREE;PEV fixo;Ativo;13/12/2020
2304400-012;CE;FORTALEZA;2304400;Green Eletron;PEV fixo;Ativo;09/10/2019
3532827-000;SP;NOVA CAMPINA;3532827;Green Eletron;Ponto de consolidação;Ativo;03/06/2020
3124104-000;MG;ESMERALDAS;3124104;Green Eletron;PEV fixo;Ativo;05/07/2019
3550308-013;SP;São Paulo;3550308;ABREE;PEV fixo;Ativo;17/01/2019
4202107-000;SC;Barra Velha;4202107;Green Eletron;Campanha itinerante;Ativo;01/06/2020
2616183-003;PE;Vertente do Lério;2616183;Green Eletron;PEV fixo;Ativo;24/11/2019
3304557-044;RJ;Rio de Janeiro;3304557;ABREE;PEV fixo;Ativo;10/09/2020
3205309-001;ES;Vitoria;3205309;ABREE;PEV fixo;Ativo;23/04/2020
2100600-000;MA;  Amarante do Maranhão ;2100600;ABREE;Ponto de consolidação;Ativo;02/02/2020
4314902-038;RS;Porto Alegre;4314902;ABREE;PEV fixo;Ativo;06/05/2020
3519501-000;SP;Ibirarema;3519501;ABREE;PEV fixo;Ativo;07/08/2020
4314902-017;RS;Porto Alegre;4314902;ABREE;PEV fixo;Ativo;09/10/2020
3550308-074;SP;SÃO PAULO;3550308;Green Eletron;PEV fixo;Ativo;26/05/2019
1501782-000;PA;BREU BRANCO;1501782;Green Eletron;PEV fixo;Ativo;20/04/2019
2927408-014;BA;Salvador;2927408;Green Eletron;PEV fixo;Ativo;20/03/2019
2933307-000;BA;VITÓRIA DA CONQUISTA;2933307;Green Eletron;PEV fixo;Ativo;26/03/2019
2109700-000;MA;Sambaíba;2109700;ABREE;Ponto de consolidação;Ativo;28/03/2020
2611606-024;PE;Recife;2611606;ABREE;PEV fixo;Ativo;13/11/2020
2404101-000;RN;Galinhos;2404101;Green Eletron;PEV fixo;Ativo;21/10/2019
2927408-040;BA;Salvador;2927408;ABREE;PEV fixo;Ativo;02/01/2019
2927408-004;BA;SALVADOR;2927408;ABREE;PEV fixo;Ativo;18/04/2019
2602902-002;PE;Cabo de Santo Agostinho;2602902;Green Eletron;PEV fixo;Ativo;26/06/2019
3532009-000;SP;Morungaba;3532009;Green Eletron;PEV fixo;Ativo;24/10/2019
4319901-000;RS;SAPIRANGA;4319901;Sistema individual;PEV fixo;Ativo;26/08/2019
3550308-099;SP;São Paulo;3550308;Green Eletron;Campanha itinerante;Ativo;12/03/2019
3550308-127;SP;São Paulo;3550308;Green Eletron;PEV fixo;Ativo;14/05/2020
1501204-004;PA;Baião;1501204;ABREE;PEV fixo;Ativo;05/08/2020
3546009-002;SP;  Santa Branca ;3546009;Green Eletron;PEV fixo;Ativo;03/02/2019
3550308-134;SP;Sao Paulo;3550308;Sistema individual;PEV fixo;Ativo;12/04/2020
3300308-005;RJ;Barra do Piraí;3300308;Green Eletron;PEV fixo;Ativo;04/12/2020
5215207-001;GO;Novo Brasil;5215207;ABREE;PEV fixo;Ativo;11/01/2019
3131158-000;MG;Ipaba;3131158;ABREE;PEV fixo;Ativo;27/12/2019
4206801-000;SC;Ibicare;4206801;ABREE;Ponto de consolidação;Ativo;03/06/2020
2106508-000;MA;MATINHA;2106508;ABREE;PEV fixo;Ativo;04/04/2020
4205407-028;SC;FLORIANÓPOLIS;4205407;Green Eletron;Campanha itinerante;Ativo;17/12/2020
3145000-000;MG;Nova Ponte;3145000;Green Eletron;PEV fixo;Ativo;06/10/2020
2305332-000;CE;Ibicuitinga;2305332;ABREE;PEV fixo;Ativo;04/03/2019
3501103-001;SP;  Alto Alegre ;3501103;Green Eletron;PEV fixo;Ativo;03/12/2020
2927408-061;BA;Salvador;2927408;Green Eletron;PEV fixo;Ativo;28/03/2020
2927408-037;BA;Salvador;2927408;Green Eletron;Campanha itinerante;Ativo;28/11/2019
4209805-000;SC;Leoberto Leal;4209805;Green Eletron;Ponto de consolidação;Ativo;23/05/2019
4212239-000;SC;Paraíso;4212239;Green Eletron;PEV fixo;Ativo;20/09/2019
3106200-034;MG;Belo Horizonte;3106200;Green Eletron;Campanha itinerante;Ativo;22/08/2020
5221197-000;GO;TEREZÓPOLIS DE GOIÁS;5221197;ABREE;Ponto de consolidação;Ativo;01/09/2020
2927408-065;BA;Salvador;2927408;ABREE;PEV fixo;Ativo;10/02/2020
2924603-000;BA;  Pindobaçu ;2924603;ABREE;PEV fixo;Ativo;25/08/2019
3106200-090;MG;BELO HORIZONTE;3106200;Green Eletron;PEV fixo;Ativo;09/08/2020
2203420-000;PI;Domingos Mourão;2203420;ABREE;Ponto de consolidação;Ativo;19/12/2020
3302403-001;RJ;  Macaé ;3302403;Green Eletron;Ponto de consolidação;Ativo;19/02/2019
5300108-042;DF;Brasilia;5300108;ABREE;Ponto de consolidação;Ativo;04/10/2020
3304557-004;RJ;Rio de Janeiro;3304557;Sistema individual;PEV fixo;Ativo;03/05/2020
5206701-000;GO;DAMIANÓPOLIS;5206701;Green Eletron;PEV fixo;Ativo;16/02/2020
4205407-003;SC;Florianópolis;4205407;Green Eletron;PEV fixo;Inativo;05/07/2019
2927408-053;BA;Salvador;2927408;Green Eletron;Ponto de consolidação;Ativo;25/11/2020
4314902-037;RS;Porto Alegre;4314902;Green Eletron;PEV fixo;Ativo;02/08/2020
2507507-006;PB;João Pessoa;2507507;ABREE;PEV fixo;Ativo;21/04/2020
4106902-004;PR;  Curitiba ;4106902;Green Eletron;PEV fixo;Ativo;02/01/2020
2304004-000;CE;Coreau;2304004;Green Eletron;Campanha itinerante;Ativo;11/05/2019
3302403-002;RJ;MACAÉ;3302403;Green Eletron;PEV fixo;Ativo;06/08/2019
4314902-000;RS;Porto Alegre;4314902;Green Eletron;PEV fixo;Ativo;23/12/2020
3301405-003;RJ;CONCEIÇÃO DE MACABU;3301405;ABREE;PEV fixo;Ativo;02/12/2019
4314902-027;RS;  Porto Alegre ;4314902;ABREE;PEV fixo;Ativo;22/06/2020
4312807-000;RS;Nova Araca;;ABREE;Ponto de consolidação;Ativo;16/10/2020
3304557-036;RJ;  Rio de Janeiro ;3304557;Green Eletron;PEV fixo;Ativo;25/05/2020
2927408-046;BA;Salvador;2927408;ABREE;PEV fixo;Ativo;11/03/2020
2302107-000;CE;BATURITÉ;2302107;ABREE;PEV fixo;Ativo;15/07/2019
3305752-001;RJ;  Tanguá ;3305752;Green Eletron;Ponto de consolidação;Ativo;25/10/2020
2507507-001;PB;JOÃO PESSOA;2507507;ABREE;PEV fixo;Ativo;22/03/2019
3205309-004;ES;Vitoria;3205309;Green Eletron;PEV fixo;Ativo;04/10/2020
2111300-043;MA;SÃO LUÍS;2111300;ABREE;PEV fixo;Ativo;27/06/2020
2503753-000;PB;Cajazeirinhas;2503753;Green Eletron;Ponto de consolidação;Ativo;04/11/2019
1718808-000;TO;SAMPAIO;1718808;Green Eletron;PEV fixo;Ativo;02/06/2020
2402105-000;RN;Campo Redondo;2402105;ABREE;PEV fixo;Ativo;22/03/2019
3106200-066;MG;Belo Horizonte;3106200;Green Eletron;PEV fixo;Ativo;23/04/2020
1501402-003;PA;Belém;1501402;Green Eletron;PEV fixo;Ativo;27/06/2020
3106200-077;MG;Belo Horizonte;3106200;ABREE;PEV fixo;Ativo;16/03/2020
2111300-014;MA;Sao Luis;2111300;Green Eletron;PEV fixo;Ativo;26/05/2019
4202800-000;SC;Braço do Norte;;ABREE;PEV fixo;Ativo;10/04/2020
4323457-000;RS;Vila Nova do Sul;4323457;Green Eletron;PEV fixo;Ativo;05/10/2020
5300108-040;DF;BRASÍLIA;5300108;ABREE;PEV fixo;Ativo;10/09/2020
3503802-000;SP;ARTUR NOGUEIRA;3503802;ABREE;PEV fixo;Ativo;15/09/2019
2412500-000;RN;São Miguel;2412500;ABREE;PEV fixo;Ativo;07/12/2019
1705508-000;TO;Colinas do Tocantins;1705508;Green Eletron;PEV fixo;Ativo;13/05/2019
4314902-005;RS;Porto Alegre;4314902;Sistema individual;PEV fixo;Ativo;23/03/2020
4112900-000;PR;Jundiai do Sul;4112900;ABREE;PEV fixo;Ativo;27/10/2019
3546009-000;SP;Santa Branca;3546009;ABREE;PEV fixo;Ativo;07/10/2019
2616183-002;PE;Vertente do Lério;2616183;Sistema individual;PEV fixo;Ativo;09/07/2019
3304508-002;RJ;Rio das Flores;3304508;ABREE;PEV fixo;Ativo;12/09/2020
4112306-000;PR;JAPIRA;4112306;ABREE;PEV fixo;Ativo;19/12/2020
3550308-026;SP;São Paulo;3550308;ABREE;PEV fixo;Ativo;21/02/2019
3106200-052;MG;BELO HORIZONTE;3106200;ABREE;PEV fixo;Ativo;23/03/2020
3120607-000;MG;Crucilândia;3120607;Sistema individual;Campanha itinerante;Ativo;28/02/2020
3304557-021;RJ;Rio de Janeiro;3304557;Green Eletron;Ponto de consolidação;Ativo;16/01/2020
4305108-000;RS;CAXIAS DO SUL;4305108;ABREE;PEV fixo;Ativo;10/10/2019
3550308-086;SP;Sao Paulo;3550308;ABREE;PEV fixo;Ativo;11/01/2019
4215703-000;SC;Santo Amaro da Imperatriz;4215703;ABREE;Ponto de consolidação;Ativo;05/09/2019
3532504-001;SP;Neves Paulista;3532504;ABREE;Ponto de consolidação;Ativo;04/04/2020
1302801-000;AM;MARAÃ;1302801;ABREE;PEV fixo;Ativo;10/12/2020
3106200-054;MG;BELO HORIZONTE;3106200;ABREE;PEV fixo;Ativo;07/10/2020
3550308-034;SP;  São Paulo ;3550308;Green Eletron;PEV fixo;Ativo;18/06/2019
4211603-000;SC;NOVA VENEZA;4211603;Green Eletron;PEV fixo;Ativo;12/03/2019
2111300-052;MA;SÃO LUÍS;2111300;ABREE;PEV fixo;Ativo;19/07/2020
1505205-000;PA;Oeiras do Pará;1505205;Green Eletron;Campanha itinerante;Ativo;26/03/2019
2304400-002;CE;Fortaleza;2304400;ABREE;PEV fixo;Ativo;07/03/2019
1101492-000;RO;São Francisco do Guaporé;1101492;Green Eletron;Ponto de consolidação;Ativo;21/05/2019
2304400-027;CE;Fortaleza;2304400;ABREE;PEV fixo;Ativo;25/06/2019
3550308-164;SP;São Paulo;3550308;Green Eletron;PEV fixo;Ativo;27/01/2020
2309904-003;CE;Pacujá;2309904;ABREE;PEV fixo;Ativo;15/03/2020
1508209-001;PA;Vigia;1508209;Green Eletron;PEV fixo;Ativo;20/05/2019
2304400-016;CE;Fortaleza;2304400;Green Eletron;PEV fixo;Ativo;21/12/2019
3554102-000;SP;Taubate;3554102;ABREE;Ponto de consolidação;Ativo;21/07/2019
3550308-161;SP;São Paulo;;Green Eletron;PEV fixo;Ativo;25/07/2020
3111903-000;MG;Cana Verde;3111903;Green Eletron;Ponto de consolidação;Ativo;27/06/2019
4306734-000;RS;Doutor Maurício Cardoso;4306734;ABREE;PEV fixo;Ativo;12/12/2019
2611606-020;PE;Recife;2611606;ABREE;PEV fixo;Ativo;18/10/2020
3304557-013;RJ;Rio de Janeiro;3304557;ABREE;Ponto de consolidação;Inativo;12/03/2020
3160702-000;MG;SANTOS DUMONT;3160702;ABREE;Campanha itinerante;Ativo;08/01/2019
2110658-000;MA;SÃO DOMINGOS DO AZEITÃO;2110658;ABREE;PEV fixo;Ativo;01/05/2020
2800308-011;SE;Aracaju;2800308;ABREE;PEV fixo;Ativo;12/06/2020
2932002-000;BA;Uaua;;Green Eletron;PEV fixo;Ativo;25/08/2020
2800308-007;SE;Aracaju;2800308;ABREE;Campanha itinerante;Ativo;17/12/2019
3550308-023;SP;São Paulo;3550308;ABREE;Campanha itinerante;Ativo;26/01/2019
2918704-000;BA;LAFAIETE COUTINHO;2918704;Green Eletron;PEV fixo;Ativo;08/08/2019
3550308-092;SP;São Paulo;3550308;Green Eletron;PEV fixo;Ativo;26/03/2019
3538808-017;SP;Piraju;3538808;Sistema individual;PEV fixo;Ativo;15/09/2020
2304251-004;CE;CRUZ;2304251;Green Eletron;PEV fixo;Ativo;17/01/2020
2111300-041;MA;  São Luís ;2111300;ABREE;PEV fixo;Ativo;21/07/2020
4318051-000;RS;São Domingos do Sul;4318051;ABREE;PEV fixo;Ativo;08/03/2020
3129806-000;MG;Ibirité;3129806;Green Eletron;PEV fixo;Ativo;05/11/2019
2924058-000;BA;PÉ DE SERRA;2924058;Green Eletron;PEV fixo;Ativo;25/02/2019
2608404-000;PE;Jurema;2608404;ABREE;PEV fixo;Ativo;08/09/2019
3549250-002;SP;São João de Iracema;3549250;ABREE;PEV fixo;Ativo;14/07/2020
2804458-000;SE;Nossa Senhora Aparecida;2804458;Green Eletron;PEV fixo;Ativo;22/11/2019
5300108-020;DF;Brasília;5300108;ABREE;PEV fixo;Ativo;27/11/2019
5107909-000;MT;  Sinop ;5107909;Green Eletron;PEV fixo;Ativo;17/05/2019
3123858-000;MG;Entre Folhas;3123858;ABREE;PEV fixo;Ativo;07/05/2020
3532009-003;SP;Morungaba;3532009;Green Eletron;PEV fixo;Ativo;18/09/2019
3550308-080;SP;SÃO PAULO;3550308;ABREE;PEV fixo;Ativo;20/06/2019
2304400-032;CE;FORTALEZA;2304400;Green Eletron;PEV fixo;Ativo;14/05/2020
2605806-003;PE;Frei Miguelinho;2605806;ABREE;PEV fixo;Ativo;27/06/2020
2611606-023;PE;RECIFE;2611606;ABREE;Ponto de consolidação;Ativo;28/11/2020
3513009-000;SP;Cotia;3513009;Sistema individual;PEV fixo;Ativo;07/08/2019
3118502-000;MG;CONSOLAÇÃO;3118502;ABREE;PEV fixo;Ativo;01/05/2019
4205407-012;SC;FLORIANÓPOLIS;4205407;ABREE;PEV fixo;Ativo;25/05/2019
3550308-111;SP;São Paulo;3550308;ABREE;PEV fixo;Ativo;25/01/2020
5300108-043;DF;BRASÍLIA;5300108;Green Eletron;Ponto de consolidação;Ativo;08/11/2020
1300029-000;AM;  Alvarães ;1300029;ABREE;PEV fixo;Ativo;12/08/2019
3302700-003;RJ;Maricá;3302700;Green Eletron;PEV fixo;Ativo;05/03/2019
3550308-062;SP;São Paulo;3550308;Green Eletron;PEV fixo;Ativo;08/06/2019
3534203-000;SP;Orindiúva;3534203;ABREE;PEV fixo;Ativo;13/09/2020
3121100-000;MG;  Delfim Moreira ;3121100;ABREE;Ponto de consolidação;Ativo;14/08/2020
2211001-001;PI;  Teresina ;2211001;ABREE;PEV fixo;Ativo;23/10/2019
3550308-122;SP;São Paulo;3550308;Green Eletron;PEV fixo;Ativo;08/04/2020
5107305-000;MT;São José do Rio Claro;5107305;ABREE;Campanha itinerante;Ativo;28/12/2020
4218707-000;SC;Tubarão;4218707;Green Eletron;Campanha itinerante;Ativo;19/07/2020
3550308-036;SP;SÃO PAULO;3550308;Sistema individual;PEV fixo;Ativo;12/03/2019
3526803-001;SP;LENÇÓIS PAULISTA;3526803;ABREE;Ponto de consolidação;Ativo;02/06/2019
3550308-105;SP;São Paulo;3550308;ABREE;PEV fixo;Ativo;11/12/2019
3304557-052;RJ;  Rio de Janeiro ;3304557;Green Eletron;Ponto de consolidação;Ativo;25/08/2020
3531308-001;SP;Monte Alto;3531308;Green Eletron;Campanha itinerante;Ativo;02/05/2020
3301108-003;RJ;Cantagalo;3301108;Sistema individual;PEV fixo;Ativo;03/09/2020
3550308-039;SP;São Paulo;3550308;ABREE;PEV fixo;Ativo;06/02/2019
3550308-128;SP;São Paulo;3550308;ABREE;PEV fixo;Ativo;27/08/2020
3106200-048;MG;Belo Horizonte;3106200;Green Eletron;Campanha itinerante;Ativo;26/08/2020
3550308-129;SP;São Paulo;3550308;ABREE;PEV fixo;Ativo;23/02/2020
3550308-065;SP;São Paulo;3550308;ABREE;PEV fixo;Ativo;28/06/2019
3522703-000;SP;ITÁPOLIS;3522703;ABREE;PEV fixo;Ativo;02/06/2020
1716109-000;TO;PARAÍSO DO TOCANTINS;1716109;Green Eletron;PEV fixo;Ativo;23/03/2019
3304557-012;RJ;Rio de Janeiro;3304557;Green Eletron;Ponto de consolidação;Ativo;24/09/2020
1303700-000;AM;Santo Antônio do Içá;1303700;ABREE;PEV fixo;Ativo;07/08/2019
2708006-000;AL;Santana do Ipanema;2708006;ABREE;Ponto de consolidação;Ativo;06/09/2020
3301405-005;RJ;CONCEIÇÃO DE MACABU;3301405;Green Eletron;Ponto de consolidação;Ativo;24/10/2020
1504901-000;PA;Muaná;1504901;ABREE;PEV fixo;Ativo;13/11/2020
3166956-000;MG;Serranópolis de Minas;3166956;Green Eletron;PEV fixo;Ativo;04/09/2020
3304557-039;RJ;Rio de Janeiro;3304557;Green Eletron;PEV fixo;Ativo;01/05/2020
2609006-000;PE;Macaparana;2609006;Green Eletron;PEV fixo;Ativo;28/04/2019
2708501-000;AL;São Luís do Quitunde;2708501;ABREE;Ponto de consolidação;Ativo;12/07/2020
3203007-000;ES;Iuna;3203007;ABREE;PEV fixo;Ativo;01/11/2020
5204557-000;GO;Caldazinha;5204557;Green Eletron;Ponto de consolidação;Ativo;18/10/2020
3532900-009;SP;Nova Europa;3532900;Green Eletron;PEV fixo;Ativo;24/06/2020
2601508-000;PE;Belém de Maria;2601508;ABREE;PEV fixo;Ativo;25/02/2020
1718550-000;TO;Riachinho;1718550;Green Eletron;PEV fixo;Ativo;26/03/2020
3304557-053;RJ;Rio de Janeiro;3304557;ABREE;PEV fixo;Inativo;24/07/2020
3106200-003;MG;BELO HORIZONTE;3106200;ABREE;PEV fixo;Ativo;18/04/2020
2931509-000;BA;  Teofilândia ;2931509;Green Eletron;Ponto de consolidação;Ativo;06/03/2019
2300705-001;CE;Alto Santo;2300705;Green Eletron;Ponto de consolidação;Ativo;22/01/2020
1701051-000;TO;ANGICO;1701051;ABREE;PEV fixo;Ativo;05/01/2020
2408102-004;RN;Natal;2408102;ABREE;PEV fixo;Ativo;24/11/2020
2602902-000;PE;Cabo de Santo Agostinho;2602902;Green Eletron;Campanha itinerante;Ativo;05/05/2019
2801108-000;SE;Canhoba;2801108;Green Eletron;PEV fixo;Ativo;22/04/2020
2111409-000;MA;São Luís Gonzaga do Maranhão;2111409;ABREE;Campanha itinerante;Ativo;11/12/2020
2111300-021;MA;São Luís;2111300;Green Eletron;PEV fixo;Ativo;09/06/2019
2927408-009;BA;SALVADOR;2927408;ABREE;PEV fixo;Ativo;01/10/2019
3532900-010;SP;Nova Europa;3532900;Green Eletron;PEV fixo;Ativo;09/01/2020
3525607-000;SP;Joao Ramalho;3525607;Green Eletron;Ponto de consolidação;Ativo;25/06/2019
3528106-000;SP;MACAUBAL;3528106;Sistema individual;PEV fixo;Ativo;26/03/2019
2701902-000;AL;CHÃ PRETA;2701902;Sistema individual;PEV fixo;Ativo;22/07/2019
3550308-003;SP;  São Paulo ;3550308;ABREE;PEV fixo;Ativo;05/08/2019
3538808-011;SP;Piraju;;ABREE;PEV fixo;Ativo;12/07/2020
1503077-000;PA;GARRAFÃO DO NORTE;1503077;Green Eletron;PEV fixo;Ativo;18/07/2019
3106200-078;MG;Belo Horizonte;3106200;ABREE;Ponto de consolidação;Ativo;20/09/2020
3136579-000;MG;JOSENÓPOLIS;3136579;ABREE;Ponto de consolidação;Ativo;12/12/2020
2111300-051;MA;São Luís;2111300;Green Eletron;Campanha itinerante;Ativo;28/10/2020
3550308-089;SP;São Paulo;3550308;Green Eletron;PEV fixo;Ativo;16/02/2019
3550308-140;SP;SÃO PAULO;;ABREE;PEV fixo;Ativo;03/10/2020
3130606-000;MG;Inconfidentes;3130606;ABREE;PEV fixo;Ativo;13/05/2020
2924652-000;BA;Pintadas;2924652;ABREE;PEV fixo;Ativo;08/08/2019
2927408-066;BA;Salvador;2927408;ABREE;PEV fixo;Ativo;28/07/2020
2607505-000;PE;Itaíba;2607505;Green Eletron;PEV fixo;Ativo;04/12/2019
3161205-000;MG;São Francisco de Paula;3161205;ABREE;Ponto de consolidação;Ativo;12/08/2020
5300108-021;DF;BRASÍLIA;5300108;ABREE;PEV fixo;Ativo;19/12/2019
4305173-000;RS;CERRO GRANDE DO SUL;4305173;ABREE;PEV fixo;Ativo;25/10/2020
2304400-004;CE;FORTALEZA;2304400;ABREE;PEV fixo;Ativo;25/08/2019
2611606-005;PE;Recife;2611606;Green Eletron;PEV fixo;Ativo;12/08/2020
1302603-005;AM;Manaus;1302603;Green Eletron;PEV fixo;Ativo;05/07/2020
2111300-035;MA;SÃO LUÍS;2111300;ABREE;PEV fixo;Ativo;20/03/2020
2800308-005;SE;Aracaju;2800308;Green Eletron;PEV fixo;Ativo;22/09/2019
2300705-002;CE;Alto Santo;2300705;ABREE;PEV fixo;Ativo;08/05/2020
2305654-000;CE;  Ipaporanga ;2305654;Green Eletron;PEV fixo;Ativo;19/04/2020
2803609-000;SE;  Laranjeiras ;2803609;ABREE;PEV fixo;Ativo;19/03/2020
3300159-000;RJ;Aperibé;3300159;Green Eletron;PEV fixo;Ativo;06/02/2019
4318309-000;RS;  São Gabriel ;4318309;ABREE;PEV fixo;Ativo;22/05/2019
2413359-000;RN;Serra do Mel;2413359;ABREE;PEV fixo;Ativo;23/01/2020
3550308-119;SP;São Paulo;3550308;ABREE;Campanha itinerante;Ativo;17/06/2020
4107702-000;PR;FÊNIX;4107702;ABREE;PEV fixo;Ativo;19/08/2020
2600203-000;PE;Afrânio;2600203;Sistema individual;Ponto de consolidação;Ativo;12/07/2019
4316972-000;RS;SANTA MARGARIDA DO SUL;4316972;Green Eletron;PEV fixo;Ativo;10/02/2020
3201001-000;ES;BOA ESPERANÇA;3201001;Green Eletron;PEV fixo;Ativo;16/09/2020
2111300-020;MA;São Luís;2111300;Green Eletron;Campanha itinerante;Ativo;10/08/2019
2927606-000;BA;Santa Brígida;2927606;ABREE;PEV fixo;Ativo;07/11/2020
3513009-002;SP;Cotia;3513009;Green Eletron;PEV fixo;Ativo;12/04/2019
3550308-101;SP;SÃO PAULO;3550308;Green Eletron;PEV fixo;Ativo;25/01/2019
3304508-001;RJ;RIO DAS FLORES;3304508;Green Eletron;PEV fixo;Ativo;08/09/2020
4205407-035;SC;Florianopolis;4205407;Sistema individual;PEV fixo;Ativo;23/11/2020
5005608-000;MS;Miranda;5005608;Green Eletron;PEV fixo;Ativo;02/08/2020
3544004-000;SP;Rio das Pedras;3544004;Green Eletron;PEV fixo;Ativo;08/06/2020
3538808-012;SP;Piraju;3538808;Sistema individual;Campanha itinerante;Ativo;03/08/2020
3163904-000;MG;São Pedro da União;3163904;Sistema individual;PEV fixo;Ativo;23/08/2020
3106200-029;MG;BELO HORIZONTE;3106200;Green Eletron;PEV fixo;Ativo;02/05/2020
3129707-000;MG;Ibiraci;3129707;Sistema individual;PEV fixo;Ativo;22/06/2019
3541109-000;SP;Presidente Alves;3541109;Sistema individual;PEV fixo;Ativo;11/12/2019
3205010-000;ES;Sooretama;3205010;ABREE;Campanha itinerante;Ativo;21/07/2020
3155207-000;MG;  Rio Espera ;3155207;ABREE;Ponto de consolidação;Ativo;28/12/2019
3106200-089;MG;Belo Horizonte;3106200;Sistema individual;PEV fixo;Ativo;22/10/2020
2100907-000;MA;Araioses;2100907;ABREE;PEV fixo;Ativo;23/10/2019
3152131-000;MG;Ponto Chique;3152131;ABREE;PEV fixo;Ativo;09/05/2020
3532306-002;SP;Natividade da Serra;3532306;ABREE;PEV fixo;Ativo;11/05/2020
3305307-005;RJ;SÃO SEBASTIÃO DO ALTO;3305307;ABREE;Campanha itinerante;Ativo;07/08/2020
3155900-000;MG;Rio Preto;3155900;ABREE;Ponto de consolidação;Ativo;14/09/2019
3538808-000;SP;PIRAJU;3538808;ABREE;PEV fixo;Ativo;28/06/2019
3106200-010;MG;Belo Horizonte;3106200;ABREE;PEV fixo;Ativo;11/09/2020
1714302-000;TO;Nazaré;1714302;Green Eletron;PEV fixo;Ativo;19/11/2019
1101484-000;RO;São Felipe D'Oeste;1101484;ABREE;PEV fixo;Ativo;26/04/2019
3549508-004;SP;São José da Bela Vista;3549508;ABREE;PEV fixo;Ativo;06/07/2020
2611101-000;PE;Petrolina;2611101;Green Eletron;PEV fixo;Ativo;08/09/2020
2203230-000;PI;Currais;2203230;Green Eletron;PEV fixo;Ativo;23/07/2019
4106902-003;PR;Curitiba;4106902;ABREE;PEV fixo;Ativo;16/07/2020
3550308-142;SP;SÃO PAULO;3550308;ABREE;PEV fixo;Ativo;06/09/2020
2901205-000;BA;ANAGÉ;2901205;ABREE;PEV fixo;Ativo;11/11/2019
2903508-000;BA;Belo Campo;2903508;ABREE;PEV fixo;Ativo;20/08/2020
3139508-000;MG;Manhumirim;3139508;ABREE;Ponto de consolidação;Ativo;02/01/2019
2902203-000;BA;  Aramari ;2902203;Green Eletron;PEV fixo;Ativo;18/02/2019
3163102-000;MG;São José da Varginha;3163102;Green Eletron;PEV fixo;Ativo;20/02/2019
4314902-019;RS;PORTO ALEGRE;4314902;Green Eletron;PEV fixo;Ativo;21/11/2020
2611606-004;PE;Recife;2611606;ABREE;PEV fixo;Ativo;21/06/2020
3542602-002;SP;REGISTRO;3542602;ABREE;PEV fixo;Ativo;23/12/2020
2503506-000;PB;CACIMBA DE DENTRO;2503506;Green Eletron;PEV fixo;Ativo;19/06/2019
3122702-000;MG;Dom Silvério;3122702;Green Eletron;Campanha itinerante;Ativo;24/09/2019
1501204-005;PA;Baião;1501204;Green Eletron;PEV fixo;Ativo;24/02/2020
4106902-024;PR;Curitiba;4106902;Green Eletron;PEV fixo;Ativo;10/06/2020
2304400-020;CE;  Fortaleza ;2304400;Green Eletron;PEV fixo;Ativo;26/05/2019
1501204-003;PA;Baião;1501204;ABREE;PEV fixo;Ativo;28/05/2019
2113009-000;MA;VITORINO FREIRE;2113009;Green Eletron;Ponto de consolidação;Ativo;06/10/2020
4205407-038;SC;Florianópolis;;Green Eletron;PEV fixo;Ativo;03/04/2020
2603207-000;PE;Caetés;2603207;ABREE;PEV fixo;Ativo;03/10/2019
4314902-010;RS;Porto Alegre;4314902;Green Eletron;PEV fixo;Ativo;20/12/2020
2800308-002;SE;ARACAJU;2800308;Green Eletron;PEV fixo;Ativo;23/04/2019
3106200-075;MG;BELO HORIZONTE;3106200;Sistema individual;Ponto de consolidação;Ativo;08/10/2020
2927408-062;BA;Salvador;;Green Eletron;PEV fixo;Ativo;14/06/2020
4313334-000;RS;Nova Ramada;4313334;ABREE;PEV fixo;Inativo;09/11/2019
4106803-000;PR;Cruz Machado;4106803;ABREE;PEV fixo;Ativo;01/08/2020
2202778-000;PI;Colonia do Piaui;2202778;Green Eletron;PEV fixo;Ativo;08/05/2019
3550308-160;SP;SÃO PAULO;3550308;ABREE;PEV fixo;Ativo;11/02/2020
4308433-000;RS;Forquetinha;4308433;Sistema individual;PEV fixo;Ativo;24/12/2019
2111300-045;MA;SÃO LUÍS;2111300;ABREE;PEV fixo;Ativo;04/09/2020
4323507-000;RS;Vista Alegre;4323507;ABREE;PEV fixo;Ativo;22/05/2019
2304400-030;CE;Fortaleza;2304400;Green Eletron;PEV fixo;Ativo;05/07/2020
2611606-025;PE;Recife;2611606;Green Eletron;PEV fixo;Ativo;28/11/2020
5006275-000;MS;Paraíso das Águas;5006275;Green Eletron;PEV fixo;Ativo;26/03/2019
3504305-000;SP;AVAÍ;3504305;Green Eletron;PEV fixo;Ativo;10/12/2019
3550308-159;SP;Sao Paulo;3550308;ABREE;PEV fixo;Ativo;06/09/2020
3530102-000;SP;  Mirandópolis ;3530102;Green Eletron;PEV fixo;Ativo;16/12/2020
4106902-008;PR;Curitiba;4106902;ABREE;PEV fixo;Ativo;13/03/2020
5300108-008;DF;BRASÍLIA;5300108;Sistema individual;PEV fixo;Ativo;17/04/2019
5102603-000;MT;CAMPINÁPOLIS;5102603;ABREE;PEV fixo;Ativo;20/09/2020
2111300-024;MA;SÃO LUÍS;2111300;Green Eletron;PEV fixo;Ativo;16/10/2019
3304557-058;RJ;RIO DE JANEIRO;3304557;Green Eletron;PEV fixo;Ativo;13/04/2020
4205407-011;SC;FLORIANÓPOLIS;4205407;ABREE;PEV fixo;Ativo;23/05/2019
2303303-000;CE;Carius;2303303;ABREE;Ponto de consolidação;Ativo;07/02/2019
3538808-008;SP;PIRAJU;3538808;ABREE;PEV fixo;Ativo;08/06/2019
2904704-000;BA;Buerarema;2904704;ABREE;PEV fixo;Ativo;16/08/2019
2304400-026;CE;Fortaleza;2304400;ABREE;PEV fixo;Ativo;14/05/2019
2209658-000;PI;Sao Francisco de Assis do Piaui;2209658;ABREE;PEV fixo;Ativo;18/05/2020
2614303-000;PE;Moreilândia;2614303;ABREE;PEV fixo;Ativo;25/08/2019
3304557-000;RJ;  Rio de Janeiro ;3304557;Green Eletron;PEV fixo;Ativo;16/08/2020
2922656-002;BA;Nordestina;2922656;ABREE;PEV fixo;Ativo;18/09/2020
2503605-000;PB;  Caiçara ;2503605;Sistema individual;PEV fixo;Ativo;24/01/2020
2615102-003;PE;Terezinha;2615102;ABREE;Campanha itinerante;Ativo;16/11/2020
3301157-000;RJ;CARDOSO MOREIRA;3301157;ABREE;PEV fixo;Ativo;16/12/2019
3304151-000;RJ;Quissamã;3304151;ABREE;PEV fixo;Ativo;23/08/2020
1707652-000;TO;Figueirópolis;1707652;ABREE;PEV fixo;Ativo;28/02/2020
3513009-004;SP;Cotia;3513009;Green Eletron;PEV fixo;Ativo;24/07/2020
3106200-068;MG;BELO HORIZONTE;3106200;ABREE;Campanha itinerante;Ativo;08/10/2020
4312104-000;RS;Mata;4312104;ABREE;PEV fixo;Ativo;17/11/2019
2507507-004;PB;JOÃO PESSOA;2507507;Green Eletron;PEV fixo;Ativo;22/03/2019
1303205-000;AM;Novo Airão;1303205;ABREE;PEV fixo;Ativo;04/11/2020
3549508-000;SP;Sao Jose da Bela Vista;3549508;ABREE;PEV fixo;Ativo;10/12/2019
1717008-000;TO;Pindorama do Tocantins;1717008;Green Eletron;PEV fixo;Ativo;01/12/2020
3122405-000;MG;DIVISA NOVA;3122405;ABREE;PEV fixo;Ativo;27/08/2019
2512721-000;PB;  Pedro Régis ;2512721;Green Eletron;PEV fixo;Ativo;17/03/2019
2927408-011;BA;Salvador;2927408;ABREE;Ponto de consolidação;Ativo;27/07/2019
2401651-000;RN;Bodó;2401651;Green Eletron;PEV fixo;Ativo;07/04/2019
4314902-018;RS;  Porto Alegre ;4314902;ABREE;Campanha itinerante;Inativo;08/02/2020
3550308-045;SP;Sao Paulo;3550308;Green Eletron;PEV fixo;Ativo;25/10/2019
4205407-020;SC;Florianopolis;4205407;Sistema individual;Campanha itinerante;Ativo;07/10/2019
1303957-000;AM;SÃO SEBASTIÃO DO UATUMÃ;1303957;Green Eletron;PEV fixo;Ativo;01/11/2020
2927408-015;BA;SALVADOR;2927408;ABREE;PEV fixo;Ativo;01/08/2019
3106200-009;MG;Belo Horizonte;3106200;Green Eletron;PEV fixo;Ativo;09/04/2020
2501351-000;PB;Assunção;2501351;Green Eletron;PEV fixo;Ativo;24/04/2020
4321709-000;RS;Três Coroas;4321709;ABREE;PEV fixo;Ativo;01/12/2020
3549003-000;SP;São Francisco;3549003;Green Eletron;PEV fixo;Ativo;23/04/2020
3305307-007;RJ;São Sebastião do Alto;3305307;ABREE;PEV fixo;Ativo;17/10/2020
3551306-003;SP;Sebastianópolis do Sul;3551306;Green Eletron;PEV fixo;Ativo;24/12/2020
3304524-000;RJ;Rio das Ostras;3304524;Green Eletron;PEV fixo;Ativo;06/11/2019
1721000-000;TO;Palmas;1721000;Green Eletron;PEV fixo;Ativo;19/01/2019
3128105-000;MG;Guapé;3128105;Green Eletron;Ponto de consolidação;Ativo;04/06/2019
3106200-004;MG;Belo Horizonte;3106200;Green Eletron;PEV fixo;Ativo;15/11/2020
2924603-001;BA;PINDOBAÇU;2924603;Green Eletron;PEV fixo;Ativo;25/01/2020
2306603-000;CE;Itatira;2306603;Green Eletron;PEV fixo;Ativo;26/10/2019
1504208-000;PA;Marabá;1504208;Green Eletron;PEV fixo;Ativo;06/11/2019
3300258-001;RJ;Arraial do Cabo;3300258;Green Eletron;PEV fixo;Ativo;13/02/2020
3550308-095;SP;São Paulo;3550308;ABREE;PEV fixo;Ativo;23/10/2019
2616209-000;PE;Vertentes;2616209;ABREE;PEV fixo;Ativo;19/10/2019
2927408-041;BA;Salvador;2927408;Green Eletron;PEV fixo;Ativo;16/11/2019
2406106-000;RN;Jucurutu;2406106;ABREE;PEV fixo;Ativo;26/05/2019
3106200-072;MG;  Belo Horizonte ;3106200;Sistema individual;PEV fixo;Ativo;04/05/2020
5208152-000;GO;Gameleira de Goias;5208152;Green Eletron;PEV fixo;Ativo;12/12/2019
3150703-000;MG;  Pirajuba ;3150703;Green Eletron;Ponto de consolidação;Ativo;01/01/2019
2505709-000;PB;DONA INÊS;2505709;ABREE;Campanha itinerante;Ativo;09/03/2020
5300108-036;DF;Brasília;5300108;ABREE;PEV fixo;Ativo;07/02/2020
5200134-000;GO;  Acreúna ;5200134;Green Eletron;PEV fixo;Ativo;05/06/2019
4205407-032;SC;Florianópolis;4205407;Green Eletron;PEV fixo;Ativo;28/09/2020
3550308-145;SP;São Paulo;3550308;ABREE;PEV fixo;Ativo;21/03/2020
3129657-000;MG;IBIRACATU;3129657;ABREE;PEV fixo;Ativo;25/10/2019
3117306-000;MG;Conceição das Alagoas;3117306;ABREE;PEV fixo;Ativo;25/03/2020
3546009-003;SP;Santa Branca;3546009;Green Eletron;PEV fixo;Ativo;20/06/2020
3550308-132;SP;SÃO PAULO;3550308;ABREE;PEV fixo;Ativo;28/02/2020
2111300-047;MA;São Luís;2111300;Green Eletron;PEV fixo;Ativo;06/06/2020
2111102-000;MA;São João dos Patos;2111102;ABREE;PEV fixo;Ativo;02/09/2019
1506500-000;PA;SANTA IZABEL DO PARÁ;1506500;ABREE;PEV fixo;Ativo;22/04/2019
2902005-000;BA;Aracatu;2902005;ABREE;PEV fixo;Ativo;02/12/2020
2300705-004;CE;Alto Santo;2300705;ABREE;PEV fixo;Ativo;22/09/2020
3550308-137;SP;SÃO PAULO;3550308;Green Eletron;Ponto de consolidação;Ativo;08/07/2020
3126901-000;MG;Frei Inocêncio;3126901;Green Eletron;PEV fixo;Ativo;15/03/2019
3545506-000;SP;Sandovalina;3545506;Green Eletron;Campanha itinerante;Ativo;09/04/2019
3300951-001;RJ;Comendador Levy Gasparian;3300951;ABREE;PEV fixo;Ativo;23/07/2019
3550308-176;SP;São Paulo;3550308;ABREE;PEV fixo;Ativo;16/03/2020
2704500-000;AL;Maragogi;2704500;Sistema individual;PEV fixo;Ativo;21/12/2019
2111300-032;MA;São Luís;2111300;Green Eletron;PEV fixo;Ativo;25/05/2020
4127908-000;PR;TUNEIRAS DO OESTE;4127908;Green Eletron;Campanha itinerante;Ativo;15/04/2019
3511508-000;SP;Cerquilho;3511508;Green Eletron;PEV fixo;Ativo;04/05/2020
4313953-000;RS;Pantano Grande;;ABREE;PEV fixo;Ativo;04/01/2019
2700805-000;AL;BELÉM;2700805;ABREE;PEV fixo;Ativo;27/06/2020
2709103-000;AL;TAQUARANA;2709103;Sistema individual;Ponto de consolidação;Ativo;24/11/2020
3550308-066;SP;São Paulo;3550308;ABREE;PEV fixo;Ativo;08/10/2019
2806305-000;SE;Santa Luzia do Itanhy;;Green Eletron;PEV fixo;Ativo;24/01/2020
4306320-000;RS;Derrubadas;4306320;Green Eletron;PEV fixo;Ativo;14/08/2019
5300108-031;DF;BRASÍLIA;5300108;ABREE;PEV fixo;Ativo;07/05/2020
2616183-000;PE;Vertente do Lerio;2616183;Sistema individual;PEV fixo;Ativo;27/01/2019
3528908-000;SP;Mariápolis;3528908;Green Eletron;PEV fixo;Ativo;12/12/2020
1501402-009;PA;Belém;1501402;ABREE;Ponto de consolidação;Ativo;16/04/2020
1716703-000;TO;Colméia;1716703;Sistema individual;PEV fixo;Ativo;09/10/2019
2111300-005;MA;São Luís;2111300;Sistema individual;PEV fixo;Ativo;26/08/2019
4314902-022;RS;Porto Alegre;4314902;ABREE;PEV fixo;Ativo;12/09/2020
2111300-036;MA;Sao Luis;2111300;Green Eletron;PEV fixo;Ativo;10/01/2020
3531407-000;SP;Monte Aprazível;3531407;ABREE;PEV fixo;Ativo;13/07/2020
3106200-041;MG;Belo Horizonte;3106200;ABREE;PEV fixo;Ativo;02/04/2020
2412609-000;RN;São Paulo do Potengi;2412609;Sistema individual;PEV fixo;Ativo;16/04/2019
2601607-000;PE;BELÉM DO SÃO FRANCISCO;2601607;ABREE;PEV fixo;Ativo;26/11/2019
1500305-000;PA;Afuá;1500305;Green Eletron;PEV fixo;Ativo;12/06/2019
3304557-048;RJ;RIO DE JANEIRO;3304557;ABREE;PEV fixo;Ativo;10/07/2020
3532009-002;SP;Morungaba;3532009;Green Eletron;PEV fixo;Ativo;25/12/2019
3550308-011;SP;São Paulo;3550308;Sistema individual;PEV fixo;Ativo;27/04/2019
3106200-013;MG;Belo Horizonte;3106200;Green Eletron;PEV fixo;Ativo;23/11/2020
2607000-000;PE;Inajá;2607000;ABREE;Ponto de consolidação;Ativo;04/01/2019
2310308-000;CE;  Parambu ;2310308;Green Eletron;PEV fixo;Ativo;07/12/2020
4218905-000;SC;Urubici;4218905;ABREE;PEV fixo;Ativo;12/03/2020
4217253-000;SC;  São Pedro de Alcântara ;4217253;Green Eletron;Campanha itinerante;Ativo;06/01/2019
3106200-020;MG;Belo Horizonte;3106200;ABREE;PEV fixo;Ativo;13/10/2020
3509304-000;SP;Cajobi;3509304;ABREE;PEV fixo;Ativo;21/02/2019
3300902-002;RJ;Cambuci;3300902;ABREE;PEV fixo;Ativo;13/04/2020
3543006-002;SP;Ribeirão Branco;3543006;ABREE;PEV fixo;Ativo;08/09/2020
2111300-046;MA;SÃO LUÍS;2111300;ABREE;PEV fixo;Ativo;14/05/2020
3304557-035;RJ;RIO DE JANEIRO;3304557;ABREE;PEV fixo;Ativo;02/03/2020
2927408-033;BA;Salvador;2927408;ABREE;PEV fixo;Ativo;08/09/2019
3138500-000;MG;  Liberdade ;3138500;ABREE;PEV fixo;Ativo;16/04/2020
2111300-049;MA;Sao Luis;2111300;Green Eletron;PEV fixo;Ativo;16/01/2020
3150406-000;MG;Piedade dos Gerais;3150406;Green Eletron;Ponto de consolidação;Ativo;21/04/2020
2111300-022;MA;São Luís;2111300;ABREE;PEV fixo;Ativo;09/05/2019
2304400-043;CE;Fortaleza;2304400;ABREE;PEV fixo;Ativo;04/02/2020
3135209-000;MG;Januária;3135209;ABREE;PEV fixo;Inativo;27/05/2020
1717503-000;TO;Pium;1717503;ABREE;PEV fixo;Ativo;05/12/2019
1302603-002;AM;Manaus;1302603;Green Eletron;PEV fixo;Ativo;08/02/2019
3551306-002;SP;Sebastianopolis do Sul;3551306;Sistema individual;PEV fixo;Ativo;04/07/2019
2111300-025;MA;SÃO LUÍS;2111300;Green Eletron;PEV fixo;Ativo;18/10/2019
2304400-028;CE;Fortaleza;2304400;Green Eletron;PEV fixo;Ativo;22/01/2019
4205407-007;SC;Florianópolis;4205407;ABREE;PEV fixo;Ativo;13/07/2019
2111300-012;MA;  São Luís ;2111300;ABREE;PEV fixo;Ativo;20/09/2019
5000856-000;MS;Angelica;5000856;Green Eletron;PEV fixo;Ativo;17/08/2019
4205407-016;SC;Florianópolis;4205407;ABREE;PEV fixo;Ativo;23/06/2019
2614105-001;PE;Sertânia;2614105;Green Eletron;PEV fixo;Ativo;20/10/2020
4314902-003;RS;Porto Alegre;4314902;Green Eletron;PEV fixo;Ativo;11/04/2020
2302107-003;CE;Baturite;2302107;Sistema individual;PEV fixo;Ativo;03/03/2020
3302403-000;RJ;Macae;3302403;ABREE;PEV fixo;Ativo;26/04/2019
3543006-001;SP;RIBEIRÃO BRANCO;3543006;Green Eletron;Ponto de consolidação;Ativo;09/04/2019
3550308-072;SP;São Paulo;3550308;Green Eletron;PEV fixo;Ativo;18/12/2019
3302908-001;RJ;Miguel Pereira;3302908;Sistema individual;PEV fixo;Ativo;21/09/2019
3302908-002;RJ;Miguel Pereira;3302908;ABREE;PEV fixo;Ativo;15/05/2020
3302908-000;RJ;Miguel Pereira;3302908;Green Eletron;PEV fixo;Ativo;03/07/2019
2611606-026;PE;RECIFE;2611606;ABREE;Campanha itinerante;Ativo;18/12/2020
3556206-000;SP;  Valinhos ;3556206;ABREE;PEV fixo;Ativo;21/11/2020
3304557-050;RJ;Rio de Janeiro;3304557;Green Eletron;PEV fixo;Ativo;20/04/2020
2304400-039;CE;FORTALEZA;2304400;ABREE;PEV fixo;Ativo;09/07/2020
2707206-000;AL;Poco das Trincheiras;2707206;ABREE;PEV fixo;Ativo;05/04/2020
2211001-011;PI;Teresina;2211001;ABREE;PEV fixo;Ativo;01/09/2020
3116001-000;MG;CHALÉ;3116001;ABREE;PEV fixo;Ativo;17/09/2019
4321667-000;RS;Três Cachoeiras;4321667;ABREE;Campanha itinerante;Ativo;08/07/2020
3550308-147;SP;São Paulo;3550308;ABREE;Ponto de consolidação;Ativo;14/12/2020
3532108-000;SP;Murutinga do Sul;3532108;Green Eletron;PEV fixo;Ativo;09/10/2020
4216008-000;SC;SÃO CARLOS;4216008;Green Eletron;PEV fixo;Ativo;05/01/2019
4319356-000;RS;São Pedro da Serra;4319356;Green Eletron;Campanha itinerante;Ativo;08/11/2019
2919504-000;BA;Livramento de Nossa Senhora;2919504;Green Eletron;PEV fixo;Inativo;23/09/2019
4205407-042;SC;Florianópolis;4205407;Green Eletron;Campanha itinerante;Ativo;26/10/2020
4314902-034;RS;PORTO ALEGRE;4314902;ABREE;PEV fixo;Ativo;19/04/2020
4313334-001;RS;NOVA RAMADA;4313334;Sistema individual;PEV fixo;Ativo;13/12/2019
2927408-064;BA;SALVADOR;2927408;ABREE;PEV fixo;Ativo;02/06/2020
3550308-004;SP;SÃO PAULO;3550308;ABREE;PEV fixo;Ativo;08/05/2019
1721000-001;TO;Palmas;1721000;ABREE;PEV fixo;Ativo;07/05/2019
2610301-000;PE;Paranatama;2610301;ABREE;PEV fixo;Ativo;18/03/2020
4205407-019;SC;Florianopolis;4205407;Green Eletron;Campanha itinerante;Ativo;21/09/2019
5103403-002;MT;Cuiabá;5103403;Green Eletron;Campanha itinerante;Ativo;09/02/2019
3115607-000;MG;Cedro do Abaeté;3115607;Green Eletron;PEV fixo;Ativo;27/12/2020
2301950-000;CE;BARREIRA;2301950;ABREE;Campanha itinerante;Ativo;20/01/2020
1200401-002;AC;RIO BRANCO;1200401;Green Eletron;PEV fixo;Ativo;04/03/2020
3550308-031;SP;São Paulo;3550308;ABREE;PEV fixo;Ativo;16/03/2019
2802403-000;SE;Gararu;2802403;Green Eletron;PEV fixo;Inativo;07/09/2020
3550308-069;SP;  São Paulo ;3550308;ABREE;PEV fixo;Ativo;19/04/2019
4314902-036;RS;Porto Alegre;4314902;Green Eletron;PEV fixo;Ativo;12/10/2020
3301405-002;RJ;Conceição de Macabu;3301405;ABREE;PEV fixo;Inativo;05/08/2019
4205407-015;SC;FLORIANÓPOLIS;4205407;ABREE;PEV fixo;Ativo;04/11/2019
4310207-004;RS;IJUÍ;4310207;Green Eletron;PEV fixo;Ativo;17/09/2020
2923209-000;BA;OLIVEIRA DOS BREJINHOS;2923209;ABREE;PEV fixo;Ativo;14/08/2019
3541059-000;SP;PRATÂNIA;3541059;ABREE;PEV fixo;Ativo;09/10/2019
3127909-000;MG;Grupiara;3127909;ABREE;Campanha itinerante;Ativo;08/10/2019
2610301-001;PE;PARANATAMA;2610301;Green Eletron;PEV fixo;Ativo;26/11/2020
3542305-000;SP;REDENÇÃO DA SERRA;3542305;ABREE;PEV fixo;Ativo;21/03/2019
2704302-003;AL;Maceió;2704302;Sistema individual;Ponto de consolidação;Ativo;18/02/2020
2611606-029;PE;Recife;2611606;ABREE;PEV fixo;Ativo;27/02/2020
2914208-000;BA;Irajuba;2914208;ABREE;PEV fixo;Ativo;22/02/2020
3515905-000;SP;FLOREAL;3515905;ABREE;Campanha itinerante;Ativo;28/09/2020
3164100-000;MG;São Pedro do Suaçuí;3164100;ABREE;PEV fixo;Ativo;09/05/2020
2806800-000;SE;Sao Domingos;2806800;Green Eletron;Ponto de consolidação;Ativo;23/04/2019
4314902-033;RS;Porto Alegre;4314902;ABREE;PEV fixo;Ativo;22/01/2020
1703305-000;TO;Bom Jesus do Tocantins;1703305;Green Eletron;PEV fixo;Ativo;19/01/2019
4112959-000;PR;JURANDA;4112959;Green Eletron;PEV fixo;Ativo;18/06/2020
3538808-009;SP;Piraju;3538808;ABREE;PEV fixo;Ativo;28/09/2019
3551306-001;SP;Sebastianópolis do Sul;3551306;Sistema individual;PEV fixo;Ativo;21/04/2019
3527801-001;SP;Lupércio;3527801;Sistema individual;PEV fixo;Ativo;16/04/2020
2306009-000;CE;Iracema;2306009;ABREE;PEV fixo;Ativo;15/01/2020
4106902-012;PR;Curitiba;4106902;Green Eletron;PEV fixo;Ativo;12/10/2020
3304557-028;RJ;Rio de Janeiro;3304557;Green Eletron;PEV fixo;Ativo;14/03/2020
4205407-037;SC;FLORIANÓPOLIS;4205407;ABREE;PEV fixo;Ativo;15/05/2020
2301604-000;CE;Assaré;2301604;ABREE;Campanha itinerante;Ativo;10/11/2020
1300144-000;AM;APUÍ;1300144;Green Eletron;Campanha itinerante;Ativo;12/06/2019
4106902-013;PR;Curitiba;4106902;ABREE;PEV fixo;Ativo;08/02/2020
3106200-062;MG;BELO HORIZONTE;3106200;Sistema individual;Campanha itinerante;Ativo;21/11/2020
4314902-031;RS;Porto Alegre;4314902;Green Eletron;Ponto de consolidação;Ativo;19/02/2020
1506807-000;PA;  Santarém ;1506807;ABREE;PEV fixo;Ativo;17/04/2020
3106200-001;MG;  Belo Horizonte ;3106200;ABREE;Ponto de consolidação;Ativo;15/06/2020
4301206-000;RS;Arroio do Tigre;4301206;ABREE;PEV fixo;Ativo;07/03/2020
3518602-000;SP;Guariba;3518602;Green Eletron;PEV fixo;Ativo;02/10/2020
3504008-000;SP;ASSIS;3504008;ABREE;PEV fixo;Ativo;11/08/2019
4314902-045;RS;Porto Alegre;4314902;ABREE;PEV fixo;Ativo;08/07/2020
5202601-000;GO;Aurilândia;5202601;Green Eletron;PEV fixo;Ativo;27/05/2019
4211702-000;SC;Orleans;4211702;ABREE;PEV fixo;Ativo;26/02/2019
2915700-000;BA;Itamari;2915700;Green Eletron;Ponto de consolidação;Ativo;23/03/2019
2922656-000;BA;Nordestina;2922656;Green Eletron;Ponto de consolidação;Ativo;20/10/2019
2917508-000;BA;Jacobina;2917508;ABREE;PEV fixo;Ativo;17/02/2020
2211605-000;PI;Vila Nova do Piauí;2211605;Green Eletron;Campanha itinerante;Ativo;15/07/2020
4127882-000;PR;Tunas do Paraná;4127882;Sistema individual;PEV fixo;Ativo;06/01/2019
4205407-000;SC;Florianopolis;4205407;ABREE;PEV fixo;Ativo;04/03/2019
4122305-000;PR;Rio Negro;4122305;Green Eletron;PEV fixo;Ativo;01/07/2020
4310439-000;RS;  Ipê ;4310439;ABREE;PEV fixo;Ativo;23/10/2019
3106606-000;MG;Bertopolis;3106606;ABREE;Ponto de consolidação;Ativo;18/10/2020
4314902-052;RS;Porto Alegre;4314902;ABREE;PEV fixo;Ativo;10/08/2020
3165560-000;MG;Sem-Peixe;3165560;ABREE;PEV fixo;Ativo;01/05/2020
4314902-048;RS;Porto Alegre;4314902;Green Eletron;Ponto de consolidação;Ativo;18/03/2020
4212056-000;SC;Palmeira;4212056;ABREE;Ponto de consolidação;Ativo;03/11/2020
3168705-000;MG;  Timóteo ;3168705;ABREE;Campanha itinerante;Ativo;22/08/2020
2905503-001;BA;Caldeirao Grande;2905503;Green Eletron;PEV fixo;Ativo;08/03/2020
2410603-000;RN;Rafael Godeiro;2410603;ABREE;PEV fixo;Ativo;06/01/2019
3205309-005;ES;Vitória;3205309;ABREE;PEV fixo;Ativo;15/01/2020
2911659-000;BA;Guajeru;2911659;Green Eletron;PEV fixo;Ativo;14/05/2020
2504207-000;PB;Catingueira;2504207;Green Eletron;Campanha itinerante;Ativo;03/06/2020
2922656-003;BA;Nordestina;;Green Eletron;PEV fixo;Ativo;10/12/2020
3532900-006;SP;Nova Europa;3532900;ABREE;PEV fixo;Ativo;11/01/2019
3532900-008;SP;NOVA EUROPA;3532900;Green Eletron;PEV fixo;Ativo;15/03/2020
1503093-000;PA;GOIANÉSIA DO PARÁ;1503093;Green Eletron;Ponto de consolidação;Ativo;27/06/2020
3304557-024;RJ;  Rio de Janeiro ;3304557;ABREE;Ponto de consolidação;Inativo;15/09/2020
2910107-000;BA;Dom Basílio;2910107;ABREE;PEV fixo;Ativo;21/01/2019
3106200-084;MG;BELO HORIZONTE;3106200;Green Eletron;PEV fixo;Ativo;09/01/2020
3550308-038;SP;São Paulo;3550308;ABREE;PEV fixo;Ativo;21/07/2019
4314902-014;RS;Porto Alegre;4314902;Sistema individual;PEV fixo;Inativo;18/04/2020
3522653-000;SP;Itapirapua Paulista;3522653;ABREE;Ponto de consolidação;Ativo;06/12/2019
3532306-001;SP;  Natividade da Serra ;3532306;ABREE;PEV fixo;Ativo;02/10/2020
3302106-000;RJ;Itaocara;3302106;Sistema individual;PEV fixo;Ativo;10/01/2020
2413557-000;RN;SERRINHA DOS PINTOS;2413557;Green Eletron;PEV fixo;Ativo;19/02/2020
3304557-062;RJ;Rio de Janeiro;3304557;ABREE;PEV fixo;Ativo;13/04/2020
3118403-000;MG;Conselheiro Pena;3118403;ABREE;Campanha itinerante;Ativo;10/11/2020
3106200-018;MG;BELO HORIZONTE;3106200;ABREE;PEV fixo;Ativo;02/03/2020
2410256-000;RN;Porto do Mangue;2410256;ABREE;PEV fixo;Ativo;06/06/2020
3134509-000;MG;ITUTINGA;3134509;Sistema individual;PEV fixo;Ativo;03/06/2020
2304400-005;CE;Fortaleza;2304400;ABREE;PEV fixo;Ativo;02/02/2019
2904308-000;BA;Brejões;2904308;Green Eletron;Ponto de consolidação;Ativo;18/09/2019
2211001-009;PI;  Teresina ;2211001;Green Eletron;PEV fixo;Ativo;03/08/2020
5300108-007;DF;Brasília;5300108;Green Eletron;Campanha itinerante;Ativo;19/12/2019
5300108-045;DF;Brasília;5300108;ABREE;PEV fixo;Ativo;12/04/2020
2202851-000;PI;Coronel José Dias;2202851;ABREE;PEV fixo;Ativo;12/03/2019
2604304-000;PE;CEDRO;2604304;ABREE;Ponto de consolidação;Ativo;13/12/2020
3557105-000;SP;Votuporanga;3557105;ABREE;PEV fixo;Ativo;24/10/2020
5002704-001;MS;  Campo Grande ;5002704;Green Eletron;PEV fixo;Ativo;26/12/2020
3125101-000;MG;Extrema;3125101;ABREE;PEV fixo;Ativo;02/03/2020
3557006-001;SP;Votorantim;3557006;ABREE;PEV fixo;Ativo;04/01/2020
2111300-016;MA;São Luís;2111300;Green Eletron;PEV fixo;Ativo;10/02/2019
4106902-019;PR;  Curitiba ;4106902;Green Eletron;PEV fixo;Ativo;15/11/2020
2304400-047;CE;Fortaleza;2304400;Green Eletron;PEV fixo;Ativo;18/04/2020
3532504-000;SP;Neves Paulista;3532504;Green Eletron;PEV fixo;Ativo;15/06/2020
2111300-040;MA;São Luís;2111300;ABREE;PEV fixo;Ativo;20/01/2020
3302700-007;RJ;Maricá;3302700;Green Eletron;PEV fixo;Ativo;05/10/2020
4205704-000;SC;GAROPABA;;ABREE;Ponto de consolidação;Ativo;11/11/2019
4311643-000;RS;Linha Nova;4311643;ABREE;PEV fixo;Ativo;10/12/2019
3532900-002;SP;Nova Europa;3532900;Green Eletron;PEV fixo;Ativo;12/12/2019
3106200-036;MG;Belo Horizonte;3106200;ABREE;PEV fixo;Ativo;25/10/2020
3106200-051;MG;  Belo Horizonte ;3106200;ABREE;PEV fixo;Ativo;07/08/2020
3550308-020;SP;São Paulo;3550308;Green Eletron;PEV fixo;Ativo;01/01/2019
3106200-092;MG;Belo Horizonte;3106200;ABREE;PEV fixo;Ativo;01/05/2020
1301951-001;AM;Itamarati;1301951;ABREE;PEV fixo;Ativo;02/02/2020
3550308-082;SP;São Paulo;3550308;Sistema individual;PEV fixo;Ativo;18/10/2019
1100205-002;RO;Porto Velho;1100205;ABREE;PEV fixo;Inativo;28/05/2020
4105508-000;PR;Cianorte;4105508;Green Eletron;Ponto de consolidação;Ativo;09/08/2019
3549508-001;SP;SÃO JOSÉ DA BELA VISTA;3549508;ABREE;PEV fixo;Ativo;15/01/2019
3300100-000;RJ;Angra dos Reis;3300100;Green Eletron;PEV fixo;Ativo;06/05/2020
1702000-000;TO;Araguacu;1702000;Green Eletron;PEV fixo;Ativo;02/10/2019
2800100-000;SE;Amparo de São Francisco;2800100;ABREE;PEV fixo;Ativo;25/01/2019
3106200-055;MG;  Belo Horizonte ;3106200;Green Eletron;PEV fixo;Ativo;22/01/2020
4106902-011;PR;CURITIBA;4106902;Green Eletron;PEV fixo;Ativo;23/07/2020
2111607-000;MA;SÃO RAIMUNDO DAS MANGABEIRAS;2111607;ABREE;PEV fixo;Ativo;28/02/2020
3550308-165;SP;  São Paulo ;3550308;ABREE;PEV fixo;Ativo;03/09/2020
3550308-000;SP;SÃO PAULO;3550308;ABREE;PEV fixo;Ativo;13/09/2019
3116803-000;MG;Coluna;3116803;ABREE;Ponto de consolidação;Ativo;14/04/2020
5200902-000;GO;Amorinópolis;5200902;Green Eletron;PEV fixo;Ativo;20/01/2019
2612505-000;PE;Santa Cruz do Capibaribe;2612505;ABREE;PEV fixo;Ativo;21/01/2019
2800308-001;SE;ARACAJU;2800308;Green Eletron;Ponto de consolidação;Ativo;27/05/2019
3161007-000;MG;  São Domingos do Prata ;3161007;Green Eletron;PEV fixo;Ativo;14/09/2019
4126405-000;PR;Sertaneja;4126405;ABREE;PEV fixo;Ativo;10/03/2020
5106216-000;MT;NOVA CANAÃ DO NORTE;5106216;ABREE;PEV fixo;Ativo;12/02/2019
4319307-000;RS;Sao Paulo das Missoes;4319307;ABREE;PEV fixo;Ativo;22/01/2020
1508209-002;PA;Vigia;1508209;ABREE;PEV fixo;Ativo;11/11/2019
2502102-000;PB;Boa Ventura;2502102;Green Eletron;Campanha itinerante;Ativo;15/05/2020
2933257-000;BA;VEREDA;2933257;ABREE;Ponto de consolidação;Ativo;23/08/2019
3541653-001;SP;QUADRA;3541653;ABREE;PEV fixo;Ativo;12/05/2020
3144607-000;MG;Nepomuceno;3144607;Green Eletron;PEV fixo;Ativo;11/07/2020
3555505-000;SP;Ubirajara;3555505;Green Eletron;PEV fixo;Ativo;10/02/2020
2514651-000;PB;Sao Jose do Brejo do Cruz;2514651;ABREE;Campanha itinerante;Ativo;27/06/2019
2611606-022;PE;Recife;2611606;ABREE;PEV fixo;Ativo;21/11/2020
2911600-000;BA;Governador Mangabeira;2911600;ABREE;PEV fixo;Ativo;12/05/2020
3550308-103;SP;São Paulo;3550308;Green Eletron;PEV fixo;Ativo;24/09/2019
5108501-000;MT;Vera;5108501;ABREE;PEV fixo;Ativo;19/08/2019
2928901-000;BA;Sao Desiderio;2928901;ABREE;PEV fixo;Ativo;23/06/2020
3522703-001;SP;Itápolis;3522703;Green Eletron;PEV fixo;Ativo;05/09/2020
2304400-010;CE;Fortaleza;2304400;Green Eletron;PEV fixo;Ativo;02/01/2019
2903508-001;BA;Belo Campo;2903508;ABREE;Campanha itinerante;Ativo;03/02/2020
2111300-017;MA;SÃO LUÍS;2111300;ABREE;PEV fixo;Ativo;09/08/2019
5200605-000;GO;ALTO PARAÍSO DE GOIÁS;5200605;Green Eletron;Campanha itinerante;Ativo;21/05/2020
3169307-001;MG;Três Corações;3169307;Sistema individual;PEV fixo;Ativo;22/10/2020
2313708-000;CE;Umari;2313708;Green Eletron;PEV fixo;Ativo;20/05/2019
3538808-005;SP;Piraju;3538808;Sistema individual;PEV fixo;Ativo;10/06/2019
3304557-002;RJ;RIO DE JANEIRO;3304557;Green Eletron;PEV fixo;Ativo;28/08/2020
4106902-001;PR;Curitiba;4106902;Green Eletron;PEV fixo;Ativo;04/03/2020
5218052-000;GO;PORTEIRÃO;5218052;Green Eletron;PEV fixo;Ativo;14/01/2020
5300108-049;DF;BRASÍLIA;5300108;ABREE;PEV fixo;Ativo;08/12/2020
2513984-000;PB;São Francisco;2513984;Sistema individual;PEV fixo;Ativo;07/06/2020
5200308-000;GO;Alexania;5200308;Green Eletron;PEV fixo;Ativo;04/02/2019
3516903-000;SP;General Salgado;3516903;Green Eletron;PEV fixo;Ativo;14/11/2019
4128401-000;PR;Uraí;4128401;ABREE;Ponto de consolidação;Ativo;04/09/2020
5300108-018;DF;Brasilia;5300108;Green Eletron;PEV fixo;Ativo;21/10/2019
5218052-001;GO;Porteirao;5218052;ABREE;PEV fixo;Ativo;03/05/2020
3106200-079;MG;Belo Horizonte;3106200;ABREE;Ponto de consolidação;Ativo;25/09/2020
3546603-000;SP;Santa Fé do Sul;3546603;Green Eletron;Ponto de consolidação;Ativo;17/05/2020
4215653-000;SC;Santa Rosa do Sul;4215653;ABREE;Ponto de consolidação;Ativo;22/09/2019
3556354-000;SP;Vargem;3556354;ABREE;PEV fixo;Ativo;08/12/2020
2929354-000;BA;São José da Vitória;2929354;ABREE;PEV fixo;Ativo;28/01/2020
3550308-156;SP;São Paulo;3550308;Green Eletron;PEV fixo;Ativo;16/08/2020
3108305-000;MG;BORDA DA MATA;3108305;ABREE;PEV fixo;Ativo;27/01/2019
5208707-000;GO;Goiania;5208707;Green Eletron;PEV fixo;Ativo;05/05/2019
3103108-000;MG;  Antônio Prado de Minas ;3103108;ABREE;PEV fixo;Ativo;10/03/2019
3138351-000;MG;LEME DO PRADO;3138351;ABREE;Ponto de consolidação;Ativo;12/07/2020
3550308-083;SP;São Paulo;3550308;Green Eletron;Ponto de consolidação;Ativo;02/03/2019
3532900-007;SP;  Nova Europa ;3532900;ABREE;PEV fixo;Ativo;20/04/2019
1501402-008;PA;  Belém ;1501402;Green Eletron;PEV fixo;Ativo;20/02/2020
2102077-000;MA;Bom Lugar;2102077;ABREE;PEV fixo;Ativo;22/02/2019
2605004-000;PE;CUPIRA;2605004;ABREE;PEV fixo;Ativo;26/07/2019
4313334-002;RS;Nova Ramada;4313334;Green Eletron;PEV fixo;Ativo;08/12/2020
2111300-007;MA;Sao Luis;2111300;Green Eletron;PEV fixo;Ativo;06/07/2019
1507003-000;PA;  Santo Antônio do Tauá ;1507003;Green Eletron;PEV fixo;Ativo;04/11/2019
3532900-000;SP;NOVA EUROPA;3532900;ABREE;PEV fixo;Ativo;01/04/2019
2800308-003;SE;Aracaju;2800308;Sistema individual;PEV fixo;Ativo;07/02/2019
2111300-037;MA;São Luís;2111300;Green Eletron;PEV fixo;Ativo;05/01/2020
2922805-000;BA;Nova Itarana;2922805;Green Eletron;PEV fixo;Inativo;10/05/2019
1505106-000;PA;Obidos;1505106;ABREE;PEV fixo;Ativo;27/06/2020
3121803-000;MG;Dionísio;3121803;ABREE;PEV fixo;Ativo;12/09/2019
3550308-064;SP;São Paulo;3550308;Sistema individual;Ponto de consolidação;Ativo;14/12/2019
2509107-000;PB;MARI;2509107;ABREE;Campanha itinerante;Ativo;13/04/2020
4119657-000;PR;Pitangueiras;4119657;Green Eletron;Campanha itinerante;Inativo;14/05/2020
2511004-000;PB;Pedra Branca;2511004;Green Eletron;PEV fixo;Ativo;19/01/2019
2100709-000;MA;Anajatuba;2100709;ABREE;PEV fixo;Inativo;22/11/2019
5208707-003;GO;Goiânia;5208707;Green Eletron;PEV fixo;Ativo;07/09/2019
5205497-000;GO;CIDADE OCIDENTAL;5205497;ABREE;PEV fixo;Ativo;17/10/2019
3304557-007;RJ;  Rio de Janeiro ;3304557;ABREE;PEV fixo;Ativo;24/09/2020
5300108-024;DF;Brasília;5300108;Green Eletron;PEV fixo;Ativo;23/12/2019
5208707-005;GO;Goiania;5208707;ABREE;PEV fixo;Ativo;27/04/2019
3304557-006;RJ;RIO DE JANEIRO;3304557;ABREE;PEV fixo;Ativo;02/02/2020
2906006-000;BA;Campo Formoso;2906006;ABREE;PEV fixo;Ativo;17/02/2019
2112704-000;MA;VARGEM GRANDE;2112704;Green Eletron;PEV fixo;Ativo;04/09/2019
3153608-000;MG;Prudente de Morais;3153608;Sistema individual;PEV fixo;Ativo;23/12/2020
3550308-154;SP;SÃO PAULO;;Green Eletron;PEV fixo;Ativo;15/01/2020
2106102-000;MA;Loreto;2106102;Green Eletron;PEV fixo;Ativo;02/04/2019
3118601-000;MG;Contagem;3118601;Green Eletron;PEV fixo;Ativo;23/11/2019
4122107-000;PR;Rio Bom;4122107;Green Eletron;PEV fixo;Ativo;10/05/2020
4314902-023;RS;PORTO ALEGRE;4314902;ABREE;Campanha itinerante;Ativo;18/02/2020
4314902-042;RS;Porto Alegre;4314902;Sistema individual;Campanha itinerante;Ativo;11/02/2020
2408102-006;RN;Natal;2408102;Green Eletron;PEV fixo;Ativo;22/06/2020
3553500-000;SP;Tapiraí;3553500;Green Eletron;PEV fixo;Ativo;23/02/2020
4316808-000;RS;Santa Cruz do Sul;4316808;ABREE;PEV fixo;Ativo;13/01/2020
3541653-002;SP;QUADRA;3541653;Green Eletron;Ponto de consolidação;Ativo;23/06/2020
4314902-051;RS;Porto Alegre;4314902;Green Eletron;PEV fixo;Ativo;17/04/2020
2610004-000;PE;Palmares;2610004;Green Eletron;PEV fixo;Ativo;15/01/2020
3157377-000;MG;Santa Cruz de Salinas;3157377;Green Eletron;PEV fixo;Ativo;11/10/2020
3515152-000;SP;Engenheiro Coelho;3515152;Sistema individual;PEV fixo;Ativo;18/05/2020
3160207-005;MG;Santo Antonio do Itambe;3160207;Green Eletron;Ponto de consolidação;Ativo;12/02/2020
4128401-001;PR;Uraí;4128401;ABREE;PEV fixo;Ativo;10/10/2020
2304400-037;CE;Fortaleza;2304400;Green Eletron;PEV fixo;Ativo;21/03/2020
2910909-000;BA;FIRMINO ALVES;2910909;Green Eletron;PEV fixo;Ativo;01/04/2020
2920502-000;BA;MARACÁS;2920502;Green Eletron;PEV fixo;Ativo;12/06/2020
2408102-007;RN;Natal;2408102;Green Eletron;Ponto de consolidação;Ativo;11/04/2020
3515129-000;SP;Emilianópolis;3515129;Green Eletron;Ponto de consolidação;Ativo;02/10/2020
3549508-003;SP;São José da Bela Vista;3549508;Sistema individual;PEV fixo;Ativo;23/10/2020
2111300-039;MA;São Luís;2111300;Green Eletron;PEV fixo;Ativo;07/06/2020
2211001-005;PI;Teresina;2211001;Green Eletron;PEV fixo;Ativo;26/02/2019
2111300-011;MA;SÃO LUÍS;2111300;Green Eletron;PEV fixo;Ativo;04/02/2019
3114006-000;MG;Carmo da Mata;3114006;Green Eletron;PEV fixo;Ativo;28/12/2019
3126109-000;MG;Formiga;3126109;ABREE;Ponto de consolidação;Ativo;17/10/2019
3550308-141;SP;São Paulo;3550308;Sistema individual;PEV fixo;Ativo;23/09/2020
3164704-000;MG;São Sebastião do Paraíso;3164704;ABREE;PEV fixo;Ativo;03/07/2020
4307831-000;RS;  Eugênio de Castro ;4307831;ABREE;PEV fixo;Ativo;02/07/2020
2111300-006;MA;SÃO LUÍS;2111300;ABREE;PEV fixo;Ativo;06/01/2019
2605806-000;PE;Frei Miguelinho;2605806;Green Eletron;Ponto de consolidação;Ativo;16/01/2019
3304557-010;RJ;Rio de Janeiro;3304557;ABREE;PEV fixo;Ativo;28/06/2020
3528700-000;SP;Maraba Paulista;3528700;ABREE;PEV fixo;Ativo;18/05/2019
3168200-000;MG;TAPIRAÍ;3168200;Green Eletron;PEV fixo;Ativo;10/11/2019
3550308-131;SP;SÃO PAULO;3550308;Green Eletron;PEV fixo;Ativo;13/07/2020
4205407-002;SC;Florianopolis;4205407;ABREE;PEV fixo;Ativo;11/03/2019
5212956-000;GO;Matrinchã;5212956;Green Eletron;Ponto de consolidação;Ativo;09/10/2019
3126505-000;MG;Francisco Badaro;3126505;ABREE;Ponto de consolidação;Ativo;20/06/2020
1501402-004;PA;BELÉM;1501402;Green Eletron;PEV fixo;Ativo;02/11/2020
3555109-002;SP;TUPI PAULISTA;3555109;Sistema individual;PEV fixo;Ativo;13/04/2020
5200803-000;GO;Alvorada do Norte;5200803;ABREE;PEV fixo;Ativo;09/04/2020
3129608-000;MG;Ibiaí;3129608;Green Eletron;Ponto de consolidação;Ativo;28/08/2020
5208707-002;GO;Goiânia;5208707;Green Eletron;PEV fixo;Ativo;17/09/2019
3121902-000;MG;Divinésia;3121902;ABREE;PEV fixo;Ativo;16/05/2019
4305306-000;RS;CHAPADA;4305306;Sistema individual;PEV fixo;Ativo;06/09/2020
4128534-000;PR;Ventania;4128534;Green Eletron;PEV fixo;Ativo;28/01/2019
4311130-000;RS;Jari;4311130;ABREE;PEV fixo;Ativo;21/11/2019
2110807-000;MA;São Félix de Balsas;2110807;Green Eletron;Campanha itinerante;Ativo;07/09/2019
2408102-005;RN;Natal;2408102;Green Eletron;PEV fixo;Ativo;23/04/2020
2920502-001;BA;Maracás;2920502;Green Eletron;Ponto de consolidação;Ativo;26/07/2020
2111300-009;MA;São Luís;2111300;ABREE;PEV fixo;Ativo;03/03/2019
2616183-005;PE;Vertente do Lério;2616183;Green Eletron;PEV fixo;Ativo;27/08/2020
2400208-000;RN;AÇU;2400208;Green Eletron;Ponto de consolidação;Ativo;14/09/2019
3503703-001;SP;Ariranha;3503703;Green Eletron;PEV fixo;Ativo;03/10/2020
4106902-026;PR;Curitiba;4106902;Green Eletron;PEV fixo;Ativo;11/01/2020
3550308-167;SP;São Paulo;3550308;Green Eletron;Ponto de consolidação;Ativo;22/01/2020
3548203-000;SP;Santo Antônio do Pinhal;3548203;ABREE;Ponto de consolidação;Ativo;25/01/2020
2111300-050;MA;São Luís;2111300;ABREE;PEV fixo;Ativo;20/11/2020
3550308-028;SP;SÃO PAULO;3550308;ABREE;PEV fixo;Ativo;23/10/2019
3126000-000;MG;FLORESTAL;3126000;ABREE;PEV fixo;Ativo;21/09/2020
3301108-004;RJ;CANTAGALO;3301108;Green Eletron;PEV fixo;Ativo;26/05/2020
2609600-000;PE;OLINDA;2609600;Green Eletron;PEV fixo;Ativo;21/04/2020
3550308-059;SP;São Paulo;3550308;Green Eletron;PEV fixo;Ativo;04/06/2019
3513009-001;SP;Cotia;3513009;Green Eletron;PEV fixo;Ativo;07/11/2019
3169356-000;MG;TRÊS MARIAS;3169356;Sistema individual;PEV fixo;Ativo;02/09/2020
3160207-000;MG;SANTO ANTÔNIO DO ITAMBÉ;3160207;ABREE;PEV fixo;Ativo;15/03/2019
4210308-000;SC;Major Vieira;4210308;ABREE;PEV fixo;Ativo;11/04/2020
3515194-001;SP;Espirito Santo do Turvo;3515194;ABREE;Ponto de consolidação;Ativo;28/01/2020
2703759-000;AL;  Jequiá da Praia ;2703759;ABREE;Ponto de consolidação;Ativo;20/10/2020
2611606-013;PE;Recife;2611606;Green Eletron;PEV fixo;Ativo;09/10/2020
3106200-058;MG;  Belo Horizonte ;3106200;ABREE;PEV fixo;Ativo;27/05/2020
3123528-001;MG;Durande;3123528;Green Eletron;PEV fixo;Ativo;10/03/2020
3118304-000;MG;Conselheiro Lafaiete;3118304;Green Eletron;PEV fixo;Ativo;03/12/2019
2107506-000;MA;Paco do Lumiar;2107506;ABREE;PEV fixo;Ativo;22/02/2019
4217501-000;SC;Seara;4217501;ABREE;Campanha itinerante;Ativo;13/02/2019
3109253-000;MG;Bugre;3109253;Green Eletron;PEV fixo;Ativo;28/01/2020
4207700-000;SC;Ipumirim;4207700;Green Eletron;PEV fixo;Inativo;17/03/2020
3550308-075;SP;Sao Paulo;3550308;Green Eletron;PEV fixo;Ativo;09/09/2019
4201109-000;SC;Anitapolis;4201109;Green Eletron;PEV fixo;Ativo;10/02/2020
2611606-016;PE;RECIFE;2611606;ABREE;Ponto de consolidação;Ativo;03/09/2020
3141900-000;MG;MINDURI;3141900;ABREE;PEV fixo;Ativo;02/02/2019
4205407-006;SC;Florianópolis;4205407;Green Eletron;PEV fixo;Ativo;25/01/2019
1502939-000;PA;Dom Eliseu;1502939;Green Eletron;PEV fixo;Ativo;26/02/2019
4317608-000;RS;SANTO ANTÔNIO DA PATRULHA;4317608;ABREE;PEV fixo;Ativo;26/08/2020
4209706-000;SC;LEBON RÉGIS;4209706;Green Eletron;PEV fixo;Ativo;08/12/2020
3532900-011;SP;NOVA EUROPA;3532900;ABREE;PEV fixo;Ativo;14/09/2020
3546009-001;SP;Santa Branca;3546009;ABREE;PEV fixo;Ativo;04/05/2019
3300803-000;RJ;Cachoeiras de Macacu;3300803;ABREE;PEV fixo;Ativo;10/11/2020
4106902-006;PR;Curitiba;4106902;ABREE;Campanha itinerante;Ativo;02/11/2020
3550308-033;SP;São Paulo;3550308;Green Eletron;PEV fixo;Ativo;14/12/2019
3304508-003;RJ;RIO DAS FLORES;3304508;ABREE;PEV fixo;Ativo;09/01/2020
2110278-000;MA;SANTO AMARO DO MARANHÃO;2110278;Green Eletron;Campanha itinerante;Ativo;01/09/2020
3542602-000;SP;  Registro ;3542602;Green Eletron;PEV fixo;Ativo;28/02/2019
3304557-019;RJ;Rio de Janeiro;3304557;ABREE;PEV fixo;Ativo;14/09/2020
2111300-028;MA;SÃO LUÍS;2111300;Green Eletron;PEV fixo;Inativo;20/07/2019
4118501-000;PR;PATO BRANCO;4118501;ABREE;PEV fixo;Inativo;02/01/2019
4126256-000;PR;Sarandi;4126256;Sistema individual;PEV fixo;Ativo;01/09/2020
3506409-000;SP;Bilac;3506409;ABREE;Campanha itinerante;Ativo;09/07/2020
1721000-005;TO;Palmas;1721000;Green Eletron;PEV fixo;Ativo;11/06/2020
3135076-000;MG;Jampruca;3135076;ABREE;PEV fixo;Ativo;27/12/2019
3304557-056;RJ;Rio de Janeiro;3304557;ABREE;PEV fixo;Ativo;05/11/2020
4312203-000;RS;MAXIMILIANO DE ALMEIDA;4312203;Green Eletron;PEV fixo;Ativo;03/05/2019
2211001-004;PI;Teresina;2211001;Green Eletron;Campanha itinerante;Ativo;11/10/2019
3302403-006;RJ;Macaé;3302403;ABREE;PEV fixo;Ativo;05/09/2020
3517703-001;SP;Guará;3517703;ABREE;PEV fixo;Ativo;08/02/2020
3142908-000;MG;Monte Azul;3142908;Green Eletron;PEV fixo;Ativo;09/06/2020
3538808-001;SP;Piraju;3538808;ABREE;PEV fixo;Ativo;17/07/2019
2104081-000;MA;FERNANDO FALCÃO;2104081;Green Eletron;PEV fixo;Ativo;09/07/2019
3550308-010;SP;Sao Paulo;3550308;ABREE;PEV fixo;Ativo;15/07/2019
2514008-000;PB;São João do Cariri;2514008;ABREE;Campanha itinerante;Ativo;23/09/2020
4314902-006;RS;Porto Alegre;4314902;ABREE;Campanha itinerante;Ativo;28/01/2020
3106200-043;MG;  Belo Horizonte ;3106200;Green Eletron;PEV fixo;Ativo;10/05/2020
4314902-001;RS;Porto Alegre;4314902;Sistema individual;PEV fixo;Ativo;21/06/2020
5300108-013;DF;Brasilia;5300108;ABREE;PEV fixo;Ativo;06/04/2019
3525409-000;SP;Jeriquara;3525409;Green Eletron;PEV fixo;Ativo;15/11/2019
3550308-155;SP;SÃO PAULO;3550308;ABREE;Campanha itinerante;Ativo;08/10/2020
3304557-037;RJ;Rio de Janeiro;3304557;Green Eletron;Ponto de consolidação;Ativo;25/07/2020
4304713-000;RS;  Caraá ;4304713;ABREE;Campanha itinerante;Ativo;06/07/2019
3550308-001;SP;São Paulo;3550308;ABREE;PEV fixo;Ativo;04/02/2019
2927408-005;BA;Salvador;2927408;Green Eletron;PEV fixo;Ativo;07/09/2019
3538808-010;SP;Piraju;3538808;Green Eletron;PEV fixo;Ativo;18/01/2019
3304557-023;RJ;Rio de Janeiro;3304557;Green Eletron;PEV fixo;Ativo;10/11/2020
3555109-003;SP;Tupi Paulista;3555109;ABREE;PEV fixo;Ativo;25/12/2020
4313904-000;RS;  Panambi ;4313904;ABREE;PEV fixo;Ativo;27/09/2019
2927408-051;BA;Salvador;2927408;ABREE;Campanha itinerante;Ativo;17/03/2020
3530102-002;SP;MIRANDÓPOLIS;3530102;Green Eletron;PEV fixo;Ativo;01/01/2020
2403400-000;RN;EQUADOR;2403400;Green Eletron;PEV fixo;Ativo;11/03/2019
2927408-028;BA;Salvador;2927408;Green Eletron;Ponto de consolidação;Ativo;24/04/2019
5300108-047;DF;Brasília;5300108;Green Eletron;PEV fixo;Ativo;22/01/2020
3532009-005;SP;MORUNGABA;3532009;Sistema individual;PEV fixo;Ativo;03/03/2020
3550308-071;SP;Sao Paulo;3550308;Green Eletron;PEV fixo;Ativo;27/01/2019
4124103-000;PR;Santo Antônio da Platina;4124103;Green Eletron;PEV fixo;Ativo;25/05/2019
4315149-000;RS;Presidente Lucena;4315149;ABREE;PEV fixo;Ativo;06/02/2019
3301876-000;RJ;Iguaba Grande;3301876;ABREE;PEV fixo;Ativo;17/08/2020
3521507-000;SP;Irapua;3521507;Green Eletron;PEV fixo;Ativo;14/01/2019
3517703-000;SP;GUARÁ;3517703;ABREE;PEV fixo;Ativo;28/12/2019
4123006-000;PR;Salto do Lontra;4123006;Green Eletron;PEV fixo;Ativo;22/08/2019
1709500-000;TO;Gurupi;1709500;ABREE;PEV fixo;Ativo;12/08/2020
2304400-011;CE;  Fortaleza ;2304400;ABREE;PEV fixo;Ativo;01/07/2019
2927408-052;BA;Salvador;2927408;Green Eletron;PEV fixo;Ativo;03/01/2020
4314902-030;RS;PORTO ALEGRE;4314902;ABREE;PEV fixo;Ativo;25/03/2020
4205407-033;SC;Florianópolis;4205407;ABREE;PEV fixo;Ativo;22/08/2020
2103000-000;MA;Caxias;2103000;ABREE;PEV fixo;Ativo;15/01/2020
5208707-009;GO;Goiânia;5208707;Green Eletron;PEV fixo;Ativo;10/11/2020
4106902-023;PR;CURITIBA;4106902;Green Eletron;Ponto de consolidação;Ativo;26/01/2020
1713700-000;TO;Monte Santo do Tocantins;1713700;Green Eletron;PEV fixo;Ativo;22/11/2020
4115754-000;PR;Mauá da Serra;4115754;ABREE;PEV fixo;Ativo;15/09/2019
5300108-019;DF;Brasília;5300108;ABREE;Ponto de consolidação;Ativo;05/04/2019
3550308-032;SP;São Paulo;3550308;ABREE;PEV fixo;Ativo;22/06/2019
5202601-000;GO;Aurilândia;5202601;Green Eletron;PEV fixo;Ativo;27/05/2019
4120903-000;PR;QUEDAS DO IGUAÇU;4120903;Green Eletron;PEV fixo;Ativo;14/01/2019
4206652-000;SC;GUATAMBÚ;4206652;ABREE;PEV fixo;Ativo;15/10/2020
2112274-000;MA;TUFILÂNDIA;2112274;Green Eletron;PEV fixo;Ativo;13/12/2020
3106200-023;MG;Belo Horizonte;3106200;Green Eletron;Campanha itinerante;Ativo;17/04/2020
3550308-041;SP;SÃO PAULO;3550308;Green Eletron;PEV fixo;Ativo;24/09/2019
4300901-000;RS;Aratiba;4300901;Sistema individual;PEV fixo;Ativo;17/12/2020
2101939-002;MA;  Bernardo do Mearim ;2101939;ABREE;Campanha itinerante;Ativo;21/01/2020
5219902-000;GO;São Francisco de Goiás;5219902;Sistema individual;PEV fixo;Ativo;25/05/2019
2927101-000;BA;Rodelas;2927101;Green Eletron;PEV fixo;Ativo;21/04/2020
4314902-043;RS;Porto Alegre;4314902;Green Eletron;PEV fixo;Ativo;24/08/2020
3160900-000;MG;São Brás do Suaçuí;3160900;ABREE;PEV fixo;Ativo;16/02/2020
2933505-000;BA;WENCESLAU GUIMARÃES;2933505;ABREE;Ponto de consolidação;Ativo;07/05/2020
3550308-138;SP;Sao Paulo;3550308;Green Eletron;PEV fixo;Ativo;15/10/2020
2927804-000;BA;Santa Cruz da Vitória;2927804;Green Eletron;PEV fixo;Ativo;28/10/2020
5212253-000;GO;Lagoa Santa;5212253;Green Eletron;PEV fixo;Ativo;04/08/2019
5300108-048;DF;Brasilia;5300108;ABREE;PEV fixo;Ativo;19/11/2020
3550308-025;SP;Sao Paulo;3550308;Green Eletron;PEV fixo;Ativo;22/08/2019
1302603-004;AM;MANAUS;1302603;ABREE;PEV fixo;Ativo;11/03/2020
2927408-035;BA;  Salvador ;2927408;ABREE;PEV fixo;Ativo;15/10/2019
3304557-016;RJ;RIO DE JANEIRO;3304557;ABREE;Campanha itinerante;Ativo;11/02/2020
3162005-000;MG;São Gonçalo do Sapucaí;3162005;Green Eletron;PEV fixo;Ativo;09/07/2019
2304400-041;CE;Fortaleza;2304400;Green Eletron;PEV fixo;Ativo;13/05/2020
5213087-000;GO;Minacu;5213087;Sistema individual;PEV fixo;Ativo;07/02/2020
3550308-123;SP;SÃO PAULO;3550308;ABREE;PEV fixo;Inativo;14/03/2020
2927408-031;BA;SALVADOR;2927408;ABREE;PEV fixo;Ativo;25/11/2019
3524402-001;SP;Jacareí;3524402;ABREE;PEV fixo;Ativo;06/05/2020
3134202-000;MG;Ituiutaba;3134202;ABREE;PEV fixo;Ativo;04/09/2019
3107307-000;MG;Bocaiúva;3107307;ABREE;PEV fixo;Ativo;20/06/2020
3550308-174;SP;São Paulo;3550308;Sistema individual;PEV fixo;Ativo;16/09/2020
4314902-039;RS;PORTO ALEGRE;4314902;Green Eletron;PEV fixo;Ativo;16/02/2020
3545803-000;SP;Santa Barbara d'Oeste;3545803;ABREE;PEV fixo;Ativo;10/01/2020
2927408-038;BA;  Salvador ;2927408;Green Eletron;PEV fixo;Ativo;06/05/2019
3550308-009;SP;Sao Paulo;3550308;Green Eletron;Campanha itinerante;Ativo;08/01/2019
4108700-000;PR;Grandes Rios;4108700;Sistema individual;PEV fixo;Ativo;24/03/2019
2708600-000;AL;SÃO MIGUEL DOS CAMPOS;2708600;Green Eletron;PEV fixo;Ativo;04/05/2020
2304251-005;CE;CRUZ;2304251;ABREE;PEV fixo;Ativo;05/09/2020
2501153-000;PB;Areia de Baraúnas;2501153;ABREE;PEV fixo;Ativo;03/07/2020
4204400-000;SC;Coronel Freitas;4204400;Green Eletron;PEV fixo;Ativo;03/12/2019
4205407-004;SC;FLORIANÓPOLIS;4205407;ABREE;PEV fixo;Ativo;10/11/2019
3202405-000;ES;Guarapari;3202405;Green Eletron;PEV fixo;Ativo;27/01/2020
2616183-004;PE;Vertente do Lério;2616183;Sistema individual;PEV fixo;Ativo;27/08/2020
2500775-000;PB;Aparecida;2500775;ABREE;PEV fixo;Ativo;13/11/2020
5104526-000;MT;Ipiranga do Norte;5104526;ABREE;PEV fixo;Ativo;11/11/2020
3204351-000;ES;Rio Bananal;3204351;ABREE;PEV fixo;Ativo;08/03/2020
3106200-039;MG;Belo Horizonte;3106200;Green Eletron;PEV fixo;Ativo;24/09/2020
2927408-047;BA;  Salvador ;2927408;Green Eletron;PEV fixo;Ativo;04/05/2020
3532009-008;SP;Morungaba;3532009;Green Eletron;Ponto de consolidação;Ativo;06/07/2020
3106200-069;MG;Belo Horizonte;3106200;Green Eletron;PEV fixo;Ativo;08/08/2020
3302403-004;RJ;MACAÉ;3302403;ABREE;PEV fixo;Ativo;27/11/2019
5103908-000;MT;General Carneiro;5103908;ABREE;PEV fixo;Ativo;19/01/2020
5300108-017;DF;Brasilia;5300108;ABREE;PEV fixo;Ativo;13/02/2019
4128500-000;PR;Wenceslau Braz;4128500;Green Eletron;PEV fixo;Ativo;23/01/2019
2104008-000;MA;Esperantinópolis;2104008;ABREE;PEV fixo;Ativo;02/09/2019
3550308-168;SP;São Paulo;3550308;Green Eletron;Ponto de consolidação;Ativo;27/12/2020
3550308-016;SP;  São Paulo ;3550308;ABREE;PEV fixo;Ativo;03/08/2019
5300108-016;DF;Brasília;5300108;Green Eletron;PEV fixo;Ativo;20/07/2019
2506608-000;PB;IBIARA;2506608;ABREE;PEV fixo;Ativo;27/08/2020
3302403-005;RJ;Macaé;3302403;Green Eletron;PEV fixo;Ativo;06/08/2020
1300086-000;AM;Anamã;1300086;ABREE;PEV fixo;Ativo;12/09/2020
2932903-000;BA;Valença;2932903;Green Eletron;PEV fixo;Ativo;28/02/2020
3550308-077;SP;Sao Paulo;3550308;ABREE;PEV fixo;Ativo;01/09/2019
2933000-000;BA;Valente;2933000;ABREE;PEV fixo;Ativo;18/07/2020
3533254-000;SP;Novais;3533254;ABREE;PEV fixo;Ativo;07/07/2020
2112803-000;MA;Viana;2112803;Green Eletron;PEV fixo;Ativo;10/03/2019
4106902-015;PR;Curitiba;4106902;Green Eletron;PEV fixo;Ativo;26/11/2020
2927408-020;BA;  Salvador ;2927408;ABREE;PEV fixo;Ativo;18/07/2019
3110400-000;MG;  Camacho ;3110400;Green Eletron;PEV fixo;Ativo;18/08/2019
2313104-000;CE;Tabuleiro do Norte;2313104;ABREE;Campanha itinerante;Ativo;24/03/2020
1508126-000;PA;ULIANÓPOLIS;1508126;Green Eletron;PEV fixo;Ativo;05/08/2019
2304400-015;CE;FORTALEZA;2304400;Green Eletron;PEV fixo;Inativo;11/11/2019
3304557-067;RJ;Rio de Janeiro;3304557;ABREE;PEV fixo;Ativo;13/11/2020
3537404-001;SP;Pereira Barreto;3537404;Green Eletron;PEV fixo;Ativo;04/04/2020
2101731-000;MA;BELÁGUA;2101731;ABREE;PEV fixo;Ativo;19/08/2020
3550308-037;SP;São Paulo;3550308;ABREE;PEV fixo;Ativo;11/04/2019
5006606-000;MS;Ponta Porã;5006606;Green Eletron;Campanha itinerante;Ativo;28/06/2019
2611606-019;PE;RECIFE;2611606;Green Eletron;PEV fixo;Ativo;02/12/2020
4314902-035;RS;PORTO ALEGRE;4314902;ABREE;PEV fixo;Ativo;11/03/2020
2913507-000;BA;Iguaí;2913507;Green Eletron;PEV fixo;Ativo;12/01/2019
4314779-000;RS;Pontão;4314779;ABREE;PEV fixo;Ativo;23/05/2019
4205407-013;SC;Florianópolis;4205407;Green Eletron;PEV fixo;Ativo;22/06/2019
1721000-006;TO;Palmas;1721000;ABREE;PEV fixo;Ativo;14/11/2020
2601003-000;PE;Angelim;2601003;ABREE;PEV fixo;Ativo;17/01/2019
3304557-045;RJ;  Rio de Janeiro ;3304557;Sistema individual;PEV fixo;Ativo;12/05/2020
4205407-034;SC;Florianópolis;4205407;Sistema individual;Ponto de consolidação;Ativo;24/01/2020
3106200-091;MG;BELO HORIZONTE;3106200;ABREE;PEV fixo;Ativo;10/08/2020
2601052-000;PE;ARAÇOIABA;2601052;ABREE;PEV fixo;Ativo;09/09/2020
2910008-000;BA;Dario Meira;2910008;ABREE;PEV fixo;Ativo;13/10/2019
3550308-114;SP;São Paulo;3550308;ABREE;PEV fixo;Ativo;22/06/2020
3302502-000;RJ;MAGÉ;3302502;Green Eletron;PEV fixo;Ativo;23/08/2020
2926202-000;BA;Riachao das Neves;2926202;Sistema individual;Campanha itinerante;Ativo;22/07/2019
4118006-000;PR;Paraíso do Norte;4118006;ABREE;PEV fixo;Ativo;05/06/2019
4314902-015;RS;Porto Alegre;4314902;ABREE;PEV fixo;Ativo;20/04/2020
4217956-000;SC;Tigrinhos;4217956;ABREE;PEV fixo;Ativo;23/12/2019
4200408-000;SC;ÁGUA DOCE;4200408;Green Eletron;Campanha itinerante;Ativo;28/01/2020
2919009-000;BA;Lajedinho;2919009;ABREE;Ponto de consolidação;Ativo;02/04/2019
2209302-000;PI;SANTA LUZ;2209302;ABREE;PEV fixo;Ativo;24/09/2019
2304400-038;CE;Fortaleza;2304400;Green Eletron;PEV fixo;Ativo;17/08/2020
3304557-001;RJ;RIO DE JANEIRO;3304557;ABREE;Ponto de consolidação;Ativo;12/11/2020
2913705-000;BA;Inhambupe;2913705;ABREE;PEV fixo;Ativo;21/06/2020
4217907-000;SC;TANGARÁ;4217907;Green Eletron;PEV fixo;Ativo;04/02/2019
1600303-000;AP;MACAPÁ;;Green Eletron;PEV fixo;Ativo;16/10/2020
3106200-011;MG;Belo Horizonte;3106200;Green Eletron;PEV fixo;Ativo;03/09/2020
5300108-023;DF;Brasília;5300108;ABREE;PEV fixo;Ativo;16/08/2019
2200202-000;PI;Agua Branca;2200202;ABREE;PEV fixo;Ativo;03/10/2020
3538808-002;SP;Piraju;3538808;ABREE;Campanha itinerante;Ativo;27/08/2019
2927408-060;BA;Salvador;2927408;ABREE;PEV fixo;Ativo;06/03/2020
4106902-027;PR;Curitiba;4106902;ABREE;PEV fixo;Ativo;26/04/2020
3165206-000;MG;São Thomé das Letras;3165206;Green Eletron;PEV fixo;Ativo;20/01/2020
2921500-000;BA;Monte Santo;2921500;ABREE;PEV fixo;Ativo;02/06/2019
1703701-000;TO;Brejinho de Nazaré;1703701;Green Eletron;PEV fixo;Ativo;04/07/2020
2507507-003;PB;João Pessoa;2507507;Green Eletron;Ponto de consolidação;Ativo;04/01/2019
3553104-000;SP;Taiacu;3553104;ABREE;PEV fixo;Ativo;16/10/2019
3302700-008;RJ;Maricá;3302700;ABREE;PEV fixo;Ativo;23/02/2020
3150158-000;MG;Piedade de Caratinga;3150158;ABREE;PEV fixo;Ativo;06/11/2019
4314902-004;RS;Porto Alegre;4314902;ABREE;Ponto de consolidação;Ativo;08/09/2020
1508209-003;PA;VIGIA;1508209;Green Eletron;Campanha itinerante;Ativo;20/07/2019
5209606-000;GO;HEITORAÍ;5209606;ABREE;PEV fixo;Ativo;28/11/2019
2704302-000;AL;Maceió;2704302;ABREE;PEV fixo;Ativo;26/03/2020
4314902-049;RS;Porto Alegre;4314902;Sistema individual;Ponto de consolidação;Ativo;17/03/2020
2105708-000;MA;Lago da Pedra;2105708;Green Eletron;PEV fixo;Ativo;12/12/2019
2304400-045;CE;FORTALEZA;2304400;Green Eletron;PEV fixo;Ativo;10/08/2020
3167905-000;MG;TABULEIRO;3167905;Green Eletron;PEV fixo;Ativo;10/03/2019
4117909-000;PR;Palotina;4117909;ABREE;PEV fixo;Ativo;16/09/2020
5106190-000;MT;Nova Santa Helena;5106190;Green Eletron;PEV fixo;Ativo;07/02/2019
2611606-008;PE;RECIFE;2611606;Sistema individual;PEV fixo;Ativo;27/05/2020
3550308-151;SP;SÃO PAULO;3550308;Green Eletron;Campanha itinerante;Ativo;07/08/2020
3139201-000;MG;  Malacacheta ;3139201;ABREE;PEV fixo;Ativo;24/01/2019
2800308-000;SE;Aracaju;2800308;ABREE;PEV fixo;Ativo;16/02/2019
3205309-007;ES;Vitória;3205309;Green Eletron;PEV fixo;Ativo;18/05/2020
2412708-000;RN;  São Pedro ;2412708;ABREE;PEV fixo;Ativo;22/03/2019
1302405-000;AM;Lábrea;1302405;ABREE;Campanha itinerante;Ativo;15/10/2020
4301008-000;RS;Arroio do Meio;4301008;Green Eletron;PEV fixo;Ativo;09/06/2019
3532009-004;SP;Morungaba;3532009;Green Eletron;PEV fixo;Ativo;08/02/2019
2927408-002;BA;Salvador;2927408;ABREE;PEV fixo;Ativo;19/03/2019
4314902-007;RS;Porto Alegre;4314902;ABREE;PEV fixo;Ativo;12/06/2020
5205901-000;GO;CORUMBAÍBA;5205901;ABREE;Ponto de consolidação;Ativo;25/06/2020
1100205-003;RO;Porto Velho;1100205;Green Eletron;PEV fixo;Ativo;18/06/2020
1301803-000;AM;Ipixuna;1301803;Green Eletron;PEV fixo;Ativo;08/03/2019
3550308-112;SP;Sao Paulo;3550308;Sistema individual;Campanha itinerante;Ativo;05/06/2020
3301876-002;RJ;IGUABA GRANDE;3301876;Sistema individual;PEV fixo;Ativo;12/04/2020
2927408-039;BA;SALVADOR;2927408;Green Eletron;PEV fixo;Ativo;05/08/2019
4310652-000;RS;Itati;4310652;Sistema individual;PEV fixo;Ativo;16/06/2019
2611606-009;PE;  Recife ;2611606;ABREE;PEV fixo;Ativo;11/07/2020
2301109-000;CE;ARACATI;2301109;Green Eletron;PEV fixo;Ativo;06/04/2020
1100304-000;RO;Vilhena;1100304;Green Eletron;Campanha itinerante;Ativo;10/05/2019
3133501-000;MG;Itapecerica;3133501;ABREE;PEV fixo;Ativo;01/09/2019
3526803-003;SP;LENÇÓIS PAULISTA;3526803;Green Eletron;PEV fixo;Ativo;19/01/2020
3521903-000;SP;Itajobi;3521903;Green Eletron;PEV fixo;Ativo;07/08/2019
3525607-002;SP;Joao Ramalho;3525607;Green Eletron;PEV fixo;Ativo;26/03/2020
2411700-000;RN;Sao Bento do Trairi;2411700;Green Eletron;PEV fixo;Ativo;16/04/2019
3301702-000;RJ;Duque de Caxias;3301702;ABREE;PEV fixo;Ativo;26/06/2019
4310207-002;RS;Ijuí;4310207;Green Eletron;PEV fixo;Ativo;13/03/2020
1303304-000;AM;Novo Aripuanã;1303304;ABREE;PEV fixo;Ativo;27/05/2019
2307007-000;CE;Jaguaruana;2307007;ABREE;PEV fixo;Ativo;04/12/2019
2308351-000;CE;Milhã;2308351;ABREE;PEV fixo;Ativo;08/02/2020
3143906-000;MG;MURIAÉ;3143906;Green Eletron;PEV fixo;Ativo;10/11/2019
3303609-000;RJ;PARACAMBI;3303609;Sistema individual;Campanha itinerante;Ativo;13/03/2019
4115457-002;PR;Marquinho;4115457;ABREE;PEV fixo;Ativo;02/05/2019
2310001-000;CE;PALHANO;2310001;ABREE;PEV fixo;Ativo;27/11/2020
4109906-000;PR;ICARAÍMA;4109906;Green Eletron;PEV fixo;Ativo;24/11/2020
3106200-027;MG;Belo Horizonte;3106200;ABREE;PEV fixo;Ativo;23/06/2020
4205407-029;SC;Florianópolis;4205407;ABREE;PEV fixo;Ativo;19/06/2020
1304005-001;AM;Silves;1304005;ABREE;Campanha itinerante;Ativo;13/10/2020
3108909-000;MG;Brazópolis;3108909;ABREE;PEV fixo;Ativo;15/05/2019
3520301-000;SP;Iguape;3520301;ABREE;PEV fixo;Ativo;27/10/2020
3166808-000;MG;Serra do Salitre;3166808;Sistema individual;PEV fixo;Ativo;22/07/2019
2405801-000;RN;João Câmara;2405801;Green Eletron;Ponto de consolidação;Ativo;18/05/2020
4302303-000;RS;Bom Jesus;4302303;Green Eletron;Ponto de consolidação;Ativo;28/05/2020
2707602-000;AL;Quebrangulo;2707602;ABREE;PEV fixo;Ativo;06/06/2019
5300108-033;DF;Brasília;5300108;Green Eletron;PEV fixo;Ativo;17/08/2020
4200705-000;SC;ALFREDO WAGNER;4200705;Green Eletron;PEV fixo;Ativo;21/10/2020
3550308-061;SP;Sao Paulo;3550308;Green Eletron;PEV fixo;Ativo;10/10/2019
2906808-000;BA;Cansanção;2906808;ABREE;Ponto de consolidação;Ativo;23/06/2019
5300108-029;DF;BRASÍLIA;5300108;Green Eletron;PEV fixo;Ativo;20/03/2019
3106200-021;MG;  Belo Horizonte ;3106200;Green Eletron;Ponto de consolidação;Ativo;25/06/2020
1501204-000;PA;  Baião ;1501204;ABREE;PEV fixo;Ativo;23/07/2019
1721000-004;TO;Palmas;1721000;ABREE;PEV fixo;Ativo;21/02/2020
4128708-000;PR;Vitorino;4128708;Green Eletron;PEV fixo;Ativo;11/02/2020
3106200-030;MG;Belo Horizonte;3106200;Green Eletron;PEV fixo;Ativo;15/03/2020
3551504-000;SP;SERRANA;3551504;Green Eletron;PEV fixo;Ativo;12/04/2019
2203305-000;PI;Demerval Lobão;2203305;ABREE;PEV fixo;Ativo;28/11/2020
5300108-039;DF;Brasilia;5300108;Green Eletron;PEV fixo;Ativo;06/05/2020
5300108-034;DF;Brasilia;5300108;Green Eletron;PEV fixo;Ativo;15/02/2020
4114203-000;PR;Mandaguari;4114203;Green Eletron;PEV fixo;Ativo;23/09/2020
2304400-042;CE;Fortaleza;2304400;ABREE;PEV fixo;Ativo;06/06/2020
3303302-000;RJ;Niterói;3303302;Green Eletron;PEV fixo;Ativo;06/06/2020
2927408-026;BA;Salvador;2927408;Green Eletron;PEV fixo;Ativo;23/02/2019
5108956-000;MT;  Nova Monte Verde ;5108956;ABREE;PEV fixo;Ativo;24/03/2020
4311791-000;RS;Maratá;4311791;ABREE;PEV fixo;Ativo;20/07/2020
4123956-000;PR;SANTA MÔNICA;4123956;ABREE;PEV fixo;Ativo;23/04/2019
2304400-013;CE;FORTALEZA;2304400;Green Eletron;PEV fixo;Ativo;23/07/2019
3550308-047;SP;SÃO PAULO;3550308;Green Eletron;PEV fixo;Ativo;03/10/2019
4104253-000;PR;Campo Magro;4104253;Green Eletron;PEV fixo;Ativo;22/05/2019
2927408-058;BA;SALVADOR;2927408;Green Eletron;PEV fixo;Ativo;28/01/2020
4106902-021;PR;Curitiba;4106902;ABREE;PEV fixo;Ativo;05/02/2020
2500700-000;PB;SÃO JOÃO DO RIO DO PEIXE;2500700;Sistema individual;PEV fixo;Ativo;16/04/2019
2514404-000;PB;São José de Espinharas;2514404;ABREE;PEV fixo;Ativo;01/12/2019
2407203-000;RN;Macau;2407203;ABREE;PEV fixo;Ativo;13/08/2019
4205407-021;SC;Florianópolis;4205407;ABREE;PEV fixo;Ativo;08/07/2019
2705705-000;AL;Olho d'Água das Flores;2705705;ABREE;PEV fixo;Inativo;21/04/2019
4205407-010;SC;Florianópolis;4205407;ABREE;PEV fixo;Ativo;27/10/2019
5300108-027;DF;Brasília;5300108;ABREE;Campanha itinerante;Ativo;10/03/2019
5219738-000;GO;SANTO ANTÔNIO DE GOIÁS;5219738;ABREE;PEV fixo;Ativo;08/07/2020
2509206-000;PB;MASSARANDUBA;2509206;ABREE;PEV fixo;Ativo;17/05/2019
3160207-001;MG;Santo Antônio do Itambé;3160207;Green Eletron;PEV fixo;Ativo;25/04/2019
1711951-000;TO;Lagoa do Tocantins;1711951;ABREE;PEV fixo;Ativo;14/02/2019
2612000-000;PE;Sairé;2612000;Sistema individual;PEV fixo;Ativo;28/10/2019
3505203-000;SP;Bariri;3505203;ABREE;PEV fixo;Ativo;15/07/2020
3550308-030;SP;São Paulo;3550308;ABREE;PEV fixo;Ativo;23/05/2019
2408300-000;RN;Nova Cruz;2408300;ABREE;PEV fixo;Ativo;12/02/2019
3301207-000;RJ;CARMO;3301207;Green Eletron;PEV fixo;Ativo;26/01/2020
2111300-015;MA;SÃO LUÍS;2111300;ABREE;PEV fixo;Ativo;05/02/2019
2919900-000;BA;Macururé;2919900;ABREE;PEV fixo;Ativo;06/12/2020
2305209-000;CE;Hidrolandia;2305209;ABREE;PEV fixo;Ativo;16/03/2019
4121257-000;PR;RAMILÂNDIA;4121257;ABREE;PEV fixo;Ativo;21/06/2019
3550308-175;SP;Sao Paulo;3550308;ABREE;PEV fixo;Ativo;27/08/2020
3550308-130;SP;  São Paulo ;3550308;Green Eletron;PEV fixo;Ativo;10/04/2020
4306700-000;RS;Dona Francisca;4306700;ABREE;PEV fixo;Ativo;17/05/2020
3550308-104;SP;São Paulo;3550308;ABREE;Campanha itinerante;Ativo;18/11/2019
3523602-000;SP;Itirapina;3523602;Green Eletron;Campanha itinerante;Ativo;12/03/2019
3532009-001;SP;  Morungaba ;3532009;Sistema individual;Campanha itinerante;Ativo;01/12/2019
3132800-000;MG;Itambé do Mato Dentro;3132800;Green Eletron;PEV fixo;Ativo;19/10/2020
2404903-000;RN;Itaú;;ABREE;PEV fixo;Ativo;02/04/2019
3134905-000;MG;  Jacutinga ;3134905;Sistema individual;PEV fixo;Ativo;01/03/2019
4315800-000;RS;ROCA SALES;4315800;ABREE;PEV fixo;Ativo;12/10/2019
2207793-000;PI;PAU D'ARCO DO PIAUÍ;2207793;ABREE;PEV fixo;Ativo;08/03/2020
3555109-005;SP;Tupi Paulista;3555109;Green Eletron;PEV fixo;Ativo;26/07/2020
4209151-000;SC;José Boiteux;4209151;Green Eletron;PEV fixo;Ativo;20/03/2020
5204607-000;GO;Campestre de Goias;5204607;ABREE;Campanha itinerante;Ativo;27/04/2020
3106200-007;MG;  Belo Horizonte ;3106200;Green Eletron;PEV fixo;Ativo;13/07/2020
3550308-040;SP;São Paulo;3550308;Green Eletron;PEV fixo;Ativo;27/11/2019
4215208-000;SC;  Romelândia ;4215208;Green Eletron;PEV fixo;Ativo;21/02/2019
3106200-044;MG;  Belo Horizonte ;3106200;Green Eletron;PEV fixo;Inativo;25/03/2020
4305603-000;RS;Colorado;4305603;Green Eletron;PEV fixo;Ativo;20/06/2020
4119707-000;PR;Planaltina do Paraná;4119707;ABREE;PEV fixo;Ativo;04/06/2019
3301108-008;RJ;Cantagalo;3301108;Green Eletron;PEV fixo;Ativo;21/11/2020
4207502-000;SC;Indaial;4207502;ABREE;Campanha itinerante;Ativo;04/11/2020
2303808-000;CE;Cedro;2303808;ABREE;PEV fixo;Ativo;28/12/2019
3304557-049;RJ;RIO DE JANEIRO;3304557;Sistema individual;PEV fixo;Ativo;20/04/2020
3511300-000;SP;CEDRAL;3511300;Green Eletron;Ponto de consolidação;Ativo;13/05/2020
3550308-118;SP;São Paulo;3550308;Green Eletron;PEV fixo;Ativo;10/09/2020
2605202-000;PE;Escada;2605202;ABREE;PEV fixo;Ativo;10/09/2019
3304557-003;RJ;  Rio de Janeiro ;3304557;Green Eletron;PEV fixo;Ativo;16/07/2020
3106200-060;MG;Belo Horizonte;3106200;ABREE;Campanha itinerante;Ativo;02/05/2020
2304400-000;CE;  Fortaleza ;2304400;ABREE;PEV fixo;Ativo;25/01/2019
2408102-001;RN;Natal;2408102;Sistema individual;PEV fixo;Ativo;02/11/2020
2515807-000;PB;Serra Redonda;2515807;ABREE;PEV fixo;Ativo;20/10/2020
2608107-000;PE;João Alfredo;2608107;Green Eletron;Campanha itinerante;Ativo;07/03/2019
3550308-052;SP;SÃO PAULO;3550308;Green Eletron;PEV fixo;Ativo;28/07/2019
3169307-000;MG;Três Corações;3169307;Green Eletron;PEV fixo;Ativo;20/08/2020
1300029-002;AM;Alvarães;1300029;Green Eletron;PEV fixo;Ativo;22/02/2019
1721000-003;TO;  Palmas ;1721000;ABREE;PEV fixo;Ativo;24/08/2019
4309308-000;RS;Guaíba;4309308;ABREE;PEV fixo;Ativo;07/06/2019
3106200-064;MG;Belo Horizonte;3106200;Green Eletron;PEV fixo;Ativo;14/12/2020
2111300-013;MA;São Luís;2111300;Sistema individual;PEV fixo;Ativo;22/03/2019
3304557-051;RJ;Rio de Janeiro;3304557;ABREE;PEV fixo;Ativo;05/02/2020
2905206-000;BA;Caetite;2905206;Sistema individual;PEV fixo;Ativo;11/07/2019
3119807-000;MG;CÓRREGO DANTA;3119807;ABREE;PEV fixo;Ativo;02/09/2019
3550308-125;SP;São Paulo;3550308;ABREE;PEV fixo;Ativo;18/07/2020
3550308-100;SP;Sao Paulo;3550308;ABREE;PEV fixo;Ativo;23/06/2019
2701308-000;AL;  Cajueiro ;2701308;Green Eletron;Ponto de consolidação;Ativo;18/11/2019
5300108-025;DF;  Brasília ;5300108;Green Eletron;PEV fixo;Ativo;10/04/2019
3134301-000;MG;Itumirim;3134301;ABREE;Ponto de consolidação;Ativo;08/02/2019
2930766-000;BA;Sítio do Quinto;2930766;Sistema individual;PEV fixo;Ativo;17/03/2019
3104403-000;MG;Argirita;3104403;Green Eletron;PEV fixo;Ativo;08/08/2020
4315206-000;RS;Putinga;4315206;ABREE;Campanha itinerante;Ativo;02/04/2019
2408102-000;RN;NATAL;2408102;Green Eletron;PEV fixo;Ativo;24/02/2020
2105153-000;MA;IGARAPÉ DO MEIO;2105153;Sistema individual;PEV fixo;Ativo;10/12/2019
3106200-082;MG;Belo Horizonte;3106200;Green Eletron;Ponto de consolidação;Ativo;09/04/2020
3305307-006;RJ;São Sebastião do Alto;3305307;Green Eletron;PEV fixo;Ativo;27/08/2020
2902401-000;BA;AURELINO LEAL;2902401;ABREE;PEV fixo;Ativo;19/12/2020
4101853-000;PR;ARIRANHA DO IVAÍ;4101853;Green Eletron;PEV fixo;Ativo;02/01/2019
2611606-027;PE;RECIFE;2611606;ABREE;PEV fixo;Ativo;17/06/2020
3550308-136;SP;São Paulo;3550308;ABREE;Campanha itinerante;Ativo;26/12/2020
2111300-033;MA;São Luís;2111300;Green Eletron;PEV fixo;Ativo;17/07/2020
4310207-001;RS;Ijuí;4310207;ABREE;PEV fixo;Ativo;16/10/2020
4314902-012;RS;Porto Alegre;4314902;ABREE;PEV fixo;Ativo;27/05/2020
4301925-000;RS;Barra do Rio Azul;4301925;ABREE;PEV fixo;Ativo;03/08/2019
2930154-000;BA;Serra do Ramalho;2930154;ABREE;PEV fixo;Ativo;12/05/2019
4202578-000;SC;BOM JESUS DO OESTE;4202578;ABREE;PEV fixo;Ativo;07/05/2020
3304557-025;RJ;RIO DE JANEIRO;3304557;Green Eletron;PEV fixo;Ativo;21/02/2020
4320404-000;RS;Serafina Corrêa;4320404;Sistema individual;Campanha itinerante;Ativo;01/04/2019
2310803-000;CE;Pereiro;2310803;Sistema individual;PEV fixo;Ativo;03/06/2019
2413706-000;RN;Sítio Novo;2413706;Green Eletron;Campanha itinerante;Ativo;25/05/2020
3304557-057;RJ;RIO DE JANEIRO;3304557;Green Eletron;PEV fixo;Ativo;03/12/2020
3304557-060;RJ;RIO DE JANEIRO;3304557;ABREE;PEV fixo;Ativo;24/06/2020
2107258-000;MA;NOVA COLINAS;2107258;ABREE;PEV fixo;Ativo;02/06/2019
4205456-000;SC;Forquilhinha;4205456;ABREE;PEV fixo;Ativo;10/11/2019
5208707-010;GO;  Goiânia ;5208707;Sistema individual;Ponto de consolidação;Ativo;11/06/2020
3106200-005;MG;BELO HORIZONTE;3106200;ABREE;Campanha itinerante;Ativo;24/04/2020
4117297-000;PR;Novo Itacolomi;4117297;Green Eletron;PEV fixo;Ativo;06/05/2020
3539509-001;SP;  Pitangueiras ;3539509;ABREE;PEV fixo;Ativo;16/05/2020
5300108-041;DF;Brasília;5300108;Green Eletron;PEV fixo;Ativo;23/11/2020
5208707-001;GO;Goiânia;5208707;ABREE;PEV fixo;Ativo;04/06/2019
2310902-000;CE;Piquet Carneiro;2310902;ABREE;PEV fixo;Ativo;14/11/2019
3550308-152;SP;SÃO PAULO;3550308;Green Eletron;PEV fixo;Ativo;07/01/2020
3130101-000;MG;Igarapé;3130101;Green Eletron;Campanha itinerante;Ativo;01/11/2019
3538808-003;SP;Piraju;3538808;ABREE;PEV fixo;Ativo;03/11/2019
4302659-000;RS;  Brochier ;4302659;Green Eletron;PEV fixo;Ativo;21/05/2019
2611606-021;PE;RECIFE;;ABREE;PEV fixo;Ativo;02/11/2020
3304557-034;RJ;Rio de Janeiro;3304557;ABREE;PEV fixo;Ativo;01/12/2020
3106200-032;MG;Belo Horizonte;3106200;Sistema individual;PEV fixo;Ativo;28/02/2020
5300108-004;DF;BRASÍLIA;5300108;ABREE;PEV fixo;Ativo;28/09/2019
3302254-000;RJ;Itatiaia;3302254;Green Eletron;PEV fixo;Ativo;26/11/2020
5300108-003;DF;BRASÍLIA;5300108;ABREE;PEV fixo;Ativo;01/09/2019
2913457-000;BA;Igrapiúna;2913457;Green Eletron;Ponto de consolidação;Ativo;15/07/2020
2904852-000;BA;Cabaceiras do Paraguacu;;Green Eletron;PEV fixo;Ativo;05/09/2020
2917805-000;BA;Jaguaripe;2917805;ABREE;PEV fixo;Ativo;20/06/2019
3550308-093;SP;São Paulo;3550308;ABREE;PEV fixo;Ativo;24/06/2019
2408102-002;RN;Natal;2408102;Green Eletron;PEV fixo;Ativo;14/07/2020
2111789-000;MA;Serrano do Maranhao;2111789;Green Eletron;PEV fixo;Ativo;11/04/2020
3550308-149;SP;São Paulo;3550308;ABREE;Ponto de consolidação;Ativo;02/07/2020
4314902-047;RS;Porto Alegre;4314902;ABREE;PEV fixo;Ativo;24/06/2020
3500907-000;SP;Altair;3500907;ABREE;PEV fixo;Ativo;05/08/2020
3538808-006;SP;Piraju;;ABREE;PEV fixo;Ativo;24/02/2019
3550308-057;SP;São Paulo;3550308;ABREE;PEV fixo;Ativo;22/10/2019
3550308-021;SP;SÃO PAULO;3550308;ABREE;PEV fixo;Ativo;23/08/2019
5300108-001;DF;BRASÍLIA;5300108;Green Eletron;PEV fixo;Ativo;18/12/2019
3508306-001;SP;CABRÁLIA PAULISTA;3508306;ABREE;PEV fixo;Ativo;24/08/2020
3550308-162;SP;SÃO PAULO;3550308;ABREE;PEV fixo;Ativo;04/03/2020
3550308-171;SP;São Paulo;3550308;Green Eletron;PEV fixo;Ativo;21/12/2020
2601706-000;PE;BELO JARDIM;2601706;ABREE;PEV fixo;Ativo;19/08/2020
3106200-086;MG;Belo Horizonte;3106200;ABREE;PEV fixo;Ativo;06/07/2020
5215256-000;GO;NOVO PLANALTO;5215256;ABREE;Ponto de consolidação;Ativo;06/03/2019
5002951-000;MS;Chapadão do Sul;5002951;ABREE;PEV fixo;Ativo;09/09/2019
2906709-000;BA;  Cândido Sales ;2906709;Green Eletron;PEV fixo;Ativo;18/04/2020
4205407-005;SC;  Florianópolis ;4205407;ABREE;PEV fixo;Ativo;27/03/2019
3550308-163;SP;São Paulo;3550308;ABREE;PEV fixo;Ativo;21/06/2020
3535804-000;SP;Paranapanema;3535804;ABREE;PEV fixo;Ativo;07/08/2020
3300951-000;RJ;Comendador Levy Gasparian;3300951;Sistema individual;Ponto de consolidação;Ativo;05/07/2019
4318507-000;RS;São José do Norte;4318507;ABREE;PEV fixo;Ativo;16/05/2019
3302700-004;RJ;MARICÁ;3302700;Green Eletron;Ponto de consolidação;Ativo;21/11/2019
2111300-023;MA;São Luís;2111300;Green Eletron;PEV fixo;Ativo;20/04/2019
3300258-000;RJ;Arraial do Cabo;3300258;ABREE;PEV fixo;Ativo;07/05/2019
3502903-000;SP;ARAÇOIABA DA SERRA;3502903;ABREE;PEV fixo;Ativo;16/03/2019
4106902-009;PR;Curitiba;4106902;ABREE;PEV fixo;Ativo;20/05/2020
4320206-000;RS;SEBERI;4320206;Green Eletron;PEV fixo;Ativo;12/03/2019
3121506-000;MG;Desterro do Melo;3121506;ABREE;PEV fixo;Ativo;14/11/2020
3106200-093;MG;Belo Horizonte;3106200;Green Eletron;Ponto de consolidação;Ativo;09/09/2020
2410801-000;RN;Riacho de Santana;2410801;ABREE;Ponto de consolidação;Ativo;21/01/2020
4314498-000;RS;Pinheirinho do Vale;4314498;ABREE;PEV fixo;Ativo;17/07/2019
5208707-006;GO;GOIÂNIA;5208707;Green Eletron;PEV fixo;Ativo;05/12/2019
3550308-173;SP;Sao Paulo;3550308;Green Eletron;PEV fixo;Ativo;19/09/2020
2903102-000;BA;BARRA DO ROCHA;2903102;ABREE;PEV fixo;Ativo;20/06/2020
2927408-022;BA;Salvador;2927408;ABREE;PEV fixo;Ativo;09/12/2019
1501402-000;PA;BELÉM;1501402;Green Eletron;PEV fixo;Ativo;18/04/2020
4205506-000;SC;FRAIBURGO;4205506;Green Eletron;PEV fixo;Ativo;08/09/2020
5300108-000;DF;Brasília;5300108;ABREE;PEV fixo;Inativo;05/03/2019
5208301-000;GO;Divinópolis de Goiás;5208301;Green Eletron;PEV fixo;Ativo;25/10/2020
3301876-001;RJ;Iguaba Grande;3301876;ABREE;PEV fixo;Ativo;19/10/2020
3106200-063;MG;BELO HORIZONTE;3106200;ABREE;PEV fixo;Ativo;09/10/2020
3159209-000;MG;SANTA RITA DE CALDAS;3159209;Green Eletron;PEV fixo;Ativo;26/08/2020
3304557-030;RJ;Rio de Janeiro;3304557;ABREE;PEV fixo;Ativo;17/10/2020
3302858-000;RJ;Mesquita;3302858;Green Eletron;PEV fixo;Ativo;27/10/2020
3304557-011;RJ;RIO DE JANEIRO;3304557;Green Eletron;PEV fixo;Ativo;14/03/2020
2905305-000;BA;Cafarnaum;2905305;ABREE;PEV fixo;Ativo;20/01/2019
3117801-000;MG;CONCEIÇÃO DOS OUROS;3117801;Sistema individual;PEV fixo;Ativo;16/10/2020
4308656-000;RS;GARRUCHOS;4308656;ABREE;PEV fixo;Ativo;16/11/2020
3550308-166;SP;São Paulo;3550308;Green Eletron;PEV fixo;Ativo;10/11/2020
3106200-067;MG;Belo Horizonte;;Green Eletron;PEV fixo;Ativo;20/11/2020
3301876-003;RJ;Iguaba Grande;3301876;ABREE;Campanha itinerante;Ativo;26/09/2020
2919207-000;BA;Lauro de Freitas;2919207;Green Eletron;PEV fixo;Ativo;14/05/2020
3522208-000;SP;ITAPECERICA DA SERRA;3522208;ABREE;PEV fixo;Ativo;25/11/2020
3550308-094;SP;  São Paulo ;3550308;ABREE;PEV fixo;Ativo;23/09/2019
3550308-178;SP;SÃO PAULO;3550308;ABREE;PEV fixo;Ativo;19/09/2020
3532306-003;SP;Natividade da Serra;3532306;Green Eletron;PEV fixo;Ativo;23/04/2020
3501301-000;SP;Alvares Machado;3501301;Green Eletron;PEV fixo;Ativo;01/07/2019
1100205-000;RO;Porto Velho;1100205;Green Eletron;PEV fixo;Ativo;28/11/2020
2614709-000;PE;TACAIMBÓ;2614709;ABREE;Ponto de consolidação;Ativo;27/07/2019
3550308-097;SP;São Paulo;3550308;ABREE;PEV fixo;Ativo;27/03/2019
2611606-015;PE;Recife;2611606;ABREE;PEV fixo;Ativo;13/05/2020
4320578-000;RS;Sete de Setembro;4320578;ABREE;PEV fixo;Ativo;16/05/2020
3541901-000;SP;Queluz;3541901;ABREE;PEV fixo;Ativo;05/05/2020
3536901-000;SP;PEDRANÓPOLIS;3536901;Green Eletron;Ponto de consolidação;Ativo;01/02/2020
3538808-004;SP;PIRAJU;3538808;Green Eletron;PEV fixo;Ativo;02/07/2019
2413607-000;RN;Severiano Melo;2413607;Sistema individual;Ponto de consolidação;Inativo;28/06/2020
2513406-000;PB;Santa Luzia;2513406;Green Eletron;PEV fixo;Ativo;14/03/2020
3302403-003;RJ;Macae;3302403;ABREE;PEV fixo;Ativo;12/01/2019
1200401-000;AC;RIO BRANCO;1200401;Green Eletron;PEV fixo;Ativo;28/02/2019
3550308-006;SP;São Paulo;3550308;ABREE;PEV fixo;Ativo;10/10/2019
3169505-000;MG;Tumiritinga;3169505;ABREE;PEV fixo;Ativo;17/07/2019
2806909-000;SE;São Francisco;2806909;ABREE;PEV fixo;Ativo;18/12/2019
4205407-014;SC;  Florianópolis ;4205407;ABREE;PEV fixo;Ativo;15/10/2019
2804904-000;SE;Pacatuba;2804904;ABREE;PEV fixo;Ativo;25/02/2020
3302106-001;RJ;Itaocara;3302106;ABREE;PEV fixo;Ativo;21/06/2020
4307559-000;RS;Estação;4307559;ABREE;PEV fixo;Ativo;22/11/2020
3544004-001;SP;Rio das Pedras;3544004;Green Eletron;PEV fixo;Ativo;17/08/2020
4215356-000;SC;Saltinho;4215356;ABREE;PEV fixo;Ativo;09/05/2020
3524402-000;SP;Jacareí;3524402;ABREE;PEV fixo;Ativo;11/04/2020
1705607-000;TO;Conceição do Tocantins;1705607;Green Eletron;PEV fixo;Ativo;25/05/2020
2205359-000;PI;  João Costa ;2205359;ABREE;PEV fixo;Ativo;07/03/2020
3304557-040;RJ;RIO DE JANEIRO;3304557;Green Eletron;PEV fixo;Ativo;10/09/2020
2921401-000;BA;Mirangaba;2921401;Green Eletron;Ponto de consolidação;Ativo;04/07/2020
2609907-000;PE;Ouricuri;2609907;ABREE;PEV fixo;Inativo;27/09/2019
3125606-000;MG;FELISBURGO;3125606;ABREE;PEV fixo;Ativo;11/12/2019
2504801-000;PB;COREMAS;2504801;ABREE;Ponto de consolidação;Ativo;27/10/2019
2929909-000;BA;Seabra;2929909;ABREE;PEV fixo;Ativo;02/05/2019
3106200-037;MG;BELO HORIZONTE;3106200;ABREE;PEV fixo;Ativo;02/07/2020
2925303-000;BA;Porto Seguro;2925303;Green Eletron;PEV fixo;Ativo;14/12/2019
2209856-000;PI;Sao Joao da Canabrava;2209856;Green Eletron;PEV fixo;Ativo;19/04/2019
3514924-000;SP;ELISIÁRIO;3514924;ABREE;PEV fixo;Ativo;13/12/2020
4309159-000;RS;  Gramado Xavier ;4309159;ABREE;Campanha itinerante;Ativo;20/03/2020
2111300-026;MA;SÃO LUÍS;2111300;Green Eletron;PEV fixo;Ativo;14/06/2019
3111002-000;MG;Campestre;3111002;ABREE;PEV fixo;Ativo;06/08/2019
4201307-001;SC;Araquari;4201307;ABREE;PEV fixo;Ativo;17/12/2020
2304400-001;CE;Fortaleza;2304400;Green Eletron;PEV fixo;Ativo;07/01/2019
2605459-000;PE;Fernando de Noronha;2605459;ABREE;PEV fixo;Ativo;02/01/2020
3526803-000;SP;Lençóis Paulista;3526803;ABREE;Campanha itinerante;Ativo;24/06/2019
4205407-025;SC;Florianópolis;4205407;Green Eletron;PEV fixo;Ativo;18/11/2019
1508209-000;PA;Vigia;1508209;Sistema individual;PEV fixo;Ativo;18/02/2019
3301405-004;RJ;Conceição de Macabu;3301405;ABREE;PEV fixo;Ativo;14/09/2020
3305406-000;RJ;Sapucaia;3305406;Green Eletron;PEV fixo;Inativo;05/06/2019
2607653-000;PE;Itambé;2607653;Green Eletron;PEV fixo;Ativo;09/01/2019
1705102-000;TO;CHAPADA DA NATIVIDADE;1705102;ABREE;Campanha itinerante;Ativo;23/04/2019
5300108-002;DF;Brasília;5300108;Green Eletron;PEV fixo;Ativo;12/11/2019
3550308-067;SP;São Paulo;3550308;ABREE;PEV fixo;Ativo;26/11/2019
1300706-000;AM;Boca do Acre;1300706;Green Eletron;PEV fixo;Ativo;15/04/2020
4214607-000;SC;Rio do Oeste;4214607;ABREE;Ponto de consolidação;Ativo;18/02/2020
1101807-000;RO;Vale do Paraiso;1101807;Green Eletron;PEV fixo;Ativo;28/07/2019
3304557-055;RJ;RIO DE JANEIRO;3304557;ABREE;PEV fixo;Ativo;03/09/2020
3532306-000;SP;Natividade da Serra;3532306;Green Eletron;PEV fixo;Ativo;03/11/2020
3519204-000;SP;Iacri;3519204;Green Eletron;Campanha itinerante;Ativo;26/08/2019
3119906-000;MG;Córrego do Bom Jesus;3119906;Green Eletron;PEV fixo;Ativo;13/10/2019
2927408-070;BA;SALVADOR;2927408;ABREE;Ponto de consolidação;Ativo;15/11/2020
3106200-080;MG;Belo Horizonte;3106200;ABREE;PEV fixo;Ativo;09/06/2020
2304400-006;CE;Fortaleza;2304400;ABREE;Ponto de consolidação;Ativo;13/08/2019
1717206-000;TO;PIRAQUÊ;1717206;ABREE;PEV fixo;Ativo;22/04/2019
4309126-000;RS;Gramado dos Loureiros;4309126;ABREE;PEV fixo;Ativo;21/03/2020
4122602-000;PR;RONDON;4122602;ABREE;PEV fixo;Ativo;18/06/2020
1504208-001;PA;Marabá;1504208;ABREE;PEV fixo;Ativo;01/02/2019
2304400-007;CE;Fortaleza;2304400;Green Eletron;PEV fixo;Ativo;24/05/2019
5212204-000;GO;Jussara;5212204;Green Eletron;Campanha itinerante;Ativo;04/04/2020
2211001-000;PI;Teresina;2211001;Green Eletron;PEV fixo;Ativo;10/02/2019
3157500-000;MG;SANTA EFIGÊNIA DE MINAS;3157500;Green Eletron;Campanha itinerante;Ativo;22/02/2019
2304400-021;CE;Fortaleza;2304400;ABREE;PEV fixo;Ativo;25/08/2019
2205953-000;PI;MARCOLÂNDIA;2205953;Green Eletron;PEV fixo;Ativo;19/08/2020
2210391-000;PI;São Miguel do Fidalgo;2210391;Sistema individual;PEV fixo;Ativo;13/03/2019
2611606-006;PE;RECIFE;2611606;ABREE;PEV fixo;Ativo;23/06/2020
3301405-000;RJ;Conceicao de Macabu;3301405;ABREE;PEV fixo;Ativo;01/05/2019
4313086-000;RS;Nova Pádua;4313086;Green Eletron;PEV fixo;Ativo;20/09/2020
4107751-000;PR;Figueira;4107751;ABREE;PEV fixo;Ativo;17/12/2019
4120002-000;PR;Porecatu;4120002;ABREE;PEV fixo;Ativo;28/02/2019
3147204-000;MG;Paraguaçu;3147204;ABREE;Campanha itinerante;Ativo;04/03/2020
3163805-000;MG;São Miguel do Anta;3163805;ABREE;PEV fixo;Ativo;21/03/2019
1508209-005;PA;Vigia;1508209;Green Eletron;Ponto de consolidação;Ativo;18/03/2020
2500601-000;PB;Alhandra;2500601;Sistema individual;PEV fixo;Ativo;19/09/2019
5107792-000;MT;Santo Antônio do Leste;5107792;Sistema individual;PEV fixo;Ativo;03/04/2020
5002704-002;MS;CAMPO GRANDE;5002704;Green Eletron;PEV fixo;Ativo;22/01/2020
4305371-000;RS;Charrua;4305371;Green Eletron;PEV fixo;Ativo;11/11/2019
2611606-018;PE;Recife;2611606;Green Eletron;PEV fixo;Ativo;26/09/2020
2308500-000;CE;MOMBAÇA;2308500;ABREE;PEV fixo;Ativo;27/02/2019
3532157-000;SP;Nantes;3532157;ABREE;PEV fixo;Ativo;02/06/2019
5300108-032;DF;BRASÍLIA;5300108;Green Eletron;PEV fixo;Ativo;17/03/2020
3204500-000;ES;Santa Leopoldina;3204500;ABREE;Ponto de consolidação;Ativo;14/10/2019
1508407-000;PA;Xinguara;1508407;ABREE;PEV fixo;Ativo;09/08/2020
4120333-000;PR;Prado Ferreira;4120333;ABREE;Campanha itinerante;Ativo;26/07/2019
5221452-000;GO;Trombas;5221452;Green Eletron;PEV fixo;Inativo;17/12/2020
2304400-033;CE;  Fortaleza ;2304400;Green Eletron;PEV fixo;Ativo;13/10/2020
4106902-025;PR;Curitiba;4106902;Sistema individual;PEV fixo;Ativo;09/04/2020
2106300-000;MA;  Magalhães de Almeida ;2106300;Green Eletron;PEV fixo;Ativo;17/04/2020
3106200-046;MG;Belo Horizonte;3106200;ABREE;PEV fixo;Ativo;27/12/2020
3536257-000;SP;PARISI;3536257;Green Eletron;PEV fixo;Ativo;13/09/2019
4205407-018;SC;FLORIANÓPOLIS;4205407;Green Eletron;PEV fixo;Ativo;22/02/2019
3550308-170;SP;SÃO PAULO;3550308;Green Eletron;Ponto de consolidação;Ativo;18/01/2020
3304557-064;RJ;Rio de Janeiro;3304557;Green Eletron;PEV fixo;Ativo;17/01/2020
3532900-005;SP;  Nova Europa ;3532900;ABREE;Campanha itinerante;Ativo;26/01/2019
3516309-000;SP;Francisco Morato;3516309;ABREE;PEV fixo;Ativo;12/11/2019
3530201-000;SP;Mirante do Paranapanema;3530201;ABREE;PEV fixo;Ativo;23/09/2020
2204709-000;PI;Inhuma;2204709;Green Eletron;PEV fixo;Ativo;19/06/2019
1718840-000;TO;  Sandolândia ;1718840;ABREE;PEV fixo;Ativo;17/08/2019
5107206-000;MT;RIO BRANCO;5107206;ABREE;PEV fixo;Ativo;28/05/2019
4312658-000;RS;Não-Me-Toque;4312658;Sistema individual;PEV fixo;Ativo;15/08/2019
2509503-000;PB;MONTADAS;2509503;Sistema individual;PEV fixo;Ativo;27/04/2019
4205407-024;SC;Florianópolis;4205407;ABREE;PEV fixo;Ativo;05/07/2019
3106200-019;MG;  Belo Horizonte ;3106200;ABREE;PEV fixo;Ativo;25/03/2020
1504208-002;PA;Marabá;1504208;Green Eletron;PEV fixo;Ativo;11/05/2020
3106200-022;MG;Belo Horizonte;3106200;ABREE;PEV fixo;Ativo;11/06/2020
1301209-000;AM;Coari;1301209;Green Eletron;PEV fixo;Ativo;16/01/2020
4321352-000;RS;TAVARES;4321352;ABREE;PEV fixo;Ativo;04/02/2020
4212700-000;SC;Petrolandia;4212700;Green Eletron;PEV fixo;Ativo;10/11/2020
2507309-000;PB;Jacaraú;2507309;ABREE;PEV fixo;Ativo;13/06/2019
4306007-000;RS;CRISSIUMAL;4306007;Green Eletron;PEV fixo;Ativo;01/11/2019
4314902-028;RS;Porto Alegre;4314902;ABREE;PEV fixo;Ativo;02/08/2020
3550308-042;SP;SÃO PAULO;3550308;ABREE;PEV fixo;Ativo;25/08/2019
5220058-000;GO;São João da Paraúna;5220058;ABREE;Ponto de consolidação;Ativo;19/11/2019
2608701-000;PE;LAGOA DOS GATOS;2608701;ABREE;PEV fixo;Ativo;18/09/2020
2202752-000;PI;Colônia do Gurguéia;2202752;Green Eletron;PEV fixo;Ativo;07/09/2019
2200806-000;PI;Antonio Almeida;2200806;ABREE;PEV fixo;Ativo;11/06/2019
4205407-001;SC;FLORIANÓPOLIS;4205407;Green Eletron;Campanha itinerante;Ativo;01/09/2019
3106200-088;MG;Belo Horizonte;3106200;Green Eletron;PEV fixo;Ativo;10/09/2020
3550506-000;SP;São Pedro do Turvo;3550506;ABREE;Ponto de consolidação;Ativo;13/05/2019
4103008-000;PR;Boa Esperança;4103008;ABREE;PEV fixo;Ativo;03/11/2019
3532009-007;SP;MORUNGABA;3532009;ABREE;PEV fixo;Ativo;01/09/2020
3304557-041;RJ;Rio de Janeiro;3304557;ABREE;PEV fixo;Ativo;10/11/2020
2301604-002;CE;Assaré;2301604;ABREE;PEV fixo;Ativo;02/02/2020
5107040-000;MT;Primavera do Leste;5107040;ABREE;PEV fixo;Ativo;15/12/2020
3152204-000;MG;Porteirinha;3152204;ABREE;PEV fixo;Ativo;19/07/2020
3303302-001;RJ;Niterói;3303302;Green Eletron;Ponto de consolidação;Ativo;14/09/2020
3555109-001;SP;TUPI PAULISTA;3555109;ABREE;PEV fixo;Ativo;11/08/2020
3106200-070;MG;Belo Horizonte;3106200;Green Eletron;Campanha itinerante;Ativo;10/08/2020
2910404-000;BA;Encruzilhada;2910404;ABREE;PEV fixo;Ativo;06/04/2020
2111300-018;MA;São Luís;2111300;ABREE;PEV fixo;Ativo;28/01/2019
3305307-002;RJ;São Sebastião do Alto;3305307;ABREE;Ponto de consolidação;Ativo;26/06/2019
1718865-000;TO;SANTA FÉ DO ARAGUAIA;1718865;ABREE;Ponto de consolidação;Ativo;23/12/2019
1302603-003;AM;Manaus;1302603;Green Eletron;PEV fixo;Ativo;17/09/2019
2905503-000;BA;Caldeirão Grande;2905503;ABREE;PEV fixo;Ativo;03/09/2020
2304400-050;CE;FORTALEZA;2304400;ABREE;PEV fixo;Ativo;24/08/2020
5102678-000;MT;Campo Verde;5102678;Green Eletron;Campanha itinerante;Ativo;21/09/2019
3106200-074;MG;Belo Horizonte;3106200;ABREE;PEV fixo;Ativo;24/05/2020
5101803-000;MT;Barra do Garças;5101803;Sistema individual;Ponto de consolidação;Inativo;20/04/2020
5215207-002;GO;NOVO BRASIL;5215207;Sistema individual;PEV fixo;Ativo;01/05/2019
3549904-001;SP;Sao Jose dos Campos;3549904;ABREE;PEV fixo;Ativo;22/06/2020
3303302-004;RJ;NITERÓI;3303302;ABREE;Campanha itinerante;Ativo;09/02/2020
2210938-000;PI;Sussuapara;;Green Eletron;PEV fixo;Ativo;02/02/2020
3549508-002;SP;SÃO JOSÉ DA BELA VISTA;3549508;ABREE;PEV fixo;Ativo;27/03/2019
2920809-000;BA;MARCIONÍLIO SOUZA;2920809;Sistema individual;PEV fixo;Ativo;02/04/2019
3512803-000;SP;COSMÓPOLIS;3512803;Green Eletron;PEV fixo;Ativo;06/02/2019
4106902-020;PR;Curitiba;4106902;ABREE;PEV fixo;Ativo;09/10/2020
2101939-000;MA;Bernardo do Mearim;2101939;ABREE;PEV fixo;Ativo;13/10/2019
3200136-000;ES;Águia Branca;3200136;ABREE;PEV fixo;Ativo;07/01/2020
4304622-000;RS;  Capão Bonito do Sul ;4304622;Green Eletron;Campanha itinerante;Ativo;03/04/2019
3300308-004;RJ;Barra do Piraí;3300308;ABREE;PEV fixo;Ativo;13/03/2020
4314902-002;RS;PORTO ALEGRE;4314902;Green Eletron;PEV fixo;Ativo;20/10/2020
3106200-031;MG;Belo Horizonte;3106200;Green Eletron;PEV fixo;Ativo;28/01/2020
4116307-000;PR;Munhoz de Melo;4116307;Green Eletron;PEV fixo;Ativo;01/09/2019
2708303-000;AL;Sao Jose da Laje;2708303;Green Eletron;PEV fixo;Ativo;16/09/2020
3550308-096;SP;São Paulo;3550308;Green Eletron;PEV fixo;Ativo;15/03/2019
2902708-000;BA;Barra;2902708;ABREE;PEV fixo;Ativo;16/10/2020
4127957-000;PR;TUPÃSSI;4127957;ABREE;Campanha itinerante;Ativo;10/11/2019
2927408-021;BA;Salvador;2927408;Sistema individual;PEV fixo;Ativo;21/08/2019
3140852-000;MG;MATIAS CARDOSO;3140852;Sistema individual;PEV fixo;Ativo;19/09/2020
2503902-000;PB;CAMALAÚ;2503902;Green Eletron;Ponto de consolidação;Ativo;22/03/2020
3517802-000;SP;Guaraçaí;3517802;ABREE;PEV fixo;Ativo;14/04/2020
2927408-008;BA;SALVADOR;2927408;Green Eletron;PEV fixo;Ativo;24/12/2019
1505650-000;PA;  Placas ;1505650;Green Eletron;PEV fixo;Ativo;20/03/2020
3305307-008;RJ;São Sebastião do Alto;3305307;Green Eletron;PEV fixo;Ativo;02/08/2020
3304557-031;RJ;RIO DE JANEIRO;3304557;ABREE;PEV fixo;Ativo;11/05/2020
3550308-144;SP;São Paulo;3550308;Green Eletron;Campanha itinerante;Ativo;11/05/2020
5300108-006;DF;Brasília;5300108;Green Eletron;PEV fixo;Ativo;12/07/2019
3106200-081;MG;  Belo Horizonte ;3106200;ABREE;PEV fixo;Ativo;19/10/2020
3106200-045;MG;BELO HORIZONTE;3106200;Green Eletron;PEV fixo;Ativo;22/05/2020
3120151-000;MG;Crisolita;3120151;ABREE;Campanha itinerante;Ativo;11/09/2019
2927408-012;BA;Salvador;2927408;Green Eletron;PEV fixo;Ativo;20/12/2019
3550308-117;SP;  São Paulo ;3550308;Sistema individual;PEV fixo;Ativo;17/06/2020
3106200-076;MG;Belo Horizonte;3106200;ABREE;PEV fixo;Ativo;24/11/2020
2202703-000;PI;Cocal;2202703;ABREE;PEV fixo;Ativo;21/06/2019
2927408-034;BA;SALVADOR;2927408;Sistema individual;PEV fixo;Ativo;08/11/2019
4319406-000;RS;SÃO PEDRO DO SUL;4319406;ABREE;PEV fixo;Ativo;23/03/2019
4106902-005;PR;CURITIBA;4106902;Green Eletron;PEV fixo;Ativo;24/07/2020
3121001-000;MG;Datas;3121001;ABREE;PEV fixo;Ativo;04/06/2019
3550308-007;SP;SÃO PAULO;3550308;Green Eletron;PEV fixo;Ativo;15/10/2019
2604205-000;PE;Catende;2604205;Green Eletron;PEV fixo;Ativo;27/03/2020
2923605-000;BA;PARAMIRIM;2923605;Green Eletron;PEV fixo;Ativo;28/06/2019
3138625-000;MG;LIMEIRA DO OESTE;3138625;ABREE;PEV fixo;Ativo;27/06/2019
3128303-000;MG;Guaranésia;3128303;Green Eletron;PEV fixo;Ativo;08/11/2020
3505203-001;SP;Bariri;3505203;ABREE;Ponto de consolidação;Ativo;22/04/2020
4106902-014;PR;CURITIBA;4106902;ABREE;PEV fixo;Ativo;03/02/2020
3302700-001;RJ;Maricá;3302700;Sistema individual;Campanha itinerante;Ativo;18/11/2019
2300408-000;CE;Aiuaba;2300408;ABREE;PEV fixo;Inativo;24/02/2020
2606903-000;PE;IGUARACY;2606903;ABREE;PEV fixo;Ativo;08/11/2019
1507151-003;PA;Sao Domingos do Araguaia;1507151;Green Eletron;PEV fixo;Ativo;27/12/2020
3304508-004;RJ;RIO DAS FLORES;3304508;Green Eletron;PEV fixo;Ativo;22/01/2020
2302107-001;CE;BATURITÉ;2302107;Green Eletron;PEV fixo;Ativo;17/03/2019
1721000-002;TO;PALMAS;1721000;ABREE;PEV fixo;Ativo;27/03/2019
4312708-000;RS;  Nonoai ;4312708;Green Eletron;PEV fixo;Ativo;24/11/2019
3123528-002;MG;Durandé;3123528;ABREE;Ponto de consolidação;Ativo;11/04/2020
2314003-000;CE;  Várzea Alegre ;2314003;ABREE;PEV fixo;Ativo;17/03/2020
4314902-046;RS;Porto Alegre;4314902;Sistema individual;PEV fixo;Ativo;03/07/2020
3300100-001;RJ;Angra dos Reis;3300100;Green Eletron;PEV fixo;Ativo;08/06/2020
2204154-000;PI;Francisco Macedo;2204154;ABREE;PEV fixo;Ativo;09/07/2019
2927408-025;BA;Salvador;2927408;ABREE;PEV fixo;Ativo;28/05/2019
3550308-143;SP;São Paulo;3550308;ABREE;Ponto de consolidação;Ativo;14/04/2020
3515509-000;SP;Fernandópolis;3515509;Green Eletron;PEV fixo;Ativo;22/12/2019
5002704-003;MS;Campo Grande;5002704;Green Eletron;PEV fixo;Inativo;23/12/2020
4307906-000;RS;FARROUPILHA;4307906;ABREE;PEV fixo;Ativo;17/07/2019
2800308-012;SE;ARACAJU;2800308;ABREE;PEV fixo;Ativo;23/09/2020
3129004-000;MG;Guiricema;3129004;ABREE;PEV fixo;Ativo;26/07/2020
2916500-000;BA;Itapicuru;2916500;ABREE;PEV fixo;Ativo;21/09/2020
2111300-044;MA;São Luís;2111300;Green Eletron;Campanha itinerante;Ativo;26/07/2020
4106308-000;PR;Corbelia;4106308;ABREE;PEV fixo;Ativo;20/09/2019
2111300-038;MA;Sao Luis;2111300;Green Eletron;PEV fixo;Ativo;14/01/2020
3536505-000;SP;Paulinia;3536505;ABREE;PEV fixo;Ativo;19/04/2020
2507507-002;PB;JOÃO PESSOA;;Green Eletron;PEV fixo;Ativo;18/04/2019
4314902-044;RS;PORTO ALEGRE;4314902;ABREE;Ponto de consolidação;Ativo;13/02/2020
3550308-055;SP;  São Paulo ;3550308;ABREE;PEV fixo;Ativo;23/10/2019
4314902-016;RS;Porto Alegre;4314902;Sistema individual;PEV fixo;Ativo;14/07/2020
5006408-000;MS;  Pedro Gomes ;5006408;Green Eletron;PEV fixo;Ativo;28/08/2019
3504602-000;SP;  Bady Bassitt ;3504602;Sistema individual;PEV fixo;Ativo;15/02/2019
2111300-030;MA;São Luís;2111300;Green Eletron;PEV fixo;Ativo;06/03/2019
3550308-024;SP;SÃO PAULO;3550308;Green Eletron;PEV fixo;Ativo;26/03/2019
3117009-000;MG;COMERCINHO;3117009;ABREE;PEV fixo;Ativo;25/06/2019
2605806-001;PE;Frei Miguelinho;2605806;ABREE;PEV fixo;Ativo;06/12/2019
4311429-000;RS;Lajeado do Bugre;4311429;Sistema individual;Campanha itinerante;Ativo;20/05/2019
3304557-061;RJ;Rio de Janeiro;3304557;Sistema individual;PEV fixo;Ativo;13/11/2020
3304557-046;RJ;Rio de Janeiro;3304557;ABREE;Campanha itinerante;Inativo;07/11/2020
2309904-001;CE;Pacujá;2309904;ABREE;PEV fixo;Ativo;26/03/2019
4308102-000;RS;  Feliz ;4308102;Green Eletron;PEV fixo;Ativo;14/02/2019
2927408-013;BA;Salvador;2927408;ABREE;Campanha itinerante;Ativo;04/09/2019
4316907-000;RS;Santa Maria;4316907;Green Eletron;Ponto de consolidação;Ativo;26/01/2020
3304557-020;RJ;Rio de Janeiro;3304557;Green Eletron;PEV fixo;Ativo;08/03/2020
2111300-019;MA;SÃO LUÍS;2111300;ABREE;PEV fixo;Ativo;17/03/2019
4111209-000;PR;Itapejara d'Oeste;4111209;Green Eletron;PEV fixo;Ativo;17/05/2020
4106902-007;PR;Curitiba;4106902;ABREE;PEV fixo;Ativo;11/08/2020
2304400-024;CE;FORTALEZA;2304400;ABREE;PEV fixo;Ativo;16/01/2019
4102406-000;PR;  Bandeirantes ;4102406;Green Eletron;PEV fixo;Inativo;25/11/2020
3301108-005;RJ;CANTAGALO;3301108;Green Eletron;PEV fixo;Ativo;04/09/2020
3542602-001;SP;REGISTRO;3542602;ABREE;PEV fixo;Ativo;24/08/2019
4323002-000;RS;Viamao;4323002;ABREE;PEV fixo;Ativo;02/04/2019
3304557-065;RJ;Rio de Janeiro;3304557;ABREE;PEV fixo;Ativo;11/12/2020
2924207-000;BA;Pedro Alexandre;2924207;Green Eletron;PEV fixo;Ativo;11/12/2020
1500347-000;PA;Água Azul do Norte;1500347;Green Eletron;PEV fixo;Ativo;05/12/2019
2916203-000;BA;Itape;2916203;Green Eletron;PEV fixo;Ativo;25/04/2020
5208707-011;GO;GOIÂNIA;5208707;Sistema individual;PEV fixo;Ativo;08/09/2020
2207306-000;PI;Paes Landim;2207306;Green Eletron;PEV fixo;Ativo;21/12/2019
3550308-150;SP;SÃO PAULO;3550308;Sistema individual;Campanha itinerante;Ativo;24/04/2020
3140159-000;MG;Mario Campos;3140159;ABREE;PEV fixo;Ativo;04/11/2020
3538808-015;SP;Piraju;3538808;Sistema individual;Campanha itinerante;Ativo;21/04/2020
3550308-029;SP;Sao Paulo;3550308;ABREE;PEV fixo;Ativo;05/04/2019
2410405-000;RN;Pureza;2410405;Sistema individual;PEV fixo;Ativo;13/01/2020
4207759-000;SC;IRACEMINHA;4207759;Green Eletron;PEV fixo;Ativo;19/03/2019
4204509-000;SC;Corupá;4204509;Green Eletron;PEV fixo;Ativo;26/04/2019
3527801-000;SP;LUPÉRCIO;3527801;Sistema individual;Campanha itinerante;Ativo;01/05/2019
4124806-000;PR;São João;4124806;ABREE;PEV fixo;Ativo;02/08/2019
2211001-012;PI;Teresina;2211001;ABREE;PEV fixo;Ativo;04/09/2020
3106200-016;MG;Belo Horizonte;3106200;Green Eletron;Ponto de consolidação;Ativo;04/11/2020
1501402-002;PA;BELÉM;1501402;ABREE;Campanha itinerante;Ativo;24/09/2020
2205458-000;PI;Joca Marques;2205458;Green Eletron;PEV fixo;Ativo;04/12/2020
3550308-139;SP;São Paulo;3550308;ABREE;PEV fixo;Ativo;22/12/2020
2304400-003;CE;Fortaleza;2304400;ABREE;PEV fixo;Ativo;13/09/2019
4204806-000;SC;CURITIBANOS;4204806;Green Eletron;PEV fixo;Ativo;20/03/2019
2507804-000;PB;Junco do Serido;2507804;ABREE;PEV fixo;Ativo;10/01/2020
3302403-007;RJ;Macaé;3302403;Green Eletron;PEV fixo;Ativo;20/09/2020
4201307-000;SC;Araquari;4201307;Green Eletron;PEV fixo;Ativo;26/06/2019
2611606-011;PE;Recife;2611606;Green Eletron;PEV fixo;Ativo;01/07/2020
3550308-157;SP;São Paulo;3550308;ABREE;PEV fixo;Ativo;21/11/2020
2102358-000;MA;Buritirana;2102358;ABREE;PEV fixo;Ativo;19/05/2019
5204102-000;GO;Cachoeira Alta;5204102;Green Eletron;Campanha itinerante;Ativo;18/03/2020
2511707-000;PB;Pilõezinhos;2511707;Green Eletron;PEV fixo;Ativo;11/02/2020
2927408-050;BA;Salvador;2927408;ABREE;Ponto de consolidação;Ativo;16/07/2020
2211001-006;PI;Teresina;2211001;Green Eletron;PEV fixo;Ativo;24/12/2019
