id_ponto,ano,sigla_uf,nome_municipio,geocodigo,sistema,modalidade,status,inicio_operacao
2615409-000,2025,PE,TORITAMA,2615409,ABREE,PEV fixo,Ativo,14/12/2021
2906501-000,2025,BA,  Candeias ,2906501,ABREE,PEV fixo,Ativo,25/01/2025
2927408-084,2025,BA,SALVADOR,2927408,Sistema individual,PEV fixo,Ativo,01/10/2021
3532900-019,2025,SP,Nova Europa,3532900,Green Eletron,PEV fixo,Ativo,09/11/2022
4311106-000,2025,RS,JAGUARI,4311106,Green Eletron,PEV fixo,Ativo,03/06/2022
3550308-223,2025,SP,SÃO PAULO,3550308,ABREE,Campanha itinerante,Ativo,04/02/2021
3304557-094,2025,RJ,  Rio de Janeiro ,3304557,Green Eletron,PEV fixo,Ativo,20/02/2021
2111300-043,2025,MA,São Luís,2111300,ABREE,PEV fixo,Ativo,25/03/2020
3106200-020,2025,MG,Belo Horizonte,3106200,ABREE,PEV fixo,Ativo,21/04/2020
3169059-000,2025,MG,TOCOS DO MOJI,3169059,ABREE,Ponto de consolidação,Ativo,14/07/2021
3127339-005,2025,MG,Gameleiras,3127339,Green Eletron,PEV fixo,Ativo,09/01/2025
3542800-000,2025,SP,Ribeira,,Sistema individual,PEV fixo,Ativo,27/04/2022
4106902-078,2025,PR,CURITIBA,4106902,ABREE,PEV fixo,Inativo,15/07/2023
5006358-000,2025,MS,PARANHOS,5006358,Green Eletron,PEV fixo,Ativo,24/05/2021
3106200-054,2025,MG,Belo Horizonte,3106200,ABREE,PEV fixo,Ativo,17/08/2020
4102406-000,2025,PR,BANDEIRANTES,,Green Eletron,PEV fixo,Ativo,26/01/2020
4106902-024,2025,PR,CURITIBA,4106902,Green Eletron,PEV fixo,Ativo,09/04/2020
4314902-054,2025,RS,Porto Alegre,4314902,ABREE,PEV fixo,Ativo,11/06/2021
3304557-114,2025,RJ,Rio de Janeiro,3304557,ABREE,PEV fixo,Ativo,05/03/2022
3304557-064,2025,RJ,  Rio de Janeiro ,3304557,Green Eletron,PEV fixo,Ativo,18/06/2020
2910404-000,2025,BA,Encruzilhada,2910404,ABREE,PEV fixo,Ativo,12/03/2020
5217104-001,2025,GO,Piracanjuba,5217104,ABREE,Campanha itinerante,Ativo,16/09/2024
2110856-000,2025,MA,  São Francisco do Brejão ,2110856,ABREE,PEV fixo,Ativo,22/04/2023
2300705-005,2025,CE,Alto Santo,2300705,Green Eletron,Ponto de consolidação,Ativo,21/09/2021
4323804-000,2025,RS,Xangri-lá,4323804,ABREE,PEV fixo,Ativo,02/05/2022
4314902-088,2025,RS,Porto Alegre,4314902,Green Eletron,PEV fixo,Ativo,28/10/2021
3202603-000,2025,ES,Iconha,3202603,ABREE,PEV fixo,Ativo,09/05/2025
4103404-000,2025,PR,  Cafeara ,4103404,Sistema individual,PEV fixo,Ativo,21/07/2021
1501402-028,2025,PA,  Belém ,1501402,ABREE,PEV fixo,Ativo,06/10/2023
3550308-254,2025,SP,Sao Paulo,3550308,ABREE,PEV fixo,Ativo,26/02/2022
4102000-000,2025,PR,Assis Chateaubriand,4102000,ABREE,PEV fixo,Ativo,23/11/2022
4205308-000,2025,SC,Faxinal dos Guedes,4205308,Green Eletron,Campanha itinerante,Ativo,05/10/2021
4202073-000,2025,SC,Balneário Gaivota,4202073,Green Eletron,PEV fixo,Inativo,27/08/2023
3508306-010,2025,SP,Cabrália Paulista,3508306,Green Eletron,PEV fixo,Ativo,05/06/2024
3106200-257,2025,MG,Belo Horizonte,3106200,Green Eletron,PEV fixo,Ativo,06/08/2023
4205407-057,2025,SC,Florianopolis,4205407,ABREE,Campanha itinerante,Ativo,25/10/2021
2107258-000,2025,MA,  Nova Colinas ,2107258,ABREE,PEV fixo,Ativo,09/04/2019
2304400-094,2025,CE,FORTALEZA,2304400,ABREE,Campanha itinerante,Ativo,03/07/2023
3109253-000,2025,MG,BUGRE,3109253,Green Eletron,PEV fixo,Ativo,24/01/2020
2930154-001,2025,BA,Serra do Ramalho,2930154,ABREE,PEV fixo,Ativo,12/01/2022
2111300-036,2025,MA,São Luís,2111300,Green Eletron,PEV fixo,Ativo,03/10/2020
2602605-002,2025,PE,Brejo da Madre de Deus,2602605,Green Eletron,PEV fixo,Ativo,02/11/2024
3205309-010,2025,ES,Vitória,3205309,ABREE,PEV fixo,Ativo,03/02/2021
5102504-000,2025,MT,Cáceres,5102504,Green Eletron,Ponto de consolidação,Inativo,11/08/2023
2931004-000,2025,BA,TANHAÇU,2931004,ABREE,Ponto de consolidação,Ativo,07/04/2024
2300408-000,2025,CE,Aiuaba,2300408,ABREE,PEV fixo,Ativo,04/01/2020
2300606-003,2025,CE,ALTANEIRA,2300606,ABREE,Ponto de consolidação,Ativo,08/01/2023
3165560-000,2025,MG,SEM-PEIXE,3165560,ABREE,PEV fixo,Ativo,07/02/2020
3554201-000,2025,SP,Tejupá,3554201,ABREE,PEV fixo,Ativo,26/05/2023
4312658-000,2025,RS,NÃO-ME-TOQUE,4312658,Sistema individual,PEV fixo,Ativo,07/01/2019
3550308-288,2025,SP,São Paulo,3550308,Green Eletron,PEV fixo,Ativo,10/09/2022
2304707-000,2025,CE,GRANJA,2304707,Green Eletron,PEV fixo,Inativo,06/07/2022
3106200-107,2025,MG,  Belo Horizonte ,3106200,ABREE,PEV fixo,Ativo,27/04/2021
4322376-000,2025,RS,Unistalda,4322376,ABREE,Ponto de consolidação,Ativo,13/09/2021
3550308-355,2025,SP,Sao Paulo,3550308,Green Eletron,PEV fixo,Ativo,21/12/2023
2903409-003,2025,BA,Belmonte,2903409,ABREE,Ponto de consolidação,Ativo,02/05/2025
5205521-000,2025,GO,Colinas do Sul,5205521,Green Eletron,PEV fixo,Ativo,17/09/2024
3518602-000,2025,SP,Guariba,3518602,Green Eletron,PEV fixo,Ativo,22/07/2020
3550308-303,2025,SP,São Paulo,3550308,Green Eletron,PEV fixo,Ativo,17/04/2022
1702406-000,2025,TO,Arraias,1702406,Green Eletron,PEV fixo,Ativo,06/03/2022
4118600-000,2025,PR,PAULA FREITAS,4118600,ABREE,PEV fixo,Ativo,06/06/2023
1505536-000,2025,PA,PARAUAPEBAS,1505536,ABREE,PEV fixo,Ativo,18/02/2021
3550308-245,2025,SP,  São Paulo ,3550308,ABREE,PEV fixo,Ativo,21/07/2021
1704600-001,2025,TO,  Chapada de Areia ,1704600,ABREE,PEV fixo,Ativo,03/07/2024
4205407-034,2025,SC,  Florianópolis ,4205407,Sistema individual,Ponto de consolidação,Ativo,09/04/2020
3130903-001,2025,MG,Inhapim,3130903,Green Eletron,Ponto de consolidação,Ativo,19/11/2025
1100130-000,2025,RO,MACHADINHO D'OESTE,1100130,ABREE,PEV fixo,Ativo,15/06/2023
2611606-054,2025,PE,Recife,2611606,Green Eletron,Campanha itinerante,Ativo,10/12/2022
3106200-137,2025,MG,BELO HORIZONTE,3106200,Green Eletron,PEV fixo,Ativo,02/05/2021
4314902-063,2025,RS,Porto Alegre,4314902,Green Eletron,PEV fixo,Ativo,16/12/2021
5002308-000,2025,MS,Brasilândia,5002308,Sistema individual,PEV fixo,Ativo,06/11/2020
1501402-024,2025,PA,Belém,1501402,Green Eletron,PEV fixo,Ativo,21/07/2022
3102100-000,2025,MG,ALTO RIO DOCE,3102100,ABREE,PEV fixo,Inativo,10/11/2022
2907004-000,2025,BA,Cardeal da Silva,2907004,Green Eletron,PEV fixo,Ativo,24/06/2022
3136579-004,2025,MG,JOSENÓPOLIS,3136579,ABREE,PEV fixo,Ativo,05/02/2023
3540002-000,2025,SP,Pompéia,3540002,ABREE,PEV fixo,Ativo,11/10/2022
3550308-252,2025,SP,São Paulo,3550308,ABREE,Campanha itinerante,Ativo,15/10/2022
3106200-169,2025,MG,BELO HORIZONTE,3106200,Sistema individual,PEV fixo,Ativo,20/11/2022
4204707-000,2025,SC,Cunha Pora,4204707,Green Eletron,PEV fixo,Ativo,04/12/2025
3304557-102,2025,RJ,RIO DE JANEIRO,3304557,Sistema individual,PEV fixo,Ativo,16/08/2021
3304557-060,2025,RJ,Rio de Janeiro,3304557,ABREE,PEV fixo,Ativo,25/08/2020
2702009-001,2025,AL,COITÉ DO NÓIA,2702009,Green Eletron,Ponto de consolidação,Ativo,15/05/2025
2701308-000,2025,AL,Cajueiro,2701308,Green Eletron,Ponto de consolidação,Ativo,09/01/2019
4106902-040,2025,PR,Curitiba,4106902,ABREE,PEV fixo,Ativo,25/08/2021
3503703-000,2025,SP,ARIRANHA,3503703,ABREE,PEV fixo,Ativo,03/11/2020
3527801-001,2025,SP,Lupércio,3527801,Sistema individual,PEV fixo,Ativo,08/06/2020
3510708-000,2025,SP,CARDOSO,3510708,ABREE,PEV fixo,Ativo,08/01/2021
3300258-002,2025,RJ,ARRAIAL DO CABO,3300258,Sistema individual,Ponto de consolidação,Ativo,23/01/2021
4313466-000,2025,RS,Novo Xingu,4313466,Green Eletron,PEV fixo,Ativo,03/11/2023
4103008-000,2025,PR,Boa Esperança,4103008,ABREE,PEV fixo,Ativo,15/01/2019
2928901-000,2025,BA,Sao Desiderio,2928901,ABREE,PEV fixo,Ativo,13/05/2020
2107100-000,2025,MA,MORROS,,Green Eletron,PEV fixo,Ativo,07/04/2020
3169307-002,2025,MG,Três Corações,3169307,ABREE,PEV fixo,Ativo,07/02/2021
2403202-000,2025,RN,Doutor Severiano,2403202,Green Eletron,Ponto de consolidação,Ativo,28/05/2022
1505700-000,2025,PA,PONTA DE PEDRAS,1505700,ABREE,PEV fixo,Ativo,08/04/2021
3550308-214,2025,SP,SÃO PAULO,,ABREE,Ponto de consolidação,Ativo,19/07/2021
2927408-061,2025,BA,Salvador,2927408,Green Eletron,PEV fixo,Ativo,28/05/2020
4300638-000,2025,RS,  Amaral Ferrador ,4300638,Sistema individual,PEV fixo,Ativo,18/04/2022
3505203-000,2025,SP,Bariri,3505203,ABREE,PEV fixo,Ativo,11/02/2020
2611606-077,2025,PE,  Recife ,2611606,ABREE,PEV fixo,Ativo,17/06/2023
2608701-001,2025,PE,Lagoa dos Gatos,2608701,ABREE,PEV fixo,Ativo,16/10/2023
2203420-000,2025,PI,Domingos Mourao,2203420,ABREE,Ponto de consolidação,Ativo,01/10/2020
4319356-000,2025,RS,São Pedro da Serra,4319356,Green Eletron,Campanha itinerante,Ativo,16/03/2019
1720804-000,2025,TO,Sítio Novo do Tocantins,1720804,Green Eletron,Campanha itinerante,Ativo,08/03/2024
2403004-000,2025,RN,Cruzeta,2403004,ABREE,PEV fixo,Ativo,22/12/2022
1508209-005,2025,PA,Vigia,1508209,Green Eletron,Ponto de consolidação,Inativo,28/07/2020
2703304-001,2025,AL,Inhapi,2703304,ABREE,PEV fixo,Ativo,09/04/2025
3304557-083,2025,RJ,Rio de Janeiro,3304557,ABREE,PEV fixo,Ativo,12/02/2021
2931053-000,2025,BA,Tanque Novo,2931053,ABREE,PEV fixo,Ativo,09/03/2023
5300108-074,2025,DF,Brasília,5300108,ABREE,PEV fixo,Ativo,05/06/2022
2611606-012,2025,PE,RECIFE,2611606,ABREE,PEV fixo,Ativo,28/06/2020
2202251-000,2025,PI,Canavieira,2202251,Green Eletron,PEV fixo,Ativo,20/10/2024
3125101-000,2025,MG,Extrema,3125101,ABREE,PEV fixo,Ativo,24/02/2020
2110609-000,2025,MA,Sao Bernardo,2110609,Green Eletron,PEV fixo,Ativo,18/03/2021
1505106-001,2025,PA,Óbidos,1505106,ABREE,PEV fixo,Ativo,28/02/2020
4314902-021,2025,RS,Porto Alegre,4314902,Green Eletron,PEV fixo,Ativo,10/01/2020
3304557-009,2025,RJ,Rio de Janeiro,3304557,ABREE,PEV fixo,Ativo,15/01/2020
3106002-004,2025,MG,Bela Vista de Minas,3106002,Green Eletron,PEV fixo,Ativo,11/04/2025
3106200-237,2025,MG,BELO HORIZONTE,3106200,Green Eletron,PEV fixo,Ativo,25/04/2023
3201902-003,2025,ES,DOMINGOS MARTINS,3201902,Green Eletron,PEV fixo,Ativo,21/09/2024
2305100-000,2025,CE,Guaramiranga,2305100,ABREE,PEV fixo,Ativo,05/12/2023
3515806-000,2025,SP,FLORA RICA,3515806,ABREE,PEV fixo,Ativo,13/01/2021
3545803-002,2025,SP,Santa Bárbara d'Oeste,3545803,Green Eletron,Ponto de consolidação,Ativo,18/09/2022
5300108-055,2025,DF,Brasília,5300108,Green Eletron,PEV fixo,Ativo,25/07/2021
3503703-004,2025,SP,Ariranha,3503703,Green Eletron,Ponto de consolidação,Ativo,25/12/2021
3548401-000,2025,SP,Santópolis do Aguapeí,3548401,ABREE,Ponto de consolidação,Ativo,11/10/2021
2105153-000,2025,MA,IGARAPÉ DO MEIO,2105153,Sistema individual,PEV fixo,Ativo,09/02/2019
1711902-000,2025,TO,Lagoa da Confusão,1711902,Green Eletron,Ponto de consolidação,Ativo,05/12/2021
1100205-005,2025,RO,PORTO VELHO,1100205,ABREE,Ponto de consolidação,Ativo,15/08/2021
3550308-309,2025,SP,São Paulo,3550308,Green Eletron,PEV fixo,Ativo,04/09/2022
3205309-013,2025,ES,VITÓRIA,3205309,ABREE,PEV fixo,Ativo,13/07/2021
1507151-005,2025,PA,Sao Domingos do Araguaia,1507151,Green Eletron,PEV fixo,Ativo,08/06/2022
2205003-000,2025,PI,ITAINÓPOLIS,2205003,ABREE,PEV fixo,Ativo,15/04/2021
3144201-000,2025,MG,Nacip Raydan,3144201,ABREE,PEV fixo,Ativo,11/11/2023
4205407-087,2025,SC,FLORIANÓPOLIS,4205407,ABREE,Campanha itinerante,Ativo,26/06/2023
2304400-028,2025,CE,FORTALEZA,,Green Eletron,PEV fixo,Ativo,25/08/2019
2511004-000,2025,PB,Pedra Branca,2511004,Green Eletron,PEV fixo,Ativo,07/09/2019
4314902-173,2025,RS,Porto Alegre,4314902,Green Eletron,PEV fixo,Ativo,07/12/2024
3550308-194,2025,SP,São Paulo,3550308,Green Eletron,PEV fixo,Ativo,02/05/2021
3109907-000,2025,MG,Caetanópolis,3109907,ABREE,PEV fixo,Ativo,06/06/2021
3157658-000,2025,MG,Santa Helena de Minas,3157658,ABREE,PEV fixo,Ativo,01/01/2024
3532009-014,2025,SP,MORUNGABA,3532009,ABREE,PEV fixo,Ativo,11/09/2022
3530102-005,2025,SP,MIRANDÓPOLIS,3530102,ABREE,Campanha itinerante,Ativo,12/10/2022
2304400-067,2025,CE,Fortaleza,2304400,ABREE,Ponto de consolidação,Ativo,09/11/2021
2927408-076,2025,BA,Salvador,2927408,ABREE,PEV fixo,Ativo,15/03/2021
2314102-000,2025,CE,Vicosa do Ceara,2314102,Green Eletron,PEV fixo,Ativo,19/07/2019
5220058-000,2025,GO,SÃO JOÃO DA PARAÚNA,5220058,ABREE,Ponto de consolidação,Ativo,26/04/2019
3166303-000,2025,MG,SERICITA,3166303,Green Eletron,PEV fixo,Ativo,25/10/2024
2904100-000,2025,BA,  Boquira ,2904100,Green Eletron,PEV fixo,Ativo,08/02/2022
3304557-012,2025,RJ,RIO DE JANEIRO,3304557,Green Eletron,Ponto de consolidação,Ativo,22/06/2020
3550308-116,2025,SP,São Paulo,3550308,Green Eletron,Ponto de consolidação,Ativo,13/09/2020
3550308-326,2025,SP,Sao Paulo,3550308,ABREE,PEV fixo,Ativo,07/05/2023
1508035-000,2025,PA,Tracuateua,1508035,ABREE,PEV fixo,Ativo,27/06/2023
4104055-000,2025,PR,  Campo Bonito ,4104055,Sistema individual,Campanha itinerante,Ativo,02/12/2020
2111300-042,2025,MA,Sao Luis,2111300,Green Eletron,PEV fixo,Ativo,09/10/2020
2505238-000,2025,PB,Cuité de Mamanguape,2505238,ABREE,PEV fixo,Ativo,03/02/2019
1502707-000,2025,PA,CONCEIÇÃO DO ARAGUAIA,1502707,ABREE,PEV fixo,Ativo,06/10/2019
4220000-005,2025,SC,  Balneário Rincão ,4220000,ABREE,PEV fixo,Ativo,17/03/2025
4313086-000,2025,RS,NOVA PÁDUA,4313086,Green Eletron,PEV fixo,Ativo,27/09/2020
3550308-319,2025,SP,São Paulo,3550308,ABREE,PEV fixo,Ativo,09/09/2022
3550308-298,2025,SP,SÃO PAULO,3550308,Green Eletron,PEV fixo,Ativo,19/10/2022
2804300-000,2025,SE,Muribeca,2804300,ABREE,PEV fixo,Ativo,24/04/2019
3548203-000,2025,SP,Santo Antônio do Pinhal,3548203,ABREE,Ponto de consolidação,Ativo,05/07/2020
2407906-000,2025,RN,Monte das Gameleiras,2407906,Green Eletron,PEV fixo,Ativo,22/09/2023
3135506-000,2025,MG,Jequeri,3135506,Green Eletron,PEV fixo,Ativo,04/11/2019
3550308-167,2025,SP,  São Paulo ,3550308,Green Eletron,Ponto de consolidação,Ativo,21/09/2020
3164605-000,2025,MG,São Sebastião do Oeste,3164605,ABREE,PEV fixo,Ativo,23/08/2023
2511103-000,2025,PB,  Pedra Lavrada ,2511103,Green Eletron,PEV fixo,Ativo,28/11/2019
3522505-000,2025,SP,ITAPEVI,3522505,Green Eletron,PEV fixo,Ativo,18/01/2022
3106200-276,2025,MG,Belo Horizonte,3106200,Sistema individual,PEV fixo,Ativo,11/03/2023
3125408-000,2025,MG,Felício dos Santos,3125408,Green Eletron,PEV fixo,Ativo,16/04/2025
2110203-000,2025,MA,SANTA RITA,2110203,Green Eletron,Ponto de consolidação,Ativo,02/01/2022
4110508-000,2025,PR,Ipiranga,4110508,ABREE,Campanha itinerante,Ativo,20/12/2025
4117255-000,2025,PR,Nova Prata do Iguacu,4117255,ABREE,PEV fixo,Ativo,01/03/2020
4211207-000,2025,SC,Morro da Fumaça,4211207,ABREE,PEV fixo,Ativo,26/08/2022
2202778-000,2025,PI,Colônia do Piauí,2202778,Green Eletron,PEV fixo,Ativo,23/01/2019
4219606-000,2025,SC,  Xavantina ,4219606,ABREE,PEV fixo,Ativo,07/03/2024
3553955-005,2025,SP,Tarumã,3553955,Sistema individual,PEV fixo,Ativo,22/12/2024
5003751-000,2025,MS,Eldorado,5003751,ABREE,PEV fixo,Ativo,23/06/2024
4212304-000,2025,SC,  Paulo Lopes ,4212304,Green Eletron,Ponto de consolidação,Ativo,15/07/2021
2916708-000,2025,BA,Itaquara,2916708,Green Eletron,PEV fixo,Ativo,27/04/2023
2207009-000,2025,PI,Oeiras,2207009,Green Eletron,PEV fixo,Ativo,26/06/2023
5103403-006,2025,MT,Cuiabá,5103403,Green Eletron,PEV fixo,Ativo,22/07/2021
3104403-000,2025,MG,Argirita,3104403,Green Eletron,PEV fixo,Ativo,21/12/2020
2112704-000,2025,MA,Vargem Grande,2112704,Green Eletron,PEV fixo,Ativo,26/12/2019
3165008-000,2025,MG,São Tiago,3165008,ABREE,PEV fixo,Ativo,25/08/2024
3550308-242,2025,SP,São Paulo,3550308,ABREE,PEV fixo,Ativo,23/12/2021
3153608-000,2025,MG,Prudente de Morais,3153608,Sistema individual,PEV fixo,Ativo,27/01/2020
3525102-000,2025,SP,JARDINÓPOLIS,3525102,ABREE,PEV fixo,Ativo,19/01/2024
3304557-196,2025,RJ,Rio de Janeiro,3304557,Green Eletron,PEV fixo,Ativo,14/08/2023
2707305-000,2025,AL,  Porto Calvo ,2707305,Green Eletron,PEV fixo,Ativo,15/01/2024
3550308-300,2025,SP,  São Paulo ,3550308,ABREE,PEV fixo,Ativo,14/09/2022
5210802-000,2025,GO,Itajá,5210802,ABREE,PEV fixo,Ativo,27/04/2022
3145356-000,2025,MG,Novo Oriente de Minas,3145356,ABREE,PEV fixo,Ativo,13/07/2022
3304557-212,2025,RJ,Rio de Janeiro,3304557,Green Eletron,PEV fixo,Ativo,15/06/2024
5220454-000,2025,GO,SENADOR CANEDO,5220454,ABREE,PEV fixo,Ativo,05/01/2024
1304062-000,2025,AM,Tabatinga,1304062,ABREE,PEV fixo,Ativo,23/12/2022
3540507-000,2025,SP,PORANGABA,3540507,Green Eletron,PEV fixo,Ativo,27/09/2021
2408102-010,2025,RN,Natal,2408102,ABREE,PEV fixo,Ativo,10/09/2021
3554508-000,2025,SP,  Tietê ,3554508,Green Eletron,PEV fixo,Ativo,21/08/2023
5002704-012,2025,MS,CAMPO GRANDE,5002704,Green Eletron,PEV fixo,Ativo,06/11/2023
1100205-012,2025,RO,PORTO VELHO,1100205,Green Eletron,PEV fixo,Ativo,05/10/2023
4127205-001,2025,PR,Terra Boa,4127205,Green Eletron,PEV fixo,Ativo,26/03/2022
1504059-001,2025,PA,Mãe do Rio,1504059,Green Eletron,PEV fixo,Ativo,08/06/2025
4302378-000,2025,RS,Bom Progresso,4302378,ABREE,PEV fixo,Ativo,24/04/2024
3543006-003,2025,SP,Ribeirão Branco,3543006,Green Eletron,PEV fixo,Ativo,06/08/2021
4319737-000,2025,RS,SÃO VALÉRIO DO SUL,4319737,ABREE,PEV fixo,Ativo,26/04/2021
3106606-001,2025,MG,  Bertópolis ,3106606,Sistema individual,Campanha itinerante,Ativo,07/06/2023
3549003-000,2025,SP,Sao Francisco,3549003,Green Eletron,PEV fixo,Ativo,12/06/2020
1505601-005,2025,PA,Peixe-Boi,1505601,ABREE,PEV fixo,Ativo,05/06/2025
4314902-083,2025,RS,  Porto Alegre ,4314902,ABREE,PEV fixo,Ativo,17/02/2021
3553955-004,2025,SP,Tarumã,3553955,ABREE,PEV fixo,Ativo,16/03/2023
2610103-001,2025,PE,PALMEIRINA,2610103,ABREE,PEV fixo,Ativo,20/10/2021
2112001-000,2025,MA,  Tasso Fragoso ,2112001,ABREE,PEV fixo,Ativo,09/04/2022
2927408-127,2025,BA,Salvador,2927408,ABREE,PEV fixo,Ativo,11/02/2022
2704302-011,2025,AL,Maceió,2704302,Sistema individual,Campanha itinerante,Ativo,16/01/2023
4309258-000,2025,RS,Guabiju,4309258,Green Eletron,PEV fixo,Ativo,09/12/2025
4303905-000,2025,RS,Campo Bom,4303905,ABREE,PEV fixo,Ativo,24/01/2019
4311270-000,2025,RS,  Lagoa dos Três Cantos ,4311270,ABREE,PEV fixo,Ativo,03/06/2021
4218905-000,2025,SC,Urubici,4218905,ABREE,PEV fixo,Ativo,27/11/2020
2927408-049,2025,BA,Salvador,2927408,Green Eletron,PEV fixo,Ativo,21/06/2020
4117297-000,2025,PR,Novo Itacolomi,4117297,Green Eletron,PEV fixo,Ativo,15/05/2020
3304557-181,2025,RJ,Rio de Janeiro,3304557,Green Eletron,PEV fixo,Ativo,01/09/2023
3550308-270,2025,SP,São Paulo,3550308,Sistema individual,PEV fixo,Ativo,05/12/2022
2922409-000,2025,BA,Mutuípe,2922409,Green Eletron,PEV fixo,Ativo,14/05/2024
3205309-015,2025,ES,Vitória,3205309,ABREE,PEV fixo,Ativo,25/01/2022
3145877-000,2025,MG,Orizânia,3145877,ABREE,PEV fixo,Ativo,12/03/2022
2602902-003,2025,PE,Cabo de Santo Agostinho,2602902,Green Eletron,Ponto de consolidação,Ativo,13/02/2020
1507003-000,2025,PA,Santo Antonio do Taua,1507003,Green Eletron,PEV fixo,Ativo,23/06/2019
2211001-004,2025,PI,Teresina,2211001,Green Eletron,Campanha itinerante,Ativo,09/09/2019
4302303-000,2025,RS,Bom Jesus,4302303,Green Eletron,Ponto de consolidação,Ativo,28/08/2020
4214151-000,2025,SC,Princesa,4214151,Sistema individual,PEV fixo,Ativo,08/09/2022
4314548-000,2025,RS,Pinto Bandeira,4314548,Green Eletron,Campanha itinerante,Ativo,16/04/2021
2210706-000,2025,PI,SIMÕES,2210706,Green Eletron,PEV fixo,Ativo,06/11/2024
2914208-002,2025,BA,Irajuba,2914208,ABREE,PEV fixo,Ativo,14/03/2023
3168200-000,2025,MG,TAPIRAÍ,3168200,Green Eletron,PEV fixo,Ativo,25/02/2019
3515004-001,2025,SP,EMBU DAS ARTES,3515004,Sistema individual,Campanha itinerante,Ativo,27/01/2023
2211001-010,2025,PI,Teresina,2211001,ABREE,PEV fixo,Ativo,02/12/2020
3106200-208,2025,MG,Belo Horizonte,3106200,Green Eletron,PEV fixo,Ativo,01/11/2022
5000203-000,2025,MS,Água Clara,5000203,Green Eletron,PEV fixo,Ativo,20/08/2020
4305371-000,2025,RS,Charrua,4305371,Green Eletron,PEV fixo,Ativo,23/07/2019
3501608-001,2025,SP,AMERICANA,3501608,ABREE,PEV fixo,Ativo,06/07/2022
2927408-019,2025,BA,Salvador,2927408,Green Eletron,Campanha itinerante,Ativo,11/01/2019
2507507-008,2025,PB,JOÃO PESSOA,2507507,ABREE,PEV fixo,Ativo,21/01/2021
2927408-045,2025,BA,SALVADOR,2927408,Green Eletron,PEV fixo,Ativo,18/10/2020
3302700-001,2025,RJ,Maricá,3302700,Sistema individual,Campanha itinerante,Ativo,01/01/2019
1720309-000,2025,TO,São Sebastião do Tocantins,1720309,ABREE,PEV fixo,Ativo,09/11/2021
2411106-000,2025,RN,Ruy Barbosa,2411106,Sistema individual,Ponto de consolidação,Ativo,15/08/2023
2922300-000,2025,BA,Muritiba,2922300,ABREE,PEV fixo,Ativo,13/06/2022
1506906-000,2025,PA,Santarém Novo,1506906,ABREE,PEV fixo,Ativo,22/09/2020
3301108-012,2025,RJ,CANTAGALO,3301108,Green Eletron,PEV fixo,Ativo,09/05/2021
4306700-000,2025,RS,Dona Francisca,4306700,ABREE,PEV fixo,Ativo,21/10/2020
3517901-000,2025,SP,GUARACI,3517901,ABREE,PEV fixo,Ativo,07/10/2024
1721257-000,2025,TO,TUPIRAMA,1721257,ABREE,Ponto de consolidação,Ativo,19/11/2025
3305505-002,2025,RJ,Saquarema,3305505,ABREE,PEV fixo,Ativo,19/07/2022
4110201-000,2025,PR,Inácio Martins,4110201,Green Eletron,PEV fixo,Ativo,20/01/2025
5000906-001,2025,MS,Antônio João,5000906,ABREE,PEV fixo,Ativo,13/11/2024
3550308-127,2025,SP,SÃO PAULO,3550308,Green Eletron,PEV fixo,Ativo,25/10/2020
3513009-002,2025,SP,Cotia,3513009,Green Eletron,PEV fixo,Ativo,28/11/2019
2915403-000,2025,BA,Itaju do Colônia,2915403,ABREE,PEV fixo,Ativo,20/10/2025
4304606-000,2025,RS,CANOAS,4304606,ABREE,PEV fixo,Ativo,25/05/2024
2800308-025,2025,SE,Aracaju,2800308,Sistema individual,PEV fixo,Ativo,19/02/2023
4202008-000,2025,SC,  Balneário Camboriú ,4202008,Green Eletron,Ponto de consolidação,Ativo,19/04/2025
2904308-000,2025,BA,Brejões,2904308,Green Eletron,Ponto de consolidação,Ativo,02/03/2019
2927408-095,2025,BA,Salvador,2927408,Green Eletron,PEV fixo,Ativo,20/10/2021
2602902-006,2025,PE,Cabo de Santo Agostinho,2602902,Green Eletron,PEV fixo,Ativo,06/09/2021
3521002-001,2025,SP,Iperó,3521002,ABREE,PEV fixo,Ativo,11/04/2024
3520442-002,2025,SP,ILHA SOLTEIRA,3520442,ABREE,PEV fixo,Ativo,02/06/2023
3549805-000,2025,SP,São José do Rio Preto,3549805,Green Eletron,PEV fixo,Inativo,01/09/2025
2504603-000,2025,PB,CONDE,2504603,Green Eletron,Campanha itinerante,Ativo,03/08/2021
3120607-000,2025,MG,CRUCILÂNDIA,3120607,Sistema individual,Campanha itinerante,Ativo,14/06/2020
2309904-003,2025,CE,Pacujá,2309904,ABREE,PEV fixo,Ativo,09/05/2020
1301951-002,2025,AM,Itamarati,,ABREE,PEV fixo,Ativo,01/01/2021
3106200-005,2025,MG,Belo Horizonte,3106200,ABREE,Campanha itinerante,Ativo,07/06/2020
4314902-168,2025,RS,Porto Alegre,4314902,ABREE,PEV fixo,Ativo,07/04/2024
5205901-002,2025,GO,Corumbaiba,5205901,ABREE,PEV fixo,Ativo,03/02/2023
3530409-002,2025,SP,Mirassolandia,3530409,ABREE,PEV fixo,Ativo,10/09/2024
4106902-072,2025,PR,CURITIBA,4106902,Sistema individual,PEV fixo,Ativo,07/12/2023
2933208-000,2025,BA,Vera Cruz,2933208,Green Eletron,PEV fixo,Ativo,24/12/2023
3302502-009,2025,RJ,Magé,3302502,ABREE,PEV fixo,Ativo,23/08/2023
4300307-000,2025,RS,Alecrim,4300307,Green Eletron,PEV fixo,Ativo,04/03/2025
3550308-065,2025,SP,São Paulo,3550308,ABREE,PEV fixo,Ativo,07/07/2019
4117271-000,2025,PR,NOVA TEBAS,4117271,Green Eletron,PEV fixo,Ativo,17/11/2024
2207850-001,2025,PI,Pavussu,2207850,Green Eletron,PEV fixo,Ativo,07/03/2022
2103000-000,2025,MA,Caxias,2103000,ABREE,PEV fixo,Ativo,21/03/2020
3106200-206,2025,MG,BELO HORIZONTE,3106200,ABREE,PEV fixo,Ativo,01/07/2022
3550308-126,2025,SP,SÃO PAULO,3550308,Green Eletron,PEV fixo,Ativo,21/03/2020
3539301-000,2025,SP,Pirassununga,3539301,ABREE,Ponto de consolidação,Ativo,08/11/2021
3504701-000,2025,SP,Balbinos,3504701,ABREE,PEV fixo,Ativo,17/07/2021
2513000-001,2025,PB,Salgadinho,2513000,Green Eletron,PEV fixo,Ativo,07/05/2022
3503703-001,2025,SP,Ariranha,3503703,Green Eletron,PEV fixo,Ativo,25/11/2020
2927408-028,2025,BA,Salvador,2927408,Green Eletron,Ponto de consolidação,Ativo,12/04/2019
3532306-010,2025,SP,Natividade da Serra,3532306,Green Eletron,PEV fixo,Ativo,12/11/2023
1400027-000,2025,RR,AMAJARI,1400027,Green Eletron,PEV fixo,Ativo,14/07/2023
2909208-000,2025,BA,Coronel Joao Sa,2909208,Green Eletron,Ponto de consolidação,Ativo,02/05/2019
2304400-075,2025,CE,Fortaleza,2304400,Green Eletron,PEV fixo,Ativo,21/02/2022
1717206-000,2025,TO,Piraque,1717206,ABREE,PEV fixo,Ativo,24/01/2019
2932309-000,2025,BA,Ubatã,2932309,ABREE,PEV fixo,Ativo,08/01/2021
2408102-026,2025,RN,Natal,2408102,ABREE,PEV fixo,Ativo,08/03/2024
3303104-004,2025,RJ,Natividade,3303104,Sistema individual,PEV fixo,Ativo,04/04/2025
2605806-008,2025,PE,Frei Miguelinho,2605806,Green Eletron,PEV fixo,Ativo,12/06/2023
3530102-004,2025,SP,Mirandópolis,3530102,Green Eletron,PEV fixo,Ativo,12/04/2022
1200401-006,2025,AC,RIO BRANCO,1200401,Green Eletron,PEV fixo,Ativo,28/12/2022
3508405-001,2025,SP,Cabreuva,3508405,ABREE,PEV fixo,Ativo,08/01/2022
3514924-000,2025,SP,Elisiário,3514924,ABREE,PEV fixo,Ativo,26/11/2020
3135605-003,2025,MG,JEQUITAÍ,3135605,ABREE,PEV fixo,Ativo,19/05/2025
3304557-068,2025,RJ,Rio de Janeiro,3304557,ABREE,Ponto de consolidação,Ativo,08/03/2021
3550308-157,2025,SP,Sao Paulo,3550308,ABREE,PEV fixo,Ativo,28/07/2020
2211001-013,2025,PI,TERESINA,2211001,Green Eletron,Ponto de consolidação,Ativo,17/10/2021
3550308-082,2025,SP,  São Paulo ,3550308,Sistema individual,PEV fixo,Ativo,09/02/2019
2105906-000,2025,MA,Lago Verde,2105906,ABREE,PEV fixo,Ativo,25/08/2021
5205406-000,2025,GO,Ceres,5205406,Green Eletron,PEV fixo,Ativo,22/05/2022
3123528-002,2025,MG,Durandé,3123528,ABREE,Ponto de consolidação,Ativo,21/09/2020
3500600-006,2025,SP,ÁGUAS DE SÃO PEDRO,3500600,Sistema individual,PEV fixo,Ativo,08/10/2024
4314902-046,2025,RS,PORTO ALEGRE,4314902,Sistema individual,PEV fixo,Ativo,15/06/2020
1508209-010,2025,PA,Vigia,1508209,ABREE,Ponto de consolidação,Ativo,06/09/2022
2401107-000,2025,RN,Areia Branca,2401107,Green Eletron,PEV fixo,Ativo,25/02/2023
2304608-001,2025,CE,General Sampaio,2304608,ABREE,PEV fixo,Ativo,26/06/2024
4100509-003,2025,PR,Altônia,4100509,ABREE,PEV fixo,Ativo,04/07/2024
2111300-057,2025,MA,SÃO LUÍS,2111300,Green Eletron,PEV fixo,Ativo,21/05/2021
2602902-004,2025,PE,  Cabo de Santo Agostinho ,2602902,Sistema individual,PEV fixo,Ativo,15/03/2020
2917300-000,2025,BA,Ituberá,2917300,ABREE,PEV fixo,Ativo,14/12/2022
2513653-000,2025,PB,Joca Claudino,2513653,ABREE,PEV fixo,Ativo,20/02/2022
3546603-000,2025,SP,  Santa Fé do Sul ,3546603,Green Eletron,Ponto de consolidação,Ativo,23/07/2020
3131307-000,2025,MG,IPATINGA,3131307,ABREE,PEV fixo,Ativo,16/10/2021
3109501-003,2025,MG,Cabo Verde,3109501,Green Eletron,PEV fixo,Ativo,19/01/2025
2927408-079,2025,BA,Salvador,2927408,ABREE,PEV fixo,Ativo,09/03/2021
5209952-000,2025,GO,Indiara,5209952,ABREE,PEV fixo,Ativo,11/08/2024
4312807-000,2025,RS,Nova Araçá,4312807,ABREE,Ponto de consolidação,Ativo,28/03/2020
2102754-000,2025,MA,Capinzal do Norte,,ABREE,PEV fixo,Ativo,11/10/2023
3541653-008,2025,SP,Quadra,3541653,ABREE,Campanha itinerante,Ativo,17/08/2024
3543204-004,2025,SP,Ribeirão do Sul,3543204,Green Eletron,Ponto de consolidação,Ativo,08/10/2025
3541653-003,2025,SP,QUADRA,3541653,Green Eletron,PEV fixo,Ativo,08/06/2021
4205407-021,2025,SC,FLORIANÓPOLIS,4205407,ABREE,PEV fixo,Ativo,17/07/2019
3538808-004,2025,SP,  Piraju ,3538808,Green Eletron,PEV fixo,Ativo,12/12/2019
3304557-177,2025,RJ,  Rio de Janeiro ,3304557,ABREE,PEV fixo,Ativo,19/03/2023
3302601-001,2025,RJ,Mangaratiba,3302601,Sistema individual,PEV fixo,Ativo,27/10/2025
3306156-000,2025,RJ,Varre-Sai,3306156,Green Eletron,PEV fixo,Ativo,16/01/2023
2305332-000,2025,CE,Ibicuitinga,2305332,ABREE,PEV fixo,Ativo,14/01/2019
3550902-000,2025,SP,Sao Simao,3550902,Green Eletron,PEV fixo,Ativo,17/12/2023
3304557-014,2025,RJ,Rio de Janeiro,3304557,ABREE,PEV fixo,Ativo,03/10/2020
2920700-000,2025,BA,Maraú,2920700,Green Eletron,Ponto de consolidação,Ativo,05/01/2021
2304400-073,2025,CE,Fortaleza,2304400,Green Eletron,PEV fixo,Ativo,15/01/2022
1506203-000,2025,PA,Salinopolis,1506203,Green Eletron,Campanha itinerante,Ativo,08/08/2023
3303104-000,2025,RJ,NATIVIDADE,3303104,Green Eletron,PEV fixo,Ativo,09/11/2021
3511706-000,2025,SP,Charqueada,3511706,ABREE,PEV fixo,Ativo,11/12/2021
4106902-073,2025,PR,CURITIBA,4106902,ABREE,PEV fixo,Ativo,12/02/2023
4105102-001,2025,PR,  Centenário do Sul ,4105102,ABREE,PEV fixo,Ativo,14/08/2023
3550308-045,2025,SP,São Paulo,3550308,Green Eletron,PEV fixo,Ativo,10/08/2019
3550308-105,2025,SP,Sao Paulo,3550308,ABREE,PEV fixo,Ativo,10/11/2019
2927408-054,2025,BA,Salvador,2927408,Green Eletron,PEV fixo,Ativo,22/08/2020
4106902-075,2025,PR,Curitiba,4106902,Green Eletron,PEV fixo,Ativo,07/05/2023
3501608-000,2025,SP,Americana,3501608,Green Eletron,PEV fixo,Ativo,08/08/2022
3543204-001,2025,SP,Ribeirão do Sul,3543204,Green Eletron,PEV fixo,Ativo,22/01/2022
2607000-000,2025,PE,Inajá,2607000,ABREE,Ponto de consolidação,Ativo,18/10/2019
2912202-000,2025,BA,Ibicoara,2912202,Green Eletron,Ponto de consolidação,Ativo,05/10/2022
3536505-001,2025,SP,Paulinia,3536505,Green Eletron,PEV fixo,Ativo,20/10/2022
2516409-000,2025,PB,Tacima,2516409,Green Eletron,PEV fixo,Ativo,27/01/2021
3550308-221,2025,SP,São Paulo,3550308,Sistema individual,PEV fixo,Ativo,10/02/2021
1721000-004,2025,TO,PALMAS,1721000,ABREE,PEV fixo,Ativo,01/02/2020
3121407-001,2025,MG,  Desterro de Entre Rios ,3121407,ABREE,PEV fixo,Ativo,01/07/2024
4314902-127,2025,RS,  Porto Alegre ,4314902,ABREE,Ponto de consolidação,Ativo,07/12/2023
3149507-000,2025,MG,Pequeri,3149507,Green Eletron,PEV fixo,Ativo,20/07/2025
4314902-091,2025,RS,Porto Alegre,4314902,ABREE,Campanha itinerante,Ativo,12/12/2022
2932903-000,2025,BA,VALENÇA,2932903,Green Eletron,PEV fixo,Ativo,03/04/2020
3106200-179,2025,MG,BELO HORIZONTE,3106200,ABREE,PEV fixo,Ativo,14/03/2022
2903508-004,2025,BA,Belo Campo,2903508,ABREE,PEV fixo,Ativo,06/02/2023
2804508-000,2025,SE,Nossa Senhora da Glória,2804508,ABREE,PEV fixo,Ativo,24/10/2022
3112109-000,2025,MG,Caparaó,3112109,ABREE,PEV fixo,Ativo,20/07/2021
1200104-000,2025,AC,BRASILÉIA,1200104,Green Eletron,PEV fixo,Ativo,19/05/2020
4318002-000,2025,RS,SÃO BORJA,4318002,Green Eletron,PEV fixo,Ativo,25/10/2024
3156403-000,2025,MG,Romaria,3156403,Green Eletron,PEV fixo,Ativo,18/08/2025
3550308-213,2025,SP,São Paulo,3550308,Green Eletron,PEV fixo,Ativo,27/12/2021
3159209-000,2025,MG,Santa Rita de Caldas,3159209,Green Eletron,PEV fixo,Ativo,21/09/2020
3106200-211,2025,MG,Belo Horizonte,3106200,ABREE,PEV fixo,Ativo,22/07/2022
4202453-000,2025,SC,Bombinhas,4202453,ABREE,Ponto de consolidação,Inativo,08/06/2021
3125200-000,2025,MG,Fama,3125200,ABREE,PEV fixo,Ativo,18/05/2022
2608206-000,2025,PE,JOAQUIM NABUCO,2608206,ABREE,PEV fixo,Ativo,23/06/2022
3304557-148,2025,RJ,Rio de Janeiro,3304557,Green Eletron,PEV fixo,Ativo,12/06/2022
3533403-000,2025,SP,  Nova Odessa ,3533403,ABREE,Ponto de consolidação,Ativo,23/01/2025
1713601-000,2025,TO,Monte do Carmo,1713601,ABREE,PEV fixo,Ativo,24/03/2023
3169307-000,2025,MG,Três Corações,3169307,Green Eletron,PEV fixo,Ativo,18/05/2020
3140159-000,2025,MG,Mário Campos,3140159,ABREE,PEV fixo,Ativo,05/09/2020
4314902-152,2025,RS,PORTO ALEGRE,4314902,Green Eletron,PEV fixo,Ativo,23/09/2023
3504602-000,2025,SP,Bady Bassitt,3504602,Sistema individual,PEV fixo,Inativo,12/01/2019
4110300-001,2025,PR,Inajá,4110300,Green Eletron,PEV fixo,Ativo,22/01/2024
3547403-000,2025,SP,Santa Rita d'Oeste,3547403,ABREE,Campanha itinerante,Ativo,07/06/2021
2111300-039,2025,MA,Sao Luis,2111300,Green Eletron,PEV fixo,Ativo,18/11/2020
3542602-000,2025,SP,Registro,3542602,Green Eletron,PEV fixo,Ativo,03/12/2019
3106200-037,2025,MG,Belo Horizonte,3106200,ABREE,PEV fixo,Ativo,25/06/2020
2500775-000,2025,PB,Aparecida,2500775,ABREE,PEV fixo,Ativo,05/03/2020
3150208-000,2025,MG,PIEDADE DE PONTE NOVA,3150208,Green Eletron,PEV fixo,Ativo,21/01/2025
4307302-000,2025,RS,ERVAL SECO,4307302,Green Eletron,PEV fixo,Ativo,06/11/2022
3168101-000,2025,MG,Tapira,3168101,Sistema individual,Ponto de consolidação,Ativo,28/07/2022
3124609-000,2025,MG,Estrela Dalva,3124609,ABREE,PEV fixo,Ativo,22/03/2021
3531308-000,2025,SP,Monte Alto,3531308,Green Eletron,Ponto de consolidação,Ativo,22/08/2019
1301951-003,2025,AM,Itamarati,1301951,Green Eletron,PEV fixo,Ativo,11/01/2021
3506201-001,2025,SP,Bento de Abreu,3506201,ABREE,PEV fixo,Ativo,17/03/2025
3106200-173,2025,MG,Belo Horizonte,3106200,ABREE,PEV fixo,Ativo,28/11/2022
3305752-011,2025,RJ,Tanguá,3305752,Green Eletron,PEV fixo,Ativo,07/05/2024
3520905-000,2025,SP,IPAUSSU,3520905,ABREE,PEV fixo,Ativo,26/02/2022
2705606-000,2025,AL,NOVO LINO,2705606,Sistema individual,Ponto de consolidação,Ativo,09/05/2024
4305587-000,2025,RS,Colinas,4305587,ABREE,PEV fixo,Ativo,20/09/2022
1304005-000,2025,AM,Silves,1304005,ABREE,PEV fixo,Ativo,15/12/2020
3301876-007,2025,RJ,Iguaba Grande,3301876,ABREE,PEV fixo,Ativo,23/04/2022
3542602-003,2025,SP,Registro,3542602,ABREE,PEV fixo,Ativo,07/11/2020
3106200-155,2025,MG,Belo Horizonte,3106200,Green Eletron,PEV fixo,Ativo,18/07/2021
2702900-000,2025,AL,Girau do Ponciano,2702900,ABREE,PEV fixo,Ativo,03/01/2021
3549508-002,2025,SP,SÃO JOSÉ DA BELA VISTA,3549508,ABREE,PEV fixo,Ativo,09/01/2019
3547809-000,2025,SP,Santo Andre,3547809,ABREE,PEV fixo,Ativo,17/12/2023
2109106-001,2025,MA,Presidente Dutra,2109106,ABREE,PEV fixo,Ativo,27/01/2023
2304400-007,2025,CE,Fortaleza,2304400,Green Eletron,PEV fixo,Ativo,26/08/2019
3106200-282,2025,MG,Belo Horizonte,3106200,ABREE,Campanha itinerante,Ativo,10/10/2023
3304144-004,2025,RJ,Queimados,3304144,ABREE,PEV fixo,Ativo,21/10/2022
3508306-005,2025,SP,  Cabrália Paulista ,3508306,Green Eletron,Ponto de consolidação,Ativo,11/03/2022
3300605-000,2025,RJ,Bom Jesus do Itabapoana,3300605,Green Eletron,Campanha itinerante,Ativo,24/09/2021
2415008-000,2025,RN,Vila Flor,2415008,ABREE,PEV fixo,Ativo,28/12/2025
1504950-002,2025,PA,NOVA ESPERANÇA DO PIRIÁ,1504950,ABREE,PEV fixo,Ativo,15/02/2024
4205001-001,2025,SC,Dionisio Cerqueira,4205001,Green Eletron,PEV fixo,Ativo,07/04/2022
1507979-001,2025,PA,TERRA SANTA,1507979,Green Eletron,PEV fixo,Ativo,19/03/2024
4305355-000,2025,RS,CHARQUEADAS,4305355,ABREE,Ponto de consolidação,Ativo,17/11/2025
3205309-026,2025,ES,  Vitória ,3205309,Green Eletron,PEV fixo,Ativo,17/07/2024
3512605-000,2025,SP,Coronel Macedo,3512605,Green Eletron,PEV fixo,Ativo,07/12/2023
1304260-004,2025,AM,  Uarini ,1304260,ABREE,Ponto de consolidação,Ativo,20/05/2023
2503001-000,2025,PB,Caaporã,2503001,ABREE,PEV fixo,Ativo,08/02/2022
2206753-000,2025,PI,Nossa Senhora de Nazaré,2206753,Green Eletron,PEV fixo,Ativo,24/11/2023
4103040-000,2025,PR,BOA VENTURA DE SÃO ROQUE,4103040,ABREE,PEV fixo,Ativo,01/12/2019
4314902-118,2025,RS,Porto Alegre,4314902,Green Eletron,Ponto de consolidação,Ativo,25/11/2022
5100805-000,2025,MT,Apiacás,5100805,Green Eletron,PEV fixo,Ativo,07/12/2021
2610707-000,2025,PE,Paulista,2610707,ABREE,PEV fixo,Ativo,17/05/2023
4310207-012,2025,RS,Ijuí,4310207,Green Eletron,PEV fixo,Ativo,05/04/2023
1501402-011,2025,PA,BELÉM,1501402,Green Eletron,Ponto de consolidação,Ativo,28/09/2021
3106200-212,2025,MG,Belo Horizonte,3106200,ABREE,PEV fixo,Ativo,06/04/2022
3300902-001,2025,RJ,Cambuci,3300902,ABREE,PEV fixo,Ativo,12/10/2019
2602803-000,2025,PE,Buíque,2602803,Green Eletron,PEV fixo,Ativo,09/02/2019
3160504-000,2025,MG,Santo Antônio do Rio Abaixo,3160504,Green Eletron,Ponto de consolidação,Ativo,21/06/2025
2111300-003,2025,MA,São Luís,2111300,ABREE,PEV fixo,Ativo,09/07/2019
4217501-000,2025,SC,Seara,4217501,ABREE,Campanha itinerante,Ativo,25/03/2019
4122107-001,2025,PR,Rio Bom,4122107,Sistema individual,Ponto de consolidação,Ativo,18/10/2023
2904852-000,2025,BA,Cabaceiras do Paraguaçu,2904852,Green Eletron,PEV fixo,Ativo,03/06/2020
3538808-013,2025,SP,  Piraju ,3538808,Green Eletron,Ponto de consolidação,Ativo,20/01/2020
3145208-001,2025,MG,Nova Serrana,3145208,ABREE,PEV fixo,Ativo,22/11/2025
3300258-003,2025,RJ,ARRAIAL DO CABO,3300258,Green Eletron,PEV fixo,Ativo,27/09/2022
3304144-005,2025,RJ,Queimados,3304144,ABREE,PEV fixo,Ativo,12/08/2023
4205357-000,2025,SC,Flor do Sertao,,ABREE,PEV fixo,Ativo,12/04/2025
4214102-000,2025,SC,Presidente Nereu,4214102,Green Eletron,PEV fixo,Ativo,07/10/2023
3500907-000,2025,SP,Altair,3500907,ABREE,PEV fixo,Ativo,26/04/2020
3201605-004,2025,ES,Conceicao da Barra,3201605,ABREE,PEV fixo,Ativo,27/10/2025
2708956-000,2025,AL,Senador Rui Palmeira,2708956,ABREE,PEV fixo,Ativo,04/08/2023
3106200-103,2025,MG,BELO HORIZONTE,3106200,ABREE,PEV fixo,Ativo,21/09/2021
2509701-000,2025,PB,  Monteiro ,2509701,ABREE,PEV fixo,Ativo,16/07/2022
3301405-005,2025,RJ,Conceição de Macabu,3301405,Green Eletron,Ponto de consolidação,Ativo,09/03/2020
3306008-000,2025,RJ,Três Rios,3306008,ABREE,PEV fixo,Ativo,20/07/2022
2507507-006,2025,PB,JOÃO PESSOA,2507507,ABREE,PEV fixo,Ativo,26/02/2020
2615102-007,2025,PE,Terezinha,2615102,ABREE,PEV fixo,Ativo,01/03/2022
3106200-069,2025,MG,Belo Horizonte,3106200,Green Eletron,PEV fixo,Ativo,24/03/2020
2600906-000,2025,PE,Amaraji,2600906,Green Eletron,PEV fixo,Ativo,26/04/2023
2304400-080,2025,CE,FORTALEZA,2304400,Sistema individual,Ponto de consolidação,Ativo,19/05/2022
4106902-037,2025,PR,Curitiba,4106902,ABREE,PEV fixo,Ativo,02/07/2021
3106200-220,2025,MG,Belo Horizonte,3106200,ABREE,Ponto de consolidação,Ativo,05/10/2022
3106200-307,2025,MG,Belo Horizonte,3106200,Green Eletron,PEV fixo,Ativo,19/01/2024
2921807-000,2025,BA,Mortugaba,2921807,ABREE,PEV fixo,Ativo,19/09/2025
5212055-000,2025,GO,Jesúpolis,5212055,Green Eletron,PEV fixo,Ativo,10/07/2022
4316436-000,2025,RS,Saldanha Marinho,4316436,Green Eletron,PEV fixo,Ativo,02/10/2020
3106200-012,2025,MG,BELO HORIZONTE,3106200,Green Eletron,Ponto de consolidação,Ativo,04/09/2020
4207700-000,2025,SC,Ipumirim,4207700,Green Eletron,PEV fixo,Ativo,27/12/2020
3550308-242,2025,SP,São Paulo,3550308,ABREE,PEV fixo,Ativo,23/12/2021
1721000-012,2025,TO,Palmas,1721000,ABREE,PEV fixo,Ativo,14/12/2023
1505700-001,2025,PA,Ponta de Pedras,1505700,Green Eletron,PEV fixo,Ativo,22/07/2021
4200903-000,2025,SC,ANGELINA,4200903,ABREE,PEV fixo,Ativo,19/07/2022
3550308-294,2025,SP,São Paulo,3550308,Green Eletron,Campanha itinerante,Ativo,01/08/2022
3118502-000,2025,MG,Consolação,3118502,ABREE,PEV fixo,Ativo,03/05/2019
3300902-004,2025,RJ,Cambuci,3300902,ABREE,Ponto de consolidação,Ativo,20/05/2021
4204509-000,2025,SC,Corupa,4204509,Green Eletron,PEV fixo,Ativo,26/04/2019
5218904-000,2025,GO,  Rubiataba ,5218904,ABREE,PEV fixo,Ativo,01/11/2019
3520707-001,2025,SP,Indiaporã,3520707,ABREE,PEV fixo,Ativo,04/08/2025
4127908-001,2025,PR,Tuneiras do Oeste,4127908,Green Eletron,Campanha itinerante,Ativo,19/12/2022
5300108-072,2025,DF,Brasília,5300108,Green Eletron,PEV fixo,Ativo,27/07/2021
4312104-000,2025,RS,Mata,4312104,ABREE,PEV fixo,Ativo,12/05/2019
3304557-018,2025,RJ,Rio de Janeiro,3304557,ABREE,PEV fixo,Ativo,11/12/2020
2300754-000,2025,CE,AMONTADA,2300754,ABREE,PEV fixo,Ativo,08/06/2022
3518503-002,2025,SP,GUAREÍ,3518503,ABREE,PEV fixo,Ativo,08/11/2023
3518305-000,2025,SP,Guararema,3518305,ABREE,PEV fixo,Ativo,03/08/2024
2927408-074,2025,BA,  Salvador ,2927408,ABREE,PEV fixo,Ativo,14/01/2021
3160207-010,2025,MG,SANTO ANTÔNIO DO ITAMBÉ,3160207,Green Eletron,PEV fixo,Ativo,27/08/2023
3301306-003,2025,RJ,Casimiro de Abreu,3301306,ABREE,PEV fixo,Ativo,05/05/2024
2611606-039,2025,PE,Recife,2611606,ABREE,Ponto de consolidação,Ativo,02/06/2021
3519303-000,2025,SP,Ibate,3519303,ABREE,Campanha itinerante,Ativo,20/02/2023
2611606-059,2025,PE,Recife,2611606,Green Eletron,PEV fixo,Ativo,19/03/2022
3155603-000,2025,MG,Rio Pardo de Minas,3155603,ABREE,PEV fixo,Ativo,20/06/2021
5103403-000,2025,MT,CUIABÁ,5103403,Green Eletron,PEV fixo,Ativo,10/01/2019
1508001-000,2025,PA,Tomé-Açu,1508001,Green Eletron,PEV fixo,Ativo,21/03/2022
3106200-016,2025,MG,BELO HORIZONTE,3106200,Green Eletron,Ponto de consolidação,Ativo,26/08/2020
3128006-000,2025,MG,Guanhães,3128006,Green Eletron,PEV fixo,Ativo,03/03/2022
2927408-104,2025,BA,Salvador,2927408,ABREE,PEV fixo,Ativo,05/09/2022
3142254-000,2025,MG,Miravânia,3142254,Green Eletron,PEV fixo,Ativo,27/04/2022
4302204-000,2025,RS,BOA VISTA DO BURICÁ,4302204,ABREE,PEV fixo,Ativo,25/01/2023
4125803-001,2025,PR,São Pedro do Ivaí,4125803,ABREE,PEV fixo,Ativo,26/05/2025
4107207-000,2025,PR,DOIS VIZINHOS,4107207,Green Eletron,PEV fixo,Ativo,22/08/2025
4316808-000,2025,RS,Santa Cruz do Sul,4316808,ABREE,PEV fixo,Ativo,23/06/2020
3200136-001,2025,ES,Aguia Branca,3200136,Green Eletron,PEV fixo,Ativo,08/02/2023
5103403-009,2025,MT,CUIABÁ,5103403,Green Eletron,Ponto de consolidação,Ativo,15/11/2022
2410256-000,2025,RN,Porto do Mangue,2410256,ABREE,PEV fixo,Ativo,05/05/2020
5221502-000,2025,GO,Turvânia,5221502,Green Eletron,PEV fixo,Ativo,22/12/2024
3531506-000,2025,SP,Monte Azul Paulista,3531506,ABREE,PEV fixo,Ativo,26/02/2023
1508001-001,2025,PA,Tomé-Açu,1508001,Green Eletron,PEV fixo,Ativo,26/07/2022
3530607-000,2025,SP,Mogi das Cruzes,3530607,Sistema individual,Ponto de consolidação,Ativo,25/04/2021
4304804-000,2025,RS,Carlos Barbosa,4304804,ABREE,PEV fixo,Ativo,26/02/2022
1501402-027,2025,PA,Belém,1501402,ABREE,PEV fixo,Ativo,04/08/2023
3304557-146,2025,RJ,Rio de Janeiro,3304557,ABREE,PEV fixo,Ativo,22/11/2022
2907400-000,2025,BA,  Catolândia ,2907400,Green Eletron,PEV fixo,Ativo,17/05/2025
3550308-008,2025,SP,São Paulo,3550308,Sistema individual,PEV fixo,Ativo,12/12/2019
5207352-000,2025,GO,Edealina,5207352,Green Eletron,PEV fixo,Ativo,07/01/2021
5300108-018,2025,DF,Brasília,5300108,Green Eletron,PEV fixo,Ativo,11/05/2019
3123858-001,2025,MG,ENTRE FOLHAS,3123858,Green Eletron,PEV fixo,Ativo,06/08/2023
2708303-000,2025,AL,São José da Laje,2708303,Green Eletron,PEV fixo,Ativo,23/10/2020
3106200-184,2025,MG,Belo Horizonte,3106200,ABREE,PEV fixo,Ativo,17/12/2022
3501103-006,2025,SP,Alto Alegre,3501103,ABREE,PEV fixo,Ativo,26/05/2024
4207403-000,2025,SC,Imbuia,4207403,Green Eletron,PEV fixo,Ativo,24/10/2020
3305307-006,2025,RJ,São Sebastião do Alto,3305307,Green Eletron,PEV fixo,Ativo,24/01/2020
2611606-023,2025,PE,Recife,2611606,ABREE,Ponto de consolidação,Ativo,17/02/2020
3528403-000,2025,SP,Mairinque,3528403,ABREE,PEV fixo,Ativo,24/02/2024
2927408-021,2025,BA,Salvador,2927408,Sistema individual,PEV fixo,Inativo,14/07/2019
2305100-000,2025,CE,Guaramiranga,2305100,ABREE,PEV fixo,Ativo,05/12/2023
3550308-075,2025,SP,São Paulo,3550308,Green Eletron,PEV fixo,Ativo,08/07/2019
4117701-000,2025,PR,  Palmeira ,4117701,ABREE,PEV fixo,Ativo,27/04/2021
2507507-012,2025,PB,João Pessoa,2507507,Green Eletron,PEV fixo,Ativo,18/11/2022
5103403-005,2025,MT,Cuiabá,5103403,Green Eletron,Ponto de consolidação,Ativo,23/01/2020
3302106-000,2025,RJ,ITAOCARA,3302106,Sistema individual,PEV fixo,Ativo,28/05/2020
3513009-008,2025,SP,COTIA,3513009,ABREE,PEV fixo,Ativo,11/07/2022
3304557-106,2025,RJ,  Rio de Janeiro ,3304557,ABREE,PEV fixo,Ativo,10/07/2021
3168705-000,2025,MG,Timoteo,3168705,ABREE,Campanha itinerante,Ativo,10/05/2020
3205309-009,2025,ES,Vitória,3205309,ABREE,PEV fixo,Ativo,02/03/2021
3532504-006,2025,SP,NEVES PAULISTA,3532504,ABREE,Campanha itinerante,Ativo,04/02/2023
4112207-001,2025,PR,  Janiópolis ,4112207,ABREE,PEV fixo,Ativo,07/01/2023
4205407-038,2025,SC,Florianópolis,4205407,Green Eletron,PEV fixo,Ativo,01/01/2020
3303005-001,2025,RJ,MIRACEMA,3303005,ABREE,PEV fixo,Ativo,16/09/2022
3531209-000,2025,SP,MONTE ALEGRE DO SUL,3531209,ABREE,PEV fixo,Ativo,05/04/2024
2205516-000,2025,PI,Juazeiro do Piaui,2205516,Sistema individual,PEV fixo,Ativo,26/08/2021
2916807-000,2025,BA,ITARANTIM,2916807,Green Eletron,PEV fixo,Ativo,10/01/2024
3204351-000,2025,ES,Rio Bananal,3204351,ABREE,PEV fixo,Ativo,17/12/2020
1506005-000,2025,PA,Prainha,1506005,ABREE,PEV fixo,Ativo,25/04/2025
3128105-000,2025,MG,Guapé,3128105,Green Eletron,Ponto de consolidação,Ativo,09/04/2019
3501608-005,2025,SP,AMERICANA,3501608,ABREE,PEV fixo,Ativo,14/05/2025
1300680-002,2025,AM,  Boa Vista do Ramos ,1300680,Green Eletron,PEV fixo,Ativo,10/06/2024
1508357-001,2025,PA,Vitória do Xingu,1508357,Green Eletron,Ponto de consolidação,Ativo,24/07/2024
2304400-070,2025,CE,Fortaleza,2304400,Green Eletron,Ponto de consolidação,Ativo,25/01/2021
1507904-000,2025,PA,Soure,1507904,ABREE,PEV fixo,Ativo,08/01/2022
2612471-000,2025,PE,SANTA CRUZ DA BAIXA VERDE,2612471,Green Eletron,PEV fixo,Ativo,19/04/2022
3106200-255,2025,MG,BELO HORIZONTE,3106200,Green Eletron,PEV fixo,Ativo,27/10/2023
3112703-000,2025,MG,Capitão Enéas,3112703,ABREE,PEV fixo,Ativo,21/10/2022
4106902-044,2025,PR,Curitiba,4106902,Green Eletron,PEV fixo,Ativo,18/06/2021
2704302-008,2025,AL,Maceió,2704302,Green Eletron,Ponto de consolidação,Ativo,20/03/2022
3550308-132,2025,SP,São Paulo,3550308,ABREE,PEV fixo,Ativo,23/07/2020
4106902-020,2025,PR,Curitiba,4106902,ABREE,PEV fixo,Ativo,28/04/2020
3543303-000,2025,SP,  Ribeirão Pires ,3543303,Green Eletron,PEV fixo,Ativo,10/01/2024
2907707-000,2025,BA,Chorrochó,2907707,Green Eletron,PEV fixo,Ativo,09/11/2022
3532009-005,2025,SP,Morungaba,3532009,Sistema individual,PEV fixo,Ativo,06/03/2020
3122405-000,2025,MG,Divisa Nova,3122405,ABREE,PEV fixo,Ativo,26/02/2019
3525201-012,2025,SP,Jarinu,3525201,Green Eletron,PEV fixo,Ativo,09/04/2023
3106200-226,2025,MG,Belo Horizonte,3106200,ABREE,PEV fixo,Ativo,17/06/2023
3165909-000,2025,MG,SENADOR MODESTINO GONÇALVES,3165909,Sistema individual,PEV fixo,Ativo,02/11/2019
3304557-125,2025,RJ,Rio de Janeiro,,ABREE,PEV fixo,Ativo,16/01/2022
2413359-002,2025,RN,Serra do Mel,2413359,Green Eletron,PEV fixo,Ativo,05/06/2024
3106200-126,2025,MG,Belo Horizonte,3106200,Green Eletron,PEV fixo,Ativo,28/09/2021
4216909-000,2025,SC,  São Lourenço do Oeste ,4216909,Green Eletron,Campanha itinerante,Ativo,18/08/2022
3556354-000,2025,SP,Vargem,3556354,ABREE,PEV fixo,Ativo,08/07/2020
3300407-000,2025,RJ,  Barra Mansa ,3300407,ABREE,PEV fixo,Ativo,14/02/2023
3302452-000,2025,RJ,MACUCO,3302452,Green Eletron,PEV fixo,Ativo,12/07/2025
4309308-000,2025,RS,Guaiba,4309308,ABREE,PEV fixo,Ativo,03/11/2019
5106158-000,2025,MT,Nova Bandeirantes,5106158,Green Eletron,PEV fixo,Ativo,24/09/2021
2609600-000,2025,PE,Olinda,2609600,Green Eletron,PEV fixo,Ativo,18/06/2020
5106190-000,2025,MT,NOVA SANTA HELENA,5106190,Green Eletron,PEV fixo,Ativo,09/02/2019
2611606-053,2025,PE,Recife,2611606,ABREE,PEV fixo,Ativo,25/03/2022
3106200-201,2025,MG,Belo Horizonte,3106200,Green Eletron,PEV fixo,Ativo,19/12/2022
1500404-000,2025,PA,Alenquer,1500404,Green Eletron,PEV fixo,Ativo,18/08/2023
3546009-006,2025,SP,SANTA BRANCA,3546009,Sistema individual,PEV fixo,Ativo,04/12/2022
3500303-000,2025,SP,Aguai,3500303,Sistema individual,PEV fixo,Ativo,17/03/2021
2906006-000,2025,BA,CAMPO FORMOSO,2906006,ABREE,PEV fixo,Ativo,20/02/2019
4205407-078,2025,SC,Florianópolis,4205407,ABREE,PEV fixo,Ativo,05/02/2022
2611606-041,2025,PE,Recife,2611606,ABREE,PEV fixo,Ativo,23/08/2021
2506806-000,2025,PB,Ingá,2506806,ABREE,PEV fixo,Ativo,05/08/2023
3551504-001,2025,SP,Serrana,3551504,Green Eletron,PEV fixo,Ativo,09/03/2022
5300108-035,2025,DF,Brasilia,5300108,ABREE,PEV fixo,Ativo,22/03/2020
3540705-000,2025,SP,  Porto Ferreira ,3540705,ABREE,PEV fixo,Ativo,10/01/2021
3550308-087,2025,SP,Sao Paulo,3550308,ABREE,PEV fixo,Ativo,25/09/2019
4120150-000,2025,PR,Porto Barreiro,,Green Eletron,PEV fixo,Ativo,27/07/2019
2919926-000,2025,BA,Madre de Deus,2919926,Green Eletron,PEV fixo,Ativo,27/07/2022
3301207-002,2025,RJ,CARMO,3301207,ABREE,PEV fixo,Ativo,12/06/2022
5220686-000,2025,GO,Simolândia,5220686,ABREE,PEV fixo,Ativo,25/12/2023
3553856-000,2025,SP,Taquarivaí,3553856,ABREE,PEV fixo,Ativo,26/07/2023
2927408-105,2025,BA,Salvador,,ABREE,PEV fixo,Ativo,16/03/2022
4111209-000,2025,PR,Itapejara d'Oeste,,Green Eletron,PEV fixo,Ativo,09/10/2020
1500107-000,2025,PA,Abaetetuba,1500107,ABREE,PEV fixo,Ativo,18/01/2021
4105508-000,2025,PR,Cianorte,4105508,Green Eletron,Ponto de consolidação,Ativo,07/06/2019
4127205-003,2025,PR,  Terra Boa ,4127205,Sistema individual,Ponto de consolidação,Ativo,03/07/2024
3550308-286,2025,SP,São Paulo,3550308,ABREE,Campanha itinerante,Ativo,04/12/2022
3304151-003,2025,RJ,QUISSAMÃ,3304151,Green Eletron,Campanha itinerante,Ativo,24/01/2022
2111300-034,2025,MA,SÃO LUÍS,2111300,ABREE,PEV fixo,Ativo,03/02/2020
4205407-063,2025,SC,Florianópolis,4205407,Sistema individual,PEV fixo,Ativo,03/08/2022
4314902-148,2025,RS,Porto Alegre,4314902,ABREE,PEV fixo,Ativo,10/09/2023
3106200-119,2025,MG,Belo Horizonte,3106200,ABREE,Campanha itinerante,Ativo,17/09/2021
3106200-129,2025,MG,  Belo Horizonte ,3106200,ABREE,PEV fixo,Ativo,09/06/2021
4121604-000,2025,PR,Renascença,4121604,ABREE,PEV fixo,Ativo,22/01/2025
3532009-003,2025,SP,Morungaba,3532009,Green Eletron,PEV fixo,Ativo,07/12/2019
2805604-000,2025,SE,Porto da Folha,2805604,ABREE,PEV fixo,Ativo,17/11/2025
3555109-007,2025,SP,Tupi Paulista,3555109,ABREE,PEV fixo,Ativo,09/09/2021
3304557-036,2025,RJ,Rio de Janeiro,3304557,Green Eletron,PEV fixo,Ativo,23/03/2020
1501600-001,2025,PA,BONITO,1501600,ABREE,PEV fixo,Ativo,11/10/2023
2406601-001,2025,RN,  Lagoa Salgada ,2406601,Green Eletron,PEV fixo,Ativo,08/07/2025
2503605-000,2025,PB,Caiçara,2503605,Sistema individual,PEV fixo,Ativo,10/11/2020
2308609-000,2025,CE,MONSENHOR TABOSA,2308609,ABREE,Campanha itinerante,Ativo,17/12/2021
3525201-003,2025,SP,Jarinu,3525201,Green Eletron,PEV fixo,Ativo,18/02/2020
4124301-000,2025,PR,Santo Antonio do Paraiso,4124301,ABREE,PEV fixo,Ativo,12/04/2020
3303708-000,2025,RJ,PARAÍBA DO SUL,3303708,Green Eletron,PEV fixo,Ativo,22/02/2023
2111300-030,2025,MA,São Luís,,Green Eletron,PEV fixo,Ativo,08/07/2019
2302107-000,2025,CE,Baturité,2302107,ABREE,PEV fixo,Ativo,06/02/2019
4304655-000,2025,RS,Capão do Cipó,4304655,ABREE,PEV fixo,Ativo,26/11/2025
3138625-000,2025,MG,Limeira do Oeste,3138625,ABREE,PEV fixo,Ativo,17/10/2019
3305505-001,2025,RJ,Saquarema,3305505,Green Eletron,PEV fixo,Ativo,09/04/2021
3147907-000,2025,MG,PASSOS,3147907,Sistema individual,PEV fixo,Ativo,20/11/2020
2304400-037,2025,CE,FORTALEZA,2304400,Green Eletron,PEV fixo,Ativo,07/11/2020
3106200-195,2025,MG,Belo Horizonte,3106200,ABREE,PEV fixo,Ativo,07/04/2022
2605806-007,2025,PE,Frei Miguelinho,2605806,ABREE,PEV fixo,Ativo,27/03/2022
2919009-000,2025,BA,Lajedinho,2919009,ABREE,Ponto de consolidação,Ativo,03/03/2019
2927408-119,2025,BA,Salvador,2927408,ABREE,PEV fixo,Ativo,15/11/2022
2602902-008,2025,PE,Cabo de Santo Agostinho,2602902,ABREE,Ponto de consolidação,Ativo,07/03/2022
5211800-000,2025,GO,Jaraguá,5211800,Sistema individual,PEV fixo,Ativo,22/06/2025
3106200-068,2025,MG,Belo Horizonte,3106200,ABREE,Campanha itinerante,Ativo,07/02/2020
2505204-001,2025,PB,CUITEGI,2505204,ABREE,PEV fixo,Ativo,14/10/2025
2611606-086,2025,PE,Recife,2611606,ABREE,PEV fixo,Ativo,04/05/2023
3163300-000,2025,MG,SÃO JOSÉ DO DIVINO,3163300,ABREE,PEV fixo,Ativo,23/07/2019
3301108-010,2025,RJ,Cantagalo,3301108,Green Eletron,PEV fixo,Ativo,27/10/2021
5205307-000,2025,GO,Cavalcante,5205307,Green Eletron,PEV fixo,Ativo,03/07/2022
4315149-000,2025,RS,PRESIDENTE LUCENA,4315149,ABREE,PEV fixo,Ativo,15/10/2019
3555109-014,2025,SP,Tupi Paulista,3555109,ABREE,PEV fixo,Ativo,21/05/2023
3137908-000,2025,MG,Lamim,3137908,Sistema individual,PEV fixo,Ativo,24/06/2024
4103909-000,2025,PR,  Campina da Lagoa ,4103909,ABREE,PEV fixo,Ativo,28/04/2020
2704302-009,2025,AL,Maceio,2704302,ABREE,PEV fixo,Ativo,12/03/2023
3527801-002,2025,SP,Lupercio,3527801,Green Eletron,PEV fixo,Ativo,27/02/2021
3106200-163,2025,MG,Belo Horizonte,,Green Eletron,PEV fixo,Ativo,22/04/2022
4116604-001,2025,PR,Nova América da Colina,4116604,Green Eletron,PEV fixo,Ativo,06/11/2025
3550308-103,2025,SP,  São Paulo ,3550308,Green Eletron,PEV fixo,Ativo,15/06/2019
4205407-030,2025,SC,FLORIANÓPOLIS,4205407,Green Eletron,PEV fixo,Inativo,18/02/2020
3550308-338,2025,SP,  São Paulo ,3550308,Green Eletron,PEV fixo,Ativo,16/03/2023
2905909-000,2025,BA,Campo Alegre de Lourdes,,Green Eletron,Ponto de consolidação,Ativo,04/01/2020
3535309-000,2025,SP,PALMITAL,3535309,ABREE,PEV fixo,Ativo,09/09/2021
3129509-000,2025,MG,IBIÁ,3129509,ABREE,PEV fixo,Ativo,09/04/2020
2927408-033,2025,BA,Salvador,2927408,ABREE,PEV fixo,Ativo,11/05/2019
3550308-204,2025,SP,São Paulo,3550308,ABREE,PEV fixo,Ativo,27/11/2021
2602506-000,2025,PE,  Brejinho ,2602506,Green Eletron,PEV fixo,Ativo,03/03/2022
2311405-001,2025,CE,Quixeramobim,2311405,ABREE,PEV fixo,Ativo,27/03/2025
1505601-004,2025,PA,Peixe-Boi,1505601,Green Eletron,Campanha itinerante,Ativo,05/09/2024
2706208-000,2025,AL,Palestina,2706208,ABREE,PEV fixo,Ativo,28/02/2021
2611606-068,2025,PE,Recife,2611606,ABREE,PEV fixo,Ativo,03/09/2022
3304557-045,2025,RJ,Rio de Janeiro,3304557,Sistema individual,PEV fixo,Ativo,14/06/2020
2902500-000,2025,BA,Baianopolis,2902500,Green Eletron,PEV fixo,Ativo,22/04/2024
3109253-001,2025,MG,  Bugre ,3109253,Green Eletron,PEV fixo,Inativo,11/05/2023
2101939-002,2025,MA,Bernardo do Mearim,2101939,ABREE,Campanha itinerante,Ativo,12/09/2020
3117207-000,2025,MG,Conceição das Pedras,3117207,ABREE,PEV fixo,Ativo,23/01/2023
3304706-000,2025,RJ,Santo Antonio de Padua,3304706,Green Eletron,PEV fixo,Ativo,08/03/2025
3106200-143,2025,MG,Belo Horizonte,3106200,ABREE,Ponto de consolidação,Ativo,27/02/2021
3130408-000,2025,MG,Ijaci,3130408,ABREE,Ponto de consolidação,Ativo,21/01/2020
3500600-000,2025,SP,Águas de São Pedro,3500600,Green Eletron,PEV fixo,Ativo,07/04/2021
4209458-000,2025,SC,Lajeado Grande,4209458,Green Eletron,PEV fixo,Ativo,13/01/2021
4314902-043,2025,RS,Porto Alegre,4314902,Green Eletron,PEV fixo,Ativo,18/04/2020
2930402-000,2025,BA,Serra Preta,2930402,ABREE,PEV fixo,Ativo,08/12/2025
3550308-234,2025,SP,SÃO PAULO,3550308,ABREE,Campanha itinerante,Ativo,13/09/2021
5100359-000,2025,MT,ALTO BOA VISTA,5100359,Sistema individual,PEV fixo,Ativo,20/09/2021
2927408-050,2025,BA,Salvador,2927408,ABREE,Ponto de consolidação,Ativo,04/12/2020
5300108-065,2025,DF,Brasília,5300108,Green Eletron,PEV fixo,Ativo,07/02/2021
4214805-000,2025,SC,  Rio do Sul ,4214805,ABREE,PEV fixo,Ativo,06/11/2024
3301108-000,2025,RJ,  Cantagalo ,3301108,ABREE,PEV fixo,Ativo,03/05/2020
3300951-000,2025,RJ,Comendador Levy Gasparian,3300951,Sistema individual,Ponto de consolidação,Ativo,14/04/2019
1501204-003,2025,PA,Baião,1501204,ABREE,PEV fixo,Ativo,24/06/2019
4301073-000,2025,RS,  Arroio do Padre ,4301073,Green Eletron,Ponto de consolidação,Ativo,13/03/2025
3106200-094,2025,MG,Belo Horizonte,3106200,ABREE,PEV fixo,Ativo,27/08/2020
3513009-004,2025,SP,Cotia,3513009,Green Eletron,PEV fixo,Ativo,07/08/2020
2607653-000,2025,PE,Itambe,2607653,Green Eletron,PEV fixo,Ativo,03/04/2019
3532009-011,2025,SP,Morungaba,3532009,ABREE,PEV fixo,Ativo,11/12/2021
1504208-004,2025,PA,Marabá,1504208,ABREE,PEV fixo,Ativo,14/05/2021
4305439-001,2025,RS,  Chuí ,4305439,Green Eletron,Campanha itinerante,Ativo,27/04/2025
2211605-000,2025,PI,VILA NOVA DO PIAUÍ,2211605,Green Eletron,Campanha itinerante,Ativo,02/12/2020
3106200-233,2025,MG,Belo Horizonte,3106200,ABREE,PEV fixo,Ativo,04/04/2023
4314902-147,2025,RS,  Porto Alegre ,4314902,ABREE,PEV fixo,Ativo,19/01/2023
3120409-000,2025,MG,  Cristiano Otoni ,3120409,ABREE,PEV fixo,Ativo,13/12/2023
3205309-008,2025,ES,Vitória,3205309,ABREE,PEV fixo,Ativo,23/02/2021
3525805-000,2025,SP,Júlio Mesquita,3525805,Sistema individual,PEV fixo,Ativo,06/04/2025
3129806-000,2025,MG,Ibirité,3129806,Green Eletron,PEV fixo,Ativo,24/01/2019
4118907-000,2025,PR,Pérola,4118907,ABREE,PEV fixo,Ativo,28/12/2021
2802205-000,2025,SE,FEIRA NOVA,2802205,Sistema individual,Ponto de consolidação,Ativo,06/09/2020
2105302-000,2025,MA,IMPERATRIZ,2105302,Sistema individual,PEV fixo,Ativo,10/01/2022
3304508-003,2025,RJ,Rio das Flores,3304508,ABREE,PEV fixo,Ativo,03/11/2020
3506904-001,2025,SP,BOFETE,3506904,ABREE,PEV fixo,Ativo,18/07/2021
3106200-270,2025,MG,BELO HORIZONTE,3106200,Green Eletron,PEV fixo,Ativo,22/06/2023
3522000-001,2025,SP,ITAJU,3522000,ABREE,PEV fixo,Ativo,07/10/2024
2807600-000,2025,SE,  Umbaúba ,2807600,Green Eletron,PEV fixo,Ativo,03/01/2024
4123808-000,2025,PR,Santa Izabel do Oeste,4123808,Green Eletron,PEV fixo,Ativo,26/10/2023
4211876-007,2025,SC,  Paial ,4211876,Green Eletron,PEV fixo,Ativo,04/03/2024
4311809-003,2025,RS,MARAU,4311809,ABREE,PEV fixo,Ativo,23/03/2025
3536109-001,2025,SP,  Pardinho ,3536109,Green Eletron,PEV fixo,Ativo,01/07/2023
1505601-003,2025,PA,Peixe-Boi,1505601,Green Eletron,PEV fixo,Ativo,09/11/2023
2206605-000,2025,PI,Monte Alegre do Piaui,2206605,ABREE,PEV fixo,Ativo,01/06/2025
4321469-000,2025,RS,Tio Hugo,4321469,Green Eletron,PEV fixo,Ativo,03/10/2020
3304557-157,2025,RJ,Rio de Janeiro,3304557,Green Eletron,PEV fixo,Ativo,21/03/2022
4113759-000,2025,PR,LUNARDELLI,4113759,ABREE,PEV fixo,Inativo,12/12/2025
3302502-000,2025,RJ,Mage,3302502,Green Eletron,PEV fixo,Ativo,21/12/2020
2111300-020,2025,MA,São Luís,2111300,Green Eletron,Campanha itinerante,Ativo,27/11/2019
2700805-003,2025,AL,Belem,2700805,Green Eletron,PEV fixo,Ativo,12/02/2023
1505700-002,2025,PA,PONTA DE PEDRAS,1505700,ABREE,PEV fixo,Ativo,18/03/2022
2706901-000,2025,AL,PILAR,2706901,Green Eletron,PEV fixo,Ativo,28/12/2025
2604601-000,2025,PE,Condado,2604601,ABREE,PEV fixo,Ativo,25/05/2022
4311429-000,2025,RS,  Lajeado do Bugre ,4311429,Sistema individual,Campanha itinerante,Ativo,11/10/2019
2304251-011,2025,CE,CRUZ,2304251,ABREE,PEV fixo,Ativo,06/02/2023
2610806-000,2025,PE,Pedra,2610806,ABREE,PEV fixo,Ativo,16/02/2023
4205407-073,2025,SC,Florianopolis,4205407,ABREE,PEV fixo,Ativo,17/08/2022
3550308-302,2025,SP,São Paulo,3550308,Green Eletron,PEV fixo,Ativo,10/05/2022
3303302-015,2025,RJ,NITERÓI,3303302,Green Eletron,PEV fixo,Ativo,21/11/2024
2611606-018,2025,PE,Recife,2611606,Green Eletron,PEV fixo,Ativo,22/09/2020
1508126-000,2025,PA,Ulianopolis,1508126,Green Eletron,PEV fixo,Ativo,22/01/2019
4314787-000,2025,RS,PONTE PRETA,4314787,ABREE,PEV fixo,Ativo,18/01/2022
2804458-000,2025,SE,NOSSA SENHORA APARECIDA,2804458,Green Eletron,PEV fixo,Ativo,12/07/2019
5104500-000,2025,MT,INDIAVAÍ,5104500,ABREE,PEV fixo,Ativo,01/12/2021
3146206-000,2025,MG,Ouro Verde de Minas,3146206,Green Eletron,PEV fixo,Ativo,11/01/2020
5300108-087,2025,DF,Brasília,5300108,Green Eletron,PEV fixo,Ativo,20/10/2022
4314902-170,2025,RS,Porto Alegre,4314902,ABREE,PEV fixo,Ativo,28/02/2024
1505106-002,2025,PA,Óbidos,1505106,ABREE,PEV fixo,Ativo,08/10/2021
4209201-000,2025,SC,Lacerdopolis,4209201,Green Eletron,PEV fixo,Ativo,07/11/2023
2306207-000,2025,CE,Itaicaba,2306207,ABREE,PEV fixo,Ativo,09/06/2024
4314902-035,2025,RS,Porto Alegre,,ABREE,PEV fixo,Ativo,27/11/2020
2208502-000,2025,PI,Porto,2208502,Green Eletron,PEV fixo,Ativo,03/11/2019
3304557-114,2025,RJ,Rio de Janeiro,3304557,ABREE,PEV fixo,Ativo,05/03/2022
3520400-000,2025,SP,Ilhabela,3520400,Green Eletron,PEV fixo,Ativo,19/08/2023
4128534-000,2025,PR,Ventania,4128534,Green Eletron,PEV fixo,Ativo,27/10/2019
2111300-053,2025,MA,  São Luís ,2111300,Green Eletron,PEV fixo,Ativo,21/01/2021
3300308-008,2025,RJ,Barra do Piraí,3300308,Green Eletron,PEV fixo,Ativo,22/08/2022
4115457-001,2025,PR,Marquinho,4115457,Green Eletron,PEV fixo,Ativo,06/04/2019
3550308-093,2025,SP,São Paulo,3550308,ABREE,PEV fixo,Ativo,04/06/2019
2304400-023,2025,CE,Fortaleza,2304400,ABREE,PEV fixo,Ativo,01/08/2019
3515657-000,2025,SP,  Fernão ,3515657,ABREE,PEV fixo,Ativo,12/03/2023
2201929-000,2025,PI,Bonfim do Piauí,2201929,Green Eletron,PEV fixo,Ativo,13/07/2020
1200393-000,2025,AC,PORTO WALTER,1200393,Sistema individual,PEV fixo,Ativo,20/02/2024
2105302-001,2025,MA,Imperatriz,2105302,ABREE,PEV fixo,Ativo,23/11/2025
3555109-003,2025,SP,Tupi Paulista,3555109,ABREE,PEV fixo,Ativo,12/12/2020
2103802-000,2025,MA,DOM PEDRO,2103802,ABREE,PEV fixo,Ativo,16/12/2019
4201257-000,2025,SC,APIÚNA,4201257,ABREE,PEV fixo,Ativo,11/07/2021
2914604-000,2025,BA,  Irecê ,2914604,Green Eletron,PEV fixo,Ativo,01/09/2023
3550308-244,2025,SP,  São Paulo ,3550308,Green Eletron,PEV fixo,Ativo,07/04/2021
4317905-000,2025,RS,Santo Cristo,4317905,ABREE,Ponto de consolidação,Ativo,04/04/2020
3543006-006,2025,SP,Ribeirão Branco,3543006,ABREE,Ponto de consolidação,Ativo,23/08/2023
4316907-000,2025,RS,  Santa Maria ,4316907,Green Eletron,Ponto de consolidação,Ativo,08/03/2020
4205407-071,2025,SC,FLORIANÓPOLIS,4205407,ABREE,PEV fixo,Ativo,11/05/2022
2511509-000,2025,PB,Pilar,2511509,ABREE,PEV fixo,Ativo,12/08/2022
5300108-096,2025,DF,Brasilia,5300108,ABREE,PEV fixo,Ativo,23/07/2023
1303957-000,2025,AM,SÃO SEBASTIÃO DO UATUMÃ,1303957,Green Eletron,PEV fixo,Ativo,11/07/2020
5201306-000,2025,GO,Anicuns,5201306,Green Eletron,PEV fixo,Ativo,09/04/2022
4309159-000,2025,RS,Gramado Xavier,4309159,ABREE,Campanha itinerante,Ativo,25/06/2020
3120003-000,2025,MG,Córrego Novo,3120003,Green Eletron,PEV fixo,Ativo,06/07/2023
3300704-000,2025,RJ,Cabo Frio,3300704,ABREE,PEV fixo,Ativo,11/02/2023
2304400-065,2025,CE,Fortaleza,2304400,Green Eletron,Ponto de consolidação,Ativo,03/05/2021
3304557-098,2025,RJ,RIO DE JANEIRO,3304557,Sistema individual,PEV fixo,Ativo,27/07/2021
3550308-311,2025,SP,  São Paulo ,3550308,ABREE,PEV fixo,Ativo,17/03/2022
3151107-001,2025,MG,Pirapetinga,3151107,ABREE,PEV fixo,Ativo,16/05/2025
2302206-000,2025,CE,Beberibe,2302206,Green Eletron,PEV fixo,Ativo,14/01/2024
2611606-103,2025,PE,Recife,2611606,ABREE,PEV fixo,Ativo,03/12/2024
3106200-258,2025,MG,Belo Horizonte,3106200,Green Eletron,PEV fixo,Ativo,05/02/2023
3500600-004,2025,SP,  Águas de São Pedro ,3500600,Green Eletron,PEV fixo,Ativo,24/10/2023
3521804-000,2025,SP,ITAÍ,3521804,ABREE,PEV fixo,Ativo,03/05/2021
3302403-006,2025,RJ,Macaé,3302403,ABREE,PEV fixo,Ativo,02/08/2020
2905602-000,2025,BA,Camacan,2905602,ABREE,PEV fixo,Ativo,11/05/2020
3110202-001,2025,MG,  Cajuri ,3110202,ABREE,PEV fixo,Ativo,12/12/2023
3170529-000,2025,MG,Urucuia,3170529,Green Eletron,Campanha itinerante,Inativo,07/06/2025
4314902-153,2025,RS,  Porto Alegre ,4314902,ABREE,PEV fixo,Ativo,26/01/2023
3304557-203,2025,RJ,Rio de Janeiro,3304557,Green Eletron,PEV fixo,Ativo,24/09/2024
3135605-002,2025,MG,JEQUITAÍ,3135605,ABREE,PEV fixo,Ativo,01/04/2024
2600203-000,2025,PE,Afranio,2600203,Sistema individual,Ponto de consolidação,Ativo,19/02/2019
3550308-033,2025,SP,SÃO PAULO,3550308,Green Eletron,PEV fixo,Ativo,22/09/2019
4314050-000,2025,RS,Parobé,4314050,Green Eletron,PEV fixo,Ativo,18/05/2023
2210805-000,2025,PI,Simplício Mendes,2210805,ABREE,PEV fixo,Ativo,12/05/2022
3304128-000,2025,RJ,Quatis,3304128,ABREE,PEV fixo,Ativo,06/03/2023
2903409-001,2025,BA,Belmonte,2903409,Green Eletron,PEV fixo,Ativo,27/06/2023
4211876-005,2025,SC,PAIAL,4211876,ABREE,PEV fixo,Ativo,24/03/2023
3304557-041,2025,RJ,RIO DE JANEIRO,3304557,ABREE,PEV fixo,Ativo,15/09/2020
3203007-002,2025,ES,Iúna,3203007,Green Eletron,PEV fixo,Ativo,06/07/2023
2611606-075,2025,PE,RECIFE,2611606,ABREE,PEV fixo,Ativo,11/07/2023
1303205-001,2025,AM,Novo Airão,1303205,Sistema individual,Campanha itinerante,Ativo,24/12/2023
3169356-000,2025,MG,  Três Marias ,3169356,Sistema individual,PEV fixo,Ativo,03/01/2020
2927408-067,2025,BA,Salvador,2927408,ABREE,Ponto de consolidação,Ativo,02/09/2020
3511201-000,2025,SP,Catigua,3511201,ABREE,PEV fixo,Ativo,06/11/2025
3541109-000,2025,SP,Presidente Alves,3541109,Sistema individual,PEV fixo,Ativo,08/08/2019
3508207-000,2025,SP,BURITIZAL,3508207,Green Eletron,PEV fixo,Ativo,19/12/2022
4120507-000,2025,PR,Primeiro de Maio,4120507,Green Eletron,Campanha itinerante,Ativo,26/06/2021
3168507-000,2025,MG,Teixeiras,3168507,ABREE,PEV fixo,Ativo,24/10/2024
3303856-002,2025,RJ,Paty do Alferes,3303856,Green Eletron,Campanha itinerante,Ativo,14/03/2024
3200359-000,2025,ES,ALTO RIO NOVO,3200359,ABREE,PEV fixo,Ativo,09/10/2022
2502409-000,2025,PB,Bonito de Santa Fé,2502409,ABREE,PEV fixo,Ativo,09/04/2023
2111300-010,2025,MA,  São Luís ,2111300,ABREE,PEV fixo,Ativo,13/03/2019
2200103-000,2025,PI,Agricolândia,2200103,ABREE,Ponto de consolidação,Ativo,11/03/2022
2304400-018,2025,CE,Fortaleza,2304400,ABREE,PEV fixo,Ativo,20/04/2019
2923035-000,2025,BA,Novo Horizonte,2923035,ABREE,PEV fixo,Ativo,23/04/2021
2800308-014,2025,SE,Aracaju,2800308,Green Eletron,PEV fixo,Inativo,12/03/2021
1300904-000,2025,AM,Canutama,1300904,ABREE,Campanha itinerante,Ativo,05/04/2020
4106902-055,2025,PR,  Curitiba ,4106902,ABREE,PEV fixo,Ativo,07/05/2022
2918704-000,2025,BA,Lafaiete Coutinho,2918704,Green Eletron,PEV fixo,Ativo,15/03/2019
4305603-000,2025,RS,Colorado,,Green Eletron,PEV fixo,Ativo,26/11/2020
3114303-000,2025,MG,Carmo do Paranaíba,3114303,Green Eletron,PEV fixo,Ativo,13/07/2023
2104057-000,2025,MA,ESTREITO,2104057,Green Eletron,PEV fixo,Ativo,02/02/2021
3532009-000,2025,SP,Morungaba,3532009,Green Eletron,PEV fixo,Inativo,03/08/2019
1501253-001,2025,PA,Bannach,1501253,ABREE,PEV fixo,Ativo,04/09/2025
2307601-001,2025,CE,LIMOEIRO DO NORTE,2307601,Green Eletron,PEV fixo,Ativo,02/04/2023
3169307-007,2025,MG,Três Corações,,Green Eletron,PEV fixo,Ativo,19/09/2024
3304557-190,2025,RJ,RIO DE JANEIRO,3304557,ABREE,PEV fixo,Ativo,02/01/2023
3304557-150,2025,RJ,Rio de Janeiro,3304557,ABREE,PEV fixo,Ativo,04/11/2022
2927408-135,2025,BA,SALVADOR,2927408,ABREE,PEV fixo,Ativo,22/09/2023
3528007-003,2025,SP,MACATUBA,3528007,Green Eletron,PEV fixo,Ativo,04/08/2023
3205309-001,2025,ES,Vitoria,3205309,ABREE,PEV fixo,Ativo,25/12/2020
2111300-066,2025,MA,São Luís,2111300,Sistema individual,PEV fixo,Ativo,06/03/2021
3302403-014,2025,RJ,  Macaé ,3302403,ABREE,PEV fixo,Ativo,12/08/2022
3304557-037,2025,RJ,Rio de Janeiro,3304557,Green Eletron,Ponto de consolidação,Ativo,23/03/2020
2516151-000,2025,PB,Sossêgo,2516151,Sistema individual,PEV fixo,Ativo,23/04/2021
3528007-004,2025,SP,Macatuba,3528007,Green Eletron,PEV fixo,Ativo,27/10/2024
3513009-006,2025,SP,Cotia,3513009,Green Eletron,Campanha itinerante,Ativo,03/10/2021
2501153-000,2025,PB,Areia de Baraúnas,2501153,ABREE,PEV fixo,Ativo,19/07/2020
3142403-001,2025,MG,Moema,3142403,Green Eletron,Campanha itinerante,Ativo,09/02/2024
4128401-004,2025,PR,  Uraí ,4128401,Sistema individual,Campanha itinerante,Ativo,09/08/2023
3550308-101,2025,SP,São Paulo,3550308,Green Eletron,PEV fixo,Ativo,14/06/2019
2100808-000,2025,MA,Anapurus,2100808,ABREE,PEV fixo,Ativo,20/04/2021
3541653-002,2025,SP,Quadra,3541653,Green Eletron,Ponto de consolidação,Ativo,06/09/2020
3527603-000,2025,SP,Luís Antônio,3527603,Green Eletron,PEV fixo,Ativo,14/07/2025
3106200-035,2025,MG,Belo Horizonte,3106200,ABREE,Ponto de consolidação,Ativo,10/10/2020
3302106-002,2025,RJ,Itaocara,3302106,ABREE,PEV fixo,Ativo,08/11/2020
2305704-000,2025,CE,Ipaumirim,2305704,Green Eletron,PEV fixo,Ativo,08/07/2021
4314902-061,2025,RS,Porto Alegre,4314902,ABREE,PEV fixo,Ativo,23/02/2021
3303104-002,2025,RJ,  Natividade ,3303104,ABREE,PEV fixo,Ativo,20/01/2023
3550308-055,2025,SP,Sao Paulo,3550308,ABREE,PEV fixo,Ativo,15/08/2019
3106200-056,2025,MG,BELO HORIZONTE,3106200,Sistema individual,PEV fixo,Ativo,23/09/2020
3544806-000,2025,SP,Sales,3544806,Sistema individual,PEV fixo,Ativo,14/12/2023
2211001-012,2025,PI,TERESINA,2211001,ABREE,PEV fixo,Ativo,11/11/2020
3556305-000,2025,SP,Valparaíso,3556305,ABREE,PEV fixo,Ativo,11/05/2023
4319604-000,2025,RS,SÃO SEPÉ,4319604,Green Eletron,Ponto de consolidação,Ativo,13/04/2021
3510708-003,2025,SP,Cardoso,3510708,Sistema individual,PEV fixo,Ativo,12/02/2023
2611606-031,2025,PE,Recife,2611606,ABREE,PEV fixo,Ativo,23/08/2021
1302603-008,2025,AM,MANAUS,1302603,ABREE,PEV fixo,Ativo,05/09/2021
2611606-027,2025,PE,RECIFE,2611606,ABREE,PEV fixo,Ativo,26/12/2020
2927408-130,2025,BA,  Salvador ,2927408,Sistema individual,PEV fixo,Ativo,25/04/2022
4307807-001,2025,RS,Estrela,4307807,Green Eletron,PEV fixo,Ativo,15/03/2024
3106200-186,2025,MG,Belo Horizonte,3106200,ABREE,PEV fixo,Ativo,15/05/2022
4314902-001,2025,RS,PORTO ALEGRE,4314902,Sistema individual,PEV fixo,Ativo,26/09/2020
5300108-044,2025,DF,Brasília,5300108,ABREE,Ponto de consolidação,Ativo,24/11/2020
3510401-000,2025,SP,Capivari,,ABREE,PEV fixo,Ativo,04/09/2022
2607802-000,2025,PE,Itaquitinga,2607802,ABREE,PEV fixo,Ativo,18/09/2022
2602001-000,2025,PE,Bodocó,2602001,Green Eletron,PEV fixo,Ativo,15/02/2023
4106902-043,2025,PR,CURITIBA,4106902,Green Eletron,PEV fixo,Ativo,12/11/2021
3531100-000,2025,SP,Mongaguá,3531100,Sistema individual,PEV fixo,Ativo,20/02/2025
3543808-002,2025,SP,RINÓPOLIS,,Sistema individual,PEV fixo,Ativo,02/11/2025
4202438-000,2025,SC,Bocaina do Sul,,ABREE,Ponto de consolidação,Ativo,03/03/2024
3155603-001,2025,MG,Rio Pardo de Minas,3155603,Green Eletron,PEV fixo,Ativo,23/02/2022
4302659-000,2025,RS,Brochier,4302659,Green Eletron,PEV fixo,Ativo,24/08/2019
3554201-001,2025,SP,Tejupa,3554201,Green Eletron,PEV fixo,Ativo,20/07/2024
4311809-001,2025,RS,Marau,4311809,Green Eletron,PEV fixo,Ativo,02/11/2023
4209102-000,2025,SC,  Joinville ,4209102,ABREE,PEV fixo,Ativo,16/06/2024
3205309-014,2025,ES,Vitória,3205309,Green Eletron,PEV fixo,Ativo,11/04/2022
2927408-056,2025,BA,Salvador,2927408,ABREE,PEV fixo,Ativo,20/12/2020
1501402-032,2025,PA,BELÉM,1501402,Sistema individual,PEV fixo,Ativo,04/11/2023
4322343-000,2025,RS,Ubiretama,4322343,Green Eletron,PEV fixo,Ativo,23/03/2021
5001243-000,2025,MS,Aral Moreira,5001243,Sistema individual,PEV fixo,Ativo,23/12/2024
4314902-130,2025,RS,Porto Alegre,4314902,Green Eletron,PEV fixo,Ativo,23/07/2023
2102150-000,2025,MA,Brejo de Areia,2102150,Green Eletron,PEV fixo,Ativo,22/11/2021
3543600-000,2025,SP,RIFAINA,3543600,Green Eletron,PEV fixo,Ativo,20/10/2025
1302108-001,2025,AM,Japura,1302108,Green Eletron,PEV fixo,Ativo,25/07/2025
3550308-232,2025,SP,São Paulo,3550308,Green Eletron,Ponto de consolidação,Ativo,05/03/2021
2804201-000,2025,SE,Monte Alegre de Sergipe,2804201,Green Eletron,PEV fixo,Ativo,09/08/2022
3106200-023,2025,MG,BELO HORIZONTE,3106200,Green Eletron,Campanha itinerante,Ativo,24/11/2020
3162005-000,2025,MG,Sao Goncalo do Sapucai,3162005,Green Eletron,PEV fixo,Ativo,27/05/2019
3140852-000,2025,MG,Matias Cardoso,3140852,Sistema individual,PEV fixo,Ativo,07/04/2020
4125605-000,2025,PR,São Mateus do Sul,4125605,ABREE,PEV fixo,Ativo,08/06/2021
3301876-004,2025,RJ,Iguaba Grande,3301876,ABREE,PEV fixo,Ativo,28/03/2021
2203271-001,2025,PI,Curral Novo do Piaui,2203271,ABREE,PEV fixo,Ativo,27/04/2024
3550308-034,2025,SP,  São Paulo ,3550308,Green Eletron,PEV fixo,Ativo,15/08/2019
2308302-001,2025,CE,  Milagres ,2308302,ABREE,PEV fixo,Ativo,21/10/2025
3304557-192,2025,RJ,  Rio de Janeiro ,3304557,Sistema individual,PEV fixo,Ativo,16/10/2023
2502102-000,2025,PB,Boa Ventura,2502102,Green Eletron,Campanha itinerante,Ativo,26/06/2020
2800308-009,2025,SE,Aracaju,2800308,ABREE,Ponto de consolidação,Ativo,23/10/2020
3544004-000,2025,SP,Rio das Pedras,3544004,Green Eletron,PEV fixo,Ativo,12/10/2020
3550308-155,2025,SP,SÃO PAULO,3550308,ABREE,Campanha itinerante,Ativo,19/03/2020
5106307-000,2025,MT,Paranatinga,5106307,ABREE,PEV fixo,Inativo,23/07/2024
2611606-017,2025,PE,Recife,2611606,Green Eletron,PEV fixo,Ativo,27/06/2020
5221080-000,2025,GO,TERESINA DE GOIÁS,5221080,Green Eletron,Ponto de consolidação,Ativo,12/05/2024
1304005-003,2025,AM,SILVES,1304005,ABREE,PEV fixo,Ativo,20/06/2022
3304557-127,2025,RJ,Rio de Janeiro,3304557,Green Eletron,PEV fixo,Inativo,06/05/2022
3305307-014,2025,RJ,  São Sebastião do Alto ,3305307,ABREE,PEV fixo,Ativo,16/03/2022
2927408-113,2025,BA,SALVADOR,2927408,ABREE,PEV fixo,Ativo,24/05/2022
1500800-000,2025,PA,ANANINDEUA,1500800,Green Eletron,PEV fixo,Ativo,07/11/2025
3532306-008,2025,SP,Natividade da Serra,3532306,ABREE,PEV fixo,Ativo,03/03/2022
3502903-000,2025,SP,ARAÇOIABA DA SERRA,3502903,ABREE,PEV fixo,Ativo,04/11/2019
1301001-000,2025,AM,Carauari,1301001,ABREE,PEV fixo,Ativo,10/01/2019
3524006-000,2025,SP,ITUPEVA,3524006,Green Eletron,PEV fixo,Ativo,26/08/2022
3507506-000,2025,SP,Botucatu,3507506,Sistema individual,Campanha itinerante,Ativo,16/05/2020
1508209-009,2025,PA,Vigia,1508209,Green Eletron,Campanha itinerante,Ativo,11/04/2022
3148400-000,2025,MG,PAULISTAS,3148400,ABREE,PEV fixo,Ativo,24/08/2022
2927408-024,2025,BA,Salvador,2927408,ABREE,PEV fixo,Ativo,09/08/2019
2409704-000,2025,RN,PEDRO AVELINO,2409704,Green Eletron,PEV fixo,Inativo,04/08/2022
3167202-000,2025,MG,  Sete Lagoas ,3167202,Sistema individual,PEV fixo,Ativo,22/03/2021
2408102-018,2025,RN,NATAL,2408102,ABREE,PEV fixo,Ativo,28/07/2022
3550308-001,2025,SP,São Paulo,3550308,ABREE,PEV fixo,Ativo,23/08/2019
5205802-000,2025,GO,Corumbá de Goiás,5205802,ABREE,Ponto de consolidação,Ativo,21/07/2025
3509809-000,2025,SP,CAMPOS NOVOS PAULISTA,3509809,ABREE,PEV fixo,Ativo,25/02/2024
2104206-000,2025,MA,Fortuna,2104206,ABREE,Ponto de consolidação,Ativo,21/04/2022
2304400-002,2025,CE,Fortaleza,2304400,ABREE,PEV fixo,Ativo,26/02/2019
3556701-001,2025,SP,Vinhedo,3556701,ABREE,PEV fixo,Ativo,18/02/2023
3166105-000,2025,MG,Senhora do Porto,3166105,ABREE,PEV fixo,Ativo,11/05/2024
2905503-000,2025,BA,CALDEIRÃO GRANDE,2905503,ABREE,PEV fixo,Ativo,10/06/2020
3508504-000,2025,SP,Caçapava,3508504,ABREE,Ponto de consolidação,Ativo,13/07/2023
3106200-235,2025,MG,Belo Horizonte,3106200,Sistema individual,PEV fixo,Ativo,19/11/2023
3304557-065,2025,RJ,RIO DE JANEIRO,3304557,ABREE,PEV fixo,Ativo,02/04/2020
3556503-000,2025,SP,Várzea Paulista,3556503,ABREE,PEV fixo,Ativo,28/02/2019
3533304-000,2025,SP,Nova Luzitânia,3533304,Green Eletron,Campanha itinerante,Ativo,09/02/2021
3205309-018,2025,ES,VITÓRIA,3205309,ABREE,Campanha itinerante,Ativo,24/06/2022
3557006-003,2025,SP,  Votorantim ,3557006,ABREE,PEV fixo,Ativo,10/10/2021
2605400-000,2025,PE,Feira Nova,2605400,Green Eletron,PEV fixo,Ativo,01/08/2022
3544004-003,2025,SP,Rio das Pedras,3544004,ABREE,PEV fixo,Ativo,25/05/2022
3538808-022,2025,SP,  Piraju ,3538808,Sistema individual,Campanha itinerante,Ativo,16/02/2021
5108956-004,2025,MT,Nova Monte Verde,5108956,ABREE,PEV fixo,Ativo,15/03/2022
4314902-136,2025,RS,Porto Alegre,4314902,Green Eletron,PEV fixo,Ativo,15/02/2023
4322004-000,2025,RS,Triunfo,4322004,ABREE,PEV fixo,Ativo,04/07/2023
4106902-007,2025,PR,CURITIBA,4106902,ABREE,PEV fixo,Ativo,03/09/2020
3300100-001,2025,RJ,ANGRA DOS REIS,3300100,Green Eletron,PEV fixo,Ativo,14/08/2020
2802304-000,2025,SE,Frei Paulo,2802304,Sistema individual,PEV fixo,Ativo,03/03/2025
2611606-061,2025,PE,Recife,2611606,ABREE,PEV fixo,Ativo,01/01/2022
3303302-010,2025,RJ,Niterói,3303302,ABREE,PEV fixo,Ativo,15/11/2022
3503703-003,2025,SP,Ariranha,3503703,ABREE,PEV fixo,Ativo,06/08/2021
3203403-000,2025,ES,MIMOSO DO SUL,3203403,Green Eletron,PEV fixo,Inativo,03/10/2023
3550308-259,2025,SP,São Paulo,3550308,ABREE,PEV fixo,Ativo,06/06/2022
5005202-000,2025,MS,LADÁRIO,5005202,Green Eletron,Ponto de consolidação,Ativo,07/09/2023
1721000-010,2025,TO,Palmas,1721000,ABREE,PEV fixo,Ativo,20/07/2022
2107456-001,2025,MA,Olinda Nova do Maranhão,2107456,ABREE,PEV fixo,Ativo,25/12/2024
3301108-024,2025,RJ,Cantagalo,3301108,ABREE,PEV fixo,Ativo,28/08/2023
3532504-004,2025,SP,Neves Paulista,3532504,ABREE,PEV fixo,Ativo,03/10/2021
3532306-004,2025,SP,Natividade da Serra,3532306,ABREE,PEV fixo,Ativo,16/05/2021
3525607-006,2025,SP,  João Ramalho ,3525607,ABREE,PEV fixo,Ativo,17/03/2023
2614105-001,2025,PE,Sertânia,2614105,Green Eletron,PEV fixo,Ativo,27/07/2020
5221197-001,2025,GO,Terezopolis de Goias,5221197,ABREE,PEV fixo,Ativo,09/04/2023
3553955-002,2025,SP,Tarumã,3553955,Green Eletron,PEV fixo,Ativo,03/04/2022
4314902-043,2025,RS,Porto Alegre,4314902,Green Eletron,PEV fixo,Ativo,18/04/2020
2300705-008,2025,CE,Alto Santo,2300705,Green Eletron,PEV fixo,Ativo,11/08/2022
4314027-000,2025,RS,PARAÍSO DO SUL,4314027,Green Eletron,PEV fixo,Ativo,26/06/2020
3550308-023,2025,SP,São Paulo,3550308,ABREE,Campanha itinerante,Ativo,23/08/2019
3304557-001,2025,RJ,Rio de Janeiro,3304557,ABREE,Ponto de consolidação,Ativo,02/03/2020
3549250-004,2025,SP,São João de Iracema,3549250,ABREE,PEV fixo,Ativo,16/01/2021
4304853-000,2025,RS,Carlos Gomes,4304853,ABREE,PEV fixo,Ativo,28/12/2022
4313904-000,2025,RS,Panambi,4313904,ABREE,PEV fixo,Ativo,13/10/2019
3160207-008,2025,MG,Santo Antônio do Itambé,3160207,Sistema individual,PEV fixo,Ativo,25/03/2022
1701002-000,2025,TO,ANANÁS,1701002,Green Eletron,PEV fixo,Ativo,28/08/2022
4208500-000,2025,SC,Ituporanga,4208500,Green Eletron,Ponto de consolidação,Ativo,23/07/2021
3124807-000,2025,MG,Estrela do Sul,3124807,ABREE,PEV fixo,Ativo,08/07/2022
2106607-000,2025,MA,MATÕES,2106607,Green Eletron,PEV fixo,Ativo,28/09/2021
4206405-000,2025,SC,Guaraciaba,4206405,ABREE,PEV fixo,Ativo,17/06/2024
3171154-000,2025,MG,VERMELHO NOVO,3171154,ABREE,PEV fixo,Ativo,19/10/2024
3550308-344,2025,SP,  São Paulo ,3550308,Green Eletron,PEV fixo,Ativo,28/02/2023
2927408-138,2025,BA,SALVADOR,2927408,ABREE,PEV fixo,Ativo,18/07/2023
3106200-085,2025,MG,Belo Horizonte,3106200,Green Eletron,PEV fixo,Ativo,14/08/2020
3106200-092,2025,MG,BELO HORIZONTE,3106200,ABREE,PEV fixo,Ativo,02/04/2020
5003702-000,2025,MS,Dourados,5003702,ABREE,PEV fixo,Ativo,26/03/2023
3550308-051,2025,SP,São Paulo,3550308,Green Eletron,PEV fixo,Ativo,20/11/2019
2111300-091,2025,MA,SÃO LUÍS,2111300,Sistema individual,PEV fixo,Ativo,24/11/2022
2601706-000,2025,PE,Belo Jardim,2601706,ABREE,PEV fixo,Ativo,19/01/2020
5300108-067,2025,DF,Brasília,5300108,ABREE,PEV fixo,Ativo,08/07/2021
1301506-000,2025,AM,ENVIRA,1301506,Green Eletron,PEV fixo,Ativo,03/03/2022
2927408-013,2025,BA,SALVADOR,2927408,ABREE,Campanha itinerante,Ativo,06/04/2019
4207577-000,2025,SC,Iomerê,4207577,ABREE,Ponto de consolidação,Ativo,24/12/2024
2304400-092,2025,CE,Fortaleza,2304400,Green Eletron,Ponto de consolidação,Ativo,02/05/2023
4318903-000,2025,RS,SÃO LUIZ GONZAGA,4318903,ABREE,PEV fixo,Ativo,01/06/2024
3539509-003,2025,SP,Pitangueiras,3539509,Sistema individual,PEV fixo,Ativo,21/10/2022
5006903-000,2025,MS,Porto Murtinho,5006903,ABREE,PEV fixo,Ativo,04/01/2023
3525201-001,2025,SP,Jarinu,3525201,ABREE,PEV fixo,Ativo,11/02/2020
2704302-000,2025,AL,Maceió,2704302,ABREE,PEV fixo,Ativo,12/08/2020
3106200-031,2025,MG,BELO HORIZONTE,3106200,Green Eletron,PEV fixo,Ativo,11/05/2020
4314902-076,2025,RS,Porto Alegre,4314902,Green Eletron,PEV fixo,Ativo,07/09/2021
3524006-001,2025,SP,ITUPEVA,3524006,ABREE,Campanha itinerante,Ativo,20/05/2024
2703106-000,2025,AL,Igaci,2703106,Green Eletron,PEV fixo,Ativo,04/11/2022
3550308-208,2025,SP,SÃO PAULO,3550308,Sistema individual,PEV fixo,Ativo,05/10/2021
4100400-000,2025,PR,ALMIRANTE TAMANDARÉ,4100400,ABREE,Ponto de consolidação,Ativo,01/05/2023
3106200-231,2025,MG,BELO HORIZONTE,3106200,ABREE,PEV fixo,Ativo,21/08/2023
3106200-072,2025,MG,BELO HORIZONTE,3106200,Sistema individual,PEV fixo,Ativo,20/06/2020
5215207-000,2025,GO,Novo Brasil,5215207,ABREE,Ponto de consolidação,Ativo,18/05/2019
4316972-000,2025,RS,Santa Margarida do Sul,,Green Eletron,PEV fixo,Ativo,27/02/2020
2514651-000,2025,PB,Sao Jose do Brejo do Cruz,2514651,ABREE,Campanha itinerante,Ativo,13/12/2019
3126000-000,2025,MG,Florestal,3126000,ABREE,PEV fixo,Ativo,04/11/2020
3542602-001,2025,SP,Registro,3542602,ABREE,PEV fixo,Ativo,16/08/2019
4216909-001,2025,SC,SÃO LOURENÇO DO OESTE,4216909,ABREE,PEV fixo,Ativo,22/06/2025
3147600-000,2025,MG,  Passa Quatro ,3147600,Green Eletron,PEV fixo,Ativo,02/02/2021
3550308-135,2025,SP,São Paulo,3550308,Green Eletron,PEV fixo,Ativo,02/11/2020
3550308-153,2025,SP,São Paulo,3550308,ABREE,PEV fixo,Ativo,15/08/2020
3304557-167,2025,RJ,RIO DE JANEIRO,3304557,ABREE,PEV fixo,Ativo,15/04/2023
5208707-004,2025,GO,Goiânia,5208707,ABREE,PEV fixo,Ativo,25/08/2019
4309126-000,2025,RS,  Gramado dos Loureiros ,4309126,ABREE,PEV fixo,Ativo,15/10/2020
2616183-003,2025,PE,  Vertente do Lério ,2616183,Green Eletron,PEV fixo,Ativo,15/12/2019
3106002-001,2025,MG,BELA VISTA DE MINAS,3106002,Green Eletron,PEV fixo,Ativo,27/05/2022
5300108-063,2025,DF,Brasília,5300108,Green Eletron,PEV fixo,Ativo,08/09/2021
1400472-000,2025,RR,  Rorainópolis ,1400472,Green Eletron,PEV fixo,Ativo,23/02/2025
4205407-013,2025,SC,Florianópolis,4205407,Green Eletron,PEV fixo,Ativo,07/09/2019
2907707-001,2025,BA,CHORROCHÓ,2907707,Green Eletron,PEV fixo,Ativo,06/10/2023
4121257-000,2025,PR,Ramilândia,4121257,ABREE,PEV fixo,Ativo,27/08/2019
2403103-000,2025,RN,Currais Novos,2403103,ABREE,PEV fixo,Ativo,05/08/2020
3106200-105,2025,MG,BELO HORIZONTE,3106200,Green Eletron,Ponto de consolidação,Ativo,24/02/2021
3106200-077,2025,MG,BELO HORIZONTE,3106200,ABREE,PEV fixo,Ativo,15/09/2020
3106200-043,2025,MG,Belo Horizonte,3106200,Green Eletron,PEV fixo,Ativo,14/06/2020
2927408-110,2025,BA,Salvador,2927408,ABREE,Campanha itinerante,Ativo,06/10/2022
3157252-000,2025,MG,Santa Bárbara do Leste,3157252,Green Eletron,PEV fixo,Ativo,20/10/2024
4211876-008,2025,SC,Paial,4211876,ABREE,Campanha itinerante,Ativo,17/01/2025
4103370-000,2025,PR,Brasilândia do Sul,4103370,ABREE,PEV fixo,Ativo,03/03/2021
3203106-000,2025,ES,Jeronimo Monteiro,3203106,ABREE,PEV fixo,Ativo,09/10/2022
2111300-015,2025,MA,Sao Luis,2111300,ABREE,PEV fixo,Ativo,06/09/2019
2901205-001,2025,BA,ANAGÉ,2901205,Green Eletron,PEV fixo,Ativo,25/11/2022
2304400-090,2025,CE,Fortaleza,2304400,ABREE,PEV fixo,Ativo,02/10/2022
3104304-001,2025,MG,AREADO,3104304,Sistema individual,PEV fixo,Ativo,04/09/2025
2300705-010,2025,CE,Alto Santo,2300705,Sistema individual,PEV fixo,Ativo,12/03/2022
1302108-000,2025,AM,JAPURÁ,1302108,Green Eletron,PEV fixo,Ativo,13/01/2023
4100509-001,2025,PR,ALTÔNIA,4100509,Green Eletron,Ponto de consolidação,Ativo,26/01/2022
3106200-192,2025,MG,Belo Horizonte,3106200,ABREE,PEV fixo,Ativo,01/08/2022
3518800-000,2025,SP,GUARULHOS,3518800,Sistema individual,PEV fixo,Ativo,23/12/2019
3550407-000,2025,SP,SÃO PEDRO,3550407,Sistema individual,PEV fixo,Ativo,06/06/2025
2927408-145,2025,BA,  Salvador ,2927408,Green Eletron,Ponto de consolidação,Ativo,02/04/2023
3509957-000,2025,SP,CANAS,3509957,ABREE,PEV fixo,Ativo,03/04/2021
3106002-000,2025,MG,Bela Vista de Minas,3106002,Green Eletron,PEV fixo,Ativo,09/09/2021
4314902-069,2025,RS,PORTO ALEGRE,4314902,Sistema individual,Ponto de consolidação,Ativo,04/11/2021
3147204-000,2025,MG,  Paraguaçu ,3147204,ABREE,Campanha itinerante,Ativo,18/04/2020
2600708-001,2025,PE,Aliança,2600708,Green Eletron,Ponto de consolidação,Ativo,07/10/2021
2304400-085,2025,CE,  Fortaleza ,2304400,ABREE,PEV fixo,Ativo,07/10/2022
3302502-006,2025,RJ,Magé,3302502,Green Eletron,PEV fixo,Ativo,15/08/2022
2506301-000,2025,PB,Guarabira,2506301,ABREE,Campanha itinerante,Ativo,17/01/2024
2615102-005,2025,PE,TEREZINHA,2615102,Green Eletron,PEV fixo,Ativo,17/04/2021
2304400-015,2025,CE,Fortaleza,2304400,Green Eletron,PEV fixo,Ativo,13/03/2019
3304151-000,2025,RJ,Quissamã,3304151,ABREE,PEV fixo,Ativo,24/06/2020
3550308-173,2025,SP,São Paulo,3550308,Green Eletron,PEV fixo,Ativo,28/06/2020
2927408-086,2025,BA,Salvador,2927408,ABREE,PEV fixo,Ativo,13/06/2021
2110807-000,2025,MA,Sao Felix de Balsas,2110807,Green Eletron,Campanha itinerante,Ativo,08/03/2019
3527702-000,2025,SP,Luiziania,3527702,Green Eletron,PEV fixo,Ativo,02/06/2019
2925204-000,2025,BA,Pojuca,2925204,Green Eletron,PEV fixo,Ativo,23/04/2025
3550308-053,2025,SP,  São Paulo ,3550308,ABREE,PEV fixo,Ativo,06/08/2019
2927408-122,2025,BA,Salvador,2927408,ABREE,PEV fixo,Ativo,24/01/2022
4212056-000,2025,SC,  Palmeira ,4212056,ABREE,Ponto de consolidação,Ativo,11/03/2020
3550308-154,2025,SP,São Paulo,,Green Eletron,PEV fixo,Ativo,28/07/2020
4101853-000,2025,PR,Ariranha do Ivai,4101853,Green Eletron,PEV fixo,Ativo,11/09/2019
2930105-000,2025,BA,Senhor do Bonfim,2930105,ABREE,Campanha itinerante,Ativo,20/10/2021
3522901-005,2025,SP,  Itapuí ,3522901,Green Eletron,PEV fixo,Ativo,20/07/2025
3127404-000,2025,MG,Gonçalves,3127404,Green Eletron,PEV fixo,Ativo,14/04/2023
4106902-045,2025,PR,Curitiba,4106902,ABREE,PEV fixo,Ativo,03/09/2021
3106200-177,2025,MG,Belo Horizonte,3106200,Green Eletron,PEV fixo,Ativo,03/08/2022
3546702-003,2025,SP,Santa Gertrudes,3546702,ABREE,PEV fixo,Ativo,12/10/2025
4314902-154,2025,RS,Porto Alegre,4314902,Green Eletron,PEV fixo,Ativo,21/10/2023
4305405-000,2025,RS,Chiapetta,4305405,Green Eletron,PEV fixo,Ativo,06/03/2025
5105176-000,2025,MT,Juruena,5105176,ABREE,PEV fixo,Ativo,01/07/2024
3304557-081,2025,RJ,RIO DE JANEIRO,3304557,ABREE,PEV fixo,Ativo,24/06/2021
3546009-007,2025,SP,Santa Branca,3546009,ABREE,PEV fixo,Ativo,21/02/2022
2605152-003,2025,PE,DORMENTES,2605152,Green Eletron,PEV fixo,Ativo,15/07/2023
3550308-121,2025,SP,São Paulo,3550308,ABREE,PEV fixo,Ativo,12/07/2020
3134608-000,2025,MG,Jaboticatubas,3134608,ABREE,PEV fixo,Ativo,11/05/2023
2704302-001,2025,AL,Maceió,2704302,Green Eletron,PEV fixo,Ativo,23/06/2020
3106200-234,2025,MG,Belo Horizonte,3106200,ABREE,PEV fixo,Ativo,22/09/2023
2304251-005,2025,CE,CRUZ,2304251,ABREE,PEV fixo,Ativo,03/07/2020
2933406-000,2025,BA,Wagner,2933406,ABREE,PEV fixo,Ativo,21/06/2019
3106200-096,2025,MG,Belo Horizonte,3106200,Green Eletron,PEV fixo,Ativo,15/12/2021
3106200-083,2025,MG,Belo Horizonte,3106200,ABREE,PEV fixo,Ativo,15/05/2020
1100924-000,2025,RO,Chupinguaia,1100924,Green Eletron,PEV fixo,Ativo,19/10/2019
3145802-000,2025,MG,Onça de Pitangui,3145802,Green Eletron,PEV fixo,Ativo,14/01/2024
2112209-004,2025,MA,Timon,2112209,ABREE,PEV fixo,Ativo,03/06/2024
2611606-062,2025,PE,Recife,2611606,ABREE,Ponto de consolidação,Ativo,25/02/2022
2103752-000,2025,MA,Davinópolis,2103752,ABREE,PEV fixo,Inativo,13/11/2024
3304557-076,2025,RJ,Rio de Janeiro,3304557,ABREE,PEV fixo,Ativo,04/08/2021
3104304-000,2025,MG,Areado,3104304,Green Eletron,PEV fixo,Ativo,16/01/2022
2410009-000,2025,RN,PILÕES,2410009,ABREE,PEV fixo,Ativo,05/02/2022
2103406-002,2025,MA,Coelho Neto,2103406,ABREE,PEV fixo,Ativo,02/04/2024
2407302-000,2025,RN,Marcelino Vieira,2407302,ABREE,PEV fixo,Ativo,13/06/2019
2930600-000,2025,BA,SERROLÂNDIA,2930600,ABREE,PEV fixo,Ativo,28/11/2022
4305371-000,2025,RS,Charrua,4305371,Green Eletron,PEV fixo,Ativo,23/07/2019
3106200-013,2025,MG,BELO HORIZONTE,3106200,Green Eletron,PEV fixo,Ativo,21/12/2020
2414001-000,2025,RN,Tangará,2414001,Green Eletron,PEV fixo,Ativo,06/03/2021
4314902-177,2025,RS,PORTO ALEGRE,4314902,ABREE,PEV fixo,Ativo,06/02/2024
3304755-001,2025,RJ,São Francisco de Itabapoana,3304755,ABREE,PEV fixo,Ativo,27/09/2022
2901403-000,2025,BA,Angical,2901403,Green Eletron,PEV fixo,Ativo,04/02/2023
2611606-002,2025,PE,Recife,2611606,Green Eletron,PEV fixo,Ativo,05/06/2020
4203154-000,2025,SC,CALMON,4203154,ABREE,Campanha itinerante,Ativo,23/10/2024
2514206-000,2025,PB,São José da Lagoa Tapada,2514206,ABREE,PEV fixo,Ativo,02/11/2022
2111748-000,2025,MA,SENADOR ALEXANDRE COSTA,2111748,Green Eletron,PEV fixo,Ativo,20/12/2021
3106200-250,2025,MG,  Belo Horizonte ,3106200,Sistema individual,Campanha itinerante,Ativo,24/03/2023
4320800-000,2025,RS,SOLEDADE,4320800,Sistema individual,PEV fixo,Ativo,17/12/2020
2404903-000,2025,RN,Itaú,2404903,ABREE,PEV fixo,Ativo,02/07/2019
3167202-001,2025,MG,Sete Lagoas,3167202,ABREE,Campanha itinerante,Ativo,21/08/2021
3129657-000,2025,MG,Ibiracatu,3129657,ABREE,PEV fixo,Ativo,05/08/2019
2927408-143,2025,BA,Salvador,2927408,ABREE,PEV fixo,Ativo,24/03/2023
2111300-021,2025,MA,São Luís,2111300,Green Eletron,PEV fixo,Ativo,07/09/2019
3550308-281,2025,SP,Sao Paulo,3550308,ABREE,PEV fixo,Ativo,18/07/2022
3130408-002,2025,MG,Ijaci,3130408,Green Eletron,PEV fixo,Ativo,27/03/2021
3550308-278,2025,SP,São Paulo,3550308,Green Eletron,Ponto de consolidação,Ativo,24/01/2022
3304524-000,2025,RJ,Rio das Ostras,3304524,Green Eletron,PEV fixo,Ativo,13/05/2019
2300705-013,2025,CE,Alto Santo,2300705,Green Eletron,PEV fixo,Ativo,03/05/2023
3554607-000,2025,SP,Timburi,3554607,ABREE,PEV fixo,Ativo,01/01/2025
4118808-000,2025,PR,PEABIRU,4118808,Sistema individual,PEV fixo,Ativo,23/10/2021
4118303-001,2025,PR,Paranapoema,4118303,Green Eletron,PEV fixo,Ativo,17/12/2025
3520426-000,2025,SP,Ilha Comprida,3520426,Green Eletron,PEV fixo,Ativo,01/06/2024
1302603-003,2025,AM,MANAUS,1302603,Green Eletron,PEV fixo,Ativo,12/11/2019
2927408-139,2025,BA,Salvador,2927408,ABREE,PEV fixo,Ativo,13/02/2023
3550308-076,2025,SP,SÃO PAULO,3550308,Green Eletron,PEV fixo,Ativo,09/08/2019
1501204-009,2025,PA,Baião,1501204,ABREE,PEV fixo,Ativo,07/04/2022
2927408-065,2025,BA,Salvador,2927408,ABREE,PEV fixo,Ativo,10/12/2020
4306767-000,2025,RS,Eldorado do Sul,4306767,ABREE,PEV fixo,Ativo,02/09/2024
3106200-225,2025,MG,Belo Horizonte,3106200,ABREE,Campanha itinerante,Ativo,25/09/2023
3138401-000,2025,MG,Leopoldina,3138401,Green Eletron,PEV fixo,Ativo,07/09/2023
2933059-000,2025,BA,Várzea da Roça,2933059,ABREE,PEV fixo,Ativo,24/12/2024
2927408-051,2025,BA,Salvador,2927408,ABREE,Campanha itinerante,Ativo,05/07/2020
4314902-074,2025,RS,PORTO ALEGRE,4314902,Sistema individual,PEV fixo,Ativo,13/11/2021
3550308-228,2025,SP,Sao Paulo,3550308,ABREE,PEV fixo,Ativo,23/06/2021
3154705-000,2025,MG,Ribeirao Vermelho,3154705,ABREE,Campanha itinerante,Ativo,19/04/2022
3539301-002,2025,SP,PIRASSUNUNGA,3539301,Green Eletron,PEV fixo,Ativo,27/08/2022
3305133-000,2025,RJ,São José de Ubá,3305133,Green Eletron,PEV fixo,Ativo,11/02/2023
3541109-001,2025,SP,PRESIDENTE ALVES,3541109,ABREE,Ponto de consolidação,Ativo,01/12/2022
2927408-101,2025,BA,Salvador,2927408,Green Eletron,Campanha itinerante,Ativo,02/07/2021
3106200-278,2025,MG,  Belo Horizonte ,3106200,ABREE,PEV fixo,Ativo,15/09/2023
4205407-023,2025,SC,Florianópolis,4205407,ABREE,PEV fixo,Ativo,08/09/2019
5200258-000,2025,GO,Aguas Lindas de Goias,5200258,Green Eletron,PEV fixo,Ativo,01/12/2021
2406106-000,2025,RN,Jucurutu,2406106,ABREE,PEV fixo,Ativo,11/02/2019
3106002-002,2025,MG,Bela Vista de Minas,3106002,ABREE,PEV fixo,Ativo,20/10/2023
3170479-000,2025,MG,Uruana de Minas,3170479,Green Eletron,PEV fixo,Ativo,14/07/2025
1100205-007,2025,RO,PORTO VELHO,1100205,ABREE,PEV fixo,Ativo,09/03/2022
2929602-000,2025,BA,SAPEAÇU,2929602,Sistema individual,PEV fixo,Ativo,14/11/2025
2704302-002,2025,AL,Maceió,2704302,ABREE,PEV fixo,Ativo,11/10/2020
2926301-000,2025,BA,Riachão do Jacuípe,2926301,ABREE,PEV fixo,Ativo,21/07/2023
2111300-080,2025,MA,Sao Luis,2111300,ABREE,PEV fixo,Ativo,20/05/2022
1304005-001,2025,AM,Silves,1304005,ABREE,Campanha itinerante,Ativo,12/08/2020
4217253-000,2025,SC,  São Pedro de Alcântara ,4217253,Green Eletron,Campanha itinerante,Ativo,27/01/2019
4118709-000,2025,PR,Paulo Frontin,4118709,Green Eletron,PEV fixo,Ativo,17/10/2020
3550308-086,2025,SP,São Paulo,3550308,ABREE,PEV fixo,Ativo,11/01/2019
3515194-000,2025,SP,Espírito Santo do Turvo,3515194,ABREE,PEV fixo,Ativo,02/08/2019
2610103-003,2025,PE,Palmeirina,2610103,Green Eletron,PEV fixo,Ativo,26/04/2022
3106200-244,2025,MG,Belo Horizonte,3106200,Green Eletron,PEV fixo,Ativo,08/02/2023
5300108-038,2025,DF,Brasília,5300108,Green Eletron,PEV fixo,Ativo,23/02/2020
3304557-207,2025,RJ,Rio de Janeiro,3304557,Green Eletron,Ponto de consolidação,Ativo,15/07/2024
3557006-000,2025,SP,Votorantim,3557006,Green Eletron,PEV fixo,Ativo,04/04/2020
2209104-000,2025,PI,Santa Cruz do Piauí,2209104,ABREE,PEV fixo,Ativo,11/12/2022
3528007-002,2025,SP,Macatuba,3528007,ABREE,PEV fixo,Ativo,03/05/2023
2106300-001,2025,MA,Magalhães de Almeida,2106300,Green Eletron,Campanha itinerante,Ativo,10/09/2023
3541653-005,2025,SP,QUADRA,3541653,ABREE,PEV fixo,Ativo,27/07/2022
3135100-000,2025,MG,Janaúba,3135100,Green Eletron,PEV fixo,Ativo,08/03/2020
4308250-000,2025,RS,Floriano Peixoto,4308250,Sistema individual,PEV fixo,Ativo,15/06/2019
4205407-025,2025,SC,Florianopolis,4205407,Green Eletron,PEV fixo,Ativo,20/01/2019
3302007-000,2025,RJ,ITAGUAÍ,3302007,Green Eletron,PEV fixo,Ativo,14/11/2023
3304557-131,2025,RJ,Rio de Janeiro,3304557,ABREE,PEV fixo,Ativo,20/03/2022
4128401-003,2025,PR,Uraí,4128401,Green Eletron,PEV fixo,Ativo,22/04/2022
3304557-003,2025,RJ,Rio de Janeiro,3304557,Green Eletron,PEV fixo,Ativo,04/01/2020
3503000-000,2025,SP,ARAMINA,3503000,ABREE,PEV fixo,Inativo,25/05/2022
1101807-000,2025,RO,Vale do Paraíso,1101807,Green Eletron,PEV fixo,Ativo,06/07/2019
3514502-001,2025,SP,DUARTINA,3514502,ABREE,PEV fixo,Ativo,25/01/2025
2927408-125,2025,BA,SALVADOR,2927408,Green Eletron,PEV fixo,Ativo,16/05/2022
2401503-000,2025,RN,BARCELONA,2401503,Green Eletron,PEV fixo,Ativo,06/03/2021
1507607-000,2025,PA,SÃO MIGUEL DO GUAMÁ,1507607,Sistema individual,PEV fixo,Ativo,09/04/2025
5204102-000,2025,GO,Cachoeira Alta,5204102,Green Eletron,Campanha itinerante,Ativo,18/03/2020
3106200-079,2025,MG,Belo Horizonte,3106200,ABREE,Ponto de consolidação,Ativo,05/06/2020
4205407-005,2025,SC,  Florianópolis ,4205407,ABREE,PEV fixo,Ativo,12/01/2019
4302808-000,2025,RS,CAÇAPAVA DO SUL,4302808,Green Eletron,PEV fixo,Ativo,23/04/2022
3304144-002,2025,RJ,QUEIMADOS,3304144,Green Eletron,PEV fixo,Ativo,01/03/2021
2112274-000,2025,MA,Tufilândia,2112274,Green Eletron,PEV fixo,Ativo,20/05/2020
2611606-096,2025,PE,  Recife ,2611606,Green Eletron,Campanha itinerante,Ativo,01/04/2024
2804706-000,2025,SE,NOSSA SENHORA DE LOURDES,2804706,Sistema individual,PEV fixo,Ativo,28/10/2025
3513009-009,2025,SP,Cotia,3513009,Green Eletron,PEV fixo,Ativo,24/01/2022
3552106-000,2025,SP,SOCORRO,3552106,ABREE,PEV fixo,Ativo,15/05/2020
3106200-076,2025,MG,Belo Horizonte,3106200,ABREE,PEV fixo,Ativo,13/11/2020
4200408-000,2025,SC,Agua Doce,4200408,Green Eletron,Campanha itinerante,Ativo,12/12/2020
4111258-000,2025,PR,Itaperuçu,4111258,Green Eletron,PEV fixo,Ativo,06/01/2019
2614105-003,2025,PE,  Sertânia ,2614105,Green Eletron,PEV fixo,Ativo,27/05/2022
2309508-000,2025,CE,Orós,2309508,Green Eletron,PEV fixo,Ativo,26/12/2023
3517802-000,2025,SP,  Guaraçaí ,3517802,ABREE,PEV fixo,Ativo,15/06/2020
2924405-000,2025,BA,Pilao Arcado,2924405,Sistema individual,PEV fixo,Ativo,10/01/2024
3305406-000,2025,RJ,Sapucaia,3305406,Green Eletron,PEV fixo,Ativo,10/02/2019
2200277-000,2025,PI,Alegrete do Piaui,2200277,Green Eletron,PEV fixo,Ativo,26/02/2023
2304400-017,2025,CE,FORTALEZA,2304400,Sistema individual,PEV fixo,Ativo,19/05/2019
2611606-005,2025,PE,RECIFE,2611606,Green Eletron,PEV fixo,Ativo,16/04/2020
2211001-003,2025,PI,TERESINA,2211001,ABREE,PEV fixo,Ativo,21/11/2019
2207702-000,2025,PI,Parnaiba,2207702,Green Eletron,PEV fixo,Ativo,18/04/2023
3162906-000,2025,MG,SÃO JOÃO NEPOMUCENO,3162906,Sistema individual,PEV fixo,Ativo,12/05/2020
4106902-063,2025,PR,Curitiba,4106902,Green Eletron,PEV fixo,Inativo,19/05/2022
2905008-000,2025,BA,CACULÉ,2905008,Green Eletron,PEV fixo,Ativo,26/01/2021
3550308-083,2025,SP,SÃO PAULO,3550308,Green Eletron,Ponto de consolidação,Ativo,15/02/2019
3500600-003,2025,SP,Águas de São Pedro,3500600,Green Eletron,PEV fixo,Ativo,21/01/2022
3103900-000,2025,MG,Araújos,3103900,ABREE,PEV fixo,Ativo,25/05/2019
3550308-005,2025,SP,São Paulo,3550308,Green Eletron,Ponto de consolidação,Ativo,09/04/2019
3514403-001,2025,SP,Dracena,3514403,Green Eletron,PEV fixo,Ativo,07/04/2022
1716653-000,2025,TO,Pequizeiro,1716653,Green Eletron,Ponto de consolidação,Ativo,02/07/2025
3549300-000,2025,SP,São João do Pau d'Alho,3549300,Sistema individual,PEV fixo,Ativo,07/03/2021
3543808-001,2025,SP,RINÓPOLIS,3543808,ABREE,Campanha itinerante,Ativo,22/02/2024
2611606-092,2025,PE,  Recife ,2611606,Green Eletron,Ponto de consolidação,Ativo,08/02/2023
3305406-006,2025,RJ,Sapucaia,3305406,ABREE,PEV fixo,Ativo,06/10/2023
5300108-102,2025,DF,Brasília,5300108,Green Eletron,PEV fixo,Ativo,08/01/2023
4106902-013,2025,PR,Curitiba,4106902,ABREE,PEV fixo,Ativo,08/10/2020
1303700-003,2025,AM,Santo Antônio do Içá,1303700,ABREE,PEV fixo,Ativo,05/04/2023
5208707-024,2025,GO,Goiânia,5208707,ABREE,PEV fixo,Ativo,25/02/2023
3160207-009,2025,MG,Santo Antonio do Itambe,3160207,Sistema individual,PEV fixo,Ativo,27/10/2022
5107248-000,2025,MT,Santa Carmem,5107248,ABREE,PEV fixo,Ativo,17/08/2025
2611606-043,2025,PE,Recife,2611606,ABREE,Ponto de consolidação,Ativo,17/10/2021
3508405-002,2025,SP,Cabreúva,3508405,Sistema individual,PEV fixo,Ativo,22/09/2023
1703206-000,2025,TO,BERNARDO SAYÃO,1703206,Green Eletron,PEV fixo,Ativo,16/07/2024
2919157-000,2025,BA,Lapao,2919157,Sistema individual,PEV fixo,Ativo,18/12/2022
3526704-001,2025,SP,Leme,3526704,Green Eletron,PEV fixo,Ativo,13/05/2022
3550308-007,2025,SP,Sao Paulo,3550308,Green Eletron,PEV fixo,Ativo,28/09/2019
4314902-151,2025,RS,PORTO ALEGRE,4314902,Green Eletron,PEV fixo,Ativo,03/10/2023
4314902-005,2025,RS,PORTO ALEGRE,4314902,Sistema individual,PEV fixo,Ativo,05/10/2020
2914000-000,2025,BA,Ipirá,2914000,Green Eletron,PEV fixo,Ativo,21/06/2022
3305752-008,2025,RJ,  Tanguá ,3305752,Green Eletron,PEV fixo,Ativo,25/09/2023
5107768-000,2025,MT,SANTA RITA DO TRIVELATO,5107768,Green Eletron,PEV fixo,Ativo,16/01/2019
2611002-000,2025,PE,Petrolândia,2611002,Sistema individual,Campanha itinerante,Ativo,03/06/2022
3130408-004,2025,MG,Ijaci,3130408,Sistema individual,PEV fixo,Ativo,14/10/2023
4210704-000,2025,SC,Matos Costa,4210704,ABREE,PEV fixo,Ativo,14/03/2024
2311207-001,2025,CE,Potengi,2311207,Green Eletron,Ponto de consolidação,Ativo,09/10/2022
3302908-003,2025,RJ,MIGUEL PEREIRA,3302908,ABREE,PEV fixo,Ativo,27/12/2021
5215207-006,2025,GO,Novo Brasil,5215207,Sistema individual,PEV fixo,Ativo,25/01/2021
3550308-265,2025,SP,SÃO PAULO,3550308,Green Eletron,PEV fixo,Ativo,24/07/2022
3547908-000,2025,SP,Santo Antônio da Alegria,3547908,ABREE,PEV fixo,Ativo,01/12/2020
1501402-005,2025,PA,Belem,1501402,ABREE,PEV fixo,Ativo,23/03/2020
3121902-000,2025,MG,Divinésia,3121902,ABREE,PEV fixo,Ativo,03/11/2019
2111300-044,2025,MA,Sao Luis,2111300,Green Eletron,Campanha itinerante,Ativo,19/10/2020
3531308-002,2025,SP,MONTE ALTO,3531308,Green Eletron,Campanha itinerante,Ativo,12/12/2022
4108320-001,2025,PR,FRANCISCO ALVES,4108320,Green Eletron,PEV fixo,Ativo,23/12/2025
1500859-000,2025,PA,Anapu,1500859,Sistema individual,PEV fixo,Ativo,04/10/2020
3502606-000,2025,SP,Aparecida d'Oeste,3502606,Green Eletron,PEV fixo,Ativo,12/05/2021
2604809-001,2025,PE,Cortes,2604809,ABREE,PEV fixo,Ativo,13/04/2023
3550308-290,2025,SP,São Paulo,3550308,Green Eletron,PEV fixo,Ativo,17/07/2022
3131000-000,2025,MG,Inhaúma,3131000,ABREE,Campanha itinerante,Ativo,22/03/2021
2800308-011,2025,SE,Aracaju,2800308,ABREE,PEV fixo,Ativo,03/02/2020
3550308-029,2025,SP,São Paulo,3550308,ABREE,PEV fixo,Ativo,22/11/2019
3144672-000,2025,MG,Nova Belém,3144672,ABREE,PEV fixo,Ativo,11/04/2022
2303600-000,2025,CE,  Catarina ,2303600,ABREE,PEV fixo,Ativo,13/11/2023
3546009-003,2025,SP,SANTA BRANCA,3546009,Green Eletron,PEV fixo,Ativo,26/06/2020
4100202-001,2025,PR,ADRIANÓPOLIS,4100202,Green Eletron,PEV fixo,Ativo,03/10/2024
4308078-000,2025,RS,Fazenda Vilanova,4308078,ABREE,PEV fixo,Ativo,15/02/2019
3302403-015,2025,RJ,MACAÉ,3302403,Green Eletron,PEV fixo,Ativo,06/11/2023
3156502-000,2025,MG,Rubelita,3156502,Green Eletron,PEV fixo,Ativo,26/07/2022
3303302-002,2025,RJ,  Niterói ,3303302,Green Eletron,Campanha itinerante,Ativo,25/08/2020
3523305-000,2025,SP,Itariri,3523305,ABREE,PEV fixo,Inativo,15/07/2022
3106200-293,2025,MG,Belo Horizonte,3106200,ABREE,PEV fixo,Ativo,18/05/2024
2412609-000,2025,RN,SÃO PAULO DO POTENGI,2412609,Sistema individual,PEV fixo,Ativo,11/03/2019
2201002-000,2025,PI,  Arraial ,2201002,ABREE,Campanha itinerante,Ativo,12/09/2024
3116803-000,2025,MG,Coluna,3116803,ABREE,Ponto de consolidação,Ativo,28/11/2020
2101350-000,2025,MA,BACURITUBA,,ABREE,Ponto de consolidação,Ativo,09/07/2024
3304557-189,2025,RJ,RIO DE JANEIRO,3304557,Green Eletron,PEV fixo,Ativo,11/04/2023
3532009-008,2025,SP,MORUNGABA,3532009,Green Eletron,Ponto de consolidação,Ativo,13/08/2020
5106224-000,2025,MT,NOVA MUTUM,5106224,ABREE,PEV fixo,Ativo,14/07/2023
3532157-000,2025,SP,NANTES,3532157,ABREE,PEV fixo,Ativo,13/04/2019
4121208-000,2025,PR,Quitandinha,4121208,Green Eletron,PEV fixo,Ativo,24/06/2023
2102374-001,2025,MA,Cachoeira Grande,2102374,ABREE,PEV fixo,Ativo,16/11/2022
3525201-008,2025,SP,Jarinu,3525201,Green Eletron,PEV fixo,Ativo,24/03/2022
3550308-356,2025,SP,SÃO PAULO,3550308,ABREE,PEV fixo,Ativo,17/05/2023
2610103-006,2025,PE,Palmeirina,2610103,ABREE,PEV fixo,Ativo,12/09/2024
5108956-003,2025,MT,Nova Monte Verde,5108956,Green Eletron,PEV fixo,Ativo,07/05/2021
2933000-000,2025,BA,Valente,2933000,ABREE,PEV fixo,Ativo,05/07/2020
3301108-029,2025,RJ,Cantagalo,,Sistema individual,PEV fixo,Ativo,21/02/2024
2204204-000,2025,PI,Francisco Santos,2204204,Green Eletron,PEV fixo,Ativo,10/04/2022
2700805-001,2025,AL,Belém,2700805,ABREE,PEV fixo,Ativo,14/05/2021
4110300-000,2025,PR,INAJÁ,4110300,ABREE,PEV fixo,Ativo,12/02/2021
3106200-113,2025,MG,Belo Horizonte,3106200,Green Eletron,PEV fixo,Ativo,05/03/2021
4115853-000,2025,PR,Mercedes,4115853,ABREE,Campanha itinerante,Ativo,11/01/2022
2211001-022,2025,PI,Teresina,2211001,Green Eletron,PEV fixo,Ativo,28/03/2022
2311900-000,2025,CE,Saboeiro,2311900,Green Eletron,PEV fixo,Ativo,06/06/2020
3160207-002,2025,MG,Santo Antônio do Itambé,3160207,Green Eletron,PEV fixo,Ativo,25/04/2019
3518305-001,2025,SP,GUARAREMA,3518305,ABREE,PEV fixo,Ativo,04/06/2025
4320578-000,2025,RS,Sete de Setembro,4320578,ABREE,PEV fixo,Ativo,19/05/2020
3106200-189,2025,MG,Belo Horizonte,3106200,Green Eletron,Ponto de consolidação,Ativo,11/06/2022
4106902-009,2025,PR,Curitiba,4106902,ABREE,PEV fixo,Ativo,15/04/2020
2925600-000,2025,BA,Presidente Dutra,2925600,Green Eletron,PEV fixo,Ativo,07/06/2024
2602902-007,2025,PE,Cabo de Santo Agostinho,2602902,ABREE,PEV fixo,Ativo,25/02/2022
2304400-012,2025,CE,Fortaleza,2304400,Green Eletron,PEV fixo,Ativo,14/01/2019
4306759-000,2025,RS,  Doutor Ricardo ,4306759,Green Eletron,PEV fixo,Ativo,22/11/2023
3514205-001,2025,SP,Dolcinópolis,3514205,ABREE,PEV fixo,Ativo,01/12/2024
3304508-002,2025,RJ,Rio das Flores,3304508,ABREE,PEV fixo,Ativo,09/04/2020
3117801-000,2025,MG,Conceição dos Ouros,3117801,Sistema individual,PEV fixo,Ativo,20/06/2020
4314902-000,2025,RS,  Porto Alegre ,4314902,Green Eletron,PEV fixo,Ativo,10/04/2020
3503703-009,2025,SP,ARIRANHA,3503703,Green Eletron,PEV fixo,Ativo,18/06/2024
3110806-001,2025,MG,Campanário,3110806,ABREE,PEV fixo,Ativo,09/10/2024
1303007-001,2025,AM,  Nhamundá ,1303007,Green Eletron,PEV fixo,Ativo,09/01/2025
3549904-005,2025,SP,São José dos Campos,3549904,ABREE,PEV fixo,Ativo,14/09/2022
3529708-007,2025,SP,Miguelópolis,3529708,ABREE,PEV fixo,Ativo,24/04/2025
5208707-015,2025,GO,Goiânia,5208707,ABREE,PEV fixo,Ativo,16/09/2021
2802403-000,2025,SE,Gararu,2802403,Green Eletron,PEV fixo,Ativo,02/04/2020
5214705-001,2025,GO,Nova América,5214705,ABREE,PEV fixo,Ativo,08/12/2025
2513158-000,2025,PB,Santa Cecília,2513158,Green Eletron,PEV fixo,Inativo,18/10/2019
5209705-001,2025,GO,Hidrolândia,5209705,ABREE,Ponto de consolidação,Ativo,03/01/2025
3544905-002,2025,SP,SALES OLIVEIRA,3544905,Green Eletron,PEV fixo,Ativo,24/12/2025
3550308-123,2025,SP,São Paulo,3550308,ABREE,PEV fixo,Ativo,04/03/2020
1721000-003,2025,TO,Palmas,1721000,ABREE,PEV fixo,Ativo,18/03/2019
3302254-000,2025,RJ,Itatiaia,3302254,Green Eletron,PEV fixo,Ativo,04/06/2020
3524402-005,2025,SP,JACAREÍ,3524402,ABREE,PEV fixo,Ativo,27/05/2023
1200401-003,2025,AC,Rio Branco,1200401,ABREE,PEV fixo,Ativo,08/04/2020
3546009-005,2025,SP,Santa Branca,3546009,Green Eletron,Campanha itinerante,Ativo,05/07/2021
3303302-008,2025,RJ,Niterói,3303302,Green Eletron,PEV fixo,Ativo,08/06/2022
4206207-000,2025,SC,Gravatal,4206207,ABREE,PEV fixo,Ativo,06/01/2023
5300108-041,2025,DF,Brasília,5300108,Green Eletron,PEV fixo,Inativo,24/07/2020
2928307-002,2025,BA,Santanópolis,2928307,Sistema individual,PEV fixo,Ativo,13/02/2024
4205407-009,2025,SC,Florianópolis,4205407,ABREE,PEV fixo,Ativo,25/07/2019
3537404-002,2025,SP,Pereira Barreto,3537404,Green Eletron,PEV fixo,Ativo,13/06/2021
3125804-000,2025,MG,Fernandes Tourinho,,ABREE,PEV fixo,Ativo,17/10/2022
4112306-000,2025,PR,Japira,4112306,ABREE,PEV fixo,Ativo,15/12/2020
3532504-008,2025,SP,NEVES PAULISTA,3532504,Green Eletron,Ponto de consolidação,Ativo,25/05/2024
3519907-000,2025,SP,IEPÊ,3519907,ABREE,PEV fixo,Ativo,24/06/2021
5203559-000,2025,GO,Bonfinópolis,5203559,ABREE,Ponto de consolidação,Ativo,18/02/2021
2800308-019,2025,SE,Aracaju,2800308,Green Eletron,PEV fixo,Ativo,28/03/2022
3108602-000,2025,MG,Brasília de Minas,3108602,ABREE,PEV fixo,Ativo,28/12/2021
4314902-093,2025,RS,PORTO ALEGRE,4314902,Green Eletron,PEV fixo,Ativo,15/03/2022
3108404-000,2025,MG,Botelhos,3108404,Green Eletron,PEV fixo,Ativo,20/07/2023
3515004-002,2025,SP,Embu das Artes,3515004,ABREE,PEV fixo,Ativo,08/09/2025
4314902-070,2025,RS,Porto Alegre,4314902,Green Eletron,PEV fixo,Ativo,05/05/2021
5103254-000,2025,MT,Colniza,5103254,Green Eletron,PEV fixo,Ativo,27/02/2020
2314003-000,2025,CE,Varzea Alegre,2314003,ABREE,PEV fixo,Ativo,23/09/2020
4204251-000,2025,SC,Cocal do Sul,4204251,Sistema individual,PEV fixo,Ativo,14/08/2023
2203271-000,2025,PI,CURRAL NOVO DO PIAUÍ,2203271,Green Eletron,PEV fixo,Ativo,28/04/2021
1704105-000,2025,TO,CENTENÁRIO,1704105,Green Eletron,PEV fixo,Ativo,03/12/2021
4205407-043,2025,SC,FLORIANÓPOLIS,4205407,Green Eletron,PEV fixo,Ativo,24/02/2020
3302403-011,2025,RJ,  Macaé ,3302403,Green Eletron,PEV fixo,Ativo,15/03/2021
3536570-000,2025,SP,PAULISTÂNIA,3536570,Sistema individual,Ponto de consolidação,Ativo,21/03/2022
1501402-003,2025,PA,Belém,1501402,Green Eletron,PEV fixo,Ativo,08/07/2020
1501204-005,2025,PA,Baião,1501204,Green Eletron,PEV fixo,Ativo,01/11/2020
3302106-002,2025,RJ,Itaocara,3302106,ABREE,PEV fixo,Ativo,08/11/2020
3106200-038,2025,MG,Belo Horizonte,3106200,ABREE,PEV fixo,Ativo,17/08/2020
3130051-000,2025,MG,Icaraí de Minas,3130051,Green Eletron,PEV fixo,Ativo,06/09/2022
2910057-000,2025,BA,  Dias d'Ávila ,2910057,Sistema individual,PEV fixo,Ativo,14/07/2023
2922656-000,2025,BA,Nordestina,2922656,Green Eletron,Ponto de consolidação,Ativo,17/10/2019
2106508-000,2025,MA,Matinha,2106508,ABREE,PEV fixo,Ativo,22/07/2020
3530508-000,2025,SP,Mococa,3530508,Sistema individual,PEV fixo,Ativo,02/02/2024
2209856-000,2025,PI,SÃO JOÃO DA CANABRAVA,2209856,Green Eletron,PEV fixo,Ativo,23/05/2019
3302700-009,2025,RJ,Maricá,3302700,ABREE,PEV fixo,Ativo,19/09/2021
1503093-002,2025,PA,Goianésia do Pará,1503093,ABREE,PEV fixo,Ativo,12/12/2022
3550308-324,2025,SP,São Paulo,3550308,ABREE,PEV fixo,Ativo,21/05/2023
2933505-000,2025,BA,Wenceslau Guimarães,2933505,ABREE,Ponto de consolidação,Ativo,26/06/2020
2926509-000,2025,BA,  Ribeira do Amparo ,2926509,Green Eletron,PEV fixo,Ativo,03/11/2023
2927408-128,2025,BA,Salvador,2927408,ABREE,PEV fixo,Ativo,03/04/2022
3171071-000,2025,MG,Veredinha,3171071,ABREE,Ponto de consolidação,Ativo,21/08/2021
1100189-000,2025,RO,Pimenta Bueno,1100189,ABREE,PEV fixo,Ativo,22/01/2025
2101939-004,2025,MA,Bernardo do Mearim,2101939,ABREE,PEV fixo,Ativo,18/01/2021
3512100-004,2025,SP,Colômbia,3512100,ABREE,Ponto de consolidação,Ativo,18/06/2024
2107001-000,2025,MA,MONTES ALTOS,2107001,ABREE,Ponto de consolidação,Ativo,15/06/2021
2104628-000,2025,MA,Governador Luiz Rocha,2104628,Sistema individual,PEV fixo,Ativo,11/11/2021
4125308-000,2025,PR,Sao Jorge do Ivai,4125308,Green Eletron,Ponto de consolidação,Ativo,10/09/2025
2208007-000,2025,PI,Picos,2208007,Green Eletron,Campanha itinerante,Ativo,07/02/2025
3301108-021,2025,RJ,CANTAGALO,3301108,ABREE,PEV fixo,Ativo,21/10/2022
5105002-000,2025,MT,  Jauru ,5105002,Green Eletron,Campanha itinerante,Ativo,07/02/2020
2611606-009,2025,PE,Recife,2611606,ABREE,PEV fixo,Inativo,24/09/2020
2927408-040,2025,BA,Salvador,2927408,ABREE,PEV fixo,Ativo,14/05/2019
3550308-071,2025,SP,São Paulo,3550308,Green Eletron,PEV fixo,Ativo,17/10/2019
2602704-001,2025,PE,  Buenos Aires ,2602704,Green Eletron,PEV fixo,Ativo,12/04/2022
3518909-000,2025,SP,Guzolândia,3518909,Green Eletron,PEV fixo,Ativo,07/08/2024
3302106-008,2025,RJ,Itaocara,3302106,ABREE,Ponto de consolidação,Ativo,25/01/2023
2920106-000,2025,BA,Mairi,2920106,ABREE,Ponto de consolidação,Ativo,26/07/2025
2701902-000,2025,AL,  Chã Preta ,2701902,Sistema individual,PEV fixo,Ativo,23/06/2019
3506904-002,2025,SP,BOFETE,3506904,Green Eletron,PEV fixo,Ativo,04/12/2021
2611606-100,2025,PE,Recife,2611606,ABREE,PEV fixo,Ativo,12/06/2024
1200401-004,2025,AC,Rio Branco,1200401,Green Eletron,PEV fixo,Ativo,23/05/2021
5218052-005,2025,GO,PORTEIRÃO,5218052,Green Eletron,Ponto de consolidação,Ativo,15/06/2024
3543204-000,2025,SP,Ribeirao do Sul,3543204,ABREE,PEV fixo,Ativo,08/10/2021
3548302-001,2025,SP,Santo Expedito,3548302,ABREE,PEV fixo,Ativo,11/06/2024
3522703-001,2025,SP,ITÁPOLIS,3522703,Green Eletron,PEV fixo,Ativo,18/04/2020
3163904-000,2025,MG,São Pedro da União,3163904,Sistema individual,PEV fixo,Ativo,28/07/2020
3528007-005,2025,SP,MACATUBA,3528007,ABREE,PEV fixo,Ativo,27/12/2025
3552502-000,2025,SP,  Suzano ,3552502,Sistema individual,PEV fixo,Ativo,03/11/2021
3550308-091,2025,SP,São Paulo,3550308,Green Eletron,PEV fixo,Ativo,08/12/2019
5103908-001,2025,MT,GENERAL CARNEIRO,5103908,Green Eletron,PEV fixo,Ativo,19/03/2023
2211001-007,2025,PI,Teresina,2211001,ABREE,PEV fixo,Ativo,23/01/2019
1703107-001,2025,TO,Barrolândia,1703107,ABREE,PEV fixo,Ativo,26/08/2024
3549250-004,2025,SP,São João de Iracema,3549250,ABREE,PEV fixo,Ativo,16/01/2021
2304400-045,2025,CE,Fortaleza,2304400,Green Eletron,PEV fixo,Ativo,26/03/2020
2403509-000,2025,RN,ESPÍRITO SANTO,2403509,Green Eletron,PEV fixo,Ativo,06/10/2021
2111300-071,2025,MA,  São Luís ,2111300,ABREE,PEV fixo,Ativo,10/02/2021
3151206-000,2025,MG,Pirapora,3151206,Green Eletron,PEV fixo,Ativo,25/04/2023
2927408-022,2025,BA,Salvador,2927408,ABREE,PEV fixo,Ativo,02/03/2019
3304557-201,2025,RJ,Rio de Janeiro,3304557,Green Eletron,PEV fixo,Ativo,06/11/2023
2515708-000,2025,PB,Serra Grande,2515708,Sistema individual,PEV fixo,Ativo,22/01/2022
3550308-032,2025,SP,São Paulo,3550308,ABREE,PEV fixo,Ativo,18/10/2019
1503093-003,2025,PA,GOIANÉSIA DO PARÁ,1503093,ABREE,PEV fixo,Ativo,06/11/2023
3551306-000,2025,SP,Sebastianópolis do Sul,3551306,ABREE,Campanha itinerante,Ativo,28/08/2019
3538808-011,2025,SP,Piraju,3538808,ABREE,PEV fixo,Ativo,06/12/2020
3550308-327,2025,SP,SÃO PAULO,3550308,ABREE,PEV fixo,Ativo,08/04/2023
3303856-002,2025,RJ,Paty do Alferes,3303856,Green Eletron,Campanha itinerante,Ativo,14/03/2024
3536307-000,2025,SP,Patrocinio Paulista,3536307,Green Eletron,PEV fixo,Ativo,18/09/2024
2107209-000,2025,MA,Nina Rodrigues,2107209,ABREE,PEV fixo,Ativo,13/03/2021
2304400-010,2025,CE,Fortaleza,2304400,Green Eletron,PEV fixo,Ativo,20/03/2019
2606507-000,2025,PE,Iati,2606507,ABREE,Ponto de consolidação,Ativo,27/06/2022
3304557-089,2025,RJ,Rio de Janeiro,3304557,Green Eletron,Campanha itinerante,Ativo,16/12/2021
1302900-000,2025,AM,Maues,1302900,Green Eletron,Ponto de consolidação,Ativo,03/09/2023
3550308-285,2025,SP,Sao Paulo,3550308,ABREE,PEV fixo,Ativo,04/03/2022
3550308-038,2025,SP,São Paulo,3550308,ABREE,PEV fixo,Ativo,17/07/2019
3555604-000,2025,SP,UCHOA,3555604,Green Eletron,Ponto de consolidação,Ativo,03/11/2024
3140605-000,2025,MG,Materlandia,3140605,ABREE,Campanha itinerante,Ativo,20/02/2021
2605152-004,2025,PE,Dormentes,2605152,ABREE,PEV fixo,Ativo,27/04/2024
3106200-112,2025,MG,Belo Horizonte,3106200,ABREE,PEV fixo,Ativo,24/08/2021
2104073-000,2025,MA,Feira Nova do Maranhão,2104073,ABREE,PEV fixo,Ativo,09/07/2021
2616183-006,2025,PE,Vertente do Lério,2616183,Green Eletron,PEV fixo,Ativo,19/07/2021
3158102-000,2025,MG,SANTA MARIA DO SALTO,3158102,ABREE,PEV fixo,Ativo,24/07/2021
1300144-001,2025,AM,Apuí,1300144,ABREE,PEV fixo,Ativo,07/02/2022
1718659-000,2025,TO,Rio da Conceição,1718659,ABREE,PEV fixo,Ativo,09/10/2021
1200609-000,2025,AC,  Tarauacá ,1200609,ABREE,PEV fixo,Ativo,02/10/2023
3518503-000,2025,SP,Guareí,3518503,ABREE,PEV fixo,Ativo,04/03/2022
4314902-128,2025,RS,PORTO ALEGRE,4314902,Green Eletron,Ponto de consolidação,Ativo,17/03/2023
4315206-001,2025,RS,Putinga,4315206,ABREE,Ponto de consolidação,Ativo,23/01/2022
3550308-181,2025,SP,São Paulo,3550308,ABREE,Ponto de consolidação,Ativo,04/12/2021
2611606-015,2025,PE,Recife,2611606,ABREE,PEV fixo,Ativo,13/04/2020
3505203-005,2025,SP,Bariri,3505203,ABREE,Campanha itinerante,Ativo,17/08/2021
3550308-088,2025,SP,SÃO PAULO,3550308,Green Eletron,PEV fixo,Ativo,18/11/2019
4118501-000,2025,PR,Pato Branco,4118501,ABREE,PEV fixo,Ativo,04/04/2019
4128401-001,2025,PR,Uraí,4128401,ABREE,PEV fixo,Ativo,27/05/2020
3520442-000,2025,SP,ILHA SOLTEIRA,3520442,Green Eletron,PEV fixo,Ativo,02/01/2022
3146404-000,2025,MG,Paineiras,3146404,ABREE,PEV fixo,Ativo,16/04/2022
1300805-001,2025,AM,BORBA,1300805,Green Eletron,PEV fixo,Ativo,12/02/2021
3304557-152,2025,RJ,Rio de Janeiro,3304557,Green Eletron,PEV fixo,Ativo,05/11/2022
3106200-260,2025,MG,Belo Horizonte,3106200,ABREE,PEV fixo,Ativo,01/06/2023
3554300-000,2025,SP,Teodoro Sampaio,3554300,Green Eletron,PEV fixo,Ativo,19/06/2025
5300108-027,2025,DF,Brasilia,5300108,ABREE,Campanha itinerante,Ativo,09/11/2019
4302253-000,2025,RS,Boa Vista do Sul,4302253,ABREE,PEV fixo,Ativo,06/02/2023
3513603-000,2025,SP,Cunha,3513603,ABREE,PEV fixo,Ativo,12/05/2021
4205407-066,2025,SC,Florianópolis,4205407,Green Eletron,PEV fixo,Ativo,23/03/2022
1501402-026,2025,PA,Belém,1501402,Green Eletron,PEV fixo,Ativo,21/06/2023
3205309-017,2025,ES,Vitória,3205309,Green Eletron,Ponto de consolidação,Ativo,19/09/2022
2304277-000,2025,CE,Ererê,2304277,Green Eletron,PEV fixo,Ativo,21/01/2023
2300309-001,2025,CE,ACOPIARA,2300309,Green Eletron,Ponto de consolidação,Ativo,22/03/2025
3166808-000,2025,MG,SERRA DO SALITRE,3166808,Sistema individual,PEV fixo,Ativo,02/05/2019
3550308-211,2025,SP,SÃO PAULO,3550308,ABREE,PEV fixo,Ativo,20/12/2021
3304508-007,2025,RJ,Rio das Flores,3304508,ABREE,PEV fixo,Ativo,07/02/2021
3516309-000,2025,SP,Francisco Morato,3516309,ABREE,PEV fixo,Ativo,02/01/2019
2101251-000,2025,MA,Bacabeira,2101251,ABREE,PEV fixo,Ativo,10/07/2024
3549508-006,2025,SP,  São José da Bela Vista ,3549508,Green Eletron,PEV fixo,Ativo,14/07/2021
3506409-000,2025,SP,Bilac,3506409,ABREE,Campanha itinerante,Ativo,14/03/2020
4212403-000,2025,SC,Pedras Grandes,4212403,Green Eletron,PEV fixo,Ativo,16/01/2021
3508306-001,2025,SP,Cabrália Paulista,3508306,ABREE,PEV fixo,Ativo,18/11/2020
4106902-053,2025,PR,CURITIBA,4106902,ABREE,Ponto de consolidação,Ativo,12/04/2022
2304707-002,2025,CE,Granja,2304707,Sistema individual,Ponto de consolidação,Ativo,05/12/2025
4310553-000,2025,RS,ITACURUBI,4310553,Green Eletron,PEV fixo,Ativo,06/11/2021
3101300-000,2025,MG,ALAGOA,3101300,ABREE,PEV fixo,Ativo,28/11/2025
4205407-032,2025,SC,FLORIANÓPOLIS,4205407,Green Eletron,PEV fixo,Ativo,10/07/2020
4304671-000,2025,RS,CAPIVARI DO SUL,4304671,Green Eletron,PEV fixo,Ativo,25/04/2022
2927408-131,2025,BA,SALVADOR,2927408,ABREE,PEV fixo,Ativo,17/11/2023
5205901-000,2025,GO,Corumbaíba,5205901,ABREE,Ponto de consolidação,Ativo,05/06/2020
3505203-010,2025,SP,  Bariri ,3505203,Green Eletron,PEV fixo,Ativo,28/06/2024
3147501-000,2025,MG,Passabém,3147501,ABREE,Campanha itinerante,Ativo,11/02/2023
3540259-000,2025,SP,Pontalinda,3540259,Green Eletron,PEV fixo,Ativo,27/02/2025
3555109-016,2025,SP,Tupi Paulista,3555109,Green Eletron,PEV fixo,Ativo,07/10/2023
2611606-026,2025,PE,Recife,2611606,ABREE,Campanha itinerante,Ativo,15/01/2020
2922805-000,2025,BA,NOVA ITARANA,2922805,Green Eletron,PEV fixo,Ativo,16/05/2019
5102678-000,2025,MT,Campo Verde,5102678,Green Eletron,Campanha itinerante,Ativo,17/03/2019
3134509-000,2025,MG,Itutinga,3134509,Sistema individual,PEV fixo,Ativo,04/10/2020
4323101-000,2025,RS,VICENTE DUTRA,4323101,Green Eletron,PEV fixo,Ativo,03/11/2025
2908507-000,2025,BA,  Conceição do Jacuípe ,2908507,ABREE,Ponto de consolidação,Ativo,26/01/2022
3532900-004,2025,SP,Nova Europa,3532900,Sistema individual,Ponto de consolidação,Ativo,11/11/2019
3508306-008,2025,SP,Cabralia Paulista,3508306,Green Eletron,PEV fixo,Ativo,19/12/2023
3539509-001,2025,SP,Pitangueiras,3539509,ABREE,PEV fixo,Ativo,15/06/2020
2101301-000,2025,MA,Bacuri,2101301,ABREE,PEV fixo,Ativo,19/05/2024
3505203-004,2025,SP,BARIRI,3505203,ABREE,PEV fixo,Ativo,11/09/2021
2510659-000,2025,PB,Parari,2510659,ABREE,PEV fixo,Ativo,05/07/2024
3109501-001,2025,MG,Cabo Verde,3109501,Sistema individual,PEV fixo,Ativo,20/07/2023
5300108-019,2025,DF,BRASÍLIA,5300108,ABREE,Ponto de consolidação,Ativo,26/07/2019
3550308-009,2025,SP,São Paulo,3550308,Green Eletron,Campanha itinerante,Ativo,17/09/2019
3516853-000,2025,SP,  Gavião Peixoto ,3516853,ABREE,PEV fixo,Ativo,06/02/2025
2102903-000,2025,MA,  Carutapera ,2102903,ABREE,PEV fixo,Ativo,09/07/2024
2905206-000,2025,BA,Caetite,2905206,Sistema individual,PEV fixo,Ativo,14/10/2019
3106200-036,2025,MG,Belo Horizonte,3106200,ABREE,PEV fixo,Ativo,04/07/2020
4300604-002,2025,RS,Alvorada,4300604,ABREE,PEV fixo,Ativo,12/06/2025
2900900-000,2025,BA,Almadina,2900900,Green Eletron,PEV fixo,Ativo,20/12/2024
1504901-000,2025,PA,MUANÁ,1504901,ABREE,PEV fixo,Ativo,15/04/2020
3513009-010,2025,SP,Cotia,3513009,ABREE,PEV fixo,Ativo,04/07/2022
3550308-025,2025,SP,SÃO PAULO,3550308,Green Eletron,PEV fixo,Ativo,21/01/2019
3305752-003,2025,RJ,Tanguá,3305752,Sistema individual,PEV fixo,Ativo,28/06/2021
1504976-000,2025,PA,NOVA IPIXUNA,1504976,ABREE,PEV fixo,Ativo,04/08/2025
3101003-000,2025,MG,Águas Vermelhas,3101003,ABREE,PEV fixo,Ativo,04/09/2022
4301008-000,2025,RS,Arroio do Meio,4301008,Green Eletron,PEV fixo,Inativo,02/05/2019
2209377-000,2025,PI,Santa Rosa do Piauí,2209377,Green Eletron,Ponto de consolidação,Ativo,18/07/2021
3127800-000,2025,MG,Grão Mogol,3127800,ABREE,PEV fixo,Ativo,03/08/2022
3525706-000,2025,SP,José Bonifácio,3525706,ABREE,PEV fixo,Ativo,20/11/2023
1503093-001,2025,PA,GOIANÉSIA DO PARÁ,1503093,Green Eletron,PEV fixo,Ativo,24/07/2021
2806909-000,2025,SE,Sao Francisco,2806909,ABREE,PEV fixo,Ativo,18/04/2019
4314902-003,2025,RS,PORTO ALEGRE,4314902,Green Eletron,PEV fixo,Ativo,19/08/2020
4204301-000,2025,SC,Concordia,4204301,ABREE,PEV fixo,Ativo,06/01/2023
5215207-007,2025,GO,Novo Brasil,5215207,ABREE,PEV fixo,Ativo,09/07/2022
4100301-000,2025,PR,Agudos do Sul,4100301,Green Eletron,Ponto de consolidação,Ativo,11/05/2024
3106200-232,2025,MG,Belo Horizonte,,Sistema individual,PEV fixo,Ativo,20/10/2023
5003207-000,2025,MS,CORUMBÁ,5003207,Green Eletron,Ponto de consolidação,Ativo,15/01/2023
4314902-123,2025,RS,Porto Alegre,4314902,Sistema individual,PEV fixo,Ativo,03/02/2022
2927408-124,2025,BA,SALVADOR,2927408,Green Eletron,PEV fixo,Ativo,24/05/2022
2512721-000,2025,PB,Pedro Régis,2512721,Green Eletron,PEV fixo,Ativo,06/01/2019
2603207-000,2025,PE,Caetes,2603207,ABREE,PEV fixo,Ativo,27/02/2019
2302305-005,2025,CE,Bela Cruz,2302305,Green Eletron,PEV fixo,Ativo,28/05/2025
3550308-247,2025,SP,SÃO PAULO,3550308,Green Eletron,Ponto de consolidação,Ativo,16/11/2021
5215306-000,2025,GO,Orizona,5215306,Green Eletron,Campanha itinerante,Inativo,05/03/2022
4319364-000,2025,RS,São Pedro das Missões,4319364,Green Eletron,PEV fixo,Ativo,25/11/2019
3121803-000,2025,MG,Dionísio,3121803,ABREE,PEV fixo,Ativo,09/03/2019
3500758-000,2025,SP,ALAMBARI,3500758,Green Eletron,Campanha itinerante,Ativo,01/06/2024
3550308-027,2025,SP,São Paulo,3550308,Green Eletron,Campanha itinerante,Ativo,10/08/2019
2806800-000,2025,SE,SÃO DOMINGOS,2806800,Green Eletron,Ponto de consolidação,Ativo,27/08/2019
2112209-002,2025,MA,  Timon ,2112209,ABREE,PEV fixo,Ativo,06/03/2022
2111300-104,2025,MA,São Luís,2111300,Green Eletron,PEV fixo,Ativo,01/01/2023
3106200-160,2025,MG,Belo Horizonte,3106200,Green Eletron,Campanha itinerante,Inativo,09/02/2022
5300108-093,2025,DF,Brasília,5300108,ABREE,Campanha itinerante,Ativo,15/06/2022
3532900-015,2025,SP,NOVA EUROPA,3532900,Green Eletron,Campanha itinerante,Ativo,24/06/2021
3550308-237,2025,SP,Sao Paulo,3550308,Sistema individual,PEV fixo,Ativo,09/01/2021
3171501-001,2025,MG,Mathias Lobato,3171501,ABREE,Ponto de consolidação,Ativo,06/12/2023
3550308-031,2025,SP,São Paulo,3550308,ABREE,PEV fixo,Ativo,09/05/2019
3300902-006,2025,RJ,Cambuci,3300902,Green Eletron,PEV fixo,Ativo,25/09/2023
4121901-000,2025,PR,RIBEIRÃO DO PINHAL,4121901,Green Eletron,Ponto de consolidação,Ativo,03/07/2024
5300108-011,2025,DF,Brasília,5300108,ABREE,PEV fixo,Ativo,16/11/2019
3301108-004,2025,RJ,Cantagalo,3301108,Green Eletron,PEV fixo,Ativo,21/05/2020
3550308-090,2025,SP,São Paulo,3550308,Sistema individual,PEV fixo,Ativo,24/05/2019
2111953-000,2025,MA,Sucupira do Riachão,2111953,Green Eletron,PEV fixo,Ativo,24/06/2024
1303700-000,2025,AM,Santo Antônio do Içá,1303700,ABREE,PEV fixo,Ativo,07/06/2019
3502200-000,2025,SP,Angatuba,3502200,Green Eletron,PEV fixo,Ativo,24/11/2024
3550308-158,2025,SP,SÃO PAULO,,Green Eletron,PEV fixo,Ativo,28/01/2020
3542404-000,2025,SP,Regente Feijó,3542404,ABREE,PEV fixo,Ativo,24/03/2022
5102603-000,2025,MT,Campinapolis,5102603,ABREE,PEV fixo,Ativo,24/06/2020
1508209-006,2025,PA,VIGIA,1508209,ABREE,PEV fixo,Ativo,19/06/2021
3106200-139,2025,MG,Belo Horizonte,3106200,Green Eletron,Ponto de consolidação,Ativo,20/05/2021
3550308-059,2025,SP,SÃO PAULO,3550308,Green Eletron,PEV fixo,Ativo,13/04/2019
4123402-000,2025,PR,Santa Fe,4123402,Sistema individual,PEV fixo,Ativo,13/03/2019
4200903-001,2025,SC,ANGELINA,4200903,Green Eletron,PEV fixo,Ativo,16/06/2025
3106200-162,2025,MG,Belo Horizonte,3106200,Sistema individual,PEV fixo,Ativo,20/07/2022
4122651-000,2025,PR,Rosário do Ivaí,4122651,ABREE,Campanha itinerante,Ativo,16/12/2023
3304151-004,2025,RJ,QUISSAMÃ,3304151,ABREE,Ponto de consolidação,Ativo,01/02/2023
2108058-001,2025,MA,  Paulino Neves ,2108058,Green Eletron,PEV fixo,Ativo,05/04/2024
4106902-019,2025,PR,CURITIBA,4106902,Green Eletron,PEV fixo,Ativo,20/09/2020
4211108-001,2025,SC,MONTE CASTELO,4211108,Green Eletron,PEV fixo,Ativo,12/02/2025
4121752-000,2025,PR,Reserva do Iguaçu,4121752,Green Eletron,PEV fixo,Ativo,11/06/2021
3557006-006,2025,SP,Votorantim,3557006,Green Eletron,PEV fixo,Ativo,18/09/2023
4106902-042,2025,PR,Curitiba,4106902,Sistema individual,Ponto de consolidação,Ativo,08/07/2021
4123907-000,2025,PR,  Santa Mariana ,4123907,ABREE,PEV fixo,Ativo,09/05/2024
2313401-000,2025,CE,Tianguá,2313401,Sistema individual,PEV fixo,Ativo,28/07/2024
2927408-001,2025,BA,Salvador,,ABREE,PEV fixo,Ativo,12/09/2019
3135605-000,2025,MG,  Jequitaí ,3135605,ABREE,PEV fixo,Ativo,23/04/2023
4314902-089,2025,RS,Porto Alegre,4314902,Green Eletron,PEV fixo,Ativo,03/11/2022
2309300-004,2025,CE,  Nova Russas ,2309300,Green Eletron,PEV fixo,Ativo,14/04/2025
4211256-000,2025,SC,Morro Grande,4211256,Green Eletron,PEV fixo,Ativo,05/09/2021
3550308-037,2025,SP,São Paulo,3550308,ABREE,PEV fixo,Ativo,19/04/2019
2901957-002,2025,BA,Apuarema,2901957,Green Eletron,PEV fixo,Ativo,11/05/2025
4219853-002,2025,SC,ZORTÉA,4219853,Green Eletron,PEV fixo,Ativo,15/05/2025
4314902-116,2025,RS,  Porto Alegre ,4314902,Green Eletron,PEV fixo,Ativo,05/10/2022
3300233-000,2025,RJ,Armação dos Búzios,3300233,Green Eletron,PEV fixo,Ativo,01/10/2023
5300108-082,2025,DF,Brasília,5300108,ABREE,Ponto de consolidação,Inativo,10/07/2022
3550308-275,2025,SP,São Paulo,3550308,ABREE,PEV fixo,Ativo,03/02/2022
3124302-000,2025,MG,  Espinosa ,3124302,ABREE,PEV fixo,Ativo,19/09/2021
3148509-000,2025,MG,Pavão,3148509,Green Eletron,PEV fixo,Ativo,06/04/2021
4211900-000,2025,SC,Palhoça,4211900,Sistema individual,PEV fixo,Ativo,18/09/2024
3106200-123,2025,MG,BELO HORIZONTE,3106200,Green Eletron,PEV fixo,Ativo,03/09/2021
3101201-000,2025,MG,Aiuruoca,3101201,Green Eletron,PEV fixo,Ativo,03/12/2025
1300805-000,2025,AM,BORBA,1300805,Green Eletron,PEV fixo,Ativo,28/08/2021
3116407-000,2025,MG,Claraval,3116407,ABREE,PEV fixo,Ativo,11/11/2020
3549706-004,2025,SP,  São José do Rio Pardo ,3549706,ABREE,PEV fixo,Ativo,12/06/2022
2111300-001,2025,MA,Sao Luis,2111300,Green Eletron,PEV fixo,Ativo,26/09/2019
1304203-001,2025,AM,TEFÉ,1304203,ABREE,PEV fixo,Inativo,10/01/2024
3550308-206,2025,SP,Sao Paulo,3550308,ABREE,PEV fixo,Ativo,08/11/2021
2109304-001,2025,MA,PRESIDENTE VARGAS,2109304,ABREE,PEV fixo,Ativo,11/02/2023
3543006-005,2025,SP,Ribeirão Branco,3543006,ABREE,PEV fixo,Ativo,21/04/2022
5300108-005,2025,DF,BRASÍLIA,5300108,Green Eletron,PEV fixo,Ativo,05/07/2019
4316501-000,2025,RS,Salvador do Sul,4316501,Green Eletron,PEV fixo,Ativo,05/09/2022
2301950-000,2025,CE,BARREIRA,2301950,ABREE,Campanha itinerante,Ativo,08/11/2020
2602704-002,2025,PE,BUENOS AIRES,2602704,Sistema individual,PEV fixo,Ativo,25/10/2023
3167202-003,2025,MG,Sete Lagoas,3167202,Green Eletron,PEV fixo,Ativo,14/09/2023
3304557-097,2025,RJ,Rio de Janeiro,3304557,Green Eletron,PEV fixo,Ativo,02/10/2021
3116100-000,2025,MG,Chapada do Norte,3116100,Green Eletron,PEV fixo,Ativo,19/03/2023
5002100-000,2025,MS,BELA VISTA,5002100,ABREE,PEV fixo,Ativo,18/02/2021
2111409-000,2025,MA,São Luís Gonzaga do Maranhão,2111409,ABREE,Campanha itinerante,Ativo,28/02/2020
2910057-002,2025,BA,Dias d'Ávila,2910057,ABREE,PEV fixo,Ativo,05/12/2025
2111300-093,2025,MA,São Luís,2111300,Green Eletron,PEV fixo,Ativo,23/04/2022
5200829-000,2025,GO,AMARALINA,5200829,Green Eletron,PEV fixo,Ativo,27/02/2020
2931806-000,2025,BA,Tremedal,2931806,Sistema individual,PEV fixo,Ativo,13/07/2023
2311207-000,2025,CE,Potengi,2311207,ABREE,PEV fixo,Ativo,02/01/2022
3532306-000,2025,SP,Natividade da Serra,3532306,Green Eletron,PEV fixo,Ativo,23/08/2020
2506103-000,2025,PB,Fagundes,2506103,ABREE,PEV fixo,Ativo,28/07/2023
2911501-000,2025,BA,GONGOGI,2911501,Green Eletron,PEV fixo,Ativo,26/03/2025
3553807-005,2025,SP,  Taquarituba ,3553807,ABREE,PEV fixo,Ativo,02/08/2025
1721000-007,2025,TO,PALMAS,1721000,ABREE,Campanha itinerante,Ativo,26/04/2021
3135308-000,2025,MG,Japaraiba,3135308,ABREE,PEV fixo,Ativo,14/10/2023
3551306-006,2025,SP,SEBASTIANÓPOLIS DO SUL,3551306,Green Eletron,PEV fixo,Ativo,02/04/2022
3106200-005,2025,MG,Belo Horizonte,3106200,ABREE,Campanha itinerante,Ativo,07/06/2020
3165800-000,2025,MG,SENADOR JOSÉ BENTO,3165800,ABREE,PEV fixo,Ativo,18/03/2022
3517703-000,2025,SP,GUARÁ,3517703,ABREE,PEV fixo,Ativo,24/02/2019
4117909-000,2025,PR,Palotina,4117909,ABREE,PEV fixo,Ativo,27/04/2020
5002704-003,2025,MS,Campo Grande,5002704,Green Eletron,PEV fixo,Ativo,05/07/2020
3301900-002,2025,RJ,ITABORAÍ,3301900,ABREE,PEV fixo,Ativo,10/01/2024
2305209-000,2025,CE,HIDROLÂNDIA,2305209,ABREE,PEV fixo,Ativo,06/08/2019
1501006-000,2025,PA,Aveiro,,ABREE,PEV fixo,Ativo,19/03/2024
4125803-001,2025,PR,São Pedro do Ivaí,4125803,ABREE,PEV fixo,Ativo,26/05/2025
1508209-001,2025,PA,  Vigia ,1508209,Green Eletron,PEV fixo,Ativo,25/09/2019
3300902-005,2025,RJ,Cambuci,3300902,Green Eletron,PEV fixo,Ativo,07/12/2022
3304557-104,2025,RJ,RIO DE JANEIRO,3304557,Green Eletron,PEV fixo,Ativo,03/04/2021
3160207-000,2025,MG,Santo Antonio do Itambe,3160207,ABREE,PEV fixo,Ativo,25/12/2019
3149705-000,2025,MG,Perdigão,3149705,Green Eletron,PEV fixo,Ativo,07/03/2025
3106200-158,2025,MG,Belo Horizonte,3106200,Green Eletron,Campanha itinerante,Ativo,28/04/2022
2924306-000,2025,BA,Piatã,2924306,Green Eletron,PEV fixo,Ativo,13/04/2019
4302006-000,2025,RS,Barros Cassal,4302006,Green Eletron,PEV fixo,Ativo,26/06/2024
3550308-049,2025,SP,São Paulo,3550308,ABREE,Campanha itinerante,Ativo,09/10/2019
3303302-004,2025,RJ,Niterói,3303302,ABREE,Campanha itinerante,Ativo,07/09/2020
4122206-000,2025,PR,Rio Branco do Sul,4122206,Green Eletron,PEV fixo,Ativo,25/03/2019
2610301-003,2025,PE,PARANATAMA,2610301,ABREE,PEV fixo,Ativo,28/04/2021
2300309-000,2025,CE,Acopiara,2300309,ABREE,PEV fixo,Ativo,19/07/2024
4314902-092,2025,RS,Porto Alegre,4314902,ABREE,PEV fixo,Ativo,07/05/2022
5221007-000,2025,GO,  Taquaral de Goiás ,5221007,Sistema individual,PEV fixo,Ativo,08/10/2022
3202652-001,2025,ES,Irupi,3202652,ABREE,PEV fixo,Ativo,19/06/2023
3110400-000,2025,MG,CAMACHO,3110400,Green Eletron,PEV fixo,Ativo,16/05/2019
4112702-000,2025,PR,Jataizinho,4112702,Green Eletron,PEV fixo,Ativo,10/09/2022
2402709-001,2025,RN,Cerro Corá,2402709,ABREE,Campanha itinerante,Ativo,18/09/2024
3505401-000,2025,SP,Barra do Turvo,3505401,ABREE,PEV fixo,Ativo,16/08/2022
3536109-000,2025,SP,PARDINHO,3536109,ABREE,PEV fixo,Ativo,08/01/2021
4215059-000,2025,SC,RIO RUFINO,4215059,ABREE,PEV fixo,Ativo,21/07/2023
3301207-001,2025,RJ,CARMO,3301207,ABREE,PEV fixo,Ativo,28/06/2021
3304557-024,2025,RJ,RIO DE JANEIRO,3304557,ABREE,Ponto de consolidação,Ativo,20/12/2020
3510401-001,2025,SP,Capivari,3510401,ABREE,PEV fixo,Ativo,03/07/2025
3522653-000,2025,SP,ITAPIRAPUÃ PAULISTA,3522653,ABREE,Ponto de consolidação,Ativo,10/10/2019
2301604-000,2025,CE,  Assaré ,2301604,ABREE,Campanha itinerante,Ativo,13/11/2020
3555307-000,2025,SP,Turmalina,,ABREE,PEV fixo,Ativo,13/12/2024
2414803-000,2025,RN,VERA CRUZ,2414803,ABREE,PEV fixo,Ativo,04/10/2020
3550308-216,2025,SP,SÃO PAULO,3550308,Green Eletron,Ponto de consolidação,Ativo,06/05/2021
2611606-047,2025,PE,Recife,2611606,ABREE,PEV fixo,Ativo,22/12/2021
3116001-001,2025,MG,Chalé,3116001,Green Eletron,Ponto de consolidação,Ativo,21/01/2022
3162302-000,2025,MG,SÃO JOÃO DA MATA,3162302,ABREE,PEV fixo,Ativo,28/06/2025
3304557-136,2025,RJ,RIO DE JANEIRO,3304557,ABREE,PEV fixo,Ativo,12/01/2022
1720655-000,2025,TO,Silvanópolis,1720655,Green Eletron,PEV fixo,Ativo,02/08/2025
3304557-025,2025,RJ,RIO DE JANEIRO,3304557,Green Eletron,PEV fixo,Ativo,12/06/2020
3302809-001,2025,RJ,Mendes,3302809,ABREE,PEV fixo,Ativo,17/01/2024
3550308-239,2025,SP,  São Paulo ,3550308,Green Eletron,PEV fixo,Ativo,25/02/2021
2505808-000,2025,PB,Duas Estradas,2505808,ABREE,PEV fixo,Inativo,01/01/2021
3106200-194,2025,MG,Belo Horizonte,3106200,Green Eletron,PEV fixo,Ativo,08/06/2022
2923704-000,2025,BA,Paratinga,2923704,Green Eletron,PEV fixo,Ativo,06/04/2024
3518107-000,2025,SP,Guarantã,3518107,Sistema individual,Ponto de consolidação,Ativo,18/12/2024
3157500-000,2025,MG,SANTA EFIGÊNIA DE MINAS,3157500,Green Eletron,Campanha itinerante,Ativo,14/12/2019
3203320-000,2025,ES,MARATAÍZES,3203320,ABREE,PEV fixo,Ativo,07/12/2024
2202075-000,2025,PI,CAJAZEIRAS DO PIAUÍ,2202075,ABREE,PEV fixo,Ativo,08/09/2022
3550308-306,2025,SP,São Paulo,3550308,Green Eletron,PEV fixo,Ativo,09/05/2022
4311403-000,2025,RS,Lajeado,4311403,ABREE,PEV fixo,Ativo,12/11/2024
3550308-350,2025,SP,SÃO PAULO,3550308,ABREE,PEV fixo,Ativo,22/12/2023
3304557-103,2025,RJ,Rio de Janeiro,3304557,Green Eletron,PEV fixo,Ativo,21/02/2021
3550308-141,2025,SP,Sao Paulo,3550308,Sistema individual,PEV fixo,Ativo,15/04/2020
2611606-071,2025,PE,Recife,2611606,ABREE,PEV fixo,Ativo,13/11/2022
3304557-088,2025,RJ,RIO DE JANEIRO,3304557,Sistema individual,Ponto de consolidação,Ativo,02/10/2021
3542206-000,2025,SP,Rancharia,3542206,ABREE,PEV fixo,Ativo,25/03/2020
4212106-000,2025,SC,Palmitos,4212106,ABREE,PEV fixo,Ativo,04/03/2019
4110656-000,2025,PR,IRACEMA DO OESTE,4110656,Green Eletron,PEV fixo,Ativo,27/01/2020
3538808-020,2025,SP,Piraju,3538808,ABREE,PEV fixo,Ativo,26/09/2021
3116506-000,2025,MG,CLARO DOS POÇÕES,3116506,Sistema individual,Ponto de consolidação,Ativo,25/01/2024
2610400-000,2025,PE,  Parnamirim ,2610400,Sistema individual,PEV fixo,Ativo,06/02/2025
2918407-000,2025,BA,  Juazeiro ,2918407,ABREE,PEV fixo,Ativo,18/02/2020
3205309-003,2025,ES,  Vitória ,3205309,Green Eletron,PEV fixo,Ativo,10/10/2020
3106200-198,2025,MG,Belo Horizonte,3106200,ABREE,PEV fixo,Ativo,28/02/2022
2925709-000,2025,BA,PRESIDENTE JÂNIO QUADROS,2925709,Green Eletron,PEV fixo,Ativo,03/04/2024
4314902-149,2025,RS,PORTO ALEGRE,4314902,ABREE,PEV fixo,Ativo,22/06/2023
2208874-000,2025,PI,Ribeira do Piauí,2208874,ABREE,PEV fixo,Ativo,04/03/2022
4205407-045,2025,SC,Florianopolis,4205407,Green Eletron,PEV fixo,Ativo,25/04/2021
3545100-003,2025,SP,Salmourão,3545100,Green Eletron,PEV fixo,Ativo,25/08/2024
2211704-000,2025,PI,Wall Ferraz,2211704,ABREE,Campanha itinerante,Ativo,27/01/2021
4321501-000,2025,RS,TORRES,4321501,ABREE,PEV fixo,Ativo,08/12/2024
3304557-011,2025,RJ,Rio de Janeiro,3304557,Green Eletron,PEV fixo,Ativo,21/09/2020
4218301-000,2025,SC,TRÊS BARRAS,4218301,ABREE,Ponto de consolidação,Ativo,16/12/2025
2308401-000,2025,CE,Missão Velha,2308401,ABREE,PEV fixo,Ativo,10/05/2021
3546603-003,2025,SP,SANTA FÉ DO SUL,3546603,ABREE,PEV fixo,Ativo,15/05/2023
3550308-015,2025,SP,SÃO PAULO,3550308,ABREE,PEV fixo,Ativo,18/02/2019
1100080-000,2025,RO,Costa Marques,1100080,Green Eletron,PEV fixo,Ativo,27/11/2022
3301405-002,2025,RJ,Conceição de Macabu,3301405,ABREE,PEV fixo,Ativo,05/10/2019
3538808-016,2025,SP,Piraju,3538808,Green Eletron,PEV fixo,Ativo,13/09/2020
3123809-000,2025,MG,Engenheiro Navarro,3123809,Green Eletron,PEV fixo,Ativo,05/10/2022
4202131-000,2025,SC,Bela Vista do Toldo,4202131,ABREE,PEV fixo,Ativo,17/08/2023
1501402-030,2025,PA,Belem,1501402,Green Eletron,PEV fixo,Ativo,28/02/2023
4110706-000,2025,PR,Irati,4110706,ABREE,PEV fixo,Ativo,27/02/2023
3304557-039,2025,RJ,Rio de Janeiro,3304557,Green Eletron,PEV fixo,Ativo,02/04/2020
3304557-095,2025,RJ,Rio de Janeiro,3304557,Green Eletron,Ponto de consolidação,Ativo,10/11/2021
3106200-070,2025,MG,Belo Horizonte,3106200,Green Eletron,Campanha itinerante,Ativo,22/09/2020
2924603-003,2025,BA,Pindobacu,2924603,Green Eletron,PEV fixo,Ativo,28/04/2022
3501608-004,2025,SP,Americana,3501608,Green Eletron,PEV fixo,Ativo,25/04/2024
5300108-043,2025,DF,  Brasília ,5300108,Green Eletron,Ponto de consolidação,Ativo,24/01/2020
3111903-000,2025,MG,CANA VERDE,3111903,Green Eletron,Ponto de consolidação,Ativo,07/11/2019
3522703-000,2025,SP,Itápolis,3522703,ABREE,PEV fixo,Inativo,26/05/2020
4204202-000,2025,SC,Chapeco,4204202,Green Eletron,PEV fixo,Ativo,05/01/2020
3539103-000,2025,SP,Pirapora do Bom Jesus,3539103,Green Eletron,Ponto de consolidação,Ativo,11/10/2025
2111300-008,2025,MA,Sao Luis,2111300,ABREE,PEV fixo,Ativo,17/08/2019
4300604-001,2025,RS,Alvorada,4300604,ABREE,PEV fixo,Ativo,24/05/2024
2500734-000,2025,PB,AMPARO,2500734,Green Eletron,PEV fixo,Ativo,26/07/2023
3545704-000,2025,SP,Santa Albertina,3545704,ABREE,PEV fixo,Ativo,05/07/2024
4314902-006,2025,RS,Porto Alegre,4314902,ABREE,Campanha itinerante,Ativo,28/12/2020
3127339-003,2025,MG,Gameleiras,3127339,ABREE,PEV fixo,Ativo,07/11/2023
2407708-000,2025,RN,Montanhas,,ABREE,PEV fixo,Ativo,28/07/2021
3109709-000,2025,MG,Cachoeira de Minas,3109709,Green Eletron,PEV fixo,Ativo,18/04/2021
2103307-001,2025,MA,  Codó ,2103307,ABREE,PEV fixo,Ativo,09/03/2024
2703601-000,2025,AL,Japaratinga,2703601,ABREE,PEV fixo,Ativo,24/03/2021
2301604-006,2025,CE,Assaré,2301604,ABREE,PEV fixo,Ativo,03/07/2023
5202809-000,2025,GO,  Avelinópolis ,5202809,ABREE,PEV fixo,Ativo,17/03/2021
3102308-000,2025,MG,ALVINÓPOLIS,3102308,Green Eletron,PEV fixo,Ativo,28/02/2021
3550308-077,2025,SP,SÃO PAULO,3550308,ABREE,PEV fixo,Ativo,12/03/2019
3106200-114,2025,MG,BELO HORIZONTE,3106200,ABREE,PEV fixo,Ativo,01/08/2021
2304400-004,2025,CE,FORTALEZA,2304400,ABREE,PEV fixo,Ativo,06/02/2019
2611606-033,2025,PE,Recife,,Green Eletron,PEV fixo,Ativo,19/12/2021
5300108-066,2025,DF,Brasília,5300108,Sistema individual,PEV fixo,Ativo,22/05/2021
3529401-000,2025,SP,Mauá,3529401,ABREE,PEV fixo,Ativo,25/08/2025
2111300-026,2025,MA,São Luís,2111300,Green Eletron,PEV fixo,Ativo,20/08/2019
2107605-000,2025,MA,Palmeirândia,2107605,ABREE,PEV fixo,Ativo,23/12/2019
3555109-012,2025,SP,TUPI PAULISTA,3555109,Green Eletron,PEV fixo,Ativo,25/05/2022
3106200-251,2025,MG,Belo Horizonte,3106200,ABREE,PEV fixo,Ativo,14/06/2023
1600303-002,2025,AP,Macapá,1600303,ABREE,PEV fixo,Ativo,20/03/2023
2504157-000,2025,PB,Casserengue,2504157,Green Eletron,PEV fixo,Ativo,06/11/2021
3304557-186,2025,RJ,Rio de Janeiro,3304557,Green Eletron,PEV fixo,Ativo,03/07/2023
3550308-102,2025,SP,São Paulo,3550308,Green Eletron,Ponto de consolidação,Ativo,21/01/2019
3524402-003,2025,SP,Jacareí,3524402,ABREE,PEV fixo,Ativo,21/02/2022
3106200-078,2025,MG,  Belo Horizonte ,3106200,ABREE,Ponto de consolidação,Ativo,19/09/2020
4306809-000,2025,RS,ENCANTADO,4306809,Green Eletron,PEV fixo,Ativo,22/11/2019
4115739-001,2025,PR,Mato Rico,4115739,Sistema individual,PEV fixo,Ativo,15/07/2025
2210631-000,2025,PI,Sebastiao Leal,2210631,Green Eletron,PEV fixo,Ativo,17/10/2020
3538808-028,2025,SP,Piraju,3538808,ABREE,PEV fixo,Ativo,02/08/2022
3545803-004,2025,SP,SANTA BÁRBARA D'OESTE,3545803,ABREE,PEV fixo,Ativo,19/10/2024
3304557-222,2025,RJ,RIO DE JANEIRO,3304557,ABREE,Ponto de consolidação,Ativo,16/12/2024
3538808-003,2025,SP,Piraju,3538808,ABREE,PEV fixo,Ativo,23/02/2019
4217956-000,2025,SC,TIGRINHOS,4217956,ABREE,PEV fixo,Ativo,20/12/2019
5200100-000,2025,GO,Abadiânia,5200100,Sistema individual,PEV fixo,Ativo,07/09/2023
1711100-000,2025,TO,ITAPORÃ DO TOCANTINS,1711100,ABREE,PEV fixo,Ativo,03/03/2024
4320453-000,2025,RS,Sério,4320453,Green Eletron,Ponto de consolidação,Ativo,06/02/2019
1300706-002,2025,AM,BOCA DO ACRE,1300706,Green Eletron,PEV fixo,Ativo,21/03/2021
3164100-000,2025,MG,São Pedro do Suaçuí,3164100,ABREE,PEV fixo,Ativo,21/10/2020
4106902-062,2025,PR,Curitiba,4106902,Green Eletron,PEV fixo,Ativo,21/04/2022
4205407-062,2025,SC,Florianopolis,4205407,Green Eletron,PEV fixo,Ativo,09/05/2022
1504950-003,2025,PA,NOVA ESPERANÇA DO PIRIÁ,1504950,Green Eletron,PEV fixo,Ativo,06/02/2025
2304251-002,2025,CE,Cruz,2304251,ABREE,PEV fixo,Ativo,11/10/2019
2502003-000,2025,PB,BELÉM DO BREJO DO CRUZ,2502003,Green Eletron,PEV fixo,Ativo,12/02/2024
3142304-000,2025,MG,Moeda,3142304,ABREE,PEV fixo,Ativo,10/07/2019
3151701-000,2025,MG,POÇO FUNDO,3151701,Green Eletron,PEV fixo,Ativo,28/08/2024
2408102-002,2025,RN,Natal,2408102,Green Eletron,PEV fixo,Ativo,20/10/2020
3503950-000,2025,SP,Aspásia,3503950,ABREE,PEV fixo,Ativo,10/11/2021
2211001-014,2025,PI,Teresina,2211001,ABREE,PEV fixo,Ativo,27/08/2021
4209854-000,2025,SC,Lindoia do Sul,4209854,ABREE,PEV fixo,Ativo,23/11/2024
2706000-000,2025,AL,Olivença,2706000,Green Eletron,PEV fixo,Ativo,15/08/2025
3204302-000,2025,ES,Presidente Kennedy,3204302,ABREE,PEV fixo,Ativo,20/11/2022
2916906-000,2025,BA,ITIRUÇU,2916906,Green Eletron,PEV fixo,Ativo,09/06/2023
2921708-000,2025,BA,MORRO DO CHAPÉU,2921708,Green Eletron,PEV fixo,Ativo,28/12/2021
3114006-000,2025,MG,CARMO DA MATA,3114006,Green Eletron,PEV fixo,Ativo,05/12/2019
1505106-004,2025,PA,Óbidos,1505106,Green Eletron,PEV fixo,Ativo,19/06/2023
2507507-007,2025,PB,  João Pessoa ,2507507,Green Eletron,PEV fixo,Ativo,14/07/2020
5214507-000,2025,GO,Nerópolis,5214507,ABREE,PEV fixo,Ativo,07/09/2020
4211702-000,2025,SC,ORLEANS,4211702,ABREE,PEV fixo,Ativo,26/07/2019
2111300-055,2025,MA,SÃO LUÍS,2111300,ABREE,Ponto de consolidação,Ativo,13/06/2021
4205407-017,2025,SC,Florianópolis,4205407,Green Eletron,PEV fixo,Ativo,05/10/2019
3304557-111,2025,RJ,Rio de Janeiro,3304557,ABREE,PEV fixo,Ativo,17/12/2021
3550308-131,2025,SP,Sao Paulo,3550308,Green Eletron,PEV fixo,Ativo,22/09/2020
2408102-022,2025,RN,NATAL,2408102,Green Eletron,PEV fixo,Ativo,23/03/2023
3550308-036,2025,SP,SÃO PAULO,3550308,Sistema individual,PEV fixo,Ativo,09/03/2019
3117306-000,2025,MG,Conceição das Alagoas,3117306,ABREE,PEV fixo,Ativo,21/05/2020
2901908-002,2025,BA,Aporá,2901908,ABREE,PEV fixo,Ativo,16/12/2022
3112604-000,2025,MG,Capinópolis,3112604,ABREE,Ponto de consolidação,Ativo,13/08/2025
5209408-000,2025,GO,GUARANI DE GOIÁS,5209408,Green Eletron,PEV fixo,Ativo,22/12/2025
2903235-003,2025,BA,BARRO ALTO,2903235,Sistema individual,PEV fixo,Ativo,08/04/2023
3539400-000,2025,SP,Piratininga,3539400,Green Eletron,PEV fixo,Ativo,11/05/2021
2611606-084,2025,PE,RECIFE,2611606,ABREE,PEV fixo,Ativo,06/03/2023
1303304-000,2025,AM,  Novo Aripuanã ,1303304,ABREE,PEV fixo,Ativo,08/06/2019
3148301-000,2025,MG,Paula Cândido,3148301,Green Eletron,PEV fixo,Ativo,21/02/2021
2902203-000,2025,BA,Aramari,2902203,Green Eletron,PEV fixo,Ativo,15/10/2019
5300108-081,2025,DF,BRASÍLIA,5300108,ABREE,PEV fixo,Ativo,10/01/2022
3304508-004,2025,RJ,Rio das Flores,3304508,Green Eletron,PEV fixo,Ativo,08/03/2020
3550308-092,2025,SP,São Paulo,3550308,Green Eletron,PEV fixo,Ativo,16/12/2019
2904605-000,2025,BA,Brumado,2904605,ABREE,PEV fixo,Ativo,15/12/2022
3115607-000,2025,MG,CEDRO DO ABAETÉ,3115607,Green Eletron,PEV fixo,Ativo,10/08/2020
2512903-000,2025,PB,Rio Tinto,2512903,ABREE,PEV fixo,Ativo,04/03/2022
3303104-001,2025,RJ,Natividade,3303104,Green Eletron,PEV fixo,Ativo,17/05/2022
2916856-000,2025,BA,ITATIM,2916856,ABREE,Ponto de consolidação,Ativo,12/01/2024
3550308-189,2025,SP,São Paulo,3550308,ABREE,PEV fixo,Ativo,28/08/2021
2103307-000,2025,MA,Codó,2103307,ABREE,PEV fixo,Ativo,09/07/2021
3141702-000,2025,MG,Mesquita,3141702,ABREE,PEV fixo,Ativo,03/06/2021
4313490-000,2025,RS,NOVO BARREIRO,4313490,Green Eletron,PEV fixo,Ativo,09/11/2019
4127106-000,2025,PR,Telemaco Borba,4127106,ABREE,PEV fixo,Ativo,12/01/2025
3303302-002,2025,RJ,  Niterói ,3303302,Green Eletron,Campanha itinerante,Ativo,25/08/2020
3105707-001,2025,MG,Barra Longa,3105707,ABREE,PEV fixo,Ativo,06/11/2025
3304508-006,2025,RJ,Rio das Flores,3304508,ABREE,PEV fixo,Ativo,10/03/2021
3201407-000,2025,ES,Castelo,3201407,Green Eletron,PEV fixo,Ativo,28/08/2019
3503158-000,2025,SP,Arapei,3503158,Green Eletron,Campanha itinerante,Ativo,02/07/2021
3304557-048,2025,RJ,RIO DE JANEIRO,3304557,ABREE,PEV fixo,Ativo,02/11/2020
3301876-003,2025,RJ,Iguaba Grande,3301876,ABREE,Campanha itinerante,Ativo,13/11/2020
2402006-000,2025,RN,CAICÓ,2402006,Green Eletron,PEV fixo,Ativo,28/05/2023
3550308-229,2025,SP,São Paulo,3550308,Green Eletron,PEV fixo,Ativo,05/07/2021
4308409-000,2025,RS,FORMIGUEIRO,4308409,Green Eletron,PEV fixo,Ativo,20/10/2024
1712157-000,2025,TO,Lavandeira,1712157,ABREE,PEV fixo,Ativo,07/10/2024
3158706-000,2025,MG,Santana do Garambéu,3158706,ABREE,PEV fixo,Ativo,07/04/2020
3304557-007,2025,RJ,Rio de Janeiro,3304557,ABREE,PEV fixo,Ativo,16/07/2020
4322152-000,2025,RS,Tunas,4322152,Green Eletron,PEV fixo,Ativo,09/06/2023
2800308-021,2025,SE,Aracaju,2800308,ABREE,PEV fixo,Ativo,22/10/2022
3532306-006,2025,SP,Natividade da Serra,3532306,ABREE,PEV fixo,Ativo,12/08/2021
4313037-000,2025,RS,Nova Esperança do Sul,4313037,Green Eletron,PEV fixo,Ativo,06/02/2022
2504850-000,2025,PB,Coxixola,2504850,Green Eletron,PEV fixo,Ativo,22/11/2025
2309201-000,2025,CE,NOVA OLINDA,2309201,ABREE,PEV fixo,Ativo,24/02/2025
3556701-002,2025,SP,Vinhedo,3556701,ABREE,PEV fixo,Ativo,08/02/2024
2611606-063,2025,PE,  Recife ,2611606,ABREE,PEV fixo,Ativo,08/02/2022
3550100-000,2025,SP,São Manuel,3550100,Green Eletron,PEV fixo,Ativo,20/01/2023
4101903-000,2025,PR,Assaí,4101903,Green Eletron,PEV fixo,Ativo,01/10/2023
3550308-329,2025,SP,SÃO PAULO,3550308,ABREE,PEV fixo,Ativo,06/03/2023
3304557-164,2025,RJ,Rio de Janeiro,3304557,Green Eletron,PEV fixo,Ativo,12/08/2023
2917607-000,2025,BA,JAGUAQUARA,2917607,Green Eletron,PEV fixo,Ativo,27/07/2025
3131158-000,2025,MG,Ipaba,3131158,ABREE,PEV fixo,Ativo,03/06/2019
2931301-004,2025,BA,Tapiramutá,2931301,ABREE,PEV fixo,Ativo,10/12/2025
4128104-000,2025,PR,UMUARAMA,4128104,ABREE,PEV fixo,Ativo,04/02/2021
4314902-176,2025,RS,Porto Alegre,4314902,Sistema individual,PEV fixo,Ativo,16/04/2024
3144706-000,2025,MG,Nova Era,3144706,ABREE,Campanha itinerante,Ativo,05/07/2020
4209706-001,2025,SC,Lebon Régis,4209706,ABREE,PEV fixo,Ativo,16/02/2023
3300506-000,2025,RJ,BOM JARDIM,3300506,ABREE,Campanha itinerante,Ativo,15/03/2022
2104206-001,2025,MA,Fortuna,2104206,ABREE,PEV fixo,Ativo,17/11/2022
2200202-000,2025,PI,ÁGUA BRANCA,2200202,ABREE,PEV fixo,Ativo,10/04/2020
4322541-001,2025,RS,Vale Real,4322541,Green Eletron,PEV fixo,Ativo,04/12/2024
2304400-086,2025,CE,Fortaleza,2304400,Green Eletron,PEV fixo,Ativo,06/11/2022
3300936-000,2025,RJ,CARAPEBUS,3300936,Green Eletron,PEV fixo,Ativo,03/09/2022
4121406-000,2025,PR,Realeza,4121406,Green Eletron,PEV fixo,Ativo,12/10/2025
2204659-000,2025,PI,Ilha Grande,2204659,Green Eletron,PEV fixo,Ativo,21/09/2022
2800308-008,2025,SE,Aracaju,2800308,Green Eletron,PEV fixo,Ativo,26/07/2020
3506706-000,2025,SP,BOA ESPERANÇA DO SUL,3506706,Green Eletron,PEV fixo,Ativo,28/08/2022
4112207-002,2025,PR,JANIÓPOLIS,4112207,Green Eletron,PEV fixo,Ativo,04/07/2024
3506904-004,2025,SP,BOFETE,3506904,ABREE,Campanha itinerante,Ativo,13/05/2023
3541000-001,2025,SP,Praia Grande,3541000,Sistema individual,PEV fixo,Ativo,09/10/2023
4321832-000,2025,RS,Três Forquilhas,4321832,Sistema individual,PEV fixo,Ativo,25/07/2021
3304557-082,2025,RJ,Rio de Janeiro,3304557,Sistema individual,Campanha itinerante,Ativo,25/09/2021
2501302-000,2025,PB,Aroeiras,2501302,ABREE,Campanha itinerante,Ativo,26/05/2025
2516904-000,2025,PB,Uirauna,2516904,ABREE,Campanha itinerante,Ativo,25/03/2025
4311239-000,2025,RS,LAGOA BONITA DO SUL,4311239,Green Eletron,PEV fixo,Ativo,07/09/2024
2308302-000,2025,CE,Milagres,2308302,Green Eletron,PEV fixo,Ativo,12/09/2022
2922904-000,2025,BA,Nova Soure,2922904,Green Eletron,PEV fixo,Ativo,15/10/2024
2200509-000,2025,PI,Amarante,2200509,ABREE,PEV fixo,Ativo,14/01/2025
3136579-002,2025,MG,Josenópolis,3136579,ABREE,PEV fixo,Ativo,08/03/2021
3550308-096,2025,SP,São Paulo,3550308,Green Eletron,PEV fixo,Ativo,07/06/2019
2927408-023,2025,BA,  Salvador ,2927408,ABREE,PEV fixo,Ativo,18/02/2019
3551306-002,2025,SP,Sebastianópolis do Sul,3551306,Sistema individual,PEV fixo,Ativo,15/09/2019
4205407-061,2025,SC,Florianopolis,4205407,Green Eletron,PEV fixo,Ativo,20/12/2022
3106200-145,2025,MG,Belo Horizonte,3106200,ABREE,PEV fixo,Ativo,27/08/2021
2304400-063,2025,CE,Fortaleza,2304400,ABREE,PEV fixo,Ativo,04/06/2021
4310207-010,2025,RS,Ijuí,4310207,ABREE,PEV fixo,Ativo,11/10/2022
3547007-000,2025,SP,Santa Maria da Serra,3547007,ABREE,PEV fixo,Ativo,16/10/2025
5005152-001,2025,MS,JUTI,5005152,Green Eletron,PEV fixo,Ativo,17/03/2022
4314902-056,2025,RS,PORTO ALEGRE,4314902,ABREE,Ponto de consolidação,Ativo,21/05/2021
4319505-000,2025,RS,SÃO SEBASTIÃO DO CAÍ,4319505,ABREE,PEV fixo,Ativo,22/03/2024
2210052-000,2025,PI,São José do Divino,,ABREE,PEV fixo,Ativo,02/02/2019
3305901-000,2025,RJ,Trajano de Moraes,3305901,Sistema individual,PEV fixo,Ativo,04/05/2024
3132404-000,2025,MG,Itajubá,3132404,ABREE,PEV fixo,Ativo,27/05/2023
4301552-000,2025,RS,Aurea,4301552,Green Eletron,Campanha itinerante,Ativo,11/09/2021
3113701-000,2025,MG,CARLOS CHAGAS,3113701,Green Eletron,Ponto de consolidação,Ativo,23/01/2024
3106200-287,2025,MG,  Belo Horizonte ,3106200,ABREE,PEV fixo,Ativo,08/04/2024
2807402-002,2025,SE,Tobias Barreto,2807402,ABREE,PEV fixo,Ativo,28/09/2025
3113107-000,2025,MG,Caranaíba,3113107,ABREE,PEV fixo,Ativo,16/09/2023
4323457-000,2025,RS,VILA NOVA DO SUL,4323457,Green Eletron,PEV fixo,Ativo,15/06/2020
2314003-000,2025,CE,Varzea Alegre,2314003,ABREE,PEV fixo,Ativo,23/09/2020
4322186-000,2025,RS,Tupanci do Sul,4322186,Green Eletron,PEV fixo,Ativo,24/09/2019
3304557-113,2025,RJ,  Rio de Janeiro ,3304557,Green Eletron,PEV fixo,Ativo,12/08/2022
3147709-000,2025,MG,Passa Tempo,3147709,ABREE,PEV fixo,Ativo,25/10/2022
2111300-089,2025,MA,São Luís,2111300,Green Eletron,PEV fixo,Ativo,28/12/2022
2401651-000,2025,RN,Bodó,2401651,Green Eletron,PEV fixo,Ativo,01/10/2019
2510907-000,2025,PB,PAULISTA,2510907,ABREE,PEV fixo,Ativo,06/04/2025
2200608-000,2025,PI,Angical do Piauí,2200608,ABREE,Campanha itinerante,Ativo,11/10/2023
3514403-000,2025,SP,DRACENA,3514403,ABREE,PEV fixo,Ativo,19/10/2019
1508001-003,2025,PA,Tomé-Açu,1508001,ABREE,PEV fixo,Ativo,13/03/2024
2113009-000,2025,MA,Vitorino Freire,2113009,Green Eletron,Ponto de consolidação,Ativo,08/05/2020
3167905-000,2025,MG,Tabuleiro,3167905,Green Eletron,PEV fixo,Ativo,08/07/2019
2611606-011,2025,PE,  Recife ,2611606,Green Eletron,PEV fixo,Ativo,19/07/2020
3525201-000,2025,SP,JARINU,3525201,ABREE,PEV fixo,Ativo,24/12/2020
4205407-053,2025,SC,Florianópolis,4205407,ABREE,PEV fixo,Ativo,26/06/2021
3302700-000,2025,RJ,Maricá,3302700,Green Eletron,PEV fixo,Ativo,20/07/2019
2602704-000,2025,PE,BUENOS AIRES,2602704,ABREE,PEV fixo,Ativo,19/03/2021
2408102-000,2025,RN,NATAL,2408102,Green Eletron,PEV fixo,Ativo,17/01/2020
3125606-000,2025,MG,FELISBURGO,3125606,ABREE,PEV fixo,Ativo,20/09/2019
3554607-000,2025,SP,Timburi,3554607,ABREE,PEV fixo,Ativo,01/01/2025
3550308-318,2025,SP,SÃO PAULO,3550308,Green Eletron,PEV fixo,Ativo,12/01/2022
2902252-000,2025,BA,ARATACA,2902252,Green Eletron,Ponto de consolidação,Ativo,06/06/2024
1100064-000,2025,RO,Colorado do Oeste,1100064,ABREE,PEV fixo,Ativo,11/07/2025
2100055-000,2025,MA,Açailândia,2100055,ABREE,PEV fixo,Ativo,27/02/2024
1300508-000,2025,AM,Barreirinha,1300508,ABREE,PEV fixo,Ativo,13/06/2019
4220000-001,2025,SC,Balneário Rincão,4220000,Green Eletron,PEV fixo,Ativo,06/07/2021
3530102-006,2025,SP,MIRANDÓPOLIS,3530102,Green Eletron,PEV fixo,Ativo,09/11/2023
2208106-001,2025,PI,Pimenteiras,2208106,Green Eletron,PEV fixo,Ativo,06/10/2025
4314902-019,2025,RS,Porto Alegre,4314902,Green Eletron,PEV fixo,Ativo,06/02/2020
3201001-001,2025,ES,BOA ESPERANÇA,3201001,ABREE,PEV fixo,Ativo,28/11/2022
3304557-020,2025,RJ,Rio de Janeiro,3304557,Green Eletron,PEV fixo,Ativo,16/08/2020
2309904-001,2025,CE,Pacujá,2309904,ABREE,PEV fixo,Ativo,12/12/2019
4314902-027,2025,RS,PORTO ALEGRE,4314902,ABREE,PEV fixo,Ativo,02/01/2020
4314902-106,2025,RS,Porto Alegre,4314902,ABREE,PEV fixo,Ativo,06/05/2022
4315552-000,2025,RS,Rio dos Índios,4315552,Green Eletron,PEV fixo,Ativo,01/03/2019
5209457-000,2025,GO,Guarinos,5209457,Green Eletron,PEV fixo,Ativo,06/08/2022
3202504-000,2025,ES,Ibiraçu,3202504,ABREE,PEV fixo,Ativo,06/12/2023
5209606-000,2025,GO,Heitoraí,5209606,ABREE,PEV fixo,Ativo,12/06/2019
2301604-007,2025,CE,Assaré,2301604,Green Eletron,PEV fixo,Ativo,19/03/2023
4124103-000,2025,PR,Santo Antônio da Platina,4124103,Green Eletron,PEV fixo,Ativo,13/11/2019
3304557-101,2025,RJ,Rio de Janeiro,3304557,ABREE,PEV fixo,Ativo,23/01/2021
3160207-001,2025,MG,Santo Antônio do Itambé,3160207,Green Eletron,PEV fixo,Ativo,16/02/2019
3532900-008,2025,SP,Nova Europa,3532900,Green Eletron,PEV fixo,Ativo,21/06/2020
3165701-000,2025,MG,Senador Firmino,3165701,ABREE,Ponto de consolidação,Ativo,08/06/2023
2930154-000,2025,BA,Serra do Ramalho,2930154,ABREE,PEV fixo,Ativo,15/08/2019
2927408-046,2025,BA,Salvador,2927408,ABREE,PEV fixo,Ativo,13/04/2020
2800308-016,2025,SE,Aracaju,2800308,ABREE,PEV fixo,Ativo,23/08/2021
2933307-000,2025,BA,VITÓRIA DA CONQUISTA,2933307,Green Eletron,PEV fixo,Ativo,17/02/2019
4205407-031,2025,SC,Florianopolis,4205407,ABREE,Ponto de consolidação,Ativo,11/07/2020
3300803-000,2025,RJ,Cachoeiras de Macacu,3300803,ABREE,PEV fixo,Ativo,28/01/2020
4207759-000,2025,SC,Iraceminha,4207759,Green Eletron,PEV fixo,Ativo,10/08/2019
2300705-002,2025,CE,Alto Santo,2300705,ABREE,PEV fixo,Ativo,22/08/2020
5004007-000,2025,MS,Glória de Dourados,5004007,ABREE,PEV fixo,Ativo,24/06/2023
4314902-156,2025,RS,  Porto Alegre ,4314902,Green Eletron,PEV fixo,Ativo,06/06/2023
3106200-180,2025,MG,Belo Horizonte,3106200,Green Eletron,PEV fixo,Ativo,08/10/2022
4114005-000,2025,PR,Mambore,4114005,ABREE,PEV fixo,Ativo,27/10/2023
2611606-095,2025,PE,Recife,2611606,ABREE,PEV fixo,Ativo,28/03/2024
2611606-004,2025,PE,RECIFE,2611606,ABREE,PEV fixo,Ativo,23/04/2020
3545100-001,2025,SP,  Salmourão ,3545100,Green Eletron,PEV fixo,Ativo,18/01/2022
3106200-050,2025,MG,Belo Horizonte,3106200,ABREE,PEV fixo,Ativo,04/10/2020
2610905-000,2025,PE,Pesqueira,2610905,ABREE,PEV fixo,Ativo,01/06/2022
2605202-000,2025,PE,Escada,2605202,ABREE,PEV fixo,Ativo,14/07/2019
1721000-009,2025,TO,Palmas,1721000,Green Eletron,PEV fixo,Ativo,09/12/2022
5208707-008,2025,GO,Goiânia,5208707,ABREE,PEV fixo,Ativo,24/07/2020
5002902-003,2025,MS,CASSILÂNDIA,5002902,ABREE,PEV fixo,Ativo,07/06/2024
1501402-022,2025,PA,Belém,1501402,Green Eletron,PEV fixo,Ativo,25/02/2022
5219100-001,2025,GO,Santa Bárbara de Goiás,5219100,ABREE,PEV fixo,Ativo,15/10/2025
3534302-000,2025,SP,Orlândia,3534302,ABREE,PEV fixo,Ativo,20/01/2022
2914802-000,2025,BA,Itabuna,2914802,ABREE,PEV fixo,Ativo,27/04/2025
4210308-000,2025,SC,Major Vieira,4210308,ABREE,PEV fixo,Ativo,18/07/2020
2200400-000,2025,PI,Altos,2200400,ABREE,PEV fixo,Ativo,22/09/2021
4205407-072,2025,SC,Florianópolis,4205407,Green Eletron,PEV fixo,Ativo,06/02/2022
3525508-000,2025,SP,Joanópolis,3525508,Green Eletron,PEV fixo,Ativo,02/01/2022
1721208-000,2025,TO,Tocantinópolis,1721208,ABREE,PEV fixo,Ativo,14/10/2024
3519253-000,2025,SP,Iaras,3519253,ABREE,PEV fixo,Ativo,17/12/2022
4205407-001,2025,SC,  Florianópolis ,4205407,Green Eletron,Campanha itinerante,Ativo,11/12/2019
2304400-088,2025,CE,Fortaleza,2304400,ABREE,Campanha itinerante,Ativo,26/01/2022
5201603-000,2025,GO,Araçu,5201603,Green Eletron,PEV fixo,Ativo,20/04/2024
2927408-120,2025,BA,SALVADOR,2927408,Green Eletron,PEV fixo,Ativo,19/03/2022
3169307-006,2025,MG,Três Corações,3169307,Green Eletron,PEV fixo,Ativo,25/08/2023
4106902-082,2025,PR,Curitiba,,Green Eletron,PEV fixo,Ativo,14/04/2023
3106200-206,2025,MG,BELO HORIZONTE,3106200,ABREE,PEV fixo,Ativo,01/07/2022
5218052-001,2025,GO,Porteirão,5218052,ABREE,PEV fixo,Ativo,11/07/2020
5300108-013,2025,DF,BRASÍLIA,5300108,ABREE,PEV fixo,Ativo,17/04/2019
3546702-002,2025,SP,SANTA GERTRUDES,,ABREE,Campanha itinerante,Ativo,26/06/2024
2500205-000,2025,PB,Aguiar,2500205,ABREE,PEV fixo,Ativo,10/11/2020
1501402-006,2025,PA,Belém,1501402,Green Eletron,PEV fixo,Ativo,01/08/2020
5300108-046,2025,DF,Brasilia,5300108,ABREE,PEV fixo,Ativo,14/12/2020
3507209-000,2025,SP,Bora,3507209,ABREE,Ponto de consolidação,Ativo,20/01/2020
3549508-007,2025,SP,Sao Jose da Bela Vista,3549508,ABREE,PEV fixo,Ativo,20/09/2022
2304400-079,2025,CE,  Fortaleza ,2304400,Green Eletron,Ponto de consolidação,Ativo,12/08/2022
3145604-000,2025,MG,Oliveira,3145604,Green Eletron,PEV fixo,Inativo,21/06/2024
5104526-000,2025,MT,Ipiranga do Norte,5104526,ABREE,PEV fixo,Ativo,07/08/2020
3526803-006,2025,SP,LENÇÓIS PAULISTA,3526803,Green Eletron,PEV fixo,Ativo,08/04/2022
3106200-102,2025,MG,  Belo Horizonte ,3106200,Sistema individual,PEV fixo,Ativo,28/01/2021
3110707-000,2025,MG,  Cambuquira ,3110707,Sistema individual,PEV fixo,Ativo,15/04/2019
4106902-056,2025,PR,Curitiba,4106902,Sistema individual,PEV fixo,Ativo,21/11/2022
3538808-007,2025,SP,Piraju,3538808,ABREE,PEV fixo,Ativo,11/09/2019
3104205-000,2025,MG,Arcos,3104205,Green Eletron,PEV fixo,Ativo,04/11/2025
2106631-000,2025,MA,MATÕES DO NORTE,2106631,ABREE,PEV fixo,Ativo,03/01/2023
3106200-168,2025,MG,Belo Horizonte,3106200,Green Eletron,PEV fixo,Ativo,20/09/2022
3122801-000,2025,MG,Dom Viçoso,3122801,Green Eletron,PEV fixo,Ativo,13/09/2023
2408102-012,2025,RN,Natal,2408102,Green Eletron,PEV fixo,Ativo,28/05/2021
2111300-079,2025,MA,  São Luís ,2111300,ABREE,PEV fixo,Ativo,24/09/2022
3303302-011,2025,RJ,Niterói,3303302,Sistema individual,PEV fixo,Ativo,14/12/2022
3550308-151,2025,SP,SÃO PAULO,3550308,Green Eletron,Campanha itinerante,Ativo,12/08/2020
3140001-000,2025,MG,MARIANA,3140001,Green Eletron,PEV fixo,Ativo,22/04/2021
3550308-238,2025,SP,São Paulo,3550308,ABREE,PEV fixo,Ativo,22/11/2021
3153202-000,2025,MG,Presidente Juscelino,3153202,Green Eletron,PEV fixo,Ativo,07/06/2025
3107604-000,2025,MG,Bom Jesus da Penha,3107604,Green Eletron,Campanha itinerante,Ativo,11/10/2022
4200804-001,2025,SC,ANCHIETA,4200804,Green Eletron,Campanha itinerante,Ativo,27/06/2025
5300108-006,2025,DF,Brasília,5300108,Green Eletron,PEV fixo,Ativo,25/08/2019
3502606-001,2025,SP,  Aparecida d'Oeste ,3502606,ABREE,PEV fixo,Ativo,11/06/2022
2930774-001,2025,BA,Sobradinho,2930774,Green Eletron,PEV fixo,Ativo,18/08/2023
3503703-008,2025,SP,Ariranha,3503703,Green Eletron,PEV fixo,Ativo,09/03/2023
3301108-006,2025,RJ,  Cantagalo ,3301108,ABREE,PEV fixo,Ativo,05/03/2020
3553906-000,2025,SP,Tarabai,3553906,ABREE,PEV fixo,Ativo,15/03/2025
1718550-000,2025,TO,Riachinho,1718550,Green Eletron,PEV fixo,Inativo,20/11/2020
3555109-005,2025,SP,Tupi Paulista,3555109,Green Eletron,PEV fixo,Ativo,22/02/2020
4220000-005,2025,SC,  Balneário Rincão ,4220000,ABREE,PEV fixo,Ativo,17/03/2025
3549250-002,2025,SP,SÃO JOÃO DE IRACEMA,3549250,ABREE,PEV fixo,Ativo,17/05/2020
2917904-000,2025,BA,Jandaíra,2917904,Green Eletron,PEV fixo,Ativo,03/06/2019
3121308-000,2025,MG,Descoberto,3121308,Sistema individual,PEV fixo,Ativo,05/01/2020
5100300-000,2025,MT,ALTO ARAGUAIA,5100300,Green Eletron,PEV fixo,Ativo,21/03/2020
3525607-002,2025,SP,Joao Ramalho,3525607,Green Eletron,PEV fixo,Ativo,17/09/2020
3106200-122,2025,MG,Belo Horizonte,3106200,ABREE,Ponto de consolidação,Ativo,25/04/2021
3550308-299,2025,SP,SÃO PAULO,3550308,Green Eletron,Ponto de consolidação,Ativo,27/02/2022
1718865-000,2025,TO,Santa Fé do Araguaia,1718865,ABREE,Ponto de consolidação,Ativo,26/11/2019
4314902-113,2025,RS,PORTO ALEGRE,4314902,Green Eletron,PEV fixo,Ativo,24/09/2022
2615102-003,2025,PE,Terezinha,2615102,ABREE,Campanha itinerante,Ativo,18/07/2020
3202454-003,2025,ES,Ibatiba,3202454,Green Eletron,PEV fixo,Ativo,06/05/2022
1508209-004,2025,PA,Vigia,1508209,Green Eletron,PEV fixo,Ativo,08/09/2020
2311603-000,2025,CE,Redenção,2311603,ABREE,PEV fixo,Ativo,25/06/2025
4207908-000,2025,SC,IRINEÓPOLIS,4207908,ABREE,Ponto de consolidação,Ativo,26/01/2022
4219853-001,2025,SC,Zortea,4219853,ABREE,PEV fixo,Ativo,17/06/2023
1703107-000,2025,TO,Barrolândia,1703107,ABREE,Ponto de consolidação,Ativo,07/11/2021
2513901-000,2025,PB,  São Bento ,2513901,ABREE,PEV fixo,Ativo,09/09/2020
3106200-238,2025,MG,BELO HORIZONTE,3106200,Green Eletron,Campanha itinerante,Ativo,07/10/2023
3121001-000,2025,MG,Datas,3121001,ABREE,PEV fixo,Ativo,04/11/2019
2208106-000,2025,PI,Pimenteiras,2208106,Green Eletron,Campanha itinerante,Ativo,21/11/2022
3203353-000,2025,ES,MARILÂNDIA,3203353,Green Eletron,Ponto de consolidação,Ativo,18/07/2024
1508001-005,2025,PA,Tomé-Açu,1508001,ABREE,PEV fixo,Ativo,03/04/2025
2913804-000,2025,BA,Ipecaetá,2913804,Green Eletron,Ponto de consolidação,Ativo,08/11/2021
3304557-142,2025,RJ,Rio de Janeiro,3304557,Green Eletron,PEV fixo,Ativo,18/08/2022
4303202-000,2025,RS,  Cacique Doble ,4303202,ABREE,PEV fixo,Ativo,01/12/2021
1504455-000,2025,PA,Medicilândia,1504455,Green Eletron,PEV fixo,Ativo,07/04/2025
3170578-000,2025,MG,Vargem Alegre,3170578,ABREE,PEV fixo,Ativo,28/07/2024
2301604-002,2025,CE,Assaré,2301604,ABREE,PEV fixo,Ativo,10/12/2020
2304400-077,2025,CE,Fortaleza,,ABREE,Ponto de consolidação,Ativo,10/05/2022
3550308-160,2025,SP,São Paulo,3550308,ABREE,PEV fixo,Ativo,24/12/2020
5107909-000,2025,MT,Sinop,5107909,Green Eletron,PEV fixo,Ativo,17/10/2019
4106902-081,2025,PR,Curitiba,4106902,Green Eletron,PEV fixo,Ativo,27/08/2023
3161007-000,2025,MG,  São Domingos do Prata ,3161007,Green Eletron,PEV fixo,Ativo,09/01/2019
3550308-297,2025,SP,Sao Paulo,3550308,Green Eletron,PEV fixo,Ativo,24/09/2022
2407005-000,2025,RN,Luís Gomes,2407005,ABREE,PEV fixo,Ativo,14/08/2023
3106200-302,2025,MG,Belo Horizonte,3106200,Green Eletron,Ponto de consolidação,Ativo,15/11/2024
2806305-001,2025,SE,Santa Luzia do Itanhy,2806305,ABREE,PEV fixo,Ativo,06/01/2023
3550308-114,2025,SP,São Paulo,3550308,ABREE,PEV fixo,Ativo,21/07/2020
3302908-004,2025,RJ,Miguel Pereira,3302908,Green Eletron,PEV fixo,Ativo,08/08/2021
3169505-000,2025,MG,Tumiritinga,3169505,ABREE,PEV fixo,Ativo,18/02/2019
3302403-007,2025,RJ,Macaé,3302403,Green Eletron,PEV fixo,Ativo,02/04/2020
4310207-009,2025,RS,Ijui,4310207,ABREE,PEV fixo,Ativo,15/04/2022
4219853-000,2025,SC,Zortea,4219853,ABREE,Ponto de consolidação,Ativo,07/11/2021
4118303-000,2025,PR,Paranapoema,4118303,Green Eletron,PEV fixo,Ativo,05/07/2023
5300108-021,2025,DF,Brasília,5300108,ABREE,PEV fixo,Ativo,15/05/2019
2605152-002,2025,PE,  Dormentes ,2605152,Green Eletron,PEV fixo,Ativo,05/10/2022
3512001-006,2025,SP,COLINA,3512001,ABREE,PEV fixo,Ativo,22/10/2024
3530409-003,2025,SP,Mirassolândia,3530409,ABREE,PEV fixo,Ativo,25/01/2025
3521002-000,2025,SP,  Iperó ,3521002,ABREE,PEV fixo,Ativo,28/10/2023
1302603-009,2025,AM,Manaus,1302603,ABREE,PEV fixo,Ativo,17/11/2022
3156304-000,2025,MG,RODEIRO,3156304,Green Eletron,PEV fixo,Ativo,05/09/2022
2513851-000,2025,PB,Santo André,2513851,ABREE,Ponto de consolidação,Ativo,13/12/2021
3103108-000,2025,MG,Antônio Prado de Minas,,ABREE,PEV fixo,Ativo,22/11/2019
4313334-002,2025,RS,NOVA RAMADA,,Green Eletron,PEV fixo,Ativo,02/09/2020
3524105-000,2025,SP,ITUVERAVA,3524105,ABREE,PEV fixo,Ativo,15/01/2021
1503705-001,2025,PA,  Itupiranga ,1503705,ABREE,PEV fixo,Ativo,20/09/2025
2211001-025,2025,PI,Teresina,2211001,Green Eletron,PEV fixo,Ativo,04/09/2023
3501103-001,2025,SP,ALTO ALEGRE,3501103,Green Eletron,PEV fixo,Ativo,27/07/2020
3303005-003,2025,RJ,Miracema,3303005,Green Eletron,PEV fixo,Ativo,14/11/2024
2211001-015,2025,PI,TERESINA,2211001,Green Eletron,PEV fixo,Ativo,25/05/2021
2111300-099,2025,MA,São Luís,2111300,ABREE,PEV fixo,Ativo,18/03/2023
3137809-000,2025,MG,LAMBARI,3137809,ABREE,PEV fixo,Ativo,03/02/2019
4111803-000,2025,PR,Jacarezinho,4111803,Sistema individual,PEV fixo,Inativo,06/09/2022
3106200-191,2025,MG,Belo Horizonte,3106200,Sistema individual,PEV fixo,Ativo,28/02/2022
2923605-000,2025,BA,Paramirim,2923605,Green Eletron,PEV fixo,Ativo,13/01/2019
3304557-051,2025,RJ,Rio de Janeiro,3304557,ABREE,PEV fixo,Ativo,01/10/2020
4121000-000,2025,PR,Querência do Norte,4121000,Green Eletron,PEV fixo,Ativo,20/04/2025
3130408-001,2025,MG,IJACI,3130408,Green Eletron,PEV fixo,Ativo,27/05/2020
4314175-000,2025,RS,Pedras Altas,4314175,Green Eletron,PEV fixo,Ativo,06/12/2022
4321352-000,2025,RS,Tavares,4321352,ABREE,PEV fixo,Ativo,18/04/2020
3536901-000,2025,SP,PEDRANÓPOLIS,3536901,Green Eletron,Ponto de consolidação,Ativo,11/06/2020
3125002-000,2025,MG,Ewbank da Câmara,3125002,Green Eletron,PEV fixo,Ativo,26/02/2024
4205407-044,2025,SC,  Florianópolis ,4205407,ABREE,Ponto de consolidação,Ativo,14/05/2021
3556206-000,2025,SP,Valinhos,3556206,ABREE,PEV fixo,Ativo,01/10/2020
3532306-001,2025,SP,Natividade da Serra,3532306,ABREE,PEV fixo,Ativo,01/07/2020
2309805-000,2025,CE,Pacoti,2309805,ABREE,Campanha itinerante,Ativo,24/03/2020
3550308-296,2025,SP,Sao Paulo,3550308,Sistema individual,PEV fixo,Ativo,25/03/2022
5219357-000,2025,GO,Santa Isabel,5219357,ABREE,PEV fixo,Ativo,15/06/2020
3542503-001,2025,SP,  Reginópolis ,3542503,ABREE,PEV fixo,Ativo,04/11/2024
3111002-000,2025,MG,CAMPESTRE,3111002,ABREE,PEV fixo,Ativo,16/03/2019
3106200-222,2025,MG,Belo Horizonte,3106200,Green Eletron,Campanha itinerante,Ativo,21/08/2023
3537107-000,2025,SP,Pedreira,3537107,Green Eletron,PEV fixo,Ativo,15/04/2023
3550308-193,2025,SP,São Paulo,3550308,ABREE,Campanha itinerante,Ativo,09/08/2021
3136504-000,2025,MG,JORDÂNIA,3136504,ABREE,Ponto de consolidação,Ativo,17/05/2023
5005152-000,2025,MS,Juti,5005152,Green Eletron,PEV fixo,Ativo,23/10/2019
5108402-000,2025,MT,Várzea Grande,5108402,Green Eletron,PEV fixo,Ativo,16/06/2024
2902807-000,2025,BA,  Barra da Estiva ,2902807,ABREE,PEV fixo,Ativo,26/08/2021
4306734-000,2025,RS,Doutor Maurício Cardoso,4306734,ABREE,PEV fixo,Ativo,01/04/2019
5220504-000,2025,GO,Serranópolis,5220504,ABREE,PEV fixo,Ativo,01/06/2022
3201001-002,2025,ES,Boa Esperança,3201001,ABREE,Campanha itinerante,Ativo,19/08/2023
3519253-002,2025,SP,IARAS,3519253,Green Eletron,PEV fixo,Ativo,28/06/2024
2100600-000,2025,MA,Amarante do Maranhao,2100600,ABREE,Ponto de consolidação,Ativo,17/12/2020
2108207-000,2025,MA,PEDREIRAS,2108207,ABREE,PEV fixo,Ativo,19/03/2024
3532009-001,2025,SP,MORUNGABA,3532009,Sistema individual,Campanha itinerante,Ativo,10/11/2019
4314902-174,2025,RS,Porto Alegre,4314902,Sistema individual,PEV fixo,Ativo,23/05/2024
4111001-000,2025,PR,Itambaraca,4111001,Green Eletron,PEV fixo,Ativo,23/03/2025
1502152-000,2025,PA,CANAÃ DOS CARAJÁS,1502152,ABREE,PEV fixo,Ativo,25/02/2023
2927408-058,2025,BA,Salvador,2927408,Green Eletron,PEV fixo,Ativo,21/12/2020
3302403-003,2025,RJ,MACAÉ,3302403,ABREE,PEV fixo,Ativo,15/06/2019
3301876-001,2025,RJ,Iguaba Grande,3301876,ABREE,PEV fixo,Ativo,26/09/2020
2805000-001,2025,SE,Pedra Mole,2805000,Green Eletron,PEV fixo,Ativo,27/03/2023
2920502-005,2025,BA,Maracás,2920502,ABREE,PEV fixo,Ativo,13/10/2024
4320107-000,2025,RS,SARANDI,4320107,Green Eletron,PEV fixo,Ativo,23/09/2025
2304400-058,2025,CE,FORTALEZA,2304400,Sistema individual,Campanha itinerante,Ativo,19/10/2021
3113305-000,2025,MG,CARANGOLA,3113305,Green Eletron,PEV fixo,Ativo,22/07/2024
4205407-075,2025,SC,Florianópolis,4205407,ABREE,PEV fixo,Ativo,04/06/2022
3304557-046,2025,RJ,Rio de Janeiro,3304557,ABREE,Campanha itinerante,Ativo,21/09/2020
4112207-000,2025,PR,JANIÓPOLIS,4112207,ABREE,PEV fixo,Ativo,25/07/2022
3106200-066,2025,MG,Belo Horizonte,3106200,Green Eletron,PEV fixo,Ativo,25/02/2020
2800308-010,2025,SE,  Aracaju ,2800308,Green Eletron,Ponto de consolidação,Ativo,16/01/2020
4315800-001,2025,RS,Roca Sales,4315800,ABREE,PEV fixo,Ativo,09/04/2022
3550308-308,2025,SP,São Paulo,3550308,Green Eletron,PEV fixo,Ativo,16/05/2022
3538808-032,2025,SP,Piraju,3538808,Green Eletron,PEV fixo,Ativo,15/03/2022
4201109-001,2025,SC,Anitápolis,4201109,ABREE,PEV fixo,Ativo,09/11/2023
3304557-029,2025,RJ,Rio de Janeiro,3304557,ABREE,PEV fixo,Ativo,15/09/2020
3550308-068,2025,SP,São Paulo,3550308,Green Eletron,PEV fixo,Ativo,28/11/2019
3532009-016,2025,SP,Morungaba,3532009,Green Eletron,PEV fixo,Ativo,19/06/2023
3507308-000,2025,SP,BORACÉIA,3507308,ABREE,PEV fixo,Ativo,19/09/2024
3106200-049,2025,MG,BELO HORIZONTE,3106200,Green Eletron,PEV fixo,Ativo,04/12/2020
2112605-002,2025,MA,URBANO SANTOS,2112605,ABREE,Campanha itinerante,Ativo,27/11/2024
3510302-000,2025,SP,  Capela do Alto ,3510302,ABREE,PEV fixo,Ativo,06/02/2021
2411007-000,2025,RN,Rodolfo Fernandes,2411007,ABREE,PEV fixo,Ativo,10/06/2023
2111300-092,2025,MA,São Luís,2111300,Sistema individual,Ponto de consolidação,Ativo,04/02/2022
5300108-053,2025,DF,  Brasília ,5300108,Green Eletron,PEV fixo,Ativo,27/08/2021
1505700-004,2025,PA,Ponta de Pedras,1505700,ABREE,PEV fixo,Ativo,25/08/2023
2901908-000,2025,BA,Aporá,2901908,Sistema individual,Ponto de consolidação,Inativo,08/12/2021
3549250-005,2025,SP,São João de Iracema,3549250,Green Eletron,PEV fixo,Ativo,23/06/2022
2927408-094,2025,BA,Salvador,2927408,Green Eletron,PEV fixo,Inativo,13/11/2021
5209705-000,2025,GO,HIDROLÂNDIA,5209705,ABREE,PEV fixo,Ativo,27/12/2022
2901304-000,2025,BA,ANDARAÍ,2901304,Green Eletron,PEV fixo,Ativo,16/10/2020
5106216-000,2025,MT,  Nova Canaã do Norte ,5106216,ABREE,PEV fixo,Ativo,13/04/2019
3106200-296,2025,MG,Belo Horizonte,3106200,Green Eletron,PEV fixo,Ativo,23/05/2024
3542107-000,2025,SP,Rafard,3542107,Green Eletron,PEV fixo,Ativo,11/03/2023
3517703-004,2025,SP,GUARÁ,3517703,Green Eletron,PEV fixo,Ativo,08/07/2023
3522307-002,2025,SP,ITAPETININGA,3522307,Green Eletron,PEV fixo,Ativo,24/06/2025
3106200-174,2025,MG,BELO HORIZONTE,3106200,Green Eletron,PEV fixo,Ativo,17/06/2022
3538808-012,2025,SP,Piraju,3538808,Sistema individual,Campanha itinerante,Ativo,28/04/2020
3526803-005,2025,SP,  Lençóis Paulista ,3526803,ABREE,PEV fixo,Ativo,24/01/2021
3106200-001,2025,MG,BELO HORIZONTE,3106200,ABREE,Ponto de consolidação,Ativo,14/09/2020
2909901-000,2025,BA,Curaçá,2909901,ABREE,PEV fixo,Ativo,14/12/2020
2604908-000,2025,PE,Cumaru,2604908,Green Eletron,PEV fixo,Ativo,28/01/2024
4314902-028,2025,RS,Porto Alegre,4314902,ABREE,PEV fixo,Ativo,04/02/2020
3546207-000,2025,SP,Santa Cruz da Conceicao,3546207,Green Eletron,PEV fixo,Ativo,14/01/2021
1300706-006,2025,AM,BOCA DO ACRE,1300706,ABREE,PEV fixo,Ativo,23/05/2023
2910909-000,2025,BA,FIRMINO ALVES,2910909,Green Eletron,PEV fixo,Ativo,03/12/2020
1507300-000,2025,PA,São Félix do Xingu,1507300,Green Eletron,PEV fixo,Ativo,08/03/2025
1700350-000,2025,TO,Aliança do Tocantins,1700350,ABREE,Ponto de consolidação,Ativo,18/05/2023
4205407-050,2025,SC,Florianópolis,4205407,ABREE,PEV fixo,Ativo,16/01/2021
4107124-000,2025,PR,DIAMANTE DO SUL,4107124,Green Eletron,Ponto de consolidação,Ativo,13/10/2020
4314902-083,2025,RS,  Porto Alegre ,4314902,ABREE,PEV fixo,Ativo,17/02/2021
2928208-000,2025,BA,Santana,2928208,ABREE,PEV fixo,Ativo,08/09/2021
3166956-000,2025,MG,SERRANÓPOLIS DE MINAS,3166956,Green Eletron,PEV fixo,Ativo,15/01/2020
1301506-001,2025,AM,Envira,1301506,ABREE,PEV fixo,Ativo,16/05/2025
2302404-000,2025,CE,BOA VIAGEM,2302404,Green Eletron,PEV fixo,Ativo,27/02/2021
5107701-000,2025,MT,  Rosário Oeste ,5107701,Green Eletron,PEV fixo,Ativo,06/10/2020
4201653-000,2025,SC,Arvoredo,4201653,Green Eletron,PEV fixo,Ativo,12/12/2024
2922656-004,2025,BA,NORDESTINA,2922656,ABREE,PEV fixo,Ativo,07/05/2021
3200904-000,2025,ES,BARRA DE SÃO FRANCISCO,3200904,ABREE,PEV fixo,Ativo,17/09/2024
3137205-000,2025,MG,LAGOA DA PRATA,3137205,ABREE,PEV fixo,Ativo,09/02/2021
4313334-000,2025,RS,Nova Ramada,4313334,ABREE,PEV fixo,Ativo,14/12/2019
2614501-000,2025,PE,Surubim,2614501,Green Eletron,Campanha itinerante,Ativo,12/02/2022
2903235-004,2025,BA,  Barro Alto ,2903235,Green Eletron,PEV fixo,Ativo,01/08/2024
3532504-001,2025,SP,NEVES PAULISTA,3532504,ABREE,Ponto de consolidação,Ativo,26/07/2020
3302700-014,2025,RJ,Maricá,3302700,Sistema individual,PEV fixo,Ativo,25/02/2022
3305752-011,2025,RJ,Tanguá,3305752,Green Eletron,PEV fixo,Ativo,07/05/2024
2105708-001,2025,MA,Lago da Pedra,,ABREE,PEV fixo,Ativo,17/06/2022
2104206-003,2025,MA,Fortuna,2104206,Sistema individual,PEV fixo,Ativo,24/03/2024
3550308-337,2025,SP,SÃO PAULO,3550308,Green Eletron,PEV fixo,Ativo,27/07/2023
3550308-257,2025,SP,  São Paulo ,3550308,Green Eletron,PEV fixo,Ativo,12/02/2022
3304557-040,2025,RJ,Rio de Janeiro,3304557,Green Eletron,PEV fixo,Ativo,09/06/2020
2309300-001,2025,CE,Nova Russas,2309300,Green Eletron,PEV fixo,Ativo,19/08/2022
2605806-006,2025,PE,FREI MIGUELINHO,2605806,ABREE,PEV fixo,Inativo,27/04/2022
3535606-000,2025,SP,  Paraibuna ,3535606,ABREE,PEV fixo,Ativo,28/02/2019
3124906-000,2025,MG,Eugenopolis,3124906,ABREE,PEV fixo,Ativo,09/01/2023
2511004-001,2025,PB,Pedra Branca,2511004,ABREE,PEV fixo,Ativo,02/08/2022
4126801-001,2025,PR,TAPEJARA,4126801,ABREE,Ponto de consolidação,Ativo,19/07/2024
3106200-159,2025,MG,Belo Horizonte,3106200,ABREE,PEV fixo,Ativo,13/02/2022
4305108-000,2025,RS,Caxias do Sul,4305108,ABREE,PEV fixo,Ativo,20/02/2019
2702009-000,2025,AL,Coité do Nóia,2702009,ABREE,Campanha itinerante,Ativo,03/12/2022
2800308-020,2025,SE,Aracaju,2800308,ABREE,PEV fixo,Ativo,17/05/2022
3519402-001,2025,SP,IBIRÁ,3519402,ABREE,PEV fixo,Ativo,20/02/2025
2507507-015,2025,PB,João Pessoa,2507507,ABREE,PEV fixo,Ativo,21/01/2023
2210003-000,2025,PI,São João do Piauí,2210003,Green Eletron,PEV fixo,Ativo,13/04/2021
3541406-000,2025,SP,Presidente Prudente,3541406,Green Eletron,PEV fixo,Ativo,19/05/2019
2111300-004,2025,MA,São Luís,2111300,ABREE,PEV fixo,Ativo,18/08/2019
3162658-000,2025,MG,SÃO JOÃO DO PACUÍ,3162658,ABREE,PEV fixo,Ativo,27/03/2023
4315305-000,2025,RS,Quaraí,4315305,ABREE,Campanha itinerante,Ativo,25/10/2023
4317103-000,2025,RS,SANT'ANA DO LIVRAMENTO,4317103,Sistema individual,PEV fixo,Ativo,28/11/2020
4128401-005,2025,PR,URAÍ,4128401,Green Eletron,Ponto de consolidação,Ativo,14/01/2023
5215207-001,2025,GO,NOVO BRASIL,5215207,ABREE,PEV fixo,Ativo,09/10/2019
3131505-000,2025,MG,Ipuiuna,3131505,Green Eletron,PEV fixo,Ativo,06/03/2023
4126652-000,2025,PR,SULINA,4126652,Green Eletron,PEV fixo,Ativo,18/10/2022
4119905-000,2025,PR,Ponta Grossa,4119905,Sistema individual,Campanha itinerante,Ativo,13/08/2019
3302403-008,2025,RJ,Macaé,3302403,ABREE,PEV fixo,Ativo,27/12/2021
3106200-209,2025,MG,  Belo Horizonte ,3106200,ABREE,Ponto de consolidação,Ativo,07/03/2022
1720978-000,2025,TO,  Talismã ,1720978,ABREE,PEV fixo,Ativo,12/08/2020
1302603-010,2025,AM,Manaus,1302603,ABREE,Ponto de consolidação,Ativo,15/06/2022
3546603-002,2025,SP,SANTA FÉ DO SUL,3546603,Green Eletron,PEV fixo,Ativo,08/12/2022
2408102-016,2025,RN,NATAL,2408102,Green Eletron,PEV fixo,Ativo,22/09/2022
5213756-000,2025,GO,Montividiu,5213756,ABREE,Ponto de consolidação,Ativo,14/01/2024
3305307-010,2025,RJ,São Sebastião do Alto,3305307,ABREE,PEV fixo,Ativo,01/03/2021
3550308-347,2025,SP,  São Paulo ,3550308,Green Eletron,PEV fixo,Ativo,26/04/2023
1501402-017,2025,PA,Belem,1501402,Green Eletron,PEV fixo,Inativo,26/10/2021
1301654-000,2025,AM,Guajará,1301654,Green Eletron,PEV fixo,Ativo,11/10/2025
3550308-178,2025,SP,Sao Paulo,3550308,ABREE,PEV fixo,Ativo,06/03/2020
2513000-002,2025,PB,Salgadinho,2513000,ABREE,PEV fixo,Ativo,23/02/2023
3301405-010,2025,RJ,CONCEIÇÃO DE MACABU,3301405,Sistema individual,PEV fixo,Ativo,11/10/2022
2927408-103,2025,BA,Salvador,2927408,Green Eletron,Ponto de consolidação,Ativo,02/08/2022
4106902-071,2025,PR,Curitiba,4106902,Green Eletron,Campanha itinerante,Ativo,11/05/2023
3541901-000,2025,SP,  Queluz ,3541901,ABREE,PEV fixo,Ativo,11/11/2020
3141801-000,2025,MG,Minas Novas,3141801,Green Eletron,PEV fixo,Ativo,03/03/2023
1709500-000,2025,TO,Gurupi,1709500,ABREE,PEV fixo,Ativo,10/02/2020
2929255-000,2025,BA,São Gabriel,2929255,ABREE,PEV fixo,Ativo,16/05/2024
3205309-019,2025,ES,Vitória,3205309,Green Eletron,PEV fixo,Ativo,20/06/2023
3525201-015,2025,SP,Jarinu,3525201,ABREE,PEV fixo,Ativo,27/01/2024
4202107-000,2025,SC,BARRA VELHA,4202107,Green Eletron,Campanha itinerante,Ativo,12/07/2020
1504208-001,2025,PA,MARABÁ,1504208,ABREE,PEV fixo,Ativo,20/11/2019
3529500-000,2025,SP,Mendonça,3529500,Green Eletron,PEV fixo,Ativo,10/11/2023
3106200-061,2025,MG,Belo Horizonte,3106200,Sistema individual,PEV fixo,Ativo,12/11/2020
5204656-000,2025,GO,CAMPINAÇU,5204656,ABREE,PEV fixo,Ativo,13/01/2023
3115300-000,2025,MG,Cataguases,3115300,ABREE,PEV fixo,Ativo,16/05/2024
2611606-035,2025,PE,Recife,2611606,Green Eletron,PEV fixo,Ativo,21/05/2021
2301208-000,2025,CE,ARACOIABA,2301208,Green Eletron,PEV fixo,Ativo,24/11/2023
4217550-000,2025,SC,SERRA ALTA,,Green Eletron,PEV fixo,Ativo,05/06/2023
2112506-000,2025,MA,Tutoia,2112506,ABREE,PEV fixo,Ativo,11/10/2022
3301108-016,2025,RJ,Cantagalo,3301108,Sistema individual,PEV fixo,Ativo,19/04/2022
2507507-000,2025,PB,João Pessoa,2507507,Green Eletron,PEV fixo,Ativo,21/11/2019
1400506-000,2025,RR,Sao Joao da Baliza,1400506,Green Eletron,PEV fixo,Ativo,11/05/2019
2605004-000,2025,PE,CUPIRA,,ABREE,PEV fixo,Ativo,24/11/2019
4310801-000,2025,RS,IVOTI,4310801,Green Eletron,PEV fixo,Ativo,11/10/2024
2409407-000,2025,RN,Pau dos Ferros,2409407,Green Eletron,PEV fixo,Ativo,04/04/2022
2505808-002,2025,PB,Duas Estradas,2505808,Green Eletron,PEV fixo,Ativo,20/01/2024
3304557-198,2025,RJ,RIO DE JANEIRO,3304557,Sistema individual,PEV fixo,Ativo,27/06/2023
4106902-000,2025,PR,Curitiba,4106902,ABREE,Campanha itinerante,Ativo,10/05/2020
3106200-204,2025,MG,  Belo Horizonte ,3106200,Green Eletron,PEV fixo,Ativo,06/12/2022
4322251-000,2025,RS,Tupandi,4322251,ABREE,PEV fixo,Inativo,11/02/2023
3168903-000,2025,MG,Tiros,3168903,ABREE,PEV fixo,Ativo,16/01/2023
3511409-000,2025,SP,  Cerqueira César ,3511409,Sistema individual,PEV fixo,Ativo,05/12/2020
3551306-003,2025,SP,Sebastianopolis do Sul,3551306,Green Eletron,PEV fixo,Ativo,07/09/2020
3305752-002,2025,RJ,TANGUÁ,3305752,Sistema individual,PEV fixo,Ativo,13/02/2020
3142106-000,2025,MG,Miradouro,3142106,ABREE,Campanha itinerante,Inativo,21/12/2024
5003488-001,2025,MS,  Dois Irmãos do Buriti ,5003488,ABREE,Campanha itinerante,Ativo,27/01/2024
2111300-070,2025,MA,SÃO LUÍS,2111300,ABREE,PEV fixo,Ativo,06/06/2021
1101492-000,2025,RO,São Francisco do Guaporé,1101492,Green Eletron,Ponto de consolidação,Ativo,18/07/2019
3550902-001,2025,SP,SÃO SIMÃO,3550902,ABREE,PEV fixo,Ativo,24/02/2025
1705508-000,2025,TO,Colinas do Tocantins,1705508,Green Eletron,PEV fixo,Ativo,04/08/2019
2311504-000,2025,CE,Quixeré,2311504,ABREE,PEV fixo,Ativo,10/09/2021
4106902-032,2025,PR,Curitiba,4106902,ABREE,PEV fixo,Ativo,17/09/2021
3169307-006,2025,MG,Três Corações,3169307,Green Eletron,PEV fixo,Ativo,25/08/2023
2702207-000,2025,AL,Coqueiro Seco,2702207,Sistema individual,PEV fixo,Ativo,20/05/2023
2908002-000,2025,BA,COARACI,2908002,ABREE,PEV fixo,Ativo,17/09/2023
5208707-009,2025,GO,GOIÂNIA,5208707,Green Eletron,PEV fixo,Ativo,19/05/2020
3106002-003,2025,MG,Bela Vista de Minas,3106002,Green Eletron,PEV fixo,Ativo,20/10/2024
2513000-000,2025,PB,SALGADINHO,2513000,ABREE,Campanha itinerante,Ativo,06/08/2021
4310900-000,2025,RS,JACUTINGA,4310900,Green Eletron,PEV fixo,Ativo,01/05/2021
2509057-000,2025,PB,Marcacao,2509057,Green Eletron,PEV fixo,Ativo,18/04/2024
3165305-000,2025,MG,São Vicente de Minas,3165305,Green Eletron,PEV fixo,Ativo,10/11/2021
1508209-007,2025,PA,Vigia,1508209,Green Eletron,Campanha itinerante,Ativo,18/03/2021
1702901-000,2025,TO,Axixá do Tocantins,1702901,ABREE,PEV fixo,Ativo,15/07/2024
2924603-002,2025,BA,PINDOBAÇU,2924603,ABREE,Campanha itinerante,Ativo,15/12/2021
5215207-004,2025,GO,  Novo Brasil ,5215207,Green Eletron,Campanha itinerante,Ativo,12/11/2020
3522901-004,2025,SP,ITAPUÍ,3522901,ABREE,PEV fixo,Ativo,12/11/2024
3510005-000,2025,SP,CÂNDIDO MOTA,3510005,ABREE,PEV fixo,Ativo,12/08/2024
2302305-002,2025,CE,BELA CRUZ,2302305,ABREE,PEV fixo,Ativo,01/10/2023
5208707-020,2025,GO,Goiânia,5208707,Sistema individual,PEV fixo,Ativo,06/11/2022
4106902-021,2025,PR,Curitiba,4106902,ABREE,PEV fixo,Ativo,25/10/2020
3516705-000,2025,SP,Garca,3516705,ABREE,PEV fixo,Ativo,15/07/2025
3512001-003,2025,SP,Colina,3512001,ABREE,Campanha itinerante,Ativo,07/09/2022
4127205-004,2025,PR,Terra Boa,4127205,ABREE,PEV fixo,Ativo,16/03/2025
3514601-000,2025,SP,  Dumont ,3514601,Green Eletron,PEV fixo,Ativo,26/02/2024
3202553-000,2025,ES,IBITIRAMA,3202553,Green Eletron,PEV fixo,Ativo,22/05/2021
3532900-011,2025,SP,NOVA EUROPA,3532900,ABREE,PEV fixo,Ativo,04/12/2020
3305752-007,2025,RJ,Tanguá,3305752,Green Eletron,PEV fixo,Ativo,03/05/2022
3135605-001,2025,MG,Jequitaí,3135605,ABREE,PEV fixo,Ativo,04/06/2023
4205407-076,2025,SC,  Florianópolis ,4205407,Green Eletron,Campanha itinerante,Ativo,06/11/2022
1300029-006,2025,AM,Alvaraes,1300029,Green Eletron,PEV fixo,Inativo,09/02/2022
2701506-000,2025,AL,Campo Grande,2701506,Green Eletron,PEV fixo,Ativo,14/04/2024
5007307-000,2025,MS,RIO NEGRO,5007307,Sistema individual,PEV fixo,Ativo,25/11/2022
2312007-000,2025,CE,  Santana do Acaraú ,2312007,ABREE,PEV fixo,Ativo,22/11/2021
2105401-000,2025,MA,Itapecuru Mirim,2105401,Green Eletron,PEV fixo,Ativo,18/09/2023
3301876-004,2025,RJ,Iguaba Grande,3301876,ABREE,PEV fixo,Ativo,28/03/2021
3543808-000,2025,SP,Rinópolis,3543808,ABREE,PEV fixo,Ativo,14/08/2022
3556909-000,2025,SP,Vista Alegre do Alto,3556909,Sistema individual,PEV fixo,Inativo,07/06/2019
3539400-001,2025,SP,Piratininga,3539400,ABREE,PEV fixo,Ativo,06/08/2022
2104206-004,2025,MA,Fortuna,2104206,ABREE,PEV fixo,Ativo,01/02/2025
4126405-000,2025,PR,Sertaneja,4126405,ABREE,PEV fixo,Ativo,17/11/2020
3501608-003,2025,SP,Americana,3501608,Green Eletron,PEV fixo,Ativo,08/04/2023
1721000-008,2025,TO,PALMAS,1721000,ABREE,Campanha itinerante,Ativo,07/12/2021
3106200-229,2025,MG,Belo Horizonte,3106200,ABREE,Ponto de consolidação,Ativo,22/05/2023
1502103-000,2025,PA,CAMETÁ,1502103,Green Eletron,Ponto de consolidação,Ativo,21/03/2021
2304400-013,2025,CE,FORTALEZA,2304400,Green Eletron,PEV fixo,Ativo,18/12/2019
3301405-001,2025,RJ,CONCEIÇÃO DE MACABU,3301405,ABREE,PEV fixo,Ativo,07/01/2019
3550308-348,2025,SP,SÃO PAULO,3550308,Green Eletron,PEV fixo,Ativo,08/08/2023
2305233-000,2025,CE,  Horizonte ,2305233,Green Eletron,PEV fixo,Ativo,28/03/2023
4219507-000,2025,SC,XANXERÊ,4219507,ABREE,PEV fixo,Ativo,19/01/2021
3106200-060,2025,MG,Belo Horizonte,3106200,ABREE,Campanha itinerante,Ativo,22/11/2020
4314902-039,2025,RS,Porto Alegre,4314902,Green Eletron,PEV fixo,Ativo,26/03/2020
2611606-104,2025,PE,Recife,2611606,ABREE,PEV fixo,Ativo,28/12/2024
2615102-004,2025,PE,Terezinha,2615102,ABREE,PEV fixo,Ativo,06/03/2021
3536802-000,2025,SP,Pedra Bela,3536802,Sistema individual,Campanha itinerante,Ativo,05/08/2024
3515129-001,2025,SP,EMILIANÓPOLIS,3515129,Green Eletron,PEV fixo,Ativo,17/02/2023
3305307-003,2025,RJ,  São Sebastião do Alto ,3305307,ABREE,PEV fixo,Ativo,17/04/2019
2931509-001,2025,BA,Teofilândia,2931509,Green Eletron,PEV fixo,Ativo,28/11/2022
3144409-000,2025,MG,NATÉRCIA,3144409,ABREE,PEV fixo,Ativo,11/09/2023
4314902-098,2025,RS,Porto Alegre,4314902,Green Eletron,PEV fixo,Ativo,07/03/2022
3155108-000,2025,MG,  Rio do Prado ,3155108,Green Eletron,PEV fixo,Ativo,17/02/2023
3304557-124,2025,RJ,RIO DE JANEIRO,3304557,ABREE,Campanha itinerante,Ativo,18/08/2022
4321105-000,2025,RS,Tapes,4321105,ABREE,Ponto de consolidação,Ativo,17/11/2022
2301604-001,2025,CE,Assare,2301604,ABREE,PEV fixo,Ativo,22/10/2020
2800605-000,2025,SE,Barra dos Coqueiros,2800605,ABREE,PEV fixo,Ativo,09/03/2024
3550308-330,2025,SP,São Paulo,3550308,ABREE,PEV fixo,Ativo,28/10/2023
3304557-199,2025,RJ,RIO DE JANEIRO,3304557,Sistema individual,Ponto de consolidação,Ativo,23/03/2023
1100114-000,2025,RO,Jaru,1100114,Green Eletron,PEV fixo,Ativo,24/09/2024
3544251-001,2025,SP,Rosana,3544251,Sistema individual,PEV fixo,Ativo,06/08/2022
1100908-000,2025,RO,Castanheiras,1100908,Green Eletron,PEV fixo,Ativo,08/12/2024
2309904-002,2025,CE,Pacujá,2309904,ABREE,PEV fixo,Ativo,11/11/2020
3304557-073,2025,RJ,  Rio de Janeiro ,3304557,ABREE,PEV fixo,Ativo,27/08/2021
3201159-000,2025,ES,Brejetuba,3201159,ABREE,PEV fixo,Ativo,12/08/2022
3532603-001,2025,SP,  Nhandeara ,3532603,ABREE,PEV fixo,Ativo,14/10/2021
4313334-001,2025,RS,Nova Ramada,4313334,Sistema individual,PEV fixo,Ativo,10/07/2019
3304557-090,2025,RJ,Rio de Janeiro,3304557,ABREE,PEV fixo,Ativo,05/01/2021
2406809-001,2025,RN,Lajes Pintadas,2406809,Green Eletron,Campanha itinerante,Ativo,24/05/2025
3304128-001,2025,RJ,  Quatis ,3304128,ABREE,PEV fixo,Ativo,13/08/2024
3550308-313,2025,SP,São Paulo,3550308,ABREE,PEV fixo,Ativo,10/07/2022
2917508-000,2025,BA,Jacobina,2917508,ABREE,PEV fixo,Ativo,23/11/2020
3550308-140,2025,SP,  São Paulo ,3550308,ABREE,PEV fixo,Ativo,22/03/2020
4302600-000,2025,RS,Braga,4302600,Green Eletron,PEV fixo,Ativo,18/04/2019
3202454-006,2025,ES,Ibatiba,3202454,ABREE,PEV fixo,Ativo,02/07/2024
3550308-109,2025,SP,São Paulo,3550308,Sistema individual,PEV fixo,Ativo,14/09/2020
3120706-000,2025,MG,Cruzeiro da Fortaleza,3120706,ABREE,PEV fixo,Ativo,20/10/2025
3301108-007,2025,RJ,Cantagalo,3301108,Green Eletron,Ponto de consolidação,Ativo,03/06/2020
2611606-042,2025,PE,Recife,2611606,ABREE,PEV fixo,Ativo,22/03/2021
1301951-004,2025,AM,Itamarati,1301951,Green Eletron,PEV fixo,Ativo,02/12/2022
3539400-003,2025,SP,Piratininga,3539400,Green Eletron,PEV fixo,Ativo,09/12/2024
4314902-008,2025,RS,Porto Alegre,4314902,ABREE,PEV fixo,Ativo,23/01/2020
3170206-000,2025,MG,UBERLÂNDIA,3170206,ABREE,PEV fixo,Ativo,03/02/2021
2706109-000,2025,AL,Ouro Branco,2706109,Green Eletron,PEV fixo,Ativo,24/09/2023
2513208-000,2025,PB,Santa Cruz,2513208,Green Eletron,PEV fixo,Ativo,22/10/2022
3109709-001,2025,MG,Cachoeira de Minas,3109709,ABREE,Ponto de consolidação,Ativo,19/01/2024
2927408-006,2025,BA,  Salvador ,2927408,ABREE,PEV fixo,Ativo,20/08/2019
5002159-000,2025,MS,Bodoquena,5002159,ABREE,PEV fixo,Ativo,22/08/2021
1506351-000,2025,PA,Santa Bárbara do Pará,1506351,ABREE,Campanha itinerante,Ativo,11/01/2020
2304400-052,2025,CE,Fortaleza,2304400,Sistema individual,PEV fixo,Ativo,14/04/2021
2408102-019,2025,RN,Natal,2408102,Green Eletron,PEV fixo,Ativo,26/06/2023
3106200-022,2025,MG,  Belo Horizonte ,3106200,ABREE,PEV fixo,Ativo,12/06/2020
3205309-011,2025,ES,Vitória,3205309,ABREE,PEV fixo,Ativo,18/08/2021
3120151-000,2025,MG,Crisólita,3120151,ABREE,Campanha itinerante,Ativo,12/12/2019
2917805-000,2025,BA,Jaguaripe,2917805,ABREE,PEV fixo,Ativo,14/09/2019
3304557-156,2025,RJ,Rio de Janeiro,3304557,Sistema individual,PEV fixo,Ativo,05/12/2022
3304557-092,2025,RJ,  Rio de Janeiro ,3304557,Sistema individual,PEV fixo,Ativo,14/02/2021
2413508-000,2025,RN,SERRINHA,2413508,Green Eletron,PEV fixo,Ativo,10/11/2024
1707702-000,2025,TO,  Filadélfia ,1707702,ABREE,PEV fixo,Ativo,25/11/2021
1501402-036,2025,PA,Belém,1501402,Green Eletron,Ponto de consolidação,Ativo,09/07/2024
5213855-000,2025,GO,Morro Agudo de Goiás,5213855,Sistema individual,PEV fixo,Ativo,27/10/2021
2601052-000,2025,PE,Aracoiaba,2601052,ABREE,PEV fixo,Ativo,02/09/2020
4314498-000,2025,RS,PINHEIRINHO DO VALE,4314498,ABREE,PEV fixo,Ativo,24/08/2019
3550308-063,2025,SP,Sao Paulo,3550308,Sistema individual,PEV fixo,Inativo,07/04/2019
2902708-000,2025,BA,Barra,2902708,ABREE,PEV fixo,Ativo,20/03/2020
2100105-000,2025,MA,Afonso Cunha,2100105,ABREE,PEV fixo,Ativo,15/05/2021
3302502-007,2025,RJ,Magé,3302502,ABREE,Campanha itinerante,Ativo,07/11/2022
2111300-009,2025,MA,SÃO LUÍS,2111300,ABREE,PEV fixo,Ativo,12/09/2019
4103206-000,2025,PR,BOM SUCESSO,4103206,ABREE,PEV fixo,Ativo,15/10/2023
2914703-000,2025,BA,Itaberaba,2914703,Green Eletron,PEV fixo,Ativo,14/04/2022
2705507-000,2025,AL,Murici,2705507,Green Eletron,Ponto de consolidação,Ativo,03/01/2024
5204805-000,2025,GO,Campo Alegre de Goias,5204805,ABREE,PEV fixo,Ativo,09/01/2023
4314902-057,2025,RS,Porto Alegre,4314902,Green Eletron,PEV fixo,Ativo,25/05/2021
3553302-000,2025,SP,  Tambaú ,3553302,Green Eletron,PEV fixo,Ativo,06/07/2022
3550308-289,2025,SP,São Paulo,3550308,ABREE,PEV fixo,Ativo,04/12/2022
5208707-022,2025,GO,Goiânia,5208707,Green Eletron,PEV fixo,Inativo,14/10/2023
4303301-000,2025,RS,Caibaté,4303301,Green Eletron,PEV fixo,Ativo,14/08/2022
3106200-273,2025,MG,Belo Horizonte,3106200,ABREE,PEV fixo,Ativo,12/07/2023
2507507-014,2025,PB,João Pessoa,2507507,ABREE,PEV fixo,Ativo,20/03/2022
4203105-000,2025,SC,Caibi,4203105,ABREE,PEV fixo,Ativo,20/06/2019
4106902-022,2025,PR,CURITIBA,4106902,Green Eletron,PEV fixo,Ativo,23/11/2020
3121506-000,2025,MG,Desterro do Melo,3121506,ABREE,PEV fixo,Ativo,23/09/2020
4305447-000,2025,RS,CHUVISCA,4305447,Green Eletron,Ponto de consolidação,Ativo,08/06/2022
4106902-074,2025,PR,CURITIBA,4106902,Green Eletron,PEV fixo,Ativo,04/12/2023
2915304-000,2025,BA,Itagimirim,2915304,Green Eletron,PEV fixo,Ativo,10/09/2023
2927408-035,2025,BA,SALVADOR,2927408,ABREE,PEV fixo,Ativo,25/05/2019
5200308-001,2025,GO,  Alexânia ,5200308,Green Eletron,PEV fixo,Ativo,05/11/2022
3304557-128,2025,RJ,RIO DE JANEIRO,3304557,ABREE,PEV fixo,Ativo,25/01/2022
4106902-052,2025,PR,CURITIBA,4106902,ABREE,PEV fixo,Inativo,14/11/2022
2501906-000,2025,PB,Belem,2501906,ABREE,PEV fixo,Ativo,04/12/2023
2921708-004,2025,BA,Morro do Chapéu,2921708,ABREE,PEV fixo,Inativo,14/09/2024
3145208-000,2025,MG,NOVA SERRANA,3145208,Green Eletron,Campanha itinerante,Ativo,14/07/2022
3106200-314,2025,MG,BELO HORIZONTE,3106200,ABREE,PEV fixo,Ativo,19/11/2024
1200807-000,2025,AC,Porto Acre,1200807,ABREE,PEV fixo,Ativo,18/01/2021
2310001-000,2025,CE,Palhano,2310001,ABREE,PEV fixo,Ativo,24/06/2020
3550308-041,2025,SP,São Paulo,3550308,Green Eletron,PEV fixo,Inativo,22/08/2019
3142502-000,2025,MG,Monjolos,3142502,Green Eletron,PEV fixo,Ativo,18/01/2021
1501402-018,2025,PA,Belém,1501402,Green Eletron,PEV fixo,Ativo,03/06/2022
5002001-000,2025,MS,Batayporã,5002001,Sistema individual,PEV fixo,Ativo,24/06/2022
3106200-152,2025,MG,  Belo Horizonte ,3106200,Green Eletron,Campanha itinerante,Ativo,05/11/2021
2313559-000,2025,CE,  Tururu ,2313559,ABREE,PEV fixo,Ativo,01/01/2022
2507507-002,2025,PB,João Pessoa,2507507,Green Eletron,PEV fixo,Ativo,19/04/2019
3503950-001,2025,SP,ASPÁSIA,3503950,Green Eletron,PEV fixo,Ativo,07/12/2023
5100102-000,2025,MT,ACORIZAL,5100102,ABREE,PEV fixo,Ativo,25/10/2023
3302700-017,2025,RJ,Maricá,3302700,Green Eletron,PEV fixo,Ativo,02/02/2023
3544905-001,2025,SP,Sales Oliveira,3544905,Green Eletron,PEV fixo,Ativo,02/01/2024
3553955-002,2025,SP,Tarumã,3553955,Green Eletron,PEV fixo,Ativo,03/04/2022
4106902-034,2025,PR,Curitiba,4106902,Green Eletron,PEV fixo,Ativo,06/04/2021
5300108-002,2025,DF,Brasília,5300108,Green Eletron,PEV fixo,Ativo,12/03/2019
3301207-003,2025,RJ,Carmo,3301207,Green Eletron,PEV fixo,Ativo,18/12/2023
4217907-000,2025,SC,  Tangará ,4217907,Green Eletron,PEV fixo,Ativo,01/03/2019
3547908-002,2025,SP,Santo Antônio da Alegria,3547908,ABREE,PEV fixo,Ativo,04/09/2021
2912608-000,2025,BA,IBIQUERA,2912608,Green Eletron,PEV fixo,Ativo,07/01/2022
3525607-001,2025,SP,JOÃO RAMALHO,3525607,Green Eletron,PEV fixo,Ativo,14/06/2019
5108956-001,2025,MT,Nova Monte Verde,5108956,ABREE,PEV fixo,Ativo,21/08/2020
3161056-000,2025,MG,São Félix de Minas,3161056,ABREE,Ponto de consolidação,Ativo,11/10/2021
3302106-007,2025,RJ,Itaocara,3302106,Green Eletron,Campanha itinerante,Ativo,04/07/2023
2307601-000,2025,CE,Limoeiro do Norte,2307601,Green Eletron,Campanha itinerante,Ativo,18/05/2023
3503307-000,2025,SP,ARARAS,3503307,ABREE,PEV fixo,Ativo,15/01/2025
2800308-000,2025,SE,Aracaju,2800308,ABREE,PEV fixo,Ativo,20/10/2019
5221577-000,2025,GO,Uirapuru,,Sistema individual,PEV fixo,Ativo,14/03/2023
3130408-003,2025,MG,IJACI,3130408,ABREE,PEV fixo,Ativo,28/11/2022
4313060-000,2025,RS,Nova Hartz,4313060,Green Eletron,PEV fixo,Ativo,27/04/2020
3300902-001,2025,RJ,Cambuci,3300902,ABREE,PEV fixo,Ativo,12/10/2019
4120903-000,2025,PR,QUEDAS DO IGUAÇU,4120903,Green Eletron,PEV fixo,Ativo,24/03/2019
3550308-186,2025,SP,São Paulo,3550308,ABREE,PEV fixo,Ativo,04/07/2021
2930006-000,2025,BA,Sebastião Laranjeiras,2930006,ABREE,PEV fixo,Ativo,18/10/2022
2201606-000,2025,PI,Beneditinos,2201606,Green Eletron,PEV fixo,Ativo,08/08/2025
2300705-001,2025,CE,  Alto Santo ,2300705,Green Eletron,Ponto de consolidação,Ativo,14/09/2020
5300108-091,2025,DF,Brasilia,5300108,ABREE,PEV fixo,Ativo,06/04/2022
3532900-007,2025,SP,Nova Europa,3532900,ABREE,PEV fixo,Ativo,10/10/2019
2111300-094,2025,MA,Sao Luis,2111300,Green Eletron,PEV fixo,Ativo,11/01/2022
2111300-077,2025,MA,São Luís,2111300,ABREE,Campanha itinerante,Ativo,19/07/2022
5219704-000,2025,GO,SANTA TEREZINHA DE GOIÁS,5219704,Green Eletron,PEV fixo,Ativo,26/02/2023
2500304-000,2025,PB,ALAGOA GRANDE,2500304,ABREE,PEV fixo,Ativo,26/08/2023
1600600-000,2025,AP,Santana,1600600,ABREE,PEV fixo,Ativo,05/07/2023
2500601-000,2025,PB,Alhandra,2500601,Sistema individual,PEV fixo,Ativo,11/09/2019
1501402-009,2025,PA,Belém,1501402,ABREE,Ponto de consolidação,Ativo,18/04/2020
5005608-000,2025,MS,Miranda,5005608,Green Eletron,PEV fixo,Ativo,15/07/2020
3148004-000,2025,MG,PATOS DE MINAS,3148004,ABREE,PEV fixo,Ativo,27/12/2024
3301405-011,2025,RJ,CONCEIÇÃO DE MACABU,3301405,Sistema individual,PEV fixo,Ativo,04/09/2023
1400100-003,2025,RR,BOA VISTA,1400100,ABREE,PEV fixo,Ativo,22/07/2024
3200706-000,2025,ES,ATILIO VIVACQUA,3200706,ABREE,Ponto de consolidação,Ativo,23/03/2025
3529708-001,2025,SP,Miguelópolis,3529708,Green Eletron,PEV fixo,Ativo,19/12/2021
3549508-003,2025,SP,Sao Jose da Bela Vista,3549508,Sistema individual,PEV fixo,Ativo,27/07/2020
2927408-116,2025,BA,Salvador,2927408,ABREE,PEV fixo,Ativo,23/02/2022
3516002-000,2025,SP,FLÓRIDA PAULISTA,3516002,Green Eletron,PEV fixo,Ativo,26/11/2024
5105903-001,2025,MT,NOBRES,5105903,ABREE,PEV fixo,Ativo,13/03/2024
2907707-000,2025,BA,Chorrochó,2907707,Green Eletron,PEV fixo,Ativo,09/11/2022
4307708-000,2025,RS,Esteio,4307708,ABREE,PEV fixo,Ativo,24/07/2020
4304713-000,2025,RS,Caraá,4304713,ABREE,Campanha itinerante,Ativo,24/09/2019
2111300-086,2025,MA,Sao Luis,2111300,Green Eletron,Ponto de consolidação,Ativo,19/11/2022
3549904-009,2025,SP,SÃO JOSÉ DOS CAMPOS,3549904,Green Eletron,PEV fixo,Ativo,09/11/2024
2311207-003,2025,CE,Potengi,2311207,ABREE,PEV fixo,Ativo,21/01/2024
2502508-000,2025,PB,BOQUEIRÃO,2502508,ABREE,Ponto de consolidação,Ativo,13/04/2025
3142601-000,2025,MG,Monsenhor Paulo,3142601,ABREE,PEV fixo,Ativo,12/09/2019
2924678-000,2025,BA,PIRAÍ DO NORTE,2924678,Green Eletron,Campanha itinerante,Ativo,19/06/2022
4102208-000,2025,PR,Atalaia,4102208,ABREE,PEV fixo,Ativo,20/12/2025
2903102-000,2025,BA,BARRA DO ROCHA,2903102,ABREE,PEV fixo,Ativo,15/07/2020
2412302-000,2025,RN,São José do Campestre,2412302,ABREE,PEV fixo,Ativo,16/09/2024
1304104-000,2025,AM,TAPAUÁ,1304104,ABREE,Ponto de consolidação,Ativo,11/12/2023
4310207-005,2025,RS,Ijuí,4310207,Green Eletron,Campanha itinerante,Ativo,22/02/2021
2200707-000,2025,PI,Anisio de Abreu,2200707,Sistema individual,PEV fixo,Ativo,19/05/2022
3304557-217,2025,RJ,Rio de Janeiro,3304557,ABREE,PEV fixo,Ativo,02/06/2024
2605152-003,2025,PE,DORMENTES,2605152,Green Eletron,PEV fixo,Ativo,15/07/2023
3136306-000,2025,MG,Joao Pinheiro,3136306,ABREE,Ponto de consolidação,Ativo,27/02/2024
3106200-091,2025,MG,Belo Horizonte,3106200,ABREE,PEV fixo,Ativo,17/12/2020
4318705-000,2025,RS,SÃO LEOPOLDO,4318705,Green Eletron,PEV fixo,Ativo,21/07/2021
3550308-124,2025,SP,São Paulo,3550308,ABREE,PEV fixo,Ativo,19/10/2020
1501402-008,2025,PA,Belém,1501402,Green Eletron,PEV fixo,Ativo,13/08/2020
3550308-352,2025,SP,São Paulo,3550308,ABREE,Ponto de consolidação,Ativo,12/06/2023
2207801-000,2025,PI,Paulistana,2207801,Green Eletron,PEV fixo,Ativo,09/04/2022
1502301-000,2025,PA,  Capitão Poço ,1502301,Green Eletron,PEV fixo,Ativo,03/06/2025
4100509-002,2025,PR,Altonia,4100509,Green Eletron,PEV fixo,Ativo,21/03/2023
4109203-000,2025,PR,Guaraci,4109203,Green Eletron,PEV fixo,Ativo,26/01/2022
2304400-043,2025,CE,Fortaleza,2304400,ABREE,PEV fixo,Ativo,27/08/2020
2930774-002,2025,BA,SOBRADINHO,2930774,ABREE,PEV fixo,Ativo,10/08/2024
2303956-000,2025,CE,Chorozinho,2303956,Green Eletron,PEV fixo,Ativo,21/05/2021
2412005-003,2025,RN,  São Gonçalo do Amarante ,2412005,Green Eletron,PEV fixo,Ativo,27/08/2025
3544004-004,2025,SP,RIO DAS PEDRAS,3544004,Green Eletron,PEV fixo,Ativo,14/05/2023
2111300-029,2025,MA,São Luís,,ABREE,PEV fixo,Ativo,17/09/2019
3201902-000,2025,ES,Domingos Martins,3201902,ABREE,PEV fixo,Ativo,04/04/2020
3170438-000,2025,MG,UNIÃO DE MINAS,3170438,Green Eletron,PEV fixo,Ativo,28/08/2024
3537404-004,2025,SP,PEREIRA BARRETO,3537404,Green Eletron,PEV fixo,Ativo,02/11/2023
3550308-346,2025,SP,São Paulo,3550308,Green Eletron,PEV fixo,Ativo,28/07/2023
3530201-000,2025,SP,MIRANTE DO PARANAPANEMA,3530201,ABREE,PEV fixo,Ativo,18/12/2020
3529104-000,2025,SP,Marinópolis,3529104,ABREE,PEV fixo,Ativo,12/11/2023
3304557-070,2025,RJ,Rio de Janeiro,3304557,Green Eletron,PEV fixo,Ativo,05/09/2021
4300208-000,2025,RS,AJURICABA,4300208,Green Eletron,PEV fixo,Ativo,22/03/2019
2905503-005,2025,BA,Caldeirão Grande,2905503,ABREE,PEV fixo,Ativo,25/06/2023
2309607-000,2025,CE,  Pacajus ,2309607,ABREE,PEV fixo,Ativo,15/04/2024
1721000-002,2025,TO,Palmas,1721000,ABREE,PEV fixo,Ativo,09/05/2019
4201307-000,2025,SC,Araquari,4201307,Green Eletron,PEV fixo,Ativo,24/05/2019
1507102-000,2025,PA,SÃO CAETANO DE ODIVELAS,1507102,Sistema individual,PEV fixo,Ativo,06/08/2022
3550308-182,2025,SP,São Paulo,3550308,Green Eletron,PEV fixo,Ativo,06/04/2021
4109906-000,2025,PR,ICARAÍMA,4109906,Green Eletron,PEV fixo,Ativo,05/04/2020
3550308-190,2025,SP,São Paulo,3550308,Green Eletron,PEV fixo,Ativo,25/06/2021
4114203-000,2025,PR,  Mandaguari ,4114203,Green Eletron,PEV fixo,Ativo,14/08/2020
2408102-008,2025,RN,NATAL,2408102,ABREE,PEV fixo,Ativo,15/01/2021
5300108-034,2025,DF,Brasília,5300108,Green Eletron,PEV fixo,Ativo,07/01/2020
1300706-003,2025,AM,Boca do Acre,1300706,ABREE,PEV fixo,Ativo,14/08/2021
4305173-000,2025,RS,Cerro Grande do Sul,4305173,ABREE,PEV fixo,Ativo,01/08/2020
3304557-191,2025,RJ,Rio de Janeiro,3304557,Sistema individual,PEV fixo,Ativo,22/01/2023
2512606-000,2025,PB,Quixabá,2512606,ABREE,PEV fixo,Ativo,14/10/2024
1506401-000,2025,PA,SANTA CRUZ DO ARARI,,Green Eletron,PEV fixo,Ativo,27/07/2022
2509800-000,2025,PB,Mulungu,2509800,ABREE,PEV fixo,Ativo,10/07/2024
2611606-078,2025,PE,Recife,2611606,ABREE,Campanha itinerante,Ativo,09/09/2023
4307906-000,2025,RS,Farroupilha,4307906,ABREE,PEV fixo,Ativo,24/02/2019
4309407-000,2025,RS,Guaporé,4309407,ABREE,PEV fixo,Ativo,19/05/2024
4106902-086,2025,PR,Curitiba,4106902,Sistema individual,PEV fixo,Ativo,10/12/2024
5103205-000,2025,MT,COLÍDER,5103205,Green Eletron,PEV fixo,Ativo,22/05/2023
5104500-002,2025,MT,Indiavaí,5104500,ABREE,PEV fixo,Ativo,18/10/2023
2503506-000,2025,PB,Cacimba de Dentro,2503506,Green Eletron,PEV fixo,Ativo,17/11/2019
3506904-006,2025,SP,BOFETE,3506904,ABREE,PEV fixo,Ativo,07/04/2024
3544103-001,2025,SP,Rio Grande da Serra,3544103,Green Eletron,PEV fixo,Ativo,13/12/2022
2112506-001,2025,MA,TUTÓIA,2112506,Green Eletron,PEV fixo,Ativo,18/08/2025
4314787-001,2025,RS,Ponte Preta,4314787,ABREE,Campanha itinerante,Ativo,25/11/2025
1712454-000,2025,TO,Luzinópolis,1712454,Sistema individual,PEV fixo,Ativo,11/09/2021
3125952-000,2025,MG,Fervedouro,3125952,Green Eletron,PEV fixo,Ativo,25/05/2021
4322806-000,2025,RS,  Veranópolis ,4322806,ABREE,PEV fixo,Ativo,06/01/2022
2927408-015,2025,BA,Salvador,2927408,ABREE,PEV fixo,Ativo,04/01/2019
3110202-000,2025,MG,Cajuri,3110202,Green Eletron,PEV fixo,Ativo,28/09/2020
1304260-000,2025,AM,Uarini,1304260,ABREE,PEV fixo,Ativo,16/01/2021
2932705-000,2025,BA,Urucuca,2932705,Green Eletron,PEV fixo,Ativo,28/04/2022
4314902-125,2025,RS,Porto Alegre,4314902,Green Eletron,PEV fixo,Ativo,07/01/2023
1505700-005,2025,PA,  Ponta de Pedras ,1505700,Green Eletron,PEV fixo,Ativo,12/03/2024
4318051-001,2025,RS,Sao Domingos do Sul,,ABREE,PEV fixo,Ativo,14/12/2023
1302603-007,2025,AM,Manaus,1302603,ABREE,PEV fixo,Ativo,02/08/2021
3504404-000,2025,SP,Avanhandava,3504404,Green Eletron,PEV fixo,Ativo,18/02/2025
2112803-000,2025,MA,  Viana ,2112803,Green Eletron,PEV fixo,Ativo,26/02/2019
2910057-001,2025,BA,Dias d'Ávila,2910057,Green Eletron,PEV fixo,Ativo,18/05/2024
2616308-002,2025,PE,VICÊNCIA,2616308,Green Eletron,PEV fixo,Ativo,13/06/2025
1303205-000,2025,AM,Novo Airão,1303205,ABREE,PEV fixo,Ativo,02/11/2020
3304557-030,2025,RJ,Rio de Janeiro,3304557,ABREE,PEV fixo,Ativo,08/09/2020
4205407-048,2025,SC,  Florianópolis ,4205407,Sistema individual,Ponto de consolidação,Ativo,10/04/2021
3548104-000,2025,SP,Santo Antônio do Jardim,3548104,Green Eletron,PEV fixo,Ativo,09/11/2025
1716703-000,2025,TO,Colméia,1716703,Sistema individual,PEV fixo,Ativo,16/03/2019
4127957-000,2025,PR,TUPÃSSI,4127957,ABREE,Campanha itinerante,Ativo,16/06/2019
3304557-165,2025,RJ,RIO DE JANEIRO,3304557,Sistema individual,PEV fixo,Ativo,18/04/2023
2800308-023,2025,SE,ARACAJU,2800308,ABREE,PEV fixo,Ativo,03/09/2022
4205407-019,2025,SC,Florianópolis,4205407,Green Eletron,Campanha itinerante,Ativo,09/07/2019
3205150-000,2025,ES,  Vila Pavão ,3205150,ABREE,PEV fixo,Ativo,22/12/2020
3304557-143,2025,RJ,Rio de Janeiro,3304557,ABREE,PEV fixo,Ativo,22/09/2022
4100509-004,2025,PR,Altonia,4100509,Green Eletron,PEV fixo,Ativo,22/07/2024
3106200-154,2025,MG,Belo Horizonte,3106200,ABREE,PEV fixo,Ativo,04/10/2021
2507002-000,2025,PB,Itaporanga,2507002,Green Eletron,PEV fixo,Ativo,18/12/2022
2204550-000,2025,PI,Guaribas,2204550,Green Eletron,PEV fixo,Ativo,04/11/2021
3508306-006,2025,SP,CABRÁLIA PAULISTA,3508306,Green Eletron,PEV fixo,Ativo,15/04/2022
5300108-050,2025,DF,  Brasília ,5300108,Green Eletron,PEV fixo,Ativo,22/06/2020
3549508-000,2025,SP,SÃO JOSÉ DA BELA VISTA,3549508,ABREE,PEV fixo,Ativo,25/05/2019
4302055-000,2025,RS,BENJAMIN CONSTANT DO SUL,4302055,Green Eletron,Ponto de consolidação,Ativo,06/03/2022
1200401-002,2025,AC,RIO BRANCO,1200401,Green Eletron,PEV fixo,Ativo,01/12/2020
2102408-000,2025,MA,CAJAPIÓ,2102408,Green Eletron,PEV fixo,Ativo,25/03/2019
2111300-045,2025,MA,São Luís,2111300,ABREE,PEV fixo,Inativo,16/02/2020
1507508-000,2025,PA,São João do Araguaia,1507508,Green Eletron,PEV fixo,Ativo,20/07/2023
3126109-000,2025,MG,FORMIGA,3126109,ABREE,Ponto de consolidação,Ativo,21/02/2019
3301108-030,2025,RJ,Cantagalo,3301108,ABREE,PEV fixo,Ativo,14/11/2024
3114600-000,2025,MG,CARRANCAS,3114600,ABREE,PEV fixo,Ativo,26/11/2020
2111300-082,2025,MA,Sao Luis,2111300,ABREE,Campanha itinerante,Ativo,06/01/2022
3303302-007,2025,RJ,Niterói,3303302,ABREE,Campanha itinerante,Ativo,20/07/2021
2515609-003,2025,PB,Serra da Raiz,2515609,Green Eletron,Ponto de consolidação,Ativo,20/06/2024
3502606-002,2025,SP,Aparecida d'Oeste,3502606,ABREE,PEV fixo,Ativo,25/05/2023
2616001-000,2025,PE,VENTUROSA,2616001,ABREE,PEV fixo,Ativo,17/06/2020
2704401-000,2025,AL,  Major Isidoro ,2704401,Green Eletron,PEV fixo,Ativo,04/03/2024
4205407-018,2025,SC,FLORIANÓPOLIS,4205407,Green Eletron,PEV fixo,Ativo,12/12/2019
1505700-003,2025,PA,PONTA DE PEDRAS,1505700,ABREE,PEV fixo,Ativo,18/01/2022
3537404-003,2025,SP,Pereira Barreto,3537404,ABREE,PEV fixo,Ativo,12/12/2022
2703304-000,2025,AL,Inhapi,2703304,ABREE,PEV fixo,Ativo,17/01/2022
2310803-000,2025,CE,Pereiro,2310803,Sistema individual,PEV fixo,Ativo,16/10/2019
2913903-000,2025,BA,IPIAÚ,2913903,ABREE,PEV fixo,Ativo,01/04/2024
4106902-005,2025,PR,Curitiba,4106902,Green Eletron,PEV fixo,Ativo,20/05/2020
4314902-140,2025,RS,Porto Alegre,4314902,Green Eletron,PEV fixo,Ativo,21/04/2023
1101609-000,2025,RO,Theobroma,1101609,Green Eletron,PEV fixo,Ativo,12/09/2024
2927408-025,2025,BA,Salvador,2927408,ABREE,PEV fixo,Ativo,02/12/2019
4105300-000,2025,PR,CÉU AZUL,4105300,ABREE,PEV fixo,Ativo,22/06/2022
2508505-000,2025,PB,Livramento,2508505,Sistema individual,PEV fixo,Ativo,10/09/2021
3300951-001,2025,RJ,Comendador Levy Gasparian,3300951,ABREE,PEV fixo,Ativo,03/04/2019
3550308-016,2025,SP,São Paulo,3550308,ABREE,PEV fixo,Ativo,15/02/2019
4128401-002,2025,PR,URAÍ,4128401,ABREE,PEV fixo,Ativo,10/12/2021
3304557-032,2025,RJ,RIO DE JANEIRO,3304557,ABREE,PEV fixo,Ativo,06/02/2020
4115804-000,2025,PR,Medianeira,,Green Eletron,PEV fixo,Ativo,17/06/2021
3550308-118,2025,SP,Sao Paulo,3550308,Green Eletron,PEV fixo,Ativo,19/02/2020
2931301-002,2025,BA,Tapiramutá,2931301,Green Eletron,PEV fixo,Ativo,26/10/2023
2919504-000,2025,BA,LIVRAMENTO DE NOSSA SENHORA,2919504,Green Eletron,PEV fixo,Ativo,09/07/2019
3545159-000,2025,SP,Saltinho,3545159,ABREE,PEV fixo,Ativo,17/02/2020
4106902-089,2025,PR,CURITIBA,4106902,ABREE,PEV fixo,Ativo,05/09/2024
5211503-000,2025,GO,Itumbiara,5211503,ABREE,PEV fixo,Ativo,25/05/2023
3547908-004,2025,SP,SANTO ANTÔNIO DA ALEGRIA,3547908,ABREE,PEV fixo,Ativo,26/05/2023
3520442-001,2025,SP,ILHA SOLTEIRA,3520442,ABREE,Campanha itinerante,Ativo,06/02/2022
2211605-001,2025,PI,Vila Nova do Piauí,2211605,Green Eletron,PEV fixo,Ativo,17/05/2023
1720200-000,2025,TO,São Miguel do Tocantins,1720200,Green Eletron,PEV fixo,Ativo,26/12/2020
3152204-000,2025,MG,Porteirinha,3152204,ABREE,PEV fixo,Ativo,19/11/2020
4128500-000,2025,PR,  Wenceslau Braz ,4128500,Green Eletron,PEV fixo,Ativo,22/01/2019
3106200-310,2025,MG,  Belo Horizonte ,3106200,Green Eletron,Campanha itinerante,Ativo,02/08/2024
2408102-020,2025,RN,Natal,2408102,Green Eletron,Ponto de consolidação,Ativo,01/09/2023
5103502-000,2025,MT,Diamantino,5103502,Green Eletron,PEV fixo,Ativo,24/05/2019
3167707-000,2025,MG,Sobrália,3167707,ABREE,PEV fixo,Ativo,23/01/2019
3550308-235,2025,SP,São Paulo,3550308,Green Eletron,PEV fixo,Ativo,13/01/2021
3304557-028,2025,RJ,  Rio de Janeiro ,3304557,Green Eletron,PEV fixo,Ativo,05/03/2020
2206670-000,2025,PI,MORRO DO CHAPÉU DO PIAUÍ,2206670,Sistema individual,PEV fixo,Ativo,25/07/2025
3550308-097,2025,SP,  São Paulo ,3550308,ABREE,PEV fixo,Ativo,08/04/2019
2304400-076,2025,CE,FORTALEZA,2304400,ABREE,PEV fixo,Ativo,22/02/2022
3547601-000,2025,SP,Santa Rosa de Viterbo,3547601,Green Eletron,PEV fixo,Ativo,12/10/2022
4314902-060,2025,RS,PORTO ALEGRE,4314902,ABREE,PEV fixo,Ativo,18/09/2021
2504207-000,2025,PB,Catingueira,2504207,Green Eletron,Campanha itinerante,Ativo,14/05/2020
3527900-000,2025,SP,Lutécia,3527900,ABREE,PEV fixo,Ativo,19/06/2024
4211892-000,2025,SC,Painel,4211892,ABREE,PEV fixo,Ativo,27/09/2019
3513009-003,2025,SP,Cotia,3513009,Green Eletron,PEV fixo,Ativo,25/02/2019
4317251-000,2025,RS,SANTA TEREZA,4317251,ABREE,PEV fixo,Ativo,23/09/2023
2927408-087,2025,BA,Salvador,2927408,Green Eletron,PEV fixo,Ativo,25/08/2021
2111300-002,2025,MA,São Luís,2111300,ABREE,PEV fixo,Ativo,13/05/2019
3121209-000,2025,MG,Delfinópolis,3121209,Sistema individual,PEV fixo,Ativo,04/12/2023
4118006-000,2025,PR,PARAÍSO DO NORTE,4118006,ABREE,PEV fixo,Ativo,06/09/2019
3126505-000,2025,MG,Francisco Badaro,3126505,ABREE,Ponto de consolidação,Ativo,27/08/2020
2202109-000,2025,PI,Campinas do Piauí,2202109,Green Eletron,PEV fixo,Ativo,11/07/2023
5208301-000,2025,GO,DIVINÓPOLIS DE GOIÁS,5208301,Green Eletron,PEV fixo,Ativo,07/09/2020
3523602-000,2025,SP,ITIRAPINA,3523602,Green Eletron,Campanha itinerante,Ativo,05/08/2019
3106200-130,2025,MG,Belo Horizonte,3106200,ABREE,PEV fixo,Ativo,14/11/2021
3161205-000,2025,MG,São Francisco de Paula,3161205,ABREE,Ponto de consolidação,Ativo,16/03/2020
3304508-016,2025,RJ,Rio das Flores,3304508,ABREE,PEV fixo,Ativo,10/09/2023
2111300-068,2025,MA,SÃO LUÍS,2111300,ABREE,PEV fixo,Ativo,07/11/2021
4301107-000,2025,RS,ARROIO DOS RATOS,4301107,Green Eletron,Campanha itinerante,Ativo,13/11/2019
3550308-246,2025,SP,Sao Paulo,3550308,ABREE,PEV fixo,Ativo,01/12/2021
1300029-002,2025,AM,Alvarães,,Green Eletron,PEV fixo,Ativo,22/05/2019
4310207-002,2025,RS,Ijuí,4310207,Green Eletron,PEV fixo,Ativo,05/11/2020
4118907-000,2025,PR,Pérola,4118907,ABREE,PEV fixo,Ativo,28/12/2021
4314548-001,2025,RS,Pinto Bandeira,4314548,ABREE,PEV fixo,Ativo,24/08/2024
3550308-129,2025,SP,SÃO PAULO,3550308,ABREE,PEV fixo,Ativo,20/02/2020
3538808-034,2025,SP,Piraju,3538808,Green Eletron,PEV fixo,Ativo,06/11/2023
3550308-069,2025,SP,SÃO PAULO,3550308,ABREE,PEV fixo,Ativo,04/09/2019
3304557-093,2025,RJ,Rio de Janeiro,3304557,Green Eletron,PEV fixo,Ativo,16/01/2021
2916500-000,2025,BA,Itapicuru,2916500,ABREE,PEV fixo,Ativo,12/01/2020
2921302-000,2025,BA,Milagres,2921302,ABREE,PEV fixo,Ativo,26/04/2022
2111300-088,2025,MA,São Luís,2111300,ABREE,Ponto de consolidação,Ativo,11/10/2022
1508209-011,2025,PA,Vigia,1508209,ABREE,Ponto de consolidação,Ativo,17/01/2023
2100808-001,2025,MA,Anapurus,2100808,ABREE,Ponto de consolidação,Ativo,20/10/2024
2611606-021,2025,PE,RECIFE,2611606,ABREE,PEV fixo,Ativo,11/07/2020
4220000-004,2025,SC,BALNEÁRIO RINCÃO,4220000,ABREE,PEV fixo,Ativo,13/08/2024
4314902-023,2025,RS,Porto Alegre,4314902,ABREE,Campanha itinerante,Ativo,24/05/2020
4319125-000,2025,RS,São Martinho da Serra,4319125,ABREE,PEV fixo,Ativo,09/05/2019
4126678-001,2025,PR,Tamarana,4126678,Green Eletron,PEV fixo,Ativo,02/11/2025
3305752-005,2025,RJ,Tangua,3305752,ABREE,PEV fixo,Inativo,19/08/2021
3550308-163,2025,SP,São Paulo,3550308,ABREE,PEV fixo,Ativo,25/07/2020
2300705-009,2025,CE,Alto Santo,2300705,ABREE,PEV fixo,Ativo,14/05/2022
2307650-000,2025,CE,MARACANAÚ,2307650,Sistema individual,PEV fixo,Ativo,04/02/2022
1300680-001,2025,AM,Boa Vista do Ramos,1300680,ABREE,PEV fixo,Ativo,14/11/2023
3516606-001,2025,SP,Galia,3516606,ABREE,PEV fixo,Ativo,12/07/2024
1501402-019,2025,PA,BELÉM,1501402,Green Eletron,PEV fixo,Ativo,08/04/2022
5219001-000,2025,GO,SANCLERLÂNDIA,5219001,Green Eletron,PEV fixo,Ativo,09/02/2023
1502764-000,2025,PA,Cumaru do Norte,1502764,Green Eletron,PEV fixo,Ativo,21/02/2023
3530300-000,2025,SP,MIRASSOL,3530300,Green Eletron,PEV fixo,Ativo,22/09/2022
3131406-000,2025,MG,  Ipiaçu ,3131406,Green Eletron,PEV fixo,Ativo,01/03/2025
3555109-008,2025,SP,TUPI PAULISTA,3555109,ABREE,PEV fixo,Ativo,11/09/2021
3106200-021,2025,MG,BELO HORIZONTE,3106200,Green Eletron,Ponto de consolidação,Ativo,26/10/2020
4128633-000,2025,PR,Doutor Ulysses,4128633,ABREE,PEV fixo,Ativo,11/08/2022
3304557-063,2025,RJ,Rio de Janeiro,3304557,ABREE,PEV fixo,Ativo,02/11/2020
3304201-002,2025,RJ,Resende,3304201,ABREE,PEV fixo,Ativo,11/11/2022
3155504-000,2025,MG,Rio Paranaíba,3155504,ABREE,Campanha itinerante,Ativo,13/07/2022
4314902-090,2025,RS,Porto Alegre,4314902,Green Eletron,PEV fixo,Ativo,09/08/2022
3100203-000,2025,MG,ABAETÉ,3100203,Green Eletron,PEV fixo,Ativo,13/07/2024
2111300-072,2025,MA,São Luís,2111300,ABREE,PEV fixo,Ativo,18/07/2021
3202652-002,2025,ES,Irupi,3202652,Green Eletron,PEV fixo,Ativo,14/07/2024
2505238-001,2025,PB,  Cuité de Mamanguape ,2505238,Green Eletron,PEV fixo,Ativo,25/11/2022
2304400-049,2025,CE,  Fortaleza ,2304400,Green Eletron,PEV fixo,Ativo,26/10/2020
1500347-000,2025,PA,Água Azul do Norte,1500347,Green Eletron,PEV fixo,Ativo,27/05/2019
1302306-000,2025,AM,Jutaí,1302306,ABREE,PEV fixo,Ativo,01/05/2019
1502855-000,2025,PA,Curuá,1502855,Green Eletron,PEV fixo,Ativo,12/04/2021
1303700-001,2025,AM,Santo Antonio do Ica,1303700,ABREE,Campanha itinerante,Ativo,27/06/2020
3550308-100,2025,SP,SÃO PAULO,3550308,ABREE,PEV fixo,Ativo,10/03/2019
3106200-063,2025,MG,Belo Horizonte,3106200,ABREE,PEV fixo,Ativo,21/03/2020
4314902-159,2025,RS,Porto Alegre,4314902,ABREE,PEV fixo,Ativo,26/06/2023
4322327-000,2025,RS,TURUÇU,4322327,ABREE,PEV fixo,Ativo,20/04/2025
2202752-000,2025,PI,  Colônia do Gurguéia ,2202752,Green Eletron,PEV fixo,Ativo,21/10/2019
4314902-014,2025,RS,  Porto Alegre ,4314902,Sistema individual,PEV fixo,Ativo,07/07/2020
1502939-000,2025,PA,  Dom Eliseu ,1502939,Green Eletron,PEV fixo,Ativo,05/02/2019
2207850-000,2025,PI,PAVUSSU,2207850,Green Eletron,PEV fixo,Ativo,23/10/2022
2515807-000,2025,PB,Serra Redonda,2515807,ABREE,PEV fixo,Ativo,15/02/2020
5300108-042,2025,DF,Brasília,5300108,ABREE,Ponto de consolidação,Ativo,16/05/2020
1501402-010,2025,PA,Belem,1501402,ABREE,PEV fixo,Ativo,05/10/2020
3512001-005,2025,SP,Colina,3512001,Green Eletron,PEV fixo,Ativo,22/07/2023
4314902-132,2025,RS,Porto Alegre,4314902,ABREE,PEV fixo,Ativo,25/12/2023
3106200-080,2025,MG,Belo Horizonte,3106200,ABREE,PEV fixo,Ativo,14/06/2020
2406601-000,2025,RN,Lagoa Salgada,,ABREE,PEV fixo,Ativo,07/04/2022
4107009-000,2025,PR,Curiúva,4107009,ABREE,Campanha itinerante,Ativo,02/07/2025
3150703-000,2025,MG,PIRAJUBA,3150703,Green Eletron,Ponto de consolidação,Ativo,23/02/2019
3549706-002,2025,SP,São José do Rio Pardo,3549706,Green Eletron,PEV fixo,Ativo,14/08/2021
4215208-000,2025,SC,Romelândia,4215208,Green Eletron,PEV fixo,Ativo,27/02/2019
5206701-000,2025,GO,DAMIANÓPOLIS,5206701,Green Eletron,PEV fixo,Ativo,16/08/2020
1707306-000,2025,TO,Dueré,1707306,Green Eletron,PEV fixo,Ativo,04/09/2021
3301108-020,2025,RJ,CANTAGALO,3301108,Green Eletron,PEV fixo,Ativo,09/04/2022
3525201-013,2025,SP,Jarinu,3525201,ABREE,PEV fixo,Ativo,12/12/2023
4217402-000,2025,SC,  Schroeder ,4217402,Green Eletron,Ponto de consolidação,Ativo,12/11/2019
2410207-000,2025,RN,Portalegre,2410207,ABREE,PEV fixo,Ativo,15/03/2021
3304557-129,2025,RJ,Rio de Janeiro,3304557,ABREE,Ponto de consolidação,Ativo,11/04/2022
2304400-084,2025,CE,Fortaleza,2304400,Green Eletron,PEV fixo,Ativo,05/07/2022
5100607-000,2025,MT,Alto Taquari,5100607,ABREE,PEV fixo,Ativo,13/09/2025
3550308-099,2025,SP,  São Paulo ,3550308,Green Eletron,Campanha itinerante,Ativo,15/06/2019
1501303-000,2025,PA,Barcarena,1501303,ABREE,PEV fixo,Ativo,09/05/2021
3550308-279,2025,SP,São Paulo,3550308,ABREE,PEV fixo,Ativo,02/12/2022
3169307-005,2025,MG,Tres Coracoes,3169307,Green Eletron,PEV fixo,Ativo,15/04/2023
3550308-280,2025,SP,SÃO PAULO,3550308,Green Eletron,PEV fixo,Ativo,03/04/2022
3508306-003,2025,SP,Cabrália Paulista,3508306,Sistema individual,PEV fixo,Ativo,01/03/2021
3304557-219,2025,RJ,Rio de Janeiro,3304557,Green Eletron,PEV fixo,Ativo,24/02/2024
3533007-000,2025,SP,NOVA GRANADA,3533007,ABREE,PEV fixo,Ativo,28/11/2019
4205407-039,2025,SC,Florianópolis,4205407,Green Eletron,PEV fixo,Ativo,04/06/2020
4322103-000,2025,RS,TUCUNDUVA,4322103,Green Eletron,PEV fixo,Ativo,20/07/2022
3512001-002,2025,SP,Colina,3512001,ABREE,PEV fixo,Ativo,18/10/2022
1302603-001,2025,AM,Manaus,1302603,ABREE,PEV fixo,Ativo,16/03/2019
3550308-199,2025,SP,SÃO PAULO,3550308,ABREE,PEV fixo,Ativo,23/11/2021
4319406-000,2025,RS,Sao Pedro do Sul,4319406,ABREE,PEV fixo,Ativo,26/08/2019
3543006-000,2025,SP,Ribeirão Branco,,ABREE,PEV fixo,Ativo,10/04/2019
3106200-011,2025,MG,Belo Horizonte,3106200,Green Eletron,PEV fixo,Ativo,12/02/2020
2702702-000,2025,AL,  Feliz Deserto ,2702702,Green Eletron,PEV fixo,Ativo,19/12/2022
3304557-053,2025,RJ,RIO DE JANEIRO,3304557,ABREE,PEV fixo,Ativo,08/06/2020
3550308-231,2025,SP,SÃO PAULO,3550308,ABREE,PEV fixo,Ativo,18/05/2021
2302800-001,2025,CE,Canindé,2302800,Green Eletron,Ponto de consolidação,Ativo,05/12/2024
3106200-065,2025,MG,BELO HORIZONTE,3106200,ABREE,Ponto de consolidação,Ativo,06/10/2020
3549904-007,2025,SP,São José dos Campos,3549904,Green Eletron,PEV fixo,Ativo,17/01/2023
2800308-001,2025,SE,Aracaju,2800308,Green Eletron,Ponto de consolidação,Ativo,06/08/2019
1502004-000,2025,PA,  Cachoeira do Arari ,1502004,Green Eletron,PEV fixo,Ativo,21/01/2022
3106309-001,2025,MG,BELO ORIENTE,3106309,Sistema individual,PEV fixo,Ativo,01/07/2025
3550308-165,2025,SP,São Paulo,3550308,ABREE,PEV fixo,Ativo,06/07/2020
4202859-000,2025,SC,Braço do Trombudo,4202859,Green Eletron,PEV fixo,Ativo,18/03/2024
4118857-000,2025,PR,  Perobal ,4118857,ABREE,PEV fixo,Ativo,19/02/2025
2605806-001,2025,PE,Frei Miguelinho,2605806,ABREE,PEV fixo,Ativo,04/02/2019
2929354-000,2025,BA,Sao Jose da Vitoria,2929354,ABREE,PEV fixo,Ativo,08/06/2020
2903508-001,2025,BA,Belo Campo,2903508,ABREE,Campanha itinerante,Ativo,02/04/2020
3304557-126,2025,RJ,Rio de Janeiro,3304557,ABREE,PEV fixo,Ativo,22/07/2022
3106200-157,2025,MG,Belo Horizonte,3106200,Green Eletron,PEV fixo,Ativo,21/02/2021
3101409-000,2025,MG,Albertina,3101409,Green Eletron,PEV fixo,Ativo,16/11/2019
4314902-085,2025,RS,  Porto Alegre ,4314902,ABREE,PEV fixo,Ativo,05/06/2021
2927408-034,2025,BA,SALVADOR,2927408,Sistema individual,PEV fixo,Inativo,04/09/2019
2927408-129,2025,BA,Salvador,2927408,ABREE,PEV fixo,Ativo,03/06/2022
2412203-000,2025,RN,SÃO JOSÉ DE MIPIBU,2412203,Green Eletron,PEV fixo,Ativo,22/06/2021
3169802-000,2025,MG,Turvolândia,3169802,ABREE,Ponto de consolidação,Ativo,06/12/2025
2207959-000,2025,PI,Nova Santa Rita,2207959,ABREE,PEV fixo,Ativo,11/10/2022
4314902-072,2025,RS,Porto Alegre,4314902,Sistema individual,Ponto de consolidação,Ativo,18/09/2021
3550308-050,2025,SP,Sao Paulo,3550308,ABREE,PEV fixo,Ativo,28/04/2019
3550308-079,2025,SP,Sao Paulo,3550308,Green Eletron,PEV fixo,Ativo,24/08/2019
3538808-002,2025,SP,Piraju,3538808,ABREE,Campanha itinerante,Ativo,04/10/2019
5208707-018,2025,GO,Goiania,5208707,ABREE,PEV fixo,Ativo,14/03/2022
4314902-050,2025,RS,PORTO ALEGRE,4314902,Green Eletron,PEV fixo,Ativo,03/11/2020
2501104-000,2025,PB,Areia,2501104,Green Eletron,PEV fixo,Ativo,23/06/2019
2203750-000,2025,PI,  Fartura do Piauí ,2203750,ABREE,PEV fixo,Ativo,04/02/2021
4127304-000,2025,PR,Terra Rica,4127304,Green Eletron,Ponto de consolidação,Ativo,13/03/2023
3511003-000,2025,SP,CASTILHO,3511003,ABREE,Campanha itinerante,Ativo,24/01/2023
3303302-016,2025,RJ,Niterói,3303302,Sistema individual,PEV fixo,Ativo,17/01/2024
3106200-315,2025,MG,Belo Horizonte,3106200,Green Eletron,PEV fixo,Ativo,14/10/2024
1505494-000,2025,PA,Palestina do Para,1505494,ABREE,PEV fixo,Ativo,21/04/2024
1200450-001,2025,AC,Senador Guiomard,1200450,ABREE,PEV fixo,Ativo,10/04/2025
4103453-000,2025,PR,CAFELÂNDIA,4103453,Green Eletron,PEV fixo,Ativo,23/03/2021
1300029-003,2025,AM,Alvarães,1300029,Green Eletron,PEV fixo,Ativo,12/08/2020
2406155-000,2025,RN,Jundiá,2406155,ABREE,PEV fixo,Ativo,27/07/2022
4314159-000,2025,RS,Paverama,4314159,ABREE,PEV fixo,Ativo,04/09/2020
4201273-001,2025,SC,Arabutã,4201273,ABREE,PEV fixo,Ativo,17/06/2024
2921708-001,2025,BA,Morro do Chapéu,2921708,Green Eletron,PEV fixo,Ativo,03/05/2021
3550308-046,2025,SP,São Paulo,3550308,ABREE,PEV fixo,Ativo,05/10/2019
4215703-000,2025,SC,Santo Amaro da Imperatriz,4215703,ABREE,Ponto de consolidação,Ativo,13/02/2019
5205497-000,2025,GO,Cidade Ocidental,5205497,ABREE,PEV fixo,Ativo,10/11/2019
5104500-003,2025,MT,Indiavai,5104500,Green Eletron,PEV fixo,Ativo,28/10/2024
4106902-014,2025,PR,Curitiba,4106902,ABREE,PEV fixo,Ativo,22/03/2020
3300308-009,2025,RJ,Barra do Piraí,3300308,Green Eletron,Campanha itinerante,Ativo,01/05/2022
1505635-000,2025,PA,PIÇARRA,1505635,ABREE,PEV fixo,Ativo,20/04/2021
1715150-000,2025,TO,Novo Alegre,1715150,ABREE,Ponto de consolidação,Ativo,17/12/2024
2205359-000,2025,PI,JOÃO COSTA,2205359,ABREE,PEV fixo,Ativo,19/04/2020
3106200-188,2025,MG,Belo Horizonte,3106200,Sistema individual,PEV fixo,Ativo,12/11/2022
3106200-097,2025,MG,Belo Horizonte,3106200,ABREE,PEV fixo,Inativo,03/09/2021
2204709-000,2025,PI,Inhuma,2204709,Green Eletron,PEV fixo,Ativo,23/05/2019
3157906-000,2025,MG,Santa Margarida,3157906,Green Eletron,PEV fixo,Ativo,03/12/2022
3550308-152,2025,SP,São Paulo,3550308,Green Eletron,PEV fixo,Ativo,13/01/2020
2927408-060,2025,BA,Salvador,2927408,ABREE,PEV fixo,Ativo,22/12/2020
4306551-000,2025,RS,  Dom Pedro de Alcântara ,4306551,Green Eletron,PEV fixo,Ativo,19/07/2021
3205036-000,2025,ES,Vargem Alta,3205036,Green Eletron,Ponto de consolidação,Ativo,25/08/2023
2927408-064,2025,BA,Salvador,2927408,ABREE,PEV fixo,Ativo,19/12/2020
2111300-095,2025,MA,São Luís,2111300,ABREE,Ponto de consolidação,Ativo,14/02/2023
2906808-000,2025,BA,CANSANÇÃO,2906808,ABREE,Ponto de consolidação,Ativo,17/04/2019
2933257-000,2025,BA,VEREDA,2933257,ABREE,Ponto de consolidação,Ativo,26/09/2019
3107307-000,2025,MG,Bocaiuva,3107307,ABREE,PEV fixo,Ativo,15/10/2020
3106200-006,2025,MG,Belo Horizonte,3106200,ABREE,Ponto de consolidação,Ativo,08/09/2020
4314902-009,2025,RS,Porto Alegre,4314902,ABREE,PEV fixo,Ativo,07/10/2020
2300705-011,2025,CE,Alto Santo,2300705,ABREE,PEV fixo,Ativo,18/04/2023
3137809-001,2025,MG,LAMBARI,3137809,ABREE,Campanha itinerante,Ativo,10/03/2022
2902609-000,2025,BA,Baixa Grande,2902609,Green Eletron,PEV fixo,Ativo,18/11/2019
3513405-000,2025,SP,Cruzeiro,3513405,Green Eletron,PEV fixo,Ativo,28/10/2021
2927408-055,2025,BA,SALVADOR,2927408,ABREE,PEV fixo,Ativo,17/05/2020
3515350-000,2025,SP,Euclides da Cunha Paulista,3515350,ABREE,PEV fixo,Ativo,19/10/2023
1718006-000,2025,TO,Porto Alegre do Tocantins,1718006,Green Eletron,PEV fixo,Ativo,11/11/2020
3522307-002,2025,SP,ITAPETININGA,3522307,Green Eletron,PEV fixo,Ativo,24/06/2025
3550308-188,2025,SP,São Paulo,3550308,ABREE,PEV fixo,Ativo,17/04/2021
2414753-000,2025,RN,  Venha-Ver ,2414753,ABREE,PEV fixo,Ativo,09/05/2023
5204557-000,2025,GO,  Caldazinha ,5204557,Green Eletron,Ponto de consolidação,Ativo,16/10/2020
3166204-000,2025,MG,Senhora dos Remédios,,Sistema individual,PEV fixo,Ativo,13/04/2021
4321667-000,2025,RS,TRÊS CACHOEIRAS,4321667,ABREE,Campanha itinerante,Ativo,08/11/2020
3305505-003,2025,RJ,Saquarema,3305505,Green Eletron,PEV fixo,Ativo,09/03/2023
3301207-004,2025,RJ,CARMO,3301207,ABREE,PEV fixo,Ativo,15/02/2024
3304557-218,2025,RJ,Rio de Janeiro,3304557,ABREE,PEV fixo,Ativo,12/06/2024
2606200-000,2025,PE,GOIANA,2606200,ABREE,PEV fixo,Ativo,18/02/2023
3304557-062,2025,RJ,Rio de Janeiro,3304557,ABREE,PEV fixo,Ativo,15/06/2020
3166808-000,2025,MG,SERRA DO SALITRE,3166808,Sistema individual,PEV fixo,Ativo,02/05/2019
4108403-000,2025,PR,Francisco Beltrão,4108403,Sistema individual,PEV fixo,Ativo,01/06/2022
3538808-000,2025,SP,Piraju,3538808,ABREE,PEV fixo,Ativo,01/03/2019
5201405-000,2025,GO,Aparecida de Goiânia,5201405,Green Eletron,PEV fixo,Ativo,19/03/2024
1703305-001,2025,TO,Bom Jesus do Tocantins,1703305,ABREE,Campanha itinerante,Ativo,19/03/2022
3134905-000,2025,MG,JACUTINGA,3134905,Sistema individual,PEV fixo,Ativo,18/07/2019
4106902-041,2025,PR,CURITIBA,4106902,ABREE,PEV fixo,Ativo,08/06/2021
4205407-047,2025,SC,Florianópolis,4205407,ABREE,Ponto de consolidação,Ativo,04/06/2021
3106200-073,2025,MG,Belo Horizonte,3106200,ABREE,PEV fixo,Ativo,18/05/2020
4314902-067,2025,RS,Porto Alegre,4314902,Green Eletron,PEV fixo,Ativo,15/02/2021
1302553-001,2025,AM,Manaquiri,1302553,ABREE,PEV fixo,Ativo,04/03/2022
3517703-003,2025,SP,GUARÁ,3517703,Green Eletron,PEV fixo,Ativo,14/02/2022
4210852-000,2025,SC,MIRIM DOCE,4210852,ABREE,PEV fixo,Ativo,18/01/2020
3145901-000,2025,MG,  Ouro Branco ,3145901,Green Eletron,PEV fixo,Ativo,09/07/2021
2927408-107,2025,BA,Salvador,2927408,Green Eletron,Campanha itinerante,Ativo,17/12/2022
3201100-000,2025,ES,  Bom Jesus do Norte ,3201100,ABREE,Ponto de consolidação,Ativo,27/12/2022
2931509-000,2025,BA,TEOFILÂNDIA,2931509,Green Eletron,Ponto de consolidação,Ativo,26/12/2019
2902104-000,2025,BA,Araci,2902104,ABREE,PEV fixo,Ativo,12/08/2021
3136405-000,2025,MG,Joaquim Felício,3136405,ABREE,Campanha itinerante,Inativo,11/04/2019
3106200-221,2025,MG,BELO HORIZONTE,3106200,ABREE,PEV fixo,Ativo,09/10/2023
2611606-083,2025,PE,Recife,2611606,Green Eletron,PEV fixo,Ativo,26/11/2023
2616183-005,2025,PE,Vertente do Lério,2616183,Green Eletron,PEV fixo,Ativo,03/08/2020
4314902-133,2025,RS,PORTO ALEGRE,,Sistema individual,PEV fixo,Ativo,16/03/2023
3300258-001,2025,RJ,Arraial do Cabo,3300258,Green Eletron,PEV fixo,Ativo,14/01/2020
3522901-003,2025,SP,Itapui,3522901,ABREE,PEV fixo,Ativo,15/02/2023
4122305-000,2025,PR,Rio Negro,4122305,Green Eletron,PEV fixo,Ativo,03/12/2020
5107305-000,2025,MT,São José do Rio Claro,5107305,ABREE,Campanha itinerante,Ativo,21/05/2020
5103007-000,2025,MT,Chapada dos Guimarães,5103007,ABREE,PEV fixo,Ativo,07/03/2024
3106200-247,2025,MG,BELO HORIZONTE,3106200,ABREE,PEV fixo,Ativo,25/05/2023
3532306-012,2025,SP,Natividade da Serra,3532306,Sistema individual,PEV fixo,Ativo,03/07/2024
4218954-000,2025,SC,URUPEMA,4218954,Green Eletron,Campanha itinerante,Ativo,18/03/2025
3538808-033,2025,SP,Piraju,3538808,Green Eletron,PEV fixo,Ativo,12/01/2023
2911600-000,2025,BA,Governador Mangabeira,2911600,ABREE,PEV fixo,Ativo,20/10/2020
4310207-014,2025,RS,Ijui,4310207,Green Eletron,PEV fixo,Ativo,22/07/2024
2403806-000,2025,RN,FLORÂNIA,2403806,Green Eletron,Ponto de consolidação,Ativo,26/02/2021
2800308-022,2025,SE,Aracaju,2800308,Green Eletron,PEV fixo,Ativo,04/09/2022
2111300-027,2025,MA,São Luís,2111300,Green Eletron,PEV fixo,Ativo,17/03/2019
2211001-023,2025,PI,Teresina,2211001,Green Eletron,PEV fixo,Ativo,11/11/2023
2414209-000,2025,RN,Tibau do Sul,2414209,ABREE,PEV fixo,Ativo,23/02/2022
4304622-000,2025,RS,CAPÃO BONITO DO SUL,4304622,Green Eletron,Campanha itinerante,Ativo,28/10/2019
1300029-008,2025,AM,Alvarães,1300029,Green Eletron,PEV fixo,Ativo,17/06/2023
2411056-000,2025,RN,Tibau,2411056,ABREE,PEV fixo,Ativo,20/07/2022
3110509-000,2025,MG,CAMANDUCAIA,3110509,Green Eletron,PEV fixo,Ativo,09/05/2019
2104800-000,2025,MA,GRAJAÚ,2104800,Sistema individual,PEV fixo,Ativo,10/05/2025
5108055-000,2025,MT,TERRA NOVA DO NORTE,5108055,Green Eletron,PEV fixo,Ativo,21/08/2019
5214804-000,2025,GO,NOVA AURORA,5214804,Green Eletron,PEV fixo,Ativo,23/06/2025
3106200-028,2025,MG,Belo Horizonte,3106200,ABREE,PEV fixo,Ativo,02/04/2020
2207793-000,2025,PI,  Pau D'Arco do Piauí ,2207793,ABREE,PEV fixo,Ativo,24/12/2020
3506003-000,2025,SP,Bauru,3506003,Green Eletron,PEV fixo,Ativo,03/10/2022
2303931-000,2025,CE,  Choró ,2303931,ABREE,PEV fixo,Ativo,07/01/2022
5300108-039,2025,DF,Brasília,5300108,Green Eletron,PEV fixo,Ativo,03/05/2020
4128559-000,2025,PR,Vera Cruz do Oeste,,ABREE,Ponto de consolidação,Ativo,06/11/2021
2927408-108,2025,BA,Salvador,2927408,Green Eletron,PEV fixo,Ativo,03/11/2022
1600303-001,2025,AP,Macapa,1600303,ABREE,PEV fixo,Ativo,06/08/2021
4317608-000,2025,RS,Santo Antônio da Patrulha,4317608,ABREE,PEV fixo,Ativo,06/06/2020
3304557-044,2025,RJ,RIO DE JANEIRO,3304557,ABREE,PEV fixo,Ativo,15/07/2020
3512100-005,2025,SP,Colômbia,3512100,Green Eletron,Ponto de consolidação,Ativo,07/03/2025
2615102-000,2025,PE,  Terezinha ,2615102,ABREE,PEV fixo,Ativo,18/03/2019
3550308-220,2025,SP,  São Paulo ,3550308,ABREE,PEV fixo,Ativo,28/01/2021
3304557-221,2025,RJ,  Rio de Janeiro ,3304557,Green Eletron,PEV fixo,Ativo,16/10/2024
3108701-000,2025,MG,Bras Pires,3108701,ABREE,Ponto de consolidação,Ativo,19/11/2022
2927408-039,2025,BA,SALVADOR,2927408,Green Eletron,PEV fixo,Ativo,25/04/2019
2102077-000,2025,MA,Bom Lugar,2102077,ABREE,PEV fixo,Ativo,05/04/2019
3106200-216,2025,MG,Belo Horizonte,3106200,ABREE,PEV fixo,Ativo,05/06/2022
2108405-001,2025,MA,Peri Mirim,2108405,ABREE,Campanha itinerante,Ativo,15/07/2023
5200134-000,2025,GO,Acreúna,5200134,Green Eletron,PEV fixo,Ativo,27/04/2019
2302107-003,2025,CE,BATURITÉ,,Sistema individual,PEV fixo,Ativo,25/10/2020
2611606-008,2025,PE,Recife,2611606,Sistema individual,PEV fixo,Ativo,26/07/2020
3106200-106,2025,MG,Belo Horizonte,3106200,Green Eletron,PEV fixo,Ativo,09/11/2021
4106902-070,2025,PR,Curitiba,4106902,Green Eletron,PEV fixo,Ativo,19/12/2023
3150539-000,2025,MG,Pingo-d'Água,3150539,Green Eletron,Campanha itinerante,Ativo,18/12/2019
3304557-057,2025,RJ,RIO DE JANEIRO,3304557,Green Eletron,PEV fixo,Ativo,17/09/2020
5209200-000,2025,GO,Guapó,5209200,Sistema individual,PEV fixo,Ativo,07/10/2021
2302800-000,2025,CE,Caninde,2302800,Sistema individual,PEV fixo,Ativo,03/09/2021
1702000-000,2025,TO,Araguacu,1702000,Green Eletron,PEV fixo,Ativo,09/02/2019
2304251-010,2025,CE,Cruz,2304251,ABREE,PEV fixo,Ativo,06/09/2022
3536505-002,2025,SP,PAULÍNIA,3536505,ABREE,PEV fixo,Ativo,20/05/2023
3142205-000,2025,MG,Miraí,3142205,Green Eletron,PEV fixo,Ativo,05/03/2021
3538808-021,2025,SP,PIRAJU,3538808,ABREE,PEV fixo,Inativo,22/04/2021
4211405-000,2025,SC,Nova Erechim,4211405,Green Eletron,PEV fixo,Ativo,10/07/2022
2304400-059,2025,CE,Fortaleza,2304400,Green Eletron,Ponto de consolidação,Inativo,10/09/2021
3550308-187,2025,SP,SÃO PAULO,3550308,ABREE,PEV fixo,Ativo,13/11/2021
4205407-069,2025,SC,FLORIANÓPOLIS,4205407,ABREE,PEV fixo,Ativo,08/04/2022
2503704-000,2025,PB,Cajazeiras,2503704,Green Eletron,PEV fixo,Ativo,19/09/2023
3550308-054,2025,SP,São Paulo,3550308,ABREE,PEV fixo,Ativo,23/04/2019
3301108-017,2025,RJ,Cantagalo,3301108,ABREE,PEV fixo,Ativo,05/11/2022
4314902-045,2025,RS,Porto Alegre,4314902,ABREE,PEV fixo,Ativo,18/10/2020
3163508-000,2025,MG,São José do Jacuri,3163508,Green Eletron,PEV fixo,Ativo,21/07/2025
3507100-000,2025,SP,  Bom Jesus dos Perdões ,3507100,ABREE,PEV fixo,Ativo,13/11/2021
3205309-022,2025,ES,Vitória,3205309,ABREE,Ponto de consolidação,Ativo,05/07/2023
4311809-000,2025,RS,  Marau ,4311809,Sistema individual,PEV fixo,Ativo,10/07/2022
4312203-000,2025,RS,MAXIMILIANO DE ALMEIDA,4312203,Green Eletron,PEV fixo,Ativo,23/11/2019
3106200-009,2025,MG,Belo Horizonte,3106200,Green Eletron,PEV fixo,Ativo,19/05/2020
3301108-019,2025,RJ,Cantagalo,3301108,ABREE,PEV fixo,Ativo,18/08/2022
3550308-000,2025,SP,SÃO PAULO,3550308,ABREE,PEV fixo,Ativo,06/02/2019
3102506-000,2025,MG,Amparo do Serra,3102506,ABREE,PEV fixo,Ativo,21/01/2022
3550308-125,2025,SP,São Paulo,3550308,ABREE,PEV fixo,Ativo,20/06/2020
3556404-001,2025,SP,Vargem Grande do Sul,3556404,Sistema individual,PEV fixo,Ativo,04/10/2023
3549250-001,2025,SP,São João de Iracema,3549250,ABREE,PEV fixo,Ativo,24/01/2019
2902658-000,2025,BA,Banzae,2902658,ABREE,PEV fixo,Ativo,22/11/2021
2302107-004,2025,CE,Baturité,2302107,Green Eletron,PEV fixo,Ativo,24/03/2021
3302502-004,2025,RJ,MAGÉ,3302502,ABREE,PEV fixo,Ativo,25/05/2021
3526209-000,2025,SP,  Juquitiba ,3526209,Green Eletron,PEV fixo,Ativo,25/02/2020
5300108-083,2025,DF,Brasília,5300108,Green Eletron,PEV fixo,Ativo,24/07/2022
2303105-000,2025,CE,Cariré,2303105,ABREE,PEV fixo,Ativo,27/08/2021
1501204-006,2025,PA,  Baião ,1501204,Green Eletron,PEV fixo,Ativo,12/10/2021
4314902-126,2025,RS,Porto Alegre,4314902,ABREE,PEV fixo,Ativo,07/05/2023
4107256-000,2025,PR,Douradina,4107256,ABREE,Ponto de consolidação,Ativo,22/12/2024
4320677-000,2025,RS,Sinimbu,4320677,Green Eletron,PEV fixo,Ativo,24/01/2025
3304557-087,2025,RJ,RIO DE JANEIRO,3304557,Green Eletron,PEV fixo,Ativo,17/03/2021
5211701-000,2025,GO,Jandaia,5211701,ABREE,Campanha itinerante,Ativo,08/08/2021
2918902-000,2025,BA,LAJEDÃO,2918902,Sistema individual,Campanha itinerante,Ativo,01/04/2023
2925105-000,2025,BA,Poções,2925105,ABREE,Campanha itinerante,Ativo,24/10/2025
2304400-024,2025,CE,Fortaleza,2304400,ABREE,PEV fixo,Ativo,10/12/2019
3106200-140,2025,MG,Belo Horizonte,3106200,Sistema individual,PEV fixo,Ativo,26/07/2021
4100509-005,2025,PR,Altonia,4100509,ABREE,PEV fixo,Ativo,04/01/2025
3201902-001,2025,ES,Domingos Martins,3201902,ABREE,PEV fixo,Ativo,02/02/2021
3531407-000,2025,SP,Monte Aprazível,3531407,ABREE,PEV fixo,Ativo,19/11/2020
3138500-000,2025,MG,LIBERDADE,3138500,ABREE,PEV fixo,Ativo,27/04/2020
2506509-000,2025,PB,Gurjão,2506509,ABREE,PEV fixo,Ativo,11/02/2021
3550308-004,2025,SP,SÃO PAULO,3550308,ABREE,PEV fixo,Ativo,13/01/2019
1716208-000,2025,TO,Paranã,1716208,ABREE,PEV fixo,Ativo,20/07/2019
2704005-000,2025,AL,JUNQUEIRO,2704005,ABREE,Ponto de consolidação,Ativo,03/11/2023
5208707-003,2025,GO,Goiania,5208707,Green Eletron,PEV fixo,Ativo,08/12/2019
2921708-003,2025,BA,Morro do Chapeu,2921708,ABREE,PEV fixo,Ativo,16/10/2023
3510302-003,2025,SP,Capela do Alto,3510302,ABREE,PEV fixo,Inativo,18/06/2024
4212700-000,2025,SC,Petrolandia,4212700,Green Eletron,PEV fixo,Ativo,22/04/2020
3530102-000,2025,SP,Mirandopolis,3530102,Green Eletron,PEV fixo,Ativo,11/10/2020
3526407-000,2025,SP,Laranjal Paulista,3526407,ABREE,PEV fixo,Ativo,08/11/2020
3112059-000,2025,MG,CANTAGALO,3112059,Sistema individual,PEV fixo,Ativo,03/02/2025
3202652-003,2025,ES,  Irupi ,3202652,ABREE,PEV fixo,Ativo,21/03/2025
5300108-029,2025,DF,Brasília,5300108,Green Eletron,PEV fixo,Ativo,28/09/2019
4104204-000,2025,PR,Campo Largo,4104204,Green Eletron,Campanha itinerante,Ativo,02/05/2025
3549409-000,2025,SP,SÃO JOAQUIM DA BARRA,3549409,Green Eletron,Ponto de consolidação,Ativo,10/07/2024
1302603-006,2025,AM,Manaus,1302603,ABREE,PEV fixo,Ativo,17/08/2021
5300108-079,2025,DF,Brasilia,5300108,Green Eletron,PEV fixo,Ativo,08/12/2022
2304400-056,2025,CE,Fortaleza,2304400,Green Eletron,PEV fixo,Ativo,03/10/2021
3141504-000,2025,MG,MENDES PIMENTEL,3141504,Green Eletron,PEV fixo,Ativo,25/06/2021
3502101-000,2025,SP,Andradina,3502101,ABREE,PEV fixo,Ativo,23/07/2025
3305406-001,2025,RJ,SAPUCAIA,3305406,Green Eletron,PEV fixo,Ativo,22/12/2019
4213500-000,2025,SC,Porto Belo,4213500,Green Eletron,PEV fixo,Ativo,14/09/2023
2803609-000,2025,SE,Laranjeiras,2803609,ABREE,PEV fixo,Ativo,26/12/2020
2309904-005,2025,CE,Pacujá,2309904,ABREE,Ponto de consolidação,Ativo,28/08/2022
2702504-000,2025,AL,  Dois Riachos ,2702504,ABREE,PEV fixo,Ativo,03/02/2022
4309803-000,2025,RS,IBIAÇÁ,4309803,Green Eletron,PEV fixo,Ativo,20/04/2022
4314902-175,2025,RS,Porto Alegre,4314902,Green Eletron,PEV fixo,Ativo,23/11/2024
4205407-033,2025,SC,Florianópolis,4205407,ABREE,PEV fixo,Ativo,06/05/2020
2927408-089,2025,BA,SALVADOR,2927408,Green Eletron,PEV fixo,Ativo,16/08/2021
3110806-000,2025,MG,Campanário,3110806,Green Eletron,PEV fixo,Ativo,25/09/2021
3160108-000,2025,MG,Santo Antônio do Grama,3160108,Sistema individual,PEV fixo,Ativo,26/11/2019
4306304-000,2025,RS,David Canabarro,4306304,Green Eletron,PEV fixo,Ativo,02/08/2022
2904902-000,2025,BA,Cachoeira,2904902,ABREE,PEV fixo,Ativo,02/12/2022
4125001-000,2025,PR,SÃO JOÃO DO IVAÍ,4125001,ABREE,Ponto de consolidação,Ativo,10/02/2025
2602407-000,2025,PE,Brejão,2602407,Green Eletron,PEV fixo,Ativo,25/10/2024
3302700-004,2025,RJ,MARICÁ,3302700,Green Eletron,Ponto de consolidação,Ativo,21/01/2019
1300201-000,2025,AM,  Atalaia do Norte ,1300201,ABREE,PEV fixo,Ativo,04/03/2023
2502201-000,2025,PB,BOM JESUS,2502201,ABREE,PEV fixo,Ativo,02/10/2021
3550308-225,2025,SP,São Paulo,3550308,ABREE,PEV fixo,Ativo,10/11/2021
3140902-000,2025,MG,Matipó,3140902,ABREE,PEV fixo,Ativo,24/08/2025
3550308-030,2025,SP,SÃO PAULO,3550308,ABREE,PEV fixo,Ativo,27/10/2019
4117214-000,2025,PR,Nova Santa Barbara,4117214,ABREE,PEV fixo,Ativo,15/07/2024
3167509-000,2025,MG,Simão Pereira,3167509,Sistema individual,PEV fixo,Ativo,05/12/2021
3550308-201,2025,SP,São Paulo,3550308,Green Eletron,PEV fixo,Ativo,23/10/2021
2207850-005,2025,PI,Pavussu,2207850,ABREE,Ponto de consolidação,Ativo,26/01/2025
2408607-000,2025,RN,  Paraná ,2408607,Green Eletron,PEV fixo,Ativo,10/05/2021
4106902-091,2025,PR,Curitiba,4106902,ABREE,PEV fixo,Ativo,28/08/2024
4315206-000,2025,RS,Putinga,4315206,ABREE,Campanha itinerante,Ativo,12/01/2019
4300638-001,2025,RS,AMARAL FERRADOR,4300638,Green Eletron,PEV fixo,Ativo,15/06/2025
2905305-000,2025,BA,Cafarnaum,2905305,ABREE,PEV fixo,Ativo,27/02/2019
1302603-012,2025,AM,Manaus,1302603,ABREE,PEV fixo,Ativo,08/05/2023
4300802-000,2025,RS,Antônio Prado,4300802,ABREE,PEV fixo,Ativo,25/03/2022
5214705-000,2025,GO,Nova América,5214705,ABREE,PEV fixo,Ativo,15/04/2022
3505708-000,2025,SP,Barueri,3505708,Green Eletron,PEV fixo,Ativo,15/09/2024
3538808-010,2025,SP,Piraju,3538808,Green Eletron,PEV fixo,Ativo,22/09/2019
1501204-004,2025,PA,Baiao,1501204,ABREE,PEV fixo,Ativo,28/05/2020
3539301-004,2025,SP,PIRASSUNUNGA,3539301,Green Eletron,PEV fixo,Ativo,14/06/2024
1501253-000,2025,PA,  Bannach ,1501253,Green Eletron,PEV fixo,Ativo,07/09/2022
5300108-040,2025,DF,Brasilia,5300108,ABREE,PEV fixo,Ativo,01/01/2020
2930774-003,2025,BA,Sobradinho,2930774,Green Eletron,PEV fixo,Ativo,25/07/2025
5106703-000,2025,MT,  Ponte Branca ,5106703,ABREE,PEV fixo,Ativo,21/01/2022
2311355-000,2025,CE,Quixelo,2311355,Sistema individual,PEV fixo,Ativo,22/09/2022
3532306-002,2025,SP,NATIVIDADE DA SERRA,3532306,ABREE,PEV fixo,Ativo,23/09/2020
3548500-000,2025,SP,SANTOS,3548500,ABREE,PEV fixo,Ativo,05/10/2022
2927408-011,2025,BA,SALVADOR,2927408,ABREE,Ponto de consolidação,Ativo,16/03/2019
3532306-003,2025,SP,  Natividade da Serra ,3532306,Green Eletron,PEV fixo,Ativo,20/03/2020
3203106-001,2025,ES,Jeronimo Monteiro,3203106,ABREE,PEV fixo,Ativo,22/04/2025
3522703-004,2025,SP,Itápolis,3522703,Green Eletron,PEV fixo,Ativo,20/08/2022
3509403-000,2025,SP,Cajuru,3509403,Green Eletron,PEV fixo,Ativo,01/04/2024
3157278-000,2025,MG,Santa Bárbara do Monte Verde,3157278,Green Eletron,PEV fixo,Ativo,05/04/2022
5200852-000,2025,GO,Americano do Brasil,5200852,ABREE,PEV fixo,Ativo,24/02/2025
2209658-000,2025,PI,SÃO FRANCISCO DE ASSIS DO PIAUÍ,2209658,ABREE,PEV fixo,Ativo,17/05/2020
4114401-000,2025,PR,Mangueirinha,4114401,ABREE,PEV fixo,Ativo,01/08/2021
4305439-000,2025,RS,CHUÍ,4305439,Green Eletron,PEV fixo,Ativo,25/03/2022
2111300-061,2025,MA,São Luís,2111300,Green Eletron,PEV fixo,Ativo,06/03/2021
3304557-035,2025,RJ,RIO DE JANEIRO,3304557,ABREE,PEV fixo,Ativo,14/01/2020
1100205-010,2025,RO,Porto Velho,1100205,ABREE,PEV fixo,Ativo,12/03/2023
4122701-000,2025,PR,SABÁUDIA,4122701,Green Eletron,PEV fixo,Ativo,15/10/2019
2111300-007,2025,MA,São Luís,2111300,Green Eletron,PEV fixo,Ativo,08/01/2019
4320404-000,2025,RS,Serafina Corrêa,4320404,Sistema individual,Campanha itinerante,Ativo,27/08/2019
1600154-000,2025,AP,Pedra Branca do Amapari,1600154,Green Eletron,PEV fixo,Ativo,06/12/2020
3106200-064,2025,MG,Belo Horizonte,3106200,Green Eletron,PEV fixo,Ativo,16/11/2020
2303303-000,2025,CE,Cariús,2303303,ABREE,Ponto de consolidação,Ativo,02/09/2019
3542602-006,2025,SP,REGISTRO,3542602,ABREE,PEV fixo,Ativo,22/11/2022
4100459-000,2025,PR,ALTAMIRA DO PARANÁ,4100459,Green Eletron,Ponto de consolidação,Ativo,27/05/2022
3106200-098,2025,MG,Belo Horizonte,3106200,ABREE,PEV fixo,Ativo,04/09/2021
2202133-000,2025,PI,Campo Grande do Piauí,2202133,ABREE,PEV fixo,Ativo,21/03/2022
1300706-001,2025,AM,Boca do Acre,1300706,Sistema individual,PEV fixo,Ativo,07/10/2020
3160009-000,2025,MG,Santo Antônio do Aventureiro,,ABREE,PEV fixo,Ativo,11/11/2022
2211001-006,2025,PI,TERESINA,2211001,Green Eletron,PEV fixo,Ativo,08/04/2019
2111573-000,2025,MA,São Pedro dos Crentes,2111573,ABREE,Ponto de consolidação,Ativo,20/09/2025
3549102-000,2025,SP,  São João da Boa Vista ,3549102,ABREE,PEV fixo,Ativo,26/07/2022
3121407-000,2025,MG,Desterro de Entre Rios,3121407,ABREE,PEV fixo,Ativo,21/01/2021
5102504-002,2025,MT,Cáceres,5102504,Sistema individual,Campanha itinerante,Ativo,20/02/2025
3550308-321,2025,SP,SÃO PAULO,3550308,ABREE,Ponto de consolidação,Ativo,21/10/2022
3550308-017,2025,SP,SÃO PAULO,3550308,Green Eletron,PEV fixo,Ativo,16/04/2019
2609402-000,2025,PE,Moreno,2609402,ABREE,PEV fixo,Ativo,14/11/2024
3506904-000,2025,SP,Bofete,3506904,ABREE,PEV fixo,Ativo,21/04/2021
2909109-000,2025,BA,Coribe,2909109,ABREE,Ponto de consolidação,Ativo,11/09/2023
2931350-000,2025,BA,TEIXEIRA DE FREITAS,2931350,Green Eletron,PEV fixo,Ativo,07/03/2019
3156908-000,2025,MG,  Sacramento ,3156908,Green Eletron,Ponto de consolidação,Ativo,28/08/2022
5221700-000,2025,GO,Uruana,5221700,ABREE,PEV fixo,Ativo,18/05/2022
3304557-163,2025,RJ,Rio de Janeiro,3304557,ABREE,PEV fixo,Ativo,23/07/2023
2611606-051,2025,PE,Recife,2611606,Green Eletron,PEV fixo,Ativo,27/05/2021
3107703-000,2025,MG,BOM JESUS DO AMPARO,3107703,Sistema individual,PEV fixo,Ativo,20/06/2021
2513356-000,2025,PB,SANTA INÊS,2513356,ABREE,PEV fixo,Ativo,15/10/2023
1718451-000,2025,TO,PUGMIL,1718451,ABREE,PEV fixo,Ativo,07/05/2022
4115457-007,2025,PR,Marquinho,4115457,ABREE,Campanha itinerante,Ativo,09/07/2022
5101001-001,2025,MT,Araguaiana,5101001,Green Eletron,PEV fixo,Ativo,10/03/2022
4106902-031,2025,PR,CURITIBA,4106902,ABREE,PEV fixo,Ativo,15/10/2021
5103403-011,2025,MT,Cuiabá,5103403,Green Eletron,PEV fixo,Ativo,13/01/2023
2915700-000,2025,BA,Itamari,2915700,Green Eletron,Ponto de consolidação,Ativo,01/10/2019
1300805-004,2025,AM,Borba,,ABREE,PEV fixo,Ativo,23/11/2024
4219101-001,2025,SC,Vargeão,4219101,Green Eletron,Campanha itinerante,Ativo,25/04/2022
2304400-032,2025,CE,Fortaleza,,Green Eletron,PEV fixo,Ativo,22/05/2020
3555208-000,2025,SP,Turiúba,3555208,Green Eletron,PEV fixo,Ativo,25/12/2021
3550308-205,2025,SP,São Paulo,3550308,ABREE,PEV fixo,Ativo,28/04/2021
3171808-000,2025,MG,VIRGINÓPOLIS,3171808,ABREE,PEV fixo,Ativo,05/07/2021
3550308-138,2025,SP,São Paulo,3550308,Green Eletron,PEV fixo,Ativo,15/03/2020
5105150-000,2025,MT,Juína,5105150,Green Eletron,PEV fixo,Ativo,05/09/2021
2501500-000,2025,PB,Bananeiras,2501500,ABREE,Campanha itinerante,Ativo,25/12/2023
2611606-085,2025,PE,Recife,2611606,Sistema individual,Campanha itinerante,Inativo,24/12/2023
1100205-000,2025,RO,Porto Velho,1100205,Green Eletron,PEV fixo,Ativo,03/05/2020
2912004-000,2025,BA,Ibiassuce,2912004,ABREE,Ponto de consolidação,Ativo,01/09/2023
3132008-000,2025,MG,Itacambira,3132008,Green Eletron,Ponto de consolidação,Ativo,09/09/2022
4106902-059,2025,PR,Curitiba,4106902,ABREE,PEV fixo,Ativo,05/10/2022
3522703-003,2025,SP,Itapolis,3522703,Sistema individual,PEV fixo,Ativo,13/06/2021
3304557-130,2025,RJ,RIO DE JANEIRO,3304557,ABREE,PEV fixo,Ativo,13/05/2022
2909703-000,2025,BA,CRISTÓPOLIS,2909703,Green Eletron,PEV fixo,Ativo,03/04/2023
3551306-005,2025,SP,SEBASTIANÓPOLIS DO SUL,3551306,ABREE,PEV fixo,Ativo,21/06/2021
2201309-000,2025,PI,BARREIRAS DO PIAUÍ,2201309,ABREE,PEV fixo,Ativo,21/09/2023
3304557-012,2025,RJ,RIO DE JANEIRO,3304557,Green Eletron,Ponto de consolidação,Ativo,22/06/2020
3543204-003,2025,SP,Ribeirão do Sul,3543204,Green Eletron,PEV fixo,Ativo,14/03/2024
4320263-000,2025,RS,Segredo,4320263,ABREE,PEV fixo,Ativo,21/09/2022
5002209-000,2025,MS,Bonito,5002209,ABREE,PEV fixo,Ativo,14/02/2025
2611606-065,2025,PE,Recife,2611606,Green Eletron,Campanha itinerante,Ativo,19/10/2022
3301108-026,2025,RJ,Cantagalo,3301108,Green Eletron,PEV fixo,Ativo,11/07/2023
3301108-018,2025,RJ,CANTAGALO,3301108,ABREE,PEV fixo,Ativo,22/10/2022
5203575-001,2025,GO,BONÓPOLIS,5203575,ABREE,PEV fixo,Ativo,13/04/2025
2105609-000,2025,MA,Joselândia,2105609,ABREE,PEV fixo,Ativo,21/11/2022
1501782-000,2025,PA,BREU BRANCO,1501782,Green Eletron,PEV fixo,Ativo,21/05/2019
3304557-008,2025,RJ,Rio de Janeiro,3304557,Green Eletron,PEV fixo,Ativo,18/06/2020
2304400-089,2025,CE,FORTALEZA,2304400,ABREE,PEV fixo,Ativo,09/07/2022
1300029-003,2025,AM,Alvarães,1300029,Green Eletron,PEV fixo,Ativo,12/08/2020
2611606-000,2025,PE,Recife,2611606,Green Eletron,PEV fixo,Ativo,11/12/2020
3106200-202,2025,MG,BELO HORIZONTE,3106200,ABREE,PEV fixo,Ativo,03/11/2022
4205407-082,2025,SC,FLORIANÓPOLIS,4205407,Green Eletron,PEV fixo,Ativo,12/09/2023
3140555-000,2025,MG,Mata Verde,3140555,Green Eletron,PEV fixo,Ativo,08/04/2025
2312700-000,2025,CE,Senador Pompeu,2312700,ABREE,PEV fixo,Ativo,09/05/2019
3162203-000,2025,MG,SÃO JOÃO BATISTA DO GLÓRIA,3162203,Sistema individual,PEV fixo,Ativo,15/01/2025
2611606-055,2025,PE,  Recife ,2611606,ABREE,Ponto de consolidação,Ativo,06/02/2022
1504208-005,2025,PA,Marabá,1504208,Green Eletron,Campanha itinerante,Ativo,28/06/2022
4318622-000,2025,RS,  São José dos Ausentes ,4318622,ABREE,PEV fixo,Ativo,22/11/2025
2908309-000,2025,BA,  Conceição do Almeida ,2908309,Green Eletron,Ponto de consolidação,Ativo,07/08/2024
3202207-000,2025,ES,Fundão,3202207,Green Eletron,PEV fixo,Ativo,25/03/2024
3546009-004,2025,SP,Santa Branca,3546009,Green Eletron,PEV fixo,Ativo,12/04/2021
3532504-007,2025,SP,NEVES PAULISTA,3532504,Green Eletron,PEV fixo,Ativo,21/10/2023
3302700-007,2025,RJ,Maricá,3302700,Green Eletron,PEV fixo,Ativo,28/09/2020
4310207-006,2025,RS,  Ijuí ,4310207,Sistema individual,PEV fixo,Ativo,04/04/2021
2513968-000,2025,PB,  São Domingos ,2513968,Sistema individual,PEV fixo,Ativo,01/02/2024
4106902-010,2025,PR,Curitiba,4106902,ABREE,PEV fixo,Ativo,07/06/2020
2200806-000,2025,PI,Antônio Almeida,2200806,ABREE,PEV fixo,Ativo,15/05/2019
3304557-224,2025,RJ,Rio de Janeiro,3304557,Green Eletron,PEV fixo,Ativo,28/10/2024
2927408-117,2025,BA,Salvador,2927408,ABREE,Campanha itinerante,Ativo,19/01/2022
3550308-335,2025,SP,São Paulo,3550308,ABREE,Ponto de consolidação,Ativo,14/05/2023
2611606-007,2025,PE,Recife,2611606,Sistema individual,PEV fixo,Ativo,10/07/2020
2919207-000,2025,BA,Lauro de Freitas,2919207,Green Eletron,PEV fixo,Ativo,21/05/2020
3504008-000,2025,SP,  Assis ,3504008,ABREE,PEV fixo,Ativo,17/01/2019
3300100-006,2025,RJ,ANGRA DOS REIS,3300100,ABREE,PEV fixo,Ativo,02/08/2023
3532306-007,2025,SP,NATIVIDADE DA SERRA,3532306,ABREE,PEV fixo,Ativo,19/03/2022
5208707-006,2025,GO,Goiânia,5208707,Green Eletron,PEV fixo,Ativo,12/12/2019
4317905-001,2025,RS,Santo Cristo,4317905,ABREE,PEV fixo,Ativo,05/04/2021
3550308-196,2025,SP,São Paulo,3550308,ABREE,PEV fixo,Ativo,18/02/2021
1304260-005,2025,AM,UARINI,1304260,Sistema individual,PEV fixo,Ativo,12/03/2023
1501402-033,2025,PA,Belém,1501402,ABREE,Ponto de consolidação,Ativo,10/03/2024
2111300-076,2025,MA,  São Luís ,2111300,ABREE,PEV fixo,Ativo,17/06/2022
4127700-000,2025,PR,Toledo,4127700,Green Eletron,PEV fixo,Ativo,22/08/2025
3535705-000,2025,SP,Paraíso,3535705,Green Eletron,PEV fixo,Ativo,18/09/2021
2504009-000,2025,PB,CAMPINA GRANDE,2504009,Green Eletron,PEV fixo,Ativo,06/11/2022
3545803-003,2025,SP,Santa Bárbara d'Oeste,3545803,ABREE,PEV fixo,Ativo,21/04/2023
3528007-004,2025,SP,Macatuba,3528007,Green Eletron,PEV fixo,Ativo,27/10/2024
4117271-001,2025,PR,Nova Tebas,4117271,ABREE,PEV fixo,Ativo,25/11/2025
2206720-000,2025,PI,Nazaria,2206720,Green Eletron,PEV fixo,Ativo,24/07/2022
3301405-000,2025,RJ,Conceição de Macabu,3301405,ABREE,PEV fixo,Ativo,24/07/2019
3304557-056,2025,RJ,RIO DE JANEIRO,3304557,ABREE,PEV fixo,Ativo,06/08/2020
2506202-000,2025,PB,Frei Martinho,2506202,ABREE,Campanha itinerante,Ativo,01/02/2019
2311009-000,2025,CE,Poranga,2311009,Green Eletron,PEV fixo,Ativo,09/04/2021
3119005-000,2025,MG,CORDISLÂNDIA,3119005,Green Eletron,PEV fixo,Inativo,16/09/2022
2111300-014,2025,MA,SÃO LUÍS,2111300,Green Eletron,PEV fixo,Ativo,07/04/2019
3506508-000,2025,SP,Birigui,3506508,ABREE,PEV fixo,Ativo,28/01/2025
2203602-001,2025,PI,Eliseu Martins,2203602,Sistema individual,PEV fixo,Ativo,04/02/2024
3146255-000,2025,MG,Padre Carvalho,3146255,ABREE,PEV fixo,Ativo,19/09/2024
5108956-004,2025,MT,Nova Monte Verde,5108956,ABREE,PEV fixo,Ativo,15/03/2022
2611606-057,2025,PE,RECIFE,2611606,Green Eletron,PEV fixo,Ativo,12/04/2022
5219803-000,2025,GO,Sao Domingos,5219803,ABREE,PEV fixo,Ativo,19/08/2024
3505500-000,2025,SP,Barretos,3505500,Green Eletron,PEV fixo,Ativo,09/07/2022
3555109-013,2025,SP,Tupi Paulista,3555109,Green Eletron,PEV fixo,Ativo,04/09/2022
3503000-001,2025,SP,Aramina,3503000,Sistema individual,PEV fixo,Ativo,15/01/2025
1501402-021,2025,PA,Belém,1501402,Green Eletron,PEV fixo,Ativo,02/08/2022
2927408-072,2025,BA,SALVADOR,2927408,Green Eletron,PEV fixo,Ativo,17/06/2020
4105706-000,2025,PR,  Clevelândia ,4105706,ABREE,Ponto de consolidação,Ativo,11/08/2023
3521507-000,2025,SP,Irapuã,3521507,Green Eletron,PEV fixo,Ativo,06/12/2019
2603603-000,2025,PE,Camutanga,2603603,ABREE,PEV fixo,Ativo,07/12/2019
3156205-000,2025,MG,Rochedo de Minas,3156205,ABREE,PEV fixo,Ativo,14/11/2025
2615102-008,2025,PE,Terezinha,2615102,Green Eletron,PEV fixo,Ativo,08/10/2023
2111300-101,2025,MA,São Luís,2111300,Green Eletron,Ponto de consolidação,Ativo,25/12/2023
2507101-000,2025,PB,Itapororoca,2507101,Sistema individual,PEV fixo,Ativo,14/12/2022
3106200-088,2025,MG,Belo Horizonte,3106200,Green Eletron,PEV fixo,Ativo,10/09/2020
5203939-000,2025,GO,  Buriti de Goiás ,5203939,ABREE,PEV fixo,Ativo,05/07/2025
4310876-000,2025,RS,JACUIZINHO,4310876,Green Eletron,PEV fixo,Ativo,21/10/2023
2610103-005,2025,PE,Palmeirina,2610103,Green Eletron,PEV fixo,Ativo,08/01/2023
4127882-000,2025,PR,Tunas do Paraná,4127882,Sistema individual,PEV fixo,Ativo,14/09/2019
2927408-076,2025,BA,Salvador,2927408,ABREE,PEV fixo,Ativo,15/03/2021
4314902-075,2025,RS,Porto Alegre,4314902,Green Eletron,Campanha itinerante,Ativo,07/03/2021
3106200-156,2025,MG,Belo Horizonte,3106200,Sistema individual,PEV fixo,Ativo,06/03/2021
3536604-001,2025,SP,PAULO DE FARIA,3536604,Green Eletron,PEV fixo,Ativo,10/01/2025
3110608-000,2025,MG,Cambui,3110608,Green Eletron,PEV fixo,Ativo,02/10/2022
3302809-000,2025,RJ,Mendes,3302809,ABREE,Ponto de consolidação,Ativo,20/12/2023
2609907-000,2025,PE,  Ouricuri ,2609907,ABREE,PEV fixo,Ativo,17/01/2019
4322541-000,2025,RS,Vale Real,4322541,ABREE,PEV fixo,Ativo,13/09/2021
4314902-097,2025,RS,Porto Alegre,4314902,Green Eletron,PEV fixo,Ativo,20/02/2022
4205407-015,2025,SC,Florianópolis,4205407,ABREE,PEV fixo,Ativo,15/02/2019
3157377-000,2025,MG,SANTA CRUZ DE SALINAS,3157377,Green Eletron,PEV fixo,Inativo,04/11/2020
2614006-001,2025,PE,SERRITA,2614006,ABREE,PEV fixo,Ativo,22/10/2025
4310363-000,2025,RS,Imigrante,4310363,ABREE,Campanha itinerante,Ativo,26/10/2023
3305109-000,2025,RJ,SÃO JOÃO DE MERITI,3305109,ABREE,Ponto de consolidação,Ativo,01/01/2022
5102504-001,2025,MT,Cáceres,5102504,Sistema individual,PEV fixo,Ativo,12/07/2024
3539509-002,2025,SP,Pitangueiras,3539509,ABREE,Ponto de consolidação,Ativo,10/07/2021
3550308-120,2025,SP,São Paulo,3550308,ABREE,PEV fixo,Ativo,01/06/2020
3547502-000,2025,SP,Santa Rita do Passa Quatro,3547502,ABREE,PEV fixo,Ativo,05/06/2019
3505203-008,2025,SP,Bariri,3505203,ABREE,PEV fixo,Ativo,17/08/2023
3122603-000,2025,MG,Dom Joaquim,,Green Eletron,PEV fixo,Ativo,03/08/2022
2901957-001,2025,BA,Apuarema,2901957,ABREE,PEV fixo,Ativo,14/09/2023
3552700-000,2025,SP,Tabatinga,3552700,ABREE,PEV fixo,Ativo,06/02/2023
4315958-000,2025,RS,Rolador,4315958,ABREE,PEV fixo,Ativo,10/04/2019
4117453-000,2025,PR,Ouro Verde do Oeste,4117453,Green Eletron,PEV fixo,Ativo,28/04/2025
3514007-000,2025,SP,DOBRADA,3514007,ABREE,PEV fixo,Ativo,02/12/2024
2505709-000,2025,PB,DONA INÊS,2505709,ABREE,Campanha itinerante,Ativo,10/08/2020
4318606-000,2025,RS,  São José do Ouro ,4318606,ABREE,PEV fixo,Ativo,19/08/2023
3550308-263,2025,SP,São Paulo,3550308,Sistema individual,PEV fixo,Ativo,12/05/2022
2501203-000,2025,PB,Areial,2501203,Green Eletron,PEV fixo,Ativo,14/05/2023
1501402-014,2025,PA,Belém,1501402,ABREE,PEV fixo,Ativo,18/10/2021
3508306-002,2025,SP,  Cabrália Paulista ,3508306,ABREE,Campanha itinerante,Ativo,25/03/2020
2101939-003,2025,MA,BERNARDO DO MEARIM,2101939,Green Eletron,PEV fixo,Ativo,10/11/2021
4104907-000,2025,PR,CASTRO,4104907,Sistema individual,Ponto de consolidação,Ativo,18/07/2019
1501402-001,2025,PA,Belém,1501402,ABREE,PEV fixo,Ativo,24/02/2020
1200450-000,2025,AC,SENADOR GUIOMARD,1200450,ABREE,PEV fixo,Ativo,10/06/2022
4203709-000,2025,SC,  Canelinha ,4203709,ABREE,PEV fixo,Ativo,10/06/2021
3505203-009,2025,SP,Bariri,3505203,Green Eletron,Ponto de consolidação,Ativo,23/04/2023
5215652-000,2025,GO,Palestina de Goiás,5215652,Green Eletron,PEV fixo,Ativo,12/01/2021
3303302-000,2025,RJ,NITERÓI,3303302,Green Eletron,PEV fixo,Ativo,11/04/2020
1304401-000,2025,AM,Urucurituba,1304401,ABREE,Ponto de consolidação,Ativo,03/12/2021
2211001-017,2025,PI,TERESINA,2211001,Green Eletron,PEV fixo,Ativo,03/11/2021
2512705-000,2025,PB,REMÍGIO,2512705,ABREE,PEV fixo,Ativo,16/09/2021
3169406-000,2025,MG,TRÊS PONTAS,3169406,Green Eletron,Ponto de consolidação,Ativo,21/12/2021
3133303-000,2025,MG,Itaobim,3133303,Green Eletron,Campanha itinerante,Ativo,23/02/2024
3301108-011,2025,RJ,CANTAGALO,3301108,Green Eletron,PEV fixo,Ativo,11/08/2021
2402808-000,2025,RN,CORONEL EZEQUIEL,2402808,ABREE,PEV fixo,Ativo,17/12/2022
4205407-011,2025,SC,Florianópolis,4205407,ABREE,PEV fixo,Ativo,18/01/2019
4107801-000,2025,PR,Florai,4107801,ABREE,PEV fixo,Ativo,14/08/2021
2700805-000,2025,AL,Belém,2700805,ABREE,PEV fixo,Ativo,05/01/2020
3532843-000,2025,SP,Nova Canaã Paulista,3532843,ABREE,PEV fixo,Ativo,05/08/2020
3514957-000,2025,SP,EMBAÚBA,3514957,ABREE,PEV fixo,Ativo,13/06/2024
2601508-001,2025,PE,Belem de Maria,2601508,ABREE,PEV fixo,Ativo,13/10/2023
3519303-000,2025,SP,Ibate,3519303,ABREE,Campanha itinerante,Ativo,20/02/2023
4306379-000,2025,RS,Dilermando de Aguiar,4306379,ABREE,PEV fixo,Ativo,24/01/2022
3127354-000,2025,MG,Glaucilândia,3127354,ABREE,PEV fixo,Ativo,19/11/2024
4213807-000,2025,SC,Praia Grande,4213807,ABREE,PEV fixo,Ativo,25/08/2021
3550308-039,2025,SP,São Paulo,3550308,ABREE,PEV fixo,Ativo,19/02/2019
3505906-000,2025,SP,  Batatais ,3505906,Sistema individual,Campanha itinerante,Inativo,09/04/2024
5105309-000,2025,MT,Luciara,5105309,Green Eletron,PEV fixo,Ativo,09/04/2022
3202454-002,2025,ES,  Ibatiba ,3202454,Green Eletron,PEV fixo,Ativo,23/05/2022
2925253-000,2025,BA,Ponto Novo,2925253,Green Eletron,PEV fixo,Ativo,12/07/2025
3160207-007,2025,MG,SANTO ANTÔNIO DO ITAMBÉ,3160207,ABREE,PEV fixo,Ativo,18/02/2021
3304557-141,2025,RJ,  Rio de Janeiro ,3304557,Green Eletron,PEV fixo,Ativo,18/02/2022
3536208-002,2025,SP,Pariquera-Açu,3536208,ABREE,PEV fixo,Ativo,06/12/2025
2111300-081,2025,MA,São Luís,2111300,ABREE,PEV fixo,Ativo,14/05/2022
3505203-002,2025,SP,Bariri,3505203,ABREE,PEV fixo,Ativo,24/05/2020
2930501-000,2025,BA,Serrinha,2930501,ABREE,Ponto de consolidação,Ativo,28/01/2021
5300108-092,2025,DF,Brasília,5300108,ABREE,PEV fixo,Ativo,26/06/2022
2610202-000,2025,PE,PANELAS,2610202,ABREE,PEV fixo,Ativo,27/01/2021
3131703-000,2025,MG,ITABIRA,3131703,ABREE,PEV fixo,Ativo,21/03/2025
2908606-001,2025,BA,CONDE,2908606,ABREE,Campanha itinerante,Ativo,21/06/2025
2507507-011,2025,PB,JOÃO PESSOA,2507507,Green Eletron,PEV fixo,Ativo,21/10/2022
4314902-016,2025,RS,Porto Alegre,4314902,Sistema individual,PEV fixo,Ativo,27/09/2020
5201504-000,2025,GO,Aporé,5201504,Sistema individual,PEV fixo,Ativo,13/02/2022
3153400-000,2025,MG,Presidente Olegario,3153400,Sistema individual,PEV fixo,Ativo,26/09/2021
4106902-066,2025,PR,Curitiba,4106902,ABREE,PEV fixo,Ativo,21/03/2022
3131802-000,2025,MG,Itabirinha,3131802,Green Eletron,PEV fixo,Ativo,05/06/2021
4318309-000,2025,RS,SÃO GABRIEL,4318309,ABREE,PEV fixo,Ativo,05/12/2019
2408102-017,2025,RN,Natal,2408102,ABREE,PEV fixo,Ativo,25/09/2022
2313906-001,2025,CE,Uruoca,2313906,ABREE,PEV fixo,Ativo,13/08/2024
3164704-000,2025,MG,  São Sebastião do Paraíso ,3164704,ABREE,PEV fixo,Ativo,19/06/2020
3123528-003,2025,MG,Durandé,3123528,Green Eletron,PEV fixo,Ativo,15/11/2021
2111300-083,2025,MA,Sao Luis,2111300,Sistema individual,PEV fixo,Ativo,28/02/2022
4316501-001,2025,RS,SALVADOR DO SUL,4316501,Green Eletron,PEV fixo,Ativo,13/09/2025
3304557-108,2025,RJ,RIO DE JANEIRO,3304557,ABREE,PEV fixo,Ativo,21/12/2021
3304557-169,2025,RJ,RIO DE JANEIRO,3304557,ABREE,PEV fixo,Ativo,17/02/2023
2205102-000,2025,PI,  Itaueira ,2205102,ABREE,PEV fixo,Ativo,21/06/2024
3550308-056,2025,SP,  São Paulo ,3550308,ABREE,PEV fixo,Ativo,02/07/2019
3513702-000,2025,SP,Descalvado,3513702,Green Eletron,PEV fixo,Ativo,18/03/2021
2211001-021,2025,PI,  Teresina ,2211001,ABREE,PEV fixo,Ativo,26/04/2022
5105507-002,2025,MT,Vila Bela da Santíssima Trindade,5105507,ABREE,Ponto de consolidação,Ativo,02/07/2025
3532900-005,2025,SP,Nova Europa,3532900,ABREE,Campanha itinerante,Ativo,13/11/2019
3537206-000,2025,SP,Pedro de Toledo,3537206,ABREE,PEV fixo,Ativo,15/12/2020
2927408-111,2025,BA,Salvador,2927408,Green Eletron,PEV fixo,Ativo,22/05/2022
4204806-000,2025,SC,Curitibanos,4204806,Green Eletron,PEV fixo,Ativo,06/04/2019
3518503-003,2025,SP,Guareí,3518503,ABREE,Campanha itinerante,Ativo,03/07/2024
1501402-031,2025,PA,Belem,1501402,ABREE,Campanha itinerante,Ativo,01/05/2023
5103056-000,2025,MT,Cláudia,5103056,Green Eletron,PEV fixo,Ativo,02/07/2025
5300108-012,2025,DF,Brasília,5300108,ABREE,PEV fixo,Ativo,28/06/2019
2311264-000,2025,CE,Quiterianopolis,2311264,ABREE,Campanha itinerante,Ativo,09/01/2024
3124104-001,2025,MG,ESMERALDAS,3124104,Green Eletron,PEV fixo,Ativo,17/06/2022
4112900-000,2025,PR,JUNDIAÍ DO SUL,4112900,ABREE,PEV fixo,Ativo,20/08/2019
3550308-134,2025,SP,SÃO PAULO,3550308,Sistema individual,PEV fixo,Ativo,22/07/2020
4119400-000,2025,PR,PIRAÍ DO SUL,4119400,ABREE,PEV fixo,Ativo,25/10/2019
1709005-000,2025,TO,Goiatins,1709005,Green Eletron,PEV fixo,Ativo,24/04/2024
2104008-000,2025,MA,  Esperantinópolis ,2104008,ABREE,PEV fixo,Ativo,08/01/2019
4211504-000,2025,SC,Nova Trento,4211504,Green Eletron,PEV fixo,Ativo,13/09/2024
2404101-000,2025,RN,GALINHOS,2404101,Green Eletron,PEV fixo,Ativo,07/12/2019
1507151-000,2025,PA,São Domingos do Araguaia,1507151,Green Eletron,PEV fixo,Ativo,25/08/2019
3144656-000,2025,MG,  Ninheira ,3144656,ABREE,PEV fixo,Ativo,19/09/2022
3302700-016,2025,RJ,Maricá,3302700,Green Eletron,PEV fixo,Ativo,04/12/2022
3305307-004,2025,RJ,SÃO SEBASTIÃO DO ALTO,3305307,Green Eletron,PEV fixo,Ativo,25/07/2019
2612604-000,2025,PE,  Santa Maria da Boa Vista ,2612604,ABREE,Ponto de consolidação,Ativo,20/11/2020
3556602-000,2025,SP,VERA CRUZ,3556602,Green Eletron,PEV fixo,Ativo,25/04/2022
4201307-003,2025,SC,Araquari,4201307,ABREE,PEV fixo,Ativo,13/09/2022
2111300-074,2025,MA,São Luís,2111300,ABREE,PEV fixo,Ativo,08/08/2022
3304557-004,2025,RJ,Rio de Janeiro,3304557,Sistema individual,PEV fixo,Ativo,08/01/2020
3304557-133,2025,RJ,Rio de Janeiro,3304557,Green Eletron,PEV fixo,Ativo,24/12/2022
2513984-000,2025,PB,São Francisco,2513984,Sistema individual,PEV fixo,Ativo,17/07/2020
4321204-000,2025,RS,Taquara,4321204,Sistema individual,PEV fixo,Inativo,05/02/2025
2304400-073,2025,CE,Fortaleza,2304400,Green Eletron,PEV fixo,Ativo,15/01/2022
3532009-015,2025,SP,MORUNGABA,3532009,Green Eletron,PEV fixo,Ativo,09/08/2023
3150109-000,2025,MG,Piau,3150109,ABREE,PEV fixo,Ativo,16/12/2019
4202578-000,2025,SC,BOM JESUS DO OESTE,4202578,ABREE,PEV fixo,Ativo,20/02/2020
3202454-001,2025,ES,  Ibatiba ,3202454,ABREE,PEV fixo,Ativo,27/11/2021
3120870-000,2025,MG,Curral de Dentro,3120870,ABREE,Campanha itinerante,Ativo,27/11/2020
2919405-000,2025,BA,Licínio de Almeida,2919405,ABREE,Ponto de consolidação,Ativo,05/07/2024
3300308-004,2025,RJ,Barra do Piraí,3300308,ABREE,PEV fixo,Ativo,12/01/2020
2611606-037,2025,PE,RECIFE,2611606,ABREE,PEV fixo,Ativo,01/04/2021
3304508-018,2025,RJ,Rio das Flores,3304508,ABREE,Campanha itinerante,Ativo,09/07/2024
2312007-001,2025,CE,Santana do Acaraú,2312007,Green Eletron,PEV fixo,Ativo,10/04/2021
3534500-000,2025,SP,OSCAR BRESSANE,3534500,ABREE,Ponto de consolidação,Ativo,25/08/2024
3515194-002,2025,SP,ESPÍRITO SANTO DO TURVO,3515194,Sistema individual,PEV fixo,Ativo,16/04/2021
3109451-000,2025,MG,Cabeceira Grande,3109451,ABREE,PEV fixo,Ativo,15/03/2024
2927408-071,2025,BA,Salvador,2927408,ABREE,Ponto de consolidação,Ativo,23/07/2020
1302603-005,2025,AM,Manaus,1302603,Green Eletron,PEV fixo,Ativo,04/12/2020
3106200-007,2025,MG,Belo Horizonte,3106200,Green Eletron,PEV fixo,Ativo,10/10/2020
2304400-051,2025,CE,Fortaleza,2304400,Green Eletron,PEV fixo,Ativo,21/10/2021
3301876-011,2025,RJ,Iguaba Grande,3301876,ABREE,Campanha itinerante,Ativo,08/07/2023
1501105-000,2025,PA,Bagre,1501105,Green Eletron,PEV fixo,Ativo,09/03/2025
4310207-013,2025,RS,Ijui,4310207,Green Eletron,PEV fixo,Ativo,19/09/2023
4305173-001,2025,RS,CERRO GRANDE DO SUL,4305173,Green Eletron,PEV fixo,Ativo,08/06/2023
2800308-027,2025,SE,ARACAJU,2800308,Green Eletron,PEV fixo,Ativo,26/05/2023
3550308-098,2025,SP,SÃO PAULO,3550308,Green Eletron,PEV fixo,Ativo,28/01/2019
3550308-011,2025,SP,São Paulo,3550308,Sistema individual,PEV fixo,Ativo,16/05/2019
4314902-137,2025,RS,  Porto Alegre ,4314902,ABREE,PEV fixo,Ativo,05/10/2023
3304557-180,2025,RJ,RIO DE JANEIRO,3304557,ABREE,Campanha itinerante,Ativo,19/12/2023
3160207-003,2025,MG,Santo Antônio do Itambé,3160207,ABREE,Campanha itinerante,Ativo,01/10/2020
2503803-000,2025,PB,CALDAS BRANDÃO,,ABREE,PEV fixo,Ativo,19/09/2025
4303301-003,2025,RS,Caibaté,4303301,Green Eletron,PEV fixo,Ativo,08/08/2025
3304557-138,2025,RJ,  Rio de Janeiro ,3304557,Green Eletron,Campanha itinerante,Ativo,25/09/2022
3202306-000,2025,ES,Guaçuí,3202306,ABREE,PEV fixo,Ativo,18/01/2022
2112209-003,2025,MA,Timon,2112209,ABREE,Ponto de consolidação,Ativo,03/08/2023
3543253-000,2025,SP,Ribeirao Grande,3543253,ABREE,PEV fixo,Ativo,20/12/2021
4308706-000,2025,RS,Gaurama,4308706,ABREE,PEV fixo,Ativo,01/06/2022
3529708-006,2025,SP,Miguelópolis,3529708,ABREE,PEV fixo,Ativo,04/01/2024
2906600-000,2025,BA,Candiba,2906600,ABREE,Ponto de consolidação,Ativo,13/01/2025
3304557-161,2025,RJ,Rio de Janeiro,3304557,Green Eletron,PEV fixo,Ativo,17/09/2023
2927408-017,2025,BA,SALVADOR,2927408,ABREE,PEV fixo,Ativo,17/04/2019
2927408-082,2025,BA,  Salvador ,2927408,Green Eletron,PEV fixo,Ativo,10/03/2021
2927408-003,2025,BA,Salvador,2927408,ABREE,PEV fixo,Ativo,19/02/2019
3513009-005,2025,SP,COTIA,3513009,ABREE,PEV fixo,Ativo,21/10/2020
3106200-196,2025,MG,Belo Horizonte,3106200,ABREE,PEV fixo,Ativo,19/07/2022
4307807-000,2025,RS,Estrela,4307807,Green Eletron,Ponto de consolidação,Ativo,04/04/2021
3301876-010,2025,RJ,Iguaba Grande,3301876,Sistema individual,PEV fixo,Ativo,27/03/2023
5212808-000,2025,GO,Mara Rosa,5212808,ABREE,Campanha itinerante,Ativo,18/03/2023
3302403-002,2025,RJ,Macaé,3302403,Green Eletron,PEV fixo,Ativo,01/03/2019
2920304-000,2025,BA,Malhada de Pedras,2920304,ABREE,PEV fixo,Ativo,22/07/2021
2111300-059,2025,MA,São Luís,2111300,Green Eletron,Campanha itinerante,Ativo,18/08/2021
4126272-000,2025,PR,SAUDADE DO IGUAÇU,4126272,Green Eletron,PEV fixo,Ativo,23/05/2021
3550308-137,2025,SP,SÃO PAULO,3550308,Green Eletron,Ponto de consolidação,Inativo,23/12/2020
2208551-000,2025,PI,Porto Alegre do Piaui,2208551,Green Eletron,PEV fixo,Ativo,19/07/2024
3514700-000,2025,SP,Echapora,3514700,Green Eletron,PEV fixo,Inativo,15/10/2023
2111300-090,2025,MA,SÃO LUÍS,2111300,Green Eletron,PEV fixo,Ativo,07/08/2022
3304557-047,2025,RJ,Rio de Janeiro,3304557,ABREE,PEV fixo,Ativo,07/03/2020
3301876-002,2025,RJ,Iguaba Grande,3301876,Sistema individual,PEV fixo,Ativo,16/05/2020
3525201-007,2025,SP,Jarinu,3525201,ABREE,PEV fixo,Ativo,10/04/2021
2605459-000,2025,PE,Fernando de Noronha,2605459,ABREE,PEV fixo,Ativo,27/03/2020
2616100-000,2025,PE,Verdejante,2616100,Green Eletron,Campanha itinerante,Ativo,14/02/2019
3512100-001,2025,SP,Colômbia,3512100,Green Eletron,Campanha itinerante,Ativo,13/10/2021
2507507-001,2025,PB,João Pessoa,2507507,ABREE,PEV fixo,Ativo,03/01/2019
5206206-000,2025,GO,Cristalina,,ABREE,PEV fixo,Ativo,09/07/2023
4117107-000,2025,PR,Nova Londrina,4117107,ABREE,PEV fixo,Ativo,07/09/2025
2611606-087,2025,PE,Recife,2611606,ABREE,PEV fixo,Ativo,16/05/2023
3544004-002,2025,SP,Rio das Pedras,3544004,Green Eletron,PEV fixo,Ativo,28/01/2021
2933307-001,2025,BA,VITÓRIA DA CONQUISTA,2933307,ABREE,PEV fixo,Ativo,01/08/2022
3550308-334,2025,SP,  São Paulo ,3550308,Green Eletron,PEV fixo,Ativo,05/07/2023
4314902-129,2025,RS,Porto Alegre,4314902,Green Eletron,PEV fixo,Ativo,20/09/2023
4204178-000,2025,SC,Cerro Negro,4204178,ABREE,PEV fixo,Ativo,25/01/2021
3106200-153,2025,MG,Belo Horizonte,3106200,ABREE,PEV fixo,Ativo,24/06/2021
3200136-000,2025,ES,Aguia Branca,3200136,ABREE,PEV fixo,Ativo,08/05/2020
3302601-000,2025,RJ,Mangaratiba,3302601,ABREE,Ponto de consolidação,Ativo,06/12/2024
3516903-000,2025,SP,General Salgado,3516903,Green Eletron,PEV fixo,Ativo,09/12/2019
5105507-001,2025,MT,Vila Bela da Santissima Trindade,5105507,Green Eletron,PEV fixo,Ativo,08/10/2024
3106200-033,2025,MG,Belo Horizonte,3106200,ABREE,PEV fixo,Ativo,09/11/2020
1718808-000,2025,TO,Sampaio,1718808,Green Eletron,PEV fixo,Ativo,28/05/2020
2903953-000,2025,BA,Bom Jesus da Serra,2903953,ABREE,PEV fixo,Ativo,24/10/2023
2309300-000,2025,CE,Nova Russas,2309300,Green Eletron,PEV fixo,Ativo,01/06/2022
3202405-001,2025,ES,Guarapari,3202405,ABREE,Ponto de consolidação,Ativo,09/10/2022
5215256-000,2025,GO,Novo Planalto,5215256,ABREE,Ponto de consolidação,Ativo,04/07/2019
2800308-026,2025,SE,ARACAJU,2800308,ABREE,PEV fixo,Ativo,10/05/2023
4308656-000,2025,RS,Garruchos,4308656,ABREE,PEV fixo,Ativo,06/04/2020
4106605-000,2025,PR,CRUZEIRO DO OESTE,4106605,Green Eletron,Ponto de consolidação,Ativo,05/02/2023
4113304-000,2025,PR,LARANJEIRAS DO SUL,4113304,ABREE,PEV fixo,Ativo,18/03/2025
2927408-109,2025,BA,  Salvador ,2927408,Green Eletron,PEV fixo,Ativo,21/03/2022
4314902-066,2025,RS,Porto Alegre,4314902,Sistema individual,PEV fixo,Ativo,15/02/2021
3550308-070,2025,SP,São Paulo,3550308,ABREE,PEV fixo,Ativo,21/07/2019
3123528-005,2025,MG,Durandé,3123528,ABREE,PEV fixo,Ativo,10/10/2022
2608305-000,2025,PE,Jupi,2608305,Green Eletron,PEV fixo,Ativo,01/08/2023
2111300-071,2025,MA,  São Luís ,2111300,ABREE,PEV fixo,Ativo,10/02/2021
5002951-000,2025,MS,Chapadao do Sul,,ABREE,PEV fixo,Ativo,02/06/2019
3151503-000,2025,MG,Piumhi,3151503,ABREE,PEV fixo,Ativo,16/07/2022
2401206-000,2025,RN,ARÊS,2401206,ABREE,PEV fixo,Ativo,09/10/2024
2515971-000,2025,PB,Sobrado,2515971,Green Eletron,PEV fixo,Ativo,10/11/2024
4106902-090,2025,PR,Curitiba,4106902,ABREE,PEV fixo,Ativo,20/09/2024
4318408-000,2025,RS,Sao Jeronimo,4318408,ABREE,PEV fixo,Ativo,17/11/2021
4214409-000,2025,SC,Rio das Antas,4214409,ABREE,PEV fixo,Ativo,14/01/2024
5201306-001,2025,GO,Anicuns,5201306,ABREE,PEV fixo,Ativo,10/10/2023
2927309-000,2025,BA,SALINAS DA MARGARIDA,2927309,Green Eletron,PEV fixo,Ativo,02/09/2024
3145455-000,2025,MG,Olhos d'Agua,3145455,Green Eletron,PEV fixo,Ativo,11/02/2024
3110103-000,2025,MG,Caiana,3110103,Green Eletron,PEV fixo,Ativo,21/01/2021
2207207-000,2025,PI,Padre Marcos,2207207,Green Eletron,Ponto de consolidação,Ativo,13/10/2022
1600808-001,2025,AP,VITÓRIA DO JARI,1600808,ABREE,PEV fixo,Ativo,04/06/2024
5217401-000,2025,GO,Pires do Rio,5217401,ABREE,Ponto de consolidação,Ativo,10/06/2022
3106200-294,2025,MG,Belo Horizonte,3106200,Green Eletron,PEV fixo,Ativo,21/08/2024
5300108-076,2025,DF,Brasilia,5300108,ABREE,PEV fixo,Ativo,13/10/2022
1505106-000,2025,PA,  Óbidos ,1505106,ABREE,PEV fixo,Ativo,03/01/2020
3303302-003,2025,RJ,Niterói,3303302,Green Eletron,PEV fixo,Ativo,14/07/2020
5300108-056,2025,DF,BRASÍLIA,5300108,ABREE,PEV fixo,Ativo,11/11/2021
3506904-003,2025,SP,Bofete,3506904,Green Eletron,Ponto de consolidação,Ativo,26/11/2022
3506904-005,2025,SP,Bofete,,ABREE,PEV fixo,Ativo,27/08/2023
2306009-000,2025,CE,Iracema,2306009,ABREE,PEV fixo,Ativo,23/11/2020
2107506-000,2025,MA,  Paço do Lumiar ,2107506,ABREE,PEV fixo,Ativo,01/07/2019
5300108-094,2025,DF,BRASÍLIA,5300108,ABREE,PEV fixo,Ativo,12/11/2023
2312007-002,2025,CE,Santana do Acaraú,2312007,Sistema individual,Ponto de consolidação,Ativo,14/08/2022
3304557-100,2025,RJ,Rio de Janeiro,3304557,ABREE,PEV fixo,Ativo,11/04/2021
2302305-004,2025,CE,Bela Cruz,2302305,ABREE,PEV fixo,Ativo,18/02/2024
4218707-000,2025,SC,TUBARÃO,4218707,Green Eletron,Campanha itinerante,Ativo,14/06/2020
4316972-001,2025,RS,Santa Margarida do Sul,4316972,ABREE,PEV fixo,Ativo,26/10/2023
3305307-000,2025,RJ,São Sebastião do Alto,3305307,ABREE,PEV fixo,Ativo,27/09/2019
2920502-002,2025,BA,Maracás,2920502,Green Eletron,PEV fixo,Ativo,21/02/2021
2800308-018,2025,SE,ARACAJU,2800308,Green Eletron,PEV fixo,Ativo,21/07/2021
3526803-000,2025,SP,Lencois Paulista,3526803,ABREE,Campanha itinerante,Ativo,16/11/2019
3544251-001,2025,SP,Rosana,3544251,Sistema individual,PEV fixo,Ativo,06/08/2022
3106200-135,2025,MG,BELO HORIZONTE,3106200,Sistema individual,PEV fixo,Ativo,25/07/2021
3302106-001,2025,RJ,Itaocara,3302106,ABREE,PEV fixo,Ativo,23/01/2020
3550308-013,2025,SP,SÃO PAULO,3550308,ABREE,PEV fixo,Ativo,27/11/2019
3109105-001,2025,MG,Bueno Brandão,3109105,ABREE,PEV fixo,Ativo,28/01/2025
3301876-012,2025,RJ,Iguaba Grande,3301876,Green Eletron,Campanha itinerante,Ativo,11/02/2024
2704302-006,2025,AL,Maceio,2704302,Green Eletron,PEV fixo,Ativo,07/05/2021
5002902-004,2025,MS,  Cassilândia ,5002902,ABREE,PEV fixo,Ativo,23/01/2025
3106200-081,2025,MG,Belo Horizonte,3106200,ABREE,PEV fixo,Ativo,03/01/2020
1304005-002,2025,AM,Silves,1304005,Green Eletron,Ponto de consolidação,Ativo,05/07/2021
4100707-000,2025,PR,ALTO PIQUIRI,4100707,ABREE,PEV fixo,Ativo,26/11/2019
2304400-044,2025,CE,FORTALEZA,2304400,ABREE,PEV fixo,Ativo,24/08/2020
3550308-274,2025,SP,São Paulo,3550308,Green Eletron,PEV fixo,Ativo,05/03/2022
2611200-000,2025,PE,Pocao,2611200,Green Eletron,PEV fixo,Ativo,14/10/2024
5205109-000,2025,GO,  Catalão ,5205109,ABREE,Ponto de consolidação,Ativo,02/10/2021
3152303-000,2025,MG,Porto Firme,3152303,Green Eletron,PEV fixo,Ativo,25/02/2023
3106200-131,2025,MG,Belo Horizonte,3106200,Green Eletron,PEV fixo,Ativo,14/10/2021
2925758-000,2025,BA,Presidente Tancredo Neves,2925758,ABREE,PEV fixo,Ativo,27/04/2024
3153103-000,2025,MG,PRESIDENTE BERNARDES,3153103,Green Eletron,PEV fixo,Ativo,24/04/2023
3522406-000,2025,SP,ITAPEVA,3522406,ABREE,PEV fixo,Ativo,05/06/2019
3531308-001,2025,SP,Monte Alto,3531308,Green Eletron,Campanha itinerante,Ativo,21/07/2020
4314902-095,2025,RS,PORTO ALEGRE,4314902,ABREE,PEV fixo,Ativo,27/01/2022
3550308-149,2025,SP,SÃO PAULO,3550308,ABREE,Ponto de consolidação,Ativo,17/09/2020
3304508-009,2025,RJ,Rio das Flores,3304508,ABREE,PEV fixo,Ativo,24/06/2022
4314902-077,2025,RS,Porto Alegre,4314902,ABREE,Ponto de consolidação,Ativo,18/05/2021
3142007-000,2025,MG,Mirabela,3142007,Green Eletron,PEV fixo,Ativo,11/02/2019
4205407-059,2025,SC,Florianópolis,4205407,Sistema individual,Ponto de consolidação,Ativo,10/07/2021
2605806-004,2025,PE,FREI MIGUELINHO,2605806,Green Eletron,PEV fixo,Ativo,18/07/2021
4106902-093,2025,PR,Curitiba,4106902,Green Eletron,PEV fixo,Ativo,07/02/2024
2104206-005,2025,MA,FORTUNA,2104206,Green Eletron,PEV fixo,Ativo,25/02/2025
4219002-000,2025,SC,Urussanga,4219002,ABREE,Campanha itinerante,Ativo,10/02/2019
4311130-000,2025,RS,JARI,4311130,ABREE,PEV fixo,Ativo,10/09/2019
3501103-002,2025,SP,Alto Alegre,,Green Eletron,Campanha itinerante,Ativo,13/10/2021
2507507-013,2025,PB,JOÃO PESSOA,2507507,ABREE,PEV fixo,Ativo,05/12/2022
2919306-000,2025,BA,Lençóis,2919306,ABREE,PEV fixo,Ativo,12/02/2021
1501204-001,2025,PA,Baião,1501204,ABREE,PEV fixo,Ativo,16/03/2019
2931301-001,2025,BA,TAPIRAMUTÁ,2931301,Green Eletron,PEV fixo,Ativo,28/01/2022
4314902-131,2025,RS,Porto Alegre,4314902,Green Eletron,PEV fixo,Ativo,03/03/2023
3150406-000,2025,MG,PIEDADE DOS GERAIS,3150406,Green Eletron,Ponto de consolidação,Ativo,05/10/2020
3205309-025,2025,ES,VITÓRIA,3205309,Green Eletron,Campanha itinerante,Ativo,06/06/2024
2927408-112,2025,BA,Salvador,2927408,ABREE,PEV fixo,Ativo,19/07/2022
2108454-000,2025,MA,Peritoró,2108454,Green Eletron,PEV fixo,Ativo,03/02/2022
4318507-000,2025,RS,Sao Jose do Norte,4318507,ABREE,PEV fixo,Ativo,15/03/2019
2210391-000,2025,PI,São Miguel do Fidalgo,2210391,Sistema individual,PEV fixo,Ativo,10/07/2019
3532900-012,2025,SP,Nova Europa,3532900,Green Eletron,PEV fixo,Ativo,04/06/2020
2211100-000,2025,PI,União,2211100,ABREE,PEV fixo,Ativo,16/08/2022
2506509-001,2025,PB,Gurjão,2506509,Green Eletron,PEV fixo,Ativo,05/06/2024
3123205-000,2025,MG,Dores do Indaiá,3123205,Green Eletron,PEV fixo,Ativo,03/09/2024
3159209-001,2025,MG,SANTA RITA DE CALDAS,3159209,ABREE,PEV fixo,Ativo,07/04/2023
2606408-000,2025,PE,Gravatá,2606408,ABREE,PEV fixo,Ativo,01/06/2021
3546702-000,2025,SP,SANTA GERTRUDES,,ABREE,PEV fixo,Ativo,23/05/2023
3205309-012,2025,ES,Vitoria,3205309,Green Eletron,PEV fixo,Ativo,17/06/2021
3533908-002,2025,SP,OLÍMPIA,3533908,Sistema individual,PEV fixo,Ativo,27/08/2023
2912400-000,2025,BA,Ibipeba,2912400,ABREE,Ponto de consolidação,Ativo,20/08/2023
2505204-000,2025,PB,Cuitegi,2505204,ABREE,PEV fixo,Ativo,04/04/2022
2904050-000,2025,BA,BONITO,2904050,ABREE,PEV fixo,Ativo,21/03/2021
3304557-216,2025,RJ,Rio de Janeiro,3304557,Sistema individual,Campanha itinerante,Ativo,25/11/2024
2600708-002,2025,PE,Aliança,2600708,ABREE,PEV fixo,Ativo,14/07/2023
2928307-001,2025,BA,Santanópolis,2928307,ABREE,Campanha itinerante,Ativo,08/02/2022
4317558-000,2025,RS,Santo Antônio do Palma,4317558,Green Eletron,PEV fixo,Ativo,09/10/2022
2613503-000,2025,PE,  São José do Belmonte ,2613503,Green Eletron,Campanha itinerante,Ativo,23/10/2020
2800308-004,2025,SE,Aracaju,2800308,Green Eletron,Campanha itinerante,Ativo,06/09/2019
3532009-007,2025,SP,Morungaba,3532009,ABREE,PEV fixo,Ativo,20/01/2020
3143906-000,2025,MG,MURIAÉ,3143906,Green Eletron,PEV fixo,Ativo,12/07/2019
3106200-200,2025,MG,Belo Horizonte,,Green Eletron,PEV fixo,Ativo,10/10/2022
3106200-084,2025,MG,BELO HORIZONTE,3106200,Green Eletron,PEV fixo,Ativo,08/02/2020
4113205-000,2025,PR,Lapa,4113205,ABREE,PEV fixo,Ativo,12/08/2020
2106755-000,2025,MA,Miranda do Norte,2106755,Green Eletron,PEV fixo,Ativo,15/09/2025
3546009-002,2025,SP,Santa Branca,3546009,Green Eletron,PEV fixo,Ativo,28/03/2019
3550308-081,2025,SP,SÃO PAULO,3550308,Sistema individual,PEV fixo,Ativo,17/12/2019
2106300-000,2025,MA,  Magalhães de Almeida ,2106300,Green Eletron,PEV fixo,Ativo,20/04/2020
5105606-000,2025,MT,Matupa,5105606,ABREE,PEV fixo,Ativo,08/02/2020
4106902-077,2025,PR,CURITIBA,4106902,Green Eletron,Campanha itinerante,Ativo,20/01/2023
4311643-000,2025,RS,  Linha Nova ,4311643,ABREE,PEV fixo,Ativo,25/07/2019
3157377-001,2025,MG,SANTA CRUZ DE SALINAS,3157377,ABREE,PEV fixo,Ativo,24/05/2023
3106200-045,2025,MG,  Belo Horizonte ,3106200,Green Eletron,PEV fixo,Ativo,02/11/2020
3507704-001,2025,SP,Braúna,3507704,ABREE,PEV fixo,Ativo,22/12/2025
3557006-005,2025,SP,Votorantim,3557006,ABREE,Ponto de consolidação,Ativo,27/07/2022
4109104-000,2025,PR,Guaporema,4109104,Green Eletron,Campanha itinerante,Ativo,15/01/2021
3550308-168,2025,SP,São Paulo,3550308,Green Eletron,Ponto de consolidação,Ativo,06/03/2020
2910800-000,2025,BA,Feira de Santana,2910800,Green Eletron,PEV fixo,Ativo,12/03/2019
3516606-000,2025,SP,Galia,3516606,ABREE,PEV fixo,Ativo,10/09/2021
3304201-005,2025,RJ,Resende,3304201,ABREE,Ponto de consolidação,Ativo,12/01/2024
4312625-001,2025,RS,MULITERNO,4312625,Green Eletron,PEV fixo,Ativo,11/09/2025
2707701-000,2025,AL,RIO LARGO,2707701,ABREE,PEV fixo,Ativo,10/04/2022
2708501-000,2025,AL,São Luís do Quitunde,2708501,ABREE,Ponto de consolidação,Ativo,23/02/2020
4314902-049,2025,RS,Porto Alegre,4314902,Sistema individual,Ponto de consolidação,Ativo,08/11/2020
5300108-073,2025,DF,Brasília,5300108,ABREE,PEV fixo,Ativo,09/03/2022
2608057-000,2025,PE,Jatobá,2608057,ABREE,PEV fixo,Ativo,25/03/2023
3135704-000,2025,MG,JEQUITIBÁ,3135704,Green Eletron,PEV fixo,Ativo,12/04/2024
4106902-080,2025,PR,Curitiba,4106902,Sistema individual,PEV fixo,Ativo,02/07/2023
2207108-000,2025,PI,Olho D'Água do Piauí,2207108,Green Eletron,PEV fixo,Ativo,05/10/2023
3302700-006,2025,RJ,MARICÁ,3302700,Green Eletron,PEV fixo,Ativo,09/12/2020
4103057-000,2025,PR,BOA VISTA DA APARECIDA,4103057,ABREE,Ponto de consolidação,Ativo,02/01/2024
3106200-046,2025,MG,Belo Horizonte,3106200,ABREE,PEV fixo,Ativo,07/07/2020
4300851-001,2025,RS,Arambare,4300851,ABREE,PEV fixo,Ativo,20/08/2024
4218350-000,2025,SC,Treviso,4218350,Green Eletron,PEV fixo,Ativo,02/01/2023
1507508-000,2025,PA,São João do Araguaia,1507508,Green Eletron,PEV fixo,Ativo,20/07/2023
2927408-029,2025,BA,Salvador,2927408,ABREE,PEV fixo,Ativo,11/06/2019
2514404-000,2025,PB,São José de Espinharas,2514404,ABREE,PEV fixo,Ativo,26/06/2019
2611606-016,2025,PE,Recife,2611606,ABREE,Ponto de consolidação,Ativo,05/02/2020
4126256-000,2025,PR,Sarandi,4126256,Sistema individual,PEV fixo,Ativo,27/06/2020
4114203-001,2025,PR,Mandaguari,,Green Eletron,PEV fixo,Ativo,12/08/2023
3549904-004,2025,SP,São José dos Campos,3549904,Green Eletron,Ponto de consolidação,Ativo,25/08/2021
2502151-000,2025,PB,Boa Vista,2502151,Sistema individual,Ponto de consolidação,Ativo,07/11/2024
3538808-026,2025,SP,PIRAJU,3538808,ABREE,PEV fixo,Ativo,23/09/2022
4309654-000,2025,RS,HULHA NEGRA,4309654,ABREE,PEV fixo,Ativo,23/12/2023
2505006-000,2025,PB,Cubati,2505006,ABREE,PEV fixo,Ativo,15/12/2024
3168309-000,2025,MG,Taquaracu de Minas,3168309,ABREE,Campanha itinerante,Ativo,11/10/2019
3152808-000,2025,MG,Prata,3152808,ABREE,PEV fixo,Ativo,24/02/2022
3551306-001,2025,SP,  Sebastianópolis do Sul ,3551306,Sistema individual,PEV fixo,Ativo,01/01/2019
4323358-000,2025,RS,  Vila Lângaro ,4323358,Green Eletron,PEV fixo,Inativo,22/07/2022
2102556-000,2025,MA,Campestre do Maranhão,2102556,Sistema individual,PEV fixo,Ativo,23/07/2025
3520202-000,2025,SP,IGARATÁ,3520202,ABREE,PEV fixo,Ativo,11/12/2024
4106902-085,2025,PR,Curitiba,4106902,Green Eletron,PEV fixo,Ativo,13/04/2023
1600808-000,2025,AP,Vitória do Jari,1600808,Green Eletron,PEV fixo,Ativo,25/04/2021
3169307-001,2025,MG,Três Corações,3169307,Sistema individual,PEV fixo,Ativo,19/08/2020
3549250-006,2025,SP,  São João de Iracema ,3549250,Green Eletron,PEV fixo,Ativo,03/01/2023
2211001-016,2025,PI,TERESINA,2211001,ABREE,PEV fixo,Ativo,26/04/2021
3106200-074,2025,MG,BELO HORIZONTE,3106200,ABREE,PEV fixo,Ativo,02/07/2020
3205309-006,2025,ES,Vitória,3205309,ABREE,PEV fixo,Ativo,13/08/2020
2610608-000,2025,PE,Paudalho,2610608,Green Eletron,PEV fixo,Ativo,14/04/2021
2611606-050,2025,PE,Recife,2611606,Green Eletron,PEV fixo,Ativo,06/05/2021
3300159-000,2025,RJ,Aperibe,3300159,Green Eletron,PEV fixo,Ativo,19/11/2019
3304557-173,2025,RJ,Rio de Janeiro,3304557,Green Eletron,PEV fixo,Ativo,20/09/2023
3553302-003,2025,SP,TAMBAÚ,3553302,ABREE,PEV fixo,Ativo,18/06/2024
2111300-005,2025,MA,  São Luís ,2111300,Sistema individual,PEV fixo,Ativo,03/11/2019
2705705-000,2025,AL,OLHO D'ÁGUA DAS FLORES,2705705,ABREE,PEV fixo,Ativo,02/12/2019
3510708-005,2025,SP,Cardoso,3510708,Green Eletron,PEV fixo,Ativo,05/04/2025
5300108-023,2025,DF,Brasília,5300108,ABREE,PEV fixo,Ativo,01/11/2019
5000708-000,2025,MS,ANASTÁCIO,5000708,Green Eletron,PEV fixo,Ativo,18/03/2019
3106200-308,2025,MG,Belo Horizonte,3106200,ABREE,PEV fixo,Ativo,20/02/2024
3300308-011,2025,RJ,Barra do Piraí,3300308,Green Eletron,PEV fixo,Ativo,18/04/2023
3106200-015,2025,MG,BELO HORIZONTE,3106200,ABREE,PEV fixo,Ativo,08/06/2020
3304557-171,2025,RJ,Rio de Janeiro,3304557,ABREE,PEV fixo,Ativo,08/03/2023
3513504-000,2025,SP,Cubatão,3513504,ABREE,PEV fixo,Ativo,23/05/2021
3301108-025,2025,RJ,Cantagalo,3301108,Green Eletron,PEV fixo,Ativo,21/03/2023
3522703-002,2025,SP,ITÁPOLIS,3522703,Sistema individual,Ponto de consolidação,Ativo,18/11/2021
4215505-000,2025,SC,Santa Cecília,4215505,Green Eletron,PEV fixo,Ativo,11/01/2025
2917334-000,2025,BA,Iuiú,2917334,ABREE,PEV fixo,Ativo,15/05/2022
4314902-144,2025,RS,Porto Alegre,4314902,Sistema individual,PEV fixo,Ativo,18/04/2023
3556701-003,2025,SP,VINHEDO,3556701,ABREE,PEV fixo,Ativo,10/12/2025
3508405-000,2025,SP,Cabreúva,3508405,ABREE,PEV fixo,Ativo,07/12/2021
2301406-001,2025,CE,Aratuba,2301406,ABREE,PEV fixo,Ativo,26/12/2024
3528106-000,2025,SP,Macaubal,3528106,Sistema individual,PEV fixo,Ativo,22/03/2019
2204600-000,2025,PI,  Hugo Napoleão ,2204600,ABREE,PEV fixo,Ativo,13/08/2023
1501402-002,2025,PA,Belém,1501402,ABREE,Campanha itinerante,Ativo,25/03/2020
2616183-007,2025,PE,Vertente do Lério,2616183,Green Eletron,Campanha itinerante,Ativo,10/06/2021
2106672-000,2025,MA,  Milagres do Maranhão ,2106672,Sistema individual,PEV fixo,Ativo,07/03/2021
2202703-001,2025,PI,Cocal,2202703,ABREE,Ponto de consolidação,Ativo,19/11/2022
2910750-000,2025,BA,Fátima,2910750,ABREE,PEV fixo,Ativo,25/07/2025
3550308-177,2025,SP,São Paulo,3550308,Green Eletron,PEV fixo,Ativo,01/09/2020
3301108-003,2025,RJ,  Cantagalo ,3301108,Sistema individual,PEV fixo,Ativo,10/08/2020
3106200-040,2025,MG,Belo Horizonte,3106200,Green Eletron,PEV fixo,Ativo,23/07/2020
3133600-000,2025,MG,Itapeva,3133600,ABREE,PEV fixo,Ativo,11/06/2023
3119906-000,2025,MG,Córrego do Bom Jesus,3119906,Green Eletron,PEV fixo,Ativo,15/01/2019
3532900-017,2025,SP,Nova Europa,3532900,ABREE,Campanha itinerante,Ativo,16/07/2021
3525201-010,2025,SP,Jarinu,3525201,ABREE,Ponto de consolidação,Ativo,01/05/2022
2701803-000,2025,AL,CARNEIROS,2701803,ABREE,PEV fixo,Ativo,20/03/2019
4205407-041,2025,SC,Florianopolis,4205407,Green Eletron,PEV fixo,Ativo,25/08/2020
2413904-000,2025,RN,Taipu,2413904,ABREE,PEV fixo,Ativo,28/01/2024
3147006-000,2025,MG,Paracatu,3147006,Green Eletron,PEV fixo,Ativo,24/10/2022
2304400-006,2025,CE,  Fortaleza ,2304400,ABREE,Ponto de consolidação,Ativo,15/02/2019
2806404-000,2025,SE,SANTANA DO SÃO FRANCISCO,2806404,ABREE,PEV fixo,Ativo,10/10/2024
2111300-100,2025,MA,Sao Luis,2111300,Green Eletron,PEV fixo,Ativo,25/11/2023
4314902-107,2025,RS,Porto Alegre,4314902,Green Eletron,PEV fixo,Ativo,18/04/2022
2927408-008,2025,BA,Salvador,2927408,Green Eletron,PEV fixo,Ativo,14/04/2019
2927408-026,2025,BA,Salvador,2927408,Green Eletron,PEV fixo,Ativo,26/11/2019
3106200-207,2025,MG,Belo Horizonte,3106200,ABREE,PEV fixo,Ativo,03/12/2022
3134400-000,2025,MG,Iturama,3134400,Green Eletron,Ponto de consolidação,Ativo,24/06/2023
3152501-000,2025,MG,Pouso Alegre,3152501,Green Eletron,Ponto de consolidação,Ativo,17/03/2025
2804458-001,2025,SE,Nossa Senhora Aparecida,2804458,ABREE,PEV fixo,Ativo,25/05/2022
3106200-230,2025,MG,  Belo Horizonte ,3106200,ABREE,PEV fixo,Ativo,08/11/2023
2902401-000,2025,BA,Aurelino Leal,2902401,ABREE,PEV fixo,Ativo,16/12/2020
3512100-002,2025,SP,COLÔMBIA,3512100,Green Eletron,Ponto de consolidação,Ativo,25/01/2022
3106200-297,2025,MG,Belo Horizonte,3106200,ABREE,PEV fixo,Ativo,08/11/2024
2504801-000,2025,PB,COREMAS,2504801,ABREE,Ponto de consolidação,Ativo,12/02/2019
4106902-068,2025,PR,CURITIBA,4106902,ABREE,PEV fixo,Ativo,27/06/2023
3304557-178,2025,RJ,Rio de Janeiro,3304557,Green Eletron,PEV fixo,Ativo,14/11/2023
2503902-000,2025,PB,Camalaú,2503902,Green Eletron,Ponto de consolidação,Ativo,21/01/2020
3106200-044,2025,MG,Belo Horizonte,3106200,Green Eletron,PEV fixo,Ativo,16/10/2020
3136579-003,2025,MG,Josenópolis,3136579,ABREE,PEV fixo,Ativo,18/12/2022
2611606-079,2025,PE,RECIFE,2611606,Sistema individual,PEV fixo,Ativo,14/05/2023
3304557-022,2025,RJ,Rio de Janeiro,3304557,ABREE,Ponto de consolidação,Ativo,04/10/2020
2807303-000,2025,SE,Telha,2807303,ABREE,PEV fixo,Ativo,13/05/2023
4127908-000,2025,PR,Tuneiras do Oeste,4127908,Green Eletron,Campanha itinerante,Ativo,28/11/2019
4209508-000,2025,SC,LAURENTINO,4209508,Green Eletron,PEV fixo,Ativo,22/01/2021
5300108-085,2025,DF,Brasilia,5300108,ABREE,PEV fixo,Ativo,12/06/2022
4102703-000,2025,PR,BARRA DO JACARÉ,4102703,Green Eletron,PEV fixo,Ativo,20/07/2022
3106200-017,2025,MG,BELO HORIZONTE,3106200,ABREE,PEV fixo,Ativo,16/07/2020
2507002-001,2025,PB,  Itaporanga ,2507002,Green Eletron,PEV fixo,Ativo,19/04/2025
2305357-000,2025,CE,  Icapuí ,2305357,Green Eletron,PEV fixo,Ativo,24/08/2020
4201109-000,2025,SC,  Anitápolis ,4201109,Green Eletron,PEV fixo,Ativo,04/04/2020
3304557-017,2025,RJ,  Rio de Janeiro ,3304557,ABREE,Ponto de consolidação,Ativo,01/09/2020
5300108-028,2025,DF,BRASÍLIA,5300108,ABREE,PEV fixo,Ativo,07/09/2019
2611606-089,2025,PE,Recife,2611606,Green Eletron,PEV fixo,Ativo,27/03/2023
3132701-001,2025,MG,Itambacuri,3132701,Green Eletron,PEV fixo,Ativo,04/03/2025
4124400-001,2025,PR,Santo Antônio do Sudoeste,4124400,Sistema individual,Campanha itinerante,Ativo,05/04/2022
2927101-000,2025,BA,RODELAS,2927101,Green Eletron,PEV fixo,Ativo,11/05/2020
5300108-036,2025,DF,Brasília,5300108,ABREE,PEV fixo,Ativo,08/06/2020
4126678-000,2025,PR,TAMARANA,4126678,ABREE,PEV fixo,Ativo,24/05/2022
3106200-120,2025,MG,BELO HORIZONTE,3106200,Green Eletron,PEV fixo,Ativo,17/11/2021
4106902-030,2025,PR,Curitiba,4106902,ABREE,PEV fixo,Ativo,27/06/2021
3501103-003,2025,SP,Alto Alegre,3501103,ABREE,PEV fixo,Ativo,08/05/2022
5215207-009,2025,GO,NOVO BRASIL,5215207,ABREE,PEV fixo,Ativo,15/01/2023
5205901-001,2025,GO,Corumbaíba,5205901,ABREE,PEV fixo,Ativo,17/04/2022
3204955-000,2025,ES,São Roque do Canaã,3204955,ABREE,PEV fixo,Ativo,02/03/2025
1304005-005,2025,AM,Silves,1304005,ABREE,Ponto de consolidação,Ativo,25/07/2023
4305306-000,2025,RS,Chapada,4305306,Sistema individual,PEV fixo,Ativo,20/04/2020
2902302-000,2025,BA,Aratuípe,2902302,Green Eletron,Ponto de consolidação,Ativo,18/12/2024
2603926-000,2025,PE,CARNAUBEIRA DA PENHA,2603926,Sistema individual,Ponto de consolidação,Ativo,09/07/2021
3304557-145,2025,RJ,Rio de Janeiro,3304557,ABREE,PEV fixo,Ativo,25/09/2022
4120333-000,2025,PR,Prado Ferreira,4120333,ABREE,Campanha itinerante,Ativo,28/08/2019
3141108-000,2025,MG,Matozinhos,3141108,ABREE,PEV fixo,Ativo,23/08/2023
3550308-117,2025,SP,São Paulo,3550308,Sistema individual,PEV fixo,Ativo,07/06/2020
2927408-014,2025,BA,Salvador,2927408,Green Eletron,PEV fixo,Ativo,23/08/2019
2210623-000,2025,PI,Sebastião Barros,2210623,ABREE,PEV fixo,Ativo,01/04/2022
3550308-119,2025,SP,São Paulo,3550308,ABREE,Campanha itinerante,Ativo,25/04/2020
4211603-000,2025,SC,  Nova Veneza ,4211603,Green Eletron,PEV fixo,Ativo,14/06/2019
3149002-000,2025,MG,  Pedra Dourada ,3149002,ABREE,PEV fixo,Ativo,18/07/2019
4315008-000,2025,RS,Porto Lucena,4315008,ABREE,PEV fixo,Ativo,28/02/2025
3519105-001,2025,SP,Iacanga,3519105,ABREE,PEV fixo,Ativo,09/08/2023
2514701-000,2025,PB,São José do Sabugi,2514701,Green Eletron,PEV fixo,Ativo,03/03/2023
3121100-000,2025,MG,Delfim Moreira,3121100,ABREE,Ponto de consolidação,Ativo,06/01/2020
3507803-000,2025,SP,Brodowski,3507803,ABREE,PEV fixo,Ativo,14/08/2020
2924058-000,2025,BA,Pe de Serra,2924058,Green Eletron,PEV fixo,Ativo,06/06/2019
3304557-084,2025,RJ,RIO DE JANEIRO,3304557,ABREE,PEV fixo,Ativo,08/11/2021
3526506-000,2025,SP,Lavinia,3526506,Green Eletron,PEV fixo,Ativo,16/02/2023
1716109-000,2025,TO,PARAÍSO DO TOCANTINS,1716109,Green Eletron,PEV fixo,Ativo,10/04/2019
2512408-000,2025,PB,PUXINANÃ,2512408,ABREE,PEV fixo,Ativo,27/10/2023
2921401-001,2025,BA,Mirangaba,2921401,ABREE,PEV fixo,Ativo,08/07/2023
3106200-008,2025,MG,Belo Horizonte,3106200,Sistema individual,PEV fixo,Ativo,26/04/2020
2111300-096,2025,MA,SÃO LUÍS,2111300,Green Eletron,PEV fixo,Ativo,24/11/2023
1505700-006,2025,PA,Ponta de Pedras,1505700,Sistema individual,PEV fixo,Ativo,26/06/2024
2304400-027,2025,CE,Fortaleza,2304400,ABREE,PEV fixo,Ativo,15/03/2019
5300108-080,2025,DF,Brasília,5300108,Green Eletron,Ponto de consolidação,Ativo,14/09/2022
4314902-172,2025,RS,PORTO ALEGRE,4314902,Green Eletron,PEV fixo,Ativo,23/08/2024
3165602-000,2025,MG,Senador Cortes,3165602,ABREE,PEV fixo,Ativo,11/07/2025
3139003-000,2025,MG,Machado,3139003,ABREE,Campanha itinerante,Ativo,13/08/2021
1400605-000,2025,RR,  São Luiz ,1400605,ABREE,PEV fixo,Ativo,05/11/2022
2211001-002,2025,PI,Teresina,2211001,Green Eletron,PEV fixo,Ativo,15/07/2019
5105002-001,2025,MT,Jauru,5105002,ABREE,PEV fixo,Ativo,27/06/2023
3550308-146,2025,SP,Sao Paulo,3550308,Green Eletron,PEV fixo,Ativo,11/04/2020
2611606-098,2025,PE,Recife,2611606,ABREE,PEV fixo,Ativo,04/07/2024
3542602-002,2025,SP,REGISTRO,3542602,ABREE,PEV fixo,Ativo,28/04/2020
2921708-002,2025,BA,Morro do Chapéu,2921708,Sistema individual,PEV fixo,Ativo,18/11/2022
2508109-000,2025,PB,Lagoa,2508109,ABREE,PEV fixo,Ativo,26/05/2022
1200302-000,2025,AC,Feijo,1200302,ABREE,Ponto de consolidação,Ativo,22/10/2021
3549508-010,2025,SP,SÃO JOSÉ DA BELA VISTA,3549508,ABREE,PEV fixo,Ativo,16/04/2023
4205407-055,2025,SC,Florianópolis,4205407,ABREE,PEV fixo,Ativo,17/08/2021
2927408-042,2025,BA,Salvador,2927408,ABREE,PEV fixo,Ativo,03/06/2019
2927408-005,2025,BA,Salvador,,Green Eletron,PEV fixo,Ativo,20/05/2019
3550308-353,2025,SP,SÃO PAULO,3550308,ABREE,PEV fixo,Ativo,03/06/2023
3155702-000,2025,MG,Rio Piracicaba,3155702,Green Eletron,PEV fixo,Ativo,22/12/2025
1501402-025,2025,PA,  Belém ,1501402,Green Eletron,PEV fixo,Ativo,07/10/2022
2211001-000,2025,PI,TERESINA,2211001,Green Eletron,PEV fixo,Ativo,04/12/2019
3130200-000,2025,MG,Igaratinga,3130200,ABREE,PEV fixo,Ativo,02/07/2023
3541653-004,2025,SP,Quadra,3541653,ABREE,PEV fixo,Ativo,20/04/2021
2309300-002,2025,CE,NOVA RUSSAS,2309300,Green Eletron,Ponto de consolidação,Ativo,25/07/2023
3301108-022,2025,RJ,CANTAGALO,3301108,Green Eletron,PEV fixo,Ativo,23/05/2023
2913457-000,2025,BA,Igrapiuna,2913457,Green Eletron,Ponto de consolidação,Ativo,12/07/2020
3512001-000,2025,SP,Colina,3512001,ABREE,PEV fixo,Ativo,16/11/2021
4115457-004,2025,PR,Marquinho,4115457,ABREE,PEV fixo,Inativo,03/07/2021
3304508-017,2025,RJ,RIO DAS FLORES,3304508,ABREE,PEV fixo,Ativo,27/06/2024
3512100-003,2025,SP,COLÔMBIA,3512100,Sistema individual,Ponto de consolidação,Ativo,18/07/2023
3509304-000,2025,SP,Cajobi,3509304,ABREE,PEV fixo,Ativo,17/10/2019
2304400-100,2025,CE,Fortaleza,2304400,Green Eletron,PEV fixo,Ativo,06/07/2023
2611606-001,2025,PE,RECIFE,2611606,ABREE,PEV fixo,Ativo,18/05/2020
1720101-001,2025,TO,  São Bento do Tocantins ,1720101,ABREE,PEV fixo,Ativo,25/08/2025
4302154-000,2025,RS,Boa Vista das Missoes,4302154,ABREE,PEV fixo,Ativo,17/07/2019
1504950-000,2025,PA,Nova Esperança do Piriá,1504950,ABREE,PEV fixo,Ativo,17/11/2023
2500536-000,2025,PB,Alcantil,2500536,ABREE,PEV fixo,Ativo,09/03/2019
3520442-004,2025,SP,Ilha Solteira,3520442,Green Eletron,PEV fixo,Ativo,16/09/2025
5300108-101,2025,DF,Brasília,,ABREE,PEV fixo,Ativo,15/10/2023
2903276-000,2025,BA,Barrocas,2903276,ABREE,PEV fixo,Ativo,12/05/2022
2614808-000,2025,PE,Tacaratu,2614808,Green Eletron,PEV fixo,Ativo,07/07/2022
5300108-099,2025,DF,Brasília,5300108,ABREE,PEV fixo,Ativo,17/06/2023
1504208-003,2025,PA,Marabá,1504208,Green Eletron,PEV fixo,Ativo,04/06/2021
3530409-001,2025,SP,MIRASSOLÂNDIA,3530409,Green Eletron,PEV fixo,Ativo,03/05/2023
3118106-000,2025,MG,Congonhas do Norte,3118106,ABREE,PEV fixo,Ativo,19/10/2019
1101708-000,2025,RO,Urupá,1101708,Green Eletron,PEV fixo,Ativo,22/01/2019
4318457-000,2025,RS,São José das Missões,4318457,ABREE,PEV fixo,Ativo,25/02/2024
4212239-000,2025,SC,Paraíso,4212239,Green Eletron,PEV fixo,Ativo,08/02/2019
3106200-059,2025,MG,  Belo Horizonte ,3106200,ABREE,PEV fixo,Ativo,04/08/2020
2210904-000,2025,PI,Socorro do Piauí,2210904,ABREE,PEV fixo,Ativo,26/10/2023
2208403-000,2025,PI,PIRIPIRI,2208403,Green Eletron,PEV fixo,Ativo,12/10/2022
2103000-001,2025,MA,Caxias,2103000,Green Eletron,PEV fixo,Ativo,09/12/2023
3134301-000,2025,MG,Itumirim,3134301,ABREE,Ponto de consolidação,Ativo,28/06/2019
4322558-000,2025,RS,Vanini,4322558,ABREE,PEV fixo,Ativo,27/10/2023
4314035-000,2025,RS,Pareci Novo,4314035,ABREE,PEV fixo,Ativo,03/07/2021
2900207-000,2025,BA,Abaré,2900207,Green Eletron,PEV fixo,Ativo,04/09/2022
4218509-000,2025,SC,TREZE TÍLIAS,4218509,Green Eletron,PEV fixo,Ativo,14/07/2025
4205407-046,2025,SC,Florianópolis,4205407,ABREE,PEV fixo,Ativo,27/03/2021
2911659-000,2025,BA,Guajeru,2911659,Green Eletron,PEV fixo,Ativo,16/04/2020
3300258-000,2025,RJ,Arraial do Cabo,3300258,ABREE,PEV fixo,Ativo,26/06/2019
3170750-000,2025,MG,Varjão de Minas,3170750,ABREE,PEV fixo,Ativo,22/04/2025
3130101-000,2025,MG,IGARAPÉ,3130101,Green Eletron,Campanha itinerante,Ativo,09/02/2019
1304260-003,2025,AM,Uarini,1304260,Green Eletron,PEV fixo,Ativo,01/08/2022
2602704-003,2025,PE,Buenos Aires,2602704,ABREE,PEV fixo,Ativo,08/04/2024
3106200-309,2025,MG,BELO HORIZONTE,3106200,ABREE,PEV fixo,Ativo,22/03/2024
3158201-000,2025,MG,  Santa Maria do Suaçuí ,3158201,ABREE,Campanha itinerante,Ativo,14/02/2022
3304557-000,2025,RJ,Rio de Janeiro,3304557,Green Eletron,PEV fixo,Ativo,24/09/2020
5000906-000,2025,MS,Antônio João,5000906,Sistema individual,PEV fixo,Ativo,10/04/2022
3126901-001,2025,MG,Frei Inocêncio,3126901,Sistema individual,PEV fixo,Inativo,23/01/2022
2614105-000,2025,PE,Sertânia,2614105,ABREE,PEV fixo,Ativo,19/08/2019
3304557-220,2025,RJ,Rio de Janeiro,3304557,ABREE,Ponto de consolidação,Ativo,20/06/2024
4123956-000,2025,PR,SANTA MÔNICA,4123956,ABREE,PEV fixo,Ativo,13/11/2019
2507507-005,2025,PB,João Pessoa,2507507,Green Eletron,PEV fixo,Ativo,21/09/2020
2200251-000,2025,PI,Alagoinha do Piauí,2200251,ABREE,PEV fixo,Ativo,28/09/2025
1501402-016,2025,PA,BELÉM,1501402,ABREE,PEV fixo,Ativo,01/06/2021
1701002-001,2025,TO,Ananas,1701002,Green Eletron,PEV fixo,Ativo,21/09/2025
2500700-000,2025,PB,São João do Rio do Peixe,2500700,Sistema individual,PEV fixo,Ativo,09/08/2019
5300108-051,2025,DF,BRASÍLIA,5300108,Green Eletron,Campanha itinerante,Ativo,25/07/2020
5204409-000,2025,GO,CAIAPÔNIA,5204409,ABREE,Campanha itinerante,Ativo,14/02/2024
2916609-000,2025,BA,Itapitanga,2916609,ABREE,PEV fixo,Ativo,18/03/2019
3550308-048,2025,SP,SÃO PAULO,3550308,ABREE,PEV fixo,Ativo,24/09/2019
5002704-002,2025,MS,Campo Grande,5002704,Green Eletron,PEV fixo,Ativo,27/04/2020
2900801-001,2025,BA,Alcobaça,2900801,ABREE,PEV fixo,Ativo,14/02/2023
2111300-073,2025,MA,Sao Luis,2111300,ABREE,PEV fixo,Ativo,14/06/2021
4106902-067,2025,PR,Curitiba,4106902,ABREE,Campanha itinerante,Ativo,19/12/2023
4115903-000,2025,PR,Mirador,4115903,ABREE,PEV fixo,Ativo,02/05/2025
2304608-000,2025,CE,General Sampaio,2304608,Green Eletron,PEV fixo,Ativo,27/06/2021
3114550-000,2025,MG,  Carneirinho ,,ABREE,PEV fixo,Ativo,01/02/2023
4305959-000,2025,RS,Cotipora,4305959,Green Eletron,PEV fixo,Ativo,28/02/2021
2301109-000,2025,CE,Aracati,2301109,Green Eletron,PEV fixo,Ativo,28/03/2020
3501103-004,2025,SP,Alto Alegre,3501103,Sistema individual,Ponto de consolidação,Ativo,26/06/2022
3515194-001,2025,SP,Espirito Santo do Turvo,3515194,ABREE,Ponto de consolidação,Ativo,26/01/2020
2516755-000,2025,PB,Tenório,2516755,Green Eletron,PEV fixo,Ativo,24/06/2019
5202502-000,2025,GO,ARUANÃ,5202502,Green Eletron,PEV fixo,Ativo,03/11/2024
3304201-004,2025,RJ,RESENDE,3304201,Green Eletron,PEV fixo,Ativo,26/03/2023
3526803-004,2025,SP,LENÇÓIS PAULISTA,3526803,ABREE,PEV fixo,Ativo,21/07/2021
3553104-000,2025,SP,Taiaçu,3553104,ABREE,PEV fixo,Ativo,06/02/2019
3300902-002,2025,RJ,Cambuci,3300902,ABREE,PEV fixo,Ativo,06/11/2020
3536109-002,2025,SP,Pardinho,3536109,ABREE,PEV fixo,Ativo,09/12/2025
3304557-077,2025,RJ,Rio de Janeiro,3304557,Green Eletron,PEV fixo,Ativo,01/07/2021
3304557-061,2025,RJ,RIO DE JANEIRO,3304557,Sistema individual,PEV fixo,Ativo,16/02/2020
2515609-000,2025,PB,Serra da Raiz,2515609,ABREE,PEV fixo,Ativo,26/09/2022
4305116-000,2025,RS,Centenario,4305116,ABREE,PEV fixo,Ativo,08/11/2025
2604106-000,2025,PE,Caruaru,2604106,Green Eletron,PEV fixo,Ativo,15/05/2021
5300108-031,2025,DF,Brasília,5300108,ABREE,PEV fixo,Ativo,03/06/2020
5003256-002,2025,MS,Costa Rica,5003256,ABREE,PEV fixo,Ativo,28/07/2025
1715705-000,2025,TO,Palmeirante,1715705,ABREE,PEV fixo,Ativo,27/12/2025
2306603-000,2025,CE,ITATIRA,,Green Eletron,PEV fixo,Ativo,23/01/2019
2111300-019,2025,MA,Sao Luis,2111300,ABREE,PEV fixo,Ativo,25/03/2019
3539707-000,2025,SP,PLATINA,3539707,ABREE,PEV fixo,Ativo,07/04/2023
2111300-052,2025,MA,São Luís,2111300,ABREE,PEV fixo,Ativo,12/09/2020
1503507-000,2025,PA,Irituia,1503507,Green Eletron,PEV fixo,Ativo,26/12/2021
2509206-001,2025,PB,MASSARANDUBA,2509206,ABREE,PEV fixo,Ativo,07/04/2022
2304400-011,2025,CE,  Fortaleza ,2304400,ABREE,PEV fixo,Ativo,07/10/2019
2927408-118,2025,BA,SALVADOR,2927408,ABREE,PEV fixo,Ativo,19/03/2022
1507904-001,2025,PA,Soure,1507904,ABREE,Campanha itinerante,Ativo,10/11/2025
1702554-000,2025,TO,Augustinópolis,1702554,Green Eletron,Ponto de consolidação,Ativo,20/04/2024
4104402-000,2025,PR,Cândido de Abreu,4104402,Green Eletron,Campanha itinerante,Ativo,03/09/2023
4106902-002,2025,PR,Curitiba,4106902,ABREE,PEV fixo,Ativo,16/04/2020
4322855-000,2025,RS,VESPASIANO CORRÊA,4322855,ABREE,PEV fixo,Ativo,28/02/2023
2410405-000,2025,RN,PUREZA,2410405,Sistema individual,PEV fixo,Ativo,09/01/2020
4106902-069,2025,PR,Curitiba,4106902,ABREE,PEV fixo,Ativo,20/10/2023
3106200-100,2025,MG,BELO HORIZONTE,3106200,ABREE,PEV fixo,Ativo,05/09/2021
3304409-000,2025,RJ,RIO CLARO,3304409,Sistema individual,PEV fixo,Ativo,17/11/2021
3549706-001,2025,SP,SÃO JOSÉ DO RIO PARDO,3549706,ABREE,Ponto de consolidação,Ativo,17/10/2021
1503705-000,2025,PA,Itupiranga,1503705,ABREE,Ponto de consolidação,Ativo,02/05/2024
3539301-003,2025,SP,PIRASSUNUNGA,3539301,ABREE,PEV fixo,Ativo,01/01/2023
4205407-027,2025,SC,FLORIANÓPOLIS,4205407,ABREE,PEV fixo,Ativo,07/06/2020
5300108-104,2025,DF,Brasília,5300108,ABREE,Ponto de consolidação,Ativo,28/08/2023
3106200-026,2025,MG,Belo Horizonte,3106200,ABREE,PEV fixo,Ativo,03/03/2020
2917359-000,2025,BA,Jaborandi,2917359,Green Eletron,PEV fixo,Ativo,22/07/2024
3555000-000,2025,SP,Tupã,3555000,ABREE,PEV fixo,Ativo,08/11/2023
3302106-003,2025,RJ,Itaocara,3302106,ABREE,PEV fixo,Ativo,08/04/2021
2304400-054,2025,CE,FORTALEZA,2304400,Green Eletron,PEV fixo,Ativo,09/04/2021
3205309-027,2025,ES,  Vitória ,3205309,ABREE,Campanha itinerante,Ativo,09/04/2024
2929107-000,2025,BA,São Felipe,2929107,ABREE,PEV fixo,Ativo,07/02/2020
3106200-245,2025,MG,Belo Horizonte,3106200,Green Eletron,PEV fixo,Ativo,19/04/2023
4313953-000,2025,RS,Pantano Grande,4313953,ABREE,PEV fixo,Ativo,14/09/2019
2611606-099,2025,PE,Recife,2611606,Sistema individual,PEV fixo,Ativo,25/07/2024
5219902-000,2025,GO,São Francisco de Goiás,5219902,Sistema individual,PEV fixo,Ativo,20/11/2019
3550308-333,2025,SP,São Paulo,3550308,Green Eletron,PEV fixo,Ativo,18/06/2023
3550308-104,2025,SP,São Paulo,3550308,ABREE,Campanha itinerante,Ativo,11/01/2019
2914208-000,2025,BA,  Irajuba ,2914208,ABREE,PEV fixo,Ativo,10/10/2020
3128709-000,2025,MG,GUAXUPÉ,3128709,Green Eletron,PEV fixo,Ativo,13/07/2022
4302709-000,2025,RS,  Butiá ,4302709,ABREE,PEV fixo,Ativo,02/02/2021
3106200-148,2025,MG,Belo Horizonte,3106200,Green Eletron,PEV fixo,Ativo,23/04/2021
4314902-160,2025,RS,Porto Alegre,4314902,Sistema individual,PEV fixo,Ativo,08/09/2024
4314902-051,2025,RS,Porto Alegre,4314902,Green Eletron,PEV fixo,Ativo,03/12/2020
5202353-000,2025,GO,ARENÓPOLIS,5202353,ABREE,Campanha itinerante,Ativo,24/06/2021
3550308-139,2025,SP,São Paulo,3550308,ABREE,PEV fixo,Ativo,20/10/2020
3522307-000,2025,SP,ITAPETININGA,3522307,ABREE,PEV fixo,Ativo,07/12/2023
2927408-016,2025,BA,  Salvador ,2927408,ABREE,PEV fixo,Ativo,06/06/2019
2100303-000,2025,MA,ALDEIAS ALTAS,2100303,ABREE,Ponto de consolidação,Ativo,25/11/2019
2306900-000,2025,CE,Jaguaribe,2306900,ABREE,PEV fixo,Ativo,23/09/2019
2107803-000,2025,MA,  Parnarama ,2107803,Green Eletron,PEV fixo,Ativo,06/12/2021
3550308-172,2025,SP,SÃO PAULO,3550308,ABREE,PEV fixo,Ativo,20/06/2020
3550308-224,2025,SP,São Paulo,3550308,ABREE,PEV fixo,Ativo,03/12/2021
3129004-000,2025,MG,Guiricema,3129004,ABREE,PEV fixo,Ativo,20/03/2020
2211001-001,2025,PI,Teresina,2211001,ABREE,PEV fixo,Ativo,13/09/2019
3122702-000,2025,MG,Dom Silvério,3122702,Green Eletron,Campanha itinerante,Ativo,16/03/2019
4214904-000,2025,SC,Rio Fortuna,4214904,ABREE,PEV fixo,Ativo,18/05/2023
3505203-006,2025,SP,BARIRI,3505203,ABREE,PEV fixo,Ativo,22/07/2022
3304904-000,2025,RJ,Sao Goncalo,3304904,Green Eletron,PEV fixo,Ativo,01/03/2024
3106200-067,2025,MG,BELO HORIZONTE,3106200,Green Eletron,PEV fixo,Ativo,09/01/2020
3534708-000,2025,SP,Ourinhos,3534708,ABREE,PEV fixo,Ativo,23/07/2019
3552551-000,2025,SP,Suzanápolis,3552551,ABREE,PEV fixo,Ativo,19/12/2021
5002902-002,2025,MS,  Cassilândia ,5002902,Green Eletron,PEV fixo,Ativo,26/09/2023
4205175-000,2025,SC,Entre Rios,4205175,Green Eletron,Campanha itinerante,Ativo,28/11/2021
5002704-001,2025,MS,Campo Grande,5002704,Green Eletron,PEV fixo,Inativo,12/05/2020
2704302-012,2025,AL,Maceió,2704302,Sistema individual,PEV fixo,Ativo,10/05/2024
5218052-000,2025,GO,Porteirão,5218052,Green Eletron,PEV fixo,Ativo,16/11/2020
2104677-000,2025,MA,Governador Nunes Freire,2104677,ABREE,PEV fixo,Ativo,27/03/2023
3123528-007,2025,MG,Durandé,3123528,ABREE,PEV fixo,Ativo,04/12/2023
3170305-000,2025,MG,Umburatiba,3170305,Green Eletron,PEV fixo,Ativo,05/01/2019
2919900-000,2025,BA,MACURURÉ,2919900,ABREE,PEV fixo,Ativo,27/04/2020
2111300-103,2025,MA,Sao Luis,2111300,ABREE,PEV fixo,Ativo,25/07/2023
3550308-202,2025,SP,São Paulo,3550308,Green Eletron,PEV fixo,Ativo,04/11/2021
2408102-001,2025,RN,Natal,2408102,Sistema individual,PEV fixo,Ativo,12/01/2020
3303609-000,2025,RJ,Paracambi,3303609,Sistema individual,Campanha itinerante,Ativo,02/05/2019
4103909-001,2025,PR,Campina da Lagoa,4103909,ABREE,PEV fixo,Ativo,04/08/2023
3550308-115,2025,SP,SÃO PAULO,3550308,Green Eletron,Ponto de consolidação,Ativo,26/12/2020
3549706-003,2025,SP,SÃO JOSÉ DO RIO PARDO,3549706,ABREE,PEV fixo,Ativo,20/09/2022
2210607-000,2025,PI,Sao Raimundo Nonato,2210607,ABREE,PEV fixo,Ativo,21/01/2023
2312601-001,2025,CE,  São Luís do Curu ,2312601,Green Eletron,PEV fixo,Inativo,15/07/2023
3545803-001,2025,SP,Santa Bárbara d'Oeste,3545803,Green Eletron,PEV fixo,Ativo,03/08/2021
2102374-000,2025,MA,Cachoeira Grande,2102374,ABREE,PEV fixo,Inativo,01/04/2019
2203305-000,2025,PI,Demerval Lobão,2203305,ABREE,PEV fixo,Ativo,14/08/2020
2304400-025,2025,CE,FORTALEZA,2304400,Green Eletron,PEV fixo,Ativo,10/03/2019
2512507-000,2025,PB,Queimadas,2512507,ABREE,Ponto de consolidação,Ativo,17/06/2023
3128907-000,2025,MG,Guimarânia,3128907,ABREE,PEV fixo,Ativo,24/04/2023
3126752-000,2025,MG,Franciscópolis,3126752,Green Eletron,PEV fixo,Ativo,10/05/2019
4314902-135,2025,RS,Porto Alegre,4314902,ABREE,PEV fixo,Ativo,19/04/2023
2604007-000,2025,PE,Carpina,2604007,Green Eletron,PEV fixo,Ativo,01/11/2019
4314902-047,2025,RS,Porto Alegre,4314902,ABREE,PEV fixo,Ativo,11/09/2020
3127339-001,2025,MG,Gameleiras,3127339,Green Eletron,Campanha itinerante,Ativo,16/02/2021
3106200-299,2025,MG,Belo Horizonte,3106200,Green Eletron,PEV fixo,Ativo,13/03/2024
3305752-006,2025,RJ,TANGUÁ,3305752,ABREE,PEV fixo,Ativo,10/02/2022
2802601-000,2025,SE,GRACHO CARDOSO,2802601,ABREE,PEV fixo,Ativo,06/10/2023
3106200-014,2025,MG,Belo Horizonte,3106200,ABREE,Ponto de consolidação,Ativo,21/05/2020
4200408-001,2025,SC,ÁGUA DOCE,4200408,Green Eletron,PEV fixo,Ativo,25/06/2023
3501004-000,2025,SP,Altinópolis,3501004,ABREE,PEV fixo,Ativo,28/11/2024
3550308-256,2025,SP,  São Paulo ,3550308,Sistema individual,PEV fixo,Ativo,13/07/2022
3153301-000,2025,MG,Presidente Kubitschek,3153301,ABREE,Campanha itinerante,Ativo,22/06/2019
2705408-000,2025,AL,Monteirópolis,2705408,ABREE,PEV fixo,Ativo,18/06/2022
3162955-000,2025,MG,São José da Lapa,3162955,Green Eletron,PEV fixo,Ativo,04/09/2022
3535705-001,2025,SP,Paraíso,3535705,Green Eletron,PEV fixo,Ativo,10/09/2024
3164407-000,2025,MG,Sao Sebastiao da Bela Vista,3164407,Green Eletron,PEV fixo,Ativo,09/02/2022
2805901-000,2025,SE,Riachuelo,2805901,ABREE,PEV fixo,Ativo,02/01/2021
3105400-001,2025,MG,BARÃO DE COCAIS,3105400,Green Eletron,PEV fixo,Ativo,02/05/2025
3550308-192,2025,SP,Sao Paulo,3550308,ABREE,PEV fixo,Ativo,23/05/2021
1507151-003,2025,PA,São Domingos do Araguaia,1507151,Green Eletron,PEV fixo,Ativo,04/12/2020
3304557-194,2025,RJ,RIO DE JANEIRO,3304557,ABREE,PEV fixo,Ativo,04/09/2023
3117603-000,2025,MG,CONCEIÇÃO DO PARÁ,3117603,ABREE,PEV fixo,Ativo,23/11/2024
2400505-000,2025,RN,Alexandria,2400505,Green Eletron,PEV fixo,Ativo,21/06/2025
3106200-147,2025,MG,BELO HORIZONTE,3106200,ABREE,PEV fixo,Ativo,23/06/2021
4106803-001,2025,PR,Cruz Machado,4106803,Green Eletron,PEV fixo,Ativo,13/11/2023
5103957-000,2025,MT,Glória D'Oeste,5103957,ABREE,PEV fixo,Ativo,19/01/2022
2707206-000,2025,AL,POÇO DAS TRINCHEIRAS,2707206,ABREE,PEV fixo,Ativo,23/02/2020
5002704-010,2025,MS,Campo Grande,5002704,Green Eletron,Ponto de consolidação,Ativo,24/02/2022
4203501-000,2025,SC,Campo Erê,4203501,ABREE,PEV fixo,Ativo,25/07/2023
2304400-047,2025,CE,FORTALEZA,2304400,Green Eletron,PEV fixo,Ativo,04/12/2020
2414001-001,2025,RN,Tangará,2414001,ABREE,PEV fixo,Ativo,07/07/2024
3301108-027,2025,RJ,CANTAGALO,3301108,Green Eletron,Campanha itinerante,Ativo,03/04/2023
5214838-000,2025,GO,Nova Crixás,5214838,ABREE,PEV fixo,Ativo,14/08/2022
3303856-001,2025,RJ,Paty do Alferes,3303856,ABREE,PEV fixo,Ativo,11/06/2023
3304557-154,2025,RJ,RIO DE JANEIRO,3304557,ABREE,PEV fixo,Ativo,25/07/2022
4215000-000,2025,SC,RIO NEGRINHO,4215000,ABREE,PEV fixo,Ativo,22/11/2023
3523503-000,2025,SP,Itatinga,3523503,Green Eletron,Ponto de consolidação,Ativo,20/11/2021
2927408-080,2025,BA,SALVADOR,2927408,Green Eletron,PEV fixo,Ativo,03/10/2021
3302403-004,2025,RJ,Macaé,3302403,ABREE,PEV fixo,Ativo,02/08/2019
3507506-000,2025,SP,Botucatu,3507506,Sistema individual,Campanha itinerante,Ativo,16/05/2020
3142908-000,2025,MG,Monte Azul,3142908,Green Eletron,PEV fixo,Ativo,14/09/2020
2604155-000,2025,PE,CASINHAS,2604155,ABREE,PEV fixo,Inativo,22/07/2021
4306056-000,2025,RS,Cristal,4306056,Green Eletron,Campanha itinerante,Ativo,13/06/2019
2807105-001,2025,SE,Simão Dias,2807105,ABREE,PEV fixo,Ativo,24/06/2022
2918555-001,2025,BA,JUSSARI,2918555,ABREE,PEV fixo,Ativo,07/01/2023
2202059-000,2025,PI,Cabeceiras do Piaui,2202059,ABREE,PEV fixo,Ativo,28/01/2023
4205407-067,2025,SC,FLORIANÓPOLIS,4205407,Green Eletron,PEV fixo,Ativo,03/02/2022
3532009-010,2025,SP,Morungaba,3532009,ABREE,PEV fixo,Ativo,09/03/2021
5003801-000,2025,MS,FÁTIMA DO SUL,5003801,Green Eletron,PEV fixo,Ativo,13/04/2025
3304557-052,2025,RJ,Rio de Janeiro,3304557,Green Eletron,Ponto de consolidação,Ativo,11/02/2020
2903508-005,2025,BA,Belo Campo,2903508,ABREE,PEV fixo,Ativo,04/08/2023
3166204-001,2025,MG,Senhora dos Remedios,3166204,Green Eletron,Ponto de consolidação,Ativo,07/11/2023
3139508-000,2025,MG,Manhumirim,3139508,ABREE,Ponto de consolidação,Ativo,10/04/2019
1504950-001,2025,PA,Nova Esperança do Piriá,1504950,ABREE,PEV fixo,Ativo,16/06/2023
2105708-000,2025,MA,Lago da Pedra,2105708,Green Eletron,PEV fixo,Ativo,28/04/2019
2924652-000,2025,BA,PINTADAS,2924652,ABREE,PEV fixo,Ativo,07/03/2019
3302403-012,2025,RJ,Macaé,3302403,Green Eletron,Ponto de consolidação,Ativo,28/06/2022
3201902-002,2025,ES,Domingos Martins,3201902,Green Eletron,PEV fixo,Ativo,21/10/2022
3550308-080,2025,SP,São Paulo,,ABREE,PEV fixo,Ativo,26/01/2019
3539301-005,2025,SP,Pirassununga,3539301,Green Eletron,Campanha itinerante,Ativo,23/11/2024
3302502-002,2025,RJ,Magé,3302502,ABREE,PEV fixo,Ativo,23/09/2020
1100205-009,2025,RO,Porto Velho,1100205,ABREE,PEV fixo,Ativo,01/06/2022
3556354-001,2025,SP,Vargem,3556354,Green Eletron,PEV fixo,Inativo,26/09/2023
3107000-000,2025,MG,Biquinhas,3107000,ABREE,PEV fixo,Ativo,18/01/2020
2804607-000,2025,SE,NOSSA SENHORA DAS DORES,2804607,Green Eletron,PEV fixo,Ativo,12/03/2025
2612455-000,2025,PE,Santa Cruz,2612455,ABREE,PEV fixo,Ativo,20/01/2023
4323507-000,2025,RS,Vista Alegre,4323507,ABREE,PEV fixo,Ativo,13/12/2019
4127957-002,2025,PR,TUPÃSSI,4127957,Green Eletron,PEV fixo,Ativo,21/05/2023
3165206-000,2025,MG,São Thomé das Letras,3165206,Green Eletron,PEV fixo,Ativo,14/05/2020
5217104-000,2025,GO,Piracanjuba,5217104,Green Eletron,PEV fixo,Ativo,16/07/2021
4128625-000,2025,PR,Alto Paraíso,4128625,Green Eletron,PEV fixo,Ativo,04/10/2022
3512506-000,2025,SP,Coroados,3512506,ABREE,PEV fixo,Ativo,14/03/2021
1200427-000,2025,AC,Rodrigues Alves,1200427,ABREE,PEV fixo,Ativo,08/12/2022
3510302-002,2025,SP,Capela do Alto,3510302,ABREE,PEV fixo,Ativo,01/11/2023
3106200-010,2025,MG,Belo Horizonte,3106200,ABREE,PEV fixo,Ativo,14/02/2020
1505403-000,2025,PA,OURÉM,1505403,Green Eletron,PEV fixo,Ativo,10/03/2021
3530102-008,2025,SP,Mirandopolis,3530102,ABREE,PEV fixo,Inativo,23/11/2024
5300108-048,2025,DF,Brasilia,5300108,ABREE,PEV fixo,Ativo,13/01/2020
3538808-001,2025,SP,PIRAJU,3538808,ABREE,PEV fixo,Ativo,26/09/2019
4205407-035,2025,SC,Florianópolis,4205407,Sistema individual,PEV fixo,Ativo,15/12/2020
2100907-000,2025,MA,Araioses,2100907,ABREE,PEV fixo,Ativo,14/10/2019
4314902-102,2025,RS,Porto Alegre,4314902,Green Eletron,PEV fixo,Ativo,02/12/2022
4106902-051,2025,PR,Curitiba,4106902,Sistema individual,PEV fixo,Ativo,16/04/2022
2924678-001,2025,BA,Piraí do Norte,2924678,Green Eletron,Ponto de consolidação,Ativo,21/11/2025
2605806-000,2025,PE,  Frei Miguelinho ,2605806,Green Eletron,Ponto de consolidação,Ativo,25/07/2019
2205516-001,2025,PI,JUAZEIRO DO PIAUÍ,2205516,ABREE,PEV fixo,Ativo,14/11/2024
4117057-000,2025,PR,Nova Laranjeiras,4117057,ABREE,PEV fixo,Ativo,20/02/2024
4126504-000,2025,PR,Sertanópolis,4126504,ABREE,PEV fixo,Ativo,27/10/2023
5101407-000,2025,MT,Aripuanã,5101407,ABREE,PEV fixo,Ativo,21/10/2024
3550308-273,2025,SP,São Paulo,3550308,Sistema individual,PEV fixo,Ativo,26/01/2022
2927408-141,2025,BA,SALVADOR,2927408,ABREE,PEV fixo,Ativo,25/12/2023
3550308-019,2025,SP,Sao Paulo,3550308,ABREE,PEV fixo,Ativo,01/04/2019
2803807-000,2025,SE,Malhada dos Bois,2803807,Sistema individual,PEV fixo,Ativo,19/09/2019
2507507-010,2025,PB,João Pessoa,,ABREE,PEV fixo,Ativo,18/10/2021
3510302-001,2025,SP,Capela do Alto,3510302,ABREE,PEV fixo,Ativo,25/01/2022
4316006-000,2025,RS,Rolante,4316006,Green Eletron,PEV fixo,Ativo,25/09/2019
3521101-000,2025,SP,Ipeúna,3521101,ABREE,PEV fixo,Ativo,21/10/2019
3544251-000,2025,SP,Rosana,3544251,Green Eletron,PEV fixo,Ativo,08/08/2021
3106200-052,2025,MG,Belo Horizonte,3106200,ABREE,PEV fixo,Ativo,09/09/2020
3134202-000,2025,MG,Ituiutaba,3134202,ABREE,PEV fixo,Ativo,15/06/2019
3304557-155,2025,RJ,Rio de Janeiro,3304557,ABREE,PEV fixo,Ativo,08/11/2022
3502408-000,2025,SP,Anhumas,3502408,Green Eletron,PEV fixo,Ativo,17/10/2021
5101001-003,2025,MT,Araguaiana,5101001,Green Eletron,Ponto de consolidação,Ativo,18/03/2024
4314902-044,2025,RS,Porto Alegre,4314902,ABREE,Ponto de consolidação,Ativo,27/04/2020
3550308-272,2025,SP,  São Paulo ,3550308,ABREE,PEV fixo,Ativo,20/12/2022
3532108-000,2025,SP,Murutinga do Sul,3532108,Green Eletron,PEV fixo,Ativo,11/03/2020
4105805-000,2025,PR,Colombo,4105805,ABREE,PEV fixo,Ativo,23/12/2023
1503754-000,2025,PA,JACAREACANGA,1503754,ABREE,PEV fixo,Ativo,27/01/2025
3106200-181,2025,MG,Belo Horizonte,3106200,Green Eletron,PEV fixo,Ativo,08/01/2022
2402105-001,2025,RN,Campo Redondo,2402105,Green Eletron,PEV fixo,Ativo,21/05/2022
3157336-000,2025,MG,SANTA CRUZ DE MINAS,3157336,Green Eletron,PEV fixo,Ativo,15/11/2025
3155405-000,2025,MG,Rio Novo,3155405,ABREE,PEV fixo,Ativo,21/01/2025
3532306-011,2025,SP,NATIVIDADE DA SERRA,3532306,Green Eletron,Campanha itinerante,Ativo,21/11/2023
3163201-000,2025,MG,São José do Alegre,3163201,Green Eletron,PEV fixo,Ativo,18/08/2021
3156700-000,2025,MG,Sabara,3156700,Green Eletron,Ponto de consolidação,Ativo,04/02/2024
3106200-303,2025,MG,Belo Horizonte,3106200,ABREE,Campanha itinerante,Ativo,06/01/2024
3305406-005,2025,RJ,Sapucaia,3305406,Green Eletron,PEV fixo,Ativo,14/10/2022
2800308-012,2025,SE,Aracaju,2800308,ABREE,PEV fixo,Ativo,10/03/2020
4123303-000,2025,PR,Santa Cruz de Monte Castelo,4123303,ABREE,PEV fixo,Ativo,09/02/2023
4205407-007,2025,SC,Florianópolis,4205407,ABREE,PEV fixo,Ativo,04/08/2019
3555109-004,2025,SP,Tupi Paulista,3555109,ABREE,PEV fixo,Ativo,20/08/2020
3550308-304,2025,SP,São Paulo,3550308,ABREE,PEV fixo,Ativo,01/08/2022
3544251-003,2025,SP,Rosana,3544251,ABREE,Campanha itinerante,Ativo,15/12/2024
2304400-091,2025,CE,FORTALEZA,2304400,Green Eletron,PEV fixo,Ativo,14/09/2023
1505601-001,2025,PA,Peixe-Boi,1505601,Green Eletron,PEV fixo,Ativo,12/11/2021
3550308-317,2025,SP,São Paulo,3550308,ABREE,PEV fixo,Ativo,24/03/2022
3118908-000,2025,MG,Cordisburgo,3118908,Green Eletron,Ponto de consolidação,Ativo,27/12/2019
4314902-139,2025,RS,Porto Alegre,4314902,Green Eletron,PEV fixo,Ativo,08/10/2023
4316758-000,2025,RS,Santa Clara do Sul,4316758,ABREE,PEV fixo,Ativo,03/04/2023
3303708-001,2025,RJ,PARAÍBA DO SUL,3303708,ABREE,PEV fixo,Ativo,21/01/2024
2211001-008,2025,PI,Teresina,2211001,ABREE,PEV fixo,Ativo,23/07/2020
2304400-069,2025,CE,Fortaleza,2304400,ABREE,PEV fixo,Inativo,02/10/2021
3553302-001,2025,SP,TAMBAÚ,3553302,ABREE,PEV fixo,Ativo,20/04/2022
2927408-018,2025,BA,Salvador,2927408,ABREE,PEV fixo,Ativo,03/11/2019
4104709-000,2025,PR,Carlópolis,4104709,ABREE,PEV fixo,Ativo,14/11/2024
3550308-085,2025,SP,São Paulo,3550308,ABREE,PEV fixo,Ativo,27/06/2019
3550308-095,2025,SP,São Paulo,3550308,ABREE,PEV fixo,Ativo,06/12/2019
2922656-007,2025,BA,Nordestina,2922656,Green Eletron,Campanha itinerante,Ativo,27/02/2023
3538808-008,2025,SP,Piraju,3538808,ABREE,PEV fixo,Ativo,19/11/2019
5006408-000,2025,MS,PEDRO GOMES,5006408,Green Eletron,PEV fixo,Ativo,12/01/2019
5002605-000,2025,MS,Camapua,5002605,ABREE,Campanha itinerante,Ativo,16/07/2022
3512803-000,2025,SP,COSMÓPOLIS,3512803,Green Eletron,PEV fixo,Ativo,08/09/2019
3106200-280,2025,MG,BELO HORIZONTE,,ABREE,PEV fixo,Ativo,10/02/2023
5001508-000,2025,MS,Bandeirantes,5001508,ABREE,PEV fixo,Ativo,13/06/2022
4211876-002,2025,SC,PAIAL,4211876,Green Eletron,PEV fixo,Ativo,20/12/2021
3550308-340,2025,SP,SÃO PAULO,3550308,Green Eletron,PEV fixo,Ativo,21/10/2023
4314902-119,2025,RS,Porto Alegre,4314902,ABREE,PEV fixo,Ativo,20/07/2022
1302603-011,2025,AM,Manaus,1302603,Green Eletron,Ponto de consolidação,Ativo,18/10/2023
2304400-042,2025,CE,Fortaleza,2304400,ABREE,PEV fixo,Ativo,17/12/2020
3301306-004,2025,RJ,  Casimiro de Abreu ,3301306,Green Eletron,PEV fixo,Ativo,05/08/2024
3511508-000,2025,SP,Cerquilho,3511508,Green Eletron,PEV fixo,Ativo,02/07/2020
5300108-086,2025,DF,Brasília,5300108,ABREE,PEV fixo,Ativo,25/02/2022
2300705-014,2025,CE,Alto Santo,2300705,Green Eletron,PEV fixo,Ativo,02/09/2024
2313708-000,2025,CE,Umari,2313708,Green Eletron,PEV fixo,Ativo,20/10/2019
3503802-000,2025,SP,Artur Nogueira,3503802,ABREE,PEV fixo,Ativo,28/08/2019
3304557-174,2025,RJ,Rio de Janeiro,3304557,Sistema individual,PEV fixo,Ativo,12/11/2023
2201572-000,2025,PI,BELÉM DO PIAUÍ,2201572,ABREE,PEV fixo,Ativo,27/01/2021
3203130-000,2025,ES,João Neiva,3203130,ABREE,PEV fixo,Ativo,02/03/2021
4126207-000,2025,PR,Sapopema,4126207,ABREE,PEV fixo,Ativo,16/06/2023
3106200-024,2025,MG,Belo Horizonte,3106200,Green Eletron,Ponto de consolidação,Ativo,22/03/2020
2610301-002,2025,PE,Paranatama,2610301,ABREE,PEV fixo,Ativo,15/05/2021
3500550-000,2025,SP,Águas de Santa Bárbara,3500550,ABREE,PEV fixo,Ativo,12/06/2023
3305208-002,2025,RJ,São Pedro da Aldeia,3305208,Sistema individual,PEV fixo,Ativo,24/02/2025
2928109-000,2025,BA,Santa Maria da Vitória,2928109,ABREE,Ponto de consolidação,Ativo,23/11/2024
5103437-000,2025,MT,  Curvelândia ,5103437,Green Eletron,PEV fixo,Ativo,04/12/2021
2510402-000,2025,PB,Olho d'Água,2510402,ABREE,PEV fixo,Ativo,07/07/2019
4314902-020,2025,RS,Porto Alegre,4314902,Green Eletron,PEV fixo,Ativo,22/04/2020
1501402-015,2025,PA,Belem,1501402,Green Eletron,PEV fixo,Ativo,05/04/2021
3550308-277,2025,SP,Sao Paulo,3550308,ABREE,PEV fixo,Ativo,27/03/2022
3549706-008,2025,SP,Sao Jose do Rio Pardo,3549706,Sistema individual,PEV fixo,Ativo,28/11/2024
3515301-000,2025,SP,ESTRELA DO NORTE,3515301,Green Eletron,Ponto de consolidação,Ativo,09/04/2023
4126900-000,2025,PR,  Tapira ,4126900,Green Eletron,Campanha itinerante,Ativo,12/05/2021
3106200-032,2025,MG,Belo Horizonte,3106200,Sistema individual,PEV fixo,Ativo,18/03/2020
3537404-000,2025,SP,PEREIRA BARRETO,3537404,Sistema individual,Ponto de consolidação,Ativo,08/11/2020
5214408-000,2025,GO,Nazário,5214408,ABREE,PEV fixo,Ativo,22/01/2024
2103406-001,2025,MA,Coelho Neto,2103406,Green Eletron,PEV fixo,Ativo,25/11/2023
4216701-000,2025,SC,Sao Jose do Cedro,4216701,Green Eletron,PEV fixo,Ativo,15/03/2025
4316204-000,2025,RS,RONDINHA,4316204,Green Eletron,PEV fixo,Ativo,21/11/2025
4205100-000,2025,SC,Dona Emma,4205100,Green Eletron,PEV fixo,Ativo,05/07/2023
3106200-019,2025,MG,Belo Horizonte,3106200,ABREE,PEV fixo,Ativo,26/11/2020
3124104-000,2025,MG,Esmeraldas,3124104,Green Eletron,PEV fixo,Ativo,09/09/2019
4314902-012,2025,RS,PORTO ALEGRE,4314902,ABREE,PEV fixo,Ativo,24/04/2020
4205407-040,2025,SC,Florianópolis,4205407,Green Eletron,Ponto de consolidação,Ativo,08/04/2020
2504405-000,2025,PB,Conceição,2504405,ABREE,PEV fixo,Ativo,02/01/2022
2108405-000,2025,MA,Peri Mirim,2108405,Green Eletron,PEV fixo,Ativo,13/05/2020
3547502-001,2025,SP,Santa Rita do Passa Quatro,3547502,ABREE,PEV fixo,Ativo,10/10/2022
3106200-136,2025,MG,Belo Horizonte,3106200,Green Eletron,PEV fixo,Ativo,12/10/2021
3106200-213,2025,MG,Belo Horizonte,3106200,ABREE,Campanha itinerante,Ativo,07/03/2022
3553807-003,2025,SP,Taquarituba,3553807,Green Eletron,PEV fixo,Ativo,12/05/2024
4104659-000,2025,PR,Carambeí,4104659,Green Eletron,PEV fixo,Ativo,25/01/2024
3550308-310,2025,SP,São Paulo,3550308,ABREE,PEV fixo,Ativo,11/09/2022
3501103-000,2025,SP,Alto Alegre,3501103,ABREE,PEV fixo,Ativo,02/01/2020
2103505-000,2025,MA,Colinas,2103505,ABREE,PEV fixo,Ativo,01/02/2024
1300805-003,2025,AM,Borba,1300805,Green Eletron,Campanha itinerante,Ativo,04/06/2023
4208906-000,2025,SC,JARAGUÁ DO SUL,4208906,ABREE,PEV fixo,Ativo,11/01/2024
5210604-000,2025,GO,Itaguaru,5210604,ABREE,PEV fixo,Ativo,01/10/2023
3550308-020,2025,SP,SÃO PAULO,3550308,Green Eletron,PEV fixo,Ativo,17/10/2019
3305752-004,2025,RJ,Tanguá,,ABREE,PEV fixo,Ativo,16/11/2021
2616209-000,2025,PE,Vertentes,2616209,ABREE,PEV fixo,Ativo,13/03/2019
3526803-002,2025,SP,Lençóis Paulista,3526803,Green Eletron,Ponto de consolidação,Ativo,11/06/2019
1301951-000,2025,AM,Itamarati,1301951,Green Eletron,PEV fixo,Ativo,16/05/2020
2111300-000,2025,MA,São Luís,2111300,Sistema individual,PEV fixo,Ativo,27/04/2019
3108602-001,2025,MG,Brasília de Minas,3108602,Green Eletron,PEV fixo,Ativo,07/10/2024
3552700-001,2025,SP,Tabatinga,3552700,ABREE,PEV fixo,Ativo,25/02/2024
4314902-171,2025,RS,Porto Alegre,4314902,Sistema individual,PEV fixo,Ativo,16/06/2024
5108006-000,2025,MT,TAPURAH,5108006,Green Eletron,PEV fixo,Ativo,01/06/2025
4319158-000,2025,RS,SÃO MIGUEL DAS MISSÕES,4319158,ABREE,PEV fixo,Ativo,18/03/2024
5002704-004,2025,MS,CAMPO GRANDE,5002704,ABREE,PEV fixo,Ativo,14/01/2020
1501402-035,2025,PA,  Belém ,1501402,Green Eletron,PEV fixo,Ativo,12/02/2024
3304557-139,2025,RJ,RIO DE JANEIRO,3304557,ABREE,PEV fixo,Ativo,22/09/2022
4314902-084,2025,RS,Porto Alegre,4314902,Green Eletron,PEV fixo,Ativo,16/08/2021
2313104-001,2025,CE,TABULEIRO DO NORTE,2313104,Sistema individual,PEV fixo,Ativo,15/04/2023
2611606-074,2025,PE,Recife,2611606,Green Eletron,PEV fixo,Ativo,08/12/2023
5207535-000,2025,GO,Faina,5207535,Green Eletron,PEV fixo,Ativo,01/08/2022
4115739-000,2025,PR,Mato Rico,4115739,Sistema individual,PEV fixo,Ativo,19/06/2024
4120853-001,2025,PR,QUATRO PONTES,4120853,Green Eletron,PEV fixo,Ativo,08/06/2025
3121605-000,2025,MG,DIAMANTINA,3121605,ABREE,PEV fixo,Ativo,04/05/2025
5300108-037,2025,DF,  Brasília ,5300108,ABREE,PEV fixo,Ativo,22/06/2020
2502706-000,2025,PB,Borborema,2502706,Green Eletron,PEV fixo,Ativo,21/11/2025
2611606-014,2025,PE,Recife,2611606,ABREE,PEV fixo,Ativo,20/09/2020
3144102-000,2025,MG,Muzambinho,3144102,ABREE,PEV fixo,Ativo,21/02/2025
4105102-000,2025,PR,Centenário do Sul,4105102,Green Eletron,PEV fixo,Ativo,10/04/2020
3508306-004,2025,SP,CABRÁLIA PAULISTA,3508306,Green Eletron,PEV fixo,Ativo,27/08/2021
3106200-104,2025,MG,Belo Horizonte,3106200,ABREE,PEV fixo,Ativo,21/08/2021
1506807-000,2025,PA,Santarem,1506807,ABREE,PEV fixo,Ativo,25/08/2020
4314902-007,2025,RS,Porto Alegre,4314902,ABREE,PEV fixo,Ativo,16/04/2020
3304557-006,2025,RJ,Rio de Janeiro,3304557,ABREE,PEV fixo,Ativo,04/03/2020
4128401-000,2025,PR,URAÍ,4128401,ABREE,Ponto de consolidação,Ativo,13/04/2020
2504504-000,2025,PB,  Condado ,2504504,ABREE,PEV fixo,Ativo,13/11/2024
2301604-008,2025,CE,Assaré,2301604,Green Eletron,PEV fixo,Ativo,06/10/2024
4214607-000,2025,SC,Rio do Oeste,4214607,ABREE,Ponto de consolidação,Ativo,07/04/2020
2703759-000,2025,AL,Jequiá da Praia,2703759,ABREE,Ponto de consolidação,Ativo,04/12/2020
2612109-000,2025,PE,SALGADINHO,2612109,ABREE,PEV fixo,Inativo,25/12/2019
2111300-035,2025,MA,SÃO LUÍS,2111300,ABREE,PEV fixo,Ativo,06/01/2020
4208500-001,2025,SC,Ituporanga,4208500,Sistema individual,PEV fixo,Ativo,20/04/2024
3555109-001,2025,SP,  Tupi Paulista ,3555109,ABREE,PEV fixo,Ativo,16/05/2020
4106902-079,2025,PR,Curitiba,4106902,ABREE,PEV fixo,Ativo,05/01/2023
4311700-000,2025,RS,Machadinho,4311700,ABREE,Campanha itinerante,Ativo,16/12/2023
4303301-001,2025,RS,Caibaté,4303301,Green Eletron,PEV fixo,Ativo,17/05/2023
2304236-000,2025,CE,Croatá,,ABREE,PEV fixo,Ativo,09/01/2021
5107156-000,2025,MT,Reserva do Cabacal,5107156,Green Eletron,PEV fixo,Ativo,15/04/2020
3304557-118,2025,RJ,  Rio de Janeiro ,3304557,ABREE,Campanha itinerante,Ativo,19/12/2022
2603405-000,2025,PE,Calumbi,2603405,ABREE,Campanha itinerante,Ativo,04/07/2023
3165578-000,2025,MG,Senador Amaral,3165578,Green Eletron,PEV fixo,Ativo,27/08/2021
2704302-007,2025,AL,Maceió,2704302,Green Eletron,Ponto de consolidação,Ativo,02/09/2022
1710508-000,2025,TO,Itacajá,1710508,Green Eletron,PEV fixo,Ativo,13/03/2023
2920502-004,2025,BA,Maracás,2920502,Green Eletron,PEV fixo,Ativo,19/08/2023
3304755-003,2025,RJ,Sao Francisco de Itabapoana,3304755,Green Eletron,PEV fixo,Ativo,04/09/2024
3555109-000,2025,SP,Tupi Paulista,3555109,ABREE,PEV fixo,Ativo,03/01/2020
3155900-000,2025,MG,Rio Preto,3155900,ABREE,Ponto de consolidação,Ativo,13/09/2019
5003256-000,2025,MS,Costa Rica,5003256,Green Eletron,Campanha itinerante,Ativo,04/11/2023
4120200-000,2025,PR,Porto Rico,4120200,ABREE,PEV fixo,Inativo,26/05/2020
4210035-000,2025,SC,LUZERNA,4210035,ABREE,PEV fixo,Ativo,05/02/2024
5300108-097,2025,DF,  Brasília ,5300108,ABREE,PEV fixo,Ativo,07/02/2023
3532900-023,2025,SP,NOVA EUROPA,3532900,Green Eletron,PEV fixo,Ativo,09/07/2022
4314902-141,2025,RS,Porto Alegre,4314902,ABREE,PEV fixo,Ativo,14/05/2023
2922656-005,2025,BA,Nordestina,2922656,ABREE,PEV fixo,Ativo,10/01/2022
3300902-003,2025,RJ,Cambuci,3300902,Green Eletron,PEV fixo,Ativo,10/05/2021
4304408-000,2025,RS,Canela,4304408,Green Eletron,PEV fixo,Ativo,20/08/2021
1302553-000,2025,AM,Manaquiri,1302553,ABREE,PEV fixo,Ativo,07/06/2020
3519253-001,2025,SP,Iaras,3519253,Sistema individual,Campanha itinerante,Ativo,28/09/2023
2304400-038,2025,CE,Fortaleza,2304400,Green Eletron,PEV fixo,Ativo,16/05/2020
3149309-000,2025,MG,Pedro Leopoldo,3149309,Green Eletron,PEV fixo,Ativo,14/07/2019
3139409-000,2025,MG,Manhuaçu,3139409,Green Eletron,PEV fixo,Ativo,15/08/2021
2101939-001,2025,MA,Bernardo do Mearim,2101939,Green Eletron,PEV fixo,Ativo,22/11/2019
2902005-000,2025,BA,Aracatu,2902005,ABREE,PEV fixo,Ativo,24/01/2020
3550308-251,2025,SP,São Paulo,3550308,Green Eletron,PEV fixo,Ativo,24/01/2022
3512506-002,2025,SP,Coroados,3512506,ABREE,Ponto de consolidação,Ativo,18/08/2024
2111300-062,2025,MA,SÃO LUÍS,2111300,ABREE,PEV fixo,Inativo,16/10/2021
3543006-001,2025,SP,Ribeirão Branco,3543006,Green Eletron,Ponto de consolidação,Ativo,03/12/2019
2928505-000,2025,BA,SANTA TERESINHA,2928505,ABREE,PEV fixo,Ativo,12/02/2022
2706505-000,2025,AL,  Passo de Camaragibe ,2706505,Green Eletron,PEV fixo,Ativo,27/10/2021
3533205-000,2025,SP,Nova Independência,3533205,ABREE,Campanha itinerante,Ativo,04/04/2022
3117405-000,2025,MG,Conceicao de Ipanema,3117405,ABREE,PEV fixo,Ativo,16/03/2023
5101001-004,2025,MT,Araguaiana,5101001,ABREE,Ponto de consolidação,Ativo,28/02/2025
2925006-000,2025,BA,PLANALTO,2925006,ABREE,Campanha itinerante,Ativo,04/04/2021
3202454-000,2025,ES,Ibatiba,3202454,Green Eletron,PEV fixo,Ativo,25/06/2021
4211876-001,2025,SC,PAIAL,4211876,Green Eletron,PEV fixo,Ativo,13/04/2021
4215356-001,2025,SC,SALTINHO,4215356,ABREE,PEV fixo,Ativo,10/09/2021
2203008-000,2025,PI,CRISTALÂNDIA DO PIAUÍ,2203008,Green Eletron,PEV fixo,Ativo,23/07/2021
2611606-028,2025,PE,Recife,2611606,Green Eletron,PEV fixo,Ativo,19/12/2020
3550308-292,2025,SP,  São Paulo ,3550308,Sistema individual,PEV fixo,Ativo,07/06/2022
4205407-074,2025,SC,Florianópolis,4205407,ABREE,PEV fixo,Ativo,16/06/2022
2304400-041,2025,CE,Fortaleza,2304400,Green Eletron,PEV fixo,Ativo,19/09/2020
3127602-000,2025,MG,Gouveia,3127602,ABREE,PEV fixo,Ativo,12/01/2024
2301604-004,2025,CE,ASSARÉ,2301604,ABREE,PEV fixo,Ativo,06/02/2022
2611002-001,2025,PE,Petrolândia,2611002,Green Eletron,PEV fixo,Ativo,25/01/2025
4323408-000,2025,RS,Vila Maria,4323408,Sistema individual,Campanha itinerante,Ativo,23/05/2022
2709103-000,2025,AL,Taquarana,2709103,Sistema individual,Ponto de consolidação,Ativo,12/06/2020
2925501-000,2025,BA,Prado,2925501,Green Eletron,PEV fixo,Ativo,21/12/2020
1303700-002,2025,AM,SANTO ANTÔNIO DO IÇÁ,1303700,Sistema individual,Ponto de consolidação,Ativo,15/10/2022
2507200-000,2025,PB,ITATUBA,2507200,ABREE,Ponto de consolidação,Ativo,16/04/2024
5218607-000,2025,GO,RIALMA,5218607,Green Eletron,Campanha itinerante,Ativo,06/10/2023
3300951-002,2025,RJ,Comendador Levy Gasparian,3300951,ABREE,Campanha itinerante,Ativo,18/10/2020
4106902-008,2025,PR,  Curitiba ,4106902,ABREE,PEV fixo,Ativo,05/03/2020
3504800-000,2025,SP,BÁLSAMO,3504800,ABREE,PEV fixo,Ativo,19/10/2022
2614105-002,2025,PE,SERTÂNIA,2614105,Green Eletron,PEV fixo,Ativo,07/06/2021
1720309-001,2025,TO,São Sebastião do Tocantins,1720309,Green Eletron,PEV fixo,Ativo,05/09/2024
3117702-000,2025,MG,CONCEIÇÃO DO RIO VERDE,3117702,Green Eletron,PEV fixo,Ativo,27/06/2021
3105608-001,2025,MG,Barbacena,3105608,ABREE,PEV fixo,Ativo,19/08/2024
2610301-005,2025,PE,Paranatama,2610301,ABREE,Campanha itinerante,Inativo,28/08/2023
3300258-004,2025,RJ,Arraial do Cabo,3300258,ABREE,PEV fixo,Ativo,12/02/2023
1300029-005,2025,AM,ALVARÃES,1300029,Green Eletron,PEV fixo,Ativo,22/08/2021
2104099-000,2025,MA,Formosa da Serra Negra,2104099,ABREE,Ponto de consolidação,Ativo,09/02/2023
4106902-095,2025,PR,Curitiba,4106902,ABREE,PEV fixo,Ativo,13/08/2024
2313757-000,2025,CE,  Umirim ,2313757,ABREE,PEV fixo,Ativo,26/09/2024
3205010-000,2025,ES,SOORETAMA,3205010,ABREE,Campanha itinerante,Ativo,23/12/2020
3304144-003,2025,RJ,Queimados,3304144,Green Eletron,PEV fixo,Ativo,24/12/2022
5106372-000,2025,MT,Pedra Preta,5106372,Sistema individual,PEV fixo,Ativo,24/01/2023
3304557-079,2025,RJ,Rio de Janeiro,3304557,Green Eletron,PEV fixo,Ativo,21/08/2021
3106200-176,2025,MG,Belo Horizonte,3106200,ABREE,PEV fixo,Ativo,24/05/2022
2104628-001,2025,MA,  Governador Luiz Rocha ,2104628,ABREE,PEV fixo,Ativo,02/10/2024
2608404-000,2025,PE,  Jurema ,2608404,ABREE,PEV fixo,Ativo,15/08/2019
2301604-005,2025,CE,Assaré,2301604,Green Eletron,PEV fixo,Ativo,20/05/2022
2918001-000,2025,BA,Jequie,2918001,ABREE,PEV fixo,Ativo,10/01/2025
3550308-058,2025,SP,São Paulo,3550308,ABREE,PEV fixo,Ativo,18/01/2019
2614006-000,2025,PE,SERRITA,2614006,Green Eletron,PEV fixo,Ativo,26/10/2022
3140308-000,2025,MG,Marliéria,3140308,ABREE,PEV fixo,Ativo,02/04/2023
2506004-000,2025,PB,Esperança,2506004,Sistema individual,PEV fixo,Ativo,17/11/2024
2308005-000,2025,CE,Massapê,2308005,ABREE,Ponto de consolidação,Ativo,06/05/2024
3506201-000,2025,SP,BENTO DE ABREU,3506201,ABREE,PEV fixo,Ativo,12/11/2022
3528007-001,2025,SP,  Macatuba ,3528007,ABREE,PEV fixo,Ativo,13/04/2022
1507953-000,2025,PA,  Tailândia ,1507953,ABREE,PEV fixo,Ativo,20/02/2022
3532504-005,2025,SP,Neves Paulista,3532504,Green Eletron,PEV fixo,Ativo,02/10/2022
3126901-000,2025,MG,FREI INOCÊNCIO,3126901,Green Eletron,PEV fixo,Ativo,10/07/2019
3304557-005,2025,RJ,Rio de Janeiro,3304557,ABREE,PEV fixo,Ativo,12/11/2020
2704302-009,2025,AL,Maceio,2704302,ABREE,PEV fixo,Ativo,12/03/2023
3507100-002,2025,SP,Bom Jesus dos Perdões,3507100,ABREE,PEV fixo,Ativo,23/04/2023
4201307-001,2025,SC,Araquari,4201307,ABREE,PEV fixo,Ativo,26/08/2020
2927408-133,2025,BA,Salvador,2927408,Sistema individual,Ponto de consolidação,Ativo,28/04/2023
4209409-000,2025,SC,LAGUNA,4209409,Green Eletron,PEV fixo,Ativo,03/05/2021
4314902-064,2025,RS,Porto Alegre,4314902,ABREE,PEV fixo,Ativo,22/06/2021
3170602-000,2025,MG,Vargem Bonita,3170602,Green Eletron,PEV fixo,Ativo,21/12/2021
2901106-000,2025,BA,AMÉLIA RODRIGUES,2901106,ABREE,PEV fixo,Ativo,18/12/2024
2408102-014,2025,RN,Natal,2408102,ABREE,PEV fixo,Ativo,01/02/2022
2211308-000,2025,PI,Valença do Piauí,2211308,ABREE,PEV fixo,Ativo,24/05/2024
3304557-205,2025,RJ,Rio de Janeiro,3304557,Green Eletron,PEV fixo,Ativo,25/03/2024
2304400-030,2025,CE,FORTALEZA,2304400,Green Eletron,PEV fixo,Ativo,27/06/2020
2304400-048,2025,CE,Fortaleza,2304400,Sistema individual,PEV fixo,Ativo,09/06/2020
3106200-224,2025,MG,Belo Horizonte,3106200,Green Eletron,Ponto de consolidação,Ativo,23/06/2023
2111300-087,2025,MA,Sao Luis,2111300,ABREE,PEV fixo,Ativo,07/08/2022
3203007-000,2025,ES,Iúna,3203007,ABREE,PEV fixo,Ativo,16/06/2020
1503200-000,2025,PA,Igarapé-Açu,1503200,Green Eletron,PEV fixo,Ativo,07/04/2024
4104253-000,2025,PR,Campo Magro,4104253,Green Eletron,PEV fixo,Ativo,08/12/2019
2927408-088,2025,BA,Salvador,2927408,ABREE,PEV fixo,Ativo,08/06/2021
2927408-114,2025,BA,Salvador,2927408,ABREE,Ponto de consolidação,Ativo,21/04/2022
2927408-104,2025,BA,Salvador,2927408,ABREE,PEV fixo,Ativo,05/09/2022
5106174-000,2025,MT,Nova Nazaré,5106174,ABREE,PEV fixo,Ativo,13/05/2024
2927408-012,2025,BA,Salvador,2927408,Green Eletron,PEV fixo,Ativo,03/01/2019
3106200-146,2025,MG,BELO HORIZONTE,3106200,Green Eletron,Campanha itinerante,Ativo,28/02/2021
3108305-000,2025,MG,Borda da Mata,3108305,ABREE,PEV fixo,Ativo,26/09/2019
4106902-083,2025,PR,Curitiba,4106902,Green Eletron,PEV fixo,Ativo,24/06/2023
2111706-000,2025,MA,São Vicente Ferrer,2111706,ABREE,Ponto de consolidação,Ativo,05/11/2019
3525201-006,2025,SP,Jarinu,3525201,ABREE,PEV fixo,Ativo,19/07/2021
3109105-000,2025,MG,Bueno Brandão,3109105,Green Eletron,Ponto de consolidação,Ativo,18/07/2022
4111407-000,2025,PR,Ivai,4111407,Green Eletron,PEV fixo,Ativo,23/12/2025
2709400-000,2025,AL,VIÇOSA,2709400,Green Eletron,Campanha itinerante,Ativo,26/01/2021
2111201-000,2025,MA,São José de Ribamar,2111201,ABREE,PEV fixo,Ativo,22/09/2021
3200607-000,2025,ES,ARACRUZ,3200607,ABREE,Ponto de consolidação,Ativo,13/05/2021
3161809-000,2025,MG,São Gonçalo do Pará,3161809,Green Eletron,PEV fixo,Ativo,16/04/2024
5103403-002,2025,MT,Cuiabá,5103403,Green Eletron,Campanha itinerante,Inativo,08/10/2019
1500305-000,2025,PA,Afuá,1500305,Green Eletron,PEV fixo,Ativo,14/02/2019
3110905-000,2025,MG,Campanha,3110905,ABREE,Campanha itinerante,Ativo,17/09/2024
3106200-291,2025,MG,  Belo Horizonte ,3106200,ABREE,Ponto de consolidação,Ativo,13/10/2024
2211001-011,2025,PI,Teresina,2211001,ABREE,PEV fixo,Ativo,09/05/2020
3106200-053,2025,MG,Belo Horizonte,3106200,Green Eletron,PEV fixo,Ativo,02/04/2020
3545100-000,2025,SP,SALMOURÃO,3545100,Sistema individual,PEV fixo,Ativo,27/11/2022
2502607-000,2025,PB,Igaracy,2502607,Sistema individual,PEV fixo,Ativo,01/07/2024
3123304-000,2025,MG,Dores do Turvo,3123304,Green Eletron,PEV fixo,Ativo,18/05/2020
5105622-000,2025,MT,Mirassol d'Oeste,5105622,Sistema individual,PEV fixo,Ativo,24/12/2021
4314902-058,2025,RS,Porto Alegre,4314902,Green Eletron,PEV fixo,Ativo,10/07/2021
3300308-010,2025,RJ,Barra do Piraí,3300308,Green Eletron,PEV fixo,Inativo,17/02/2022
2705200-000,2025,AL,Messias,2705200,ABREE,PEV fixo,Ativo,26/12/2019
2111300-058,2025,MA,SÃO LUÍS,2111300,ABREE,PEV fixo,Ativo,21/11/2021
3304508-008,2025,RJ,  Rio das Flores ,3304508,Green Eletron,PEV fixo,Ativo,14/10/2021
3304557-019,2025,RJ,Rio de Janeiro,3304557,ABREE,PEV fixo,Ativo,22/06/2020
3549508-009,2025,SP,SÃO JOSÉ DA BELA VISTA,3549508,Green Eletron,PEV fixo,Ativo,12/11/2022
3551900-001,2025,SP,Severínia,3551900,ABREE,PEV fixo,Ativo,07/03/2021
3126406-000,2025,MG,FORTUNA DE MINAS,3126406,Sistema individual,PEV fixo,Ativo,05/03/2025
2305902-000,2025,CE,IPUEIRAS,2305902,Green Eletron,PEV fixo,Ativo,24/03/2021
4211876-000,2025,SC,Paial,4211876,ABREE,Campanha itinerante,Ativo,10/07/2021
4116505-001,2025,PR,Nova Aliança do Ivaí,4116505,ABREE,PEV fixo,Ativo,06/10/2025
1507151-006,2025,PA,São Domingos do Araguaia,1507151,ABREE,PEV fixo,Ativo,07/03/2023
3532603-003,2025,SP,  Nhandeara ,3532603,ABREE,PEV fixo,Ativo,13/05/2023
1502400-000,2025,PA,CASTANHAL,1502400,Green Eletron,PEV fixo,Ativo,04/06/2025
4314902-078,2025,RS,Porto Alegre,4314902,ABREE,Ponto de consolidação,Ativo,28/10/2021
4106902-065,2025,PR,Curitiba,4106902,ABREE,PEV fixo,Ativo,20/04/2022
4202909-000,2025,SC,Brusque,,Green Eletron,PEV fixo,Ativo,19/03/2022
2605152-001,2025,PE,Dormentes,2605152,Green Eletron,PEV fixo,Ativo,10/05/2021
3524402-001,2025,SP,  Jacareí ,3524402,ABREE,PEV fixo,Ativo,24/01/2020
2903508-002,2025,BA,Belo Campo,2903508,Green Eletron,PEV fixo,Ativo,17/01/2021
4205407-037,2025,SC,FLORIANÓPOLIS,4205407,ABREE,PEV fixo,Ativo,22/05/2020
3134103-000,2025,MG,ITUETA,3134103,ABREE,PEV fixo,Ativo,15/08/2021
1507979-000,2025,PA,Terra Santa,1507979,Green Eletron,Ponto de consolidação,Ativo,10/01/2023
2922805-001,2025,BA,Nova Itarana,2922805,Green Eletron,PEV fixo,Ativo,02/08/2022
3544004-005,2025,SP,RIO DAS PEDRAS,3544004,ABREE,PEV fixo,Ativo,16/09/2024
4314902-103,2025,RS,Porto Alegre,4314902,Green Eletron,PEV fixo,Ativo,28/12/2022
3168051-000,2025,MG,  Taparuba ,3168051,ABREE,Campanha itinerante,Ativo,16/04/2022
3154150-000,2025,MG,Reduto,3154150,ABREE,PEV fixo,Ativo,20/12/2022
2904704-000,2025,BA,BUERAREMA,2904704,ABREE,PEV fixo,Ativo,16/02/2019
3304557-105,2025,RJ,Rio de Janeiro,3304557,Sistema individual,PEV fixo,Ativo,10/08/2021
3550308-006,2025,SP,São Paulo,3550308,ABREE,PEV fixo,Ativo,18/04/2019
5207105-000,2025,GO,Diorama,5207105,Green Eletron,PEV fixo,Ativo,27/12/2025
2207504-000,2025,PI,Palmeirais,2207504,Green Eletron,PEV fixo,Ativo,09/01/2024
3550308-243,2025,SP,  São Paulo ,3550308,ABREE,PEV fixo,Ativo,05/02/2021
2503753-000,2025,PB,Cajazeirinhas,2503753,Green Eletron,Ponto de consolidação,Ativo,19/03/2019
3136579-000,2025,MG,Josenópolis,3136579,ABREE,Ponto de consolidação,Ativo,01/02/2020
5107875-000,2025,MT,Sapezal,5107875,ABREE,Campanha itinerante,Ativo,27/11/2023
2927408-093,2025,BA,  Salvador ,2927408,ABREE,PEV fixo,Ativo,19/02/2021
1707108-000,2025,TO,DIVINÓPOLIS DO TOCANTINS,1707108,Green Eletron,PEV fixo,Ativo,20/06/2024
2110658-000,2025,MA,Sao Domingos do Azeitao,2110658,ABREE,PEV fixo,Ativo,09/08/2020
2612406-000,2025,PE,Sanharó,2612406,ABREE,PEV fixo,Ativo,14/08/2025
2515906-000,2025,PB,SERRARIA,2515906,Green Eletron,PEV fixo,Ativo,21/02/2021
2201770-000,2025,PI,BOA HORA,2201770,Green Eletron,PEV fixo,Ativo,21/04/2022
2910008-000,2025,BA,Dário Meira,2910008,ABREE,PEV fixo,Ativo,27/06/2019
2918308-000,2025,BA,  Jitaúna ,2918308,ABREE,PEV fixo,Ativo,13/06/2021
5220264-000,2025,GO,São Miguel do Passa Quatro,5220264,ABREE,PEV fixo,Ativo,24/11/2022
2305357-001,2025,CE,  Icapuí ,2305357,Green Eletron,PEV fixo,Ativo,20/11/2023
2306405-000,2025,CE,ITAPIPOCA,2306405,Green Eletron,PEV fixo,Ativo,17/05/2022
3521903-001,2025,SP,Itajobi,3521903,Green Eletron,PEV fixo,Ativo,22/07/2022
2611606-024,2025,PE,Recife,2611606,ABREE,PEV fixo,Ativo,16/10/2020
3509254-000,2025,SP,Cajati,3509254,ABREE,PEV fixo,Ativo,06/09/2022
3305307-009,2025,RJ,São Sebastião do Alto,3305307,ABREE,PEV fixo,Ativo,26/10/2021
1508407-000,2025,PA,Xinguara,1508407,ABREE,PEV fixo,Ativo,08/12/2020
2709301-000,2025,AL,Uniao dos Palmares,2709301,Green Eletron,PEV fixo,Ativo,11/04/2024
1501204-002,2025,PA,  Baião ,1501204,Green Eletron,PEV fixo,Ativo,02/01/2019
2502805-000,2025,PB,BREJO DO CRUZ,2502805,ABREE,PEV fixo,Ativo,25/06/2019
3106200-042,2025,MG,Belo Horizonte,3106200,ABREE,PEV fixo,Ativo,12/04/2020
3106200-109,2025,MG,Belo Horizonte,3106200,ABREE,PEV fixo,Ativo,17/10/2021
2304400-071,2025,CE,Fortaleza,2304400,ABREE,PEV fixo,Ativo,01/07/2022
1100205-003,2025,RO,Porto Velho,1100205,Green Eletron,PEV fixo,Ativo,16/02/2020
3543204-002,2025,SP,Ribeirão do Sul,3543204,ABREE,PEV fixo,Ativo,24/04/2023
4310207-008,2025,RS,  Ijuí ,4310207,Green Eletron,PEV fixo,Ativo,07/03/2022
2703205-000,2025,AL,Igreja Nova,2703205,ABREE,PEV fixo,Ativo,07/08/2022
3301108-001,2025,RJ,Cantagalo,3301108,ABREE,PEV fixo,Ativo,13/11/2020
3304144-006,2025,RJ,QUEIMADOS,3304144,Green Eletron,PEV fixo,Ativo,22/04/2024
2103505-001,2025,MA,Colinas,2103505,ABREE,PEV fixo,Ativo,27/08/2025
5210109-000,2025,GO,Ipameri,5210109,ABREE,PEV fixo,Ativo,05/08/2021
3166402-000,2025,MG,Seritinga,3166402,Green Eletron,PEV fixo,Ativo,19/01/2024
2918605-002,2025,BA,JUSSIAPE,2918605,ABREE,PEV fixo,Ativo,17/07/2024
4322608-000,2025,RS,Venancio Aires,4322608,ABREE,PEV fixo,Ativo,19/10/2025
3304557-099,2025,RJ,  Rio de Janeiro ,3304557,Green Eletron,Campanha itinerante,Ativo,20/02/2021
1300029-004,2025,AM,ALVARÃES,1300029,ABREE,PEV fixo,Ativo,06/10/2021
2922656-003,2025,BA,NORDESTINA,2922656,Green Eletron,PEV fixo,Ativo,17/06/2020
4114302-000,2025,PR,Mandirituba,4114302,ABREE,PEV fixo,Ativo,15/09/2023
2801207-000,2025,SE,Canindé de São Francisco,2801207,Green Eletron,PEV fixo,Ativo,08/07/2021
3538808-023,2025,SP,PIRAJU,3538808,ABREE,PEV fixo,Ativo,06/06/2021
2111300-033,2025,MA,Sao Luis,2111300,Green Eletron,PEV fixo,Ativo,09/12/2020
2927408-048,2025,BA,Salvador,2927408,Green Eletron,PEV fixo,Ativo,05/05/2020
3553104-001,2025,SP,Taiacu,3553104,ABREE,PEV fixo,Ativo,04/12/2022
2111300-064,2025,MA,Sao Luis,2111300,Green Eletron,PEV fixo,Ativo,27/07/2021
4314902-041,2025,RS,PORTO ALEGRE,4314902,Green Eletron,PEV fixo,Ativo,02/11/2020
4314902-018,2025,RS,PORTO ALEGRE,4314902,ABREE,Campanha itinerante,Ativo,24/06/2020
3112307-000,2025,MG,Capelinha,3112307,Green Eletron,PEV fixo,Ativo,12/10/2024
2700409-000,2025,AL,  Atalaia ,2700409,Sistema individual,PEV fixo,Ativo,13/06/2021
4112959-001,2025,PR,Juranda,4112959,Green Eletron,PEV fixo,Ativo,16/07/2023
5106232-000,2025,MT,Nova Olímpia,5106232,Sistema individual,PEV fixo,Inativo,22/09/2020
2405603-000,2025,RN,JARDIM DE PIRANHAS,2405603,Sistema individual,PEV fixo,Ativo,22/11/2021
4106902-024,2025,PR,CURITIBA,4106902,Green Eletron,PEV fixo,Ativo,09/04/2020
4300034-000,2025,RS,Aceguá,4300034,ABREE,PEV fixo,Ativo,19/09/2022
3303856-000,2025,RJ,PATY DO ALFERES,3303856,ABREE,Campanha itinerante,Ativo,27/02/2021
4104501-000,2025,PR,CAPANEMA,4104501,Green Eletron,Ponto de consolidação,Ativo,25/07/2024
3304557-117,2025,RJ,Rio de Janeiro,3304557,Green Eletron,PEV fixo,Inativo,13/03/2022
2304251-008,2025,CE,Cruz,2304251,ABREE,Ponto de consolidação,Ativo,22/01/2022
3106200-249,2025,MG,Belo Horizonte,,ABREE,PEV fixo,Ativo,23/04/2023
2932408-000,2025,BA,Uibai,2932408,Green Eletron,PEV fixo,Ativo,11/07/2021
3157302-000,2025,MG,SANTA BÁRBARA DO TUGÚRIO,3157302,Sistema individual,PEV fixo,Ativo,10/10/2022
2925303-000,2025,BA,Porto Seguro,2925303,Green Eletron,PEV fixo,Ativo,24/04/2019
3106200-217,2025,MG,Belo Horizonte,3106200,ABREE,PEV fixo,Ativo,17/04/2022
1501402-000,2025,PA,  Belém ,1501402,Green Eletron,PEV fixo,Ativo,21/08/2020
2513653-001,2025,PB,Joca Claudino,2513653,ABREE,PEV fixo,Ativo,16/03/2025
3550308-222,2025,SP,São Paulo,3550308,Green Eletron,PEV fixo,Ativo,13/01/2021
5103403-007,2025,MT,Cuiabá,5103403,ABREE,PEV fixo,Ativo,26/09/2021
2927408-038,2025,BA,Salvador,2927408,Green Eletron,PEV fixo,Ativo,27/05/2019
1501907-000,2025,PA,Bujaru,1501907,ABREE,PEV fixo,Ativo,19/09/2021
4106902-026,2025,PR,CURITIBA,4106902,Green Eletron,PEV fixo,Ativo,08/01/2020
3549706-000,2025,SP,São José do Rio Pardo,3549706,ABREE,PEV fixo,Ativo,03/02/2021
2903235-005,2025,BA,Barro Alto,2903235,Sistema individual,Ponto de consolidação,Ativo,02/12/2025
2408102-025,2025,RN,Natal,2408102,ABREE,PEV fixo,Ativo,14/10/2024
3547908-003,2025,SP,Santo Antônio da Alegria,3547908,Green Eletron,PEV fixo,Ativo,26/06/2022
2803005-001,2025,SE,ITABAIANINHA,2803005,ABREE,PEV fixo,Inativo,28/08/2025
3530102-007,2025,SP,MIRANDÓPOLIS,3530102,ABREE,Ponto de consolidação,Ativo,26/01/2023
3303302-006,2025,RJ,  Niterói ,3303302,ABREE,PEV fixo,Ativo,07/02/2021
1703305-000,2025,TO,  Bom Jesus do Tocantins ,1703305,Green Eletron,PEV fixo,Ativo,07/05/2019
2611606-049,2025,PE,  Recife ,2611606,ABREE,PEV fixo,Ativo,26/05/2021
3532900-003,2025,SP,Nova Europa,3532900,Green Eletron,PEV fixo,Ativo,17/05/2019
2904001-000,2025,BA,Boninal,2904001,Green Eletron,PEV fixo,Ativo,10/08/2023
4218855-000,2025,SC,União do Oeste,4218855,Green Eletron,PEV fixo,Ativo,02/12/2021
3550308-255,2025,SP,São Paulo,3550308,ABREE,Campanha itinerante,Inativo,06/12/2022
2927408-144,2025,BA,SALVADOR,2927408,Green Eletron,PEV fixo,Ativo,26/02/2023
1400704-000,2025,RR,Uiramutã,1400704,ABREE,PEV fixo,Ativo,15/12/2023
3132107-000,2025,MG,Itacarambi,3132107,ABREE,Ponto de consolidação,Ativo,15/07/2024
3106200-121,2025,MG,Belo Horizonte,3106200,ABREE,PEV fixo,Ativo,22/02/2021
2101970-001,2025,MA,BOA VISTA DO GURUPI,2101970,ABREE,PEV fixo,Ativo,22/11/2025
2610509-000,2025,PE,Passira,2610509,Green Eletron,PEV fixo,Ativo,19/08/2019
2922755-000,2025,BA,Nova Ibiá,2922755,Green Eletron,Campanha itinerante,Ativo,25/05/2022
1302009-000,2025,AM,ITAPIRANGA,1302009,ABREE,Ponto de consolidação,Ativo,02/02/2023
2614857-000,2025,PE,Tamandare,2614857,Green Eletron,PEV fixo,Ativo,14/12/2024
4306205-000,2025,RS,Cruzeiro do Sul,4306205,ABREE,Campanha itinerante,Ativo,21/04/2021
2610301-006,2025,PE,Paranatama,2610301,ABREE,PEV fixo,Ativo,02/03/2023
3106200-265,2025,MG,BELO HORIZONTE,3106200,ABREE,PEV fixo,Ativo,03/09/2023
4100608-000,2025,PR,Alto Parana,4100608,Green Eletron,PEV fixo,Ativo,24/10/2022
1501204-008,2025,PA,Baião,1501204,ABREE,PEV fixo,Inativo,22/10/2021
4213708-000,2025,SC,Pouso Redondo,4213708,Green Eletron,PEV fixo,Ativo,17/07/2021
2905503-004,2025,BA,  Caldeirão Grande ,2905503,Green Eletron,PEV fixo,Ativo,14/12/2022
3304557-033,2025,RJ,Rio de Janeiro,3304557,Green Eletron,Ponto de consolidação,Ativo,11/08/2020
2931301-003,2025,BA,Tapiramutá,2931301,ABREE,PEV fixo,Ativo,20/02/2024
2108058-000,2025,MA,Paulino Neves,2108058,Sistema individual,Ponto de consolidação,Ativo,07/10/2021
3149200-000,2025,MG,PEDRINÓPOLIS,3149200,Green Eletron,PEV fixo,Ativo,06/09/2025
3549706-007,2025,SP,São José do Rio Pardo,3549706,ABREE,PEV fixo,Ativo,04/08/2024
2615706-000,2025,PE,Triunfo,2615706,ABREE,PEV fixo,Ativo,20/04/2022
3304508-010,2025,RJ,Rio das Flores,3304508,ABREE,PEV fixo,Ativo,13/12/2022
2413607-000,2025,RN,Severiano Melo,2413607,Sistema individual,Ponto de consolidação,Ativo,27/11/2020
1713809-000,2025,TO,  Palmeiras do Tocantins ,1713809,Green Eletron,PEV fixo,Ativo,03/01/2024
5108956-005,2025,MT,  Nova Monte Verde ,5108956,Green Eletron,PEV fixo,Ativo,05/01/2023
3109204-000,2025,MG,Buenópolis,3109204,ABREE,PEV fixo,Ativo,02/09/2019
2804409-000,2025,SE,Neópolis,2804409,Sistema individual,PEV fixo,Ativo,09/03/2019
3539400-002,2025,SP,PIRATININGA,3539400,ABREE,PEV fixo,Ativo,03/04/2023
4205407-068,2025,SC,Florianópolis,4205407,ABREE,PEV fixo,Ativo,26/09/2022
4314902-026,2025,RS,  Porto Alegre ,4314902,ABREE,PEV fixo,Ativo,21/07/2020
3530102-001,2025,SP,Mirandópolis,3530102,ABREE,PEV fixo,Ativo,18/10/2020
2403400-000,2025,RN,EQUADOR,2403400,Green Eletron,PEV fixo,Ativo,28/12/2019
4106902-011,2025,PR,  Curitiba ,4106902,Green Eletron,PEV fixo,Ativo,14/01/2020
2208809-000,2025,PI,Regeneração,,ABREE,PEV fixo,Ativo,23/05/2025
3512902-001,2025,SP,Cosmorama,3512902,Sistema individual,Campanha itinerante,Ativo,22/02/2023
2404200-000,2025,RN,GOIANINHA,2404200,Green Eletron,PEV fixo,Ativo,20/12/2023
2400208-000,2025,RN,Açu,2400208,Green Eletron,Ponto de consolidação,Ativo,14/06/2019
3532900-024,2025,SP,NOVA EUROPA,3532900,ABREE,Ponto de consolidação,Ativo,21/09/2023
2709202-000,2025,AL,Traipu,2709202,ABREE,PEV fixo,Ativo,22/08/2023
2405801-000,2025,RN,JOÃO CÂMARA,2405801,Green Eletron,Ponto de consolidação,Ativo,02/08/2020
2304400-040,2025,CE,Fortaleza,2304400,Green Eletron,PEV fixo,Ativo,02/09/2020
2911105-000,2025,BA,Formosa do Rio Preto,2911105,ABREE,PEV fixo,Ativo,04/04/2024
4314902-081,2025,RS,Porto Alegre,4314902,Green Eletron,PEV fixo,Ativo,16/11/2021
3113008-000,2025,MG,Carai,3113008,Sistema individual,PEV fixo,Ativo,12/06/2025
3517703-002,2025,SP,Guará,3517703,ABREE,PEV fixo,Ativo,11/08/2021
3547304-000,2025,SP,Santana de Parnaíba,3547304,ABREE,PEV fixo,Ativo,14/10/2019
2106375-000,2025,MA,MARANHÃOZINHO,2106375,ABREE,Ponto de consolidação,Ativo,02/09/2025
3550308-203,2025,SP,São Paulo,3550308,ABREE,PEV fixo,Ativo,22/03/2021
2927408-078,2025,BA,Salvador,2927408,ABREE,PEV fixo,Ativo,28/01/2021
2905107-000,2025,BA,Caém,2905107,ABREE,PEV fixo,Ativo,14/03/2023
3106200-055,2025,MG,BELO HORIZONTE,3106200,Green Eletron,PEV fixo,Ativo,22/11/2020
3503703-005,2025,SP,Ariranha,3503703,ABREE,PEV fixo,Ativo,11/07/2022
3550308-249,2025,SP,SÃO PAULO,3550308,Green Eletron,PEV fixo,Ativo,07/03/2021
3508108-000,2025,SP,Buritama,3508108,ABREE,PEV fixo,Ativo,17/10/2022
3550308-270,2025,SP,São Paulo,3550308,Sistema individual,PEV fixo,Ativo,05/12/2022
2920502-000,2025,BA,Maracás,2920502,Green Eletron,PEV fixo,Ativo,04/10/2020
3529708-000,2025,SP,Miguelópolis,3529708,Green Eletron,PEV fixo,Inativo,08/12/2021
3106200-171,2025,MG,BELO HORIZONTE,3106200,ABREE,PEV fixo,Ativo,14/07/2022
3554656-000,2025,SP,Torre de Pedra,3554656,ABREE,PEV fixo,Ativo,11/12/2021
3550308-078,2025,SP,São Paulo,3550308,Green Eletron,PEV fixo,Ativo,12/07/2019
3300100-003,2025,RJ,Angra dos Reis,3300100,Sistema individual,PEV fixo,Ativo,21/07/2021
4200507-000,2025,SC,ÁGUAS DE CHAPECÓ,4200507,ABREE,PEV fixo,Ativo,09/01/2019
3106200-165,2025,MG,BELO HORIZONTE,3106200,ABREE,PEV fixo,Ativo,06/11/2022
5300108-045,2025,DF,Brasília,5300108,ABREE,PEV fixo,Ativo,27/08/2020
3302106-009,2025,RJ,  Itaocara ,3302106,Green Eletron,PEV fixo,Ativo,19/12/2024
3538907-000,2025,SP,PIRAJUÍ,3538907,ABREE,PEV fixo,Ativo,12/06/2023
3550308-064,2025,SP,São Paulo,3550308,Sistema individual,Ponto de consolidação,Ativo,14/03/2019
1101450-000,2025,RO,PARECIS,1101450,ABREE,PEV fixo,Ativo,23/08/2021
3121902-001,2025,MG,Divinésia,3121902,ABREE,PEV fixo,Ativo,01/05/2022
3304508-014,2025,RJ,Rio das Flores,3304508,Green Eletron,PEV fixo,Ativo,20/01/2023
3153707-000,2025,MG,QUARTEL GERAL,3153707,ABREE,PEV fixo,Ativo,13/06/2020
1200401-001,2025,AC,Rio Branco,1200401,Green Eletron,PEV fixo,Ativo,22/10/2019
3550308-062,2025,SP,  São Paulo ,3550308,Green Eletron,PEV fixo,Ativo,12/04/2019
2611903-000,2025,PE,Rio Formoso,2611903,Sistema individual,PEV fixo,Ativo,28/05/2024
4205175-001,2025,SC,Entre Rios,4205175,ABREE,Campanha itinerante,Ativo,20/04/2024
4103156-000,2025,PR,Bom Jesus do Sul,4103156,ABREE,PEV fixo,Ativo,03/12/2021
3301306-002,2025,RJ,CASIMIRO DE ABREU,3301306,Green Eletron,PEV fixo,Ativo,04/06/2023
2408102-011,2025,RN,Natal,2408102,ABREE,PEV fixo,Ativo,17/10/2021
5006309-000,2025,MS,PARANAÍBA,5006309,ABREE,PEV fixo,Ativo,25/03/2021
2311207-002,2025,CE,Potengi,2311207,ABREE,PEV fixo,Ativo,20/08/2023
4311106-001,2025,RS,JAGUARI,4311106,ABREE,PEV fixo,Ativo,12/03/2025
3126000-001,2025,MG,Florestal,3126000,Green Eletron,PEV fixo,Ativo,23/03/2023
5208707-001,2025,GO,  Goiânia ,5208707,ABREE,PEV fixo,Ativo,19/08/2019
3553807-002,2025,SP,Taquarituba,3553807,Green Eletron,PEV fixo,Ativo,21/08/2023
3550308-057,2025,SP,Sao Paulo,3550308,ABREE,PEV fixo,Ativo,12/02/2019
1100304-001,2025,RO,VILHENA,1100304,Green Eletron,PEV fixo,Ativo,16/12/2022
3106200-030,2025,MG,Belo Horizonte,3106200,Green Eletron,PEV fixo,Ativo,05/06/2020
5002704-005,2025,MS,Campo Grande,5002704,Green Eletron,PEV fixo,Ativo,02/02/2021
3550308-197,2025,SP,Sao Paulo,3550308,ABREE,PEV fixo,Ativo,22/10/2021
4207304-000,2025,SC,Imbituba,4207304,Green Eletron,Ponto de consolidação,Ativo,02/09/2020
3514205-001,2025,SP,Dolcinópolis,3514205,ABREE,PEV fixo,Ativo,01/12/2024
3164407-000,2025,MG,Sao Sebastiao da Bela Vista,3164407,Green Eletron,PEV fixo,Ativo,09/02/2022
2501351-000,2025,PB,ASSUNÇÃO,2501351,Green Eletron,PEV fixo,Inativo,19/12/2020
4314902-094,2025,RS,Porto Alegre,4314902,Sistema individual,PEV fixo,Ativo,22/04/2022
3205309-007,2025,ES,  Vitória ,3205309,Green Eletron,PEV fixo,Ativo,08/12/2020
2903904-000,2025,BA,BOM JESUS DA LAPA,2903904,ABREE,PEV fixo,Ativo,19/03/2023
1500909-000,2025,PA,Augusto Corrêa,1500909,Green Eletron,PEV fixo,Ativo,06/07/2021
3304508-000,2025,RJ,Rio das Flores,3304508,Green Eletron,PEV fixo,Ativo,09/02/2020
3527801-000,2025,SP,Lupércio,3527801,Sistema individual,Campanha itinerante,Ativo,16/02/2019
2102358-000,2025,MA,Buritirana,2102358,ABREE,PEV fixo,Ativo,21/01/2019
3304557-170,2025,RJ,RIO DE JANEIRO,3304557,Green Eletron,PEV fixo,Ativo,17/04/2023
3106200-041,2025,MG,BELO HORIZONTE,3106200,ABREE,PEV fixo,Ativo,20/05/2020
1708205-000,2025,TO,FORMOSO DO ARAGUAIA,1708205,Green Eletron,Campanha itinerante,Ativo,19/09/2019
2612208-001,2025,PE,Salgueiro,2612208,Green Eletron,Ponto de consolidação,Ativo,22/01/2025
3550308-142,2025,SP,São Paulo,3550308,ABREE,PEV fixo,Ativo,02/03/2020
3201605-001,2025,ES,CONCEIÇÃO DA BARRA,3201605,ABREE,PEV fixo,Ativo,26/04/2022
3106200-228,2025,MG,Belo Horizonte,3106200,Green Eletron,PEV fixo,Ativo,01/06/2023
1703891-000,2025,TO,Carrasco Bonito,1703891,ABREE,PEV fixo,Ativo,15/01/2024
3150158-001,2025,MG,  Piedade de Caratinga ,3150158,ABREE,PEV fixo,Ativo,28/11/2022
3167202-002,2025,MG,SETE LAGOAS,3167202,ABREE,PEV fixo,Ativo,16/03/2022
3106200-218,2025,MG,Belo Horizonte,3106200,ABREE,PEV fixo,Ativo,02/11/2022
2312502-000,2025,CE,SÃO JOÃO DO JAGUARIBE,2312502,ABREE,PEV fixo,Ativo,13/03/2024
5300108-100,2025,DF,Brasília,5300108,Sistema individual,PEV fixo,Ativo,07/10/2023
3304557-026,2025,RJ,Rio de Janeiro,3304557,Green Eletron,PEV fixo,Inativo,13/08/2020
3555109-015,2025,SP,Tupi Paulista,3555109,Green Eletron,PEV fixo,Ativo,04/07/2023
4205407-028,2025,SC,Florianópolis,4205407,Green Eletron,Campanha itinerante,Ativo,18/07/2020
4310652-000,2025,RS,Itati,4310652,Sistema individual,PEV fixo,Ativo,15/01/2019
2605806-002,2025,PE,  Frei Miguelinho ,2605806,Green Eletron,PEV fixo,Ativo,01/04/2019
1304260-002,2025,AM,UARINI,1304260,ABREE,PEV fixo,Ativo,10/05/2022
2111102-000,2025,MA,SÃO JOÃO DOS PATOS,2111102,ABREE,PEV fixo,Ativo,01/03/2019
3547908-005,2025,SP,SANTO ANTÔNIO DA ALEGRIA,3547908,Sistema individual,PEV fixo,Ativo,22/02/2023
5002704-006,2025,MS,Campo Grande,5002704,Green Eletron,PEV fixo,Ativo,26/04/2021
1505650-000,2025,PA,Placas,1505650,Green Eletron,PEV fixo,Ativo,16/07/2020
3124203-000,2025,MG,Espera Feliz,3124203,Green Eletron,PEV fixo,Ativo,08/12/2021
1501204-011,2025,PA,BAIÃO,1501204,Green Eletron,Ponto de consolidação,Ativo,17/02/2023
2802007-000,2025,SE,Divina Pastora,2802007,ABREE,PEV fixo,Ativo,14/05/2021
3532900-006,2025,SP,  Nova Europa ,3532900,ABREE,PEV fixo,Ativo,13/02/2019
3303005-002,2025,RJ,Miracema,3303005,Green Eletron,PEV fixo,Ativo,23/07/2023
4311304-000,2025,RS,Lagoa Vermelha,4311304,Green Eletron,PEV fixo,Ativo,23/08/2022
3163805-000,2025,MG,SÃO MIGUEL DO ANTA,3163805,ABREE,PEV fixo,Inativo,06/09/2019
2927408-031,2025,BA,SALVADOR,2927408,ABREE,PEV fixo,Ativo,10/12/2019
1710706-000,2025,TO,ITAGUATINS,1710706,ABREE,PEV fixo,Ativo,22/10/2021
2304400-021,2025,CE,Fortaleza,2304400,ABREE,PEV fixo,Ativo,04/02/2019
4106902-039,2025,PR,CURITIBA,4106902,ABREE,PEV fixo,Ativo,03/12/2021
3549508-008,2025,SP,Sao Jose da Bela Vista,3549508,ABREE,PEV fixo,Ativo,18/09/2022
2401453-000,2025,RN,Baraúna,2401453,Sistema individual,PEV fixo,Ativo,27/03/2020
3550308-236,2025,SP,Sao Paulo,3550308,Green Eletron,PEV fixo,Ativo,04/11/2021
2903508-000,2025,BA,Belo Campo,2903508,ABREE,PEV fixo,Ativo,10/07/2020
3303302-005,2025,RJ,Niteroi,3303302,Green Eletron,PEV fixo,Ativo,11/05/2021
4201505-001,2025,SC,ARMAZÉM,4201505,ABREE,PEV fixo,Ativo,20/04/2023
1301407-000,2025,AM,Eirunepé,1301407,ABREE,PEV fixo,Ativo,10/07/2023
3205309-000,2025,ES,Vitória,3205309,ABREE,PEV fixo,Ativo,07/05/2020
2927408-099,2025,BA,Salvador,2927408,Green Eletron,PEV fixo,Ativo,16/03/2021
3300902-000,2025,RJ,Cambuci,3300902,Green Eletron,Campanha itinerante,Ativo,02/08/2019
1720937-000,2025,TO,Taipas do Tocantins,1720937,Green Eletron,PEV fixo,Ativo,09/09/2024
2612000-000,2025,PE,  Sairé ,2612000,Sistema individual,PEV fixo,Ativo,03/01/2019
4127957-001,2025,PR,Tupãssi,4127957,Sistema individual,PEV fixo,Ativo,25/01/2021
2611606-072,2025,PE,Recife,2611606,ABREE,PEV fixo,Ativo,20/05/2022
4115457-005,2025,PR,MARQUINHO,4115457,Green Eletron,PEV fixo,Ativo,05/05/2021
3551405-003,2025,SP,Serra Azul,3551405,Green Eletron,PEV fixo,Ativo,24/03/2025
5300108-033,2025,DF,BRASÍLIA,5300108,Green Eletron,PEV fixo,Ativo,23/10/2020
3106408-000,2025,MG,Belo Vale,3106408,Green Eletron,Ponto de consolidação,Ativo,18/10/2023
4312476-000,2025,RS,Morro Reuter,4312476,Green Eletron,PEV fixo,Ativo,18/12/2024
3106200-115,2025,MG,Belo Horizonte,3106200,Green Eletron,PEV fixo,Ativo,17/09/2021
5300108-062,2025,DF,  Brasília ,5300108,ABREE,PEV fixo,Ativo,19/02/2021
4205407-054,2025,SC,FLORIANÓPOLIS,4205407,ABREE,PEV fixo,Ativo,02/09/2021
4311809-002,2025,RS,MARAU,4311809,Sistema individual,PEV fixo,Ativo,03/06/2024
3548005-000,2025,SP,Santo Antônio de Posse,3548005,ABREE,PEV fixo,Ativo,10/01/2021
2611606-058,2025,PE,Recife,2611606,ABREE,PEV fixo,Ativo,05/04/2022
2925956-000,2025,BA,Rafael Jambeiro,2925956,Green Eletron,PEV fixo,Ativo,23/05/2023
3130903-000,2025,MG,Inhapim,3130903,ABREE,PEV fixo,Ativo,08/01/2022
1303403-000,2025,AM,PARINTINS,1303403,Green Eletron,PEV fixo,Ativo,07/01/2023
3106200-027,2025,MG,Belo Horizonte,3106200,ABREE,PEV fixo,Ativo,17/03/2020
3519600-000,2025,SP,Ibitinga,3519600,ABREE,PEV fixo,Ativo,22/05/2024
4124806-000,2025,PR,São João,4124806,ABREE,PEV fixo,Ativo,14/05/2019
3124005-000,2025,MG,ERVÁLIA,3124005,Green Eletron,PEV fixo,Ativo,02/02/2021
4315131-000,2025,RS,Pouso Novo,4315131,ABREE,PEV fixo,Ativo,01/05/2019
3106200-107,2025,MG,  Belo Horizonte ,3106200,ABREE,PEV fixo,Ativo,27/04/2021
3106200-243,2025,MG,BELO HORIZONTE,3106200,ABREE,Ponto de consolidação,Ativo,01/10/2023
2111300-075,2025,MA,  São Luís ,,ABREE,PEV fixo,Ativo,09/01/2022
4107652-000,2025,PR,FAZENDA RIO GRANDE,4107652,ABREE,PEV fixo,Ativo,28/04/2023
3503604-000,2025,SP,AREIÓPOLIS,3503604,Green Eletron,Ponto de consolidação,Ativo,28/10/2021
3114907-000,2025,MG,Casa Grande,3114907,Green Eletron,Ponto de consolidação,Ativo,02/11/2023
3129301-000,2025,MG,IAPU,3129301,ABREE,PEV fixo,Ativo,11/04/2022
4303806-000,2025,RS,Campinas do Sul,4303806,Green Eletron,PEV fixo,Ativo,12/01/2023
3502002-000,2025,SP,Analândia,3502002,Green Eletron,PEV fixo,Ativo,07/02/2020
2903904-001,2025,BA,Bom Jesus da Lapa,2903904,Sistema individual,PEV fixo,Ativo,24/08/2024
4314779-000,2025,RS,Pontão,4314779,ABREE,PEV fixo,Ativo,07/02/2019
3302908-005,2025,RJ,Miguel Pereira,3302908,Green Eletron,Campanha itinerante,Ativo,07/06/2022
3302304-000,2025,RJ,LAJE DO MURIAÉ,3302304,ABREE,PEV fixo,Ativo,16/01/2023
4314902-079,2025,RS,PORTO ALEGRE,4314902,ABREE,PEV fixo,Ativo,02/08/2021
2927408-030,2025,BA,Salvador,2927408,ABREE,PEV fixo,Ativo,11/02/2019
2927408-057,2025,BA,Salvador,2927408,ABREE,PEV fixo,Ativo,13/06/2020
4307831-000,2025,RS,Eugenio de Castro,4307831,ABREE,PEV fixo,Ativo,05/04/2020
3550308-164,2025,SP,Sao Paulo,3550308,Green Eletron,PEV fixo,Ativo,26/11/2020
3538808-030,2025,SP,Piraju,3538808,Green Eletron,PEV fixo,Ativo,02/02/2022
2900801-000,2025,BA,Alcobaça,2900801,Green Eletron,PEV fixo,Ativo,14/08/2020
3550308-180,2025,SP,  São Paulo ,3550308,ABREE,PEV fixo,Ativo,11/05/2021
3205309-016,2025,ES,Vitória,3205309,ABREE,PEV fixo,Ativo,15/05/2022
3521309-000,2025,SP,IPUÃ,3521309,ABREE,PEV fixo,Ativo,07/04/2023
3300605-003,2025,RJ,BOM JESUS DO ITABAPOANA,3300605,Green Eletron,PEV fixo,Ativo,18/12/2025
4106902-027,2025,PR,Curitiba,4106902,ABREE,PEV fixo,Ativo,07/01/2020
2517209-000,2025,PB,Vieirópolis,2517209,Green Eletron,PEV fixo,Ativo,26/11/2023
2920502-001,2025,BA,Maracás,2920502,Green Eletron,Ponto de consolidação,Ativo,20/11/2020
3551405-002,2025,SP,Serra Azul,3551405,ABREE,PEV fixo,Ativo,17/08/2024
4320602-000,2025,RS,Severiano de Almeida,4320602,ABREE,PEV fixo,Ativo,27/10/2023
3527108-000,2025,SP,Lins,3527108,ABREE,PEV fixo,Ativo,09/05/2019
3106200-062,2025,MG,BELO HORIZONTE,3106200,Sistema individual,Campanha itinerante,Ativo,13/05/2020
5202601-000,2025,GO,Aurilândia,5202601,Green Eletron,PEV fixo,Ativo,10/06/2019
2709301-001,2025,AL,Uniao dos Palmares,2709301,ABREE,PEV fixo,Ativo,01/03/2025
3529500-002,2025,SP,Mendonça,3529500,ABREE,PEV fixo,Ativo,24/06/2025
3132800-000,2025,MG,ITAMBÉ DO MATO DENTRO,3132800,Green Eletron,PEV fixo,Ativo,20/07/2020
2921401-000,2025,BA,Mirangaba,2921401,Green Eletron,Ponto de consolidação,Ativo,13/11/2020
1503093-004,2025,PA,Goianésia do Pará,1503093,Green Eletron,Campanha itinerante,Ativo,04/06/2024
2201200-000,2025,PI,Barras,2201200,Green Eletron,PEV fixo,Ativo,01/06/2021
4208005-000,2025,SC,Itá,4208005,ABREE,Ponto de consolidação,Ativo,25/10/2019
3525607-003,2025,SP,JOÃO RAMALHO,3525607,ABREE,PEV fixo,Ativo,17/01/2020
3106200-124,2025,MG,Belo Horizonte,3106200,ABREE,PEV fixo,Inativo,06/02/2021
3550308-021,2025,SP,São Paulo,3550308,ABREE,PEV fixo,Ativo,18/07/2019
1300706-000,2025,AM,BOCA DO ACRE,1300706,Green Eletron,PEV fixo,Ativo,04/03/2020
3550308-106,2025,SP,São Paulo,3550308,ABREE,PEV fixo,Ativo,13/04/2019
1501402-012,2025,PA,Belem,1501402,ABREE,PEV fixo,Ativo,25/03/2021
5102850-000,2025,MT,Castanheira,5102850,Green Eletron,PEV fixo,Inativo,20/03/2025
2409506-000,2025,RN,PEDRA GRANDE,2409506,Green Eletron,Ponto de consolidação,Ativo,01/01/2022
1714302-000,2025,TO,Nazaré,1714302,Green Eletron,PEV fixo,Ativo,11/09/2019
3507605-000,2025,SP,Bragança Paulista,3507605,Sistema individual,PEV fixo,Ativo,02/05/2022
3300308-006,2025,RJ,Barra do Piraí,3300308,Green Eletron,Campanha itinerante,Ativo,04/09/2021
4117222-000,2025,PR,Nova Santa Rosa,4117222,ABREE,PEV fixo,Ativo,19/03/2025
2109056-000,2025,MA,PORTO RICO DO MARANHÃO,2109056,Green Eletron,PEV fixo,Ativo,11/12/2025
3550308-176,2025,SP,Sao Paulo,3550308,ABREE,PEV fixo,Ativo,11/04/2020
3106200-125,2025,MG,Belo Horizonte,3106200,ABREE,PEV fixo,Ativo,19/01/2021
3106200-151,2025,MG,Belo Horizonte,3106200,ABREE,PEV fixo,Ativo,20/12/2021
1200500-000,2025,AC,Sena Madureira,1200500,Green Eletron,PEV fixo,Ativo,18/12/2024
3304557-049,2025,RJ,Rio de Janeiro,3304557,Sistema individual,PEV fixo,Ativo,20/11/2020
5002704-013,2025,MS,CAMPO GRANDE,5002704,Green Eletron,PEV fixo,Ativo,13/09/2023
3146552-000,2025,MG,Pai Pedro,3146552,Sistema individual,PEV fixo,Ativo,18/02/2023
2310704-000,2025,CE,PENTECOSTE,2310704,ABREE,PEV fixo,Ativo,11/02/2023
3524402-000,2025,SP,Jacareí,3524402,ABREE,PEV fixo,Ativo,10/05/2020
4108601-000,2025,PR,Goioere,4108601,ABREE,PEV fixo,Ativo,16/08/2022
4103479-000,2025,PR,Cafezal do Sul,4103479,ABREE,Campanha itinerante,Ativo,08/05/2025
3106200-266,2025,MG,Belo Horizonte,3106200,Green Eletron,PEV fixo,Ativo,03/01/2023
2805000-000,2025,SE,PEDRA MOLE,2805000,ABREE,PEV fixo,Ativo,15/10/2020
4106902-018,2025,PR,Curitiba,4106902,ABREE,Ponto de consolidação,Ativo,24/01/2020
1507151-004,2025,PA,SÃO DOMINGOS DO ARAGUAIA,1507151,Green Eletron,PEV fixo,Ativo,02/09/2021
3555109-019,2025,SP,Tupi Paulista,3555109,Green Eletron,PEV fixo,Ativo,18/09/2024
3300100-000,2025,RJ,Angra dos Reis,3300100,Green Eletron,PEV fixo,Ativo,04/10/2020
4205407-049,2025,SC,Florianópolis,4205407,ABREE,PEV fixo,Ativo,12/06/2021
1705607-000,2025,TO,CONCEIÇÃO DO TOCANTINS,1705607,Green Eletron,PEV fixo,Ativo,13/12/2020
5203807-001,2025,GO,Britânia,5203807,ABREE,PEV fixo,Ativo,15/12/2025
3304557-132,2025,RJ,Rio de Janeiro,3304557,ABREE,PEV fixo,Ativo,07/09/2022
3550308-332,2025,SP,SÃO PAULO,3550308,ABREE,PEV fixo,Ativo,01/12/2023
3303708-002,2025,RJ,PARAÍBA DO SUL,3303708,Green Eletron,PEV fixo,Inativo,02/02/2025
2311355-001,2025,CE,QUIXELÔ,2311355,ABREE,PEV fixo,Ativo,04/10/2023
3106200-269,2025,MG,BELO HORIZONTE,3106200,Green Eletron,PEV fixo,Ativo,21/11/2023
1501402-020,2025,PA,BELÉM,1501402,ABREE,PEV fixo,Ativo,23/08/2022
5300108-069,2025,DF,Brasilia,5300108,ABREE,PEV fixo,Ativo,17/10/2021
5208707-019,2025,GO,Goiânia,5208707,ABREE,PEV fixo,Ativo,18/12/2022
4106902-035,2025,PR,  Curitiba ,4106902,ABREE,PEV fixo,Ativo,16/09/2021
4114351-000,2025,PR,Manfrinópolis,4114351,Sistema individual,Campanha itinerante,Ativo,05/03/2024
3302502-003,2025,RJ,Magé,3302502,ABREE,PEV fixo,Ativo,09/03/2021
3510708-001,2025,SP,Cardoso,3510708,ABREE,PEV fixo,Ativo,07/10/2021
3150901-000,2025,MG,Piranguçu,3150901,Green Eletron,PEV fixo,Ativo,20/09/2023
3301108-009,2025,RJ,CANTAGALO,3301108,Green Eletron,Campanha itinerante,Ativo,11/09/2021
3526803-007,2025,SP,LENÇÓIS PAULISTA,3526803,Green Eletron,PEV fixo,Ativo,26/05/2022
2111300-038,2025,MA,Sao Luis,2111300,Green Eletron,PEV fixo,Ativo,12/10/2020
2615102-001,2025,PE,Terezinha,2615102,Green Eletron,PEV fixo,Ativo,23/01/2019
2932705-001,2025,BA,Uruçuca,2932705,ABREE,PEV fixo,Ativo,17/11/2025
2611606-020,2025,PE,RECIFE,2611606,ABREE,PEV fixo,Ativo,12/11/2020
3538808-009,2025,SP,  Piraju ,3538808,ABREE,PEV fixo,Ativo,09/01/2019
1501402-034,2025,PA,  Belém ,1501402,ABREE,Ponto de consolidação,Ativo,05/01/2024
3127503-001,2025,MG,GONZAGA,3127503,Green Eletron,PEV fixo,Ativo,08/11/2025
2611606-048,2025,PE,Recife,2611606,ABREE,PEV fixo,Ativo,10/07/2021
3304557-182,2025,RJ,Rio de Janeiro,3304557,ABREE,PEV fixo,Ativo,28/08/2023
4106902-094,2025,PR,Curitiba,4106902,ABREE,Ponto de consolidação,Ativo,26/01/2024
2404606-000,2025,RN,IELMO MARINHO,2404606,ABREE,Ponto de consolidação,Ativo,21/12/2022
2411700-000,2025,RN,São Bento do Trairí,2411700,Green Eletron,PEV fixo,Ativo,16/03/2019
3543006-002,2025,SP,RIBEIRÃO BRANCO,3543006,ABREE,PEV fixo,Ativo,08/03/2020
2913309-000,2025,BA,  Ichu ,2913309,Green Eletron,PEV fixo,Ativo,17/09/2024
2304400-026,2025,CE,Fortaleza,2304400,ABREE,PEV fixo,Ativo,16/09/2019
2209609-000,2025,PI,São Félix do Piauí,2209609,ABREE,PEV fixo,Ativo,28/11/2022
3538808-024,2025,SP,Piraju,3538808,ABREE,PEV fixo,Ativo,12/11/2021
2102325-000,2025,MA,Buriticupu,2102325,ABREE,PEV fixo,Ativo,07/05/2024
2611606-101,2025,PE,RECIFE,2611606,Green Eletron,PEV fixo,Ativo,07/10/2024
4313334-004,2025,RS,Nova Ramada,4313334,ABREE,PEV fixo,Ativo,20/08/2022
3550308-269,2025,SP,São Paulo,3550308,ABREE,PEV fixo,Ativo,20/04/2022
3141702-001,2025,MG,Mesquita,3141702,ABREE,Ponto de consolidação,Ativo,22/07/2024
2611606-045,2025,PE,Recife,2611606,ABREE,Ponto de consolidação,Ativo,25/01/2021
3109501-002,2025,MG,Cabo Verde,3109501,Green Eletron,PEV fixo,Ativo,09/07/2024
3553302-002,2025,SP,Tambaú,3553302,Green Eletron,Ponto de consolidação,Ativo,26/05/2023
3550308-343,2025,SP,SÃO PAULO,3550308,Green Eletron,PEV fixo,Ativo,14/12/2023
4314902-124,2025,RS,Porto Alegre,4314902,ABREE,Campanha itinerante,Ativo,01/09/2022
3106200-305,2025,MG,Belo Horizonte,3106200,ABREE,PEV fixo,Ativo,25/06/2024
2609006-000,2025,PE,Macaparana,2609006,Green Eletron,PEV fixo,Ativo,03/04/2019
1504000-000,2025,PA,Limoeiro do Ajuru,1504000,ABREE,PEV fixo,Ativo,21/07/2022
2927408-037,2025,BA,Salvador,2927408,Green Eletron,Campanha itinerante,Ativo,19/12/2019
3126703-000,2025,MG,FRANCISCO SÁ,3126703,ABREE,PEV fixo,Ativo,01/11/2025
5104526-001,2025,MT,Ipiranga do Norte,5104526,Green Eletron,PEV fixo,Ativo,20/07/2023
2310902-000,2025,CE,Piquet Carneiro,2310902,ABREE,PEV fixo,Ativo,25/02/2019
5300108-001,2025,DF,Brasilia,5300108,Green Eletron,PEV fixo,Ativo,10/05/2019
5101837-000,2025,MT,Boa Esperança do Norte,5101837,ABREE,PEV fixo,Ativo,16/09/2023
4312427-000,2025,RS,Mormaço,4312427,Green Eletron,Ponto de consolidação,Ativo,12/05/2023
2913507-000,2025,BA,IGUAÍ,2913507,Green Eletron,PEV fixo,Ativo,07/06/2019
3550308-314,2025,SP,São Paulo,3550308,Green Eletron,PEV fixo,Ativo,11/01/2022
3539509-000,2025,SP,PITANGUEIRAS,3539509,ABREE,PEV fixo,Ativo,11/04/2019
2610103-007,2025,PE,PALMEIRINA,2610103,Green Eletron,PEV fixo,Ativo,13/01/2025
3557006-007,2025,SP,Votorantim,3557006,Green Eletron,PEV fixo,Ativo,27/01/2023
2927408-052,2025,BA,  Salvador ,2927408,Green Eletron,PEV fixo,Ativo,14/04/2020
2312601-000,2025,CE,SÃO LUÍS DO CURU,2312601,Green Eletron,PEV fixo,Ativo,17/09/2020
5006606-000,2025,MS,Ponta Porã,5006606,Green Eletron,Campanha itinerante,Ativo,19/08/2019
3304508-001,2025,RJ,  Rio das Flores ,3304508,Green Eletron,PEV fixo,Ativo,21/03/2020
3550308-166,2025,SP,SÃO PAULO,3550308,Green Eletron,PEV fixo,Ativo,11/01/2020
3109501-000,2025,MG,Cabo Verde,3109501,ABREE,PEV fixo,Ativo,20/12/2022
4201307-002,2025,SC,Araquari,4201307,ABREE,PEV fixo,Ativo,14/06/2021
2903235-001,2025,BA,Barro Alto,2903235,Green Eletron,PEV fixo,Ativo,01/08/2021
4323705-000,2025,RS,Vista Gaúcha,4323705,Green Eletron,PEV fixo,Ativo,13/10/2022
2611606-019,2025,PE,Recife,2611606,Green Eletron,PEV fixo,Ativo,04/09/2020
4205407-081,2025,SC,Florianópolis,4205407,ABREE,PEV fixo,Ativo,05/09/2023
4207106-000,2025,SC,  Ilhota ,4207106,Green Eletron,Campanha itinerante,Ativo,12/12/2022
3300308-002,2025,RJ,Barra do Piraí,3300308,ABREE,PEV fixo,Ativo,19/09/2019
3302056-000,2025,RJ,Italva,3302056,Green Eletron,Ponto de consolidação,Ativo,06/12/2023
3302700-010,2025,RJ,  Maricá ,3302700,ABREE,PEV fixo,Ativo,01/02/2021
3506904-007,2025,SP,Bofete,3506904,ABREE,PEV fixo,Ativo,02/04/2024
4215752-000,2025,SC,São Bernardino,4215752,Green Eletron,PEV fixo,Ativo,13/05/2019
3501152-000,2025,SP,Alumínio,3501152,ABREE,PEV fixo,Ativo,25/05/2021
3118304-000,2025,MG,Conselheiro Lafaiete,3118304,Green Eletron,PEV fixo,Ativo,16/02/2019
2304400-081,2025,CE,Fortaleza,2304400,ABREE,PEV fixo,Ativo,15/08/2022
3167103-000,2025,MG,Serro,3167103,Sistema individual,PEV fixo,Ativo,21/01/2019
2601102-000,2025,PE,Araripina,2601102,ABREE,PEV fixo,Ativo,14/06/2021
4115754-000,2025,PR,Mauá da Serra,4115754,ABREE,PEV fixo,Ativo,09/04/2019
3304557-172,2025,RJ,Rio de Janeiro,3304557,Green Eletron,PEV fixo,Ativo,03/01/2023
4205407-024,2025,SC,Florianópolis,4205407,ABREE,PEV fixo,Ativo,07/02/2019
3203007-001,2025,ES,Iuna,3203007,ABREE,PEV fixo,Ativo,11/10/2022
2608602-000,2025,PE,Lagoa do Ouro,2608602,ABREE,PEV fixo,Ativo,12/03/2022
5107206-000,2025,MT,  Rio Branco ,5107206,ABREE,PEV fixo,Ativo,20/10/2019
3551405-000,2025,SP,Serra Azul,3551405,Green Eletron,PEV fixo,Ativo,14/07/2022
3550308-043,2025,SP,São Paulo,3550308,ABREE,PEV fixo,Ativo,17/12/2019
5300108-017,2025,DF,Brasília,5300108,ABREE,PEV fixo,Ativo,20/05/2019
3550308-357,2025,SP,São Paulo,3550308,ABREE,PEV fixo,Ativo,15/04/2023
3106200-283,2025,MG,Belo Horizonte,3106200,Green Eletron,PEV fixo,Ativo,27/08/2023
3550308-349,2025,SP,São Paulo,3550308,Green Eletron,PEV fixo,Ativo,06/08/2023
3122504-000,2025,MG,Dom Cavati,3122504,ABREE,PEV fixo,Ativo,17/12/2025
3106200-264,2025,MG,Belo Horizonte,3106200,Sistema individual,PEV fixo,Ativo,14/10/2023
3531902-000,2025,SP,Morro Agudo,3531902,Green Eletron,PEV fixo,Ativo,27/11/2024
3513009-007,2025,SP,Cotia,3513009,Green Eletron,PEV fixo,Ativo,04/07/2021
3106200-240,2025,MG,Belo Horizonte,3106200,Green Eletron,Ponto de consolidação,Ativo,06/09/2023
2608008-000,2025,PE,Jataúba,2608008,Sistema individual,PEV fixo,Ativo,17/08/2024
3304557-091,2025,RJ,Rio de Janeiro,3304557,Green Eletron,PEV fixo,Ativo,04/08/2021
3302908-001,2025,RJ,MIGUEL PEREIRA,3302908,Sistema individual,PEV fixo,Ativo,16/08/2019
1300102-000,2025,AM,Anori,1300102,Sistema individual,PEV fixo,Ativo,04/12/2023
3304508-005,2025,RJ,RIO DAS FLORES,3304508,ABREE,PEV fixo,Ativo,21/11/2020
2504355-000,2025,PB,Caturité,2504355,Green Eletron,Campanha itinerante,Ativo,12/12/2022
2708956-001,2025,AL,Senador Rui Palmeira,2708956,Green Eletron,Campanha itinerante,Ativo,17/03/2025
3550308-122,2025,SP,SÃO PAULO,3550308,Green Eletron,PEV fixo,Ativo,01/05/2020
5208707-011,2025,GO,Goiânia,5208707,Sistema individual,PEV fixo,Ativo,04/05/2020
2920452-000,2025,BA,  Mansidão ,2920452,Green Eletron,PEV fixo,Ativo,03/07/2023
3525201-014,2025,SP,Jarinu,3525201,Green Eletron,PEV fixo,Ativo,06/08/2024
3550308-248,2025,SP,SÃO PAULO,3550308,Green Eletron,PEV fixo,Ativo,09/08/2021
4211652-000,2025,SC,Novo Horizonte,4211652,Green Eletron,PEV fixo,Ativo,05/05/2019
4211108-000,2025,SC,MONTE CASTELO,4211108,Green Eletron,PEV fixo,Ativo,13/06/2022
4314902-117,2025,RS,Porto Alegre,4314902,Sistema individual,PEV fixo,Ativo,05/01/2022
3120201-000,2025,MG,CRISTAIS,3120201,ABREE,PEV fixo,Ativo,26/10/2024
3301900-001,2025,RJ,Itaboraí,3301900,ABREE,PEV fixo,Ativo,04/10/2023
2600708-000,2025,PE,ALIANÇA,2600708,ABREE,PEV fixo,Ativo,01/07/2020
4106902-036,2025,PR,Curitiba,4106902,ABREE,Campanha itinerante,Ativo,17/03/2021
3550308-210,2025,SP,São Paulo,3550308,ABREE,Campanha itinerante,Ativo,23/10/2021
5215207-005,2025,GO,Novo Brasil,5215207,Green Eletron,PEV fixo,Ativo,16/01/2021
2927408-098,2025,BA,Salvador,2927408,Green Eletron,PEV fixo,Ativo,04/07/2021
3538808-006,2025,SP,Piraju,3538808,ABREE,PEV fixo,Ativo,06/09/2019
3203304-000,2025,ES,MANTENÓPOLIS,3203304,ABREE,Campanha itinerante,Ativo,03/10/2022
3102407-000,2025,MG,Alvorada de Minas,,Green Eletron,PEV fixo,Ativo,10/08/2022
2111300-065,2025,MA,São Luís,2111300,ABREE,PEV fixo,Ativo,11/08/2021
3304557-160,2025,RJ,Rio de Janeiro,3304557,ABREE,PEV fixo,Ativo,16/08/2023
2927408-041,2025,BA,Salvador,2927408,Green Eletron,PEV fixo,Ativo,22/03/2019
4314902-121,2025,RS,Porto Alegre,4314902,Green Eletron,PEV fixo,Ativo,27/08/2022
2800308-017,2025,SE,Aracaju,2800308,Sistema individual,PEV fixo,Ativo,20/02/2021
2204550-001,2025,PI,Guaribas,2204550,ABREE,PEV fixo,Ativo,19/08/2024
3305307-012,2025,RJ,São Sebastião do Alto,3305307,ABREE,Ponto de consolidação,Ativo,05/08/2022
2916500-001,2025,BA,ITAPICURU,2916500,ABREE,Ponto de consolidação,Ativo,23/01/2023
2602902-000,2025,PE,CABO DE SANTO AGOSTINHO,2602902,Green Eletron,Campanha itinerante,Ativo,14/03/2019
2111300-023,2025,MA,  São Luís ,2111300,Green Eletron,PEV fixo,Ativo,06/04/2019
2413102-000,2025,RN,Senador Elói de Souza,2413102,Sistema individual,PEV fixo,Ativo,16/09/2020
5003900-000,2025,MS,Figueirão,5003900,ABREE,PEV fixo,Ativo,15/01/2021
2204105-000,2025,PI,FRANCISCO AYRES,2204105,ABREE,PEV fixo,Ativo,15/12/2023
2414704-000,2025,RN,Várzea,2414704,ABREE,PEV fixo,Ativo,19/09/2023
3301405-007,2025,RJ,Conceicao de Macabu,3301405,Green Eletron,PEV fixo,Ativo,28/02/2021
3550308-217,2025,SP,Sao Paulo,3550308,ABREE,PEV fixo,Ativo,06/12/2021
4106902-092,2025,PR,Curitiba,4106902,Green Eletron,PEV fixo,Ativo,19/07/2024
2927804-000,2025,BA,Santa Cruz da Vitória,2927804,Green Eletron,PEV fixo,Ativo,07/05/2020
3158409-000,2025,MG,Santana de Cataguases,3158409,Green Eletron,Campanha itinerante,Ativo,24/08/2019
2310506-000,2025,CE,  Pedra Branca ,2310506,Green Eletron,PEV fixo,Ativo,19/08/2025
2609204-000,2025,PE,Maraial,2609204,ABREE,PEV fixo,Ativo,22/08/2024
3522802-000,2025,SP,ITAPORANGA,3522802,ABREE,PEV fixo,Ativo,13/01/2022
5207600-000,2025,GO,Fazenda Nova,5207600,ABREE,PEV fixo,Ativo,06/07/2024
3501608-002,2025,SP,Americana,3501608,ABREE,Ponto de consolidação,Ativo,19/07/2023
3115474-000,2025,MG,Catuti,3115474,ABREE,PEV fixo,Ativo,28/08/2021
3127503-000,2025,MG,Gonzaga,3127503,Green Eletron,PEV fixo,Ativo,14/03/2022
4122602-000,2025,PR,Rondon,4122602,ABREE,PEV fixo,Ativo,28/05/2020
3304557-214,2025,RJ,RIO DE JANEIRO,3304557,ABREE,PEV fixo,Ativo,24/04/2024
3522901-001,2025,SP,Itapui,3522901,Green Eletron,PEV fixo,Ativo,28/10/2021
3302106-004,2025,RJ,Itaocara,3302106,Green Eletron,PEV fixo,Ativo,28/06/2021
4314902-029,2025,RS,Porto Alegre,4314902,Green Eletron,PEV fixo,Ativo,08/09/2020
3135357-000,2025,MG,Japonvar,3135357,Green Eletron,PEV fixo,Ativo,04/05/2024
5106000-000,2025,MT,  Nortelândia ,5106000,Green Eletron,Ponto de consolidação,Ativo,19/09/2021
3105400-000,2025,MG,Barao de Cocais,3105400,ABREE,PEV fixo,Ativo,08/06/2022
5300108-009,2025,DF,Brasília,5300108,ABREE,PEV fixo,Ativo,12/08/2019
2111300-084,2025,MA,São Luís,2111300,ABREE,PEV fixo,Ativo,15/09/2022
3305752-000,2025,RJ,  Tanguá ,3305752,Green Eletron,PEV fixo,Ativo,18/07/2020
3106200-095,2025,MG,Belo Horizonte,3106200,Green Eletron,PEV fixo,Ativo,08/03/2021
4205407-080,2025,SC,Florianópolis,4205407,Green Eletron,PEV fixo,Ativo,16/07/2023
2308351-000,2025,CE,MILHÃ,2308351,ABREE,PEV fixo,Ativo,13/08/2020
3538808-027,2025,SP,  Piraju ,3538808,ABREE,PEV fixo,Ativo,10/11/2022
1502509-000,2025,PA,CHAVES,1502509,Green Eletron,PEV fixo,Ativo,13/03/2024
3550308-073,2025,SP,SÃO PAULO,3550308,Green Eletron,PEV fixo,Ativo,26/03/2019
4300034-001,2025,RS,Aceguá,4300034,ABREE,Ponto de consolidação,Ativo,03/07/2025
5103700-000,2025,MT,Feliz Natal,5103700,ABREE,Campanha itinerante,Ativo,22/11/2025
3550308-169,2025,SP,São Paulo,3550308,ABREE,PEV fixo,Ativo,08/11/2020
3135209-000,2025,MG,Januária,3135209,ABREE,PEV fixo,Ativo,15/06/2020
3304557-147,2025,RJ,  Rio de Janeiro ,3304557,Green Eletron,PEV fixo,Ativo,20/07/2022
2408102-009,2025,RN,NATAL,2408102,Green Eletron,PEV fixo,Ativo,11/08/2021
1100346-000,2025,RO,Alvorada D'Oeste,1100346,ABREE,PEV fixo,Ativo,21/01/2025
3304557-134,2025,RJ,RIO DE JANEIRO,3304557,Green Eletron,PEV fixo,Ativo,28/06/2022
4205407-084,2025,SC,Florianopolis,4205407,Sistema individual,PEV fixo,Ativo,17/04/2023
2703205-001,2025,AL,Igreja Nova,2703205,ABREE,PEV fixo,Ativo,03/04/2023
3132701-000,2025,MG,Itambacuri,3132701,ABREE,PEV fixo,Ativo,25/08/2023
2312205-000,2025,CE,Santa Quiteria,2312205,ABREE,Ponto de consolidação,Ativo,10/06/2024
3512902-002,2025,SP,Cosmorama,3512902,Green Eletron,PEV fixo,Ativo,13/10/2025
2927408-085,2025,BA,Salvador,2927408,ABREE,PEV fixo,Ativo,02/04/2021
3532306-009,2025,SP,Natividade da Serra,3532306,Green Eletron,PEV fixo,Ativo,09/07/2023
4314902-030,2025,RS,  Porto Alegre ,4314902,ABREE,PEV fixo,Ativo,22/11/2020
3555109-009,2025,SP,Tupi Paulista,3555109,Green Eletron,PEV fixo,Ativo,18/08/2021
3532900-018,2025,SP,Nova Europa,3532900,Sistema individual,PEV fixo,Ativo,28/04/2022
3203908-000,2025,ES,NOVA VENÉCIA,3203908,ABREE,PEV fixo,Ativo,11/10/2024
2803500-000,2025,SE,Lagarto,2803500,ABREE,PEV fixo,Ativo,19/09/2023
4216354-000,2025,SC,SÃO JOÃO DO ITAPERIÚ,4216354,ABREE,PEV fixo,Ativo,03/03/2021
2707602-000,2025,AL,Quebrangulo,2707602,ABREE,PEV fixo,Ativo,11/06/2019
2901205-000,2025,BA,Anagé,2901205,ABREE,PEV fixo,Ativo,07/02/2019
3304557-038,2025,RJ,Rio de Janeiro,3304557,Green Eletron,PEV fixo,Ativo,05/07/2020
2304400-096,2025,CE,  Fortaleza ,2304400,ABREE,PEV fixo,Ativo,23/01/2023
4106902-049,2025,PR,Curitiba,4106902,ABREE,PEV fixo,Ativo,23/06/2022
2602902-009,2025,PE,Cabo de Santo Agostinho,2602902,ABREE,Ponto de consolidação,Ativo,02/12/2023
5007406-000,2025,MS,Rio Verde de Mato Grosso,5007406,Green Eletron,PEV fixo,Ativo,22/10/2021
2304400-023,2025,CE,Fortaleza,2304400,ABREE,PEV fixo,Ativo,01/08/2019
4205407-051,2025,SC,FLORIANÓPOLIS,4205407,Green Eletron,PEV fixo,Ativo,10/09/2021
2707503-000,2025,AL,PORTO REAL DO COLÉGIO,2707503,Green Eletron,PEV fixo,Ativo,26/04/2025
2413359-000,2025,RN,Serra do Mel,2413359,ABREE,PEV fixo,Ativo,24/02/2020
2610103-004,2025,PE,PALMEIRINA,2610103,Sistema individual,PEV fixo,Ativo,12/04/2023
1304005-004,2025,AM,Silves,1304005,ABREE,Campanha itinerante,Ativo,19/07/2022
5101001-002,2025,MT,Araguaiana,5101001,Sistema individual,PEV fixo,Ativo,12/06/2023
3532504-002,2025,SP,Neves Paulista,3532504,ABREE,PEV fixo,Ativo,13/09/2020
3127339-000,2025,MG,Gameleiras,3127339,Green Eletron,PEV fixo,Ativo,12/10/2021
2111300-049,2025,MA,SÃO LUÍS,,Green Eletron,PEV fixo,Ativo,20/03/2020
3550308-282,2025,SP,SÃO PAULO,3550308,Green Eletron,PEV fixo,Ativo,11/01/2022
3106200-178,2025,MG,Belo Horizonte,3106200,Green Eletron,PEV fixo,Ativo,06/10/2022
5200050-000,2025,GO,ABADIA DE GOIÁS,5200050,ABREE,PEV fixo,Ativo,22/02/2023
5000856-000,2025,MS,Angélica,5000856,Green Eletron,PEV fixo,Ativo,01/11/2019
2410603-000,2025,RN,RAFAEL GODEIRO,2410603,ABREE,PEV fixo,Ativo,27/03/2019
3304557-054,2025,RJ,Rio de Janeiro,3304557,Green Eletron,Campanha itinerante,Ativo,28/06/2020
4322509-000,2025,RS,Vacaria,4322509,Green Eletron,PEV fixo,Inativo,11/04/2019
1721000-000,2025,TO,Palmas,1721000,Green Eletron,PEV fixo,Ativo,01/09/2019
4220000-000,2025,SC,BALNEÁRIO RINCÃO,4220000,ABREE,Campanha itinerante,Ativo,15/06/2021
3501301-000,2025,SP,Alvares Machado,3501301,Green Eletron,PEV fixo,Ativo,28/04/2019
1717008-000,2025,TO,Pindorama do Tocantins,1717008,Green Eletron,PEV fixo,Ativo,01/12/2020
3303302-001,2025,RJ,Niterói,3303302,Green Eletron,Ponto de consolidação,Ativo,09/12/2020
5212006-000,2025,GO,JAUPACI,5212006,ABREE,PEV fixo,Ativo,21/11/2023
3550308-184,2025,SP,SÃO PAULO,3550308,ABREE,PEV fixo,Ativo,26/05/2021
4119954-000,2025,PR,Pontal do Paraná,4119954,Green Eletron,PEV fixo,Ativo,13/05/2022
4205704-000,2025,SC,  Garopaba ,4205704,ABREE,Ponto de consolidação,Ativo,10/02/2019
5208707-017,2025,GO,GOIÂNIA,5208707,Green Eletron,PEV fixo,Ativo,24/02/2022
2914901-000,2025,BA,  Itacaré ,2914901,ABREE,PEV fixo,Ativo,16/04/2019
4211850-000,2025,SC,OURO VERDE,4211850,Green Eletron,PEV fixo,Ativo,02/06/2024
4109500-000,2025,PR,Guaraquecaba,4109500,ABREE,PEV fixo,Ativo,14/02/2023
3514502-000,2025,SP,Duartina,3514502,ABREE,PEV fixo,Ativo,26/06/2022
3550308-191,2025,SP,Sao Paulo,3550308,ABREE,PEV fixo,Ativo,27/01/2021
4200804-000,2025,SC,ANCHIETA,,Green Eletron,PEV fixo,Ativo,08/02/2022
3301702-000,2025,RJ,DUQUE DE CAXIAS,3301702,ABREE,PEV fixo,Ativo,25/09/2019
2913002-000,2025,BA,Ibitiara,2913002,ABREE,PEV fixo,Ativo,20/02/2021
2903235-002,2025,BA,BARRO ALTO,2903235,ABREE,PEV fixo,Ativo,22/01/2022
5003488-000,2025,MS,Dois Irmãos do Buriti,5003488,Green Eletron,PEV fixo,Ativo,17/08/2021
4305504-000,2025,RS,Ciríaco,4305504,ABREE,PEV fixo,Ativo,17/06/2023
3511300-000,2025,SP,  Cedral ,3511300,Green Eletron,Ponto de consolidação,Ativo,24/04/2020
3106200-304,2025,MG,Belo Horizonte,3106200,Green Eletron,PEV fixo,Ativo,09/03/2024
4322103-001,2025,RS,Tucunduva,4322103,Sistema individual,PEV fixo,Ativo,22/09/2025
2615300-000,2025,PE,Timbaúba,2615300,ABREE,PEV fixo,Ativo,01/04/2025
3554102-000,2025,SP,Taubaté,3554102,ABREE,Ponto de consolidação,Ativo,12/01/2019
3304144-000,2025,RJ,QUEIMADOS,3304144,Sistema individual,Campanha itinerante,Ativo,01/02/2020
2209153-000,2025,PI,Santa Cruz dos Milagres,2209153,ABREE,PEV fixo,Ativo,24/07/2021
3304557-021,2025,RJ,Rio de Janeiro,3304557,Green Eletron,Ponto de consolidação,Ativo,25/06/2020
2209500-000,2025,PI,Santo Inácio do Piauí,2209500,ABREE,PEV fixo,Ativo,04/07/2020
3510708-004,2025,SP,Cardoso,3510708,ABREE,PEV fixo,Ativo,01/10/2024
3532009-012,2025,SP,Morungaba,3532009,Green Eletron,PEV fixo,Ativo,11/08/2022
2908408-000,2025,BA,CONCEIÇÃO DO COITÉ,2908408,ABREE,PEV fixo,Ativo,25/05/2020
2903235-000,2025,BA,BARRO ALTO,2903235,Green Eletron,PEV fixo,Ativo,23/05/2021
2602902-002,2025,PE,Cabo de Santo Agostinho,2602902,Green Eletron,PEV fixo,Ativo,07/04/2019
3533106-000,2025,SP,Nova Guataporanga,3533106,Green Eletron,PEV fixo,Ativo,10/12/2021
3518503-004,2025,SP,Guareí,3518503,Sistema individual,Ponto de consolidação,Ativo,28/02/2025
4322707-000,2025,RS,Vera Cruz,4322707,Green Eletron,PEV fixo,Ativo,08/01/2024
3514106-000,2025,SP,DOIS CÓRREGOS,3514106,ABREE,PEV fixo,Ativo,07/07/2021
3304557-031,2025,RJ,Rio de Janeiro,3304557,ABREE,PEV fixo,Ativo,12/01/2020
3304557-185,2025,RJ,Rio de Janeiro,3304557,ABREE,PEV fixo,Inativo,09/12/2023
5108956-000,2025,MT,Nova Monte Verde,5108956,ABREE,PEV fixo,Ativo,24/07/2020
1100601-000,2025,RO,Cacaulândia,1100601,ABREE,PEV fixo,Ativo,15/12/2021
3106200-000,2025,MG,BELO HORIZONTE,3106200,Green Eletron,PEV fixo,Ativo,14/11/2020
2304251-003,2025,CE,  Cruz ,2304251,Green Eletron,PEV fixo,Ativo,26/04/2019
2505352-000,2025,PB,DAMIÃO,2505352,ABREE,Campanha itinerante,Ativo,21/10/2019
2207751-000,2025,PI,Passagem Franca do Piauí,2207751,ABREE,PEV fixo,Inativo,24/01/2021
3107901-000,2025,MG,Bom Repouso,3107901,Green Eletron,PEV fixo,Ativo,14/11/2025
1508209-003,2025,PA,Vigia,,Green Eletron,Campanha itinerante,Ativo,23/03/2019
4204400-000,2025,SC,Coronel Freitas,4204400,Green Eletron,PEV fixo,Ativo,10/01/2019
3304557-197,2025,RJ,Rio de Janeiro,3304557,ABREE,Ponto de consolidação,Ativo,08/08/2023
2611606-010,2025,PE,Recife,2611606,ABREE,PEV fixo,Ativo,16/04/2020
5100805-001,2025,MT,Apiacás,5100805,Green Eletron,PEV fixo,Ativo,03/03/2024
3136900-000,2025,MG,JURUAIA,3136900,ABREE,PEV fixo,Ativo,10/02/2022
3550308-195,2025,SP,São Paulo,3550308,Sistema individual,PEV fixo,Ativo,15/06/2021
3304557-109,2025,RJ,Rio de Janeiro,3304557,ABREE,PEV fixo,Ativo,06/10/2021
4117503-000,2025,PR,Paiçandu,4117503,Sistema individual,PEV fixo,Ativo,26/01/2023
4106902-058,2025,PR,Curitiba,4106902,Green Eletron,PEV fixo,Ativo,13/01/2022
4201273-000,2025,SC,Arabutã,4201273,ABREE,PEV fixo,Ativo,09/09/2021
3116001-000,2025,MG,Chalé,3116001,ABREE,PEV fixo,Ativo,11/10/2019
3304557-120,2025,RJ,Rio de Janeiro,3304557,Green Eletron,Campanha itinerante,Ativo,28/10/2022
3553955-000,2025,SP,TARUMÃ,3553955,ABREE,PEV fixo,Ativo,08/01/2021
3300308-001,2025,RJ,Barra do Piraí,3300308,Green Eletron,PEV fixo,Ativo,11/09/2019
5002704-014,2025,MS,Campo Grande,5002704,ABREE,PEV fixo,Ativo,24/11/2024
2704807-000,2025,AL,Maribondo,2704807,Green Eletron,PEV fixo,Ativo,17/05/2019
2311207-004,2025,CE,Potengi,2311207,Green Eletron,PEV fixo,Ativo,27/08/2024
1506195-000,2025,PA,Rurópolis,1506195,Green Eletron,PEV fixo,Ativo,14/02/2022
2207777-000,2025,PI,Patos do Piauí,2207777,ABREE,PEV fixo,Ativo,27/11/2022
3123528-006,2025,MG,Durandé,3123528,ABREE,PEV fixo,Ativo,15/11/2023
3139300-000,2025,MG,MANGA,3139300,Green Eletron,PEV fixo,Ativo,06/06/2023
3512001-007,2025,SP,Colina,3512001,Green Eletron,PEV fixo,Ativo,23/10/2025
3202553-001,2025,ES,  Ibitirama ,3202553,Green Eletron,PEV fixo,Ativo,09/04/2022
4300455-000,2025,RS,Alegria,4300455,ABREE,PEV fixo,Ativo,26/02/2019
3550308-024,2025,SP,SÃO PAULO,3550308,Green Eletron,PEV fixo,Ativo,03/04/2019
3532603-005,2025,SP,Nhandeara,3532603,Green Eletron,PEV fixo,Ativo,12/11/2025
3116605-000,2025,MG,CLÁUDIO,3116605,Green Eletron,PEV fixo,Ativo,21/11/2025
4106902-064,2025,PR,Curitiba,4106902,Green Eletron,Ponto de consolidação,Ativo,25/02/2022
4205407-008,2025,SC,FLORIANÓPOLIS,4205407,Green Eletron,PEV fixo,Ativo,04/02/2019
5300108-088,2025,DF,Brasília,5300108,ABREE,PEV fixo,Ativo,08/09/2022
3139250-000,2025,MG,MAMONAS,3139250,ABREE,PEV fixo,Ativo,17/03/2024
2108801-000,2025,MA,Pirapemas,2108801,Green Eletron,PEV fixo,Ativo,16/03/2021
3555505-000,2025,SP,UBIRAJARA,3555505,Green Eletron,PEV fixo,Ativo,18/03/2020
1507805-000,2025,PA,Senador Jose Porfirio,1507805,Green Eletron,PEV fixo,Inativo,22/05/2024
2409803-000,2025,RN,Pedro Velho,2409803,ABREE,Campanha itinerante,Inativo,24/07/2021
3512902-000,2025,SP,COSMORAMA,3512902,Green Eletron,PEV fixo,Ativo,13/08/2021
3164308-000,2025,MG,São Roque de Minas,3164308,Green Eletron,Campanha itinerante,Ativo,03/06/2023
2206704-000,2025,PI,Nazare do Piaui,2206704,Green Eletron,PEV fixo,Inativo,21/02/2023
3503901-000,2025,SP,Aruja,3503901,ABREE,PEV fixo,Ativo,20/12/2019
3139201-000,2025,MG,Malacacheta,3139201,ABREE,PEV fixo,Ativo,23/11/2019
2109700-000,2025,MA,Sambaiba,2109700,ABREE,Ponto de consolidação,Ativo,26/02/2020
2111789-000,2025,MA,Serrano do Maranhão,2111789,Green Eletron,PEV fixo,Ativo,13/06/2020
3304557-023,2025,RJ,Rio de Janeiro,3304557,Green Eletron,PEV fixo,Ativo,15/02/2020
3302700-003,2025,RJ,  Maricá ,3302700,Green Eletron,PEV fixo,Ativo,04/05/2019
5200605-000,2025,GO,ALTO PARAÍSO DE GOIÁS,5200605,Green Eletron,Campanha itinerante,Ativo,16/06/2020
4314902-099,2025,RS,Porto Alegre,4314902,ABREE,Ponto de consolidação,Ativo,26/09/2022
4128807-000,2025,PR,Xambrê,4128807,ABREE,PEV fixo,Ativo,27/11/2023
4119509-000,2025,PR,PIRAQUARA,4119509,ABREE,PEV fixo,Ativo,13/02/2025
3151107-000,2025,MG,Pirapetinga,3151107,ABREE,PEV fixo,Ativo,05/07/2022
3115201-000,2025,MG,CONCEIÇÃO DA BARRA DE MINAS,3115201,ABREE,PEV fixo,Ativo,27/05/2019
2604304-000,2025,PE,Cedro,2604304,ABREE,Ponto de consolidação,Ativo,14/11/2020
3170800-000,2025,MG,VÁRZEA DA PALMA,3170800,Green Eletron,Campanha itinerante,Ativo,04/03/2022
3304557-195,2025,RJ,Rio de Janeiro,3304557,ABREE,PEV fixo,Ativo,13/07/2023
4313334-003,2025,RS,Nova Ramada,4313334,ABREE,PEV fixo,Ativo,28/09/2021
3525607-005,2025,SP,JOÃO RAMALHO,3525607,ABREE,PEV fixo,Ativo,20/03/2022
3550308-012,2025,SP,SÃO PAULO,3550308,Green Eletron,PEV fixo,Ativo,11/08/2019
3518503-001,2025,SP,  Guareí ,3518503,Green Eletron,Campanha itinerante,Ativo,16/07/2022
3123858-000,2025,MG,Entre Folhas,3123858,ABREE,PEV fixo,Ativo,16/11/2020
5215207-003,2025,GO,Novo Brasil,5215207,Green Eletron,Ponto de consolidação,Ativo,14/05/2020
4314902-114,2025,RS,Porto Alegre,4314902,ABREE,PEV fixo,Ativo,07/06/2022
3304805-000,2025,RJ,  São Fidélis ,3304805,ABREE,PEV fixo,Inativo,22/12/2021
2204907-000,2025,PI,ISAÍAS COELHO,2204907,Green Eletron,Ponto de consolidação,Ativo,23/11/2025
3106200-311,2025,MG,BELO HORIZONTE,3106200,Green Eletron,PEV fixo,Ativo,08/01/2024
4120002-000,2025,PR,Porecatu,4120002,ABREE,PEV fixo,Ativo,24/04/2019
4121406-000,2025,PR,Realeza,4121406,Green Eletron,PEV fixo,Ativo,12/10/2025
3144607-000,2025,MG,Nepomuceno,3144607,Green Eletron,PEV fixo,Ativo,26/12/2020
3106200-170,2025,MG,Belo Horizonte,3106200,Green Eletron,Ponto de consolidação,Ativo,19/06/2022
2203305-000,2025,PI,Demerval Lobão,2203305,ABREE,PEV fixo,Ativo,14/08/2020
3504305-000,2025,SP,Avaí,3504305,Green Eletron,PEV fixo,Ativo,21/03/2019
3550308-162,2025,SP,Sao Paulo,3550308,ABREE,PEV fixo,Ativo,25/11/2020
2927408-043,2025,BA,Salvador,2927408,Sistema individual,Ponto de consolidação,Ativo,25/02/2019
5002704-009,2025,MS,Campo Grande,5002704,Green Eletron,PEV fixo,Ativo,27/07/2022
3529500-001,2025,SP,MENDONÇA,3529500,Sistema individual,PEV fixo,Ativo,28/10/2024
3146503-000,2025,MG,Pains,3146503,ABREE,PEV fixo,Ativo,02/05/2023
3537404-001,2025,SP,Pereira Barreto,3537404,Green Eletron,PEV fixo,Ativo,26/12/2020
2302107-001,2025,CE,Baturité,2302107,Green Eletron,PEV fixo,Ativo,17/12/2019
5103403-001,2025,MT,Cuiabá,5103403,ABREE,PEV fixo,Ativo,25/06/2019
2307601-003,2025,CE,Limoeiro do Norte,2307601,Green Eletron,PEV fixo,Ativo,01/08/2025
3515004-000,2025,SP,Embu das Artes,3515004,Green Eletron,PEV fixo,Ativo,09/04/2021
2602605-000,2025,PE,Brejo da Madre de Deus,2602605,ABREE,Ponto de consolidação,Ativo,24/06/2021
2513802-000,2025,PB,  Santa Teresinha ,2513802,Green Eletron,PEV fixo,Ativo,13/06/2022
5103403-003,2025,MT,CUIABÁ,5103403,Green Eletron,PEV fixo,Ativo,19/07/2019
2807402-001,2025,SE,Tobias Barreto,2807402,Green Eletron,PEV fixo,Ativo,26/09/2024
3127388-000,2025,MG,Goianá,3127388,Green Eletron,PEV fixo,Ativo,21/10/2019
3304557-215,2025,RJ,RIO DE JANEIRO,3304557,ABREE,Campanha itinerante,Ativo,28/07/2024
2211001-020,2025,PI,Teresina,2211001,ABREE,PEV fixo,Ativo,27/03/2022
1506500-000,2025,PA,Santa Izabel do Pará,1506500,ABREE,PEV fixo,Ativo,24/02/2019
3528908-000,2025,SP,Mariápolis,3528908,Green Eletron,PEV fixo,Ativo,21/12/2020
3305307-005,2025,RJ,Sao Sebastiao do Alto,3305307,ABREE,Campanha itinerante,Ativo,26/05/2020
2304400-061,2025,CE,FORTALEZA,2304400,ABREE,PEV fixo,Ativo,11/12/2021
3553807-004,2025,SP,Taquarituba,3553807,Sistema individual,PEV fixo,Ativo,07/12/2024
5219258-000,2025,GO,Santa Fé de Goiás,5219258,ABREE,PEV fixo,Ativo,15/01/2024
3550308-240,2025,SP,São Paulo,3550308,Green Eletron,PEV fixo,Ativo,12/12/2021
2517100-000,2025,PB,Várzea,2517100,Green Eletron,Campanha itinerante,Inativo,21/12/2021
3201308-000,2025,ES,Cariacica,3201308,Sistema individual,PEV fixo,Ativo,03/11/2021
3302106-006,2025,RJ,Itaocara,3302106,ABREE,PEV fixo,Ativo,23/05/2022
3129707-000,2025,MG,IBIRACI,3129707,Sistema individual,PEV fixo,Ativo,05/09/2019
4314902-025,2025,RS,Porto Alegre,4314902,Sistema individual,PEV fixo,Ativo,08/10/2020
2611606-093,2025,PE,RECIFE,2611606,ABREE,Campanha itinerante,Ativo,22/03/2023
2807402-000,2025,SE,  Tobias Barreto ,2807402,ABREE,PEV fixo,Ativo,05/05/2023
3304557-059,2025,RJ,RIO DE JANEIRO,3304557,ABREE,PEV fixo,Ativo,17/12/2020
4114500-000,2025,PR,Manoel Ribas,4114500,Green Eletron,Ponto de consolidação,Ativo,17/03/2024
2304251-007,2025,CE,Cruz,2304251,ABREE,PEV fixo,Ativo,17/08/2021
1301803-000,2025,AM,Ipixuna,1301803,Green Eletron,PEV fixo,Ativo,07/09/2019
3156106-000,2025,MG,Ritápolis,3156106,ABREE,Ponto de consolidação,Ativo,07/03/2025
5300108-008,2025,DF,BRASÍLIA,5300108,Sistema individual,PEV fixo,Ativo,22/11/2019
1301951-006,2025,AM,Itamarati,1301951,ABREE,PEV fixo,Ativo,25/10/2024
5215207-008,2025,GO,Novo Brasil,5215207,ABREE,Campanha itinerante,Ativo,17/09/2022
3502606-003,2025,SP,Aparecida d'Oeste,3502606,ABREE,PEV fixo,Ativo,26/01/2024
3111200-000,2025,MG,Campo Belo,3111200,ABREE,PEV fixo,Ativo,08/08/2025
3505351-000,2025,SP,Barra do Chapéu,3505351,Sistema individual,PEV fixo,Ativo,04/03/2019
3556701-000,2025,SP,Vinhedo,3556701,ABREE,PEV fixo,Ativo,27/09/2022
4205407-056,2025,SC,FLORIANÓPOLIS,4205407,ABREE,PEV fixo,Ativo,16/04/2021
3302502-001,2025,RJ,Magé,3302502,Sistema individual,PEV fixo,Inativo,01/05/2020
3201001-000,2025,ES,Boa Esperança,3201001,Green Eletron,PEV fixo,Ativo,03/12/2020
2600609-000,2025,PE,ALAGOINHA,2600609,ABREE,PEV fixo,Ativo,24/12/2021
5201801-000,2025,GO,Aragoiânia,5201801,Sistema individual,Ponto de consolidação,Ativo,10/08/2021
3505203-007,2025,SP,Bariri,3505203,ABREE,PEV fixo,Ativo,08/11/2022
3550308-018,2025,SP,SÃO PAULO,3550308,ABREE,PEV fixo,Inativo,03/12/2019
3106200-029,2025,MG,Belo Horizonte,3106200,Green Eletron,PEV fixo,Ativo,10/08/2020
3517000-000,2025,SP,  Getulina ,3517000,Green Eletron,PEV fixo,Ativo,01/09/2021
3171204-000,2025,MG,Vespasiano,3171204,Green Eletron,PEV fixo,Ativo,15/12/2023
3538808-017,2025,SP,Piraju,3538808,Sistema individual,PEV fixo,Ativo,15/01/2020
3123809-000,2025,MG,Engenheiro Navarro,3123809,Green Eletron,PEV fixo,Ativo,05/10/2022
3525854-000,2025,SP,Jumirim,3525854,Green Eletron,PEV fixo,Ativo,08/09/2021
1721000-005,2025,TO,Palmas,1721000,Green Eletron,PEV fixo,Ativo,12/03/2020
3150901-001,2025,MG,Pirangucu,3150901,Green Eletron,PEV fixo,Ativo,23/01/2024
4205407-004,2025,SC,Florianópolis,4205407,ABREE,PEV fixo,Ativo,23/12/2019
3529807-000,2025,SP,Mineiros do Tietê,,ABREE,PEV fixo,Ativo,02/04/2023
5218052-004,2025,GO,Porteirão,5218052,Green Eletron,PEV fixo,Ativo,05/07/2023
4201406-000,2025,SC,  Araranguá ,4201406,Green Eletron,PEV fixo,Ativo,07/06/2023
2111300-013,2025,MA,Sao Luis,2111300,Sistema individual,PEV fixo,Ativo,19/03/2019
3550308-262,2025,SP,Sao Paulo,3550308,ABREE,PEV fixo,Ativo,16/01/2022
2111300-063,2025,MA,SÃO LUÍS,2111300,ABREE,PEV fixo,Ativo,28/05/2021
2408102-003,2025,RN,  Natal ,2408102,ABREE,Ponto de consolidação,Ativo,26/12/2020
1501402-023,2025,PA,Belem,1501402,ABREE,Ponto de consolidação,Ativo,26/05/2022
2107456-000,2025,MA,Olinda Nova do Maranhão,2107456,ABREE,PEV fixo,Ativo,17/12/2021
3142809-000,2025,MG,Monte Alegre de Minas,3142809,Green Eletron,Ponto de consolidação,Ativo,03/08/2020
3120102-000,2025,MG,Couto de Magalhães de Minas,3120102,ABREE,PEV fixo,Ativo,01/03/2021
3301405-008,2025,RJ,CONCEIÇÃO DE MACABU,3301405,ABREE,PEV fixo,Ativo,28/04/2022
3304151-002,2025,RJ,Quissamã,3304151,ABREE,PEV fixo,Inativo,24/04/2021
3304557-112,2025,RJ,Rio de Janeiro,3304557,ABREE,PEV fixo,Ativo,19/08/2021
2515609-001,2025,PB,Serra da Raiz,2515609,ABREE,PEV fixo,Ativo,04/04/2022
2312007-004,2025,CE,Santana do Acarau,2312007,ABREE,PEV fixo,Ativo,02/04/2024
5002704-000,2025,MS,Campo Grande,5002704,ABREE,PEV fixo,Ativo,28/02/2020
3303005-000,2025,RJ,Miracema,3303005,Green Eletron,PEV fixo,Ativo,24/10/2022
4301925-000,2025,RS,BARRA DO RIO AZUL,4301925,ABREE,PEV fixo,Ativo,24/06/2019
4300604-000,2025,RS,ALVORADA,4300604,ABREE,Ponto de consolidação,Inativo,20/03/2023
3541653-000,2025,SP,Quadra,3541653,ABREE,PEV fixo,Ativo,10/07/2020
2704500-000,2025,AL,Maragogi,2704500,Sistema individual,PEV fixo,Ativo,01/07/2019
2103604-000,2025,MA,Coroatá,2103604,ABREE,PEV fixo,Ativo,10/08/2025
4204459-000,2025,SC,Coronel Martins,4204459,Green Eletron,PEV fixo,Ativo,05/07/2024
2901700-000,2025,BA,  Antônio Cardoso ,2901700,ABREE,PEV fixo,Ativo,08/05/2020
3532900-013,2025,SP,Nova Europa,3532900,Sistema individual,Ponto de consolidação,Ativo,13/12/2021
2507309-000,2025,PB,Jacaraú,2507309,ABREE,PEV fixo,Ativo,26/06/2019
2706422-000,2025,AL,PARICONHA,2706422,Green Eletron,PEV fixo,Ativo,22/07/2024
5105507-000,2025,MT,  Vila Bela da Santíssima Trindade ,5105507,ABREE,Campanha itinerante,Ativo,07/03/2023
3550308-107,2025,SP,SÃO PAULO,3550308,Green Eletron,PEV fixo,Ativo,05/06/2020
4314902-087,2025,RS,Porto Alegre,4314902,ABREE,Ponto de consolidação,Ativo,04/10/2021
3550308-061,2025,SP,SÃO PAULO,3550308,Green Eletron,PEV fixo,Ativo,06/08/2019
2933158-000,2025,BA,Várzea Nova,2933158,Green Eletron,Ponto de consolidação,Ativo,10/03/2024
5103403-010,2025,MT,Cuiabá,5103403,ABREE,PEV fixo,Ativo,05/12/2022
4115358-000,2025,PR,Maripa,4115358,Green Eletron,PEV fixo,Ativo,03/02/2022
2409332-000,2025,RN,SANTA MARIA,2409332,ABREE,Campanha itinerante,Ativo,25/01/2025
2800308-003,2025,SE,Aracaju,2800308,Sistema individual,PEV fixo,Ativo,28/03/2019
3526803-003,2025,SP,Lençóis Paulista,3526803,Green Eletron,PEV fixo,Ativo,03/08/2020
2100709-000,2025,MA,Anajatuba,2100709,ABREE,PEV fixo,Ativo,18/05/2019
2610202-003,2025,PE,Panelas,2610202,Green Eletron,PEV fixo,Ativo,18/08/2024
3304557-015,2025,RJ,  Rio de Janeiro ,3304557,ABREE,Campanha itinerante,Ativo,10/07/2020
4128203-000,2025,PR,  União da Vitória ,4128203,Green Eletron,PEV fixo,Ativo,10/11/2024
3106200-267,2025,MG,Belo Horizonte,3106200,ABREE,PEV fixo,Ativo,23/08/2023
2102002-000,2025,MA,Bom Jardim,2102002,Green Eletron,Campanha itinerante,Ativo,10/02/2023
3519105-003,2025,SP,Iacanga,3519105,ABREE,PEV fixo,Ativo,09/07/2025
3114600-001,2025,MG,CARRANCAS,3114600,Green Eletron,Campanha itinerante,Ativo,07/06/2023
2607406-000,2025,PE,ITACURUBA,2607406,Green Eletron,Ponto de consolidação,Ativo,25/07/2020
2102903-000,2025,MA,  Carutapera ,2102903,ABREE,PEV fixo,Ativo,09/07/2024
2411908-000,2025,RN,São Francisco do Oeste,2411908,ABREE,PEV fixo,Ativo,07/08/2020
1701051-000,2025,TO,Angico,1701051,ABREE,PEV fixo,Ativo,17/04/2020
4205456-000,2025,SC,Forquilhinha,4205456,ABREE,PEV fixo,Ativo,17/08/2019
4314902-040,2025,RS,Porto Alegre,4314902,ABREE,PEV fixo,Ativo,24/08/2020
5300108-047,2025,DF,BRASÍLIA,5300108,Green Eletron,PEV fixo,Ativo,26/04/2020
4219309-000,2025,SC,VIDEIRA,4219309,ABREE,PEV fixo,Ativo,04/05/2021
3509452-000,2025,SP,CAMPINA DO MONTE ALEGRE,3509452,ABREE,PEV fixo,Ativo,14/09/2019
3514908-000,2025,SP,ELIAS FAUSTO,3514908,ABREE,PEV fixo,Ativo,14/02/2021
2111300-011,2025,MA,São Luís,2111300,Green Eletron,PEV fixo,Ativo,08/06/2019
5108956-002,2025,MT,Nova Monte Verde,5108956,ABREE,PEV fixo,Ativo,19/06/2021
3507100-003,2025,SP,Bom Jesus dos Perdões,3507100,Sistema individual,PEV fixo,Ativo,25/09/2024
2906873-000,2025,BA,CAPIM GROSSO,2906873,ABREE,Ponto de consolidação,Ativo,28/05/2023
3145000-000,2025,MG,Nova Ponte,3145000,Green Eletron,PEV fixo,Ativo,27/07/2020
3302502-008,2025,RJ,MAGÉ,3302502,Green Eletron,PEV fixo,Ativo,18/04/2023
3543204-000,2025,SP,Ribeirao do Sul,3543204,ABREE,PEV fixo,Ativo,08/10/2021
1304260-007,2025,AM,Uarini,1304260,Sistema individual,PEV fixo,Ativo,02/07/2025
3542602-007,2025,SP,Registro,3542602,Green Eletron,PEV fixo,Ativo,08/05/2023
2304400-095,2025,CE,Fortaleza,2304400,ABREE,Campanha itinerante,Ativo,19/12/2023
3201605-000,2025,ES,Conceição da Barra,3201605,ABREE,PEV fixo,Ativo,12/06/2022
1713700-000,2025,TO,MONTE SANTO DO TOCANTINS,1713700,Green Eletron,PEV fixo,Ativo,04/06/2020
2408102-021,2025,RN,Natal,2408102,ABREE,PEV fixo,Ativo,05/03/2023
2304400-078,2025,CE,Fortaleza,2304400,Green Eletron,PEV fixo,Ativo,19/02/2022
4314902-068,2025,RS,  Porto Alegre ,4314902,Green Eletron,Campanha itinerante,Ativo,12/08/2021
4310207-007,2025,RS,Ijui,4310207,ABREE,PEV fixo,Ativo,16/02/2021
1703883-000,2025,TO,Carmolândia,1703883,ABREE,PEV fixo,Ativo,09/11/2021
5107297-000,2025,MT,  São José do Povo ,5107297,ABREE,PEV fixo,Ativo,02/02/2020
2702900-001,2025,AL,Girau do Ponciano,2702900,Green Eletron,PEV fixo,Ativo,19/07/2024
3304557-122,2025,RJ,RIO DE JANEIRO,3304557,ABREE,PEV fixo,Ativo,26/08/2022
3550308-341,2025,SP,São Paulo,3550308,ABREE,PEV fixo,Ativo,27/08/2023
2304251-009,2025,CE,Cruz,2304251,ABREE,PEV fixo,Ativo,10/01/2022
5219738-000,2025,GO,Santo Antonio de Goias,5219738,ABREE,PEV fixo,Ativo,09/10/2020
3106200-284,2025,MG,Belo Horizonte,3106200,ABREE,PEV fixo,Ativo,27/03/2024
3302502-005,2025,RJ,MAGÉ,3302502,ABREE,Ponto de consolidação,Ativo,11/03/2022
3300100-005,2025,RJ,ANGRA DOS REIS,3300100,Sistema individual,Campanha itinerante,Ativo,19/01/2023
2207850-003,2025,PI,  Pavussu ,2207850,ABREE,PEV fixo,Ativo,22/03/2024
4215075-000,2025,SC,Riqueza,4215075,ABREE,PEV fixo,Ativo,06/06/2020
2111300-040,2025,MA,São Luís,2111300,ABREE,PEV fixo,Ativo,01/11/2020
2211001-018,2025,PI,TERESINA,2211001,ABREE,Campanha itinerante,Ativo,19/03/2022
3146008-000,2025,MG,Ouro Fino,3146008,ABREE,PEV fixo,Ativo,24/01/2019
4303673-000,2025,RS,Campestre da Serra,4303673,ABREE,PEV fixo,Ativo,15/06/2025
2609154-000,2025,PE,Manari,2609154,Green Eletron,PEV fixo,Ativo,11/09/2022
3550308-320,2025,SP,Sao Paulo,3550308,Green Eletron,PEV fixo,Ativo,21/07/2022
2927408-027,2025,BA,Salvador,2927408,ABREE,PEV fixo,Ativo,05/09/2019
2515609-002,2025,PB,Serra da Raiz,2515609,ABREE,PEV fixo,Ativo,10/04/2023
4203204-000,2025,SC,CAMBORIÚ,4203204,Sistema individual,Campanha itinerante,Ativo,01/05/2025
4304705-000,2025,RS,  Carazinho ,4304705,Green Eletron,PEV fixo,Ativo,26/07/2020
3106200-111,2025,MG,BELO HORIZONTE,3106200,ABREE,PEV fixo,Ativo,10/06/2021
2930774-000,2025,BA,Sobradinho,2930774,Green Eletron,Ponto de consolidação,Ativo,17/02/2022
2606200-001,2025,PE,Goiana,2606200,ABREE,PEV fixo,Ativo,19/03/2024
3201605-003,2025,ES,CONCEIÇÃO DA BARRA,3201605,ABREE,PEV fixo,Ativo,24/10/2024
3505203-001,2025,SP,Bariri,,ABREE,Ponto de consolidação,Ativo,05/04/2020
4206801-000,2025,SC,Ibicare,4206801,ABREE,Ponto de consolidação,Ativo,13/04/2020
1700301-000,2025,TO,Aguiarnopolis,1700301,ABREE,PEV fixo,Ativo,02/10/2023
4205407-060,2025,SC,  Florianópolis ,4205407,Green Eletron,PEV fixo,Ativo,16/07/2021
3304557-223,2025,RJ,RIO DE JANEIRO,3304557,ABREE,PEV fixo,Ativo,25/06/2024
3167608-000,2025,MG,SIMONÉSIA,3167608,Green Eletron,PEV fixo,Ativo,01/11/2021
2614709-000,2025,PE,Tacaimbó,2614709,ABREE,Ponto de consolidação,Inativo,01/03/2019
3533601-000,2025,SP,Nuporanga,3533601,Green Eletron,PEV fixo,Ativo,03/11/2021
4314803-000,2025,RS,Portão,4314803,Green Eletron,PEV fixo,Ativo,19/10/2021
3304557-213,2025,RJ,Rio de Janeiro,3304557,ABREE,PEV fixo,Ativo,16/07/2024
3105608-000,2025,MG,Barbacena,3105608,ABREE,PEV fixo,Ativo,10/09/2021
2309904-006,2025,CE,Pacuja,2309904,ABREE,PEV fixo,Ativo,22/12/2022
3530003-000,2025,SP,Mira Estrela,3530003,Green Eletron,PEV fixo,Ativo,22/10/2025
3301504-000,2025,RJ,Cordeiro,3301504,Green Eletron,PEV fixo,Ativo,28/11/2019
3301108-005,2025,RJ,Cantagalo,3301108,Green Eletron,PEV fixo,Ativo,15/01/2020
3164803-000,2025,MG,São Sebastião do Rio Preto,3164803,ABREE,PEV fixo,Ativo,07/08/2021
3532504-003,2025,SP,NEVES PAULISTA,3532504,ABREE,PEV fixo,Ativo,17/03/2021
5105259-000,2025,MT,Lucas do Rio Verde,5105259,ABREE,PEV fixo,Ativo,03/07/2021
4107702-000,2025,PR,Fenix,4107702,ABREE,PEV fixo,Ativo,02/10/2020
4211009-000,2025,SC,MONDAÍ,4211009,ABREE,PEV fixo,Ativo,08/07/2022
5221452-000,2025,GO,TROMBAS,5221452,Green Eletron,PEV fixo,Ativo,25/12/2020
2903409-002,2025,BA,Belmonte,,Green Eletron,PEV fixo,Ativo,23/10/2024
2901908-003,2025,BA,Aporá,2901908,ABREE,PEV fixo,Ativo,24/12/2023
3152600-000,2025,MG,POUSO ALTO,3152600,ABREE,PEV fixo,Ativo,14/12/2025
3106200-219,2025,MG,Belo Horizonte,,Green Eletron,PEV fixo,Ativo,06/12/2022
3106200-236,2025,MG,Belo Horizonte,3106200,Green Eletron,Campanha itinerante,Ativo,14/01/2023
3167400-000,2025,MG,Silvianópolis,3167400,Green Eletron,PEV fixo,Ativo,01/09/2022
2405504-000,2025,RN,Jardim de Angicos,2405504,Sistema individual,Ponto de consolidação,Ativo,26/07/2024
3510807-000,2025,SP,Casa Branca,3510807,ABREE,PEV fixo,Ativo,21/05/2025
3517000-001,2025,SP,Getulina,3517000,ABREE,PEV fixo,Ativo,05/11/2024
1705102-000,2025,TO,Chapada da Natividade,1705102,ABREE,Campanha itinerante,Ativo,14/01/2019
4316733-000,2025,RS,Santa Cecília do Sul,4316733,Green Eletron,Ponto de consolidação,Ativo,22/08/2021
2611606-036,2025,PE,Recife,2611606,ABREE,PEV fixo,Ativo,12/10/2021
2927408-059,2025,BA,SALVADOR,2927408,ABREE,PEV fixo,Ativo,22/12/2020
2202851-000,2025,PI,Coronel José Dias,2202851,ABREE,PEV fixo,Ativo,08/10/2019
2111300-041,2025,MA,São Luís,2111300,ABREE,PEV fixo,Ativo,16/07/2020
3141900-000,2025,MG,  Minduri ,3141900,ABREE,PEV fixo,Ativo,26/09/2019
3106200-002,2025,MG,Belo Horizonte,3106200,ABREE,PEV fixo,Ativo,09/11/2020
3154507-000,2025,MG,Riacho dos Machados,3154507,Green Eletron,PEV fixo,Ativo,07/06/2022
3138674-000,2025,MG,LUISBURGO,3138674,Green Eletron,PEV fixo,Ativo,25/06/2022
2611606-034,2025,PE,RECIFE,2611606,Green Eletron,PEV fixo,Ativo,21/07/2021
2918605-000,2025,BA,Jussiape,2918605,Green Eletron,PEV fixo,Ativo,28/04/2022
2604205-000,2025,PE,Catende,2604205,Green Eletron,PEV fixo,Ativo,21/09/2020
3304557-168,2025,RJ,Rio de Janeiro,3304557,Green Eletron,PEV fixo,Ativo,26/05/2023
3301405-006,2025,RJ,Conceicao de Macabu,3301405,ABREE,PEV fixo,Ativo,10/08/2021
3132206-000,2025,MG,Itaguara,3132206,Green Eletron,PEV fixo,Ativo,04/01/2019
3550308-261,2025,SP,  São Paulo ,3550308,Sistema individual,PEV fixo,Ativo,19/08/2022
3165701-001,2025,MG,Senador Firmino,3165701,Green Eletron,Campanha itinerante,Ativo,13/02/2024
3127339-004,2025,MG,Gameleiras,3127339,ABREE,Ponto de consolidação,Ativo,13/05/2024
3106200-281,2025,MG,Belo Horizonte,3106200,Sistema individual,PEV fixo,Ativo,18/09/2023
5220009-000,2025,GO,Sao Joao d'Alianca,5220009,ABREE,PEV fixo,Ativo,04/11/2024
4322533-000,2025,RS,Vale do Sol,4322533,ABREE,PEV fixo,Ativo,08/10/2021
2927408-070,2025,BA,  Salvador ,,ABREE,Ponto de consolidação,Ativo,18/08/2020
1101484-000,2025,RO,São Felipe D'Oeste,1101484,ABREE,PEV fixo,Ativo,06/06/2019
3549904-003,2025,SP,São José dos Campos,3549904,ABREE,PEV fixo,Ativo,16/08/2021
1302801-000,2025,AM,Maraã,1302801,ABREE,PEV fixo,Ativo,05/09/2020
3106200-248,2025,MG,Belo Horizonte,3106200,Green Eletron,PEV fixo,Ativo,23/12/2023
3106200-262,2025,MG,Belo Horizonte,3106200,ABREE,PEV fixo,Ativo,25/05/2023
2304400-031,2025,CE,Fortaleza,2304400,ABREE,PEV fixo,Ativo,12/06/2020
2924207-000,2025,BA,PEDRO ALEXANDRE,2924207,Green Eletron,PEV fixo,Ativo,27/06/2020
2403806-001,2025,RN,FLORÂNIA,2403806,Green Eletron,Ponto de consolidação,Ativo,15/05/2023
3133501-000,2025,MG,Itapecerica,3133501,ABREE,PEV fixo,Ativo,22/04/2019
3106200-205,2025,MG,BELO HORIZONTE,3106200,Sistema individual,PEV fixo,Ativo,02/09/2022
2306108-000,2025,CE,  Irauçuba ,,ABREE,PEV fixo,Ativo,12/09/2025
3304557-074,2025,RJ,  Rio de Janeiro ,3304557,ABREE,Ponto de consolidação,Ativo,27/02/2021
3536505-000,2025,SP,Paulinia,3536505,ABREE,PEV fixo,Ativo,21/12/2020
4107546-000,2025,PR,Espigão Alto do Iguaçu,4107546,Green Eletron,PEV fixo,Ativo,13/02/2022
3538808-014,2025,SP,Piraju,3538808,ABREE,PEV fixo,Ativo,19/04/2020
3114501-000,2025,MG,CARMÓPOLIS DE MINAS,3114501,ABREE,Ponto de consolidação,Ativo,03/11/2024
3104502-000,2025,MG,Arinos,3104502,ABREE,Ponto de consolidação,Ativo,24/01/2023
3130408-005,2025,MG,Ijaci,3130408,Green Eletron,PEV fixo,Ativo,07/10/2023
2921906-000,2025,BA,MUCUGÊ,2921906,ABREE,PEV fixo,Ativo,13/04/2021
1504059-000,2025,PA,MÃE DO RIO,1504059,ABREE,PEV fixo,Inativo,26/10/2022
3172004-000,2025,MG,VISCONDE DO RIO BRANCO,3172004,Green Eletron,PEV fixo,Ativo,22/10/2019
3304557-166,2025,RJ,  Rio de Janeiro ,3304557,ABREE,PEV fixo,Ativo,25/03/2023
3542602-004,2025,SP,REGISTRO,3542602,Green Eletron,PEV fixo,Ativo,15/10/2021
2112209-000,2025,MA,Timon,2112209,ABREE,PEV fixo,Ativo,25/09/2021
3519501-000,2025,SP,Ibirarema,3519501,ABREE,PEV fixo,Ativo,22/12/2020
2205557-000,2025,PI,  Lagoa Alegre ,2205557,Green Eletron,PEV fixo,Ativo,24/10/2022
5221700-001,2025,GO,URUANA,5221700,Sistema individual,PEV fixo,Ativo,18/11/2025
4313359-000,2025,RS,  Nova Roma do Sul ,4313359,ABREE,PEV fixo,Ativo,15/09/2022
3106804-000,2025,MG,Bias Fortes,3106804,ABREE,PEV fixo,Ativo,19/06/2021
4320206-000,2025,RS,Seberi,4320206,Green Eletron,PEV fixo,Ativo,06/06/2019
5207808-000,2025,GO,Firminópolis,5207808,Green Eletron,PEV fixo,Ativo,20/09/2019
3106200-034,2025,MG,Belo Horizonte,3106200,Green Eletron,Campanha itinerante,Ativo,13/12/2020
5004502-000,2025,MS,Itaporã,5004502,ABREE,Ponto de consolidação,Ativo,09/05/2022
4217105-000,2025,SC,SÃO MARTINHO,4217105,Green Eletron,PEV fixo,Ativo,19/01/2024
2202729-000,2025,PI,Cocal dos Alves,2202729,ABREE,PEV fixo,Ativo,03/06/2024
3304557-078,2025,RJ,RIO DE JANEIRO,3304557,ABREE,Ponto de consolidação,Ativo,11/11/2021
4314902-166,2025,RS,PORTO ALEGRE,4314902,ABREE,Ponto de consolidação,Ativo,27/03/2024
1302603-000,2025,AM,Manaus,1302603,ABREE,Campanha itinerante,Ativo,01/02/2019
5005400-000,2025,MS,Maracaju,5005400,ABREE,PEV fixo,Ativo,27/09/2023
1300029-007,2025,AM,  Alvarães ,1300029,Green Eletron,PEV fixo,Ativo,15/11/2022
2903508-003,2025,BA,Belo Campo,2903508,ABREE,PEV fixo,Ativo,09/06/2022
4205555-000,2025,SC,Frei Rogério,4205555,ABREE,PEV fixo,Ativo,19/02/2024
4314902-080,2025,RS,Porto Alegre,4314902,Green Eletron,PEV fixo,Ativo,11/01/2021
3525607-000,2025,SP,João Ramalho,3525607,Green Eletron,Ponto de consolidação,Ativo,12/02/2019
3301306-005,2025,RJ,Casimiro de Abreu,3301306,ABREE,PEV fixo,Ativo,09/11/2025
4218004-000,2025,SC,TIJUCAS,4218004,ABREE,PEV fixo,Ativo,23/10/2021
3546504-001,2025,SP,Santa Ernestina,3546504,Green Eletron,PEV fixo,Ativo,09/08/2024
4108007-000,2025,PR,FLORESTÓPOLIS,4108007,ABREE,PEV fixo,Ativo,02/05/2023
3304508-015,2025,RJ,RIO DAS FLORES,3304508,ABREE,Ponto de consolidação,Ativo,25/05/2023
3201605-002,2025,ES,  Conceição da Barra ,3201605,ABREE,PEV fixo,Ativo,27/02/2023
4106803-000,2025,PR,Cruz Machado,4106803,ABREE,PEV fixo,Ativo,05/10/2020
3533908-001,2025,SP,Olímpia,3533908,ABREE,PEV fixo,Ativo,10/07/2021
1719004-000,2025,TO,Santa Tereza do Tocantins,,ABREE,PEV fixo,Ativo,05/02/2024
3300308-003,2025,RJ,BARRA DO PIRAÍ,3300308,Sistema individual,PEV fixo,Ativo,22/10/2019
2611606-040,2025,PE,Recife,2611606,Green Eletron,Campanha itinerante,Ativo,19/05/2021
3137304-000,2025,MG,  Lagoa dos Patos ,3137304,ABREE,PEV fixo,Ativo,11/05/2025
4314902-155,2025,RS,Porto Alegre,4314902,ABREE,PEV fixo,Ativo,12/05/2023
4302907-000,2025,RS,CACEQUI,4302907,Green Eletron,Campanha itinerante,Ativo,09/03/2024
4314902-150,2025,RS,PORTO ALEGRE,4314902,Green Eletron,PEV fixo,Ativo,25/05/2023
2304400-060,2025,CE,FORTALEZA,2304400,ABREE,PEV fixo,Ativo,10/10/2021
3510104-000,2025,SP,Cândido Rodrigues,3510104,ABREE,PEV fixo,Ativo,15/07/2022
3305208-000,2025,RJ,São Pedro da Aldeia,3305208,ABREE,PEV fixo,Ativo,20/11/2022
2304400-036,2025,CE,FORTALEZA,2304400,ABREE,PEV fixo,Ativo,20/03/2020
3300456-000,2025,RJ,BELFORD ROXO,3300456,Green Eletron,PEV fixo,Ativo,05/06/2023
4314902-145,2025,RS,Porto Alegre,4314902,ABREE,Ponto de consolidação,Ativo,01/01/2023
3529708-005,2025,SP,Miguelópolis,3529708,Green Eletron,Campanha itinerante,Ativo,19/01/2024
2616183-002,2025,PE,VERTENTE DO LÉRIO,2616183,Sistema individual,PEV fixo,Ativo,08/09/2019
2105922-000,2025,MA,Lagoa do Mato,2105922,Green Eletron,Ponto de consolidação,Ativo,28/08/2019
3522703-005,2025,SP,Itapolis,3522703,Green Eletron,Ponto de consolidação,Ativo,04/04/2023
2205458-000,2025,PI,Joca Marques,,Green Eletron,PEV fixo,Ativo,24/06/2020
4314902-165,2025,RS,Porto Alegre,4314902,ABREE,PEV fixo,Ativo,09/09/2024
3500105-000,2025,SP,Adamantina,3500105,Green Eletron,PEV fixo,Ativo,08/10/2021
3550308-227,2025,SP,São Paulo,3550308,Green Eletron,PEV fixo,Ativo,02/04/2021
2807006-000,2025,SE,São Miguel do Aleixo,2807006,Green Eletron,PEV fixo,Ativo,01/03/2023
2931053-001,2025,BA,Tanque Novo,2931053,Green Eletron,PEV fixo,Ativo,20/11/2024
3304557-188,2025,RJ,Rio de Janeiro,3304557,ABREE,PEV fixo,Ativo,17/05/2023
2109106-000,2025,MA,Presidente Dutra,2109106,ABREE,PEV fixo,Ativo,09/09/2020
3304557-149,2025,RJ,Rio de Janeiro,3304557,ABREE,PEV fixo,Ativo,06/06/2022
2304400-034,2025,CE,FORTALEZA,2304400,Green Eletron,PEV fixo,Ativo,10/10/2020
3550308-253,2025,SP,SÃO PAULO,3550308,Green Eletron,PEV fixo,Ativo,27/08/2022
3106200-275,2025,MG,Belo Horizonte,3106200,ABREE,Campanha itinerante,Ativo,06/04/2023
4120606-000,2025,PR,PRUDENTÓPOLIS,4120606,ABREE,PEV fixo,Ativo,13/08/2022
3304557-175,2025,RJ,Rio de Janeiro,3304557,ABREE,PEV fixo,Ativo,09/07/2023
4217204-000,2025,SC,São Miguel do Oeste,4217204,ABREE,PEV fixo,Ativo,27/06/2023
2903607-000,2025,BA,Biritinga,2903607,ABREE,Ponto de consolidação,Ativo,11/06/2024
3531803-000,2025,SP,MONTE MOR,3531803,Green Eletron,PEV fixo,Ativo,11/02/2020
2616183-010,2025,PE,Vertente do Lério,2616183,Green Eletron,PEV fixo,Ativo,14/07/2022
5300108-077,2025,DF,BRASÍLIA,5300108,Green Eletron,PEV fixo,Ativo,04/06/2022
2514107-000,2025,PB,  São João do Tigre ,2514107,Green Eletron,PEV fixo,Ativo,06/09/2022
3303302-013,2025,RJ,NITERÓI,3303302,ABREE,PEV fixo,Ativo,17/12/2023
5103908-000,2025,MT,GENERAL CARNEIRO,5103908,ABREE,PEV fixo,Ativo,25/08/2020
3550308-351,2025,SP,SÃO PAULO,3550308,Sistema individual,PEV fixo,Ativo,09/04/2023
2401404-000,2025,RN,Baía Formosa,2401404,Green Eletron,PEV fixo,Ativo,05/05/2023
2611606-091,2025,PE,Recife,2611606,Sistema individual,Ponto de consolidação,Ativo,16/04/2023
2915007-000,2025,BA,  Itaeté ,2915007,Green Eletron,PEV fixo,Ativo,01/08/2025
4110805-000,2025,PR,Iretama,4110805,ABREE,PEV fixo,Ativo,14/02/2021
4106902-061,2025,PR,Curitiba,4106902,Green Eletron,Campanha itinerante,Ativo,21/04/2022
3117009-000,2025,MG,  Comercinho ,3117009,ABREE,PEV fixo,Ativo,15/11/2019
3551900-000,2025,SP,Severínia,3551900,Green Eletron,PEV fixo,Ativo,24/11/2021
1501402-013,2025,PA,Belém,1501402,Green Eletron,PEV fixo,Ativo,09/07/2021
1704600-000,2025,TO,Chapada de Areia,1704600,ABREE,Campanha itinerante,Ativo,07/06/2021
2405900-000,2025,RN,  João Dias ,2405900,ABREE,PEV fixo,Ativo,15/03/2019
5107750-000,2025,MT,SALTO DO CÉU,5107750,Green Eletron,PEV fixo,Ativo,02/10/2023
2410801-000,2025,RN,Riacho de Santana,2410801,ABREE,Ponto de consolidação,Ativo,28/03/2020
2304400-072,2025,CE,Fortaleza,2304400,ABREE,PEV fixo,Ativo,13/12/2022
5221197-000,2025,GO,Terezópolis de Goiás,5221197,ABREE,Ponto de consolidação,Ativo,06/04/2020
4302659-001,2025,RS,Brochier,4302659,Green Eletron,PEV fixo,Ativo,24/11/2022
4310207-001,2025,RS,Ijuí,4310207,ABREE,PEV fixo,Ativo,02/07/2020
1300706-007,2025,AM,  Boca do Acre ,1300706,ABREE,PEV fixo,Ativo,06/02/2024
3300100-007,2025,RJ,  Angra dos Reis ,3300100,ABREE,PEV fixo,Ativo,04/08/2024
1303106-000,2025,AM,NOVA OLINDA DO NORTE,1303106,ABREE,Campanha itinerante,Ativo,23/01/2022
3115409-000,2025,MG,CATAS ALTAS DA NORUEGA,3115409,ABREE,PEV fixo,Ativo,06/07/2025
3304557-176,2025,RJ,RIO DE JANEIRO,3304557,Sistema individual,PEV fixo,Inativo,23/07/2023
4120309-000,2025,PR,Porto Vitória,4120309,ABREE,PEV fixo,Ativo,12/01/2024
2111300-032,2025,MA,SÃO LUÍS,2111300,Green Eletron,PEV fixo,Ativo,21/12/2020
5220280-000,2025,GO,Sao Patricio,5220280,Green Eletron,PEV fixo,Ativo,05/02/2023
5300108-090,2025,DF,Brasilia,5300108,ABREE,PEV fixo,Ativo,23/10/2022
3305752-001,2025,RJ,Tanguá,3305752,Green Eletron,Ponto de consolidação,Ativo,12/03/2020
1716604-000,2025,TO,Peixe,1716604,ABREE,Ponto de consolidação,Ativo,10/11/2022
3304557-162,2025,RJ,RIO DE JANEIRO,3304557,Green Eletron,PEV fixo,Ativo,05/12/2023
3304557-042,2025,RJ,  Rio de Janeiro ,3304557,Green Eletron,PEV fixo,Ativo,09/03/2020
5108956-006,2025,MT,Nova Monte Verde,5108956,ABREE,PEV fixo,Ativo,26/09/2023
3106200-242,2025,MG,BELO HORIZONTE,3106200,Sistema individual,PEV fixo,Ativo,27/11/2023
1717503-000,2025,TO,Pium,1717503,ABREE,PEV fixo,Inativo,13/11/2019
5208152-000,2025,GO,Gameleira de Goiás,5208152,Green Eletron,PEV fixo,Ativo,13/01/2019
3305406-002,2025,RJ,Sapucaia,3305406,ABREE,PEV fixo,Ativo,08/02/2020
3169307-004,2025,MG,Três Corações,3169307,Green Eletron,PEV fixo,Ativo,26/12/2022
3515509-000,2025,SP,FERNANDÓPOLIS,3515509,Green Eletron,PEV fixo,Ativo,25/02/2019
2611606-052,2025,PE,RECIFE,2611606,ABREE,PEV fixo,Ativo,05/09/2022
3106200-117,2025,MG,BELO HORIZONTE,3106200,Green Eletron,PEV fixo,Ativo,22/02/2021
5300108-038,2025,DF,Brasília,5300108,Green Eletron,PEV fixo,Ativo,23/02/2020
1505908-000,2025,PA,Porto de Moz,1505908,ABREE,PEV fixo,Ativo,27/01/2023
2924603-001,2025,BA,PINDOBAÇU,2924603,Green Eletron,PEV fixo,Ativo,05/02/2020
2703403-000,2025,AL,Jacare dos Homens,2703403,ABREE,PEV fixo,Ativo,18/12/2024
4310207-003,2025,RS,Ijuí,4310207,Green Eletron,PEV fixo,Ativo,11/03/2020
2304707-001,2025,CE,GRANJA,2304707,ABREE,PEV fixo,Ativo,14/04/2023
2616308-001,2025,PE,Vicencia,2616308,Green Eletron,PEV fixo,Ativo,28/06/2023
3550308-130,2025,SP,SÃO PAULO,3550308,Green Eletron,PEV fixo,Ativo,08/11/2020
4314902-163,2025,RS,Porto Alegre,4314902,Sistema individual,PEV fixo,Ativo,09/10/2024
2610301-000,2025,PE,PARANATAMA,2610301,ABREE,PEV fixo,Ativo,26/03/2020
3123601-000,2025,MG,Elói Mendes,3123601,Green Eletron,PEV fixo,Inativo,14/01/2020
2308500-000,2025,CE,Mombaça,2308500,ABREE,PEV fixo,Ativo,27/01/2019
2210623-001,2025,PI,Sebastião Barros,2210623,ABREE,PEV fixo,Ativo,24/03/2025
3532900-020,2025,SP,Nova Europa,3532900,Green Eletron,PEV fixo,Ativo,21/10/2022
3505302-000,2025,SP,Barra Bonita,3505302,ABREE,PEV fixo,Ativo,22/12/2023
3525201-004,2025,SP,JARINU,3525201,Green Eletron,Campanha itinerante,Ativo,12/10/2020
3550308-325,2025,SP,SÃO PAULO,3550308,Sistema individual,PEV fixo,Ativo,21/08/2023
3106101-000,2025,MG,BELMIRO BRAGA,3106101,Green Eletron,PEV fixo,Ativo,07/12/2025
4216008-000,2025,SC,São Carlos,4216008,Green Eletron,PEV fixo,Ativo,02/07/2019
2800308-024,2025,SE,Aracaju,2800308,ABREE,PEV fixo,Ativo,07/11/2022
4105904-000,2025,PR,COLORADO,4105904,Green Eletron,Ponto de consolidação,Ativo,16/01/2023
3549508-004,2025,SP,SÃO JOSÉ DA BELA VISTA,3549508,ABREE,PEV fixo,Ativo,19/08/2020
3521002-002,2025,SP,IPERÓ,3521002,ABREE,Ponto de consolidação,Ativo,08/04/2025
3106200-164,2025,MG,Belo Horizonte,3106200,ABREE,PEV fixo,Inativo,07/03/2022
2700805-002,2025,AL,Belem,2700805,ABREE,PEV fixo,Ativo,09/05/2022
2611101-000,2025,PE,Petrolina,2611101,Green Eletron,PEV fixo,Ativo,15/11/2020
3555109-011,2025,SP,Tupi Paulista,3555109,Green Eletron,PEV fixo,Ativo,02/10/2022
2310308-000,2025,CE,Parambu,2310308,Green Eletron,PEV fixo,Ativo,21/11/2020
3106200-274,2025,MG,Belo Horizonte,3106200,ABREE,PEV fixo,Ativo,01/12/2023
3550308-035,2025,SP,Sao Paulo,3550308,Sistema individual,PEV fixo,Ativo,25/09/2019
4106902-076,2025,PR,Curitiba,4106902,Sistema individual,Ponto de consolidação,Ativo,25/06/2023
2604809-000,2025,PE,  Cortês ,2604809,Green Eletron,Campanha itinerante,Ativo,01/03/2022
2708709-000,2025,AL,São Miguel dos Milagres,2708709,ABREE,PEV fixo,Ativo,19/03/2021
3538808-005,2025,SP,Piraju,3538808,Sistema individual,PEV fixo,Ativo,02/01/2019
3538600-000,2025,SP,Piracaia,3538600,Green Eletron,PEV fixo,Ativo,28/01/2024
1721000-011,2025,TO,Palmas,1721000,Sistema individual,PEV fixo,Ativo,20/12/2022
3301108-008,2025,RJ,Cantagalo,3301108,Green Eletron,PEV fixo,Ativo,10/12/2020
2304400-093,2025,CE,FORTALEZA,2304400,Green Eletron,PEV fixo,Ativo,07/01/2023
4211801-000,2025,SC,OURO,4211801,Green Eletron,PEV fixo,Ativo,03/12/2023
3305406-003,2025,RJ,SAPUCAIA,3305406,ABREE,PEV fixo,Ativo,21/05/2021
4108502-000,2025,PR,  General Carneiro ,4108502,ABREE,PEV fixo,Ativo,26/03/2023
2304400-019,2025,CE,Fortaleza,2304400,ABREE,Ponto de consolidação,Ativo,28/02/2019
3168002-000,2025,MG,  Taiobeiras ,3168002,ABREE,PEV fixo,Ativo,09/10/2025
2304400-029,2025,CE,FORTALEZA,2304400,Green Eletron,PEV fixo,Ativo,20/02/2019
3106200-214,2025,MG,Belo Horizonte,3106200,ABREE,Ponto de consolidação,Ativo,16/11/2022
2300705-007,2025,CE,ALTO SANTO,2300705,Sistema individual,PEV fixo,Ativo,01/11/2021
2304400-057,2025,CE,Fortaleza,2304400,Green Eletron,PEV fixo,Ativo,20/02/2021
2402105-000,2025,RN,Campo Redondo,2402105,ABREE,PEV fixo,Ativo,25/11/2019
2111300-017,2025,MA,São Luís,2111300,ABREE,PEV fixo,Ativo,09/02/2019
2802809-000,2025,SE,INDIAROBA,2802809,Green Eletron,Ponto de consolidação,Ativo,06/03/2025
3106200-018,2025,MG,Belo Horizonte,3106200,ABREE,PEV fixo,Ativo,24/10/2020
3550308-219,2025,SP,  São Paulo ,3550308,ABREE,Ponto de consolidação,Ativo,18/04/2021
3302106-005,2025,RJ,Itaocara,3302106,ABREE,Campanha itinerante,Ativo,02/09/2022
2611606-094,2025,PE,Recife,2611606,ABREE,PEV fixo,Ativo,21/04/2024
3522505-002,2025,SP,ITAPEVI,3522505,Green Eletron,PEV fixo,Ativo,02/12/2025
1718840-000,2025,TO,SANDOLÂNDIA,1718840,ABREE,PEV fixo,Ativo,05/05/2019
3304557-066,2025,RJ,RIO DE JANEIRO,3304557,ABREE,PEV fixo,Ativo,17/12/2020
5103403-004,2025,MT,Cuiabá,5103403,ABREE,PEV fixo,Ativo,07/08/2020
4111506-000,2025,PR,Ivaiporã,4111506,ABREE,PEV fixo,Ativo,27/03/2020
3304557-209,2025,RJ,Rio de Janeiro,3304557,Green Eletron,PEV fixo,Ativo,01/04/2024
2303808-000,2025,CE,CEDRO,2303808,ABREE,PEV fixo,Ativo,25/06/2019
3541000-000,2025,SP,PRAIA GRANDE,3541000,ABREE,PEV fixo,Ativo,26/10/2022
4121703-000,2025,PR,Reserva,4121703,ABREE,Ponto de consolidação,Ativo,08/01/2024
2508505-001,2025,PB,Livramento,2508505,ABREE,Ponto de consolidação,Ativo,12/08/2024
5213400-000,2025,GO,Moiporá,5213400,Green Eletron,PEV fixo,Ativo,13/06/2024
1100098-000,2025,RO,Espigão D'Oeste,1100098,Green Eletron,PEV fixo,Ativo,14/07/2020
3106200-263,2025,MG,Belo Horizonte,3106200,Green Eletron,PEV fixo,Ativo,12/11/2023
5100250-000,2025,MT,ALTA FLORESTA,5100250,Green Eletron,PEV fixo,Ativo,20/05/2022
4314902-109,2025,RS,Porto Alegre,4314902,ABREE,PEV fixo,Ativo,09/08/2022
2304657-000,2025,CE,GRAÇA,2304657,Green Eletron,PEV fixo,Ativo,16/08/2019
4314902-100,2025,RS,Porto Alegre,4314902,ABREE,PEV fixo,Ativo,16/07/2022
2111300-006,2025,MA,São Luís,2111300,ABREE,PEV fixo,Ativo,18/10/2019
3155603-003,2025,MG,  Rio Pardo de Minas ,3155603,Green Eletron,PEV fixo,Ativo,11/08/2025
3304557-151,2025,RJ,Rio de Janeiro,3304557,ABREE,Campanha itinerante,Ativo,03/06/2022
3550308-143,2025,SP,Sao Paulo,3550308,ABREE,Ponto de consolidação,Ativo,21/02/2020
3550308-200,2025,SP,São Paulo,3550308,Green Eletron,PEV fixo,Ativo,24/02/2021
5101001-000,2025,MT,Araguaiana,5101001,Sistema individual,PEV fixo,Ativo,08/04/2021
3550308-170,2025,SP,São Paulo,3550308,Green Eletron,Ponto de consolidação,Ativo,07/11/2020
2201804-000,2025,PI,BOCAINA,2201804,ABREE,PEV fixo,Ativo,20/08/2025
2304400-001,2025,CE,Fortaleza,2304400,Green Eletron,PEV fixo,Ativo,22/07/2019
3106200-223,2025,MG,Belo Horizonte,3106200,Green Eletron,PEV fixo,Ativo,15/05/2023
3550308-312,2025,SP,São Paulo,3550308,ABREE,PEV fixo,Ativo,19/09/2022
4213401-000,2025,SC,Ponte Serrada,4213401,ABREE,Ponto de consolidação,Ativo,08/04/2023
2806305-000,2025,SE,Santa Luzia do Itanhy,2806305,Green Eletron,PEV fixo,Ativo,14/10/2020
4106902-004,2025,PR,CURITIBA,4106902,Green Eletron,PEV fixo,Ativo,01/12/2020
3202405-000,2025,ES,Guarapari,3202405,Green Eletron,PEV fixo,Ativo,12/08/2020
4308854-000,2025,RS,GENTIL,4308854,ABREE,PEV fixo,Ativo,04/10/2023
1302553-002,2025,AM,Manaquiri,1302553,ABREE,PEV fixo,Ativo,14/04/2024
3106200-099,2025,MG,Belo Horizonte,3106200,Sistema individual,PEV fixo,Ativo,13/09/2021
3302502-010,2025,RJ,Magé,3302502,ABREE,PEV fixo,Ativo,09/12/2024
2304400-046,2025,CE,Fortaleza,2304400,Green Eletron,PEV fixo,Ativo,25/07/2020
3106200-082,2025,MG,Belo Horizonte,3106200,Green Eletron,Ponto de consolidação,Ativo,17/10/2020
2616183-011,2025,PE,VERTENTE DO LÉRIO,2616183,Green Eletron,PEV fixo,Ativo,27/03/2023
3515103-000,2025,SP,Embu-Guaçu,3515103,ABREE,PEV fixo,Ativo,21/11/2021
4311775-000,2025,RS,Maquiné,4311775,ABREE,Campanha itinerante,Ativo,22/10/2023
2909406-000,2025,BA,Cotegipe,2909406,ABREE,Campanha itinerante,Ativo,04/07/2021
1721000-001,2025,TO,Palmas,1721000,ABREE,PEV fixo,Ativo,02/04/2019
2109205-000,2025,MA,PRESIDENTE JUSCELINO,2109205,ABREE,PEV fixo,Ativo,02/02/2024
3557006-004,2025,SP,Votorantim,3557006,ABREE,PEV fixo,Ativo,13/08/2022
2111300-025,2025,MA,SÃO LUÍS,2111300,Green Eletron,PEV fixo,Ativo,06/11/2019
2112605-000,2025,MA,Urbano Santos,2112605,Green Eletron,PEV fixo,Ativo,12/01/2022
4107850-000,2025,PR,Flor da Serra do Sul,4107850,ABREE,PEV fixo,Ativo,12/07/2019
5107040-000,2025,MT,Primavera do Leste,5107040,ABREE,PEV fixo,Ativo,02/05/2020
3552502-002,2025,SP,Suzano,3552502,ABREE,PEV fixo,Ativo,05/07/2024
4308508-000,2025,RS,Frederico Westphalen,4308508,Green Eletron,PEV fixo,Ativo,26/07/2025
4310504-000,2025,RS,IRAÍ,4310504,Green Eletron,PEV fixo,Ativo,28/09/2022
4105409-000,2025,PR,  Chopinzinho ,4105409,ABREE,PEV fixo,Ativo,07/09/2025
2921500-000,2025,BA,Monte Santo,2921500,ABREE,PEV fixo,Ativo,25/09/2019
3304201-006,2025,RJ,RESENDE,3304201,ABREE,PEV fixo,Ativo,21/11/2025
3105707-000,2025,MG,Barra Longa,3105707,ABREE,PEV fixo,Ativo,01/05/2022
4104451-000,2025,PR,Cantagalo,,ABREE,PEV fixo,Ativo,08/02/2020
4106209-000,2025,PR,CONTENDA,4106209,ABREE,PEV fixo,Ativo,15/07/2022
3507704-000,2025,SP,Braúna,3507704,ABREE,PEV fixo,Ativo,28/01/2023
3542008-000,2025,SP,Quintana,3542008,Sistema individual,PEV fixo,Ativo,19/01/2025
5200902-000,2025,GO,AMORINÓPOLIS,5200902,Green Eletron,PEV fixo,Ativo,25/05/2019
3106200-261,2025,MG,Belo Horizonte,3106200,ABREE,PEV fixo,Ativo,20/12/2023
4205407-020,2025,SC,Florianópolis,4205407,Sistema individual,Campanha itinerante,Ativo,09/08/2019
2916203-000,2025,BA,Itape,2916203,Green Eletron,PEV fixo,Ativo,13/05/2020
3532306-005,2025,SP,Natividade da Serra,3532306,Sistema individual,PEV fixo,Ativo,14/06/2021
3106200-253,2025,MG,Belo Horizonte,3106200,Green Eletron,PEV fixo,Ativo,05/08/2023
2908200-000,2025,BA,CONCEIÇÃO DA FEIRA,2908200,Green Eletron,Ponto de consolidação,Ativo,06/01/2020
3164001-000,2025,MG,SÃO PEDRO DOS FERROS,3164001,ABREE,Ponto de consolidação,Ativo,06/03/2022
2615102-006,2025,PE,  Terezinha ,2615102,Sistema individual,PEV fixo,Ativo,06/05/2022
4211876-004,2025,SC,  Paial ,4211876,ABREE,PEV fixo,Ativo,22/09/2023
1300680-003,2025,AM,Boa Vista do Ramos,1300680,Green Eletron,PEV fixo,Ativo,07/06/2025
3550308-291,2025,SP,SÃO PAULO,3550308,ABREE,Campanha itinerante,Ativo,21/02/2022
3304755-000,2025,RJ,SÃO FRANCISCO DE ITABAPOANA,3304755,Green Eletron,PEV fixo,Ativo,06/07/2021
3111309-000,2025,MG,Campo do Meio,3111309,ABREE,PEV fixo,Inativo,02/01/2023
5106265-000,2025,MT,Novo Mundo,5106265,ABREE,PEV fixo,Ativo,28/10/2021
3545506-000,2025,SP,Sandovalina,,Green Eletron,Campanha itinerante,Ativo,25/03/2019
4314902-104,2025,RS,PORTO ALEGRE,4314902,ABREE,PEV fixo,Ativo,22/09/2022
3544251-004,2025,SP,Rosana,3544251,Green Eletron,PEV fixo,Ativo,17/11/2025
3301306-000,2025,RJ,Casimiro de Abreu,3301306,Green Eletron,PEV fixo,Ativo,12/05/2022
2801900-000,2025,SE,Cumbe,2801900,Sistema individual,PEV fixo,Ativo,09/06/2021
3139607-000,2025,MG,Mantena,3139607,ABREE,PEV fixo,Ativo,23/04/2024
3529708-003,2025,SP,Miguelópolis,3529708,Green Eletron,PEV fixo,Ativo,19/11/2022
5103403-008,2025,MT,Cuiabá,5103403,Green Eletron,PEV fixo,Ativo,06/06/2021
4102307-000,2025,PR,Balsa Nova,4102307,ABREE,PEV fixo,Ativo,11/06/2019
1500602-000,2025,PA,  Altamira ,1500602,Green Eletron,Campanha itinerante,Ativo,17/08/2021
3514809-000,2025,SP,ELDORADO,3514809,ABREE,PEV fixo,Ativo,20/01/2020
3136579-001,2025,MG,JOSENÓPOLIS,3136579,Green Eletron,PEV fixo,Ativo,03/02/2020
4314902-108,2025,RS,PORTO ALEGRE,4314902,Green Eletron,PEV fixo,Inativo,01/09/2022
2913705-000,2025,BA,Inhambupe,2913705,ABREE,PEV fixo,Ativo,23/04/2020
4312385-000,2025,RS,Monte Belo do Sul,4312385,Sistema individual,PEV fixo,Ativo,06/03/2020
3160207-006,2025,MG,Santo Antônio do Itambé,3160207,ABREE,Campanha itinerante,Ativo,12/12/2021
3550308-089,2025,SP,SÃO PAULO,3550308,Green Eletron,PEV fixo,Ativo,25/10/2019
4112959-000,2025,PR,Juranda,4112959,Green Eletron,PEV fixo,Ativo,08/04/2020
3116902-000,2025,MG,COMENDADOR GOMES,3116902,ABREE,PEV fixo,Ativo,21/10/2022
4205407-085,2025,SC,Florianópolis,4205407,Green Eletron,PEV fixo,Ativo,24/11/2023
3550308-336,2025,SP,São Paulo,3550308,ABREE,Ponto de consolidação,Ativo,10/03/2023
3526704-000,2025,SP,LEME,3526704,Green Eletron,PEV fixo,Ativo,22/11/2019
2304400-003,2025,CE,Fortaleza,2304400,ABREE,PEV fixo,Ativo,24/09/2019
2704302-003,2025,AL,MACEIÓ,2704302,Sistema individual,Ponto de consolidação,Ativo,07/09/2020
3550308-145,2025,SP,SÃO PAULO,3550308,ABREE,PEV fixo,Ativo,01/07/2020
3106200-004,2025,MG,BELO HORIZONTE,3106200,Green Eletron,PEV fixo,Ativo,24/12/2020
4211207-001,2025,SC,Morro da Fumaça,4211207,Green Eletron,Campanha itinerante,Ativo,21/04/2025
3303302-009,2025,RJ,Niteroi,3303302,Green Eletron,Ponto de consolidação,Ativo,01/01/2022
3305505-000,2025,RJ,Saquarema,3305505,Sistema individual,PEV fixo,Ativo,14/07/2021
2206902-000,2025,PI,NOVO ORIENTE DO PIAUÍ,2206902,Green Eletron,PEV fixo,Ativo,09/01/2022
3111804-000,2025,MG,CANÁPOLIS,3111804,ABREE,PEV fixo,Ativo,20/07/2025
2927408-010,2025,BA,Salvador,,Green Eletron,PEV fixo,Ativo,07/03/2019
2602902-005,2025,PE,CABO DE SANTO AGOSTINHO,2602902,Green Eletron,PEV fixo,Ativo,21/09/2021
2927408-002,2025,BA,Salvador,2927408,ABREE,PEV fixo,Ativo,25/12/2019
2202604-000,2025,PI,Castelo do Piauí,2202604,Green Eletron,PEV fixo,Ativo,14/12/2022
4126801-000,2025,PR,TAPEJARA,4126801,ABREE,PEV fixo,Ativo,27/07/2023
3550803-000,2025,SP,SÃO SEBASTIÃO DA GRAMA,3550803,ABREE,PEV fixo,Ativo,23/10/2024
2414803-001,2025,RN,Vera Cruz,2414803,ABREE,PEV fixo,Ativo,03/06/2023
2927408-092,2025,BA,Salvador,2927408,Green Eletron,PEV fixo,Ativo,24/07/2021
3304557-096,2025,RJ,RIO DE JANEIRO,3304557,ABREE,PEV fixo,Ativo,26/11/2021
2304400-087,2025,CE,Fortaleza,2304400,Green Eletron,Campanha itinerante,Ativo,11/05/2022
2304400-000,2025,CE,Fortaleza,2304400,ABREE,PEV fixo,Ativo,13/07/2019
3525201-009,2025,SP,Jarinu,3525201,ABREE,PEV fixo,Ativo,18/06/2022
3151404-000,2025,MG,Pitangui,3151404,ABREE,PEV fixo,Ativo,19/03/2023
3550308-267,2025,SP,São Paulo,3550308,ABREE,PEV fixo,Ativo,06/11/2022
3507407-000,2025,SP,BORBOREMA,3507407,Green Eletron,PEV fixo,Ativo,09/01/2021
3524402-002,2025,SP,JACAREÍ,3524402,ABREE,PEV fixo,Ativo,02/08/2021
2302305-006,2025,CE,Bela Cruz,2302305,Green Eletron,PEV fixo,Ativo,15/01/2025
4317509-000,2025,RS,Santo Angelo,4317509,Green Eletron,PEV fixo,Ativo,09/12/2024
2210375-000,2025,PI,São Luis do Piauí,2210375,ABREE,PEV fixo,Ativo,08/07/2022
3163706-000,2025,MG,São Lourenço,3163706,ABREE,PEV fixo,Ativo,27/05/2025
5300108-020,2025,DF,Brasília,5300108,ABREE,PEV fixo,Ativo,25/06/2019
2704302-010,2025,AL,Maceio,2704302,ABREE,PEV fixo,Ativo,25/04/2023
2926202-000,2025,BA,Riachão das Neves,2926202,Sistema individual,Campanha itinerante,Ativo,14/04/2019
2401602-000,2025,RN,  Bento Fernandes ,2401602,ABREE,Ponto de consolidação,Ativo,02/04/2023
3550308-108,2025,SP,São Paulo,3550308,Green Eletron,PEV fixo,Ativo,08/02/2020
3150505-000,2025,MG,Pimenta,3150505,ABREE,PEV fixo,Ativo,06/12/2021
3106200-087,2025,MG,Belo Horizonte,3106200,Sistema individual,Campanha itinerante,Ativo,10/04/2020
2927408-083,2025,BA,Salvador,2927408,ABREE,PEV fixo,Ativo,03/08/2021
4110607-000,2025,PR,IPORÃ,4110607,Sistema individual,PEV fixo,Ativo,02/02/2025
5006275-000,2025,MS,PARAÍSO DAS ÁGUAS,5006275,Green Eletron,PEV fixo,Ativo,28/12/2019
2211001-005,2025,PI,Teresina,2211001,Green Eletron,PEV fixo,Ativo,02/07/2019
3553302-004,2025,SP,Tambaú,3553302,Green Eletron,PEV fixo,Ativo,22/04/2025
2205706-000,2025,PI,Luís Correia,2205706,ABREE,Ponto de consolidação,Ativo,22/10/2020
4127403-000,2025,PR,Terra Roxa,4127403,ABREE,PEV fixo,Ativo,06/06/2022
5006002-000,2025,MS,Nova Alvorada do Sul,5006002,ABREE,PEV fixo,Ativo,23/01/2024
1303502-000,2025,AM,Pauini,1303502,ABREE,PEV fixo,Ativo,15/06/2023
3106200-197,2025,MG,Belo Horizonte,3106200,Green Eletron,Campanha itinerante,Ativo,03/01/2022
4314902-042,2025,RS,Porto Alegre,4314902,Sistema individual,Campanha itinerante,Ativo,13/03/2020
3544905-000,2025,SP,Sales Oliveira,3544905,Sistema individual,PEV fixo,Ativo,07/01/2023
1507151-002,2025,PA,Sao Domingos do Araguaia,1507151,ABREE,Campanha itinerante,Ativo,26/02/2020
4305454-000,2025,RS,  Cidreira ,4305454,ABREE,PEV fixo,Ativo,01/02/2020
5007695-000,2025,MS,São Gabriel do Oeste,5007695,ABREE,Campanha itinerante,Ativo,09/03/2020
3150158-000,2025,MG,Piedade de Caratinga,3150158,ABREE,PEV fixo,Ativo,26/05/2019
1500107-001,2025,PA,Abaetetuba,1500107,ABREE,PEV fixo,Ativo,14/09/2024
3140209-000,2025,MG,Maripá de Minas,3140209,ABREE,PEV fixo,Ativo,18/02/2023
2202000-000,2025,PI,Buriti dos Lopes,2202000,ABREE,PEV fixo,Ativo,05/02/2021
3101631-001,2025,MG,Alfredo Vasconcelos,3101631,Sistema individual,PEV fixo,Ativo,01/03/2022
4122107-000,2025,PR,Rio Bom,4122107,Green Eletron,PEV fixo,Ativo,25/01/2020
2305407-000,2025,CE,ICÓ,2305407,Green Eletron,PEV fixo,Ativo,08/02/2022
2103901-000,2025,MA,DUQUE BACELAR,2103901,Sistema individual,PEV fixo,Ativo,18/02/2021
4312674-000,2025,RS,Nicolau Vergueiro,4312674,ABREE,PEV fixo,Ativo,18/04/2020
5300108-095,2025,DF,Brasilia,5300108,Green Eletron,PEV fixo,Ativo,11/06/2023
3530102-003,2025,SP,Mirandopolis,3530102,ABREE,PEV fixo,Ativo,08/07/2021
3544103-002,2025,SP,RIO GRANDE DA SERRA,3544103,Sistema individual,PEV fixo,Ativo,05/04/2024
4314902-002,2025,RS,Porto Alegre,4314902,Green Eletron,PEV fixo,Ativo,11/04/2020
2210383-000,2025,PI,São Miguel da Baixa Grande,2210383,Green Eletron,Campanha itinerante,Ativo,08/01/2023
3534005-000,2025,SP,ONDA VERDE,3534005,ABREE,PEV fixo,Ativo,24/10/2024
2614303-000,2025,PE,Moreilândia,2614303,ABREE,PEV fixo,Ativo,09/08/2019
2205250-000,2025,PI,Jardim do Mulato,2205250,Green Eletron,Ponto de consolidação,Ativo,06/04/2022
3301405-004,2025,RJ,Conceicao de Macabu,,ABREE,PEV fixo,Ativo,24/07/2020
2927408-121,2025,BA,SALVADOR,2927408,ABREE,PEV fixo,Ativo,19/07/2022
2101970-000,2025,MA,Boa Vista do Gurupi,2101970,Green Eletron,PEV fixo,Ativo,20/03/2024
2604502-000,2025,PE,Chã Grande,2604502,Green Eletron,PEV fixo,Ativo,12/09/2021
4121307-000,2025,PR,RANCHO ALEGRE,4121307,Green Eletron,PEV fixo,Ativo,28/11/2023
3201605-005,2025,ES,Conceição da Barra,3201605,Green Eletron,PEV fixo,Ativo,22/08/2025
2111300-047,2025,MA,Sao Luis,2111300,Green Eletron,PEV fixo,Ativo,14/08/2020
3123528-004,2025,MG,Durande,3123528,ABREE,Ponto de consolidação,Ativo,04/09/2022
4304309-000,2025,RS,CÂNDIDO GODÓI,4304309,ABREE,PEV fixo,Ativo,25/07/2022
2304400-083,2025,CE,Fortaleza,2304400,ABREE,PEV fixo,Ativo,05/12/2022
4205407-000,2025,SC,Florianópolis,4205407,ABREE,PEV fixo,Ativo,19/05/2019
1100205-013,2025,RO,  Porto Velho ,1100205,Green Eletron,Campanha itinerante,Ativo,13/04/2024
1501600-000,2025,PA,Bonito,1501600,ABREE,Ponto de consolidação,Ativo,10/07/2020
3102209-000,2025,MG,  Alvarenga ,3102209,ABREE,PEV fixo,Ativo,19/07/2022
4121802-000,2025,PR,Ribeirão Claro,4121802,ABREE,PEV fixo,Ativo,05/03/2020
4319901-000,2025,RS,Sapiranga,4319901,Sistema individual,PEV fixo,Ativo,22/06/2019
3304557-071,2025,RJ,  Rio de Janeiro ,3304557,ABREE,Ponto de consolidação,Ativo,09/05/2021
4310439-000,2025,RS,  Ipê ,4310439,ABREE,PEV fixo,Ativo,04/01/2019
3541059-000,2025,SP,Pratânia,3541059,ABREE,PEV fixo,Ativo,21/04/2019
1100205-002,2025,RO,Porto Velho,1100205,ABREE,PEV fixo,Ativo,06/11/2020
2616183-004,2025,PE,Vertente do Lério,2616183,Sistema individual,PEV fixo,Ativo,27/05/2020
3546009-008,2025,SP,Santa Branca,3546009,ABREE,PEV fixo,Ativo,10/07/2023
3304557-119,2025,RJ,Rio de Janeiro,3304557,Green Eletron,PEV fixo,Ativo,04/10/2022
3119104-000,2025,MG,CORINTO,3119104,ABREE,PEV fixo,Ativo,21/11/2024
2605152-000,2025,PE,DORMENTES,2605152,Green Eletron,PEV fixo,Ativo,24/06/2021
2111300-051,2025,MA,São Luís,2111300,Green Eletron,Campanha itinerante,Ativo,28/01/2020
3302700-012,2025,RJ,Maricá,3302700,ABREE,PEV fixo,Ativo,23/12/2021
3509601-000,2025,SP,Campo Limpo Paulista,3509601,ABREE,PEV fixo,Ativo,28/06/2024
2101939-000,2025,MA,BERNARDO DO MEARIM,2101939,ABREE,PEV fixo,Ativo,14/08/2019
2111300-102,2025,MA,Sao Luis,2111300,Green Eletron,Campanha itinerante,Ativo,08/12/2023
2704302-004,2025,AL,Maceio,2704302,ABREE,Ponto de consolidação,Ativo,06/07/2021
1200401-000,2025,AC,Rio Branco,1200401,Green Eletron,PEV fixo,Ativo,21/06/2019
2307106-000,2025,CE,Jardim,,Sistema individual,PEV fixo,Ativo,11/06/2020
4102604-000,2025,PR,Barracão,4102604,ABREE,PEV fixo,Ativo,06/08/2022
2910107-000,2025,BA,DOM BASÍLIO,2910107,ABREE,PEV fixo,Ativo,12/04/2019
2106326-001,2025,MA,Maracacume,2106326,ABREE,PEV fixo,Ativo,10/08/2024
3304557-027,2025,RJ,Rio de Janeiro,3304557,Green Eletron,PEV fixo,Ativo,14/04/2020
2106102-000,2025,MA,Loreto,2106102,Green Eletron,PEV fixo,Ativo,10/03/2019
2515609-004,2025,PB,Serra da Raiz,2515609,Green Eletron,PEV fixo,Ativo,03/08/2025
4318465-000,2025,RS,Sao Jose do Herval,4318465,Green Eletron,PEV fixo,Ativo,18/06/2025
5300108-089,2025,DF,Brasília,5300108,Sistema individual,PEV fixo,Ativo,15/06/2022
2611606-064,2025,PE,Recife,2611606,Green Eletron,Campanha itinerante,Ativo,19/07/2022
4106902-017,2025,PR,Curitiba,4106902,ABREE,Campanha itinerante,Ativo,03/01/2020
3555901-000,2025,SP,  Uru ,3555901,ABREE,PEV fixo,Ativo,21/06/2024
3519105-002,2025,SP,Iacanga,3519105,ABREE,PEV fixo,Ativo,16/01/2024
1720101-000,2025,TO,SÃO BENTO DO TOCANTINS,1720101,Green Eletron,PEV fixo,Ativo,16/05/2022
1400100-001,2025,RR,BOA VISTA,1400100,Green Eletron,PEV fixo,Ativo,21/04/2022
4114609-000,2025,PR,Marechal Cândido Rondon,4114609,ABREE,PEV fixo,Ativo,15/04/2021
2927408-036,2025,BA,SALVADOR,2927408,ABREE,Campanha itinerante,Inativo,22/06/2019
3301157-000,2025,RJ,Cardoso Moreira,3301157,ABREE,PEV fixo,Ativo,28/08/2019
3146602-000,2025,MG,Paiva,3146602,ABREE,PEV fixo,Ativo,16/11/2023
3135050-000,2025,MG,Jaíba,3135050,Green Eletron,PEV fixo,Ativo,21/01/2022
2709004-000,2025,AL,Tanque d'Arca,2709004,Sistema individual,PEV fixo,Ativo,26/11/2019
3106200-300,2025,MG,Belo Horizonte,3106200,ABREE,PEV fixo,Ativo,14/12/2024
5108501-000,2025,MT,Vera,5108501,ABREE,PEV fixo,Ativo,04/08/2019
1100080-001,2025,RO,COSTA MARQUES,1100080,Green Eletron,PEV fixo,Ativo,01/07/2025
4319000-000,2025,RS,Sao Marcos,4319000,Green Eletron,PEV fixo,Ativo,08/06/2021
3106200-150,2025,MG,Belo Horizonte,3106200,ABREE,PEV fixo,Ativo,27/07/2021
3533254-001,2025,SP,Novais,3533254,Green Eletron,PEV fixo,Ativo,09/09/2023
4106902-015,2025,PR,CURITIBA,4106902,Green Eletron,PEV fixo,Ativo,02/07/2020
2300705-003,2025,CE,Alto Santo,2300705,Green Eletron,PEV fixo,Ativo,03/11/2020
5208103-000,2025,GO,Formoso,5208103,Green Eletron,PEV fixo,Ativo,09/05/2020
1200401-005,2025,AC,RIO BRANCO,1200401,Green Eletron,PEV fixo,Ativo,23/05/2022
5300108-071,2025,DF,Brasília,5300108,ABREE,PEV fixo,Ativo,17/11/2021
3123528-000,2025,MG,Durandé,3123528,ABREE,PEV fixo,Ativo,05/09/2020
3551306-004,2025,SP,Sebastianopolis do Sul,3551306,Sistema individual,PEV fixo,Ativo,16/02/2021
3550308-218,2025,SP,São Paulo,3550308,Green Eletron,PEV fixo,Ativo,01/10/2021
3552809-000,2025,SP,Taboão da Serra,3552809,Green Eletron,PEV fixo,Ativo,21/05/2022
4205407-077,2025,SC,Florianópolis,4205407,ABREE,PEV fixo,Ativo,14/02/2022
3549953-000,2025,SP,SÃO LOURENÇO DA SERRA,3549953,Green Eletron,Ponto de consolidação,Ativo,23/01/2022
3158904-000,2025,MG,Santana do Manhuaçu,3158904,Green Eletron,PEV fixo,Ativo,28/09/2019
3158607-000,2025,MG,SANTANA DO DESERTO,3158607,Green Eletron,PEV fixo,Ativo,06/11/2023
3304144-001,2025,RJ,  Queimados ,3304144,Green Eletron,PEV fixo,Ativo,02/09/2020
2927408-075,2025,BA,Salvador,2927408,ABREE,PEV fixo,Ativo,14/08/2021
3106200-272,2025,MG,BELO HORIZONTE,3106200,Green Eletron,PEV fixo,Ativo,21/12/2023
3532603-004,2025,SP,NHANDEARA,3532603,Sistema individual,PEV fixo,Ativo,28/12/2024
2701357-000,2025,AL,CAMPESTRE,2701357,ABREE,PEV fixo,Ativo,15/07/2020
2402709-000,2025,RN,Cerro Corá,2402709,Green Eletron,PEV fixo,Ativo,03/01/2022
2927408-102,2025,BA,SALVADOR,2927408,Green Eletron,PEV fixo,Ativo,07/10/2022
3500808-000,2025,SP,Alfredo Marcondes,3500808,ABREE,PEV fixo,Ativo,18/10/2022
3302858-003,2025,RJ,Mesquita,3302858,Green Eletron,PEV fixo,Ativo,12/02/2023
3550308-185,2025,SP,São Paulo,3550308,Green Eletron,PEV fixo,Ativo,18/07/2021
4309555-000,2025,RS,HARMONIA,,Green Eletron,PEV fixo,Ativo,19/04/2023
3171501-000,2025,MG,Mathias Lobato,3171501,Green Eletron,PEV fixo,Ativo,13/11/2020
1501402-004,2025,PA,Belém,1501402,Green Eletron,PEV fixo,Ativo,02/04/2020
2927408-063,2025,BA,  Salvador ,2927408,Green Eletron,PEV fixo,Ativo,15/09/2020
3115458-000,2025,MG,Catuji,3115458,Green Eletron,PEV fixo,Ativo,28/09/2025
4219150-000,2025,SC,Vargem,4219150,ABREE,Campanha itinerante,Ativo,23/05/2023
2908903-000,2025,BA,CORAÇÃO DE MARIA,2908903,Green Eletron,PEV fixo,Ativo,03/12/2024
4304630-000,2025,RS,CAPÃO DA CANOA,4304630,ABREE,PEV fixo,Ativo,17/11/2022
3167202-004,2025,MG,Sete Lagoas,3167202,ABREE,PEV fixo,Ativo,14/11/2024
3304557-211,2025,RJ,Rio de Janeiro,3304557,Green Eletron,Campanha itinerante,Ativo,27/03/2024
3550308-250,2025,SP,Sao Paulo,3550308,ABREE,Campanha itinerante,Ativo,14/06/2021
2205565-000,2025,PI,LAGOA DO BARRO DO PIAUÍ,2205565,Sistema individual,PEV fixo,Ativo,23/11/2023
3127206-000,2025,MG,FUNILÂNDIA,3127206,Sistema individual,PEV fixo,Ativo,01/10/2021
2920809-000,2025,BA,Marcionílio Souza,2920809,Sistema individual,PEV fixo,Ativo,28/09/2019
3532801-000,2025,SP,Nova Aliança,3532801,Sistema individual,PEV fixo,Ativo,15/11/2022
3304557-159,2025,RJ,Rio de Janeiro,3304557,Green Eletron,Ponto de consolidação,Ativo,25/08/2023
2706307-000,2025,AL,Palmeira dos Indios,2706307,ABREE,PEV fixo,Ativo,02/08/2024
4106902-033,2025,PR,Curitiba,4106902,Green Eletron,PEV fixo,Ativo,24/08/2021
2927408-009,2025,BA,Salvador,2927408,ABREE,PEV fixo,Ativo,02/07/2019
3146107-000,2025,MG,Ouro Preto,3146107,Green Eletron,PEV fixo,Ativo,18/04/2020
3106200-134,2025,MG,Belo Horizonte,3106200,Green Eletron,PEV fixo,Ativo,17/10/2021
3536604-000,2025,SP,PAULO DE FARIA,3536604,Green Eletron,PEV fixo,Ativo,10/04/2024
2610103-000,2025,PE,Palmeirina,2610103,Green Eletron,PEV fixo,Ativo,26/08/2021
4315073-000,2025,RS,Porto Vera Cruz,4315073,ABREE,PEV fixo,Ativo,05/10/2024
4219101-000,2025,SC,Vargeão,4219101,Green Eletron,PEV fixo,Ativo,11/02/2019
2111052-000,2025,MA,Sao Joao do Paraiso,2111052,Green Eletron,PEV fixo,Ativo,10/05/2023
3123528-008,2025,MG,Durandé,3123528,Green Eletron,PEV fixo,Ativo,12/03/2024
2408102-005,2025,RN,  Natal ,2408102,Green Eletron,PEV fixo,Ativo,19/09/2020
3303302-012,2025,RJ,  Niterói ,3303302,Sistema individual,PEV fixo,Ativo,13/04/2023
3106200-285,2025,MG,Belo Horizonte,3106200,Green Eletron,PEV fixo,Ativo,15/04/2024
4116604-000,2025,PR,Nova América da Colina,4116604,Sistema individual,PEV fixo,Ativo,15/03/2024
4116307-000,2025,PR,Munhoz de Melo,4116307,Green Eletron,PEV fixo,Ativo,06/03/2019
3106200-089,2025,MG,Belo Horizonte,3106200,Sistema individual,PEV fixo,Ativo,19/10/2020
3550308-354,2025,SP,São Paulo,3550308,ABREE,PEV fixo,Ativo,28/04/2023
2804102-000,2025,SE,Moita Bonita,2804102,Green Eletron,Campanha itinerante,Ativo,27/07/2022
2100436-000,2025,MA,ALTO ALEGRE DO MARANHÃO,2100436,ABREE,PEV fixo,Ativo,08/04/2024
2304400-068,2025,CE,Fortaleza,2304400,ABREE,PEV fixo,Ativo,27/06/2021
3532009-004,2025,SP,Morungaba,3532009,Green Eletron,PEV fixo,Ativo,01/12/2019
2615805-000,2025,PE,TUPANATINGA,2615805,ABREE,PEV fixo,Ativo,07/09/2021
3202405-002,2025,ES,Guarapari,3202405,ABREE,PEV fixo,Ativo,05/02/2024
2602605-001,2025,PE,Brejo da Madre de Deus,2602605,ABREE,PEV fixo,Ativo,27/06/2023
3550308-014,2025,SP,Sao Paulo,3550308,Green Eletron,PEV fixo,Ativo,22/11/2019
3127057-000,2025,MG,Fronteira dos Vales,3127057,Green Eletron,PEV fixo,Ativo,09/09/2025
5107107-000,2025,MT,São José dos Quatro Marcos,5107107,Sistema individual,PEV fixo,Ativo,22/03/2020
4210407-000,2025,SC,MARACAJÁ,4210407,Green Eletron,PEV fixo,Ativo,07/04/2019
4312658-001,2025,RS,Não-Me-Toque,4312658,ABREE,PEV fixo,Ativo,03/12/2022
4314902-071,2025,RS,PORTO ALEGRE,4314902,ABREE,PEV fixo,Ativo,07/09/2021
4205407-016,2025,SC,Florianópolis,4205407,ABREE,PEV fixo,Ativo,07/05/2019
3106200-246,2025,MG,Belo Horizonte,3106200,ABREE,PEV fixo,Ativo,21/07/2023
2927408-091,2025,BA,SALVADOR,2927408,ABREE,PEV fixo,Ativo,16/08/2021
4301958-000,2025,RS,BARRA FUNDA,4301958,Green Eletron,PEV fixo,Ativo,15/08/2022
2932002-000,2025,BA,Uaua,2932002,Green Eletron,PEV fixo,Ativo,20/10/2020
3527801-003,2025,SP,Lupércio,3527801,ABREE,PEV fixo,Ativo,09/05/2022
3155603-002,2025,MG,Rio Pardo de Minas,,Green Eletron,PEV fixo,Ativo,24/01/2023
3300605-002,2025,RJ,  Bom Jesus do Itabapoana ,3300605,Green Eletron,PEV fixo,Ativo,28/07/2023
2406205-000,2025,RN,Lagoa d'Anta,2406205,ABREE,PEV fixo,Ativo,23/02/2021
3111309-001,2025,MG,Campo do Meio,3111309,ABREE,PEV fixo,Ativo,14/05/2025
2103158-000,2025,MA,Centro do Guilherme,2103158,ABREE,Ponto de consolidação,Ativo,24/05/2022
2806602-000,2025,SE,SANTO AMARO DAS BROTAS,2806602,Green Eletron,PEV fixo,Ativo,23/01/2025
3301108-023,2025,RJ,Cantagalo,3301108,Green Eletron,Ponto de consolidação,Ativo,22/04/2023
4209151-000,2025,SC,José Boiteux,4209151,Green Eletron,PEV fixo,Ativo,16/01/2020
2203255-000,2025,PI,Curralinhos,2203255,ABREE,PEV fixo,Ativo,09/09/2023
3106200-289,2025,MG,BELO HORIZONTE,3106200,ABREE,PEV fixo,Ativo,09/05/2024
5222302-000,2025,GO,  Vila Propício ,5222302,ABREE,PEV fixo,Ativo,02/04/2019
4209805-001,2025,SC,Leoberto Leal,4209805,ABREE,PEV fixo,Ativo,21/06/2022
2610202-002,2025,PE,PANELAS,2610202,Green Eletron,PEV fixo,Ativo,17/07/2023
2105807-000,2025,MA,Lago do Junco,2105807,ABREE,PEV fixo,Ativo,10/07/2025
1300029-001,2025,AM,Alvarães,1300029,Green Eletron,PEV fixo,Ativo,28/02/2019
3170438-001,2025,MG,União de Minas,3170438,ABREE,Ponto de consolidação,Ativo,28/08/2025
2413706-000,2025,RN,Sítio Novo,2413706,Green Eletron,Campanha itinerante,Ativo,20/07/2020
3102407-001,2025,MG,Alvorada de Minas,3102407,Green Eletron,Ponto de consolidação,Ativo,14/09/2025
2111300-031,2025,MA,São Luís,2111300,ABREE,Ponto de consolidação,Ativo,06/12/2019
3550308-072,2025,SP,São Paulo,3550308,Green Eletron,PEV fixo,Ativo,23/03/2019
3553955-006,2025,SP,Tarumã,3553955,ABREE,Campanha itinerante,Ativo,18/10/2025
3550308-322,2025,SP,São Paulo,3550308,Green Eletron,PEV fixo,Ativo,27/10/2023
5218052-002,2025,GO,Porteirão,5218052,Green Eletron,PEV fixo,Ativo,03/06/2021
5300108-007,2025,DF,Brasilia,5300108,Green Eletron,Campanha itinerante,Ativo,08/11/2019
3304557-055,2025,RJ,Rio de Janeiro,3304557,ABREE,PEV fixo,Ativo,16/01/2020
2508000-000,2025,PB,Juru,2508000,ABREE,PEV fixo,Ativo,24/02/2020
2901908-001,2025,BA,Aporá,2901908,ABREE,PEV fixo,Ativo,18/08/2021
3127339-002,2025,MG,  Gameleiras ,3127339,Green Eletron,PEV fixo,Ativo,05/03/2022
4201505-000,2025,SC,ARMAZÉM,4201505,Sistema individual,PEV fixo,Ativo,12/04/2020
2309458-000,2025,CE,Ocara,2309458,ABREE,PEV fixo,Ativo,07/03/2024
2930766-000,2025,BA,Sítio do Quinto,2930766,Sistema individual,PEV fixo,Ativo,28/10/2019
5105101-000,2025,MT,Juara,5105101,ABREE,PEV fixo,Ativo,11/03/2025
3106200-199,2025,MG,Belo Horizonte,3106200,Green Eletron,PEV fixo,Inativo,28/01/2022
5300108-000,2025,DF,Brasília,5300108,ABREE,PEV fixo,Ativo,25/09/2019
3304557-080,2025,RJ,Rio de Janeiro,3304557,Green Eletron,Ponto de consolidação,Ativo,28/06/2021
3304557-140,2025,RJ,Rio de Janeiro,3304557,Green Eletron,PEV fixo,Ativo,09/02/2022
4314902-082,2025,RS,PORTO ALEGRE,4314902,ABREE,PEV fixo,Ativo,22/08/2021
2408102-013,2025,RN,Natal,2408102,Green Eletron,PEV fixo,Ativo,06/01/2021
4205407-086,2025,SC,FLORIANÓPOLIS,4205407,Green Eletron,PEV fixo,Ativo,03/02/2023
2203800-000,2025,PI,Flores do Piauí,2203800,ABREE,PEV fixo,Ativo,23/10/2023
3550308-161,2025,SP,SÃO PAULO,,Green Eletron,PEV fixo,Ativo,26/01/2020
2204501-000,2025,PI,Guadalupe,2204501,Green Eletron,PEV fixo,Ativo,18/03/2022
3162922-000,2025,MG,São Joaquim de Bicas,3162922,ABREE,PEV fixo,Ativo,28/04/2022
3106200-175,2025,MG,Belo Horizonte,3106200,Green Eletron,PEV fixo,Ativo,19/04/2022
4302402-000,2025,RS,  Bom Retiro do Sul ,4302402,Green Eletron,Campanha itinerante,Ativo,19/06/2019
4314902-033,2025,RS,Porto Alegre,4314902,ABREE,PEV fixo,Ativo,24/05/2020
3522505-001,2025,SP,  Itapevi ,3522505,Green Eletron,PEV fixo,Ativo,28/04/2023
1200013-000,2025,AC,Acrelândia,1200013,ABREE,PEV fixo,Ativo,02/10/2021
4106902-088,2025,PR,Curitiba,4106902,ABREE,PEV fixo,Ativo,15/03/2024
4200101-000,2025,SC,ABELARDO LUZ,4200101,Green Eletron,PEV fixo,Ativo,12/08/2023
4127858-001,2025,PR,Três Barras do Paraná,4127858,Green Eletron,PEV fixo,Ativo,10/01/2024
2412005-002,2025,RN,SÃO GONÇALO DO AMARANTE,2412005,Green Eletron,PEV fixo,Ativo,13/10/2024
3550308-276,2025,SP,São Paulo,3550308,Green Eletron,PEV fixo,Ativo,16/10/2022
3129608-000,2025,MG,IBIAÍ,3129608,Green Eletron,Ponto de consolidação,Ativo,18/10/2020
2610301-001,2025,PE,Paranatama,2610301,Green Eletron,PEV fixo,Ativo,06/09/2020
2507507-003,2025,PB,JOÃO PESSOA,2507507,Green Eletron,Ponto de consolidação,Ativo,23/11/2019
2407203-000,2025,RN,Macau,2407203,ABREE,PEV fixo,Ativo,16/08/2019
3550308-264,2025,SP,São Paulo,3550308,ABREE,PEV fixo,Ativo,23/09/2022
4200705-000,2025,SC,  Alfredo Wagner ,4200705,Green Eletron,PEV fixo,Ativo,02/09/2020
1400308-000,2025,RR,Mucajaí,1400308,ABREE,Campanha itinerante,Ativo,07/10/2024
2111300-056,2025,MA,São Luís,2111300,Green Eletron,PEV fixo,Ativo,08/12/2021
3550308-066,2025,SP,São Paulo,3550308,ABREE,PEV fixo,Ativo,22/02/2019
3548302-000,2025,SP,Santo Expedito,3548302,Green Eletron,PEV fixo,Ativo,04/01/2023
3106200-286,2025,MG,Belo Horizonte,3106200,Green Eletron,PEV fixo,Ativo,03/06/2024
3506607-000,2025,SP,  Biritiba-Mirim ,3506607,Green Eletron,PEV fixo,Ativo,05/10/2025
2202505-000,2025,PI,  Caracol ,2202505,Green Eletron,Campanha itinerante,Ativo,02/06/2023
3524402-004,2025,SP,Jacareí,3524402,Green Eletron,PEV fixo,Ativo,14/08/2023
3152709-000,2025,MG,Prados,3152709,ABREE,PEV fixo,Ativo,20/02/2024
2305654-000,2025,CE,Ipaporanga,2305654,Green Eletron,PEV fixo,Ativo,13/07/2020
3305752-010,2025,RJ,Tanguá,3305752,Green Eletron,PEV fixo,Ativo,03/06/2024
4315800-000,2025,RS,Roca Sales,4315800,ABREE,PEV fixo,Ativo,20/03/2019
3551504-000,2025,SP,SERRANA,3551504,Green Eletron,PEV fixo,Ativo,18/01/2019
1504000-001,2025,PA,Limoeiro do Ajuru,1504000,ABREE,PEV fixo,Ativo,14/12/2025
3169307-003,2025,MG,TRÊS CORAÇÕES,3169307,ABREE,PEV fixo,Ativo,08/07/2021
1505601-000,2025,PA,Peixe-Boi,1505601,ABREE,PEV fixo,Ativo,02/04/2021
4313102-000,2025,RS,Nova Palma,4313102,ABREE,PEV fixo,Ativo,06/04/2023
2611606-088,2025,PE,RECIFE,2611606,Green Eletron,PEV fixo,Ativo,24/07/2023
3300308-005,2025,RJ,Barra do Piraí,3300308,Green Eletron,PEV fixo,Ativo,06/07/2020
1100205-006,2025,RO,PORTO VELHO,1100205,ABREE,PEV fixo,Ativo,28/10/2021
3106200-101,2025,MG,Belo Horizonte,3106200,Green Eletron,PEV fixo,Ativo,24/09/2021
1508001-004,2025,PA,Tome-Acu,,Green Eletron,PEV fixo,Ativo,11/10/2025
2300606-000,2025,CE,Altaneira,2300606,Green Eletron,PEV fixo,Ativo,10/10/2021
4314902-015,2025,RS,Porto Alegre,4314902,ABREE,PEV fixo,Ativo,25/12/2020
4215356-002,2025,SC,SALTINHO,4215356,ABREE,PEV fixo,Ativo,03/06/2023
3544202-000,2025,SP,Riolândia,3544202,ABREE,Ponto de consolidação,Ativo,06/05/2022
3304557-184,2025,RJ,RIO DE JANEIRO,3304557,Green Eletron,PEV fixo,Ativo,20/12/2023
2108900-001,2025,MA,POÇÃO DE PEDRAS,2108900,ABREE,Campanha itinerante,Ativo,02/01/2025
1508357-002,2025,PA,Vitória do Xingu,1508357,ABREE,Campanha itinerante,Ativo,10/04/2025
4207502-000,2025,SC,Indaial,4207502,ABREE,Campanha itinerante,Ativo,04/07/2020
4106902-057,2025,PR,CURITIBA,4106902,ABREE,PEV fixo,Ativo,16/04/2022
3205309-004,2025,ES,Vitoria,3205309,Green Eletron,PEV fixo,Ativo,20/04/2020
2408102-006,2025,RN,NATAL,2408102,Green Eletron,PEV fixo,Ativo,26/11/2020
2604809-002,2025,PE,Cortês,2604809,Green Eletron,PEV fixo,Ativo,10/12/2025
5208707-007,2025,GO,GOIÂNIA,5208707,Green Eletron,PEV fixo,Ativo,22/08/2020
3522000-000,2025,SP,Itaju,3522000,Green Eletron,PEV fixo,Ativo,13/04/2021
3509908-000,2025,SP,Cananéia,3509908,ABREE,PEV fixo,Ativo,26/04/2024
2905503-002,2025,BA,CALDEIRÃO GRANDE,2905503,Green Eletron,PEV fixo,Ativo,17/02/2021
3106200-210,2025,MG,BELO HORIZONTE,3106200,ABREE,PEV fixo,Ativo,22/07/2022
3302403-009,2025,RJ,Macaé,3302403,Green Eletron,PEV fixo,Ativo,20/08/2021
1503093-000,2025,PA,GOIANÉSIA DO PARÁ,1503093,Green Eletron,Ponto de consolidação,Ativo,18/11/2020
4123006-000,2025,PR,Salto do Lontra,4123006,Green Eletron,PEV fixo,Ativo,01/01/2019
3547403-001,2025,SP,Santa Rita d'Oeste,3547403,Green Eletron,Ponto de consolidação,Ativo,17/06/2022
4316105-000,2025,RS,Ronda Alta,4316105,ABREE,PEV fixo,Ativo,08/12/2023
4308201-000,2025,RS,  Flores da Cunha ,4308201,ABREE,PEV fixo,Ativo,07/07/2021
3106200-227,2025,MG,Belo Horizonte,3106200,ABREE,PEV fixo,Ativo,19/12/2023
2511707-000,2025,PB,Pilõezinhos,2511707,Green Eletron,PEV fixo,Ativo,06/07/2020
1600402-000,2025,AP,Mazagão,1600402,ABREE,PEV fixo,Ativo,24/02/2019
2927408-066,2025,BA,Salvador,2927408,ABREE,PEV fixo,Ativo,16/02/2020
2927408-115,2025,BA,Salvador,2927408,Sistema individual,PEV fixo,Ativo,02/01/2022
3544004-001,2025,SP,Rio das Pedras,3544004,Green Eletron,PEV fixo,Ativo,18/03/2020
3508306-007,2025,SP,Cabrália Paulista,3508306,ABREE,PEV fixo,Ativo,01/01/2023
3525706-000,2025,SP,José Bonifácio,3525706,ABREE,PEV fixo,Ativo,20/11/2023
5002704-011,2025,MS,Campo Grande,5002704,ABREE,PEV fixo,Ativo,21/09/2023
2209302-000,2025,PI,  Santa Luz ,2209302,ABREE,PEV fixo,Ativo,02/10/2019
3508405-003,2025,SP,Cabreúva,3508405,ABREE,PEV fixo,Ativo,25/11/2024
3149804-000,2025,MG,Perdizes,3149804,Sistema individual,PEV fixo,Ativo,03/01/2023
4306700-001,2025,RS,  Dona Francisca ,4306700,ABREE,Campanha itinerante,Ativo,12/04/2023
2613602-000,2025,PE,Sao Jose do Egito,2613602,ABREE,PEV fixo,Ativo,08/04/2021
2112605-001,2025,MA,Urbano Santos,2112605,ABREE,PEV fixo,Ativo,07/01/2023
3302700-008,2025,RJ,  Maricá ,3302700,ABREE,PEV fixo,Ativo,05/04/2020
1301605-000,2025,AM,FONTE BOA,1301605,ABREE,PEV fixo,Ativo,16/04/2025
3539202-000,2025,SP,Pirapozinho,3539202,ABREE,Campanha itinerante,Ativo,02/07/2023
5300108-004,2025,DF,BRASÍLIA,5300108,ABREE,PEV fixo,Ativo,03/02/2019
3522703-006,2025,SP,Itápolis,3522703,Green Eletron,PEV fixo,Ativo,23/01/2024
2111300-024,2025,MA,São Luís,2111300,Green Eletron,PEV fixo,Ativo,07/01/2019
3305307-001,2025,RJ,São Sebastião do Alto,3305307,Green Eletron,PEV fixo,Ativo,07/06/2019
3304557-179,2025,RJ,Rio de Janeiro,3304557,Green Eletron,PEV fixo,Ativo,24/12/2023
2931301-000,2025,BA,TAPIRAMUTÁ,2931301,ABREE,PEV fixo,Ativo,19/05/2022
3106200-039,2025,MG,Belo Horizonte,3106200,Green Eletron,PEV fixo,Ativo,01/10/2020
3302403-005,2025,RJ,MACAÉ,3302403,Green Eletron,PEV fixo,Ativo,12/05/2020
2306009-001,2025,CE,IRACEMA,2306009,Green Eletron,Campanha itinerante,Ativo,20/03/2023
2927408-097,2025,BA,Salvador,2927408,Green Eletron,PEV fixo,Ativo,14/05/2021
3106200-110,2025,MG,BELO HORIZONTE,3106200,ABREE,PEV fixo,Ativo,13/04/2021
3550308-094,2025,SP,SÃO PAULO,3550308,ABREE,PEV fixo,Ativo,19/08/2019
3162575-000,2025,MG,Sao Joao do Manteninha,3162575,Green Eletron,PEV fixo,Ativo,01/07/2021
3519402-001,2025,SP,IBIRÁ,3519402,ABREE,PEV fixo,Ativo,20/02/2025
4303004-000,2025,RS,Cachoeira do Sul,4303004,Green Eletron,PEV fixo,Ativo,22/04/2025
5300108-049,2025,DF,Brasilia,5300108,ABREE,PEV fixo,Ativo,08/09/2020
1300706-004,2025,AM,Boca do Acre,1300706,Sistema individual,PEV fixo,Ativo,02/01/2022
2927408-132,2025,BA,Salvador,2927408,ABREE,Campanha itinerante,Inativo,28/02/2023
5219100-000,2025,GO,SANTA BÁRBARA DE GOIÁS,5219100,ABREE,PEV fixo,Ativo,10/03/2022
2927408-032,2025,BA,Salvador,2927408,Green Eletron,PEV fixo,Ativo,06/09/2019
2111300-069,2025,MA,SÃO LUÍS,2111300,ABREE,PEV fixo,Ativo,14/09/2021
1301951-001,2025,AM,Itamarati,1301951,ABREE,PEV fixo,Ativo,21/07/2020
4308433-000,2025,RS,FORQUETINHA,4308433,Sistema individual,PEV fixo,Ativo,25/08/2019
3519808-000,2025,SP,Icém,3519808,Sistema individual,PEV fixo,Ativo,25/03/2025
2111300-028,2025,MA,São Luís,2111300,Green Eletron,PEV fixo,Ativo,26/04/2019
2311207-005,2025,CE,Potengi,2311207,Green Eletron,PEV fixo,Ativo,06/03/2025
4323309-000,2025,RS,Vila Flores,4323309,ABREE,PEV fixo,Ativo,20/06/2021
3525201-011,2025,SP,Jarinu,3525201,ABREE,Campanha itinerante,Ativo,02/08/2023
1508001-002,2025,PA,  Tomé-Açu ,1508001,Green Eletron,PEV fixo,Ativo,05/06/2023
2611606-029,2025,PE,  Recife ,2611606,ABREE,PEV fixo,Ativo,23/02/2020
3304557-135,2025,RJ,  Rio de Janeiro ,,ABREE,PEV fixo,Inativo,06/02/2022
3538808-019,2025,SP,Piraju,3538808,Sistema individual,Ponto de consolidação,Ativo,21/09/2021
2515104-000,2025,PB,  São Sebastião de Lagoa de Roça ,2515104,Green Eletron,PEV fixo,Ativo,21/03/2022
1304260-006,2025,AM,Uarini,1304260,ABREE,PEV fixo,Ativo,04/06/2024
3301876-005,2025,RJ,Iguaba Grande,3301876,Green Eletron,PEV fixo,Ativo,10/04/2021
3538105-000,2025,SP,Pindorama,3538105,ABREE,PEV fixo,Ativo,14/10/2023
3546702-001,2025,SP,Santa Gertrudes,3546702,Sistema individual,PEV fixo,Ativo,05/07/2023
3512506-001,2025,SP,Coroados,3512506,Sistema individual,Ponto de consolidação,Ativo,23/12/2023
5102702-000,2025,MT,Canarana,5102702,ABREE,PEV fixo,Ativo,19/09/2022
2803708-000,2025,SE,  Macambira ,2803708,ABREE,Ponto de consolidação,Ativo,23/01/2020
2912103-000,2025,BA,IBICARAÍ,2912103,ABREE,PEV fixo,Inativo,20/01/2023
3122108-000,2025,MG,DIVINO DAS LARANJEIRAS,3122108,ABREE,PEV fixo,Ativo,11/03/2024
2304400-009,2025,CE,Fortaleza,2304400,Green Eletron,PEV fixo,Ativo,27/10/2019
2908606-000,2025,BA,  Conde ,2908606,ABREE,PEV fixo,Ativo,05/10/2023
1302603-003,2025,AM,MANAUS,1302603,Green Eletron,PEV fixo,Ativo,12/11/2019
3553807-001,2025,SP,Taquarituba,3553807,ABREE,PEV fixo,Ativo,18/05/2022
3106200-161,2025,MG,BELO HORIZONTE,3106200,ABREE,PEV fixo,Ativo,18/12/2022
5201454-000,2025,GO,APARECIDA DO RIO DOCE,5201454,ABREE,PEV fixo,Ativo,28/03/2022
2112209-001,2025,MA,Timon,2112209,ABREE,PEV fixo,Ativo,01/04/2021
2305506-000,2025,CE,Iguatu,,Green Eletron,PEV fixo,Ativo,03/01/2023
3549706-009,2025,SP,São José do Rio Pardo,3549706,ABREE,PEV fixo,Ativo,18/03/2025
1506138-000,2025,PA,Redenção,1506138,Green Eletron,PEV fixo,Ativo,01/06/2023
3106200-185,2025,MG,Belo Horizonte,3106200,Green Eletron,PEV fixo,Ativo,25/03/2022
2304400-055,2025,CE,Fortaleza,2304400,ABREE,PEV fixo,Ativo,09/06/2021
3106200-048,2025,MG,  Belo Horizonte ,3106200,Green Eletron,Campanha itinerante,Ativo,15/11/2020
2205532-000,2025,PI,Jurema,2205532,Green Eletron,PEV fixo,Inativo,09/09/2023
2606606-000,2025,PE,  Ibimirim ,2606606,Green Eletron,PEV fixo,Ativo,08/08/2025
2927408-123,2025,BA,Salvador,,ABREE,PEV fixo,Ativo,08/07/2022
3549706-005,2025,SP,São José do Rio Pardo,3549706,ABREE,PEV fixo,Ativo,20/10/2023
3145307-000,2025,MG,NOVO CRUZEIRO,,ABREE,PEV fixo,Ativo,26/05/2024
3539301-001,2025,SP,Pirassununga,3539301,ABREE,PEV fixo,Ativo,09/05/2021
4323002-000,2025,RS,VIAMÃO,4323002,ABREE,PEV fixo,Ativo,09/10/2019
3106200-127,2025,MG,BELO HORIZONTE,3106200,ABREE,PEV fixo,Ativo,25/07/2021
2304459-000,2025,CE,Fortim,2304459,ABREE,Ponto de consolidação,Ativo,07/04/2023
3106200-190,2025,MG,Belo Horizonte,3106200,Green Eletron,Ponto de consolidação,Ativo,25/05/2022
3106200-133,2025,MG,BELO HORIZONTE,3106200,ABREE,PEV fixo,Ativo,13/04/2021
2207777-001,2025,PI,PATOS DO PIAUÍ,2207777,ABREE,PEV fixo,Ativo,04/01/2025
3305752-009,2025,RJ,  Tanguá ,3305752,ABREE,PEV fixo,Ativo,13/09/2023
3304557-016,2025,RJ,RIO DE JANEIRO,3304557,ABREE,Campanha itinerante,Ativo,19/11/2020
4106902-029,2025,PR,CURITIBA,4106902,ABREE,PEV fixo,Ativo,15/10/2021
3535804-000,2025,SP,  Paranapanema ,3535804,ABREE,PEV fixo,Ativo,27/12/2020
4314902-169,2025,RS,Porto Alegre,4314902,ABREE,Ponto de consolidação,Ativo,20/02/2024
2301406-000,2025,CE,Aratuba,2301406,Green Eletron,Ponto de consolidação,Ativo,22/10/2021
3550308-113,2025,SP,SÃO PAULO,3550308,ABREE,PEV fixo,Ativo,22/01/2020
4314704-000,2025,RS,Planalto,4314704,ABREE,Campanha itinerante,Ativo,28/01/2023
1600501-000,2025,AP,Oiapoque,1600501,Green Eletron,PEV fixo,Ativo,12/11/2020
4306007-000,2025,RS,Crissiumal,4306007,Green Eletron,PEV fixo,Ativo,23/12/2019
4314902-146,2025,RS,  Porto Alegre ,4314902,ABREE,PEV fixo,Ativo,21/11/2023
3551900-003,2025,SP,SEVERÍNIA,3551900,ABREE,PEV fixo,Ativo,14/11/2023
4307559-000,2025,RS,ESTAÇÃO,4307559,ABREE,PEV fixo,Ativo,27/02/2020
2611606-003,2025,PE,Recife,2611606,ABREE,Campanha itinerante,Ativo,21/06/2020
3302700-018,2025,RJ,Marica,3302700,ABREE,PEV fixo,Ativo,10/02/2023
4319307-000,2025,RS,SÃO PAULO DAS MISSÕES,,ABREE,PEV fixo,Ativo,18/02/2020
2203701-000,2025,PI,Esperantina,2203701,Green Eletron,PEV fixo,Inativo,19/01/2019
2309904-004,2025,CE,Pacuja,2309904,ABREE,PEV fixo,Ativo,01/01/2021
3544103-000,2025,SP,RIO GRANDE DA SERRA,3544103,ABREE,PEV fixo,Ativo,09/06/2021
4310207-004,2025,RS,Ijuí,4310207,Green Eletron,PEV fixo,Ativo,10/11/2020
4309100-000,2025,RS,GRAMADO,4309100,Green Eletron,PEV fixo,Ativo,06/12/2021
2513604-000,2025,PB,SANTANA DOS GARROTES,2513604,ABREE,PEV fixo,Ativo,01/04/2022
2611606-080,2025,PE,Recife,2611606,Green Eletron,PEV fixo,Ativo,13/01/2023
5208707-023,2025,GO,Goiânia,5208707,ABREE,PEV fixo,Ativo,10/12/2023
3512001-004,2025,SP,COLINA,3512001,Green Eletron,PEV fixo,Ativo,11/02/2023
3550308-179,2025,SP,São Paulo,3550308,Green Eletron,PEV fixo,Ativo,08/02/2021
2302107-006,2025,CE,Baturité,2302107,Green Eletron,Ponto de consolidação,Ativo,08/11/2022
5203575-000,2025,GO,BONÓPOLIS,5203575,ABREE,PEV fixo,Ativo,28/07/2022
5208707-002,2025,GO,  Goiânia ,5208707,Green Eletron,PEV fixo,Ativo,07/03/2019
5213053-000,2025,GO,Mimoso de Goiás,5213053,Sistema individual,PEV fixo,Ativo,26/11/2023
5208707-012,2025,GO,Goiânia,5208707,ABREE,PEV fixo,Ativo,17/08/2021
3119302-000,2025,MG,Coromandel,3119302,ABREE,Ponto de consolidação,Ativo,07/02/2023
2304400-066,2025,CE,Fortaleza,2304400,ABREE,PEV fixo,Ativo,27/10/2021
4314902-138,2025,RS,  Porto Alegre ,4314902,ABREE,PEV fixo,Ativo,26/03/2023
5210802-001,2025,GO,Itaja,5210802,ABREE,PEV fixo,Ativo,13/04/2025
3106200-138,2025,MG,  Belo Horizonte ,3106200,Green Eletron,PEV fixo,Ativo,08/02/2021
3106200-306,2025,MG,  Belo Horizonte ,3106200,Sistema individual,PEV fixo,Ativo,22/05/2024
4312708-000,2025,RS,NONOAI,4312708,Green Eletron,PEV fixo,Ativo,13/04/2019
2313807-000,2025,CE,Uruburetama,2313807,ABREE,PEV fixo,Ativo,26/09/2021
3550308-258,2025,SP,São Paulo,3550308,ABREE,PEV fixo,Ativo,03/11/2022
2924504-000,2025,BA,Pindaí,2924504,Green Eletron,PEV fixo,Ativo,14/10/2023
3303302-014,2025,RJ,NITERÓI,3303302,Green Eletron,PEV fixo,Ativo,14/02/2023
3525201-005,2025,SP,Jarinu,3525201,ABREE,PEV fixo,Ativo,09/05/2021
4306106-000,2025,RS,Cruz Alta,,ABREE,PEV fixo,Ativo,07/10/2019
3153004-000,2025,MG,Pratinha,3153004,ABREE,PEV fixo,Ativo,03/04/2022
2613909-000,2025,PE,Serra Talhada,2613909,Green Eletron,PEV fixo,Ativo,21/11/2023
5208707-005,2025,GO,GOIÂNIA,5208707,ABREE,PEV fixo,Ativo,12/01/2019
2708204-000,2025,AL,São Brás,2708204,ABREE,PEV fixo,Ativo,09/10/2021
3550308-156,2025,SP,São Paulo,3550308,Green Eletron,PEV fixo,Ativo,13/12/2020
3555109-017,2025,SP,  Tupi Paulista ,3555109,Green Eletron,PEV fixo,Ativo,28/11/2023
3162450-000,2025,MG,  São João das Missões ,3162450,Green Eletron,PEV fixo,Ativo,19/05/2021
2111300-012,2025,MA,São Luís,2111300,ABREE,PEV fixo,Ativo,26/04/2019
2300606-001,2025,CE,Altaneira,2300606,ABREE,PEV fixo,Ativo,04/02/2021
4120101-000,2025,PR,PORTO AMAZONAS,4120101,Sistema individual,PEV fixo,Ativo,18/04/2023
2111300-067,2025,MA,São Luís,2111300,ABREE,PEV fixo,Ativo,02/01/2021
4206652-000,2025,SC,Guatambú,4206652,ABREE,PEV fixo,Ativo,02/10/2020
2905701-000,2025,BA,CAMAÇARI,2905701,ABREE,PEV fixo,Ativo,11/10/2023
2304400-097,2025,CE,Fortaleza,2304400,ABREE,Campanha itinerante,Ativo,07/09/2023
4218806-000,2025,SC,Turvo,4218806,Green Eletron,PEV fixo,Ativo,23/01/2025
2304400-016,2025,CE,  Fortaleza ,2304400,Green Eletron,PEV fixo,Ativo,01/02/2019
4127601-000,2025,PR,Tijucas do Sul,4127601,Green Eletron,PEV fixo,Ativo,11/02/2020
2111300-085,2025,MA,São Luís,2111300,ABREE,Campanha itinerante,Ativo,06/03/2022
3119807-000,2025,MG,Córrego Danta,3119807,ABREE,PEV fixo,Ativo,02/12/2019
3113909-000,2025,MG,Carmo da Cachoeira,3113909,Sistema individual,PEV fixo,Ativo,26/02/2025
3301108-014,2025,RJ,Cantagalo,3301108,Green Eletron,PEV fixo,Ativo,15/06/2021
3525409-000,2025,SP,JERIQUARA,3525409,Green Eletron,PEV fixo,Ativo,02/02/2019
2304400-033,2025,CE,FORTALEZA,2304400,Green Eletron,PEV fixo,Ativo,15/01/2020
4303301-002,2025,RS,Caibaté,4303301,ABREE,PEV fixo,Ativo,12/02/2024
5208707-010,2025,GO,Goiania,5208707,Sistema individual,Ponto de consolidação,Ativo,02/07/2020
3304201-001,2025,RJ,Resende,3304201,ABREE,PEV fixo,Ativo,17/02/2021
5104500-001,2025,MT,Indiavaí,5104500,Green Eletron,PEV fixo,Ativo,11/09/2022
2304400-062,2025,CE,FORTALEZA,2304400,Green Eletron,PEV fixo,Ativo,25/07/2021
5300108-057,2025,DF,BRASÍLIA,5300108,ABREE,PEV fixo,Ativo,03/06/2021
3550308-209,2025,SP,São Paulo,3550308,ABREE,PEV fixo,Ativo,08/07/2021
2927408-073,2025,BA,Salvador,2927408,Green Eletron,PEV fixo,Ativo,04/10/2021
5217609-000,2025,GO,Planaltina,5217609,ABREE,PEV fixo,Ativo,20/04/2024
4317806-000,2025,RS,Santo Augusto,4317806,ABREE,PEV fixo,Ativo,12/11/2020
2210979-000,2025,PI,  Tanque do Piauí ,2210979,ABREE,Campanha itinerante,Ativo,27/11/2020
4203402-000,2025,SC,Campo Belo do Sul,4203402,Green Eletron,PEV fixo,Ativo,05/06/2022
3304508-013,2025,RJ,Rio das Flores,3304508,Green Eletron,Ponto de consolidação,Ativo,16/03/2023
2611606-069,2025,PE,Recife,2611606,ABREE,PEV fixo,Ativo,18/12/2022
4205407-003,2025,SC,Florianópolis,4205407,Green Eletron,PEV fixo,Ativo,09/04/2019
3517703-001,2025,SP,Guará,3517703,ABREE,PEV fixo,Ativo,06/03/2020
3538808-029,2025,SP,Piraju,3538808,Green Eletron,PEV fixo,Ativo,26/07/2022
3304557-075,2025,RJ,Rio de Janeiro,3304557,Green Eletron,PEV fixo,Ativo,23/06/2021
1502608-001,2025,PA,Colares,1502608,Green Eletron,PEV fixo,Ativo,11/03/2025
4314902-031,2025,RS,PORTO ALEGRE,4314902,Green Eletron,Ponto de consolidação,Ativo,05/12/2020
4204004-000,2025,SC,Catanduvas,4204004,Green Eletron,PEV fixo,Ativo,14/12/2024
3300951-004,2025,RJ,Comendador Levy Gasparian,3300951,ABREE,PEV fixo,Ativo,17/06/2022
5300108-022,2025,DF,Brasília,5300108,ABREE,PEV fixo,Ativo,12/07/2019
2311405-000,2025,CE,Quixeramobim,2311405,Green Eletron,PEV fixo,Ativo,21/05/2022
3550308-284,2025,SP,SÃO PAULO,3550308,Green Eletron,Campanha itinerante,Ativo,11/04/2022
2611705-000,2025,PE,Riacho das Almas,2611705,Green Eletron,PEV fixo,Ativo,01/02/2022
2612307-000,2025,PE,Saloá,2612307,ABREE,Ponto de consolidação,Ativo,02/11/2024
3504503-000,2025,SP,Avaré,3504503,Green Eletron,PEV fixo,Ativo,15/07/2019
5101902-000,2025,MT,Brasnorte,5101902,Green Eletron,Campanha itinerante,Ativo,07/08/2023
3148301-001,2025,MG,  Paula Cândido ,3148301,ABREE,PEV fixo,Ativo,18/02/2024
4215687-000,2025,SC,SANTA TEREZINHA DO PROGRESSO,4215687,ABREE,PEV fixo,Ativo,02/10/2021
5205208-000,2025,GO,Caturaí,5205208,ABREE,Ponto de consolidação,Ativo,20/11/2020
1301951-005,2025,AM,ITAMARATI,1301951,Green Eletron,PEV fixo,Ativo,28/04/2023
1501204-000,2025,PA,Baiao,1501204,ABREE,PEV fixo,Ativo,26/12/2019
4104428-000,2025,PR,Candoi,4104428,Green Eletron,PEV fixo,Ativo,26/09/2024
3550308-233,2025,SP,SÃO PAULO,3550308,Green Eletron,PEV fixo,Ativo,25/04/2021
4314902-024,2025,RS,PORTO ALEGRE,4314902,ABREE,PEV fixo,Ativo,14/11/2020
1508209-000,2025,PA,Vigia,1508209,Sistema individual,PEV fixo,Ativo,28/09/2019
3130804-000,2025,MG,Ingaí,3130804,Green Eletron,PEV fixo,Ativo,25/03/2022
3109402-000,2025,MG,Buritizeiro,,ABREE,PEV fixo,Ativo,10/03/2024
3304557-034,2025,RJ,Rio de Janeiro,3304557,ABREE,PEV fixo,Ativo,21/05/2020
4321634-000,2025,RS,TRÊS ARROIOS,4321634,Green Eletron,PEV fixo,Ativo,01/07/2023
3305307-007,2025,RJ,SÃO SEBASTIÃO DO ALTO,3305307,ABREE,PEV fixo,Ativo,06/01/2020
2413557-000,2025,RN,Serrinha dos Pintos,2413557,Green Eletron,PEV fixo,Ativo,04/02/2020
4207601-000,2025,SC,Ipira,4207601,Green Eletron,PEV fixo,Ativo,02/01/2024
4300851-000,2025,RS,Arambaré,4300851,Green Eletron,Campanha itinerante,Ativo,23/09/2021
1505031-000,2025,PA,Novo Progresso,1505031,Green Eletron,PEV fixo,Ativo,24/09/2025
1707652-000,2025,TO,FIGUEIRÓPOLIS,1707652,ABREE,PEV fixo,Ativo,18/08/2020
3111101-000,2025,MG,Campina Verde,3111101,ABREE,PEV fixo,Ativo,11/09/2022
4122602-001,2025,PR,Rondon,4122602,Green Eletron,PEV fixo,Ativo,16/06/2023
5002902-000,2025,MS,Cassilândia,5002902,Green Eletron,PEV fixo,Ativo,11/05/2022
2111300-046,2025,MA,São Luís,2111300,ABREE,PEV fixo,Ativo,11/05/2020
3304805-001,2025,RJ,Sao Fidelis,3304805,ABREE,PEV fixo,Ativo,22/08/2024
2104081-000,2025,MA,Fernando Falcão,2104081,Green Eletron,PEV fixo,Ativo,26/02/2019
2903003-000,2025,BA,Barra do Mendes,2903003,Green Eletron,PEV fixo,Ativo,08/02/2021
2304251-001,2025,CE,Cruz,2304251,Green Eletron,PEV fixo,Ativo,06/10/2019
3106200-313,2025,MG,Belo Horizonte,3106200,ABREE,PEV fixo,Ativo,25/04/2024
3508900-000,2025,SP,CAIABU,3508900,ABREE,PEV fixo,Ativo,19/04/2022
3305307-011,2025,RJ,SÃO SEBASTIÃO DO ALTO,3305307,Green Eletron,PEV fixo,Ativo,07/06/2021
3143708-000,2025,MG,MORRO DO PILAR,3143708,ABREE,Campanha itinerante,Ativo,01/06/2022
1400100-002,2025,RR,Boa Vista,1400100,ABREE,PEV fixo,Ativo,22/08/2023
2210409-000,2025,PI,Sao Miguel do Tapuio,2210409,Green Eletron,PEV fixo,Ativo,15/03/2019
4312302-000,2025,RS,Miraguai,4312302,ABREE,PEV fixo,Ativo,15/08/2023
2111300-060,2025,MA,São Luís,2111300,ABREE,PEV fixo,Ativo,19/11/2021
5215009-000,2025,GO,Nova Veneza,5215009,ABREE,PEV fixo,Ativo,27/02/2023
3538808-031,2025,SP,PIRAJU,3538808,ABREE,Campanha itinerante,Ativo,13/11/2022
3550308-315,2025,SP,São Paulo,3550308,Green Eletron,PEV fixo,Ativo,25/11/2022
2927408-069,2025,BA,Salvador,2927408,ABREE,PEV fixo,Ativo,04/05/2020
3515129-000,2025,SP,Emilianópolis,3515129,Green Eletron,Ponto de consolidação,Ativo,24/08/2020
3513009-011,2025,SP,Cotia,3513009,Green Eletron,PEV fixo,Ativo,05/11/2023
3525607-004,2025,SP,João Ramalho,3525607,Green Eletron,PEV fixo,Ativo,17/01/2021
3153509-000,2025,MG,ALTO JEQUITIBÁ,3153509,Green Eletron,PEV fixo,Ativo,04/05/2024
2304400-039,2025,CE,Fortaleza,2304400,ABREE,PEV fixo,Ativo,26/06/2020
3152907-000,2025,MG,Pratápolis,3152907,Green Eletron,PEV fixo,Ativo,24/05/2022
3161908-000,2025,MG,São Gonçalo do Rio Abaixo,3161908,Green Eletron,PEV fixo,Ativo,15/07/2019
3106200-301,2025,MG,BELO HORIZONTE,3106200,ABREE,PEV fixo,Ativo,04/02/2024
3133204-000,2025,MG,Itanhomi,3133204,Green Eletron,Ponto de consolidação,Ativo,25/07/2023
3550308-128,2025,SP,São Paulo,3550308,ABREE,PEV fixo,Ativo,01/10/2020
3123528-001,2025,MG,DURANDÉ,3123528,Green Eletron,PEV fixo,Ativo,12/04/2020
4317905-002,2025,RS,SANTO CRISTO,4317905,Green Eletron,PEV fixo,Ativo,24/10/2023
4106902-038,2025,PR,CURITIBA,4106902,ABREE,PEV fixo,Ativo,24/11/2021
4305850-000,2025,RS,Coqueiros do Sul,4305850,ABREE,Ponto de consolidação,Ativo,22/01/2023
1505494-001,2025,PA,Palestina do Pará,1505494,ABREE,PEV fixo,Ativo,03/06/2025
2204154-000,2025,PI,Francisco Macedo,2204154,ABREE,PEV fixo,Ativo,14/12/2019
3106200-259,2025,MG,Belo Horizonte,3106200,Green Eletron,PEV fixo,Ativo,19/06/2023
2302107-005,2025,CE,  Baturité ,2302107,ABREE,PEV fixo,Ativo,01/11/2022
2505808-001,2025,PB,DUAS ESTRADAS,2505808,ABREE,PEV fixo,Ativo,06/12/2022
2300606-002,2025,CE,Altaneira,2300606,Green Eletron,PEV fixo,Ativo,13/07/2022
3163102-000,2025,MG,São José da Varginha,3163102,Green Eletron,PEV fixo,Ativo,02/12/2019
3550308-112,2025,SP,  São Paulo ,3550308,Sistema individual,Campanha itinerante,Ativo,03/04/2020
3109204-001,2025,MG,  Buenópolis ,3109204,ABREE,PEV fixo,Ativo,23/10/2022
3154408-000,2025,MG,RESSAQUINHA,3154408,ABREE,PEV fixo,Ativo,07/04/2024
2111300-037,2025,MA,SÃO LUÍS,2111300,Green Eletron,PEV fixo,Ativo,10/03/2020
3500600-007,2025,SP,ÁGUAS DE SÃO PEDRO,3500600,Green Eletron,Ponto de consolidação,Ativo,26/10/2025
4112108-000,2025,PR,JANDAIA DO SUL,4112108,Green Eletron,PEV fixo,Ativo,09/04/2025
2303907-000,2025,CE,Chaval,2303907,Green Eletron,PEV fixo,Ativo,28/10/2019
2910727-000,2025,BA,Eunápolis,2910727,ABREE,PEV fixo,Ativo,02/09/2021
2901908-004,2025,BA,Apora,2901908,Green Eletron,PEV fixo,Ativo,14/11/2024
2205953-000,2025,PI,Marcolândia,2205953,Green Eletron,PEV fixo,Ativo,10/05/2020
3515194-003,2025,SP,Espírito Santo do Turvo,3515194,ABREE,PEV fixo,Ativo,18/03/2022
2300705-000,2025,CE,Alto Santo,2300705,ABREE,PEV fixo,Ativo,07/02/2020
3550308-307,2025,SP,São Paulo,3550308,ABREE,PEV fixo,Ativo,08/07/2022
5208707-013,2025,GO,GOIÂNIA,5208707,ABREE,PEV fixo,Ativo,10/11/2021
3547908-001,2025,SP,Santo Antonio da Alegria,3547908,ABREE,PEV fixo,Ativo,03/08/2020
2304400-050,2025,CE,Fortaleza,2304400,ABREE,PEV fixo,Ativo,11/11/2020
3304508-012,2025,RJ,RIO DAS FLORES,3304508,Green Eletron,PEV fixo,Ativo,14/08/2022
3543907-000,2025,SP,Rio Claro,3543907,Green Eletron,PEV fixo,Ativo,25/09/2021
4213153-000,2025,SC,Planalto Alegre,4213153,ABREE,PEV fixo,Ativo,15/07/2023
3550308-339,2025,SP,SÃO PAULO,3550308,ABREE,Ponto de consolidação,Ativo,19/12/2023
3545803-000,2025,SP,Santa Bárbara d'Oeste,3545803,ABREE,PEV fixo,Ativo,19/03/2020
4212007-000,2025,SC,Palma Sola,4212007,ABREE,PEV fixo,Ativo,19/04/2023
2111300-078,2025,MA,São Luís,2111300,ABREE,PEV fixo,Ativo,22/01/2022
2616183-009,2025,PE,Vertente do Lério,2616183,ABREE,PEV fixo,Ativo,18/08/2022
3300100-002,2025,RJ,ANGRA DOS REIS,3300100,ABREE,PEV fixo,Inativo,05/11/2021
4119608-000,2025,PR,Pitanga,4119608,ABREE,PEV fixo,Ativo,17/11/2019
1600253-000,2025,AP,Itaubal,1600253,Green Eletron,Ponto de consolidação,Ativo,13/03/2023
1304203-000,2025,AM,TEFÉ,1304203,ABREE,PEV fixo,Ativo,16/05/2022
4306320-000,2025,RS,Derrubadas,4306320,Green Eletron,PEV fixo,Ativo,02/06/2019
2302305-003,2025,CE,Bela Cruz,2302305,Green Eletron,PEV fixo,Ativo,24/09/2023
3106200-288,2025,MG,Belo Horizonte,3106200,Green Eletron,PEV fixo,Ativo,18/07/2024
2103554-000,2025,MA,CONCEIÇÃO DO LAGO-AÇU,2103554,Green Eletron,PEV fixo,Ativo,28/05/2023
3520301-000,2025,SP,IGUAPE,3520301,ABREE,PEV fixo,Ativo,06/02/2020
3161106-000,2025,MG,Sao Francisco,3161106,ABREE,PEV fixo,Ativo,01/12/2021
2611606-032,2025,PE,RECIFE,2611606,ABREE,PEV fixo,Ativo,23/04/2021
4202305-000,2025,SC,Biguaçu,4202305,Green Eletron,PEV fixo,Ativo,03/10/2025
3302403-013,2025,RJ,Macaé,3302403,ABREE,Ponto de consolidação,Ativo,26/09/2022
3122355-000,2025,MG,DIVISA ALEGRE,3122355,ABREE,PEV fixo,Ativo,08/12/2024
5002704-007,2025,MS,Campo Grande,5002704,ABREE,PEV fixo,Ativo,08/05/2021
3532009-013,2025,SP,Morungaba,3532009,Green Eletron,Ponto de consolidação,Ativo,05/01/2022
4310207-000,2025,RS,Ijuí,4310207,Green Eletron,PEV fixo,Ativo,27/05/2020
3106200-075,2025,MG,Belo Horizonte,3106200,Sistema individual,Ponto de consolidação,Ativo,12/05/2020
4314902-115,2025,RS,Porto Alegre,4314902,Green Eletron,PEV fixo,Ativo,18/05/2022
5300108-030,2025,DF,BRASÍLIA,5300108,ABREE,PEV fixo,Ativo,20/11/2019
2405009-000,2025,RN,Jacana,2405009,ABREE,PEV fixo,Ativo,15/12/2025
3103009-000,2025,MG,ANTÔNIO DIAS,3103009,Green Eletron,PEV fixo,Ativo,18/10/2021
3513306-000,2025,SP,CRUZÁLIA,3513306,ABREE,Ponto de consolidação,Ativo,16/02/2022
3202900-000,2025,ES,  Itarana ,3202900,Green Eletron,PEV fixo,Ativo,07/08/2019
2510303-000,2025,PB,Nova Palmeira,2510303,ABREE,Campanha itinerante,Ativo,10/02/2024
4314902-010,2025,RS,Porto Alegre,4314902,Green Eletron,PEV fixo,Ativo,09/09/2020
2101939-005,2025,MA,Bernardo do Mearim,2101939,Green Eletron,PEV fixo,Ativo,26/10/2022
2909901-001,2025,BA,Curaçá,2909901,ABREE,PEV fixo,Ativo,06/02/2023
2923209-000,2025,BA,OLIVEIRA DOS BREJINHOS,2923209,ABREE,PEV fixo,Ativo,12/04/2019
4314902-034,2025,RS,PORTO ALEGRE,4314902,ABREE,PEV fixo,Ativo,18/10/2020
3532900-021,2025,SP,Nova Europa,3532900,ABREE,PEV fixo,Ativo,26/06/2022
4113809-000,2025,PR,LUPIONÓPOLIS,4113809,ABREE,PEV fixo,Ativo,25/05/2024
2927408-044,2025,BA,Salvador,2927408,ABREE,Ponto de consolidação,Ativo,28/09/2020
2801108-000,2025,SE,CANHOBA,2801108,Green Eletron,PEV fixo,Ativo,22/07/2020
3302700-002,2025,RJ,Marica,3302700,ABREE,PEV fixo,Ativo,28/07/2019
2103257-000,2025,MA,CIDELÂNDIA,2103257,ABREE,PEV fixo,Ativo,07/01/2022
4106902-028,2025,PR,Curitiba,4106902,ABREE,Ponto de consolidação,Ativo,25/10/2020
2606903-000,2025,PE,IGUARACY,2606903,ABREE,PEV fixo,Ativo,26/01/2019
3101631-000,2025,MG,ALFREDO VASCONCELOS,3101631,ABREE,PEV fixo,Ativo,25/07/2019
3549607-000,2025,SP,São José do Barreiro,3549607,ABREE,Campanha itinerante,Ativo,26/10/2021
2304400-008,2025,CE,Fortaleza,2304400,ABREE,PEV fixo,Ativo,09/06/2019
3304557-123,2025,RJ,RIO DE JANEIRO,3304557,ABREE,PEV fixo,Ativo,14/06/2022
2408003-000,2025,RN,Mossoró,2408003,Green Eletron,PEV fixo,Ativo,24/06/2021
3106200-051,2025,MG,Belo Horizonte,3106200,ABREE,PEV fixo,Ativo,15/08/2020
4314902-065,2025,RS,PORTO ALEGRE,4314902,Green Eletron,PEV fixo,Ativo,24/12/2021
2301307-000,2025,CE,Araripe,2301307,ABREE,Campanha itinerante,Ativo,09/01/2021
4202800-000,2025,SC,Braço do Norte,4202800,ABREE,PEV fixo,Ativo,07/05/2020
3205309-020,2025,ES,Vitoria,3205309,Green Eletron,PEV fixo,Ativo,20/06/2023
3118809-000,2025,MG,CORAÇÃO DE JESUS,3118809,Green Eletron,PEV fixo,Ativo,21/03/2024
3142403-000,2025,MG,Moema,3142403,Green Eletron,PEV fixo,Ativo,23/03/2021
4314902-161,2025,RS,Porto Alegre,4314902,ABREE,Ponto de consolidação,Ativo,08/10/2024
3100906-000,2025,MG,Águas Formosas,3100906,ABREE,PEV fixo,Ativo,24/03/2019
2926707-000,2025,BA,Rio de Contas,2926707,ABREE,PEV fixo,Ativo,03/09/2023
2504074-000,2025,PB,Caraúbas,2504074,ABREE,PEV fixo,Ativo,21/01/2019
3101706-000,2025,MG,  Almenara ,3101706,ABREE,Campanha itinerante,Ativo,15/12/2021
2601003-000,2025,PE,ANGELIM,2601003,ABREE,PEV fixo,Ativo,04/10/2019
3166006-000,2025,MG,Senhora de Oliveira,3166006,ABREE,PEV fixo,Ativo,10/07/2025
3305505-005,2025,RJ,Saquarema,3305505,Sistema individual,PEV fixo,Ativo,07/12/2024
2910305-000,2025,BA,Elisio Medrado,2910305,Green Eletron,PEV fixo,Ativo,03/04/2020
2503704-000,2025,PB,Cajazeiras,2503704,Green Eletron,PEV fixo,Ativo,19/09/2023
2611606-090,2025,PE,Recife,2611606,ABREE,PEV fixo,Ativo,03/04/2023
2927408-000,2025,BA,Salvador,2927408,Sistema individual,PEV fixo,Ativo,09/09/2019
3106200-047,2025,MG,  Belo Horizonte ,3106200,ABREE,PEV fixo,Ativo,02/10/2020
2905503-006,2025,BA,Caldeirão Grande,2905503,Green Eletron,PEV fixo,Ativo,14/12/2024
3532009-002,2025,SP,MORUNGABA,3532009,Green Eletron,PEV fixo,Inativo,21/04/2019
1200054-000,2025,AC,Assis Brasil,1200054,ABREE,PEV fixo,Ativo,12/01/2021
3301306-001,2025,RJ,  Casimiro de Abreu ,3301306,ABREE,PEV fixo,Ativo,14/01/2022
2109809-000,2025,MA,Santa Helena,2109809,Green Eletron,PEV fixo,Ativo,18/07/2025
4210308-001,2025,SC,MAJOR VIEIRA,4210308,Sistema individual,PEV fixo,Ativo,15/01/2023
3167301-000,2025,MG,Silveirânia,3167301,Sistema individual,PEV fixo,Ativo,01/05/2024
3550308-159,2025,SP,São Paulo,3550308,ABREE,PEV fixo,Ativo,05/04/2020
2616183-000,2025,PE,VERTENTE DO LÉRIO,2616183,Sistema individual,PEV fixo,Ativo,09/07/2019
3304557-183,2025,RJ,RIO DE JANEIRO,3304557,ABREE,PEV fixo,Ativo,14/05/2023
4119152-000,2025,PR,Pinhais,4119152,ABREE,PEV fixo,Ativo,01/08/2022
4215653-000,2025,SC,Santa Rosa do Sul,,ABREE,Ponto de consolidação,Ativo,28/11/2019
5204607-000,2025,GO,Campestre de Goiás,5204607,ABREE,Campanha itinerante,Ativo,04/09/2020
1400159-000,2025,RR,Bonfim,1400159,ABREE,PEV fixo,Ativo,17/08/2022
4122503-000,2025,PR,Roncador,4122503,ABREE,PEV fixo,Ativo,03/09/2021
5106208-000,2025,MT,NOVA BRASILÂNDIA,5106208,ABREE,PEV fixo,Ativo,20/06/2024
3106200-090,2025,MG,Belo Horizonte,3106200,Green Eletron,PEV fixo,Inativo,07/03/2020
3106200-239,2025,MG,Belo Horizonte,3106200,ABREE,PEV fixo,Ativo,15/11/2023
3106200-025,2025,MG,Belo Horizonte,3106200,ABREE,PEV fixo,Ativo,23/10/2020
2609709-001,2025,PE,OROBÓ,2609709,ABREE,Campanha itinerante,Ativo,06/04/2024
2300606-004,2025,CE,Altaneira,2300606,Green Eletron,PEV fixo,Ativo,12/08/2024
3550308-003,2025,SP,São Paulo,3550308,ABREE,PEV fixo,Ativo,10/02/2019
3533254-000,2025,SP,Novais,3533254,ABREE,PEV fixo,Ativo,19/04/2020
3545100-002,2025,SP,Salmourão,3545100,ABREE,PEV fixo,Ativo,25/08/2023
1200179-000,2025,AC,CAPIXABA,1200179,Sistema individual,Campanha itinerante,Ativo,02/12/2022
3503703-006,2025,SP,ARIRANHA,3503703,Green Eletron,PEV fixo,Ativo,09/06/2022
1504505-000,2025,PA,Melgaço,1504505,Green Eletron,Ponto de consolidação,Ativo,10/09/2023
3555109-010,2025,SP,Tupi Paulista,3555109,ABREE,PEV fixo,Ativo,17/08/2022
3537206-000,2025,SP,Pedro de Toledo,3537206,ABREE,PEV fixo,Ativo,15/12/2020
3519105-000,2025,SP,IACANGA,3519105,Green Eletron,PEV fixo,Ativo,28/04/2023
3302700-011,2025,RJ,MARICÁ,3302700,Green Eletron,PEV fixo,Ativo,11/06/2021
2707008-000,2025,AL,PINDOBA,2707008,ABREE,PEV fixo,Ativo,28/05/2022
2208205-000,2025,PI,Pio IX,2208205,ABREE,PEV fixo,Ativo,12/10/2022
3106200-093,2025,MG,Belo Horizonte,3106200,Green Eletron,Ponto de consolidação,Ativo,21/10/2020
3546504-000,2025,SP,SANTA ERNESTINA,3546504,Green Eletron,PEV fixo,Ativo,06/12/2021
4213203-000,2025,SC,Pomerode,4213203,ABREE,PEV fixo,Ativo,01/09/2022
4205407-052,2025,SC,Florianópolis,4205407,Green Eletron,PEV fixo,Ativo,23/07/2021
4318614-000,2025,RS,São José do Sul,4318614,Green Eletron,PEV fixo,Ativo,04/05/2019
1100205-004,2025,RO,  Porto Velho ,1100205,ABREE,PEV fixo,Ativo,08/03/2021
3550308-293,2025,SP,São Paulo,3550308,ABREE,PEV fixo,Ativo,16/02/2022
3304557-200,2025,RJ,Rio de Janeiro,3304557,ABREE,PEV fixo,Ativo,16/04/2023
2403608-000,2025,RN,Extremoz,2403608,ABREE,PEV fixo,Ativo,19/04/2024
2301604-003,2025,CE,ASSARÉ,2301604,Green Eletron,PEV fixo,Ativo,09/11/2021
3549904-000,2025,SP,Sao Jose dos Campos,3549904,ABREE,PEV fixo,Ativo,02/09/2020
2309904-000,2025,CE,Pacujá,2309904,Green Eletron,Ponto de consolidação,Ativo,11/03/2019
2106201-000,2025,MA,LUÍS DOMINGUES,2106201,Green Eletron,Ponto de consolidação,Ativo,14/08/2023
3534203-000,2025,SP,Orindiúva,3534203,ABREE,PEV fixo,Ativo,06/04/2020
2111300-097,2025,MA,SÃO LUÍS,2111300,Green Eletron,PEV fixo,Ativo,19/07/2023
3305307-013,2025,RJ,SÃO SEBASTIÃO DO ALTO,3305307,ABREE,PEV fixo,Ativo,24/02/2022
3532504-000,2025,SP,  Neves Paulista ,3532504,Green Eletron,PEV fixo,Ativo,28/09/2020
3550308-147,2025,SP,Sao Paulo,3550308,ABREE,Ponto de consolidação,Ativo,09/09/2020
2504306-000,2025,PB,Catole do Rocha,2504306,ABREE,PEV fixo,Ativo,28/03/2021
4106902-050,2025,PR,Curitiba,4106902,ABREE,PEV fixo,Ativo,15/12/2022
5007109-000,2025,MS,RIBAS DO RIO PARDO,5007109,Green Eletron,PEV fixo,Ativo,03/07/2022
2609709-000,2025,PE,OROBÓ,2609709,ABREE,PEV fixo,Ativo,02/01/2022
4314134-000,2025,RS,Paulo Bento,4314134,ABREE,PEV fixo,Inativo,08/04/2025
3202553-002,2025,ES,IBITIRAMA,3202553,ABREE,PEV fixo,Ativo,26/08/2024
3550308-342,2025,SP,São Paulo,3550308,ABREE,PEV fixo,Ativo,18/03/2023
2800308-002,2025,SE,Aracaju,2800308,Green Eletron,PEV fixo,Ativo,14/11/2019
3201209-000,2025,ES,CACHOEIRO DE ITAPEMIRIM,3201209,Green Eletron,PEV fixo,Ativo,20/01/2025
1507151-001,2025,PA,São Domingos do Araguaia,1507151,ABREE,PEV fixo,Ativo,06/06/2019
2927408-090,2025,BA,Salvador,2927408,ABREE,PEV fixo,Ativo,06/02/2021
2304251-000,2025,CE,  Cruz ,2304251,ABREE,Ponto de consolidação,Ativo,01/08/2019
2708600-000,2025,AL,SÃO MIGUEL DOS CAMPOS,2708600,Green Eletron,PEV fixo,Ativo,12/08/2020
4213708-001,2025,SC,Pouso Redondo,4213708,Green Eletron,PEV fixo,Ativo,07/06/2024
4315750-000,2025,RS,  Riozinho ,4315750,Green Eletron,Campanha itinerante,Ativo,08/05/2021
3532827-000,2025,SP,Nova Campina,3532827,Green Eletron,Ponto de consolidação,Ativo,27/10/2020
3537305-000,2025,SP,Penápolis,3537305,ABREE,PEV fixo,Ativo,27/06/2019
5201306-002,2025,GO,ANICUNS,5201306,ABREE,PEV fixo,Ativo,14/04/2025
2615102-002,2025,PE,Terezinha,2615102,Green Eletron,PEV fixo,Ativo,10/01/2019
2703205-002,2025,AL,IGREJA NOVA,2703205,Green Eletron,PEV fixo,Ativo,22/09/2024
2611606-025,2025,PE,RECIFE,2611606,Green Eletron,PEV fixo,Ativo,07/11/2020
2202455-000,2025,PI,CAPITÃO GERVÁSIO OLIVEIRA,2202455,Green Eletron,PEV fixo,Ativo,21/02/2023
3204500-000,2025,ES,SANTA LEOPOLDINA,3204500,ABREE,Ponto de consolidação,Ativo,18/05/2019
4314902-004,2025,RS,Porto Alegre,4314902,ABREE,Ponto de consolidação,Ativo,11/01/2020
2509107-000,2025,PB,Mari,2509107,ABREE,Campanha itinerante,Ativo,26/06/2020
4106902-084,2025,PR,CURITIBA,4106902,Green Eletron,Campanha itinerante,Ativo,17/01/2023
2207850-004,2025,PI,PAVUSSU,2207850,ABREE,PEV fixo,Ativo,25/06/2024
2512309-000,2025,PB,Princesa Isabel,2512309,ABREE,PEV fixo,Ativo,11/08/2023
3301108-013,2025,RJ,Cantagalo,3301108,ABREE,PEV fixo,Ativo,02/01/2021
3506300-000,2025,SP,  Bernardino de Campos ,3506300,Green Eletron,PEV fixo,Ativo,23/06/2024
2210938-000,2025,PI,Sussuapara,2210938,Green Eletron,PEV fixo,Ativo,14/03/2020
2611606-056,2025,PE,Recife,2611606,Green Eletron,PEV fixo,Ativo,12/01/2022
2211001-024,2025,PI,Teresina,2211001,Green Eletron,PEV fixo,Ativo,26/01/2023
2923050-000,2025,BA,Novo Triunfo,2923050,ABREE,PEV fixo,Ativo,20/11/2025
2920502-003,2025,BA,Maracas,2920502,ABREE,Campanha itinerante,Ativo,11/07/2022
3550308-022,2025,SP,São Paulo,3550308,Green Eletron,PEV fixo,Ativo,07/07/2019
3532603-002,2025,SP,Nhandeara,3532603,Sistema individual,Ponto de consolidação,Ativo,27/11/2022
5300108-068,2025,DF,BRASÍLIA,5300108,ABREE,Campanha itinerante,Ativo,07/08/2021
3515152-000,2025,SP,Engenheiro Coelho,3515152,Sistema individual,PEV fixo,Ativo,17/01/2020
5300108-016,2025,DF,BRASÍLIA,5300108,Green Eletron,PEV fixo,Ativo,13/05/2019
2311231-001,2025,CE,Potiretama,2311231,ABREE,PEV fixo,Ativo,26/11/2024
3304557-058,2025,RJ,Rio de Janeiro,3304557,Green Eletron,PEV fixo,Ativo,05/01/2020
3538808-007,2025,SP,Piraju,3538808,ABREE,PEV fixo,Ativo,11/09/2019
2927408-081,2025,BA,  Salvador ,2927408,Green Eletron,PEV fixo,Ativo,23/11/2021
3301876-008,2025,RJ,  Iguaba Grande ,3301876,ABREE,PEV fixo,Ativo,04/05/2022
4101804-000,2025,PR,Araucaria,4101804,ABREE,Campanha itinerante,Ativo,23/11/2021
3106200-215,2025,MG,BELO HORIZONTE,3106200,Green Eletron,PEV fixo,Ativo,20/11/2022
4106902-047,2025,PR,CURITIBA,4106902,ABREE,PEV fixo,Ativo,15/03/2021
3515608-000,2025,SP,Fernando Prestes,3515608,ABREE,PEV fixo,Ativo,11/06/2020
2508406-000,2025,PB,Lastro,2508406,ABREE,PEV fixo,Ativo,28/05/2023
3304557-193,2025,RJ,Rio de Janeiro,3304557,ABREE,PEV fixo,Ativo,18/08/2023
3306305-000,2025,RJ,VOLTA REDONDA,3306305,Green Eletron,PEV fixo,Ativo,27/08/2022
2307304-000,2025,CE,  Juazeiro do Norte ,2307304,Green Eletron,PEV fixo,Ativo,05/12/2024
3555109-002,2025,SP,  Tupi Paulista ,3555109,Sistema individual,PEV fixo,Ativo,20/01/2020
2408300-000,2025,RN,Nova Cruz,2408300,ABREE,PEV fixo,Ativo,18/07/2019
3304201-000,2025,RJ,RESENDE,3304201,ABREE,PEV fixo,Ativo,17/01/2021
2304400-014,2025,CE,FORTALEZA,2304400,Green Eletron,PEV fixo,Ativo,11/05/2019
5200803-000,2025,GO,Alvorada do Norte,5200803,ABREE,PEV fixo,Ativo,14/04/2020
4217154-000,2025,SC,São Miguel da Boa Vista,4217154,ABREE,PEV fixo,Ativo,20/04/2024
3300308-007,2025,RJ,  Barra do Piraí ,3300308,ABREE,Ponto de consolidação,Ativo,16/03/2021
3547403-002,2025,SP,Santa Rita d'Oeste,3547403,Green Eletron,PEV fixo,Ativo,24/11/2024
3550308-060,2025,SP,São Paulo,3550308,Green Eletron,PEV fixo,Ativo,20/08/2019
3106200-271,2025,MG,Belo Horizonte,3106200,Green Eletron,PEV fixo,Ativo,11/04/2023
3304557-225,2025,RJ,RIO DE JANEIRO,3304557,ABREE,PEV fixo,Ativo,26/03/2024
3106200-312,2025,MG,Belo Horizonte,3106200,ABREE,PEV fixo,Ativo,05/09/2024
2601508-000,2025,PE,  Belém de Maria ,2601508,ABREE,PEV fixo,Ativo,28/06/2020
3304557-204,2025,RJ,  Rio de Janeiro ,3304557,ABREE,Ponto de consolidação,Ativo,04/04/2024
3106606-000,2025,MG,BERTÓPOLIS,3106606,ABREE,Ponto de consolidação,Ativo,19/09/2020
3300225-000,2025,RJ,Areal,3300225,ABREE,PEV fixo,Ativo,03/12/2022
1100304-000,2025,RO,Vilhena,1100304,Green Eletron,Campanha itinerante,Ativo,22/07/2019
2616308-000,2025,PE,VICÊNCIA,2616308,Sistema individual,PEV fixo,Ativo,10/04/2022
5106281-000,2025,MT,Novo São Joaquim,5106281,ABREE,PEV fixo,Ativo,03/10/2022
5300108-103,2025,DF,BRASÍLIA,5300108,ABREE,PEV fixo,Ativo,18/02/2023
2602308-000,2025,PE,Bonito,2602308,Green Eletron,PEV fixo,Ativo,13/09/2021
2909604-000,2025,BA,Crisopolis,2909604,Sistema individual,PEV fixo,Ativo,19/08/2019
3304557-115,2025,RJ,Rio de Janeiro,3304557,Green Eletron,Ponto de consolidação,Ativo,13/12/2022
3550308-283,2025,SP,SÃO PAULO,3550308,Sistema individual,PEV fixo,Ativo,04/11/2022
3160108-001,2025,MG,Santo Antônio do Grama,3160108,Green Eletron,PEV fixo,Ativo,01/06/2022
2111300-018,2025,MA,SÃO LUÍS,2111300,ABREE,PEV fixo,Ativo,13/09/2019
2927408-100,2025,BA,SALVADOR,2927408,ABREE,PEV fixo,Ativo,02/01/2021
3106200-193,2025,MG,Belo Horizonte,3106200,ABREE,Campanha itinerante,Ativo,19/08/2022
3113602-000,2025,MG,Careaçu,3113602,ABREE,PEV fixo,Ativo,05/10/2024
2613701-000,2025,PE,São Lourenço da Mata,2613701,ABREE,PEV fixo,Ativo,21/08/2022
2907707-002,2025,BA,CHORROCHÓ,2907707,ABREE,Ponto de consolidação,Ativo,02/07/2025
3546009-000,2025,SP,SANTA BRANCA,3546009,ABREE,PEV fixo,Inativo,18/01/2019
2300705-012,2025,CE,Alto Santo,2300705,Green Eletron,Campanha itinerante,Ativo,10/07/2023
5002902-001,2025,MS,Cassilândia,5002902,ABREE,PEV fixo,Ativo,18/03/2022
1304260-001,2025,AM,Uarini,1304260,Green Eletron,PEV fixo,Ativo,05/09/2021
2502300-000,2025,PB,BOM SUCESSO,2502300,ABREE,PEV fixo,Ativo,10/12/2020
1502806-000,2025,PA,CURRALINHO,1502806,ABREE,PEV fixo,Ativo,05/09/2022
3529708-004,2025,SP,Miguelópolis,3529708,ABREE,PEV fixo,Ativo,02/01/2023
3100708-000,2025,MG,Água Comprida,3100708,Green Eletron,PEV fixo,Ativo,01/08/2022
3532900-000,2025,SP,Nova Europa,3532900,ABREE,PEV fixo,Ativo,25/12/2019
3554003-000,2025,SP,Tatui,3554003,Green Eletron,PEV fixo,Ativo,06/07/2025
3145372-000,2025,MG,Novorizonte,3145372,ABREE,PEV fixo,Ativo,13/03/2020
1703073-000,2025,TO,  Barra do Ouro ,1703073,ABREE,PEV fixo,Ativo,06/02/2023
3106200-149,2025,MG,Belo Horizonte,3106200,ABREE,PEV fixo,Ativo,08/01/2021
3106200-128,2025,MG,Belo Horizonte,3106200,ABREE,PEV fixo,Ativo,23/08/2021
2919801-000,2025,BA,Macaúbas,2919801,Green Eletron,PEV fixo,Ativo,25/06/2019
2309300-003,2025,CE,Nova Russas,2309300,Green Eletron,PEV fixo,Ativo,16/03/2024
3550308-150,2025,SP,São Paulo,3550308,Sistema individual,Campanha itinerante,Ativo,23/11/2020
3305307-002,2025,RJ,São Sebastião do Alto,3305307,ABREE,Ponto de consolidação,Ativo,04/03/2019
1703057-000,2025,TO,Bandeirantes do Tocantins,1703057,Green Eletron,PEV fixo,Ativo,06/09/2023
2111300-048,2025,MA,SÃO LUÍS,2111300,Green Eletron,Campanha itinerante,Ativo,01/02/2020
2927408-126,2025,BA,SALVADOR,2927408,Green Eletron,PEV fixo,Ativo,23/10/2022
1300144-000,2025,AM,Apuí,1300144,Green Eletron,Campanha itinerante,Ativo,24/11/2019
4124004-000,2025,PR,  Santana do Itararé ,4124004,Green Eletron,PEV fixo,Ativo,24/11/2023
3304557-202,2025,RJ,Rio de Janeiro,3304557,ABREE,PEV fixo,Ativo,02/07/2023
5300108-084,2025,DF,Brasilia,5300108,ABREE,Ponto de consolidação,Ativo,13/03/2022
3122454-001,2025,MG,DIVISÓPOLIS,3122454,ABREE,PEV fixo,Ativo,02/03/2023
5007802-001,2025,MS,Selvíria,5007802,ABREE,PEV fixo,Ativo,23/11/2024
4125803-000,2025,PR,  São Pedro do Ivaí ,4125803,ABREE,PEV fixo,Ativo,14/07/2022
3532900-010,2025,SP,Nova Europa,3532900,Green Eletron,PEV fixo,Ativo,19/11/2020
3139102-000,2025,MG,MADRE DE DEUS DE MINAS,3139102,Green Eletron,PEV fixo,Ativo,18/04/2022
3532900-002,2025,SP,NOVA EUROPA,3532900,Green Eletron,PEV fixo,Ativo,04/09/2019
3522307-001,2025,SP,  Itapetininga ,3522307,Green Eletron,PEV fixo,Ativo,13/10/2024
2922102-000,2025,BA,Mundo Novo,2922102,ABREE,PEV fixo,Ativo,20/06/2021
4115457-003,2025,PR,  Marquinho ,4115457,ABREE,PEV fixo,Ativo,22/12/2020
4106902-060,2025,PR,Curitiba,4106902,Green Eletron,PEV fixo,Ativo,26/06/2022
4314902-101,2025,RS,Porto Alegre,4314902,ABREE,PEV fixo,Ativo,11/11/2022
5212055-000,2025,GO,Jesúpolis,5212055,Green Eletron,PEV fixo,Ativo,10/07/2022
2105609-001,2025,MA,Joselândia,,ABREE,Campanha itinerante,Ativo,26/10/2025
2928208-001,2025,BA,Santana,2928208,ABREE,PEV fixo,Ativo,27/02/2024
3512100-000,2025,SP,Colômbia,3512100,Sistema individual,PEV fixo,Ativo,01/07/2021
4316436-001,2025,RS,SALDANHA MARINHO,4316436,Sistema individual,Campanha itinerante,Ativo,18/02/2023
2313906-000,2025,CE,URUOCA,2313906,Green Eletron,PEV fixo,Ativo,22/11/2023
4205407-070,2025,SC,FLORIANÓPOLIS,4205407,ABREE,PEV fixo,Ativo,17/08/2022
5300108-010,2025,DF,Brasília,5300108,ABREE,PEV fixo,Ativo,08/03/2019
4300109-000,2025,RS,AGUDO,4300109,ABREE,PEV fixo,Ativo,03/01/2024
2408805-000,2025,RN,PARAZINHO,2408805,ABREE,PEV fixo,Ativo,05/09/2020
3301405-003,2025,RJ,Conceição de Macabu,3301405,ABREE,PEV fixo,Ativo,01/06/2019
2905503-001,2025,BA,Caldeirão Grande,2905503,Green Eletron,PEV fixo,Ativo,24/12/2020
5101803-000,2025,MT,Barra do Garças,5101803,Sistema individual,Ponto de consolidação,Ativo,10/09/2020
2200905-000,2025,PI,Aroazes,2200905,Green Eletron,PEV fixo,Ativo,24/10/2024
5203807-000,2025,GO,BRITÂNIA,5203807,Green Eletron,PEV fixo,Ativo,28/02/2024
4205407-010,2025,SC,Florianopolis,4205407,ABREE,PEV fixo,Ativo,03/12/2019
5208707-014,2025,GO,Goiania,5208707,Green Eletron,Ponto de consolidação,Ativo,21/03/2021
4321808-000,2025,RS,Três de Maio,4321808,Green Eletron,PEV fixo,Ativo,03/05/2023
4214508-000,2025,SC,Rio do Campo,4214508,Green Eletron,PEV fixo,Ativo,12/07/2022
1505106-003,2025,PA,Óbidos,1505106,Green Eletron,Campanha itinerante,Ativo,25/04/2022
3301876-000,2025,RJ,Iguaba Grande,3301876,ABREE,PEV fixo,Ativo,24/02/2020
1302603-004,2025,AM,Manaus,1302603,ABREE,PEV fixo,Ativo,27/05/2020
3100807-000,2025,MG,Aguanil,3100807,Green Eletron,PEV fixo,Ativo,19/09/2021
3305158-000,2025,RJ,São José do Vale do Rio Preto,3305158,Green Eletron,Ponto de consolidação,Ativo,22/05/2024
3204005-000,2025,ES,Pancas,3204005,ABREE,PEV fixo,Ativo,03/08/2022
2918555-000,2025,BA,JUSSARI,2918555,Green Eletron,PEV fixo,Inativo,13/09/2020
3134004-000,2025,MG,Itinga,3134004,ABREE,PEV fixo,Ativo,25/03/2024
3302858-000,2025,RJ,Mesquita,3302858,Green Eletron,PEV fixo,Ativo,18/05/2020
4314209-000,2025,RS,PEDRO OSÓRIO,4314209,Green Eletron,PEV fixo,Ativo,13/03/2025
2610202-004,2025,PE,Panelas,2610202,Green Eletron,PEV fixo,Ativo,18/09/2025
2313104-000,2025,CE,Tabuleiro do Norte,,ABREE,Campanha itinerante,Ativo,12/06/2020
2616183-008,2025,PE,Vertente do Lerio,2616183,Green Eletron,PEV fixo,Ativo,12/01/2022
4312054-000,2025,RS,Marques de Souza,4312054,ABREE,PEV fixo,Ativo,26/10/2023
1717008-001,2025,TO,PINDORAMA DO TOCANTINS,1717008,Sistema individual,PEV fixo,Ativo,23/09/2023
3159506-000,2025,MG,Santa Rita do Itueto,3159506,Sistema individual,PEV fixo,Ativo,24/07/2024
5200308-000,2025,GO,Alexânia,5200308,Green Eletron,PEV fixo,Ativo,25/11/2019
4205407-065,2025,SC,Florianópolis,4205407,ABREE,Campanha itinerante,Ativo,16/01/2022
4114302-000,2025,PR,Mandirituba,4114302,ABREE,PEV fixo,Ativo,15/09/2023
4303608-000,2025,RS,CAMBARÁ DO SUL,4303608,Green Eletron,PEV fixo,Ativo,05/12/2022
2704302-005,2025,AL,Maceió,2704302,Green Eletron,PEV fixo,Ativo,09/07/2021
2918506-000,2025,BA,JUSSARA,2918506,ABREE,PEV fixo,Ativo,27/09/2020
2804904-000,2025,SE,Pacatuba,2804904,ABREE,PEV fixo,Ativo,10/10/2020
3106200-268,2025,MG,BELO HORIZONTE,3106200,Green Eletron,PEV fixo,Ativo,20/09/2023
4205407-079,2025,SC,Florianópolis,4205407,Green Eletron,Campanha itinerante,Ativo,02/06/2023
3550308-207,2025,SP,São Paulo,3550308,ABREE,PEV fixo,Ativo,14/11/2021
5214861-000,2025,GO,  Nova Glória ,5214861,ABREE,PEV fixo,Ativo,04/12/2023
2602902-001,2025,PE,Cabo de Santo Agostinho,2602902,Green Eletron,Ponto de consolidação,Ativo,06/10/2019
3106200-256,2025,MG,Belo Horizonte,3106200,Green Eletron,Ponto de consolidação,Ativo,05/10/2023
4308102-000,2025,RS,Feliz,4308102,Green Eletron,PEV fixo,Ativo,14/01/2019
3532900-022,2025,SP,Nova Europa,3532900,ABREE,PEV fixo,Ativo,11/12/2022
2311405-001,2025,CE,Quixeramobim,2311405,ABREE,PEV fixo,Ativo,27/03/2025
3106200-142,2025,MG,Belo Horizonte,3106200,ABREE,PEV fixo,Ativo,01/09/2021
3519402-000,2025,SP,IBIRÁ,3519402,Sistema individual,PEV fixo,Inativo,26/12/2024
2611606-076,2025,PE,  Recife ,2611606,Green Eletron,PEV fixo,Ativo,23/11/2023
2928604-000,2025,BA,Santo Amaro,2928604,Green Eletron,PEV fixo,Ativo,02/04/2024
3530409-000,2025,SP,Mirassolândia,3530409,ABREE,PEV fixo,Ativo,15/11/2022
3303005-004,2025,RJ,Miracema,3303005,Green Eletron,PEV fixo,Ativo,23/01/2025
3300100-004,2025,RJ,ANGRA DOS REIS,3300100,Green Eletron,PEV fixo,Inativo,02/12/2022
3548302-002,2025,SP,Santo Expedito,3548302,ABREE,Campanha itinerante,Ativo,20/08/2025
5104104-000,2025,MT,  Guarantã do Norte ,5104104,ABREE,PEV fixo,Ativo,09/06/2023
2507507-009,2025,PB,João Pessoa,2507507,ABREE,Ponto de consolidação,Ativo,08/07/2021
3550308-133,2025,SP,Sao Paulo,3550308,ABREE,PEV fixo,Ativo,07/08/2020
5300108-060,2025,DF,BRASÍLIA,5300108,ABREE,PEV fixo,Ativo,13/08/2021
3106200-003,2025,MG,BELO HORIZONTE,3106200,ABREE,PEV fixo,Ativo,19/09/2020
3550308-268,2025,SP,São Paulo,3550308,Sistema individual,PEV fixo,Ativo,10/03/2022
3555109-006,2025,SP,TUPI PAULISTA,3555109,ABREE,PEV fixo,Ativo,04/07/2021
4104600-000,2025,PR,  Capitão Leônidas Marques ,4104600,Green Eletron,PEV fixo,Ativo,25/01/2023
1721000-006,2025,TO,PALMAS,1721000,ABREE,PEV fixo,Ativo,14/10/2020
3552700-002,2025,SP,TABATINGA,3552700,Sistema individual,PEV fixo,Ativo,23/05/2025
3500600-005,2025,SP,ÁGUAS DE SÃO PEDRO,3500600,Green Eletron,Campanha itinerante,Ativo,22/01/2024
2204204-001,2025,PI,FRANCISCO SANTOS,2204204,Green Eletron,PEV fixo,Ativo,02/07/2025
3304557-210,2025,RJ,RIO DE JANEIRO,3304557,Sistema individual,PEV fixo,Ativo,28/09/2024
3302908-000,2025,RJ,MIGUEL PEREIRA,3302908,Green Eletron,PEV fixo,Ativo,08/11/2019
3106200-252,2025,MG,Belo Horizonte,3106200,Green Eletron,PEV fixo,Ativo,14/09/2023
5203906-000,2025,GO,BURITI ALEGRE,5203906,Green Eletron,PEV fixo,Ativo,03/09/2021
2927606-000,2025,BA,Santa Brígida,2927606,ABREE,PEV fixo,Ativo,22/09/2020
4314902-059,2025,RS,PORTO ALEGRE,4314902,Green Eletron,PEV fixo,Ativo,06/01/2021
3155207-000,2025,MG,  Rio Espera ,3155207,ABREE,Ponto de consolidação,Ativo,08/04/2019
3127909-000,2025,MG,Grupiara,3127909,ABREE,Campanha itinerante,Ativo,03/06/2019
3301702-001,2025,RJ,  Duque de Caxias ,3301702,Green Eletron,Ponto de consolidação,Ativo,20/06/2022
3550308-084,2025,SP,São Paulo,3550308,Green Eletron,PEV fixo,Ativo,20/03/2019
1301209-000,2025,AM,Coari,,Green Eletron,PEV fixo,Ativo,02/11/2020
3557006-002,2025,SP,Votorantim,3557006,ABREE,PEV fixo,Ativo,15/04/2020
3530102-002,2025,SP,MIRANDÓPOLIS,3530102,Green Eletron,PEV fixo,Ativo,02/06/2020
3304557-208,2025,RJ,Rio de Janeiro,3304557,ABREE,PEV fixo,Ativo,13/08/2024
3205309-005,2025,ES,  Vitória ,3205309,ABREE,PEV fixo,Ativo,07/09/2020
4306452-000,2025,RS,DOIS LAJEADOS,4306452,ABREE,PEV fixo,Ativo,07/08/2021
2800308-015,2025,SE,Aracaju,2800308,ABREE,PEV fixo,Ativo,11/01/2021
2611606-013,2025,PE,Recife,2611606,Green Eletron,PEV fixo,Inativo,28/09/2020
3205176-000,2025,ES,Vila Valerio,3205176,Green Eletron,PEV fixo,Inativo,07/09/2021
3303955-000,2025,RJ,Pinheiral,3303955,Sistema individual,PEV fixo,Inativo,05/08/2019
3543907-001,2025,SP,Rio Claro,3543907,ABREE,PEV fixo,Ativo,16/06/2024
3549904-002,2025,SP,SÃO JOSÉ DOS CAMPOS,3549904,ABREE,PEV fixo,Ativo,04/06/2020
2112902-000,2025,MA,  Vitória do Mearim ,2112902,ABREE,PEV fixo,Ativo,02/12/2023
3545308-000,2025,SP,Salto de Pirapora,3545308,ABREE,Campanha itinerante,Ativo,08/07/2023
1100205-011,2025,RO,Porto Velho,1100205,ABREE,PEV fixo,Ativo,14/02/2023
2607703-000,2025,PE,Itapetim,2607703,ABREE,PEV fixo,Ativo,16/01/2025
3504107-000,2025,SP,ATIBAIA,3504107,Green Eletron,PEV fixo,Ativo,10/01/2023
4205407-022,2025,SC,Florianopolis,4205407,ABREE,PEV fixo,Ativo,07/06/2019
2412005-001,2025,RN,  São Gonçalo do Amarante ,2412005,Green Eletron,Campanha itinerante,Ativo,06/09/2023
2304400-064,2025,CE,FORTALEZA,2304400,ABREE,PEV fixo,Ativo,18/05/2021
3101805-000,2025,MG,ALPERCATA,3101805,Sistema individual,PEV fixo,Ativo,20/06/2025
4205001-000,2025,SC,DIONÍSIO CERQUEIRA,4205001,ABREE,Campanha itinerante,Ativo,24/07/2019
4314902-053,2025,RS,PORTO ALEGRE,4314902,Sistema individual,PEV fixo,Ativo,11/09/2021
3106200-172,2025,MG,BELO HORIZONTE,3106200,Green Eletron,PEV fixo,Ativo,05/02/2022
5300108-003,2025,DF,  Brasília ,5300108,ABREE,PEV fixo,Ativo,04/09/2019
2509206-000,2025,PB,Massaranduba,,ABREE,PEV fixo,Ativo,20/01/2019
5212204-000,2025,GO,JUSSARA,5212204,Green Eletron,Campanha itinerante,Ativo,23/05/2020
5207501-000,2025,GO,Estrela do Norte,5207501,Sistema individual,Campanha itinerante,Ativo,09/01/2021
2918209-000,2025,BA,Jiquiriçá,2918209,Green Eletron,PEV fixo,Ativo,06/03/2021
3106200-295,2025,MG,Belo Horizonte,3106200,ABREE,PEV fixo,Ativo,07/12/2024
3304557-086,2025,RJ,Rio de Janeiro,3304557,Green Eletron,PEV fixo,Ativo,13/04/2021
1501402-003,2025,PA,Belém,1501402,Green Eletron,PEV fixo,Ativo,08/07/2020
3300308-000,2025,RJ,BARRA DO PIRAÍ,3300308,Green Eletron,PEV fixo,Ativo,09/03/2019
4314902-011,2025,RS,PORTO ALEGRE,4314902,ABREE,PEV fixo,Ativo,17/09/2020
3536257-000,2025,SP,PARISI,3536257,Green Eletron,PEV fixo,Ativo,27/07/2019
3152131-000,2025,MG,PONTO CHIQUE,3152131,ABREE,PEV fixo,Ativo,13/09/2020
3136009-001,2025,MG,Joaíma,3136009,ABREE,PEV fixo,Ativo,02/08/2024
3550308-316,2025,SP,SÃO PAULO,3550308,Green Eletron,PEV fixo,Ativo,18/08/2022
2909505-000,2025,BA,CRAVOLÂNDIA,2909505,Green Eletron,PEV fixo,Ativo,18/04/2020
2304400-020,2025,CE,Fortaleza,2304400,Green Eletron,PEV fixo,Ativo,07/11/2019
2313906-002,2025,CE,  Uruoca ,2313906,Green Eletron,PEV fixo,Ativo,21/11/2025
1100205-001,2025,RO,  Porto Velho ,1100205,Green Eletron,PEV fixo,Ativo,04/01/2020
2516508-000,2025,PB,Taperoá,2516508,Green Eletron,PEV fixo,Ativo,07/04/2019
5215256-001,2025,GO,NOVO PLANALTO,5215256,Sistema individual,Ponto de consolidação,Ativo,06/07/2022
2929909-000,2025,BA,Seabra,2929909,ABREE,PEV fixo,Ativo,02/05/2019
3129905-000,2025,MG,Ibitiúra de Minas,3129905,ABREE,PEV fixo,Ativo,21/05/2024
4205407-006,2025,SC,Florianópolis,4205407,Green Eletron,PEV fixo,Ativo,07/11/2019
4106605-000,2025,PR,CRUZEIRO DO OESTE,4106605,Green Eletron,Ponto de consolidação,Ativo,05/02/2023
2927408-062,2025,BA,Salvador,2927408,Green Eletron,PEV fixo,Ativo,14/03/2020
3106200-187,2025,MG,BELO HORIZONTE,3106200,ABREE,PEV fixo,Ativo,20/04/2022
4314902-052,2025,RS,Porto Alegre,4314902,ABREE,PEV fixo,Ativo,25/10/2020
3550308-148,2025,SP,SÃO PAULO,3550308,ABREE,PEV fixo,Ativo,12/11/2020
3556404-000,2025,SP,VARGEM GRANDE DO SUL,3556404,ABREE,PEV fixo,Ativo,12/06/2021
4127205-002,2025,PR,Terra Boa,4127205,Sistema individual,Ponto de consolidação,Ativo,07/07/2023
2922656-002,2025,BA,Nordestina,2922656,ABREE,PEV fixo,Ativo,02/11/2020
5106653-000,2025,MT,Pontal do Araguaia,5106653,ABREE,PEV fixo,Ativo,17/01/2022
3304557-069,2025,RJ,RIO DE JANEIRO,3304557,ABREE,Campanha itinerante,Ativo,27/09/2021
4301206-000,2025,RS,  Arroio do Tigre ,4301206,ABREE,PEV fixo,Ativo,18/12/2020
4314902-112,2025,RS,PORTO ALEGRE,4314902,Green Eletron,PEV fixo,Ativo,13/10/2022
3542305-000,2025,SP,Redencao da Serra,3542305,ABREE,PEV fixo,Ativo,10/02/2019
2312007-003,2025,CE,Santana do Acaraú,2312007,ABREE,PEV fixo,Ativo,08/03/2023
3503208-000,2025,SP,Araraquara,3503208,Green Eletron,PEV fixo,Ativo,06/08/2024
1300805-002,2025,AM,Borba,1300805,Green Eletron,PEV fixo,Ativo,07/12/2022
1508209-002,2025,PA,  Vigia ,1508209,ABREE,PEV fixo,Ativo,25/04/2019
3550308-002,2025,SP,São Paulo,3550308,Green Eletron,PEV fixo,Ativo,15/07/2019
3556008-000,2025,SP,Urupês,3556008,ABREE,PEV fixo,Ativo,19/04/2025
2611606-046,2025,PE,Recife,2611606,Sistema individual,PEV fixo,Ativo,09/11/2021
2304400-053,2025,CE,Fortaleza,2304400,ABREE,Ponto de consolidação,Ativo,09/01/2021
1302603-002,2025,AM,MANAUS,1302603,Green Eletron,PEV fixo,Ativo,01/08/2019
5300108-064,2025,DF,Brasília,5300108,Green Eletron,PEV fixo,Ativo,02/03/2021
2705903-000,2025,AL,OLHO D'ÁGUA GRANDE,2705903,Green Eletron,PEV fixo,Ativo,11/10/2025
3106200-298,2025,MG,BELO HORIZONTE,3106200,ABREE,Campanha itinerante,Ativo,16/07/2024
3550308-328,2025,SP,São Paulo,3550308,Green Eletron,PEV fixo,Ativo,01/02/2023
2611309-000,2025,PE,  Pombos ,2611309,ABREE,PEV fixo,Ativo,06/11/2024
3550308-144,2025,SP,São Paulo,3550308,Green Eletron,Campanha itinerante,Ativo,28/02/2020
3538808-036,2025,SP,Piraju,3538808,Green Eletron,Campanha itinerante,Ativo,12/06/2023
4115457-006,2025,PR,Marquinho,4115457,ABREE,Ponto de consolidação,Ativo,13/08/2022
2412708-000,2025,RN,São Pedro,2412708,ABREE,PEV fixo,Ativo,23/10/2019
4314902-032,2025,RS,Porto Alegre,4314902,Green Eletron,PEV fixo,Ativo,01/08/2020
2914901-001,2025,BA,Itacaré,2914901,ABREE,Ponto de consolidação,Ativo,06/09/2022
3160959-000,2025,MG,SÃO DOMINGOS DAS DORES,3160959,ABREE,PEV fixo,Ativo,06/10/2025
2906006-001,2025,BA,Campo Formoso,,ABREE,PEV fixo,Ativo,09/06/2022
4308300-000,2025,RS,Fontoura Xavier,4308300,Green Eletron,PEV fixo,Ativo,11/01/2023
2611606-097,2025,PE,Recife,2611606,Green Eletron,PEV fixo,Ativo,20/02/2024
2612208-000,2025,PE,  Salgueiro ,2612208,Sistema individual,PEV fixo,Ativo,14/08/2022
1506104-000,2025,PA,PRIMAVERA,1506104,Green Eletron,PEV fixo,Ativo,16/01/2021
3158953-000,2025,MG,Santana do Paraíso,3158953,ABREE,PEV fixo,Ativo,20/08/2022
2310258-000,2025,CE,Paraipaba,2310258,ABREE,Ponto de consolidação,Ativo,13/10/2025
3538808-015,2025,SP,Piraju,3538808,Sistema individual,Campanha itinerante,Ativo,05/03/2020
4205407-036,2025,SC,FLORIANÓPOLIS,4205407,ABREE,PEV fixo,Ativo,09/01/2020
3136009-000,2025,MG,JOAÍMA,3136009,ABREE,PEV fixo,Ativo,19/03/2021
2700607-000,2025,AL,Barra de Sao Miguel,2700607,ABREE,PEV fixo,Ativo,05/04/2021
3551306-007,2025,SP,  Sebastianópolis do Sul ,3551306,Green Eletron,PEV fixo,Ativo,17/10/2022
3171709-000,2025,MG,Virgínia,3171709,Green Eletron,PEV fixo,Ativo,25/07/2021
3165107-000,2025,MG,Sao Tomas de Aquino,3165107,Sistema individual,Campanha itinerante,Ativo,25/07/2025
4205407-064,2025,SC,FLORIANÓPOLIS,4205407,Green Eletron,PEV fixo,Ativo,19/07/2022
3515608-001,2025,SP,Fernando Prestes,3515608,Green Eletron,PEV fixo,Ativo,28/01/2023
2610004-000,2025,PE,Palmares,2610004,Green Eletron,PEV fixo,Ativo,19/03/2020
5208707-016,2025,GO,Goiânia,5208707,ABREE,PEV fixo,Ativo,12/12/2021
3300605-001,2025,RJ,BOM JESUS DO ITABAPOANA,3300605,Green Eletron,Campanha itinerante,Ativo,22/08/2022
3516507-000,2025,SP,  Gabriel Monteiro ,,Green Eletron,PEV fixo,Ativo,10/10/2022
3533908-000,2025,SP,Olímpia,3533908,ABREE,PEV fixo,Ativo,05/01/2020
3301108-002,2025,RJ,Cantagalo,3301108,ABREE,Ponto de consolidação,Ativo,09/12/2020
5107198-000,2025,MT,Ribeirãozinho,5107198,Green Eletron,PEV fixo,Ativo,15/10/2024
3541000-002,2025,SP,Praia Grande,3541000,ABREE,PEV fixo,Ativo,27/11/2025
2501401-000,2025,PB,BAÍA DA TRAIÇÃO,2501401,ABREE,PEV fixo,Ativo,06/12/2022
3304557-050,2025,RJ,RIO DE JANEIRO,3304557,Green Eletron,PEV fixo,Ativo,20/07/2020
3523404-000,2025,SP,ITATIBA,3523404,ABREE,Ponto de consolidação,Ativo,18/11/2024
3550308-305,2025,SP,SÃO PAULO,3550308,ABREE,PEV fixo,Ativo,15/09/2022
2914208-001,2025,BA,Irajuba,2914208,ABREE,PEV fixo,Ativo,27/06/2022
1504208-000,2025,PA,Maraba,1504208,Green Eletron,PEV fixo,Ativo,04/08/2019
2611606-102,2025,PE,RECIFE,2611606,Green Eletron,PEV fixo,Ativo,27/08/2024
2611606-067,2025,PE,Recife,2611606,ABREE,Ponto de consolidação,Ativo,05/05/2022
3549706-006,2025,SP,SÃO JOSÉ DO RIO PARDO,3549706,ABREE,PEV fixo,Ativo,21/04/2023
3549508-001,2025,SP,São José da Bela Vista,3549508,ABREE,PEV fixo,Ativo,04/05/2019
2614303-001,2025,PE,Moreilândia,2614303,Sistema individual,PEV fixo,Ativo,27/09/2022
4106308-000,2025,PR,Corbelia,4106308,ABREE,PEV fixo,Ativo,16/06/2019
3550308-287,2025,SP,SÃO PAULO,3550308,ABREE,PEV fixo,Ativo,23/09/2022
4108809-000,2025,PR,Guaira,4108809,ABREE,PEV fixo,Ativo,25/08/2024
3304557-013,2025,RJ,Rio de Janeiro,3304557,ABREE,Ponto de consolidação,Ativo,09/09/2020
1100379-000,2025,RO,  Alto Alegre dos Parecis ,1100379,Green Eletron,PEV fixo,Ativo,14/06/2024
2304004-000,2025,CE,Coreaú,2304004,Green Eletron,Campanha itinerante,Ativo,11/04/2019
2611606-073,2025,PE,Recife,2611606,Green Eletron,PEV fixo,Ativo,20/08/2023
5211909-000,2025,GO,JATAÍ,5211909,Green Eletron,Ponto de consolidação,Ativo,18/09/2023
2412401-000,2025,RN,São José do Seridó,2412401,ABREE,PEV fixo,Ativo,13/01/2019
1600402-001,2025,AP,Mazagão,1600402,Green Eletron,PEV fixo,Ativo,16/10/2022
2803005-000,2025,SE,ITABAIANINHA,2803005,ABREE,PEV fixo,Ativo,13/12/2024
3301009-000,2025,RJ,Campos dos Goytacazes,3301009,ABREE,PEV fixo,Ativo,02/11/2024
3520608-000,2025,SP,Indiana,3520608,Sistema individual,Ponto de consolidação,Ativo,27/05/2020
2111607-000,2025,MA,Sao Raimundo das Mangabeiras,2111607,ABREE,PEV fixo,Ativo,02/02/2020
2616183-001,2025,PE,Vertente do Lerio,2616183,ABREE,Ponto de consolidação,Ativo,15/04/2019
3503703-007,2025,SP,Ariranha,3503703,Sistema individual,PEV fixo,Ativo,18/01/2023
3541653-006,2025,SP,Quadra,3541653,ABREE,PEV fixo,Ativo,16/10/2023
3304557-121,2025,RJ,Rio de Janeiro,3304557,ABREE,Ponto de consolidação,Ativo,08/05/2022
4124509-000,2025,PR,Santo Inácio,4124509,Green Eletron,PEV fixo,Ativo,26/09/2021
3545100-005,2025,SP,  Salmourão ,3545100,Green Eletron,PEV fixo,Ativo,01/04/2025
4314902-022,2025,RS,  Porto Alegre ,4314902,ABREE,PEV fixo,Ativo,14/12/2020
1300508-001,2025,AM,Barreirinha,1300508,ABREE,PEV fixo,Ativo,21/11/2022
4113106-000,2025,PR,Kaloré,4113106,Green Eletron,PEV fixo,Ativo,13/09/2022
2911402-000,2025,BA,Glória,2911402,ABREE,PEV fixo,Ativo,08/06/2024
2508901-000,2025,PB,Mamanguape,2508901,Sistema individual,Campanha itinerante,Ativo,04/08/2024
2514008-000,2025,PB,SÃO JOÃO DO CARIRI,2514008,ABREE,Campanha itinerante,Ativo,14/08/2020
3546603-001,2025,SP,Santa Fe do Sul,3546603,ABREE,PEV fixo,Ativo,21/11/2021
2408102-024,2025,RN,NATAL,2408102,ABREE,Campanha itinerante,Ativo,17/10/2023
4314902-110,2025,RS,PORTO ALEGRE,4314902,Green Eletron,PEV fixo,Ativo,27/07/2022
3202454-004,2025,ES,Ibatiba,3202454,Green Eletron,PEV fixo,Ativo,15/09/2023
2931103-000,2025,BA,Tanquinho,2931103,Green Eletron,PEV fixo,Ativo,12/03/2021
2804102-001,2025,SE,MOITA BONITA,2804102,ABREE,Ponto de consolidação,Ativo,12/03/2025
3302858-001,2025,RJ,Mesquita,3302858,ABREE,PEV fixo,Ativo,13/10/2021
4314902-096,2025,RS,Porto Alegre,4314902,Green Eletron,PEV fixo,Ativo,04/08/2022
2807105-000,2025,SE,Simão Dias,2807105,Green Eletron,Ponto de consolidação,Ativo,21/01/2019
2700904-000,2025,AL,BELO MONTE,2700904,ABREE,Ponto de consolidação,Ativo,17/03/2025
4206603-000,2025,SC,Guarujá do Sul,4206603,Green Eletron,Ponto de consolidação,Ativo,10/01/2019
4314902-086,2025,RS,PORTO ALEGRE,4314902,ABREE,PEV fixo,Ativo,06/01/2021
3305802-000,2025,RJ,TERESÓPOLIS,3305802,Green Eletron,PEV fixo,Ativo,19/11/2022
3550308-074,2025,SP,SÃO PAULO,3550308,Green Eletron,PEV fixo,Ativo,17/12/2019
3108909-000,2025,MG,BRAZÓPOLIS,3108909,ABREE,PEV fixo,Ativo,12/07/2019
3205309-002,2025,ES,Vitória,3205309,ABREE,PEV fixo,Ativo,07/10/2020
2101939-006,2025,MA,Bernardo do Mearim,2101939,Green Eletron,PEV fixo,Ativo,28/06/2023
3301108-015,2025,RJ,CANTAGALO,3301108,ABREE,PEV fixo,Ativo,09/08/2022
3135076-000,2025,MG,JAMPRUCA,3135076,ABREE,PEV fixo,Ativo,07/03/2019
2408102-023,2025,RN,NATAL,2408102,Green Eletron,PEV fixo,Ativo,01/11/2023
3304557-144,2025,RJ,Rio de Janeiro,3304557,Sistema individual,PEV fixo,Ativo,20/09/2022
3155900-001,2025,MG,Rio Preto,3155900,Green Eletron,PEV fixo,Ativo,11/08/2022
1501808-000,2025,PA,Breves,1501808,Green Eletron,Ponto de consolidação,Ativo,15/07/2024
2604908-001,2025,PE,Cumaru,2604908,Green Eletron,Campanha itinerante,Ativo,05/08/2025
2307635-000,2025,CE,MADALENA,2307635,ABREE,Campanha itinerante,Ativo,19/08/2019
1600303-000,2025,AP,Macapá,1600303,Green Eletron,PEV fixo,Ativo,26/06/2020
2805109-000,2025,SE,Pedrinhas,2805109,Green Eletron,PEV fixo,Ativo,02/12/2019
2704906-000,2025,AL,Mar Vermelho,2704906,Green Eletron,PEV fixo,Ativo,23/12/2021
4100202-000,2025,PR,Adrianópolis,4100202,Green Eletron,Campanha itinerante,Ativo,06/10/2021
3532900-001,2025,SP,NOVA EUROPA,3532900,ABREE,PEV fixo,Ativo,26/08/2019
3103751-000,2025,MG,Arapora,3103751,ABREE,PEV fixo,Ativo,09/01/2022
5106505-000,2025,MT,Poconé,5106505,ABREE,Ponto de consolidação,Ativo,12/03/2020
3542909-000,2025,SP,Ribeirão Bonito,3542909,Green Eletron,PEV fixo,Ativo,09/11/2025
2800308-007,2025,SE,Aracaju,2800308,ABREE,Campanha itinerante,Ativo,22/04/2019
4126702-000,2025,PR,Tamboara,4126702,Green Eletron,PEV fixo,Ativo,23/04/2025
3550308-175,2025,SP,SÃO PAULO,3550308,ABREE,PEV fixo,Ativo,01/05/2020
3138351-000,2025,MG,Leme do Prado,3138351,ABREE,Ponto de consolidação,Ativo,28/09/2020
3122454-000,2025,MG,Divisópolis,3122454,ABREE,Ponto de consolidação,Ativo,21/08/2020
1703701-000,2025,TO,  Brejinho de Nazaré ,1703701,Green Eletron,PEV fixo,Ativo,17/11/2020
4202081-000,2025,SC,Bandeirante,4202081,ABREE,PEV fixo,Ativo,17/03/2024
3553955-003,2025,SP,Taruma,3553955,ABREE,PEV fixo,Ativo,23/12/2023
1503077-000,2025,PA,Garrafão do Norte,1503077,Green Eletron,PEV fixo,Ativo,14/04/2019
2200459-000,2025,PI,Alvorada do Gurguéia,2200459,ABREE,PEV fixo,Ativo,13/03/2022
3510104-001,2025,SP,Cândido Rodrigues,3510104,Green Eletron,PEV fixo,Ativo,24/03/2024
5002704-008,2025,MS,CAMPO GRANDE,5002704,Green Eletron,PEV fixo,Ativo,04/12/2022
2306801-000,2025,CE,JAGUARIBARA,2306801,Sistema individual,PEV fixo,Ativo,11/09/2019
5218052-003,2025,GO,Porteirão,5218052,ABREE,PEV fixo,Ativo,19/07/2022
3149606-000,2025,MG,Pequi,3149606,Green Eletron,PEV fixo,Ativo,13/11/2022
3553500-000,2025,SP,Tapirai,3553500,Green Eletron,PEV fixo,Ativo,21/02/2020
1501402-029,2025,PA,Belém,1501402,Sistema individual,Campanha itinerante,Ativo,25/03/2023
5300108-026,2025,DF,  Brasília ,5300108,ABREE,Ponto de consolidação,Ativo,27/09/2019
3304201-003,2025,RJ,Resende,3304201,ABREE,Ponto de consolidação,Ativo,05/08/2023
4215307-000,2025,SC,  Salete ,4215307,ABREE,PEV fixo,Ativo,24/07/2022
2211001-019,2025,PI,  Teresina ,2211001,ABREE,PEV fixo,Ativo,18/09/2022
4205704-001,2025,SC,GAROPABA,4205704,Green Eletron,PEV fixo,Ativo,25/04/2022
3302403-001,2025,RJ,Macaé,3302403,Green Eletron,Ponto de consolidação,Ativo,08/03/2019
4106902-054,2025,PR,CURITIBA,4106902,Green Eletron,PEV fixo,Ativo,18/02/2022
3512001-001,2025,SP,COLINA,3512001,Sistema individual,PEV fixo,Ativo,02/03/2021
4314902-036,2025,RS,  Porto Alegre ,4314902,Green Eletron,PEV fixo,Ativo,04/06/2020
4107157-000,2025,PR,Diamante D'Oeste,4107157,ABREE,PEV fixo,Ativo,12/01/2019
3111150-000,2025,MG,Campo Azul,3111150,ABREE,PEV fixo,Ativo,23/05/2021
3205002-000,2025,ES,SERRA,3205002,Sistema individual,Ponto de consolidação,Ativo,03/07/2023
3304557-110,2025,RJ,RIO DE JANEIRO,3304557,ABREE,PEV fixo,Ativo,21/09/2021
3532603-000,2025,SP,NHANDEARA,3532603,ABREE,PEV fixo,Ativo,01/12/2021
2311355-002,2025,CE,Quixelô,2311355,Green Eletron,PEV fixo,Ativo,10/06/2025
5222054-000,2025,GO,  Vicentinópolis ,5222054,ABREE,PEV fixo,Ativo,28/01/2025
4314902-055,2025,RS,Porto Alegre,,Green Eletron,PEV fixo,Ativo,09/04/2021
1300680-000,2025,AM,  Boa Vista do Ramos ,1300680,ABREE,PEV fixo,Inativo,22/04/2022
2303402-000,2025,CE,Carnaubal,2303402,ABREE,PEV fixo,Ativo,15/02/2021
4123501-000,2025,PR,Santa Helena,4123501,Green Eletron,PEV fixo,Ativo,23/12/2021
4113429-000,2025,PR,LIDIANÓPOLIS,4113429,ABREE,PEV fixo,Ativo,03/02/2025
4205407-029,2025,SC,Florianópolis,4205407,ABREE,PEV fixo,Ativo,08/11/2020
3304557-067,2025,RJ,  Rio de Janeiro ,3304557,ABREE,PEV fixo,Ativo,16/05/2020
4314902-017,2025,RS,Porto Alegre,4314902,ABREE,PEV fixo,Ativo,25/12/2020
3517406-000,2025,SP,Guaira,3517406,Green Eletron,PEV fixo,Ativo,02/04/2023
4301750-000,2025,RS,Barao do Triunfo,4301750,Green Eletron,PEV fixo,Ativo,11/08/2023
3127073-000,2025,MG,Fruta de Leite,3127073,Green Eletron,PEV fixo,Ativo,03/08/2025
2507507-004,2025,PB,Joao Pessoa,2507507,Green Eletron,PEV fixo,Ativo,02/03/2019
3550308-215,2025,SP,Sao Paulo,3550308,Green Eletron,PEV fixo,Ativo,17/07/2021
2400406-000,2025,RN,Água Nova,2400406,ABREE,Ponto de consolidação,Ativo,25/06/2025
3305406-004,2025,RJ,Sapucaia,3305406,Green Eletron,PEV fixo,Ativo,18/06/2021
2208601-000,2025,PI,Prata do Piaui,2208601,ABREE,PEV fixo,Ativo,16/10/2019
3546256-000,2025,SP,SANTA CRUZ DA ESPERANÇA,3546256,ABREE,PEV fixo,Ativo,17/03/2025
4106902-025,2025,PR,CURITIBA,4106902,Sistema individual,PEV fixo,Ativo,15/03/2020
3551900-006,2025,SP,SEVERÍNIA,3551900,ABREE,Ponto de consolidação,Ativo,02/11/2025
3508306-009,2025,SP,CABRÁLIA PAULISTA,3508306,ABREE,Campanha itinerante,Ativo,26/09/2024
2400604-000,2025,RN,ALMINO AFONSO,2400604,Green Eletron,Ponto de consolidação,Ativo,07/07/2024
3513009-001,2025,SP,Cotia,3513009,Green Eletron,PEV fixo,Ativo,11/02/2019
2607505-000,2025,PE,Itaíba,2607505,Green Eletron,PEV fixo,Ativo,21/01/2019
2611606-082,2025,PE,Recife,2611606,ABREE,PEV fixo,Ativo,18/10/2023
2105963-000,2025,MA,Lagoa Grande do Maranhão,2105963,ABREE,PEV fixo,Ativo,18/01/2023
2307007-000,2025,CE,JAGUARUANA,2307007,ABREE,PEV fixo,Ativo,28/06/2019
2611606-070,2025,PE,Recife,2611606,ABREE,PEV fixo,Ativo,17/04/2022
4323200-000,2025,RS,Victor Graeff,4323200,Green Eletron,PEV fixo,Ativo,21/05/2021
3555703-000,2025,SP,União Paulista,3555703,Green Eletron,PEV fixo,Ativo,05/05/2023
4108205-000,2025,PR,Formosa do Oeste,4108205,ABREE,PEV fixo,Ativo,16/09/2025
3552502-001,2025,SP,Suzano,3552502,ABREE,PEV fixo,Ativo,16/09/2022
1503705-001,2025,PA,  Itupiranga ,1503705,ABREE,PEV fixo,Ativo,20/09/2025
2106706-000,2025,MA,MIRADOR,2106706,ABREE,PEV fixo,Ativo,13/02/2022
5212956-000,2025,GO,MATRINCHÃ,5212956,Green Eletron,Ponto de consolidação,Ativo,12/02/2019
3128303-000,2025,MG,Guaranesia,3128303,Green Eletron,PEV fixo,Ativo,11/04/2020
5212253-000,2025,GO,Lagoa Santa,5212253,Green Eletron,PEV fixo,Ativo,09/09/2019
3532900-016,2025,SP,Nova Europa,3532900,Green Eletron,PEV fixo,Ativo,08/03/2021
2611606-081,2025,PE,  Recife ,2611606,ABREE,Campanha itinerante,Ativo,27/06/2023
3507100-001,2025,SP,  Bom Jesus dos Perdões ,3507100,Green Eletron,PEV fixo,Ativo,04/12/2022
2302305-001,2025,CE,Bela Cruz,2302305,Sistema individual,Ponto de consolidação,Ativo,10/07/2022
3115003-000,2025,MG,Cascalho Rico,3115003,ABREE,Ponto de consolidação,Ativo,08/07/2022
3532009-009,2025,SP,Morungaba,3532009,Sistema individual,Ponto de consolidação,Ativo,13/06/2021
2800308-013,2025,SE,Aracaju,2800308,ABREE,Ponto de consolidação,Ativo,06/08/2020
3305208-001,2025,RJ,São Pedro da Aldeia,3305208,Sistema individual,Ponto de consolidação,Ativo,12/08/2024
5213087-000,2025,GO,Minaçu,5213087,Sistema individual,PEV fixo,Ativo,11/01/2020
4109757-000,2025,PR,Ibema,4109757,Green Eletron,PEV fixo,Ativo,18/02/2024
4314068-000,2025,RS,Passa Sete,4314068,ABREE,PEV fixo,Ativo,07/12/2020
4213807-001,2025,SC,Praia Grande,4213807,ABREE,PEV fixo,Ativo,16/05/2024
2610301-004,2025,PE,Paranatama,2610301,ABREE,PEV fixo,Ativo,09/04/2022
4206108-000,2025,SC,Grão Pará,4206108,ABREE,PEV fixo,Ativo,20/02/2025
3509957-001,2025,SP,CANAS,3509957,Green Eletron,PEV fixo,Ativo,15/06/2024
4314902-142,2025,RS,Porto Alegre,4314902,Sistema individual,Campanha itinerante,Ativo,16/01/2023
3524907-000,2025,SP,Jambeiro,3524907,Green Eletron,PEV fixo,Ativo,27/11/2020
2611606-030,2025,PE,RECIFE,2611606,Sistema individual,PEV fixo,Ativo,01/04/2020
1300706-005,2025,AM,  Boca do Acre ,1300706,ABREE,PEV fixo,Ativo,11/10/2023
2111003-000,2025,MA,São João Batista,2111003,Green Eletron,PEV fixo,Ativo,23/05/2021
3301876-009,2025,RJ,Iguaba Grande,3301876,Sistema individual,Ponto de consolidação,Ativo,19/05/2023
2924603-000,2025,BA,  Pindobaçu ,2924603,ABREE,PEV fixo,Ativo,14/06/2019
4107553-000,2025,PR,FAROL,4107553,ABREE,PEV fixo,Ativo,02/10/2019
4115457-000,2025,PR,Marquinho,4115457,ABREE,PEV fixo,Ativo,21/12/2019
3104601-000,2025,MG,ASTOLFO DUTRA,3104601,ABREE,PEV fixo,Ativo,11/04/2022
5300108-070,2025,DF,Brasília,5300108,Green Eletron,PEV fixo,Ativo,09/07/2021
3160702-000,2025,MG,Santos Dumont,3160702,ABREE,Campanha itinerante,Ativo,28/03/2019
5216809-000,2025,GO,  Petrolina de Goiás ,5216809,Green Eletron,PEV fixo,Ativo,22/03/2024
3550308-010,2025,SP,São Paulo,3550308,ABREE,PEV fixo,Ativo,07/02/2019
4314902-134,2025,RS,Porto Alegre,4314902,Green Eletron,Ponto de consolidação,Ativo,21/10/2023
3162559-000,2025,MG,SÃO JOÃO DO MANHUAÇU,3162559,Green Eletron,PEV fixo,Ativo,10/01/2021
4108700-000,2025,PR,Grandes Rios,4108700,Sistema individual,PEV fixo,Ativo,02/09/2019
4108650-000,2025,PR,Goioxim,4108650,Green Eletron,PEV fixo,Ativo,17/03/2019
2903409-000,2025,BA,BELMONTE,2903409,Green Eletron,Campanha itinerante,Ativo,26/03/2023
1508100-000,2025,PA,Tucuruí,1508100,ABREE,PEV fixo,Ativo,28/07/2023
1200328-000,2025,AC,Jordao,1200328,ABREE,Ponto de consolidação,Ativo,27/09/2022
4124400-000,2025,PR,Santo Antônio do Sudoeste,4124400,ABREE,PEV fixo,Ativo,19/03/2019
5208707-021,2025,GO,GOIÂNIA,5208707,ABREE,PEV fixo,Ativo,09/02/2022
2903300-000,2025,BA,Barro Preto,2903300,ABREE,PEV fixo,Ativo,10/08/2022
3106200-182,2025,MG,Belo Horizonte,3106200,ABREE,PEV fixo,Ativo,05/11/2022
3553955-001,2025,SP,  Tarumã ,3553955,Green Eletron,PEV fixo,Ativo,17/06/2021
2302305-000,2025,CE,BELA CRUZ,2302305,Green Eletron,PEV fixo,Ativo,25/06/2022
2111300-098,2025,MA,São Luís,2111300,ABREE,PEV fixo,Ativo,16/03/2023
2202653-000,2025,PI,Caxingó,2202653,ABREE,PEV fixo,Ativo,07/01/2021
3106200-141,2025,MG,BELO HORIZONTE,3106200,ABREE,PEV fixo,Ativo,10/09/2021
4318440-000,2025,RS,Sao Jorge,4318440,ABREE,Ponto de consolidação,Ativo,13/02/2019
2203602-000,2025,PI,Eliseu Martins,2203602,ABREE,PEV fixo,Ativo,21/06/2023
3550308-266,2025,SP,São Paulo,3550308,ABREE,PEV fixo,Ativo,19/02/2022
3503406-000,2025,SP,Arealva,3503406,ABREE,PEV fixo,Ativo,23/09/2022
2611606-038,2025,PE,Recife,2611606,Green Eletron,PEV fixo,Ativo,19/06/2021
4112207-003,2025,PR,Janiópolis,4112207,ABREE,PEV fixo,Ativo,14/06/2025
4314902-164,2025,RS,Porto Alegre,4314902,ABREE,PEV fixo,Ativo,23/08/2024
2513000-003,2025,PB,Salgadinho,2513000,ABREE,PEV fixo,Ativo,27/04/2024
3301207-000,2025,RJ,Carmo,3301207,Green Eletron,PEV fixo,Ativo,27/09/2020
2209351-000,2025,PI,Santana do Piauí,2209351,ABREE,PEV fixo,Ativo,06/03/2023
2920452-001,2025,BA,Mansidão,2920452,ABREE,PEV fixo,Ativo,19/07/2024
2922656-001,2025,BA,Nordestina,2922656,ABREE,PEV fixo,Ativo,02/02/2019
1500701-000,2025,PA,ANAJÁS,1500701,Green Eletron,PEV fixo,Ativo,11/01/2022
3143104-000,2025,MG,Monte Carmelo,3143104,ABREE,PEV fixo,Ativo,04/08/2020
2515930-000,2025,PB,Sertãozinho,2515930,Green Eletron,PEV fixo,Ativo,17/08/2024
4212809-000,2025,SC,Balneário Piçarras,4212809,Green Eletron,Campanha itinerante,Ativo,26/11/2025
4310207-011,2025,RS,IJUÍ,4310207,Green Eletron,PEV fixo,Ativo,15/06/2023
3510153-000,2025,SP,Canitar,3510153,ABREE,Campanha itinerante,Ativo,08/11/2023
2405306-000,2025,RN,Januário Cicco (Boa Saúde),2405306,Green Eletron,PEV fixo,Ativo,06/11/2023
2202703-000,2025,PI,COCAL,2202703,ABREE,PEV fixo,Ativo,12/04/2019
2906709-000,2025,BA,Cândido Sales,2906709,Green Eletron,PEV fixo,Ativo,21/04/2020
2612802-000,2025,PE,Santa Terezinha,2612802,Green Eletron,Campanha itinerante,Ativo,10/02/2023
3513009-000,2025,SP,COTIA,3513009,Sistema individual,PEV fixo,Ativo,04/10/2019
4314902-062,2025,RS,Porto Alegre,4314902,Green Eletron,PEV fixo,Ativo,19/06/2021
2922656-006,2025,BA,NORDESTINA,,ABREE,PEV fixo,Ativo,07/07/2022
4309050-001,2025,RS,GLORINHA,4309050,Green Eletron,PEV fixo,Ativo,17/06/2024
1200203-000,2025,AC,CRUZEIRO DO SUL,1200203,ABREE,PEV fixo,Inativo,14/07/2019
3301900-000,2025,RJ,ITABORAÍ,3301900,Sistema individual,PEV fixo,Ativo,10/01/2022
4209805-000,2025,SC,Leoberto Leal,4209805,Green Eletron,Ponto de consolidação,Ativo,20/06/2019
3536208-001,2025,SP,PARIQUERA-AÇU,3536208,ABREE,PEV fixo,Ativo,06/04/2024
3118403-000,2025,MG,CONSELHEIRO PENA,3118403,ABREE,Campanha itinerante,Ativo,13/01/2020
1300805-005,2025,AM,  Borba ,1300805,ABREE,PEV fixo,Ativo,22/01/2025
1400100-000,2025,RR,Boa Vista,1400100,ABREE,PEV fixo,Ativo,09/01/2021
3550308-345,2025,SP,SÃO PAULO,3550308,ABREE,PEV fixo,Ativo,07/12/2023
1506906-001,2025,PA,Santarem Novo,1506906,ABREE,PEV fixo,Ativo,20/10/2023
3302270-000,2025,RJ,Japeri,3302270,ABREE,PEV fixo,Ativo,27/01/2023
4106001-000,2025,PR,CONGONHINHAS,4106001,ABREE,PEV fixo,Ativo,26/10/2019
4314001-000,2025,RS,Paraí,4314001,ABREE,PEV fixo,Ativo,26/11/2022
4211876-003,2025,SC,Paial,4211876,ABREE,PEV fixo,Ativo,17/07/2022
3202652-000,2025,ES,IRUPI,3202652,Green Eletron,PEV fixo,Ativo,26/12/2022
4314902-105,2025,RS,  Porto Alegre ,4314902,ABREE,PEV fixo,Ativo,19/10/2022
3305505-004,2025,RJ,  Saquarema ,3305505,Green Eletron,PEV fixo,Ativo,12/08/2024
3305307-008,2025,RJ,Sao Sebastiao do Alto,3305307,Green Eletron,PEV fixo,Ativo,27/05/2020
3118601-000,2025,MG,  Contagem ,3118601,Green Eletron,PEV fixo,Ativo,06/04/2019
3304557-060,2025,RJ,Rio de Janeiro,3304557,ABREE,PEV fixo,Ativo,25/08/2020
5300108-052,2025,DF,BRASÍLIA,5300108,Green Eletron,PEV fixo,Ativo,24/01/2021
4127858-000,2025,PR,TRÊS BARRAS DO PARANÁ,4127858,ABREE,Ponto de consolidação,Ativo,17/03/2023
1703867-000,2025,TO,Cariri do Tocantins,1703867,Green Eletron,PEV fixo,Ativo,05/07/2023
2932101-000,2025,BA,Ubaira,2932101,ABREE,PEV fixo,Ativo,14/07/2021
3125507-000,2025,MG,São Gonçalo do Rio Preto,,Sistema individual,PEV fixo,Ativo,15/06/2020
3528809-000,2025,SP,  Maracaí ,3528809,Green Eletron,PEV fixo,Ativo,08/05/2025
3304557-153,2025,RJ,RIO DE JANEIRO,3304557,ABREE,PEV fixo,Ativo,09/05/2022
5108808-000,2025,MT,Nova Guarita,5108808,ABREE,PEV fixo,Ativo,02/06/2024
2307601-002,2025,CE,Limoeiro do Norte,2307601,ABREE,Campanha itinerante,Ativo,05/06/2024
2304400-098,2025,CE,Fortaleza,2304400,Sistema individual,PEV fixo,Ativo,13/01/2023
3557105-000,2025,SP,Votuporanga,3557105,ABREE,PEV fixo,Ativo,04/05/2020
4314902-143,2025,RS,PORTO ALEGRE,4314902,ABREE,PEV fixo,Ativo,02/07/2023
2110278-000,2025,MA,SANTO AMARO DO MARANHÃO,2110278,Green Eletron,Campanha itinerante,Ativo,10/05/2020
2111300-022,2025,MA,São Luís,2111300,ABREE,PEV fixo,Ativo,17/05/2019
4310603-000,2025,RS,Itaqui,4310603,ABREE,Ponto de consolidação,Ativo,24/10/2020
3169109-000,2025,MG,TOLEDO,3169109,ABREE,PEV fixo,Ativo,11/08/2025
3106200-203,2025,MG,BELO HORIZONTE,3106200,ABREE,PEV fixo,Ativo,01/09/2022
5300108-078,2025,DF,  Brasília ,5300108,Green Eletron,PEV fixo,Ativo,22/11/2022
3302700-005,2025,RJ,MARICÁ,3302700,Green Eletron,Campanha itinerante,Ativo,20/02/2019
3551306-008,2025,SP,SEBASTIANÓPOLIS DO SUL,3551306,Green Eletron,PEV fixo,Ativo,15/03/2023
4314902-073,2025,RS,Porto Alegre,4314902,Green Eletron,PEV fixo,Ativo,11/08/2021
4217758-000,2025,SC,Sul Brasil,,Green Eletron,Ponto de consolidação,Ativo,20/08/2021
2612455-001,2025,PE,Santa Cruz,2612455,ABREE,Campanha itinerante,Ativo,19/07/2024
2927408-004,2025,BA,Salvador,2927408,ABREE,PEV fixo,Ativo,01/04/2019
3106200-132,2025,MG,BELO HORIZONTE,3106200,Green Eletron,PEV fixo,Ativo,18/04/2021
2304400-082,2025,CE,Fortaleza,2304400,ABREE,PEV fixo,Ativo,27/04/2022
2105658-000,2025,MA,JUNCO DO MARANHÃO,2105658,Green Eletron,PEV fixo,Ativo,08/04/2023
2112852-000,2025,MA,Vila Nova dos Martírios,2112852,ABREE,PEV fixo,Ativo,03/03/2019
3520707-000,2025,SP,INDIAPORÃ,3520707,ABREE,PEV fixo,Ativo,14/10/2022
3148905-000,2025,MG,Pedra do Indaiá,3148905,ABREE,PEV fixo,Ativo,11/09/2021
2211209-000,2025,PI,Uruçuí,2211209,Green Eletron,PEV fixo,Ativo,06/10/2021
2927408-140,2025,BA,Salvador,2927408,Sistema individual,PEV fixo,Ativo,14/05/2023
3170503-000,2025,MG,Urucânia,3170503,Green Eletron,PEV fixo,Ativo,20/10/2021
3304557-137,2025,RJ,  Rio de Janeiro ,3304557,ABREE,PEV fixo,Ativo,26/05/2022
2208874-001,2025,PI,Ribeira do Piauí,2208874,Green Eletron,PEV fixo,Ativo,04/12/2024
3304557-085,2025,RJ,Rio de Janeiro,3304557,ABREE,Ponto de consolidação,Ativo,13/07/2021
4127007-000,2025,PR,Teixeira Soares,4127007,ABREE,PEV fixo,Ativo,21/07/2023
2205516-001,2025,PI,JUAZEIRO DO PIAUÍ,2205516,ABREE,PEV fixo,Ativo,14/11/2024
4311791-000,2025,RS,Maratá,4311791,ABREE,PEV fixo,Ativo,19/05/2020
4313334-005,2025,RS,Nova Ramada,4313334,Green Eletron,Ponto de consolidação,Ativo,03/12/2023
2302107-002,2025,CE,Baturité,2302107,ABREE,PEV fixo,Ativo,27/06/2020
4111555-000,2025,PR,  Ivaté ,4111555,Green Eletron,PEV fixo,Ativo,28/03/2023
4119103-000,2025,PR,Piên,4119103,Green Eletron,PEV fixo,Ativo,18/07/2025
3554508-001,2025,SP,Tietê,3554508,ABREE,Campanha itinerante,Ativo,05/02/2025
5106315-000,2025,MT,Novo Santo Antonio,5106315,ABREE,PEV fixo,Ativo,22/01/2022
3543006-004,2025,SP,RIBEIRÃO BRANCO,3543006,Green Eletron,Campanha itinerante,Ativo,03/08/2021
2211001-009,2025,PI,TERESINA,2211001,Green Eletron,PEV fixo,Ativo,03/04/2020
4215802-000,2025,SC,SÃO BENTO DO SUL,4215802,Green Eletron,Campanha itinerante,Ativo,09/02/2022
2927408-047,2025,BA,Salvador,2927408,Green Eletron,PEV fixo,Ativo,24/03/2020
4106902-048,2025,PR,CURITIBA,4106902,Sistema individual,PEV fixo,Ativo,21/01/2022
3522901-000,2025,SP,Itapuí,,Green Eletron,Ponto de consolidação,Ativo,24/01/2021
2917409-000,2025,BA,JACARACI,2917409,Sistema individual,Campanha itinerante,Ativo,04/05/2023
3526001-000,2025,SP,JUNQUEIRÓPOLIS,3526001,ABREE,PEV fixo,Ativo,26/05/2025
3555109-018,2025,SP,Tupi Paulista,3555109,ABREE,PEV fixo,Ativo,13/01/2024
2412500-000,2025,RN,SÃO MIGUEL,2412500,ABREE,PEV fixo,Ativo,13/08/2019
2104206-002,2025,MA,Fortuna,2104206,ABREE,Campanha itinerante,Ativo,11/09/2023
3550308-067,2025,SP,São Paulo,3550308,ABREE,PEV fixo,Ativo,01/09/2019
2927408-106,2025,BA,SALVADOR,2927408,Green Eletron,PEV fixo,Ativo,11/07/2022
4215356-000,2025,SC,Saltinho,4215356,ABREE,PEV fixo,Ativo,18/06/2020
3522901-002,2025,SP,Itapui,3522901,Green Eletron,PEV fixo,Ativo,14/03/2022
3541653-007,2025,SP,Quadra,3541653,Green Eletron,PEV fixo,Ativo,02/03/2023
2612901-000,2025,PE,São Benedito do Sul,2612901,ABREE,PEV fixo,Ativo,07/10/2019
3532900-025,2025,SP,  Nova Europa ,3532900,ABREE,PEV fixo,Ativo,02/09/2023
2307403-000,2025,CE,Jucás,2307403,Green Eletron,PEV fixo,Ativo,25/06/2021
2101731-000,2025,MA,Belágua,2101731,ABREE,PEV fixo,Inativo,18/12/2020
3549508-005,2025,SP,São José da Bela Vista,3549508,Sistema individual,PEV fixo,Ativo,03/12/2021
3500600-001,2025,SP,Aguas de Sao Pedro,3500600,Green Eletron,PEV fixo,Ativo,12/02/2021
3302205-000,2025,RJ,ITAPERUNA,3302205,Green Eletron,Campanha itinerante,Ativo,22/09/2023
2106326-000,2025,MA,Maracaçumé,2106326,Green Eletron,Campanha itinerante,Ativo,09/09/2021
2305266-000,2025,CE,Ibaretama,2305266,ABREE,PEV fixo,Ativo,23/08/2021
3302403-016,2025,RJ,Macae,3302403,ABREE,PEV fixo,Ativo,21/06/2023
4127205-000,2025,PR,TERRA BOA,4127205,ABREE,Ponto de consolidação,Ativo,08/06/2021
4107900-000,2025,PR,Floresta,4107900,ABREE,PEV fixo,Ativo,18/12/2022
2108900-000,2025,MA,Pocao de Pedras,2108900,Green Eletron,PEV fixo,Ativo,16/09/2022
4205407-083,2025,SC,Florianópolis,4205407,ABREE,PEV fixo,Ativo,03/05/2023
3160207-004,2025,MG,Santo Antonio do Itambe,3160207,ABREE,PEV fixo,Ativo,18/01/2020
1501204-007,2025,PA,  Baião ,1501204,ABREE,PEV fixo,Ativo,06/05/2021
4314902-037,2025,RS,Porto Alegre,4314902,Green Eletron,PEV fixo,Ativo,21/03/2020
3106200-183,2025,MG,  Belo Horizonte ,3106200,ABREE,PEV fixo,Ativo,17/05/2022
3550308-047,2025,SP,São Paulo,3550308,Green Eletron,PEV fixo,Ativo,02/06/2019
3553807-000,2025,SP,TAQUARITUBA,3553807,ABREE,PEV fixo,Ativo,14/10/2022
1706100-000,2025,TO,Cristalândia,1706100,Green Eletron,PEV fixo,Ativo,10/12/2022
2209302-001,2025,PI,Santa Luz,2209302,Sistema individual,PEV fixo,Ativo,17/05/2022
3304557-206,2025,RJ,RIO DE JANEIRO,3304557,ABREE,PEV fixo,Inativo,07/11/2024
5209101-000,2025,GO,Goiatuba,5209101,Green Eletron,PEV fixo,Ativo,26/01/2024
3304557-107,2025,RJ,Rio de Janeiro,3304557,Green Eletron,PEV fixo,Ativo,17/03/2021
3539608-000,2025,SP,Planalto,3539608,Green Eletron,PEV fixo,Ativo,24/08/2022
2304400-099,2025,CE,Fortaleza,2304400,Green Eletron,PEV fixo,Ativo,10/06/2023
4314902-038,2025,RS,PORTO ALEGRE,4314902,ABREE,PEV fixo,Ativo,13/12/2020
3166709-000,2025,MG,Serra dos Aimorés,3166709,ABREE,PEV fixo,Ativo,15/09/2023
4305871-000,2025,RS,CORONEL BARROS,4305871,Green Eletron,PEV fixo,Ativo,11/05/2023
2306306-000,2025,CE,ITAPAJÉ,2306306,Green Eletron,PEV fixo,Ativo,11/05/2024
3528007-000,2025,SP,Macatuba,3528007,ABREE,PEV fixo,Ativo,18/08/2022
1302702-000,2025,AM,Manicoré,1302702,ABREE,PEV fixo,Ativo,02/12/2022
3139904-000,2025,MG,Maria da Fé,3139904,ABREE,Campanha itinerante,Ativo,16/12/2021
3106200-116,2025,MG,Belo Horizonte,3106200,Sistema individual,PEV fixo,Ativo,26/02/2021
3556453-000,2025,SP,VARGEM GRANDE PAULISTA,3556453,Green Eletron,PEV fixo,Ativo,02/02/2019
4115200-000,2025,PR,MARINGÁ,4115200,ABREE,PEV fixo,Ativo,27/03/2021
2109304-000,2025,MA,Presidente Vargas,2109304,ABREE,PEV fixo,Ativo,12/06/2021
2612505-000,2025,PE,Santa Cruz do Capibaribe,2612505,ABREE,PEV fixo,Ativo,04/02/2019
3301108-028,2025,RJ,Cantagalo,3301108,ABREE,Campanha itinerante,Ativo,20/09/2024
3550308-028,2025,SP,Sao Paulo,3550308,ABREE,PEV fixo,Ativo,26/02/2019
2800100-000,2025,SE,AMPARO DE SÃO FRANCISCO,2800100,ABREE,PEV fixo,Ativo,26/12/2019
5300108-032,2025,DF,Brasilia,5300108,Green Eletron,PEV fixo,Ativo,14/06/2020
4128708-000,2025,PR,  Vitorino ,4128708,Green Eletron,PEV fixo,Inativo,04/11/2020
4106902-001,2025,PR,Curitiba,4106902,Green Eletron,PEV fixo,Ativo,27/09/2020
3542602-005,2025,SP,  Registro ,3542602,Sistema individual,PEV fixo,Inativo,13/04/2021
1711951-000,2025,TO,Lagoa do Tocantins,1711951,ABREE,PEV fixo,Ativo,24/09/2019
2304400-005,2025,CE,FORTALEZA,2304400,ABREE,PEV fixo,Ativo,17/08/2019
2608701-000,2025,PE,Lagoa dos Gatos,2608701,ABREE,PEV fixo,Ativo,01/03/2020
3150000-000,2025,MG,Pescador,3150000,Green Eletron,Ponto de consolidação,Ativo,28/02/2025
3538808-035,2025,SP,Piraju,3538808,Green Eletron,Ponto de consolidação,Ativo,20/04/2023
2207306-000,2025,PI,Paes Landim,2207306,Green Eletron,PEV fixo,Ativo,25/09/2019
2800308-006,2025,SE,Aracaju,2800308,ABREE,PEV fixo,Ativo,08/01/2019
4106902-046,2025,PR,Curitiba,4106902,ABREE,PEV fixo,Ativo,15/08/2021
3304557-010,2025,RJ,  Rio de Janeiro ,3304557,ABREE,PEV fixo,Ativo,12/11/2020
3106200-277,2025,MG,Belo Horizonte,3106200,Green Eletron,PEV fixo,Ativo,01/09/2023
2611606-066,2025,PE,RECIFE,2611606,ABREE,PEV fixo,Ativo,01/02/2022
3550308-198,2025,SP,SÃO PAULO,3550308,Sistema individual,PEV fixo,Ativo,09/01/2021
1501402-007,2025,PA,BELÉM,1501402,ABREE,PEV fixo,Ativo,20/09/2020
2505907-000,2025,PB,Emas,2505907,ABREE,Campanha itinerante,Ativo,25/09/2024
4319109-000,2025,RS,  São Martinho ,4319109,ABREE,PEV fixo,Inativo,24/11/2019
3503703-002,2025,SP,Ariranha,3503703,ABREE,Ponto de consolidação,Ativo,09/10/2020
3557105-001,2025,SP,  Votuporanga ,3557105,ABREE,Ponto de consolidação,Ativo,07/01/2023
2927408-077,2025,BA,Salvador,2927408,Green Eletron,PEV fixo,Ativo,10/10/2021
3303104-003,2025,RJ,Natividade,3303104,Green Eletron,PEV fixo,Ativo,12/11/2024
3106200-108,2025,MG,Belo Horizonte,3106200,ABREE,PEV fixo,Ativo,03/01/2021
3550308-026,2025,SP,São Paulo,3550308,ABREE,PEV fixo,Ativo,16/08/2019
3141207-000,2025,MG,Matutina,3141207,ABREE,Campanha itinerante,Inativo,15/11/2025
3520442-003,2025,SP,Ilha Solteira,3520442,ABREE,PEV fixo,Ativo,06/07/2024
4318051-000,2025,RS,São Domingos do Sul,4318051,ABREE,PEV fixo,Ativo,18/07/2020
4303608-001,2025,RS,Cambará do Sul,4303608,ABREE,Ponto de consolidação,Ativo,08/09/2025
4205407-026,2025,SC,Florianópolis,4205407,Green Eletron,PEV fixo,Ativo,10/02/2020
3550308-295,2025,SP,São Paulo,3550308,Green Eletron,PEV fixo,Ativo,11/06/2022
3106200-292,2025,MG,Belo Horizonte,3106200,Green Eletron,PEV fixo,Ativo,09/02/2024
3532900-014,2025,SP,Nova Europa,3532900,ABREE,PEV fixo,Ativo,02/02/2021
3300951-003,2025,RJ,Comendador Levy Gasparian,3300951,Green Eletron,PEV fixo,Ativo,05/11/2021
3160207-005,2025,MG,SANTO ANTÔNIO DO ITAMBÉ,3160207,Green Eletron,Ponto de consolidação,Ativo,11/01/2020
3550308-042,2025,SP,São Paulo,3550308,ABREE,PEV fixo,Ativo,21/06/2019
2413359-001,2025,RN,Serra do Mel,2413359,Green Eletron,PEV fixo,Ativo,09/02/2022
4305157-000,2025,RS,Cerro Grande,4305157,ABREE,PEV fixo,Ativo,22/04/2025
4205407-002,2025,SC,FLORIANÓPOLIS,4205407,ABREE,PEV fixo,Ativo,03/10/2019
2408102-015,2025,RN,Natal,2408102,ABREE,PEV fixo,Ativo,13/06/2022
2702702-001,2025,AL,FELIZ DESERTO,2702702,Green Eletron,Ponto de consolidação,Ativo,14/05/2025
2927408-096,2025,BA,SALVADOR,2927408,ABREE,Ponto de consolidação,Ativo,18/01/2021
2304251-006,2025,CE,Cruz,2304251,ABREE,PEV fixo,Ativo,27/02/2021
2927408-068,2025,BA,Salvador,2927408,Green Eletron,PEV fixo,Ativo,21/07/2020
5215207-002,2025,GO,Novo Brasil,5215207,Sistema individual,PEV fixo,Ativo,25/01/2019
5300108-098,2025,DF,BRASÍLIA,5300108,ABREE,PEV fixo,Ativo,02/08/2023
2412104-000,2025,RN,SÃO JOÃO DO SABUGI,2412104,ABREE,PEV fixo,Ativo,11/01/2024
4119657-000,2025,PR,Pitangueiras,4119657,Green Eletron,Campanha itinerante,Ativo,25/04/2020
4115457-002,2025,PR,Marquinho,4115457,ABREE,PEV fixo,Ativo,25/12/2019
4124707-000,2025,PR,São Jerônimo da Serra,4124707,Green Eletron,PEV fixo,Ativo,08/07/2020
3528700-000,2025,SP,MARABÁ PAULISTA,3528700,ABREE,PEV fixo,Ativo,27/10/2019
2601607-000,2025,PE,Belem do Sao Francisco,2601607,ABREE,PEV fixo,Ativo,20/05/2019
2512036-000,2025,PB,POÇO DANTAS,2512036,Green Eletron,PEV fixo,Ativo,28/02/2024
4106902-087,2025,PR,  Curitiba ,4106902,Green Eletron,PEV fixo,Ativo,06/08/2024
2210508-000,2025,PI,Sao Pedro do Piaui,2210508,Green Eletron,PEV fixo,Ativo,01/06/2021
3538808-025,2025,SP,Piraju,3538808,ABREE,PEV fixo,Ativo,25/05/2021
4314902-048,2025,RS,PORTO ALEGRE,4314902,Green Eletron,Ponto de consolidação,Ativo,11/07/2020
4312252-000,2025,RS,Minas do Leão,,ABREE,PEV fixo,Ativo,01/10/2022
1508209-008,2025,PA,VIGIA,1508209,ABREE,PEV fixo,Ativo,14/11/2022
3124203-001,2025,MG,Espera Feliz,3124203,ABREE,Ponto de consolidação,Ativo,09/10/2024
4119707-000,2025,PR,Planaltina do Parana,4119707,ABREE,PEV fixo,Ativo,13/06/2019
2406908-000,2025,RN,Lucrécia,2406908,Green Eletron,PEV fixo,Ativo,09/01/2022
1302405-000,2025,AM,Lábrea,1302405,ABREE,Campanha itinerante,Ativo,11/11/2020
4314902-111,2025,RS,Porto Alegre,4314902,Green Eletron,PEV fixo,Ativo,27/11/2022
3542503-000,2025,SP,REGINÓPOLIS,3542503,Sistema individual,PEV fixo,Ativo,11/02/2023
4107751-000,2025,PR,Figueira,4107751,ABREE,PEV fixo,Ativo,04/07/2019
2919702-000,2025,BA,MACARANI,2919702,Green Eletron,Campanha itinerante,Ativo,20/10/2023
3545100-004,2025,SP,Salmourão,3545100,Green Eletron,Ponto de consolidação,Ativo,26/04/2024
3550308-171,2025,SP,SÃO PAULO,3550308,Green Eletron,PEV fixo,Ativo,15/06/2020
3302700-013,2025,RJ,Maricá,3302700,Green Eletron,PEV fixo,Ativo,24/06/2022
3550308-271,2025,SP,São Paulo,3550308,ABREE,PEV fixo,Ativo,01/08/2022
2908804-000,2025,BA,Contendas do Sincorá,2908804,Green Eletron,PEV fixo,Ativo,06/04/2025
3550308-301,2025,SP,São Paulo,3550308,ABREE,PEV fixo,Ativo,11/04/2022
3507753-000,2025,SP,Brejo Alegre,3507753,ABREE,PEV fixo,Ativo,13/03/2022
3550605-001,2025,SP,São Roque,3550605,ABREE,PEV fixo,Ativo,05/02/2024
3302403-010,2025,RJ,  Macaé ,3302403,ABREE,PEV fixo,Ativo,17/07/2021
3106200-279,2025,MG,Belo Horizonte,3106200,ABREE,PEV fixo,Ativo,15/09/2023
2307205-000,2025,CE,Jati,2307205,ABREE,PEV fixo,Ativo,18/06/2022
3106200-058,2025,MG,Belo Horizonte,3106200,ABREE,PEV fixo,Ativo,03/01/2020
4100509-000,2025,PR,Altônia,4100509,Green Eletron,PEV fixo,Ativo,21/11/2022
2513406-000,2025,PB,SANTA LUZIA,2513406,Green Eletron,PEV fixo,Ativo,26/05/2020
3550308-044,2025,SP,São Paulo,3550308,ABREE,PEV fixo,Ativo,02/05/2019
2304400-035,2025,CE,FORTALEZA,2304400,ABREE,PEV fixo,Ativo,13/12/2020
5300108-024,2025,DF,Brasília,5300108,Green Eletron,PEV fixo,Ativo,08/03/2019
2507804-000,2025,PB,Junco do Seridó,2507804,ABREE,PEV fixo,Ativo,16/02/2020
3519204-000,2025,SP,IACRI,3519204,Green Eletron,Campanha itinerante,Ativo,11/06/2019
2311231-000,2025,CE,POTIRETAMA,2311231,Green Eletron,Ponto de consolidação,Ativo,12/10/2022
2800407-000,2025,SE,Arauá,2800407,Green Eletron,PEV fixo,Ativo,10/06/2021
5007901-000,2025,MS,Sidrolandia,5007901,Green Eletron,PEV fixo,Ativo,19/09/2022
2927408-007,2025,BA,Salvador,2927408,Green Eletron,PEV fixo,Ativo,10/03/2019
3526803-001,2025,SP,Lençóis Paulista,3526803,ABREE,Ponto de consolidação,Ativo,08/08/2019
1200351-000,2025,AC,MARECHAL THAUMATURGO,1200351,Sistema individual,PEV fixo,Ativo,21/11/2024
3550308-260,2025,SP,Sao Paulo,3550308,Green Eletron,Campanha itinerante,Ativo,16/10/2022
3203056-000,2025,ES,JAGUARÉ,3203056,ABREE,PEV fixo,Ativo,18/03/2024
5221908-000,2025,GO,Varjão,5221908,ABREE,PEV fixo,Ativo,12/02/2021
2909000-000,2025,BA,Cordeiros,2909000,ABREE,PEV fixo,Ativo,16/09/2021
1200336-000,2025,AC,Mâncio Lima,1200336,Green Eletron,PEV fixo,Ativo,15/05/2022
4207684-000,2025,SC,Ipuaçu,4207684,ABREE,PEV fixo,Ativo,22/10/2021
2924009-000,2025,BA,PAULO AFONSO,2924009,ABREE,PEV fixo,Ativo,14/11/2021
1100700-000,2025,RO,Campo Novo de Rondônia,1100700,Green Eletron,PEV fixo,Ativo,18/02/2022
3159001-000,2025,MG,SANTANA DO RIACHO,3159001,ABREE,PEV fixo,Ativo,11/06/2023
2304400-022,2025,CE,Fortaleza,2304400,Green Eletron,PEV fixo,Ativo,13/10/2019
3540200-000,2025,SP,Pontal,3540200,Green Eletron,Campanha itinerante,Ativo,23/11/2021
3154101-000,2025,MG,Recreio,3154101,ABREE,PEV fixo,Ativo,28/09/2024
3539509-001,2025,SP,Pitangueiras,3539509,ABREE,PEV fixo,Ativo,15/06/2020
3500600-002,2025,SP,ÁGUAS DE SÃO PEDRO,3500600,ABREE,PEV fixo,Ativo,20/12/2022
4211876-006,2025,SC,  Paial ,4211876,ABREE,Ponto de consolidação,Ativo,12/07/2024
3557006-001,2025,SP,Votorantim,3557006,ABREE,PEV fixo,Ativo,12/08/2020
1100205-008,2025,RO,Porto Velho,1100205,ABREE,PEV fixo,Ativo,04/02/2022
4106902-023,2025,PR,Curitiba,4106902,Green Eletron,Ponto de consolidação,Ativo,27/06/2020
1101559-000,2025,RO,Teixeirópolis,1101559,ABREE,Ponto de consolidação,Ativo,22/02/2021
3144706-001,2025,MG,Nova Era,3144706,Green Eletron,PEV fixo,Ativo,04/09/2023
5300108-025,2025,DF,Brasília,5300108,Green Eletron,PEV fixo,Ativo,07/09/2019
5107792-000,2025,MT,Santo Antônio do Leste,,Sistema individual,PEV fixo,Ativo,05/02/2020
2111300-050,2025,MA,  São Luís ,2111300,ABREE,PEV fixo,Ativo,27/07/2020
2927408-136,2025,BA,Salvador,2927408,Green Eletron,PEV fixo,Ativo,04/10/2023
1300086-000,2025,AM,Anamã,1300086,ABREE,PEV fixo,Ativo,26/09/2020
3550308-174,2025,SP,São Paulo,3550308,Sistema individual,PEV fixo,Ativo,04/08/2020
2506608-000,2025,PB,Ibiara,2506608,ABREE,PEV fixo,Ativo,27/04/2020
5209150-000,2025,GO,Gouvelândia,5209150,Green Eletron,PEV fixo,Ativo,02/07/2024
3543238-000,2025,SP,Ribeirão dos Índios,3543238,Green Eletron,PEV fixo,Ativo,25/12/2024
3550308-212,2025,SP,SÃO PAULO,3550308,ABREE,PEV fixo,Ativo,05/11/2021
5104542-000,2025,MT,Itanhangá,5104542,Green Eletron,PEV fixo,Ativo,09/01/2021
1716307-000,2025,TO,  Pau D'Arco ,1716307,ABREE,PEV fixo,Ativo,21/09/2024
2921609-000,2025,BA,Morpará,2921609,ABREE,PEV fixo,Ativo,03/08/2022
4220000-002,2025,SC,Balneario Rincao,4220000,ABREE,PEV fixo,Ativo,06/10/2022
4106902-016,2025,PR,CURITIBA,4106902,ABREE,Campanha itinerante,Ativo,21/03/2020
3532009-006,2025,SP,Morungaba,3532009,Green Eletron,PEV fixo,Ativo,20/03/2020
3305307-015,2025,RJ,São Sebastião do Alto,3305307,ABREE,PEV fixo,Ativo,02/02/2022
4205506-000,2025,SC,Fraiburgo,4205506,Green Eletron,PEV fixo,Inativo,09/10/2020
5300108-058,2025,DF,  Brasília ,5300108,ABREE,PEV fixo,Ativo,28/05/2021
3546009-001,2025,SP,Santa Branca,3546009,ABREE,PEV fixo,Ativo,24/08/2019
4103800-000,2025,PR,Cambira,4103800,Green Eletron,PEV fixo,Ativo,20/03/2019
3550605-000,2025,SP,São Roque,3550605,Green Eletron,Campanha itinerante,Ativo,12/07/2021
3550308-136,2025,SP,São Paulo,3550308,ABREE,Campanha itinerante,Ativo,27/03/2020
2927408-020,2025,BA,Salvador,2927408,ABREE,PEV fixo,Ativo,23/01/2019
3304557-187,2025,RJ,RIO DE JANEIRO,3304557,ABREE,PEV fixo,Ativo,01/12/2023
1721000-007,2025,TO,PALMAS,1721000,ABREE,Campanha itinerante,Ativo,26/04/2021
1506708-000,2025,PA,SANTANA DO ARAGUAIA,1506708,Green Eletron,Ponto de consolidação,Ativo,02/09/2019
3550308-111,2025,SP,  São Paulo ,3550308,ABREE,PEV fixo,Ativo,22/01/2020
4204350-000,2025,SC,Cordilheira Alta,4204350,Green Eletron,PEV fixo,Ativo,15/11/2022
2928307-000,2025,BA,SANTANÓPOLIS,2928307,ABREE,PEV fixo,Ativo,14/03/2021
2206951-000,2025,PI,Novo Santo Antonio,2206951,ABREE,Ponto de consolidação,Ativo,04/07/2021
3302403-000,2025,RJ,Macaé,3302403,ABREE,PEV fixo,Ativo,09/11/2019
1505205-000,2025,PA,Oeiras do Pará,1505205,Green Eletron,Campanha itinerante,Ativo,06/12/2019
4314902-167,2025,RS,Porto Alegre,4314902,Green Eletron,PEV fixo,Ativo,23/09/2024
2611606-006,2025,PE,RECIFE,2611606,ABREE,PEV fixo,Ativo,23/12/2020
4308102-001,2025,RS,FELIZ,4308102,Green Eletron,PEV fixo,Ativo,01/05/2022
3205101-000,2025,ES,  Viana ,3205101,Green Eletron,PEV fixo,Ativo,02/09/2020
1100023-000,2025,RO,Ariquemes,1100023,ABREE,PEV fixo,Inativo,23/12/2021
4314902-158,2025,RS,  Porto Alegre ,4314902,ABREE,PEV fixo,Ativo,04/01/2023
2610202-001,2025,PE,Panelas,2610202,Green Eletron,PEV fixo,Ativo,14/04/2022
2918605-001,2025,BA,Jussiape,2918605,Sistema individual,Ponto de consolidação,Ativo,07/06/2023
3550308-183,2025,SP,São Paulo,3550308,Sistema individual,PEV fixo,Ativo,23/08/2021
2111300-054,2025,MA,  São Luís ,2111300,Green Eletron,PEV fixo,Ativo,13/03/2021
2605509-000,2025,PE,FERREIROS,2605509,ABREE,PEV fixo,Ativo,22/02/2021
4305702-000,2025,RS,CONDOR,4305702,Green Eletron,PEV fixo,Ativo,08/12/2023
3305752-007,2025,RJ,Tanguá,3305752,Green Eletron,PEV fixo,Ativo,03/05/2022
4115705-000,2025,PR,MATINHOS,4115705,ABREE,Ponto de consolidação,Ativo,19/05/2023
2703205-003,2025,AL,IGREJA NOVA,2703205,ABREE,PEV fixo,Ativo,22/10/2025
4108320-000,2025,PR,Francisco Alves,4108320,Green Eletron,PEV fixo,Ativo,21/06/2022
3105103-000,2025,MG,Bambui,3105103,Green Eletron,PEV fixo,Ativo,10/07/2024
3541653-001,2025,SP,Quadra,3541653,ABREE,PEV fixo,Ativo,09/06/2020
2611606-044,2025,PE,Recife,2611606,Green Eletron,PEV fixo,Ativo,25/10/2021
3555406-000,2025,SP,  Ubatuba ,3555406,ABREE,PEV fixo,Ativo,21/05/2023
2509503-000,2025,PB,Montadas,2509503,Sistema individual,PEV fixo,Ativo,24/03/2019
1504208-002,2025,PA,Marabá,1504208,Green Eletron,PEV fixo,Ativo,17/10/2020
5300108-014,2025,DF,Brasília,5300108,ABREE,PEV fixo,Ativo,24/06/2019
3544251-002,2025,SP,ROSANA,3544251,Green Eletron,PEV fixo,Ativo,19/12/2023
4300901-000,2025,RS,ARATIBA,4300901,Sistema individual,PEV fixo,Ativo,22/05/2020
2414407-000,2025,RN,TOUROS,2414407,ABREE,PEV fixo,Ativo,10/02/2022
3549904-006,2025,SP,São José dos Campos,3549904,ABREE,Ponto de consolidação,Ativo,02/03/2022
4116505-000,2025,PR,Nova Aliança do Ivaí,4116505,Green Eletron,PEV fixo,Ativo,24/12/2023
3130606-000,2025,MG,  Inconfidentes ,3130606,ABREE,PEV fixo,Ativo,25/11/2020
2408102-007,2025,RN,Natal,2408102,Green Eletron,Ponto de consolidação,Ativo,09/12/2020
2927408-137,2025,BA,Salvador,2927408,ABREE,PEV fixo,Ativo,03/10/2023
5007802-000,2025,MS,Selvíria,5007802,Sistema individual,PEV fixo,Ativo,05/01/2022
3549250-000,2025,SP,São João de Iracema,3549250,Sistema individual,Campanha itinerante,Ativo,03/04/2019
3106200-118,2025,MG,Belo Horizonte,3106200,Green Eletron,PEV fixo,Ativo,23/12/2021
4310108-000,2025,RS,Igrejinha,4310108,Green Eletron,PEV fixo,Ativo,26/01/2021
4304002-000,2025,RS,Campo Novo,4304002,Green Eletron,PEV fixo,Ativo,07/02/2025
2608107-000,2025,PE,JOÃO ALFREDO,2608107,Green Eletron,Campanha itinerante,Ativo,25/06/2019
2207850-002,2025,PI,  Pavussu ,2207850,Green Eletron,PEV fixo,Ativo,02/11/2023
2705101-000,2025,AL,  Matriz de Camaragibe ,2705101,Green Eletron,Ponto de consolidação,Ativo,05/11/2021
3138609-000,2025,MG,Lima Duarte,3138609,ABREE,Campanha itinerante,Ativo,23/02/2024
3106200-254,2025,MG,Belo Horizonte,3106200,ABREE,PEV fixo,Ativo,05/09/2023
2611606-022,2025,PE,RECIFE,2611606,ABREE,PEV fixo,Ativo,10/05/2020
3119500-000,2025,MG,Coronel Murta,3119500,ABREE,PEV fixo,Ativo,13/04/2024
3106200-167,2025,MG,BELO HORIZONTE,3106200,Green Eletron,PEV fixo,Ativo,13/08/2022
3510708-002,2025,SP,CARDOSO,3510708,ABREE,PEV fixo,Ativo,04/06/2022
3505203-003,2025,SP,Bariri,3505203,Green Eletron,PEV fixo,Ativo,21/12/2021
3514205-000,2025,SP,DOLCINÓPOLIS,3514205,ABREE,PEV fixo,Ativo,06/03/2021
2901957-000,2025,BA,Apuarema,2901957,Green Eletron,PEV fixo,Ativo,21/07/2022
3106200-144,2025,MG,Belo Horizonte,3106200,Green Eletron,PEV fixo,Ativo,27/11/2021
5003256-001,2025,MS,COSTA RICA,5003256,Green Eletron,PEV fixo,Ativo,09/06/2024
3302700-015,2025,RJ,Maricá,3302700,Green Eletron,PEV fixo,Ativo,09/06/2022
1504802-000,2025,PA,Monte Alegre,1504802,ABREE,PEV fixo,Ativo,24/02/2025
1717909-000,2025,TO,Ponte Alta do Tocantins,1717909,ABREE,PEV fixo,Ativo,24/02/2019
3106200-290,2025,MG,Belo Horizonte,3106200,Green Eletron,Ponto de consolidação,Ativo,23/04/2024
3549904-008,2025,SP,Sao Jose dos Campos,3549904,Green Eletron,Campanha itinerante,Ativo,01/09/2023
4220000-003,2025,SC,BALNEÁRIO RINCÃO,4220000,Green Eletron,Ponto de consolidação,Ativo,17/10/2023
3550308-230,2025,SP,São Paulo,3550308,Green Eletron,PEV fixo,Ativo,21/11/2021
1303007-000,2025,AM,Nhamundá,1303007,ABREE,PEV fixo,Ativo,13/04/2022
4314902-157,2025,RS,Porto Alegre,4314902,Green Eletron,PEV fixo,Ativo,17/09/2023
3106309-000,2025,MG,Belo Oriente,3106309,Green Eletron,PEV fixo,Ativo,09/12/2022
3501103-005,2025,SP,Alto Alegre,3501103,Sistema individual,Ponto de consolidação,Inativo,01/03/2023
1501725-000,2025,PA,BRASIL NOVO,1501725,ABREE,PEV fixo,Ativo,17/12/2021
3169901-000,2025,MG,UBÁ,3169901,Sistema individual,PEV fixo,Ativo,08/02/2024
2927408-053,2025,BA,Salvador,2927408,Green Eletron,Ponto de consolidação,Ativo,05/01/2020
3304557-043,2025,RJ,RIO DE JANEIRO,3304557,ABREE,PEV fixo,Ativo,02/11/2020
2406809-000,2025,RN,LAJES PINTADAS,2406809,ABREE,PEV fixo,Ativo,20/01/2022
4312625-000,2025,RS,Muliterno,4312625,ABREE,PEV fixo,Ativo,28/05/2022
3534302-001,2025,SP,Orlandia,3534302,Sistema individual,PEV fixo,Ativo,05/11/2025
2504702-000,2025,PB,Congo,2504702,Green Eletron,PEV fixo,Ativo,26/01/2021
3549250-003,2025,SP,São João de Iracema,3549250,Green Eletron,PEV fixo,Ativo,03/04/2021
3550308-040,2025,SP,SÃO PAULO,3550308,Green Eletron,PEV fixo,Ativo,15/09/2019
4205407-014,2025,SC,  Florianópolis ,4205407,ABREE,PEV fixo,Ativo,14/03/2019
4314902-120,2025,RS,Porto Alegre,4314902,Green Eletron,PEV fixo,Ativo,18/08/2022
2921203-000,2025,BA,Miguel Calmon,2921203,ABREE,PEV fixo,Ativo,02/05/2023
3301876-006,2025,RJ,Iguaba Grande,3301876,Green Eletron,PEV fixo,Ativo,28/05/2022
2921005-000,2025,BA,Mata de São João,2921005,ABREE,Campanha itinerante,Ativo,03/02/2021
2103406-000,2025,MA,COELHO NETO,2103406,ABREE,PEV fixo,Ativo,26/10/2022
4205407-012,2025,SC,FLORIANÓPOLIS,4205407,ABREE,PEV fixo,Ativo,18/12/2019
2111300-016,2025,MA,São Luís,2111300,Green Eletron,PEV fixo,Ativo,06/12/2019
2606200-002,2025,PE,GOIANA,2606200,ABREE,PEV fixo,Ativo,04/08/2025
3529708-002,2025,SP,Miguelópolis,3529708,ABREE,PEV fixo,Ativo,28/12/2022
4114807-000,2025,PR,Marialva,4114807,ABREE,PEV fixo,Ativo,15/09/2022
4314902-013,2025,RS,  Porto Alegre ,4314902,Sistema individual,Campanha itinerante,Ativo,09/07/2020
2708006-000,2025,AL,  Santana do Ipanema ,2708006,ABREE,Ponto de consolidação,Ativo,10/06/2020
5300108-054,2025,DF,Brasília,5300108,Green Eletron,Ponto de consolidação,Ativo,19/10/2021
3550308-331,2025,SP,SÃO PAULO,3550308,ABREE,Ponto de consolidação,Ativo,22/12/2023
4120853-000,2025,PR,Quatro Pontes,4120853,Sistema individual,PEV fixo,Ativo,10/03/2022
1300029-000,2025,AM,Alvarães,1300029,ABREE,PEV fixo,Ativo,08/02/2019
3302908-002,2025,RJ,Miguel Pereira,3302908,ABREE,PEV fixo,Ativo,27/05/2020
5300108-059,2025,DF,BRASÍLIA,5300108,ABREE,PEV fixo,Ativo,27/03/2021
2203230-000,2025,PI,Currais,2203230,Green Eletron,PEV fixo,Ativo,04/03/2019
1502608-000,2025,PA,Colares,1502608,ABREE,PEV fixo,Ativo,15/11/2024
2201770-001,2025,PI,Boa Hora,2201770,ABREE,PEV fixo,Ativo,26/11/2025
3523701-000,2025,SP,  Itirapuã ,3523701,ABREE,PEV fixo,Ativo,19/06/2022
3509254-001,2025,SP,Cajati,3509254,Sistema individual,PEV fixo,Ativo,13/05/2025
3106200-166,2025,MG,Belo Horizonte,3106200,Green Eletron,PEV fixo,Ativo,22/05/2022
2908101-000,2025,BA,Cocos,2908101,Green Eletron,Ponto de consolidação,Inativo,12/06/2024
3202454-005,2025,ES,Ibatiba,3202454,Green Eletron,PEV fixo,Ativo,24/07/2024
3549904-001,2025,SP,SÃO JOSÉ DOS CAMPOS,3549904,ABREE,PEV fixo,Ativo,18/08/2020
3304508-011,2025,RJ,RIO DAS FLORES,3304508,Sistema individual,PEV fixo,Ativo,17/03/2022
2800308-005,2025,SE,Aracaju,2800308,Green Eletron,PEV fixo,Ativo,08/10/2019
3131604-000,2025,MG,  Iraí de Minas ,3131604,Green Eletron,PEV fixo,Ativo,17/08/2024
2611606-060,2025,PE,Recife,,Green Eletron,Ponto de consolidação,Ativo,28/04/2022
4310405-000,2025,RS,  Independência ,4310405,Green Eletron,PEV fixo,Ativo,17/03/2021
2511608-000,2025,PB,Pilões,2511608,Green Eletron,PEV fixo,Ativo,21/02/2021
1505601-002,2025,PA,Peixe-Boi,1505601,Green Eletron,PEV fixo,Ativo,14/04/2022
4304663-000,2025,RS,Capão do Leão,4304663,ABREE,Campanha itinerante,Ativo,14/09/2022
3522208-000,2025,SP,ITAPECERICA DA SERRA,3522208,ABREE,PEV fixo,Ativo,22/05/2020
3304557-002,2025,RJ,RIO DE JANEIRO,3304557,Green Eletron,PEV fixo,Ativo,01/01/2020
3106200-086,2025,MG,Belo Horizonte,3106200,ABREE,PEV fixo,Ativo,21/07/2020
2205201-000,2025,PI,Jaicós,2205201,ABREE,PEV fixo,Ativo,16/08/2024
3550308-110,2025,SP,São Paulo,3550308,Green Eletron,PEV fixo,Ativo,07/05/2020
3525201-002,2025,SP,Jarinu,3525201,Green Eletron,PEV fixo,Ativo,17/02/2020
3521903-000,2025,SP,ITAJOBI,3521903,Green Eletron,PEV fixo,Ativo,19/02/2019
3135001-000,2025,MG,Jaguaraçu,3135001,ABREE,PEV fixo,Ativo,24/12/2021
2401859-000,2025,RN,Caicara do Norte,2401859,ABREE,PEV fixo,Ativo,01/09/2025
4106902-003,2025,PR,CURITIBA,4106902,ABREE,PEV fixo,Ativo,21/05/2020
5300108-075,2025,DF,BRASÍLIA,5300108,Green Eletron,PEV fixo,Ativo,06/05/2022
3106200-241,2025,MG,Belo Horizonte,3106200,ABREE,PEV fixo,Ativo,20/09/2023
3551900-002,2025,SP,Severínia,3551900,ABREE,PEV fixo,Ativo,27/12/2022
2610103-002,2025,PE,Palmeirina,2610103,ABREE,PEV fixo,Ativo,19/11/2022
3304557-116,2025,RJ,Rio de Janeiro,3304557,ABREE,PEV fixo,Ativo,09/04/2022
5003504-000,2025,MS,DOURADINA,5003504,ABREE,PEV fixo,Ativo,22/11/2024
3550308-241,2025,SP,São Paulo,3550308,Sistema individual,PEV fixo,Ativo,24/11/2021
3536208-000,2025,SP,  Pariquera-Açu ,3536208,Sistema individual,PEV fixo,Ativo,13/11/2023
5204904-000,2025,GO,Campos Belos,5204904,Green Eletron,PEV fixo,Ativo,26/03/2023
1507755-000,2025,PA,Sapucaia,1507755,Green Eletron,PEV fixo,Ativo,16/08/2023
3515905-000,2025,SP,Floreal,3515905,ABREE,Campanha itinerante,Ativo,09/10/2020
4205407-042,2025,SC,Florianópolis,4205407,Green Eletron,Campanha itinerante,Ativo,20/02/2020
1721109-000,2025,TO,Tocantínia,1721109,ABREE,PEV fixo,Ativo,05/04/2023
3550308-226,2025,SP,São Paulo,3550308,ABREE,PEV fixo,Ativo,01/02/2021
3508306-000,2025,SP,Cabrália Paulista,3508306,Green Eletron,PEV fixo,Ativo,02/04/2020
4313441-000,2025,RS,Novo Tiradentes,4313441,Sistema individual,PEV fixo,Inativo,15/08/2024
2927408-142,2025,BA,SALVADOR,2927408,Green Eletron,PEV fixo,Ativo,01/05/2023
2307908-000,2025,CE,Martinópole,2307908,ABREE,PEV fixo,Ativo,09/06/2019
3534757-000,2025,SP,OUROESTE,3534757,Green Eletron,PEV fixo,Ativo,09/06/2023
3508900-001,2025,SP,Caiabu,3508900,ABREE,PEV fixo,Ativo,09/05/2025
3301405-009,2025,RJ,Conceicao de Macabu,3301405,ABREE,Ponto de consolidação,Ativo,12/09/2022
2605806-005,2025,PE,FREI MIGUELINHO,2605806,Green Eletron,PEV fixo,Ativo,15/06/2021
3205309-024,2025,ES,  Vitória ,3205309,ABREE,PEV fixo,Ativo,12/01/2023
1720499-000,2025,TO,São Valério,1720499,Green Eletron,PEV fixo,Ativo,17/02/2023
3550506-000,2025,SP,Sao Pedro do Turvo,3550506,ABREE,Ponto de consolidação,Ativo,01/01/2019
3305307-016,2025,RJ,São Sebastião do Alto,3305307,ABREE,PEV fixo,Ativo,08/02/2023
4123006-001,2025,PR,Salto do Lontra,4123006,ABREE,PEV fixo,Ativo,24/09/2022
3304755-002,2025,RJ,São Francisco de Itabapoana,3304755,Green Eletron,PEV fixo,Ativo,14/11/2023
2300705-004,2025,CE,ALTO SANTO,2300705,ABREE,PEV fixo,Ativo,08/01/2020
4309050-000,2025,RS,  Glorinha ,4309050,Green Eletron,PEV fixo,Ativo,23/06/2021
3532900-009,2025,SP,Nova Europa,3532900,Green Eletron,PEV fixo,Ativo,24/11/2020
4314902-162,2025,RS,PORTO ALEGRE,4314902,Green Eletron,Ponto de consolidação,Ativo,08/04/2024
3550308-326,2025,SP,Sao Paulo,3550308,ABREE,PEV fixo,Ativo,07/05/2023
5300108-015,2025,DF,Brasília,,ABREE,PEV fixo,Ativo,14/05/2019
3518859-000,2025,SP,GUATAPARÁ,3518859,Sistema individual,PEV fixo,Ativo,24/06/2025
3550308-052,2025,SP,São Paulo,3550308,Green Eletron,PEV fixo,Ativo,03/05/2019
5208707-000,2025,GO,GOIÂNIA,5208707,Green Eletron,PEV fixo,Ativo,01/12/2019
3551900-005,2025,SP,SEVERÍNIA,3551900,Green Eletron,PEV fixo,Ativo,10/08/2024
4205407-058,2025,SC,  Florianópolis ,4205407,ABREE,PEV fixo,Ativo,19/03/2021
3106200-057,2025,MG,Belo Horizonte,3106200,ABREE,PEV fixo,Ativo,06/09/2020
2905503-003,2025,BA,Caldeirão Grande,2905503,Green Eletron,PEV fixo,Ativo,10/09/2022
2304400-074,2025,CE,FORTALEZA,2304400,ABREE,PEV fixo,Ativo,28/08/2022
2605707-000,2025,PE,Floresta,2605707,ABREE,Campanha itinerante,Ativo,19/11/2021
5105903-000,2025,MT,Nobres,5105903,ABREE,PEV fixo,Ativo,16/03/2021
2408102-004,2025,RN,Natal,2408102,ABREE,PEV fixo,Ativo,04/06/2020
4209706-000,2025,SC,Lebon Regis,4209706,Green Eletron,PEV fixo,Ativo,02/10/2020
3304557-072,2025,RJ,Rio de Janeiro,3304557,Green Eletron,PEV fixo,Ativo,24/09/2021
2300705-006,2025,CE,Alto Santo,2300705,ABREE,PEV fixo,Inativo,18/09/2021
1508084-000,2025,PA,Tucuma,1508084,ABREE,PEV fixo,Ativo,13/01/2019
1501204-010,2025,PA,Baiao,1501204,ABREE,PEV fixo,Ativo,14/11/2022
2601201-000,2025,PE,ARCOVERDE,2601201,Green Eletron,Ponto de consolidação,Ativo,04/04/2020
3202454-007,2025,ES,Ibatiba,3202454,ABREE,PEV fixo,Ativo,18/05/2025
2310001-001,2025,CE,Palhano,2310001,Green Eletron,PEV fixo,Ativo,18/05/2022
3205309-021,2025,ES,Vitória,3205309,Green Eletron,PEV fixo,Ativo,04/09/2023
2605806-003,2025,PE,FREI MIGUELINHO,2605806,ABREE,PEV fixo,Inativo,03/06/2020
1718758-000,2025,TO,RIO SONO,1718758,ABREE,PEV fixo,Ativo,16/04/2023
4321709-000,2025,RS,TRÊS COROAS,4321709,ABREE,PEV fixo,Inativo,11/06/2020
3302858-002,2025,RJ,MESQUITA,3302858,ABREE,PEV fixo,Ativo,22/10/2022
2304251-004,2025,CE,Cruz,2304251,Green Eletron,PEV fixo,Ativo,12/01/2020
3106200-071,2025,MG,BELO HORIZONTE,3106200,ABREE,PEV fixo,Ativo,09/01/2020
2412005-000,2025,RN,São Gonçalo do Amarante,2412005,ABREE,PEV fixo,Ativo,18/03/2022
2414456-000,2025,RN,Triunfo Potiguar,2414456,ABREE,Ponto de consolidação,Ativo,23/10/2020
2911857-000,2025,BA,Heliópolis,2911857,ABREE,PEV fixo,Ativo,25/08/2025
5100300-001,2025,MT,Alto Araguaia,5100300,Green Eletron,PEV fixo,Ativo,21/12/2023
3136959-000,2025,MG,Juvenília,3136959,Green Eletron,Campanha itinerante,Ativo,08/10/2021
1508357-000,2025,PA,Vitória do Xingu,1508357,ABREE,PEV fixo,Ativo,10/03/2023
3205309-023,2025,ES,  Vitória ,3205309,ABREE,PEV fixo,Ativo,02/10/2023
3304557-158,2025,RJ,RIO DE JANEIRO,3304557,ABREE,PEV fixo,Inativo,18/03/2023
4314902-122,2025,RS,Porto Alegre,4314902,ABREE,PEV fixo,Ativo,13/09/2022
4106902-012,2025,PR,CURITIBA,4106902,Green Eletron,PEV fixo,Ativo,23/03/2020
2906899-000,2025,BA,Caraíbas,2906899,Green Eletron,PEV fixo,Ativo,01/06/2025
5300108-061,2025,DF,BRASÍLIA,5300108,ABREE,PEV fixo,Ativo,21/06/2021
5003108-000,2025,MS,Corguinho,5003108,Green Eletron,PEV fixo,Ativo,20/01/2025
3304151-001,2025,RJ,Quissamã,3304151,Green Eletron,PEV fixo,Ativo,09/09/2020
3113800-000,2025,MG,Carmesia,3113800,Green Eletron,PEV fixo,Ativo,10/02/2019
3160900-000,2025,MG,São Brás do Suaçuí,3160900,ABREE,PEV fixo,Ativo,19/11/2020
4106902-006,2025,PR,Curitiba,4106902,ABREE,Campanha itinerante,Ativo,14/06/2020
2927408-134,2025,BA,  Salvador ,2927408,Sistema individual,Campanha itinerante,Ativo,20/05/2023
3551405-001,2025,SP,Serra Azul,3551405,ABREE,PEV fixo,Ativo,19/12/2023
5213806-000,2025,GO,Morrinhos,5213806,ABREE,PEV fixo,Ativo,11/05/2025
1400175-000,2025,RR,Canta,1400175,ABREE,PEV fixo,Ativo,22/03/2022
3538808-018,2025,SP,Piraju,3538808,ABREE,PEV fixo,Ativo,22/04/2021
4306130-000,2025,RS,Cruzaltense,4306130,ABREE,PEV fixo,Ativo,08/08/2021
3550308-323,2025,SP,São Paulo,3550308,Green Eletron,PEV fixo,Ativo,11/02/2023
3551900-004,2025,SP,Severínia,3551900,ABREE,PEV fixo,Ativo,26/05/2023
1504406-000,2025,PA,Marapanim,1504406,ABREE,PEV fixo,Ativo,23/10/2019
